"","1-Methyladenosine","1-Methylnicotinamide","1/3-Methylhistidine","2'-Deoxycytidine","2-Aminoadipate","2-Aminoisobutyric Acid","2-Hydroxyglutarate","2-Hydroxyisobutyrate/2-Hydroxybutyrate","2-Hydroxyphenylacetate","2-isoPropylmalic Acid","3-(4-Hydroxyphenyl)Propionate","3-Aminoisobutyrate","3-Hydroxyisovaleric Acid","3-Hydroxypropionic Acid","3-Methyl-3-Hydroxyglutaric Acid","3HBA","4-Guanidinobutanoate","4-Hydroxybenzoic Acid","4-Pyridoxic Acid","5'-Methylthioadenosine","5-Methylcytidine","5,6-Dihydrouracil","6-Methyladenosine","7-Methylguanine","Acetylcarnitine","Acetylcholine","Adenine","Adenosine","Adenylosuccinate","Adipic Acid / 3-Methylglutaric Acid","ADP","Agmatine","Alanine","Allantoin","Alpha-Ketoglutaric Acid","Aminolevulinate","AMP","Anthranilic Acid","Arabitol/Xylitol","Arginine","Argininosuccinate","Asparagine","Aspartic Acid","Azelaic Acid","betaAlanine","Betaine","Biopterin","Cadaverine","cAMP","Carnitine","Carnosine","cGMP","Cholecalciferol","Cholesteryl Sulfate","Choline","Citraconic Acid","Citrulline","Creatine","Cystathionine","Cysteinyl-Glycine (Cys-Gly)","Cystine","Cytidine","D-Leucic Acid","DCDP","Deoxycarnitine","Deoxyguanosine","DHAP/D-GA3P","Dimethylarginine (A/SDMA)","Dimethylglycine","Ergocalciferol","Erythrose-4-Phosphate","Ethanolamine","FAD","Fructose","G1P/F1P/F6P","G6P","gamma-Aminobutyrate","Glucoronate","Glucosamine","Glucose","Glutamic acid","Glutamine","Glutaric Acid","Glyceraldehyde","Glycerol-3-P","Glycerophosphocholine","Glycine","GMP","Guanine","Guanosine","Histamine","Histidine","Homoarginine","Homocitrulline","Hydrocinnamic Acid","Hypotaurine","Hypoxanthine","Imidazoleacetic Acid","IMP","Indole-2-Carboxylic Acid","Indole-3-Carboxylic Acid","Inosine","iso-Leucine /allo-isoLeucine","isoValeric Acid /3-Oxobutanoic Acid/4-Oxobutanoic Acid","Kynurenic Acid","L-2-Aminobutyric Acid","L-Kynurenine","Lactate","Lactose/Trehalose","Leucine /D-Norleucine","Linoleic Acid","Linolenic Acid","Lysine","Maleic Acid","Margaric Acid","Methionine","Myristic Acid","N-Ac-Alanine","N-Ac-Arginine","N-Ac-L-Glutamine","N-Ac-Phenylalanine","N-Acetyl-Aspartate (NAA)","N-AcetylGlycine","n-Glycylproline","N2,N2-Dimethylguanosine","N6-Acetyl-Lysine","N6-Trimethyllysine","NAD","NADH","Neopterin","Niacinamide","Nicotinic Acid","o-Phosphoethanolamine","Ornithine","Orotate","Oxalacetate","Oxidized Glutathione","Palmitic Acid","Pantothenate","PEP","Phenylacetic Acid","Phenylalanine","Phosphorylcholine","Phosphoserine","Phosphotyrosine","Pipecolate","Proline","Pseudouridine","Putrescine","Pyridoxamine","Pyroglutamic Acid","Pyruvate","Reduced Glutathione","Retinol","Riboflavin","Ribose-5-P","Ribulose 5-Phosphate","S-Adenosylmethionine (SAM)","S-Methylcysteine","SAH","Sarcosine","Sedoheptulose 7-Phosphate","Serine","Sorbitol","Spermidine","Suberic Acid","Succinate","Succinylcarnitine","Sucrose","Taurine","Thiamine","Threonine","Trigonelline","Tryptophan","Tyrosine","UDP-GlcNAc","UDP-Glucose","UMP","Uracil","Urate","Uridine","Valine","Xanthine","Xanthosine","Xanthurenic Acid"
"1-Methyladenosine",0,7.70384637087272e-89,6.48073790659665e-49,0.777240398073047,2.14973495459921e-06,3.31928044557412e-59,1.18780227947797e-35,9.77015911703799e-07,1.17217522782046e-17,8.00185650353536e-33,5.11103481251909e-57,4.37629843230222e-34,8.25373811855724e-41,3.84611579054664e-30,0.676757856579045,5.63656268149709e-39,1.25955070365986e-67,4.24821456835473e-07,1.04701689519861e-17,0.00318211779054815,1.35461405390158e-11,0.00310114617732393,0.00406844527086771,4.68499056198351e-14,1.0220463602665e-11,0.208269625335783,1.6758469167046e-11,4.1541953156863e-13,3.00570479486102e-57,4.81510957619185e-07,0.171150880113874,0.981365365062955,5.54880760310264e-83,3.23601677728978e-30,5.9696853694207e-22,0.0420352299133056,0.671030703695789,0.000159906013046637,0.00528644743600148,4.96634022264695e-73,0.377607784658533,1.71587504101575e-53,9.28420136584606e-09,6.70991171626237e-10,4.41032885422572e-39,1.35949426570669e-41,1.14830116570916e-108,2.40326308607968e-81,2.06411692227811e-25,7.31156848015307e-21,0.000206441719624686,3.99734233745287e-28,3.50030745090599e-13,2.03211309797726e-06,7.01809188981131e-49,9.8656221508469e-46,1.22557813966791e-47,0.0002680691336879,0.0102445671543287,3.25683076644092e-18,1.48545367212619e-48,0.957875401955738,3.05202506573801e-10,1.48177296302922e-10,2.41040141844894e-56,1.51834226687223e-06,1.80655354068168e-65,0.00492107382875542,9.70177759841705e-19,5.19708731779448e-50,1.37634987548723e-48,1.0576243532779e-05,1.2510350629686e-53,8.69889229587493e-25,3.56087608188181e-50,2.99325777742331e-48,1.33370916627178e-23,2.86683269573289e-34,3.76468461791683e-49,1.32372109723941e-61,1.22269176671208e-08,2.77026357557334e-24,2.39142507056525e-16,1.64687619709286e-54,9.40793897308951e-27,2.15622215561831e-27,0.00360615006265358,4.62268522781261e-14,0.00398782458927065,9.99802849149274e-11,5.88743310470858e-13,8.61796117285445e-24,1.56793394729201e-45,2.64351894777515e-32,9.76468348535568e-30,2.71600779298617e-19,3.67695296049619e-13,1.35891724313526e-60,1.27993035077023e-08,4.76071935608613e-91,1.6720637015478e-95,2.40257342563032e-11,9.43990530968115e-18,1.48952014813982e-34,1.05305089687901e-25,4.34085582040308e-32,8.34861341588654e-77,0.252905144563353,0.712274951940616,8.81424330997447e-11,7.63160898859185e-56,5.35501899308582e-55,5.01463987780351e-40,5.80078101591394e-32,1.15723238143677e-18,9.91047306825431e-49,1.61831280626759e-46,1.02682277680416e-44,1.61330415536336e-06,4.26786679053685e-10,2.12206779482127e-64,0.215579092725846,0.0511970263438233,4.23497489389268e-17,0.0702928856660576,1.78538395927221e-45,4.31201209868563e-76,0.710987927299703,1.24780900380009e-21,1.22474116048433e-81,6.01958293128786e-05,0.0055019144479529,5.28514251185193e-06,0.499332508789076,0.00280679208955731,8.50693425494644e-82,0.576095327281738,1.31237094487818e-101,3.18829397300905e-25,1.31250890636997e-55,1.51197194761816e-52,4.71716862784596e-06,0.0647639545142845,3.51417860854116e-05,8.30769932078464e-07,0.00340595266541696,5.79691859663873e-28,3.16750836371443e-31,1.86621085735855e-33,4.45292257819758e-73,1.78775868838403e-20,3.74227452638408e-21,8.74900184378915e-15,4.87912561221053e-40,1.24705559230671e-33,1.35989182876201e-36,3.60280365484991e-68,1.95741581251205e-36,2.61963573332567e-71,4.98502813425818e-34,1.12478438495039e-32,1.74137773945495e-41,0.000117814034031335,3.6069400947258e-25,1.83754765230982e-16,1.9793456232418e-07,0.159163903886661,2.14935763680246e-29,0.108003735930209,2.0151841154411e-74,2.7774940962401e-14,1.75175804801697e-15,0.0115299623644534,0.303894905611262,1.64285893149936e-70,1.65693471132249e-21,2.89593984796765e-41,0.493870923320284,5.1177358078373e-14,4.28402656670287e-83,3.48713102889427e-38,0.00489898570648009,4.86001088679702e-43,4.54982353793334e-05,0.855721600966398
"1-Methylnicotinamide",7.70384637087272e-89,0,3.72939065525471e-91,0.00729224285934564,0.0116217476302755,2.21595181209546e-41,9.12617139513238e-38,4.96223905054789e-15,8.33595281337826e-36,6.57009410339977e-45,5.43490242961656e-91,1.33355681462192e-20,1.26949443204727e-77,5.84168717456608e-28,0.0397314462436712,6.04065801236809e-64,8.46885973240626e-60,5.74077512286002e-07,2.12432652089122e-09,0.321941093698711,0.00281438143468656,1.07992897581672e-07,5.19113838132236e-06,6.42649321644809e-06,4.24703541411752e-10,0.985824696587628,5.34629987963827e-22,3.46067571170361e-24,3.22835193081269e-42,5.53685782470063e-17,0.142530954119177,0.00705236077494381,1.33510998440821e-71,8.2764903541103e-41,2.17974744634987e-40,0.000129100559911249,0.225108021815085,0.0332630010020293,1.61616303391478e-06,5.13943802455627e-118,0.0140419760664825,4.45261219982666e-60,2.38530411755591e-19,6.55910892604546e-22,3.68174923306279e-27,1.19144132428437e-75,5.9573469556452e-110,5.78524517379149e-206,1.76506284118628e-37,2.19780276017807e-30,0.218492372602217,1.3981968675864e-39,6.16405066416214e-29,1.63921944366292e-12,1.19515365490321e-88,3.18302988137028e-77,1.00669418393291e-49,8.23593438270214e-12,2.74555347492552e-06,1.12153353592863e-34,4.86640532217892e-29,0.0404563932781258,7.35382541573238e-24,3.55572599462332e-16,3.42726210185198e-51,1.58315606152777e-09,1.01795663844705e-53,2.32476827592726e-08,4.96949950063699e-14,1.60309700336358e-84,4.42745773076038e-72,1.58874778004923e-10,4.21782034129012e-58,1.362436628051e-22,3.72638940972718e-71,2.11713864164778e-66,1.16297849283093e-27,3.72229305428372e-19,2.2679870118523e-74,3.55016701902937e-82,3.07778224792183e-05,1.27550651815087e-16,2.17036595824305e-33,5.13949182251182e-84,1.38317702162761e-24,1.4046147633647e-28,0.368070257974427,1.34862007964848e-06,0.000156164734323275,1.206214169276e-07,4.68170894826222e-28,3.43241606691749e-29,1.79746306963403e-70,2.32179911596691e-34,3.72796414799491e-57,6.63356284777299e-12,1.05650849346717e-20,2.22758896828173e-72,0.00297163434467798,1.38512574998604e-96,6.85914098574946e-106,4.05733611270427e-07,2.47049181713637e-20,1.03934007017853e-22,2.88068040132876e-43,8.70581211498329e-49,5.0458778896143e-79,0.67927285723367,0.566637554945604,1.01796286047857e-12,1.34991966028539e-63,1.42343886684039e-38,9.23822792498504e-29,4.82460228160065e-61,2.41468503918795e-34,2.2733948262573e-67,7.31175943362529e-30,1.02800936524169e-31,0.00210064002140637,2.93231745958197e-13,4.8597669052137e-45,0.0478019254020255,7.47149407181234e-07,3.64810680601108e-30,0.067112996176076,7.31562669641941e-66,2.29630428589157e-70,0.0405613641847462,7.13096230005115e-12,1.73559132492933e-42,6.58252408213216e-11,9.5549083709534e-05,0.0340511268216558,0.123010990434332,0.000292949645267904,3.77119686227105e-216,0.0207871392500628,3.7218816489457e-139,1.58972243966579e-22,5.98878522628944e-98,1.57830789299178e-106,1.38613346972908e-08,0.763335774933541,0.156649483116116,7.11911834579421e-14,0.0321566538987789,3.09716752091253e-24,3.08288046596705e-29,7.91926927247855e-36,1.70494320341059e-107,3.5190395108345e-19,2.01238413568945e-40,2.40381921487983e-06,2.59794443333353e-74,1.29558652272315e-34,1.45021228857393e-49,5.21247160064196e-57,2.65980688153312e-70,1.46999945298591e-81,7.22280004336343e-60,8.0419097007229e-40,1.1238646518696e-60,5.84182122057273e-07,5.00048479621529e-12,3.88340293371538e-29,1.02153559073311e-17,0.867952919558571,2.84598361267416e-59,0.000102670878732404,1.39226638933619e-96,5.19722280352349e-22,1.62005475144494e-14,1.97043628013778e-06,0.256813269613843,7.9167195659448e-87,3.10060279256217e-41,1.31899729380261e-31,0.302628254971685,7.73161425266111e-07,6.8944774140093e-127,9.96858629082947e-58,0.0237471315864916,5.72290179455831e-60,0.0079326474602438,0.0301073318228897
"1/3-Methylhistidine",6.48073790659665e-49,3.72939065525471e-91,0,5.17566758636991e-07,0.487637421781321,2.70111394201914e-21,1.38445018820445e-21,3.85815244563797e-26,9.89665362973975e-64,1.8403039912724e-37,9.76851329054716e-98,1.48028240353818e-08,3.65437862917151e-112,3.41251981403909e-24,0.000295513683711384,1.03393192708554e-80,1.25214481453604e-45,5.34097298041171e-07,0.00409397361333798,0.525628537311642,0.511239151106035,1.06044508569531e-15,5.11020484074022e-13,0.00829797703719526,1.60901552672951e-13,0.00475949974103333,4.10846579553092e-35,5.27202128104603e-36,2.33770348320116e-27,1.63476028386282e-33,9.69462093883786e-07,1.22445849256639e-08,6.11152439603967e-39,2.87655379837409e-38,5.39590621954954e-69,1.98819628386603e-06,9.66450868884704e-05,0.0213013478979075,1.12402974947187e-13,4.19384011618244e-94,3.74042906023233e-07,1.58887778183087e-61,2.80724309954848e-37,2.8243037383936e-41,8.03312444227424e-21,8.94715475053897e-105,1.76166298880878e-68,1.92679182954793e-100,3.5760032370875e-51,1.60641265921727e-31,0.0168864634849706,1.39045273113065e-49,2.56863773931199e-54,1.64430629482137e-25,2.98242930828374e-138,9.12368124327204e-82,8.03225571360294e-36,9.54007865746464e-24,6.39754057542199e-08,4.53032425854705e-52,6.06584264642122e-13,0.0584851225485728,1.14062849693852e-44,5.24189928908766e-17,2.87626630439978e-42,1.55219411597462e-13,3.04007906010739e-27,1.34915289352511e-12,1.41145705925866e-09,6.64279788016203e-91,1.29413074956325e-77,3.44054834204286e-20,8.54450890630345e-37,5.21905455657951e-22,1.17947136239488e-69,7.26473371642692e-66,2.66766436516698e-25,2.3904012352844e-09,1.0745265795674e-102,1.29055371883703e-79,0.16755179106563,8.59620469506844e-15,4.71313823115701e-58,1.70763924599146e-104,1.55270266572238e-12,1.09291362914368e-20,0.350655022075258,0.214602799001439,5.85503804559844e-07,7.4772074523057e-06,7.44508513053255e-45,1.5922343514334e-31,7.63047712396861e-74,4.88162544891059e-20,5.89643593440736e-92,3.70659068380281e-05,5.14570368417401e-30,2.14718369499105e-66,0.46211849390743,8.28307943421002e-60,8.56266970886614e-62,0.0391018450833248,1.33823059980395e-17,3.26372741638551e-11,1.31996859884987e-49,7.24337918371222e-56,3.59635333833882e-53,0.00659402122162944,0.342193205508902,1.31882017403455e-11,7.57140475470968e-45,1.7585199869467e-20,6.18067751259454e-18,1.81502034497777e-98,2.98185417937834e-47,9.30730418501377e-61,1.09158327359084e-17,1.65080878532626e-16,0.0102261707589285,5.57099272866328e-18,4.52216881366631e-30,8.87009649065149e-07,1.36371251280167e-14,1.29834052927575e-42,1.71386571641939e-06,2.61025949001783e-62,1.51162234428273e-47,1.29809067648896e-07,0.000466900347129149,1.45404468460882e-24,6.3053500414638e-18,1.30790474968631e-05,0.540578803857183,0.00404809371228259,0.000180818483944199,6.57203775207246e-99,6.5528585488374e-05,1.6280488164863e-73,1.8372175640794e-19,3.69238482987394e-114,1.47811132304033e-119,2.07632472852433e-07,0.00866003324967301,0.284308166649672,1.11235947239869e-25,0.602410589604097,1.0278174431199e-14,4.74987424161982e-20,1.66830713010351e-32,1.19724727945736e-91,7.19033672927368e-14,2.78472167288676e-72,0.204721329734602,5.04233812457893e-96,2.5625717742937e-27,1.79395509107423e-47,3.95565066111434e-32,1.39380902055e-97,9.40973794757394e-50,7.36285844277392e-71,4.0646146962283e-51,1.8738911020928e-68,3.72194532183657e-06,5.88111289398179e-05,6.96384719674408e-47,5.43360973138179e-35,0.0213120429611107,5.29634580209877e-99,4.35308651816675e-08,1.15767593631659e-71,6.56284753735743e-26,7.19343927166699e-13,8.18879792299414e-11,0.00803173659562605,3.62472959511012e-55,1.96718249507176e-67,1.33729506898643e-18,0.240467042416182,0.0180071417635128,4.7841494882691e-97,5.72423572308973e-55,0.0904931433613265,2.51342018563175e-64,0.0936123272190336,4.12842394039139e-05
"2'-Deoxycytidine",0.777240398073047,0.00729224285934564,5.17566758636991e-07,0,3.59382739705112e-09,0.0951675646334134,0.19907956770838,1.02938600724801e-08,1.47264410888319e-22,2.06316297600466e-06,1.82418753217081e-05,7.01911642408589e-05,1.77993865561509e-09,0.257111794510433,8.48802197930077e-08,3.62170712600871e-08,0.874466904976725,0.0844062766509834,1.07358139520618e-10,1.81965823491486e-08,1.16989059266681e-12,5.58335594745902e-09,4.82530526614571e-07,7.16865165663144e-05,0.577596418709002,4.99593758018993e-12,6.10104498940241e-11,1.09944609207154e-12,0.520092456230382,5.59721113454673e-30,1.02349289938638e-24,8.84059089134427e-16,0.931595155956832,1.52664139384219e-07,2.6347973476902e-15,2.27010756085234e-08,6.21863147545363e-05,6.36273164123783e-08,3.59820180114965e-12,0.000113941827812141,2.57864588016114e-28,0.00746133598151321,7.67454826067871e-23,1.16603322565196e-28,0.0175591487642886,9.77867024227575e-10,0.0496766070546666,0.00175349366164301,7.3495760551271e-10,0.00222938935824557,7.78583659718778e-24,2.48787533890859e-08,4.55758340545083e-26,2.63656646498127e-22,7.91412748119553e-08,1.697005052245e-08,0.0399901732949666,1.8423725896561e-30,1.77940067743698e-12,8.96165129985174e-13,8.06092839526259e-05,8.83486302264014e-22,1.59891451318065e-23,0.000628312701807365,0.946663292152659,0.164144164569299,0.0574268481569468,2.19721957437995e-15,0.00361995243558279,5.26416010920765e-09,1.13547555726021e-05,1.34520232930686e-09,0.780937341353302,0.298952057897352,9.31136923319861e-05,0.000126287075397772,1.82361406726454e-05,8.14522583877347e-11,1.90344095155979e-07,0.000176201702371116,0.0133498078490036,0.0437365952202808,3.97951830548087e-24,1.08904872431207e-06,0.635970798397801,0.754614116342492,1.17799370112883e-15,2.19529568292086e-10,0.539866437906552,2.57834803956162e-08,1.58520306305782e-23,8.8798797511566e-05,0.000104828862100011,0.427257448971195,2.10104061535126e-14,0.00938425126517665,1.29190359345556e-05,0.0845758740853004,3.55508764177565e-11,0.100639806853642,0.120390839092237,0.0067838862308001,0.890240695102154,0.14402741725778,1.10133320018107e-06,0.000280527609357423,0.198728806418189,5.65070295398993e-07,0.958043064946846,0.000692606334246745,0.0472912181589271,0.0189950071614037,0.0181567681879587,3.31820862231236e-14,1.69664097565538e-13,1.68290082529405e-05,0.000540239018420274,0.0437502922763148,7.62938747854934e-05,4.17934313188294e-06,0.0872858085616572,5.71220540850393e-22,3.57667483363162e-38,3.5030420244743e-21,2.24152673933855e-18,0.00303977264707298,0.864521380467307,1.56407894987605e-18,8.43172299912996e-12,0.000484470294433248,1.46582211682999e-07,5.87602266865432e-05,0.000109486028579454,4.01534527095249e-23,0.219325024503575,0.00329951791771061,1.2646153778466e-05,0.0787337012059686,0.307567269779514,2.11866074556386e-06,1.82037253010022e-06,5.6488592836976e-06,3.62318163328407e-08,1.63112814510617e-06,1.00242244299734e-13,0.117095893230671,0.150113545273313,0.15179882632319,0.230759212047689,0.00514157897612449,0.0129122003878714,9.70374170211082e-19,4.260981476642e-22,3.43186499957336e-12,0.0661653683700833,2.83819807279947e-07,0.433053749554796,3.12329803116979e-11,0.967057238007614,6.51076153403988e-11,0.000653249070390995,5.51772496596315e-08,0.0221787104616744,9.12500540507412e-13,1.20441821486377e-18,3.64379674246048e-30,0.000117127740327136,2.31908599414007e-14,3.13372876452542e-19,0.00170311480690443,2.95910258026283e-12,0.568658326268902,7.30276056616261e-15,9.95392356492211e-20,0.59200208054384,7.32462057461447e-17,0.465732907911531,0.0855934949483212,3.45733419808881e-11,0.00555576403238087,4.69033413094768e-11,0.000219647990802634,0.00416444209989688,1.58193586990206e-13,3.88825886754905e-06
"2-Aminoadipate",2.14973495459921e-06,0.0116217476302755,0.487637421781321,3.59382739705112e-09,0,5.62342349861029e-08,2.37143604790551e-07,0.68730496991846,0.0276144421522789,0.535861041487898,0.295476152305649,2.26127850468165e-10,0.63449825248517,0.00175721100339045,0.00485869579069905,0.848290515224998,3.82053339473784e-05,0.108882822988372,3.19549122359496e-05,0.0174386331936969,2.07897867169351e-27,3.2691794352488e-05,0.000559516036057866,1.28285951706426e-13,0.18068793609279,5.90761584076861e-07,0.0239412490762367,0.069128536791333,8.40061681164357e-06,0.00246121438011889,2.38816490043211e-12,3.12382099554865e-07,3.80777548672216e-05,0.967356024970292,0.477023066040338,0.563970150563237,0.000315804201340786,0.000217087404891502,0.260755636194057,0.0462965684467037,3.11311182652986e-06,0.0396036666111556,0.0826850123907717,0.00840583548151599,8.23091333229078e-06,0.866203399698976,0.000623255712961171,0.0248964965889614,0.863880332602929,0.0096050737652679,7.43907641996484e-08,0.963376405279486,0.00304011353211532,0.00259202159968214,0.772204560989029,0.218069171370714,2.61538712631454e-07,0.00261894997609991,0.519249694344332,0.0848008733292887,1.81570679150452e-14,1.62524142346907e-06,0.00377546773060838,0.254472479090909,0.000138443422549497,0.00544595832178474,7.46226771568811e-07,2.12083210627422e-17,0.000325082328183435,0.117056474600971,0.591032108477659,3.02437398623203e-05,0.174936919563048,0.00561343633528605,0.443154131415715,0.443396435936409,0.803556765626979,8.96790766650556e-15,0.0510737309803137,0.000820590236298929,0.024192143318979,0.000309480720181288,0.106780125373023,0.0327165717293932,0.000278716462846807,5.31363195740796e-08,4.11110531516401e-10,5.2494890228773e-09,0.00194048037852784,0.000288149833652258,0.000909534016864697,0.00122012126281275,0.760736560964446,0.00180410511604939,0.819794618508906,1.53944767868477e-13,0.0313067541547541,0.00514566077045502,1.42779574238025e-09,0.00195197407241904,0.00295480846179507,1.80081255584987e-06,0.960169087423773,5.58364943621049e-07,0.0586689529048878,0.231212025569623,0.00081680806176776,6.64445023643093e-07,2.95043408067971e-10,0.000420241321827982,0.154838280704187,4.39639913895253e-05,0.00322486129498575,0.55638380792731,0.119806916932447,0.0351487173437404,2.12325587133794e-08,1.04834340093227e-06,0.175755081665526,0.955369331184003,4.04695709522778e-10,1.40124188136029e-06,6.16212801212171e-06,0.251952479960957,9.68040103646181e-18,0.907014307174104,6.73393954196157e-05,2.81426768818212e-07,4.71681981022351e-06,4.87262361504164e-10,0.125248768359171,0.389457436342451,0.0012879047147578,0.0102886665574654,0.906031249503706,0.0124802192466811,0.000888918049569043,0.00222781930411104,0.00493566540296576,0.18767796234863,0.504522261284139,0.0937041704800689,9.26733175687605e-05,1.46964666257445e-11,0.201506304059842,0.00361365727821572,1.25600972386012e-10,0.000132043791698759,0.0524259491616877,0.0140903304790689,3.88169255469915e-05,0.382952473222053,1.88477165479239e-12,0.75974742378276,0.0732292244420729,0.911331258896279,6.29463777609852e-06,0.597052219410668,2.83531763007996e-05,0.358554521984469,0.183722312631251,0.449099100144079,0.0288172593234994,2.36562709097013e-20,0.0884875643655283,0.00218124764297997,0.870544388984796,0.581906725030545,0.00840923953181464,0.0364764390673045,0.46185593788769,0.545306206697104,0.31003707617299,0.0947769728816396,0.000210919642324528,0.272853869054172,8.64715124572501e-05,7.78223651232868e-08,0.000160570633118361,0.0109414893834432,0.916389455053702,0.175586869382241,0.436112313692169,0.00061935807050085,3.32248113188242e-34
"2-Aminoisobutyric Acid",3.31928044557412e-59,2.21595181209546e-41,2.70111394201914e-21,0.0951675646334134,5.62342349861029e-08,0,1.16996432494018e-27,0.0680546617764274,3.43750501541375e-06,1.54872530966081e-33,2.43230060932177e-28,1.05813131258478e-103,1.10448092898154e-20,5.08061973392941e-26,0.00013986421475403,8.90306967323065e-21,1.0475066253126e-43,3.69415530546022e-05,2.91975027966394e-40,9.11522012484867e-05,1.01995184479087e-17,0.777240398073047,0.604807998789814,7.94995094905224e-22,2.52507013776907e-10,0.00100820856749581,0.00776081498092169,0.00512618977682862,2.85291474673979e-57,0.193587585673034,6.93494095685223e-08,0.000244636579970702,2.67838640856186e-103,1.22126639266465e-20,1.31989902090846e-06,0.3459166030354,9.68782878904802e-06,0.000261867908296784,0.0952155843619493,1.10504252046721e-35,0.00665406877135059,7.99578887948688e-26,0.175755081665526,0.0166408476624592,6.9434210486162e-21,1.25408638280379e-17,1.2386156741913e-46,1.70814222238975e-37,3.4135363904958e-14,2.46094245865609e-09,3.34172766221861e-13,9.04375417384291e-15,0.000390964484374026,0.338501957217176,1.84163642929378e-24,1.84171463426029e-22,7.08545080629076e-46,0.748634297666265,0.985107944163559,1.55279736621059e-08,5.15275323299725e-58,0.675058893778012,0.00832086567946428,0.000533361152759709,7.00643995348684e-37,0.00130327949750966,3.98091806623028e-79,0.140528188421166,2.84726277563697e-22,4.81633912737119e-29,2.17692919931056e-31,0.0265465771415961,3.8685301813038e-51,4.27510901963138e-18,1.59983277720532e-34,5.6804074982261e-34,4.70512781668534e-13,1.81493249108982e-43,2.4951921906249e-23,3.10622972819894e-32,9.56873887049254e-11,4.8939468908797e-13,9.8670729084446e-06,1.34837801672637e-25,1.10285609085971e-45,1.7968038990812e-19,0.000155832912769626,6.71824618839544e-34,0.0699215335683174,4.803371912809e-11,8.62969135134775e-06,1.02122953117424e-09,8.66857186428959e-25,3.35713477717872e-45,2.40616955138086e-12,1.55739217904908e-31,1.53142252986763e-07,1.36536571676744e-26,5.32374629848682e-23,1.84161063317869e-51,3.32642455192839e-51,2.15964357847197e-16,9.19980183035699e-18,7.45268883408758e-49,3.93536855310548e-15,1.61861140892493e-21,2.99796978909342e-63,0.000603341627420583,0.403663271953975,3.65067418100394e-05,4.95334555165383e-42,1.18775362916399e-62,6.39369167606312e-38,5.33775017156832e-13,8.25348204993462e-11,1.60337290165609e-22,5.21872778544804e-59,4.58456579670195e-82,1.33285867214189e-10,0.0714443139566408,8.78177814459935e-31,1.39709534614424e-06,0.433767322057896,2.48129628244679e-06,3.52681719106971e-06,1.15300723951545e-25,8.00193500671957e-50,2.17055313369707e-05,8.81226090870604e-44,1.04026717317651e-57,0.228533905460707,0.000404427843113749,3.71622171794377e-08,0.00281783854713488,0.329248059932971,1.10415595177875e-37,0.795350755540774,6.92078427752455e-51,3.43318649804361e-24,3.69918796644638e-28,4.47811924159197e-24,0.0111236692363516,7.29768656712949e-06,5.67244941257702e-08,0.853422592167188,9.92940577098547e-09,4.38357863279632e-22,9.39841804993272e-37,2.72503387499892e-26,2.40455019957101e-28,3.74210783940659e-21,9.36125020695378e-08,2.48253065177054e-22,1.88910959795049e-21,1.35390878829041e-27,4.31240479376787e-27,6.40035935487045e-72,5.03805563199348e-16,3.18179724450254e-47,5.66184675047037e-14,2.32869150980749e-18,6.66027277146361e-24,0.000447403137120283,2.94902159176784e-38,1.94402002627906e-06,0.133276714921503,2.2595905261794e-07,1.76593636324455e-13,0.553532038169483,6.0932110942948e-46,0.000122159117381141,1.19899175480049e-17,0.483103443062811,0.00259749365457196,1.96179919744535e-46,2.33652199961356e-08,1.31307877488409e-52,0.513458859458085,5.81977775504516e-29,7.10499038811092e-34,2.09789790496117e-25,7.67967285529173e-05,2.05119922453146e-26,8.5917925303517e-07,0.0122800836991571
"2-Hydroxyglutarate",1.18780227947797e-35,9.12617139513238e-38,1.38445018820445e-21,0.19907956770838,2.37143604790551e-07,1.16996432494018e-27,0,6.05950095169517e-08,4.44029679375435e-12,7.34341203887691e-22,2.03320567660313e-20,5.52784032423541e-18,8.31740213489879e-19,2.99575937858851e-06,0.00946448627756023,1.50873864064943e-18,1.40234011872553e-15,0.12761522333703,3.24080235342774e-06,0.278849836941677,3.10449077125877e-05,0.121042595434858,0.240248189151068,0.00349921358247158,0.744155631520524,0.00383070288387052,8.08079907206265e-09,9.20601901881275e-15,8.32218927021819e-14,2.15735788126805e-06,0.240650096404699,0.568549625875733,1.32379475194628e-33,3.75445116303051e-18,2.30442447824116e-14,5.49021355814946e-12,0.585425560708273,0.020002845516111,0.00644479730475942,7.24507307100439e-32,0.0776927925683979,6.277013318488e-19,3.11649951287347e-07,4.56087264882959e-08,3.62557280055405e-13,3.45940083279882e-27,1.32845566230078e-38,1.65129752540623e-37,1.39250514766941e-07,1.09660969073452e-31,9.45903326175803e-08,3.71518933194781e-09,8.12899242585987e-09,1.22991690113051e-05,2.55114049092235e-19,2.8938657226949e-36,3.6123982032893e-30,1.71587936300711e-06,1.01971873087811e-14,5.16857485241096e-09,1.6302204318338e-36,3.90236166818606e-06,2.14564810210443e-07,5.68644263820073e-23,2.96619004557786e-12,0.362562613716205,4.20313133991151e-32,0.311840299842146,0.0132831999912971,2.39240982982362e-25,3.00224771685119e-15,0.302310861471672,2.76929438847491e-18,0.0170150906056384,1.24883714923408e-15,2.05509487184194e-14,1.19122780676329e-24,3.73195712679697e-12,1.55190480537717e-21,8.01344244111089e-27,1.53569741192469e-17,5.33541955273698e-07,5.81345889978781e-14,1.01346852580168e-24,1.54417550281077e-22,1.61926606241999e-42,0.059897759307872,8.31576135988509e-11,0.0047521737640497,0.00028369990883188,5.89882324208353e-08,1.34371532196374e-28,1.06041886080921e-18,9.40793897308951e-27,3.19868399730202e-20,1.2617960909328e-17,0.0155099487633372,1.14362827870962e-28,1.78605329264798e-12,7.95398490774621e-35,2.47969509283498e-37,2.07467820577805e-20,0.0010562372837346,5.20507593672035e-20,1.42004869565534e-12,1.13854466847875e-17,1.81351312379739e-27,5.38206802082071e-05,2.09599976062171e-08,4.2086992868406e-26,2.10361364099624e-18,2.16467091157742e-17,7.22720075667658e-11,7.11777667248363e-22,2.25436816009058e-07,2.79904966170794e-40,5.91368966054935e-11,1.10891984089096e-19,0.285407694087392,7.7893045287719e-13,6.22698563403553e-34,0.359202974856641,0.00188811390289508,1.06326049615621e-22,0.136705467688298,8.07727052233337e-15,5.2214541398129e-22,0.654101530963753,2.55092996333827e-10,1.19569652869216e-23,0.0431307023009737,0.255886711917086,0.636610945935203,6.98867513251801e-05,5.85514642304632e-09,2.06872083766031e-37,0.228047484827284,4.92304522337017e-34,8.9819165673741e-08,1.05287744475877e-23,6.25433891920927e-27,7.9187931632235e-23,0.841779409280307,0.000739314617527535,2.07861697398423e-06,0.352264462667177,3.28583727010231e-28,8.97435745649843e-27,2.60866280269815e-12,1.45332486334427e-36,1.19082830268841e-22,3.91776246047686e-12,2.48092889547169e-10,5.55739193536374e-25,1.77567545512987e-10,6.16914821926218e-13,1.84938948642788e-25,3.91649760071076e-29,6.63224423622054e-40,3.93597678115084e-37,1.43942424952215e-07,1.96361204503916e-15,6.2777984588231e-17,1.59931528260783e-08,3.3200088576586e-12,1.78140691156137e-06,0.0393587007402439,1.13820791242835e-21,2.00147719977745e-06,1.31332094301945e-24,8.63317721624822e-28,0.245843824747137,3.42275862244905e-11,3.08259806768577e-05,2.04253439954656e-36,4.97943558751413e-17,1.31634472066592e-28,4.69384562635944e-11,0.0492399207002857,6.29404695226068e-35,7.26700161590447e-25,0.0123399152776052,9.69853599683311e-14,0.119883428732031,0.0238999576891979
"2-Hydroxyisobutyrate/2-Hydroxybutyrate",9.77015911703799e-07,4.96223905054789e-15,3.85815244563797e-26,1.02938600724801e-08,0.68730496991846,0.0680546617764274,6.05950095169517e-08,0,1.62334327294075e-33,3.71594863368432e-05,9.15312518902992e-17,0.340546397981842,2.05837695457791e-24,1.10252950464634e-07,1.31472511822893e-09,7.80665699040056e-26,2.65025095653356e-08,3.38276703034955e-07,0.00232741992524809,0.59898244979641,5.44262579742171e-05,4.75789987698709e-16,6.61525530616787e-14,3.86669429119882e-05,0.0104969366237916,0.00646668998190746,1.48925473837545e-38,7.70710933638901e-33,0.0835680264860701,3.96771294857981e-32,9.21245910981408e-15,7.33159525037425e-17,3.29033247788756e-05,2.01632208405678e-07,2.39005513284566e-37,2.87988678209853e-13,2.79716667259249e-13,0.210213599300316,1.55390016572057e-21,4.43361267854901e-18,5.41675060700578e-13,4.21403559508812e-16,1.59186719344968e-28,1.44457769024245e-32,0.000681428211969601,1.6472423911897e-28,2.55521034227188e-10,5.30028097080983e-17,5.75134076561404e-13,3.32735901324087e-17,3.10745903824227e-07,5.87827385623167e-11,7.67333970548248e-35,1.70964339841735e-26,6.171480590557e-23,8.18120216290528e-26,1.58686933312531e-05,3.33204139550039e-30,3.16715874063503e-12,7.38359148814776e-23,0.0763193095716463,0.368782348414565,9.63283239387016e-39,3.06380477335343e-22,6.93865111225081e-08,3.03869983169336e-07,0.0037368006732185,8.76571465515623e-10,0.327059864912283,1.01483713750961e-17,2.48661532466776e-12,2.90810496758889e-10,4.35285255098172e-06,6.79502843541317e-05,1.7428718401521e-10,6.79040963736093e-10,3.2668230310527e-13,0.43318026499074,1.63545645424533e-22,1.6411081548553e-17,0.881580304340161,0.000689405095917943,4.5235590466167e-35,1.6542560959526e-22,0.253509511265789,2.50941671990638e-07,0.575820771352029,4.09349779297306e-06,0.000544383727752501,0.00165231027167232,4.11577118044254e-16,6.68555478470518e-15,2.6041592747648e-19,0.00233042921990108,1.25173483011894e-30,0.571544173157773,8.03880602558775e-09,7.73468711306046e-19,6.3634397037777e-09,1.4654088314927e-09,1.02194506377005e-09,0.000923052019117067,0.00017979632178971,0.977287247604306,4.94082437780832e-13,3.86852074559384e-21,4.99801099992477e-07,4.32770910467838e-09,0.0137696668820862,1.27897612304544e-07,5.07897562946519e-07,0.214729491692106,0.0178880799356052,1.8954165618158e-33,2.23025202049543e-21,6.4184797037126e-15,0.446387295029398,0.433053749554796,0.0478019254020255,6.07572882548171e-22,4.58177677265092e-07,1.00832430364745e-12,5.32170157643336e-16,3.79549492073561e-24,1.39937817635256e-19,6.81966360491135e-14,1.08956764644863e-08,2.31673524632395e-12,0.00556078871890952,0.0253061907007695,1.33014586753747e-26,0.424863678644357,1.62796107026379e-05,5.50864120744227e-09,9.95291706915884e-05,1.00926545483886e-16,7.86557591752313e-06,1.15430034082398e-12,0.0238005740813436,5.20781907222451e-21,1.2694775813812e-23,0.00200868472901852,2.13387394426348e-12,5.9921837887885e-08,1.17533533442107e-24,3.00925110804693e-06,8.31817525837058e-07,0.00293966087577337,1.43141323913302e-09,2.37540991646101e-18,0.00781010140459011,6.21462917640693e-33,0.00346437814519554,4.42528373083232e-23,0.000128341076285416,2.64239678053534e-08,0.000884883528640854,5.04671727150208e-28,1.17761730883177e-12,2.73801712763987e-28,1.60540771608879e-18,5.0529093392167e-15,0.00197827391809685,0.0225559530487991,2.10611599031856e-20,9.1888478391832e-33,1.77716375008444e-10,2.93635237577757e-30,4.01537281881037e-05,1.26193562817701e-10,9.2568455611099e-18,0.0666119105413791,1.75741106493499e-23,2.09337751107575e-09,5.91271235258383e-14,4.49298488347891e-35,0.00268878324732529,2.96206968971999e-06,0.000847812031618055,3.98234623157985e-18,9.27729280863737e-10,0.185020775380552,3.05152564548677e-11,0.528372205560071,2.27457909034885e-05
"2-Hydroxyphenylacetate",1.17217522782046e-17,8.33595281337826e-36,9.89665362973975e-64,1.47264410888319e-22,0.0276144421522789,3.43750501541375e-06,4.44029679375435e-12,1.62334327294075e-33,0,3.2252293183578e-22,1.50991910614425e-44,0.28543694654634,9.17683936108584e-71,1.16387517325812e-09,2.36644504223257e-11,2.38562727874806e-57,4.40682909227604e-18,0.00100466525651723,0.154788732167024,0.102206529808699,0.00349957406776816,7.52746208653083e-27,1.34616039641483e-13,0.305080270159812,3.99059861904774e-06,4.81485810365246e-08,1.67872205706548e-37,1.54498611311949e-46,1.69512060245382e-07,5.33948697956708e-81,4.15125956285021e-20,4.35335365193767e-25,7.13275405571468e-14,3.87348662973915e-23,7.78861349825173e-77,1.98309863883332e-11,3.03449156382178e-08,0.522918120937145,1.72294010182505e-26,2.15233230023939e-44,1.96295954651938e-19,6.74672608124355e-33,4.19334706658719e-58,3.31137336473114e-99,2.10088041668629e-07,3.52011545833731e-82,4.18249686386436e-29,1.53843021615995e-40,1.71226978971203e-40,3.37521755997352e-22,5.92569459280812e-10,1.61463837886805e-34,2.07560620366789e-134,2.6580181331687e-46,6.7890423800738e-59,3.82094961502953e-65,1.53005481605928e-15,1.10238797581232e-57,1.94554710013847e-18,8.8688736799051e-48,0.00164624454583497,1.21442340355253e-06,1.93791073209578e-101,5.65002409909428e-21,6.51315471075423e-18,4.32518330556278e-08,1.68375668757787e-08,1.27289984142356e-19,0.0651596559521892,3.91895225841892e-57,4.536178764446e-39,1.01449281037702e-18,1.17212694473435e-14,2.21653002963264e-07,3.99126775143717e-34,2.78553747320203e-32,9.6492975873982e-28,0.264202280932389,3.37227870463089e-56,4.07199372215166e-38,0.934121333344189,1.26652411912256e-05,2.00544037855834e-139,4.09490024711846e-53,2.4427687469306e-05,1.15720509772133e-13,6.50168193442417e-05,0.015208180304489,0.000960340940890172,0.295718193813767,1.42852602306002e-55,2.10534435530404e-24,9.96607261816417e-43,1.34402511222731e-10,1.27313573052698e-107,0.365039666035069,2.19293536792859e-18,7.30980492374733e-31,0.000116740402962976,6.02803859900612e-24,5.15997675775399e-24,0.7450945485476,4.32810751077636e-07,0.0112343554882966,3.81926510987636e-25,1.01759334469032e-35,1.64426626593249e-22,8.93949103869083e-08,0.634075628196048,3.00771868552043e-13,6.94178840997957e-17,0.000484460397515782,4.99101837095335e-06,4.409886819622e-99,2.47077290507082e-44,1.01275711941291e-41,0.00179922190768199,0.000427109777974556,0.891519271830541,8.62420159054296e-25,1.80608752831256e-12,1.86880011121636e-17,1.03743844567655e-43,1.10247242337861e-56,5.1681341910299e-15,2.05951991183918e-32,1.49160636025463e-19,3.09340862212634e-17,0.206402284554067,2.75971785039615e-06,2.8003337044769e-18,0.00117581654300996,0.0129047257381191,2.39719850423464e-12,7.15617303592233e-07,6.63062364405093e-39,2.381884323118e-05,1.35477870083971e-28,0.000108144371687018,2.25669711814311e-55,3.1450167510736e-57,5.64053617329419e-11,8.32338182983593e-11,1.75501829310266e-06,2.79037870719096e-38,0.191480344354179,1.25867751616158e-07,1.31198549896731e-07,1.16454715053686e-19,1.16852143898149e-41,9.5384315019406e-08,9.36031237640264e-84,0.00476424875343054,2.31538132502719e-79,2.42122996555064e-08,5.57460741929545e-31,1.16283308863745e-10,2.32076350496136e-74,1.20889997517636e-19,5.85817705048464e-67,8.11249123579358e-28,3.77502110116469e-43,2.63052153400058e-05,0.370653121097068,6.74093268644507e-56,5.81201765943513e-87,1.25578862165176e-05,1.02235289600256e-88,3.4601349507503e-20,5.71714883518572e-31,2.68833137942817e-35,0.000430216764179847,4.66853870657537e-24,2.3097826169682e-12,1.06370702065223e-22,5.86620619827861e-101,3.77165760313084e-08,0.0471459245852713,0.050372905280162,2.47744660647055e-41,1.15416589559977e-41,0.294898193194589,1.38309274485558e-27,0.0576798727251577,1.27741914765356e-06
"2-isoPropylmalic Acid",8.00185650353536e-33,6.57009410339977e-45,1.8403039912724e-37,2.06316297600466e-06,0.535861041487898,1.54872530966081e-33,7.34341203887691e-22,3.71594863368432e-05,3.2252293183578e-22,0,6.02096757042727e-46,2.42241125593665e-21,3.39443735761914e-42,4.33447715814159e-10,0.307998178741762,3.16521823428075e-38,1.43514708950095e-22,0.636934138670842,9.0280750875421e-10,0.267061719995522,0.0168796470550738,0.000186769195992645,6.69347497332042e-06,1.91949982941924e-08,1.43804021129117e-05,0.012042563414553,4.86206522230265e-09,1.47673053353608e-10,6.47403177641522e-37,7.06670028497344e-10,0.0934218641651893,0.117006060904594,6.51119671638795e-48,1.85594618739492e-47,3.91422228502773e-21,1.78220708340622e-05,0.391979403105679,0.33897203985849,0.11560125379848,2.96320589046144e-37,2.21791762469683e-06,3.2796747140455e-23,2.49068713671663e-12,1.28230232160459e-13,5.4569667636766e-08,7.58544144587547e-33,8.44535918215266e-43,1.53424873054534e-43,4.65015628279977e-39,1.38067170960979e-13,0.572549633708976,2.87805079649658e-42,3.33922718699641e-18,2.8896596362051e-07,2.43397347312811e-44,9.98216997223861e-36,9.6800198325445e-53,7.40183199966518e-07,0.000307116386000661,1.05012638045995e-31,6.47644801259166e-12,8.99400102136906e-08,4.65298300031598e-15,0.00592413501340613,5.63074149818388e-19,0.0175149875635919,7.14448002286291e-30,1.33504664973176e-08,2.34351085396342e-08,6.78235065030543e-43,1.91411113498313e-56,1.73802962207585e-12,1.96604625267967e-33,3.16715874063503e-12,2.63055566494463e-59,1.28790346553617e-58,1.1321160005873e-11,2.40702182018925e-08,1.29300363286431e-32,1.84848111841974e-33,0.0287543016724581,2.64154686800304e-05,7.3729326823294e-21,1.81906267432696e-33,4.99246529725514e-29,3.28629059422155e-14,0.00782064321154325,2.49100764816662e-06,0.476171738188835,0.0879106216526064,3.9670202218172e-30,1.35582649047764e-15,3.74075714433424e-31,1.03758340317289e-34,3.36360914606235e-30,1.61868858678623e-11,3.28947063118582e-26,2.59295861334095e-22,0.00153900227762992,1.09998185397972e-54,9.05472269138949e-55,1.77207783569202e-08,2.40721654376266e-14,2.72482467828065e-18,5.87787340354277e-29,4.10992626331147e-28,4.99352701668447e-47,0.00961502722476846,0.00838578322708761,2.92945609550349e-08,1.04047654260221e-46,1.26363077040014e-26,4.91273870415421e-12,1.18648054821301e-30,5.48216427592126e-28,2.03424855252358e-32,1.40114571591665e-22,9.76114840489902e-35,0.0170263444879313,0.0129608224893573,2.44286137742119e-16,0.0441975381685541,2.52246667552739e-06,3.65119158721031e-23,0.367346553967041,2.76038614332493e-30,4.75492562001e-29,0.0143055906594197,2.47372657336025e-10,1.07994866424276e-21,0.000740106523005093,9.15296908793363e-20,0.0575709848217793,0.400947796677639,0.063615230712257,1.17217625703262e-43,2.44636918871553e-05,4.00269044423126e-45,1.6628552992122e-23,4.08644817982928e-43,1.24185265931583e-40,5.11897963746543e-10,0.505486036671628,0.0526332774805412,2.17553177266041e-07,2.05353586034093e-08,2.17594790984953e-07,6.36700439974785e-32,6.18528748588236e-15,7.1902999459631e-35,1.38897043631822e-27,3.01092155301399e-28,0.0547515443741359,2.38574481793989e-41,1.17973038481042e-22,9.87745425238541e-50,3.14154610598025e-33,4.72590924485144e-38,5.06799426653863e-31,5.51561259307608e-28,1.77974238326707e-17,1.92704599594367e-37,1.32022789950258e-07,2.09337751107575e-09,1.30052792556929e-24,1.05122093185632e-10,0.000264227759549808,5.27198152764368e-34,6.44441527399761e-08,3.32327391220615e-53,3.07775379181578e-12,7.82252206798687e-10,0.0172250578149451,0.166310749511322,6.34739933841206e-33,4.86771493515079e-27,1.9548204387798e-31,0.190051174498275,7.72783874618591e-05,4.55664614559412e-37,1.4369578687963e-67,0.127154120542693,1.64589840471845e-45,0.73257099186747,0.156157204819132
"3-(4-Hydroxyphenyl)Propionate",5.11103481251909e-57,5.43490242961656e-91,9.76851329054716e-98,1.82418753217081e-05,0.295476152305649,2.43230060932177e-28,2.03320567660313e-20,9.15312518902992e-17,1.50991910614425e-44,6.02096757042727e-46,0,2.43901509887822e-13,8.16686901453368e-95,1.46892388284508e-28,0.0469285819985709,1.0031835074366e-88,1.74118288942076e-56,3.30435370806296e-06,9.2094748942857e-06,0.209018901304347,0.0426964480892455,2.55547044196639e-10,7.37612655451329e-15,4.0532464944749e-06,5.61646700789605e-15,0.0515568302469576,1.08950554009118e-29,7.49752839642233e-28,2.28705162229638e-40,3.08992926150161e-21,0.00438708198959738,0.000140854028323962,4.90727256137891e-51,2.63239534643707e-41,6.97124090805957e-52,0.0164708112738192,0.0978396384506122,0.00500114550940147,3.20884546693564e-09,3.64819626325747e-91,0.000655226605469441,1.3310690121891e-58,6.43609518206354e-25,1.96041351212168e-27,1.00690351147329e-20,1.0859117606707e-72,2.25288813006005e-77,7.38537055481184e-91,1.1938002646418e-64,4.67829184879307e-23,0.133268915124285,6.09895667240838e-68,1.22550878321843e-36,2.61121948720827e-16,1.02547830992253e-111,5.99843984699546e-69,1.00327339628363e-40,1.11746240195215e-13,0.000141599116754937,3.56463719901645e-51,1.92111990337782e-16,0.0854690070951222,9.30019006182062e-31,7.80535889292551e-09,3.22166609577528e-51,5.63682332027164e-13,2.63967289858179e-32,1.00615500497131e-12,5.66510044220435e-16,1.41915980987261e-83,1.2740415306146e-101,1.22136472243432e-21,3.24237989857704e-48,5.62235584761314e-31,1.11164950467334e-94,6.40202605346246e-90,1.55183326652448e-22,1.8536804250782e-13,5.63714921805168e-83,5.9549150529616e-76,0.0347594976648007,9.34840761923228e-16,1.14140013374493e-38,2.54952421870706e-86,1.5340075577062e-18,1.28911785701301e-16,0.994397722082121,0.00387863187611436,6.45266299800663e-07,1.22999615671555e-06,2.72991843483963e-35,4.62254600945727e-22,1.67968079394575e-80,9.446779543334e-27,2.93802264592995e-62,1.0945744930875e-08,1.54832755843084e-32,1.09976824867336e-54,0.633902225343113,4.36295518302793e-77,2.2627024963289e-75,0.00997836038438397,2.83758287014252e-22,3.93118108517513e-15,6.45051857152965e-45,1.12652277771075e-49,8.08799661425793e-63,0.0585217276764698,0.0123138217762219,2.85907961611362e-08,3.52418598567995e-57,1.34186977178332e-28,2.26442765692703e-24,4.85008777654305e-68,2.99393943260481e-48,5.11482909252467e-48,1.97175084433411e-27,9.34522669923775e-25,0.000105029823176088,2.9031910806134e-11,2.96129788959448e-32,0.00231874521775861,9.09690985999522e-09,8.45450111552545e-29,0.00163179931697442,4.17276151058547e-69,3.73464147609902e-58,0.000971483800237518,3.34490246139174e-07,4.20014811514784e-32,4.83111153013678e-15,4.04809219395684e-08,0.0132785043854997,0.338665196722351,0.0168686199584796,1.36016397923242e-91,2.41169996696048e-05,4.97859381889055e-85,3.50441750221412e-24,2.14309149165522e-106,6.88580228892775e-95,2.58765056452787e-05,0.523102514373233,0.685350037453651,2.60614613211539e-17,0.0206301862177911,5.9814508482995e-15,8.03651995541534e-21,2.15728210260103e-39,2.27852695973867e-76,9.02361561884662e-16,2.53861812547428e-56,0.0319430621002472,1.44169671705214e-75,3.1773714217378e-33,7.76202919335755e-59,2.6736869491658e-40,2.99282117936281e-64,2.10743206696003e-49,5.23101532874713e-49,1.48137692312861e-51,2.05949351968839e-80,0.000701727485229774,3.38998060539515e-09,8.85418258416474e-36,1.45099645636279e-22,0.341253160213548,4.59788365746522e-64,0.000179801215155975,1.0450144471153e-96,1.65697783130121e-17,7.66438309214823e-19,7.47532963755602e-05,0.364961030325605,2.01086349800304e-54,1.32505288450599e-50,2.39352905752664e-21,0.557275739418744,7.06289443937474e-06,1.80220360524604e-88,4.66387545581805e-62,0.00265639268342797,9.17952758963221e-75,0.0166338055222626,0.000493108553219662
"3-Aminoisobutyrate",4.37629843230222e-34,1.33355681462192e-20,1.48028240353818e-08,7.01911642408589e-05,2.26127850468165e-10,1.05813131258478e-103,5.52784032423541e-18,0.340546397981842,0.28543694654634,2.42241125593665e-21,2.43901509887822e-13,0,2.43548312965267e-08,1.59467619738038e-17,1.43478287784062e-09,8.69301327056761e-09,1.34472147752953e-25,0.00170984478995394,2.07896568711364e-58,6.02063821723679e-06,1.89590982186982e-25,0.00223836881098145,0.209344374104191,7.44145677476029e-29,3.15437449831243e-07,2.86305895108909e-06,0.708117333733973,0.695020752395906,5.40185742877032e-44,0.037530203089975,2.34576406945058e-17,7.04316306469626e-12,7.53763078366814e-57,6.26102269864434e-12,0.191618447355628,0.584990580675565,4.0677523807631e-11,0.000130314049149812,2.27875320351606e-06,1.05815282878492e-16,8.43383689697771e-07,4.44596655395838e-12,0.0622411913311403,0.313272445629961,5.36577039433095e-14,2.86979871412452e-06,3.12552930143346e-24,5.27701473457694e-18,2.12964449263309e-06,0.000747473147544458,2.78020356107598e-23,6.30828959105833e-07,0.925677486737439,0.0340526815591087,1.61718229590463e-10,3.32290732993666e-09,1.34502154901656e-30,0.00328163694769456,0.0227493868697013,0.00584221927028105,7.30141196373963e-49,0.583042281742633,0.473049459830249,0.383743556507467,1.00702161136553e-21,0.103897925015478,5.05226975041536e-55,0.495359607331721,2.50079024650502e-21,3.73027505941694e-13,3.98889662593231e-16,0.784341534509908,6.9007186044009e-33,4.10215966868484e-13,1.40673224895955e-18,1.30367810704992e-18,1.78945850998627e-05,4.49401096132549e-44,8.62364834948375e-10,1.38081865655296e-15,1.38223126146613e-10,1.50887647601201e-08,0.386367375632863,5.05987520227184e-11,2.97749888357594e-41,6.76832851373783e-12,2.75955575071512e-06,1.65167822821931e-49,0.443197855045744,3.23385041518947e-10,0.13675303647195,0.000564315526641951,4.80795275771961e-11,3.10768046921806e-34,0.000793864402064661,3.73694411799853e-34,0.000751389272970845,1.15203178001667e-12,6.76185729289018e-36,1.18355081271126e-28,2.21261956324896e-28,1.55866336733296e-18,5.76428279686496e-14,3.37544492975438e-47,1.59437817649956e-07,3.66371889984264e-10,6.70183618537654e-35,3.2056846645479e-08,0.357993267650306,0.034022273806128,1.21732234605644e-26,3.17235004652179e-54,2.0001628065354e-28,0.000523340017618751,0.000301835842522042,4.97327766475675e-10,4.45459281427401e-54,4.12250030715446e-74,7.04866956486433e-12,0.378431397056195,6.17881779364041e-19,6.93594268809486e-15,0.000123393113877463,0.115258696693169,7.83916419217749e-14,1.03332333620195e-12,2.32571445455294e-28,8.24491745011943e-12,1.04638201576564e-60,1.62150959698631e-43,0.290988855676684,0.000896206260153999,6.60038481813805e-11,3.38893773092211e-07,0.714728900354939,2.67629693861279e-18,0.295476152305649,1.05325525152557e-26,2.85922428122326e-20,1.63921944366292e-12,2.79716565140666e-10,0.352209308263174,5.94966328389517e-12,6.4800089259578e-13,0.00354670454313377,3.51157742498655e-12,5.68017635755951e-15,4.91775297250062e-29,1.03382436769803e-14,5.8441249429433e-13,5.27815705005997e-17,0.0547898120578009,6.71551428256687e-29,1.39814326718143e-08,3.53117599646399e-20,9.72916240910343e-15,6.25492922915896e-48,8.71491024695973e-06,2.14824787001925e-27,8.02010096230556e-05,1.17613490853435e-08,1.7310364468655e-11,0.00649825613679828,2.30357479206835e-49,0.116298999399006,0.0595720848147818,1.40577409454903e-13,0.000220818091932725,0.00605768019794401,2.58218394566994e-24,0.29837317485744,7.09266077480226e-15,0.000467837137121182,2.20442929034319e-07,4.95554572354982e-26,0.0373687768004173,3.72150451855595e-41,0.140528188421166,3.79492092550429e-39,6.97998762100479e-16,1.96937261137056e-12,3.70499387733208e-06,1.10430410676724e-14,2.28401400174568e-08,3.33962174045441e-05
"3-Hydroxyisovaleric Acid",8.25373811855724e-41,1.26949443204727e-77,3.65437862917151e-112,1.77993865561509e-09,0.63449825248517,1.10448092898154e-20,8.31740213489879e-19,2.05837695457791e-24,9.17683936108584e-71,3.39443735761914e-42,8.16686901453368e-95,2.43548312965267e-08,0,9.01134601786489e-24,0.00051406238952152,1.60670421199451e-111,1.83195908516502e-42,4.6355094207419e-07,0.000953711576012104,0.571057592818757,0.813874023280969,8.89137287598292e-15,1.0138616605342e-14,0.0274094617539814,1.99759378917065e-11,0.00248489691639596,1.00631316342595e-29,6.60713178200126e-30,2.68301007570367e-24,3.5066979846803e-34,2.82475585087342e-07,1.14896676348704e-08,9.15396483225264e-38,1.40303135786205e-43,9.60533401477952e-63,1.13272487747761e-05,0.00276265186361723,0.0755578205366993,1.69724125324107e-11,1.35733674275254e-85,7.11082143017256e-08,3.59051485103522e-51,1.15226638878296e-31,5.82223167155358e-43,5.27897198060353e-15,3.13863411954719e-99,9.94172994085509e-57,5.63714921805168e-83,1.42070687973298e-58,6.5602884906497e-22,0.0153850615716262,1.26796825311694e-51,2.85822784341785e-59,4.37982914855243e-24,3.09453354451763e-128,3.83959328927356e-87,2.07445865008167e-32,2.66106809603665e-24,6.90988723400598e-08,1.86542155676762e-61,1.2299386508067e-11,0.00189564150421264,1.05582407134223e-51,4.94269084160906e-14,4.5469303286888e-40,6.67665911652016e-14,1.51470397397307e-26,1.48142049007847e-17,8.13607065628759e-10,2.12736159881638e-88,4.00643366834589e-90,1.58529728015702e-23,6.72668174169333e-42,3.43513011517748e-21,7.53423038163197e-81,1.16351897837661e-75,3.79889062726037e-27,1.2642909282123e-07,7.54589424183411e-82,1.06488430733939e-64,0.110785120821374,2.40312680208361e-10,3.84072693428414e-61,9.96531505063344e-82,3.41068339706259e-16,1.67240943024073e-16,0.105257629167492,0.209280315733798,3.60706992891507e-07,0.000278135617162013,3.54826468983345e-49,2.1666013579118e-22,5.52446851077177e-73,1.91589779860609e-25,9.62634168795342e-95,0.000200467941067421,8.45292125918574e-30,8.40486014514644e-49,0.494405595124869,4.13476348344605e-56,1.33480738310849e-56,0.103431677701467,3.72472442251506e-21,5.69488020067783e-11,1.44327905031075e-43,1.05861302535546e-49,7.19345516674393e-48,0.00116728821143916,0.0130606075142221,9.79329055670892e-09,1.18929055833953e-46,8.82104372965257e-19,1.55503575475684e-17,1.42495783134624e-101,4.67120148130312e-64,3.53051224380897e-51,6.50715947731679e-17,4.24415674805711e-17,0.0124733795055557,1.05531440422904e-14,8.42403196415126e-23,1.16156526235407e-05,7.64797303842902e-17,1.80865460034192e-36,2.03153629645042e-07,2.77657046353537e-67,3.23623094058875e-44,4.13009849953094e-07,0.00144985780510732,6.73598802257053e-20,2.97926187530978e-19,5.35370311813743e-07,0.648719241555112,0.00119708728864327,0.00124910951527393,2.27395185964023e-80,8.86266261048124e-07,5.6271138518065e-69,3.52735473856156e-15,2.94820231129273e-115,7.75900569137664e-121,3.05273637759403e-06,0.00922833435869508,0.072844372232342,4.66878600953378e-21,0.20732917322452,4.78440681789153e-13,1.24777823188621e-16,9.91222693066007e-32,1.83403643655833e-70,1.4018833111363e-13,4.83838360709223e-71,0.585931725810597,1.70763924599146e-104,2.59134528831971e-26,1.86820170918275e-58,2.42663862156633e-31,3.23227744384394e-82,7.27350298127617e-44,8.66920858331299e-62,2.73404274750989e-45,1.04375350214355e-79,0.000195158439930294,0.000793681199569771,5.55067596694174e-40,2.93847389138343e-36,0.164863907518399,1.31641942196857e-87,8.64343855345988e-08,3.21857793737855e-70,1.49679567488462e-21,9.6503823953759e-15,4.94781965293159e-09,0.0111280944505379,8.85254929837244e-50,2.8305011528907e-74,3.13131804766333e-19,0.730207415852896,0.00864172581793084,3.92555402522944e-76,8.48352295247024e-60,0.0201144374587327,1.27235868123394e-59,0.373929130426868,1.34583768254643e-05
"3-Hydroxypropionic Acid",3.84611579054664e-30,5.84168717456608e-28,3.41251981403909e-24,0.257111794510433,0.00175721100339045,5.08061973392941e-26,2.99575937858851e-06,1.10252950464634e-07,1.16387517325812e-09,4.33447715814159e-10,1.46892388284508e-28,1.59467619738038e-17,9.01134601786489e-24,0,0.0216532295239398,8.00574054143777e-25,8.37339186714407e-75,3.92160271401246e-31,1.56444799948209e-15,1.25297233354872e-07,8.14668526729631e-05,0.0112172246686823,9.63331106320012e-05,3.85154042093824e-07,6.99029006512614e-28,0.0527094159650119,9.78372966081873e-09,5.86901507806009e-06,7.30061082860779e-28,4.88586984423218e-05,0.00323713035037892,0.546755439132909,1.67431957617262e-31,3.405489273356e-11,8.05038794517275e-12,0.0995360852034766,0.0195661940645005,1.74709522028391e-23,0.213507439562029,8.42884136361059e-33,0.000507434550994503,8.93905170325415e-31,0.00205634125089158,2.41652789665654e-06,1.17877890569964e-30,1.30768571013761e-17,2.32097295349794e-26,7.1777799536515e-27,1.18359247538012e-15,1.83148668376972e-05,0.0424013978555981,1.6137719510039e-13,4.78388438681023e-08,0.000912306911308644,1.33946958790869e-25,2.72435602725473e-18,1.76159196175081e-12,0.0110265881334237,0.0656016985503931,2.27032246145247e-09,4.80327061344704e-22,0.00546547526054118,3.38148356196961e-07,1.42655052591531e-05,1.25553767559304e-76,1.71460307224077e-30,1.30313206463966e-28,4.18521339814791e-06,1.80668960514892e-39,2.5183937706137e-23,7.47538539013293e-29,1.86960373289027e-09,2.5013812465841e-47,4.58514142987843e-46,5.98852555434699e-29,8.4723987068125e-29,1.01304295004591e-12,1.03912121483779e-24,4.01617177577446e-27,5.09901699814736e-31,0.00036521303047246,6.8662681241529e-14,3.12313193601224e-08,2.26232987947284e-28,8.06768278461728e-13,3.86046794016538e-07,1.11378869376709e-09,5.5730534023172e-11,1.13527199890335e-22,1.56107589551575e-17,8.99989846925427e-07,0.000702017726832865,9.33338402773664e-32,9.10715431375701e-16,6.04356559552926e-14,5.25401831496907e-09,2.68189496355868e-08,7.71748234820652e-29,0.00194488449950822,2.09382230170407e-27,2.23975545373983e-26,0.0232572416155242,1.94128925043787e-24,2.27060728402107e-16,4.60159642443274e-14,1.5419157634935e-22,7.35170388231607e-31,0.000165843012028163,0.000316049751052354,0.364666417508658,2.7004463386966e-27,1.64329470769952e-28,5.73332605538735e-60,1.41169337062805e-15,3.43589184307057e-20,4.19558434959757e-13,1.73773225117739e-35,3.83896302319185e-22,1.75890852551663e-10,0.0260653609171732,1.55817338464781e-16,0.00672168844409701,0.704530383998332,0.000888032857677019,0.475003550857506,1.23176738030166e-50,6.11017625712838e-54,0.000879712554492449,1.48402173066376e-11,1.00620786342372e-23,2.80311964373164e-11,0.751856798380322,7.5082875196515e-11,0.00425767860157485,0.252634159825742,6.5459333561605e-27,0.772493396855211,9.59766718371586e-34,2.46849317473998e-16,2.96813042574078e-27,3.2546696346253e-22,0.0402390467337249,0.00155879574753753,0.130131773597116,0.0568852421353308,0.0117379402916127,5.76428279686496e-14,3.11634236026934e-06,2.73277268049497e-39,1.39163278696738e-21,0.00187667436988404,4.47522328415423e-11,4.80018843284114e-11,6.19202887265425e-19,4.6591841680162e-25,1.50040205758941e-20,7.45950116732253e-35,4.39132773836346e-12,2.08006364488769e-29,5.49856567083517e-10,1.74010663171079e-46,6.13647061821218e-28,0.125394691499272,1.30342823870262e-17,7.5721622386553e-06,3.32832036465147e-05,0.180867050073319,2.51178224001425e-14,4.93035633148884e-05,1.20400253468268e-33,0.124908643163874,9.30670437288417e-38,0.220994346405437,2.21691596904056e-06,1.26367846271184e-31,7.11438744532778e-10,2.81377325398444e-12,0.00487675690589346,1.79998553589935e-27,1.41874198304719e-26,4.68511322120885e-13,6.2278853826712e-13,2.80701070780371e-22,1.84659573909784e-09,0.358512229467635
"3-Methyl-3-Hydroxyglutaric Acid",0.676757856579045,0.0397314462436712,0.000295513683711384,8.48802197930077e-08,0.00485869579069905,0.00013986421475403,0.00946448627756023,1.31472511822893e-09,2.36644504223257e-11,0.307998178741762,0.0469285819985709,1.43478287784062e-09,0.00051406238952152,0.0216532295239398,0,0.00289282548377086,0.317650096568804,0.640085575412252,4.12248212480849e-14,1.62268902436734e-10,2.50798310727306e-09,4.55049729292546e-15,0.701644414182349,2.40170577689339e-14,0.00131173323197938,0.0112042552961717,1.22013753717935e-07,3.9782295912416e-13,0.000714888911718304,1.03399548929795e-17,4.45261422051616e-15,3.99266093089528e-26,0.16852301710865,0.42105020994348,1.51522197502294e-09,4.9922838284277e-13,2.57491251146789e-09,5.07078063400708e-06,8.22470139566973e-08,0.0723046261714651,3.49443218111881e-18,0.186022344910849,2.96428429198497e-13,7.34996386738382e-15,0.960762762367232,4.1747650419424e-07,0.182150821944992,0.00923076796619578,0.198477383100526,8.32874716700639e-12,2.23339138552532e-08,0.159333561539016,1.16667893672959e-11,4.04389380630842e-11,0.0111748584161171,1.08488522864433e-05,0.626795398602366,3.40076846041474e-19,2.26547823160207e-28,0.00155151384744642,0.00165693766790736,1.63038306265705e-08,1.68000170189504e-14,6.39123106231291e-13,0.343389911336648,0.105184334159222,0.039927837382014,0.00876250226690799,2.99759983623853e-08,0.0170914377883171,0.539430436310454,0.606320985454732,0.143575878088741,0.00232699330871356,0.811736455150178,0.998349965637522,8.74119903732559e-05,1.5134288875757e-05,0.028517842815723,0.461981753290884,0.538784443944721,0.347373863298253,2.97261800139342e-12,0.0363216031204568,0.00311902662932972,1.79196501377399e-06,0.000257494256482552,3.64645568342208e-08,0.008403344858513,0.00446909843473266,1.04153230630476e-08,5.68775882334612e-08,0.120235805370571,0.103869252738047,1.56386858694839e-08,0.00130789473513514,0.600987543811781,0.00140173243807581,2.28687316550514e-06,0.343570727876261,0.254907601449025,0.711898818313745,0.000741577955291999,1.65409178339669e-07,0.226293679049104,0.0123687030685376,0.882726680794534,0.000908251758403554,0.0307558909393558,5.63528337042751e-12,0.396015004513495,0.000197009388518932,0.0128777988027546,4.34901206206418e-08,0.0213583668423938,1.25394609701211e-06,1.73422305143578e-05,2.80970074550953e-07,1.03960069733961e-16,7.04058883489412e-11,0.2981549705056,3.41652349829894e-26,4.19813146270791e-16,1.32200021674144e-13,9.24926629437994e-12,0.0642546614102313,0.713146128159362,1.21760021402314e-11,2.28536944091452e-09,0.0136210558822164,0.0478402949392195,0.1585969665906,2.20637129942588e-16,6.55406891471666e-18,7.14523431752014e-06,0.0108234890750408,0.747862919839796,0.505887856992064,0.0172615368871757,0.0302632558207171,0.000151523896788387,8.18155616149613e-17,5.21896913281686e-19,2.51628811265051e-11,9.60698664459333e-18,5.24284104902845e-08,0.700960100064222,0.323757497339747,0.788663666450033,0.000478670917415612,0.249990595365748,6.91244957018325e-07,0.000308752960951724,3.76920765456641e-05,0.0477338784455642,0.986140369048932,0.00557484428865335,3.26650016295463e-09,0.215519822339319,1.45008387535467e-10,0.580929710491712,0.578227570230283,1.21498669469965e-06,5.30125385316576e-10,5.90382818458885e-09,1.14901830014063e-16,2.641008782966e-08,6.40835858691998e-09,1.67662235429196e-16,0.918998160135081,3.99925669784656e-16,1.36482583384664e-07,2.90804107540279e-19,5.78119958167417e-21,0.178734928727338,2.00362277353127e-11,0.443559266238659,9.03943102737084e-05,2.39567924085385e-17,0.00635325919981225,0.00368764216253112,1.40504767561289e-10,0.523219145632248,3.41095116293498e-05,0.000107020760377983
"3HBA",5.63656268149709e-39,6.04065801236809e-64,1.03393192708554e-80,3.62170712600871e-08,0.848290515224998,8.90306967323065e-21,1.50873864064943e-18,7.80665699040056e-26,2.38562727874806e-57,3.16521823428075e-38,1.0031835074366e-88,8.69301327056761e-09,1.60670421199451e-111,8.00574054143777e-25,0.00289282548377086,0,7.9503958879111e-44,2.95748839762237e-07,0.0018580122857978,0.0563239518016946,0.473896826284731,1.34553510513185e-11,1.30389102892218e-17,0.008674253872173,1.75108377519603e-11,0.00461206154031654,4.46671828163823e-31,3.25535404465424e-29,1.57589451869733e-23,9.94495957746756e-29,3.34559139326368e-05,3.72382696958371e-07,4.54364184522232e-37,3.33409022830343e-41,1.08941194098656e-62,8.48058272304385e-05,0.0261623002812956,0.0126176083590736,1.0123843496021e-10,5.71222928384994e-76,5.78303968149922e-06,1.07153169321631e-49,1.44132950586729e-27,2.32331518501733e-36,1.64969003277127e-14,5.640323638924e-82,1.68993349423386e-55,2.18066824020784e-67,8.32903177687127e-59,2.1646004958052e-19,0.0110698389606114,2.33064984633366e-53,7.51540902465956e-45,1.25298588840706e-23,3.80455005630562e-94,7.48979190275588e-86,2.06252492048453e-32,1.11364603129405e-20,5.57876969777159e-08,1.66475144056733e-52,1.23192414806037e-12,0.013822904990017,6.76544878882274e-47,2.82851388335033e-11,4.82551113373955e-42,5.07135720012446e-11,4.55509572441808e-23,2.20101955806241e-14,4.12863750888205e-10,1.64002304549774e-68,8.82445102211146e-77,1.22065475285197e-22,1.78165811464455e-37,9.11916778104627e-22,4.48946024226683e-70,9.35465370821985e-67,3.69918796644638e-28,3.89802887797748e-08,6.11856182538112e-74,1.56117084551245e-60,0.0370355726145695,4.30808583760351e-11,3.96222636805635e-51,1.19160489450044e-73,6.01839544405589e-16,4.42857173328645e-15,0.595303839121265,0.15397196274513,1.85190515950428e-05,5.33427080191744e-05,6.62063570327473e-38,2.47622046741107e-22,4.41919215122685e-64,1.31879792410346e-24,2.28335463493098e-73,5.22592346545845e-06,1.6151191529943e-24,1.28550449174153e-46,0.605534068343187,9.42948818478652e-59,4.01745901118128e-56,0.168505025964506,5.71653301814653e-18,4.34562773011471e-11,9.75109038944851e-32,2.02044113292182e-47,1.38745774584734e-43,0.000637310900585008,0.0267342541117938,4.14013241663456e-09,1.67969924223677e-41,1.87787594622148e-17,1.23710227981683e-18,1.01489758149409e-83,2.5062148131666e-55,2.49860596246165e-43,7.51146700137737e-19,6.0975701676199e-18,0.033503097657445,6.16641670265098e-13,1.10464726659776e-25,0.000219131987160964,5.50705723566436e-13,4.35952908408093e-33,4.91207558334718e-05,4.77479872645435e-57,7.03237265088112e-45,2.69477918101162e-05,0.00278586204719847,8.63245868382158e-22,1.72596109001831e-17,1.34917305000663e-06,0.530101976548864,0.00357550827531983,0.00750065828804455,2.12233163163891e-65,6.04320867940505e-06,4.1756018516228e-63,5.4763593239753e-16,1.04161191202915e-92,5.16225536122406e-85,2.21711360395056e-05,0.0183475746187973,0.129474061693226,1.97757316526814e-18,0.116974796862224,1.98165313727306e-14,1.02489938863561e-15,4.61935652793928e-31,2.24894515613272e-64,1.10399802034167e-13,1.24642698084574e-66,0.517986662137095,1.325561027538e-77,6.04572101695309e-23,8.20616442047212e-53,5.77443395693379e-28,2.54234518405468e-64,6.43982256701145e-39,8.89989897449864e-51,6.81989000719025e-45,7.8081488351638e-72,0.00128343482834653,5.24659186123917e-05,3.09558618121682e-35,1.0141848725328e-30,0.0708671265536017,1.01831652476032e-65,8.81990749284405e-06,2.93376024695877e-66,2.74266946036761e-19,4.81491761130914e-14,3.30334279733117e-08,0.0200254463137739,2.43668304513285e-44,3.33600051706386e-71,2.39379453988296e-19,0.849656995869061,0.00428743218209827,6.23305053607995e-71,3.48718538639432e-54,0.0580779933991582,1.99001405666615e-48,0.184858848942197,0.0008434440827581
"4-Guanidinobutanoate",1.25955070365986e-67,8.46885973240626e-60,1.25214481453604e-45,0.874466904976725,3.82053339473784e-05,1.0475066253126e-43,1.40234011872553e-15,2.65025095653356e-08,4.40682909227604e-18,1.43514708950095e-22,1.74118288942076e-56,1.34472147752953e-25,1.83195908516502e-42,8.37339186714407e-75,0.317650096568804,7.9503958879111e-44,0,1.18552264037591e-16,8.28162659195615e-16,1.85269861212384e-05,9.58915017587098e-08,0.000261811216284311,2.18714613018335e-05,1.39834370876575e-10,3.69677720841134e-26,0.15879246059611,1.69632075584596e-12,3.46073363836567e-11,6.28558993655201e-49,1.39044570399432e-08,0.0705911484053456,0.686117611924363,2.97722910667412e-58,1.00844403131023e-22,2.55086442079871e-22,0.780937341353302,0.1585969665906,4.24869483860784e-13,0.00702523093552035,3.09835138889735e-65,0.0465282551657978,3.36384309747335e-55,5.11329299851356e-08,2.42045037485539e-11,6.38057478251255e-41,6.46239975848014e-36,1.03633636905872e-61,2.72259616868593e-57,1.12025517346186e-27,1.78341837284057e-12,0.0705911484053456,1.25565591149836e-26,4.23733226136154e-14,1.42310527128828e-06,6.0693460774482e-48,2.51168229368287e-37,9.86570096064881e-29,0.000103686784515754,0.40855134449608,8.97589891651887e-17,6.91895430667129e-35,0.181151380104134,1.17167324084245e-12,2.79563528409428e-08,3.75243129662359e-174,3.89294920206958e-19,2.39930405380473e-47,1.44327985484884e-05,2.38311837217725e-31,1.95616522777964e-46,2.69768432567393e-52,1.47044105340339e-10,8.79632195042049e-63,2.32527717163513e-44,1.0537054041801e-52,1.88565186978149e-51,4.14218543313073e-21,2.08661342457093e-31,9.21987360709058e-50,3.33474076850775e-57,2.59038263287101e-05,1.64363232611234e-21,6.77030551594035e-16,1.26715210306033e-52,1.11883705067899e-19,1.22142825702305e-16,1.82071513553085e-06,2.97928852460946e-12,4.60387164077815e-12,3.90978042285909e-14,6.39911315901448e-13,4.90026300387275e-13,2.32652006896362e-51,5.5178217542392e-25,6.00527287915242e-27,1.62570062693968e-14,1.52623357874825e-12,4.19521263899396e-53,8.34829599400972e-05,3.03732124063986e-59,6.89021621666294e-57,2.82176313727974e-05,8.11039710241763e-23,1.60104599222592e-24,2.06600868674082e-21,6.17608496711147e-38,1.63837884739869e-63,0.0228557608782502,0.00381209688420381,3.73455950582965e-05,2.57002110254781e-45,8.92857764752328e-42,1.56272653035537e-62,2.31633950312413e-29,4.35637719605828e-26,6.97200634506613e-32,3.05561406622534e-52,6.08735306647818e-34,9.30715957159371e-09,1.03245820425301e-05,1.74529622180588e-38,0.208093008767032,0.065607782643278,4.83514927933761e-11,0.94332620510118,1.75858560131541e-68,2.18636551133508e-109,0.110864741303699,7.11715767301759e-15,1.75584801478718e-47,1.83200023374779e-09,0.0739868316785638,1.11958896527285e-08,0.0709024033997022,0.67414260006818,2.93468991781698e-57,0.72468446985729,1.4836821893351e-70,1.38279961499107e-23,1.4918176411084e-53,4.25099289263504e-44,0.182774331760751,0.0377417469111495,0.0267400254020666,2.43352184693248e-05,0.00108238082244212,2.10178954171728e-24,2.03048037033874e-15,4.48345664904506e-52,5.13658788857851e-49,7.55796483491952e-09,5.11854726745154e-21,1.80637924217019e-12,6.58779531735424e-37,3.65427499842887e-32,4.59898296889156e-37,1.2546612196796e-57,6.55000221210897e-27,5.63312467901585e-51,2.71708754912608e-22,1.08923016074367e-58,6.57747760406207e-46,0.589330127927036,1.87675830784507e-23,2.01776841076546e-13,5.85343013705503e-09,0.382011377936345,1.21856819910873e-26,0.485316811250302,5.35627124515943e-67,1.08756054554473e-06,1.076349403351e-28,0.370423441351208,0.00771766508610558,3.55297816187839e-55,4.32895781662647e-20,4.85148997872419e-23,0.0896620661922398,1.01606358066304e-21,7.91631878223701e-59,9.68665168439683e-30,1.01257041825671e-06,1.46169497429659e-37,1.27143710882237e-06,0.66414888182222
"4-Hydroxybenzoic Acid",4.24821456835473e-07,5.74077512286002e-07,5.34097298041171e-07,0.0844062766509834,0.108882822988372,3.69415530546022e-05,0.12761522333703,3.38276703034955e-07,0.00100466525651723,0.636934138670842,3.30435370806296e-06,0.00170984478995394,4.6355094207419e-07,3.92160271401246e-31,0.640085575412252,2.95748839762237e-07,1.18552264037591e-16,0,7.74616409067774e-05,4.86350631259031e-09,0.0534850379046528,0.0942400316289982,0.0209418314226771,0.458238570257603,4.97914314763278e-12,0.0204642475315831,0.000148819534977033,0.00558720781267882,0.00014486540269137,0.0113213087703442,0.165043106577821,0.971824510263828,2.26925896250065e-06,0.00206024628542063,0.000675311416032154,0.212096495395049,0.725794084034644,3.03712320422734e-33,0.751558349443083,9.20403330537382e-09,0.00509258786024784,3.76804703554302e-07,0.436543572587121,0.0117547211920411,3.58583207269417e-11,4.40773256128962e-05,2.29334093149641e-05,8.31817525837058e-07,0.0131616647675903,0.00028442908808314,0.18305338907851,0.0590395497930197,0.000692690135296709,0.228585045659316,2.29180434094292e-06,1.65575864707118e-05,0.197632662793346,0.187194954069025,0.0678328512854647,0.0695440953353943,1.02249952437826e-05,5.02968571231531e-05,0.00160218027004573,4.11892179422995e-06,7.88816975069058e-18,3.38070524940688e-18,2.05052261670511e-07,0.340861519558057,2.74857253056252e-12,2.62389518606193e-06,1.07813316403e-05,0.00192784830927674,3.10144533364341e-13,6.55929428547593e-21,1.68091926230565e-05,2.04040451975649e-05,0.000654066988295588,2.68933384088414e-09,1.2236048049011e-06,1.78606949415339e-06,0.0888326386822151,0.00393981467929223,0.0051098952402602,8.98387891674373e-07,0.0355127794583707,0.0111003589609178,6.12391529579216e-08,0.00197541325234481,1.58948597179542e-15,3.50154355363498e-19,0.0928018573874616,0.146769947140294,2.83009569726414e-06,0.00641266549423498,0.000242109850171781,0.973107447025309,0.0464749043772168,2.21834694418911e-12,0.417437131849018,2.61946749001711e-06,3.85537357524661e-06,0.659447426457559,1.46119818328766e-11,0.0209842597011718,1.11653746815236e-05,4.50572548601587e-05,6.05571444903713e-07,7.31452338519363e-06,0.0265466968077515,0.131547140394713,9.4378001556472e-07,4.10783905767909e-07,6.81408430434328e-19,5.80444209410457e-05,1.22643593997191e-07,0.000686799523663935,4.28683730232865e-09,0.00730473147605819,0.00223190554993163,0.0144076164262684,0.00160991477567451,0.000985386768610086,0.482151646172756,0.541947232404958,0.118265850475019,8.88009905916869e-16,2.94255907926924e-13,0.0247734574035408,0.00286711716703946,2.96844450963974e-06,9.09254441337445e-06,0.0044259424944581,0.0199774273333543,0.472268370425518,0.227984265613694,5.90761584076861e-07,0.418611910380891,6.45723195539644e-08,0.0127677058077418,7.93606436055886e-06,7.16286716614809e-07,0.00156703181954736,0.964555432826134,0.191960413871954,0.690151991192467,0.000150337914984256,0.0013173724298049,0.893227583020449,4.49090458399185e-11,4.05781652078746e-06,0.987556714377679,0.00687740550619733,3.01502966493739e-06,3.85844271713805e-06,7.21391621754522e-06,0.0176007285828093,4.23889822200647e-07,0.00264933013345847,1.09207705663404e-08,0.00322484785606653,1.29798110191106e-11,1.48795096161413e-06,0.589132368989223,4.24523587168213e-05,0.272747610568931,0.0159910615616269,0.00282201504818539,5.45701675926286e-05,1.49784948521908e-11,6.29516725157664e-07,0.262664533499903,1.09896244671401e-14,0.34063681363497,0.000294230789274696,6.09186845580796e-09,0.00290780377733446,0.0139464242292908,0.0681456458653713,3.38614206730723e-09,2.75471267392843e-07,0.220755449488894,5.35628749534065e-11,7.7479820452586e-06,2.30506021074634e-12,0.00287069854536527
"4-Pyridoxic Acid",1.04701689519861e-17,2.12432652089122e-09,0.00409397361333798,1.07358139520618e-10,3.19549122359496e-05,2.91975027966394e-40,3.24080235342774e-06,0.00232741992524809,0.154788732167024,9.0280750875421e-10,9.2094748942857e-06,2.07896568711364e-58,0.000953711576012104,1.56444799948209e-15,4.12248212480849e-14,0.0018580122857978,8.28162659195615e-16,7.74616409067774e-05,0,2.12446582698868e-08,1.51610493144437e-15,2.49588043942367e-08,0.0266031474721321,2.9079313347017e-24,1.28462858038581e-06,4.4475052372453e-07,0.000363718591672207,2.69870363974236e-05,1.97226116641262e-25,1.6258079776874e-06,6.27869489351567e-19,5.35240155181086e-24,2.4014504103706e-27,3.40667463919575e-07,0.0794412776943812,0.0272744062257756,2.38993203993378e-13,3.28226645978497e-08,1.02762614410998e-13,2.33458376685394e-07,2.19106123889815e-15,7.64154969704029e-05,1.90052684226374e-08,0.000148292327894973,1.59786149132186e-08,0.12163737036307,1.14179372081738e-09,1.24382710895923e-07,0.0101072403127251,0.609791476912704,4.377127596487e-31,0.0266378188307776,0.0388560557401018,1.78240171097992e-06,0.000339713475400675,0.00946646051954337,1.60129162924436e-11,2.67835657084636e-08,2.93969865999504e-09,0.243057571324122,1.10363888506989e-29,0.0316900026642556,0.00177438695172076,0.138701143983927,6.00478224277742e-14,0.000867060922147841,2.81027839312319e-37,0.143140566103909,3.57027727584187e-26,0.00016911793506643,9.31272664061325e-09,0.928391609520449,1.72857912416229e-27,4.09677602646601e-13,1.22560541915722e-10,6.95942970219244e-11,0.0297587000952908,9.32084279780207e-31,0.00447852037926977,4.04279624854309e-06,1.58686280487705e-09,0.0001587476372608,0.0383672526259926,0.00125805782664097,1.1692967291457e-31,0.000532821641433025,5.46223715432103e-06,4.25783963657049e-43,0.00199797363396787,6.11718958224542e-09,0.852854858966148,0.536261808814055,0.000435859401323559,8.04175070648952e-24,0.593097706749173,4.14265920402963e-17,0.0124313075814621,0.000161626397844323,2.1292795856468e-31,4.35778561438449e-13,1.28635204168142e-13,5.24867653930866e-11,1.06199179399115e-21,7.56816756087644e-39,0.000253138356129352,0.00631378785529374,1.53568233587242e-14,7.72852732509721e-08,0.000550230673426322,0.0183509177968216,3.31021190095294e-18,1.27261215549026e-40,1.99010584575772e-21,0.559310593000829,0.0137553597250232,0.0182483491760369,5.64917688172621e-41,4.1100071689577e-47,8.88900520804022e-16,0.00144851300032825,7.93561274890517e-07,8.39562027886514e-31,6.48401555934504e-10,0.0228804112115621,3.82688350784351e-13,1.12218636606252e-08,3.40439271780025e-14,9.19397611652574e-15,1.62801980207452e-49,1.0555171321905e-24,0.286624835950904,0.00580173948434083,4.62913629843161e-15,2.72745415998093e-12,0.281456276437392,1.00961469115774e-07,0.847941678629974,8.96592798807181e-14,5.5856648970459e-14,2.29880426039667e-05,0.00023205283034979,0.00158981683775825,5.63123776995034e-21,9.99365521150875e-13,2.90899660419067e-11,5.34920219600996e-13,5.98442987654704e-06,1.20023033185851e-13,6.30804058742452e-08,7.33061898038202e-05,3.59410007383136e-07,0.277642934915319,1.11562684773656e-25,0.0161803522976067,2.58792877419519e-19,7.77499374868351e-09,2.60937370083544e-32,0.389772370149831,2.30425892337862e-15,0.594618419869077,0.00018702354458354,9.76073598196643e-06,0.923526353110355,8.05817588640406e-34,0.0296700195394254,3.67733024738101e-06,1.58337668029246e-25,0.579418082837721,7.50724733737205e-09,8.44913898629342e-12,0.00354633211968104,7.85579162315437e-22,7.42811908410625e-14,1.00901868588156e-20,2.37428685733582e-14,0.363398709210228,1.33079296307686e-24,2.33369878725271e-06,8.42609080256514e-63,4.00064406849187e-06,0.000388862899196306,1.07215328886236e-18,1.46396246924368e-08,2.93220403927411e-09,0.000807855062499667
"5'-Methylthioadenosine",0.00318211779054815,0.321941093698711,0.525628537311642,1.81965823491486e-08,0.0174386331936969,9.11522012484867e-05,0.278849836941677,0.59898244979641,0.102206529808699,0.267061719995522,0.209018901304347,6.02063821723679e-06,0.571057592818757,1.25297233354872e-07,1.62268902436734e-10,0.0563239518016946,1.85269861212384e-05,4.86350631259031e-09,2.12446582698868e-08,0,1.93160195475989e-07,0.013985953008443,0.0168329515381814,2.67685833914408e-05,5.00145857690121e-08,0.139370783840369,0.904142040860628,0.0692175365724674,0.0125994872954108,0.000106902577105233,0.00100762257579967,3.397198258144e-06,0.00602390630742826,0.2981549705056,0.268878765416993,0.00214967187000457,0.424432847857116,4.16918157002375e-27,0.00122618275203732,0.172970770162646,1.76949233483955e-11,0.0787674543546364,0.000121714477243719,0.000756653721171961,0.00172289868387455,0.790447087065456,0.120064352878923,0.377313259994794,0.957962702404142,0.0702928856660576,0.00143866723951174,0.768891287560991,0.0417409747425778,0.0340037149273453,0.342742846092622,0.777240398073047,0.560586601615646,5.75056720427608e-06,1.52322648694388e-05,0.361145157702457,0.000141654925841622,5.66836047396697e-21,0.127959324473074,0.200969851740579,3.3370400417501e-06,0.000108974770513098,0.0037484742922338,0.000764536491279083,8.18105944144643e-05,0.763558807548603,0.205044473880605,0.254926799862426,0.0108452393428302,1.19407410114284e-07,0.182761873592346,0.146172616883766,0.821327657588345,8.41794097517831e-10,0.48413438698145,0.328320549115611,0.502611129814436,0.000544175400095342,0.0141021943114065,0.508151879917269,0.111864613039824,0.639295626004721,1.17834160797195e-11,0.0638173263255648,5.97371726514778e-05,2.66730980704307e-19,0.00116977084852033,0.714854576370138,0.454811327064353,0.173238316151278,0.373526482500063,2.78107812460697e-05,0.43703956663408,0.00624766741237891,0.309106230248162,0.0610747191470525,0.0843081267449798,0.00013057420684873,5.4399861591092e-05,0.00059180892632485,0.581906725030545,0.0323168796909039,0.140275555708073,0.379205568142212,0.0386492734259454,0.000635443163798861,0.0132899956949345,5.22944942220704e-05,0.000274840606034146,0.540667695728646,0.966295317370938,0.146343637011787,7.29387493850396e-10,0.00190578657190852,3.83244228859852e-09,0.495216340097329,0.00332046601002381,1.84530086923407e-11,1.49693838064747e-11,0.000156151947230597,8.235542233061e-06,0.49242078599515,0.00163057481772365,0.0186389381404205,0.000250724621280405,2.31227705400308e-07,0.553089799908615,0.0493122598380174,0.163090895555653,1.04430260290953e-12,0.0310266255334861,0.408542838473591,0.579435980120523,0.0176384433306001,0.00654356184213064,0.334333372307454,0.434555889389855,5.27263760552563e-14,0.162274639077267,0.569817284084839,0.000505499213565611,0.759358783291469,0.000135891967948527,0.00325455793101686,0.00966643411109026,0.186359617074413,0.247914375346416,0.157037124680023,0.000875881484536736,0.614044433025755,0.00394031329614962,0.665406219561357,0.00591895578458472,0.104171865252351,0.0051901786231249,0.0524583654750298,0.000200454894853176,0.311050410698446,0.0028743100036311,1.21253569293536e-07,0.00381105328024816,0.000257998185477454,0.378577832829024,0.148355006775554,3.97735271581886e-14,0.176739577060389,0.00133326157021828,1.77082168220793e-06,7.08077412318266e-05,4.92167360598714e-10,0.00433715148151708,0.537728719802748,0.0238882428986673,0.00544246933812688,1.93270707579408e-11,0.0984426493562437,0.0165414525434982,9.20649336330717e-07,0.11127542285216,2.76645945949764e-20,0.200495347318726
"5-Methylcytidine",1.35461405390158e-11,0.00281438143468656,0.511239151106035,1.16989059266681e-12,2.07897867169351e-27,1.01995184479087e-17,3.10449077125877e-05,5.44262579742171e-05,0.00349957406776816,0.0168796470550738,0.0426964480892455,1.89590982186982e-25,0.813874023280969,8.14668526729631e-05,2.50798310727306e-09,0.473896826284731,9.58915017587098e-08,0.0534850379046528,1.51610493144437e-15,1.93160195475989e-07,0,4.32330336081646e-09,0.0116237523478096,3.33555401121151e-43,2.60422572634294e-05,0.00196210605298113,0.000982700121688477,0.00369149435829522,7.63620736034307e-15,6.17328666427203e-07,2.05617809354055e-21,2.63056837482204e-16,3.21948370118245e-10,0.153987948752339,0.0881300831661901,0.000910293335583317,3.05761123485122e-10,4.61598582603133e-07,0.00108467195598765,0.00565956220444351,2.02942066088876e-11,0.00464718685919273,0.00019535393327751,2.47028645110904e-05,3.38917457805806e-08,0.914444870752923,7.46007826951865e-07,0.0104733593961752,0.311050410698446,0.166703803928432,6.9322674728405e-13,0.125772590915307,3.34909271713991e-05,0.000639334117646495,0.455406777490263,0.27353290375135,3.73164813620799e-09,5.50023278533753e-08,8.02539601690626e-05,0.0262870972758242,1.09223302737667e-19,1.02167156355254e-08,2.17415607282054e-06,0.073438029670465,3.76319221291972e-07,0.00936381694245593,3.93462297150648e-10,4.8247466185252e-14,2.91307923476429e-08,0.0719188941291943,0.0471042127508957,0.0213374683626028,0.000725689767538561,1.69188289923622e-05,0.0181897842500791,0.0137696668820862,0.853422592167188,3.94353283179713e-21,0.0290171069351957,0.000502580423051864,0.00083990683045707,2.79213834604109e-06,0.00411692646946114,0.0246812561818354,2.82039311891031e-08,0.000252181675109877,2.06738371145063e-06,1.60776854279819e-23,0.00541100982906452,1.47451282160078e-06,0.00186953204620986,0.0364937900882002,0.472881327817336,1.87597700163131e-05,0.252392662896164,1.89862211278224e-19,0.465549440551403,0.00403851054794297,4.07584856413347e-21,8.03539605514286e-08,5.07492045446478e-07,1.41495775056986e-11,0.0924247142151147,2.07995405999518e-15,0.402298231223417,0.734698436329995,1.1309163532483e-08,1.40762744878408e-11,0.0233406837182916,0.21239752953602,0.000881067627731804,1.5011159756335e-12,6.60762878227214e-10,0.246191106108497,0.0752934040819851,0.0296995552433269,1.01572194598501e-19,2.0425115024594e-15,1.3985073269597e-08,0.29625098816521,6.69817054508094e-12,1.81119348985598e-21,3.20592145264245e-10,0.371827198278044,4.57667676446806e-49,0.285956920850832,2.68380728892822e-07,7.73221397256692e-12,1.06238491576285e-21,8.74884066296802e-23,1.20327676832623e-07,0.468100449023261,4.00814092106928e-14,1.63957310813181e-07,0.963225124090778,0.00730094157676817,7.0898403861025e-05,7.40026122928322e-05,5.70199142879108e-08,0.140343349006921,0.559692251501845,0.721233706828107,1.7547748697278e-12,2.82506109924939e-21,0.000187173825880851,0.000828899578834579,9.08464538433131e-05,5.73913451857154e-07,0.00219742213781732,0.00692344929804019,9.50535257581094e-10,0.145905524277502,3.31031186505736e-20,0.670138997122391,0.00266328087958147,0.14936773762472,2.21126769549038e-10,0.755234054746047,8.05811377872165e-05,0.923440138866362,0.145251377767502,0.100639806853642,0.0399273187216514,3.91191628612045e-43,0.191322871844323,1.14620696111865e-06,0.000365895252797809,0.347235968246779,4.87899092534817e-05,6.42137014230793e-05,0.808903245987097,0.00839265112901928,3.85223762471959e-06,1.55932929574038e-08,0.000388918291855271,0.0531736846893922,3.553917442521e-10,0.222460940925857,4.3594366045957e-15,0.0018259835453327,0.249813736332455,0.0450278562495295,0.0460314320365885,5.19500519557523e-07,1.19945697352934e-16
"5,6-Dihydrouracil",0.00310114617732393,1.07992897581672e-07,1.06044508569531e-15,5.58335594745902e-09,3.2691794352488e-05,0.777240398073047,0.121042595434858,4.75789987698709e-16,7.52746208653083e-27,0.000186769195992645,2.55547044196639e-10,0.00223836881098145,8.89137287598292e-15,0.0112172246686823,4.55049729292546e-15,1.34553510513185e-11,0.000261811216284311,0.0942400316289982,2.49588043942367e-08,0.013985953008443,4.32330336081646e-09,0,8.40407280642848e-07,6.27520826385014e-09,0.091263274391148,6.72330101675706e-09,2.22009006417212e-26,1.75688334941889e-34,0.517274378706894,2.21057777856957e-33,7.68725505289996e-21,3.24727072707877e-68,0.118182162531472,0.0112675628846465,4.92614919871648e-25,1.8204184813642e-06,4.3397971208914e-18,0.195186420063138,3.43521861793139e-16,1.58962701855755e-07,5.75655089026563e-15,1.8757241065772e-12,3.21611930196291e-31,7.05440419358113e-32,6.37313322683876e-05,2.65170656126813e-20,1.5954960340305e-06,1.31463595849957e-09,9.37414445262385e-08,1.26116589361422e-13,2.12412935898717e-11,1.90866666427718e-08,3.52636912208223e-29,2.7801918902723e-26,1.60901552672951e-13,2.43722740868218e-13,0.196008180641025,2.71780878007222e-25,6.66690246466908e-17,1.03738505912136e-10,0.157600322949964,0.00699309025059294,4.37177216090481e-32,4.4313155607782e-15,0.00015929218317382,0.000309399114225696,0.87456035474976,1.91869992934407e-19,0.0161097169407008,1.81550015927516e-10,8.33072222686824e-07,8.60672046632753e-08,0.0464449503093972,0.108226837531667,1.4568515574395e-05,4.14412757796024e-05,4.73347371363534e-11,0.152453412561562,2.21059241274531e-12,6.44921434262283e-07,0.232191995602843,1.31038702942505e-05,1.24225525179091e-26,1.87793788812619e-11,0.00487940355383238,1.15879864333111e-05,0.0208527846130026,1.27993035077023e-08,0.0280938002078074,0.782256198531965,1.33256865605586e-16,9.36646077752956e-10,1.52144307507332e-17,0.344398728208485,2.76645945949764e-20,0.0265392440372739,5.33503850689115e-06,3.95656681514144e-12,2.03886167174555e-10,0.000161400490139426,0.000111154386984751,0.00552010261624325,0.498526175232956,0.000168056110541999,2.17624534972736e-06,2.69022923419671e-17,3.20269530193751e-05,5.05609047424789e-13,0.115351496041642,2.20059803344019e-13,0.00638025237110727,0.581180410086336,0.0944897145185888,7.94995094905224e-22,1.2040979211752e-08,4.01392049017671e-14,0.299291652636123,0.0293006851847689,0.196268048544233,1.58068760050606e-13,7.53766055112161e-05,6.05603916945835e-25,7.26787224153977e-24,2.97849605635379e-16,1.37023285773561e-20,1.6124247224903e-09,1.79640860273132e-06,4.25157572593228e-16,0.000324877252350836,0.548806536146236,1.41047733603662e-07,0.117658941748513,2.22864826687925e-07,0.00986475368075008,0.000247032227901386,2.82766743480789e-09,0.327334345450629,9.92527338520408e-06,0.695020752395906,3.18341881000485e-10,1.08530584907891e-13,1.09480417831293e-09,8.99121448011421e-27,1.58005290738063e-17,2.09435479980286e-40,0.00138068614953893,0.00422932122563604,0.0230054469291874,3.39432416187628e-06,6.21278098963895e-12,0.0640552018919724,1.33418308385563e-19,0.00794914120042299,6.23627983116357e-15,0.1159271985244,6.7150217006457e-05,0.94756277756684,1.99839692283708e-20,0.000120719345850751,2.76235667360423e-17,1.44071293447921e-08,7.57596159894345e-06,0.966295317370938,0.000133911836491285,1.06558447059162e-22,2.86210265384395e-33,9.76762209296755e-15,2.61887559174873e-20,7.9361627525249e-12,9.30907522758987e-05,4.02743887887504e-14,0.3715813261056,8.00356982424768e-21,4.1170578203851e-14,9.46161637335456e-06,5.49655913942877e-24,0.249123424460211,0.464711050653794,3.396739495565e-06,4.95728932451988e-11,5.34572151976154e-09,2.6633706014683e-05,2.75559462536466e-06,0.0802011574857917,2.54744315206576e-09
"6-Methyladenosine",0.00406844527086771,5.19113838132236e-06,5.11020484074022e-13,4.82530526614571e-07,0.000559516036057866,0.604807998789814,0.240248189151068,6.61525530616787e-14,1.34616039641483e-13,6.69347497332042e-06,7.37612655451329e-15,0.209344374104191,1.0138616605342e-14,9.63331106320012e-05,0.701644414182349,1.30389102892218e-17,2.18714613018335e-05,0.0209418314226771,0.0266031474721321,0.0168329515381814,0.0116237523478096,8.40407280642848e-07,0,0.703497100246595,5.56475877228302e-10,4.30769690395125e-08,8.73029631559059e-22,3.66031111193031e-10,4.12311596718127e-05,5.58125967004683e-10,2.54191803618148e-14,4.08943023339983e-07,0.011339509809226,1.0146651222207e-09,1.45328881530893e-20,0.0380724533105282,6.01861437023098e-08,0.00290612632002603,1.57684769670708e-13,1.92669297628009e-07,1.46134894415248e-08,4.59945177499141e-08,1.64062274802145e-18,8.69152612827421e-12,0.665244535519592,2.14815727204938e-09,5.36928520067672e-05,4.59092714882216e-06,6.33583655566259e-26,0.0506071748572846,1.32127085591152e-19,9.3121234364849e-27,1.44913194319817e-14,3.58854190292039e-10,1.37551386328953e-16,8.13335037491204e-07,1.00138187772334e-05,1.30366627691138e-06,0.351948102081529,2.82198331763822e-29,0.0228198942678547,0.00908798665168594,3.71797220965016e-16,0.14825821381492,7.49556907868284e-06,1.46969780864255e-11,0.468253114285224,1.25958227652822e-13,2.2400300362474e-05,7.63596529314928e-09,2.95041957107371e-16,1.37362939363775e-60,0.000237594517273196,6.01929321080788e-16,6.74067510691427e-15,1.34469305993608e-15,0.645576484712103,0.929687739590903,2.26662721887031e-12,5.88360062287236e-09,9.4500698280366e-11,0.00564828906144968,9.79580301475208e-12,3.76045057829656e-11,0.546864328318493,0.00973535553933049,0.000186802212399657,2.33492694566118e-09,2.84623165435292e-09,0.167588634576592,5.78395743522579e-13,0.00551636603133036,2.08717229936521e-12,0.0746445424338736,7.25140713860873e-12,0.0045701849434817,2.23481280606165e-34,6.26355278504822e-05,5.68330086797066e-20,2.57177456632598e-06,1.70809055972287e-05,4.09311586872811e-12,5.35799716058358e-10,0.441387373438347,2.23364736857801e-14,1.35542364082679e-07,0.000303710195004112,4.30308002306428e-08,1.78932148225412e-07,0.0942400316289982,2.5135398603895e-09,0.0349900130172949,0.123690788095145,9.50585553668274e-13,3.07401747904308e-20,0.00684497311077463,0.00970916933660311,0.122721701516751,0.0061041528206456,0.00191402196315552,0.0426653235183712,3.12019111845484e-06,1.2549767500056e-05,1.65575864707118e-05,9.68872216811003e-13,1.53103851917854e-08,0.000297685937842883,6.71728124546639e-16,0.0900052832530052,0.0365807716034846,2.17750506349121e-23,6.42800639156318e-16,0.249518966924409,0.74320637713671,0.279815849191647,2.70671247250605e-06,1.03432481360931e-23,2.65229025545864e-06,4.92804124969694e-08,6.86920833623742e-13,2.10709934745375e-10,0.0518214411166618,0.0496497992747349,0.0223379824075367,6.03737360658094e-14,0.583798076634851,0.457494227294646,0.255328220891395,0.000623364830263645,3.66896578773444e-06,0.00199806821836114,1.31529222568406e-25,6.01746405219036e-11,2.55132490695068e-09,1.45993553722009e-09,3.71118755869617e-12,0.0134287447208556,1.78957984083963e-09,0.0507758016066844,2.12759590953245e-05,1.06594275982548e-15,4.22436831444003e-17,0.390037935455368,0.759358783291469,5.26076871995932e-13,5.41600594703666e-11,9.06148707621101e-06,1.23089735653761e-11,0.222515818399226,5.11216813895888e-10,0.0694053326272753,1.37415880602648e-09,0.120290468039428,0.495465149273334,0.013510167763379,4.36297408647772e-14,0.54416147815618,0.00114582615975195,0.437807824425728,5.51099761561756e-07,6.84311893184906e-07,0.000114199969527339,4.05519691245856e-16,0.505846853693875,5.6668540559385e-17
"7-Methylguanine",4.68499056198351e-14,6.42649321644809e-06,0.00829797703719526,7.16865165663144e-05,1.28285951706426e-13,7.94995094905224e-22,0.00349921358247158,3.86669429119882e-05,0.305080270159812,1.91949982941924e-08,4.0532464944749e-06,7.44145677476029e-29,0.0274094617539814,3.85154042093824e-07,2.40170577689339e-14,0.008674253872173,1.39834370876575e-10,0.458238570257603,2.9079313347017e-24,2.67685833914408e-05,3.33555401121151e-43,6.27520826385014e-09,0.703497100246595,0,2.98221762729035e-11,0.49410729221979,0.00332349307648279,0.00118436276824951,1.7550775518781e-26,5.82859981551489e-05,2.20456196387755e-12,1.65427649580038e-17,2.33712488258051e-15,1.7616076213286e-05,0.544592824731928,3.81698355722578e-05,1.76242407125441e-10,1.08181194588841e-06,0.00239888386387569,3.43519881647592e-05,2.79213834604109e-06,0.000877336451709325,0.0117492657330779,0.00277788221116262,1.5921768851309e-05,0.384508496380921,5.57262142602859e-09,9.33533917568045e-05,2.862454054836e-07,0.938306231673563,3.83835822191014e-07,2.17298017340702e-07,0.0366181113271669,0.000972266751897819,0.00201465928717258,0.0612198356233764,2.23225232680006e-14,1.50990896812555e-06,1.19526517271994e-09,0.083205009909382,2.41927447536913e-14,0.000164201087691641,0.00144708452789879,6.64871952792177e-06,9.90401408708178e-10,0.554689867321384,2.62354871137517e-15,5.22200111386861e-05,5.55694418952206e-21,0.000259466040867791,3.48432999410348e-08,0.114914569125708,2.72292032666677e-09,6.9562998209914e-14,1.79994786585307e-09,3.45799773148009e-10,0.567205914005801,4.31530259427282e-21,9.59679429064063e-05,8.38561650813019e-08,0.383528006805945,5.66402113135693e-05,0.159904649050981,0.000106507703819602,1.90328478340675e-17,0.0247365716703812,0.146470282946028,2.09075871945017e-19,0.625523842324889,5.1246716204571e-05,0.72611402530082,0.48228708210051,0.0124610694940401,1.34759205579991e-12,0.528639694856724,2.9303209358625e-18,5.95809541140971e-05,0.0140596176587866,1.9692753188103e-12,7.41263991114699e-11,5.03076053849253e-10,1.95556625345322e-07,5.96226342631577e-10,1.19635612580764e-23,0.0143585873009007,0.367346553967041,8.26347818002165e-12,1.79678836917656e-12,0.314644439484835,0.107529607384688,1.35472786321388e-09,1.01588687225524e-19,5.6365737148117e-09,0.766545444607077,0.142749823522567,0.0336577490889717,9.25216398868223e-29,4.73701904223427e-28,1.67086008370078e-22,0.00916967792001894,8.62374893882111e-08,3.63837561532744e-16,1.04280806364579e-06,0.88497513461527,1.3985530860107e-24,0.00241463532815428,3.89259394250141e-08,2.07154936646397e-06,1.41236001583338e-25,4.79793259325905e-24,0.00765196706597173,5.85186743709876e-08,1.14522800167273e-19,1.86115217264688e-09,0.132745970219009,4.43930976436083e-05,0.295295547365982,3.32289205994788e-08,3.24605398506211e-15,0.000154719675130585,0.0122126921505062,0.103403387347149,1.05812390465479e-19,6.21326330070147e-20,0.000373350764448929,6.08123896972195e-13,0.0451563579590826,2.43506701557056e-09,6.44828742094626e-06,0.00086922490100827,1.11311550963739e-15,0.473464439439717,1.98350113455021e-08,0.0463261704237249,2.12657322602426e-11,2.3358056063274e-07,3.58887375285636e-18,0.369752133635588,1.38327218419081e-06,0.512808824601108,0.000610547648480699,1.12179681653842e-06,0.0766286689301118,3.24381748795511e-41,0.927567895062187,0.000179271354495176,1.7235895356578e-09,0.469228429639935,0.00288149924473295,1.46561572743418e-10,0.320216143456774,2.51647759731613e-12,2.98469906324929e-11,5.67705598893813e-13,6.3671826972715e-06,0.54433772518249,6.34362506783043e-12,0.0679073053406446,4.35179932488661e-22,0.00010745734690564,0.000383818313213263,2.07316106413534e-09,2.16596547120463e-09,4.4482775177403e-06,4.41112369338637e-08
"Acetylcarnitine",1.0220463602665e-11,4.24703541411752e-10,1.60901552672951e-13,0.577596418709002,0.18068793609279,2.52507013776907e-10,0.744155631520524,0.0104969366237916,3.99059861904774e-06,1.43804021129117e-05,5.61646700789605e-15,3.15437449831243e-07,1.99759378917065e-11,6.99029006512614e-28,0.00131173323197938,1.75108377519603e-11,3.69677720841134e-26,4.97914314763278e-12,1.28462858038581e-06,5.00145857690121e-08,2.60422572634294e-05,0.091263274391148,5.56475877228302e-10,2.98221762729035e-11,0,0.384529279896991,0.000209882451552379,0.0294971305196908,4.46873857984178e-20,0.00105970252041363,0.535786715338111,0.647232836799537,3.59558965703352e-11,1.21453051778423e-05,7.75457283686518e-08,1.08339255561042e-05,0.171350493067959,1.4800052016772e-25,0.0462063216406753,2.79985199252925e-13,0.0211863796330821,4.28304545148616e-16,0.00119090638992453,0.000123495125914899,2.24710606684532e-09,1.40585839179053e-07,6.5755898654551e-11,9.06239051976529e-10,2.55187347697635e-17,0.046331797395547,0.0199742941335618,2.90414169362669e-14,3.05977892401451e-05,0.0105804135856802,2.67232518977686e-14,7.69999390369742e-06,2.18963277043206e-07,0.109864083619422,1.12268848462272e-05,6.45144881854631e-07,2.35395120846591e-05,1.90974792464324e-06,0.00022968964914599,0.700948469345554,7.43179585133187e-29,7.58829449514198e-23,1.10539320656461e-08,0.0288668675580549,8.36074034978155e-27,9.34759193236415e-12,5.42240003457076e-18,1.14833097722485e-17,8.00153285771695e-15,1.95706272634789e-34,1.33397060291289e-17,1.86952100295659e-18,0.00829361701077706,1.98780052243381e-12,8.11968101662717e-16,3.13877934884418e-15,0.122584334243204,1.81692447857024e-09,5.97375435621836e-05,2.71470304451013e-14,0.00103804215996223,0.0741291484362547,0.102803131108931,0.00195337136424157,2.72233518385937e-20,9.22661950094305e-11,2.17537723371542e-05,0.00324167902500443,1.50109669460737e-11,0.000237596734849295,2.38226430173166e-06,0.0743435102549865,1.97537143453131e-11,3.24644596094156e-12,0.750166211158083,1.30150760743222e-11,1.45990666699379e-10,0.872737348166176,9.18862350417709e-15,5.58304265803514e-06,2.49729295720287e-10,4.87306391948968e-10,3.30790600682674e-17,0.000594996131576685,1.97444358284096e-08,0.0918656705318166,1.12439584438903e-10,9.69460664094599e-10,4.48576923539257e-19,7.77396303473837e-07,2.47317871106081e-12,1.53047988821427e-05,7.71303757755451e-19,3.27885714366297e-10,5.11131475704325e-22,0.201103622423453,2.43178257386793e-07,0.103600045335326,0.541814427525955,0.0522724581948793,0.604913484655271,2.60326768523253e-16,7.74527281385579e-17,0.610656197344551,3.30880928292811e-06,6.50422431902591e-14,9.35465940928898e-05,0.00480559073328351,1.64272600511937e-12,8.89162381566891e-05,0.0391953276502901,7.6457828536578e-10,0.211231249098127,3.40459731228129e-11,8.14771115768115e-18,4.50201767175383e-14,5.65029486189138e-09,3.75366854632844e-05,0.112677029394945,0.183643036895872,0.138407333263176,0.318093727945834,0.034902033687844,0.0016550650867657,6.9174215678908e-26,3.13410181311007e-09,0.0290013416135722,7.4459008999457e-09,0.0058753912500086,6.89063480535399e-09,1.56538863120551e-14,2.44658381147817e-13,1.29541671051778e-13,3.96642745648335e-05,1.23744459168577e-06,0.00481640720386526,1.81541264118672e-27,3.01822022892235e-14,0.168809678584337,8.2039191951318e-10,1.31734881001183e-06,0.000583172909798551,0.0400890146999098,2.2310608155131e-08,0.0116809561436076,4.93096115726044e-17,0.584851581862436,1.60151388436538e-31,0.0231439562960999,1.51915669302596e-06,1.61577753946692e-07,0.00012057418311245,0.00194734604319625,4.41478576466752e-06,4.96597647580514e-15,4.86438163465334e-11,2.2406612873005e-07,6.07740607113238e-14,5.96628063578815e-15,2.88325093122237e-07,0.018306004236744
"Acetylcholine",0.208269625335783,0.985824696587628,0.00475949974103333,4.99593758018993e-12,5.90761584076861e-07,0.00100820856749581,0.00383070288387052,0.00646668998190746,4.81485810365246e-08,0.012042563414553,0.0515568302469576,2.86305895108909e-06,0.00248489691639596,0.0527094159650119,0.0112042552961717,0.00461206154031654,0.15879246059611,0.0204642475315831,4.4475052372453e-07,0.139370783840369,0.00196210605298113,6.72330101675706e-09,4.30769690395125e-08,0.49410729221979,0.384529279896991,0,0.00332480698295413,0.000133891542327402,0.224104103512141,3.0244754795881e-08,2.00830481809922e-24,1.01162885310549e-10,0.0427793831890344,0.0089853404287627,4.45115342170057e-05,3.08279419589727e-05,1.26292915315745e-10,0.0380132302118512,3.55916301419707e-07,0.714499020105111,7.07866399628498e-19,0.972197465759433,1.05716828853707e-09,6.24741465417246e-08,0.201219784459362,0.0101877624885845,0.893961452372457,0.7179431614906,8.86111992680617e-07,0.257372343891429,1.5298383164241e-16,2.20117715871519e-05,1.07051141366456e-08,1.07094434055164e-12,0.00768894465895603,0.0370185749882301,0.888454598086171,1.52040547655986e-08,0.0250258627746974,2.96633716494798e-07,3.5636196643327e-10,0.0715555313717019,9.73916781855908e-08,0.334351545148181,0.246983332576397,0.935969027270663,8.84282566968784e-05,0.000797602408522422,0.00118137478121279,0.0849500542322972,0.00970793258523813,1.36819156724394e-10,0.0654880563746574,0.820079211851723,0.0281001519109953,0.0207252349504881,0.794189529841614,2.23356022351289e-10,0.010907961765404,0.346555953910896,6.01562075800717e-12,0.032194610901083,3.94917897872652e-07,0.0604076949517257,0.00694877496452017,0.0862706492783143,1.98241096684237e-19,5.80875343188496e-16,0.719199047118066,0.0181289601704127,5.16962798563803e-08,0.587282618451087,0.32015242739973,0.0477453811618632,7.76397446596604e-05,0.00206545612623706,4.59939012995778e-08,0.670242533188653,5.71573967188692e-17,0.862935188632928,0.921243969772486,4.8217599193944e-07,0.877440275757425,4.68186958377155e-05,0.064117414091228,0.278871792563684,0.451698766883795,0.369133858365307,0.100133996855345,0.988530465084386,0.923933665629611,0.00137101112213741,5.30187331890169e-05,0.000398512683517861,0.00057519220005153,0.452971640255423,0.00456500008037658,0.00969662746418358,0.296302454380707,0.55604592363512,0.0419515182370617,1.02928543659063e-09,2.48294742699008e-11,1.75118751701134e-05,0.000365260954205623,0.639642432846608,0.106384048424107,5.87735974383931e-27,1.75652798412645e-08,0.018936880326568,0.41764350906762,4.97721099119097e-05,0.000151659610815951,0.000943132980006963,0.0578083372003296,0.794735141088206,2.8753177855805e-11,0.867364873081143,0.710020331705293,0.0979282078725332,0.0658505830627281,0.105877956037879,7.67659168208608e-07,4.03459707096729e-08,1.48281421269754e-08,0.855283948585825,7.96430826745451e-10,0.95591586858149,0.0902171490719835,0.27641821649579,0.10342476142564,2.72325856296117e-07,4.21549432256595e-22,0.00716870449651241,0.324571963305936,0.0470136600959501,0.00864734741057572,0.00141363532097371,0.116528044952826,0.008687697163846,0.399182749788371,0.00696596300579123,0.0369860285957843,3.09205749245634e-06,1.49344010680525e-06,9.9795522536753e-09,0.0556913427384154,0.000387975301271427,1.46229155894977e-09,0.624478933088401,0.00245066598296345,0.425811497438843,0.00499621502031212,2.66443316389947e-05,0.235034699256311,1.0760301772583e-07,0.588611439636519,0.642529671250462,1.50285593251467e-10,0.463797055832126,0.0299770628260483,0.281549874226973,0.00350946556375544,0.00567359533091859,0.00176732585756515
"Adenine",1.6758469167046e-11,5.34629987963827e-22,4.10846579553092e-35,6.10104498940241e-11,0.0239412490762367,0.00776081498092169,8.08079907206265e-09,1.48925473837545e-38,1.67872205706548e-37,4.86206522230265e-09,1.08950554009118e-29,0.708117333733973,1.00631316342595e-29,9.78372966081873e-09,1.22013753717935e-07,4.46671828163823e-31,1.69632075584596e-12,0.000148819534977033,0.000363718591672207,0.904142040860628,0.000982700121688477,2.22009006417212e-26,8.73029631559059e-22,0.00332349307648279,0.000209882451552379,0.00332480698295413,0,2.19434332592222e-81,3.28469580784499e-05,4.86852253654708e-34,3.21270194780299e-14,3.34200791973144e-22,4.15764039801955e-08,1.53888802535423e-11,9.28785222753826e-59,0.00103658369219274,7.82680213388837e-14,0.453635147587701,2.57356005424487e-28,2.958814934331e-25,8.33305155012767e-11,2.82780793068561e-27,3.70253949327244e-46,3.13375770692867e-36,3.32653147288541e-07,1.50703809046931e-38,9.33217843289723e-19,1.46440707394169e-24,1.48738655293431e-19,3.0583584128029e-25,1.94908802811754e-09,1.41536712665313e-23,3.57090138142956e-37,1.48172908607253e-30,1.68340700728704e-33,1.59985432811081e-29,1.15108313170581e-08,3.18130130296027e-25,1.95425071232762e-11,4.41472600446755e-27,0.0446309845211524,0.169023127156977,4.98179567618032e-38,3.62153161343627e-16,3.0402137393784e-12,1.4312790343157e-09,0.000647128253926197,2.32134658243386e-20,0.0765312228089965,1.72791506945279e-24,3.02239678323924e-19,6.82905942226534e-16,9.60670376676265e-09,2.52690847155659e-08,9.96040458834762e-17,6.44931061532909e-16,6.55169220809458e-16,0.0961196884939761,2.56391581087483e-31,1.81995284395329e-23,0.844848986940268,1.4893015016648e-09,3.58635086737698e-37,9.35413050189438e-32,0.245474434296881,1.23864278596474e-05,0.822752875180807,8.97524860078536e-05,2.21277252974535e-05,0.000457937155614898,1.47488308162688e-21,6.88009036333646e-22,2.02887944978525e-36,0.00168767879973934,1.49693319239248e-35,0.815513455345466,1.01458577554104e-15,1.8269382445052e-28,1.23114657391024e-08,8.38994069233642e-16,1.14519380589232e-15,0.00822587074085082,0.000947519925374093,0.538873475738566,7.21010384496946e-25,4.12002527043746e-29,1.9805216573346e-12,1.43716887143619e-10,0.816538601667159,2.62927118279543e-10,8.13386541588267e-13,0.0017159013495787,2.17569893228055e-05,1.07360158283784e-42,2.44191460439498e-21,2.82955702356145e-21,0.0280009841715282,0.084137770787779,0.721233706828107,8.66361804126048e-23,5.12832053143967e-13,3.91560292065108e-19,1.55460843797832e-15,5.69172682884091e-25,2.87811332535613e-19,3.32058951664227e-20,1.24953462644e-14,1.6926855530451e-13,0.152963307898024,4.75325141681177e-05,4.39458451888639e-25,0.161087156116509,0.0188422099528794,6.22245020310837e-05,0.000657512458707319,1.49206687662835e-24,0.000771459931758887,2.15623684392789e-18,1.10144802528469e-05,2.4084671920419e-28,4.19334073144242e-30,1.22084597538695e-05,5.38671750566137e-10,7.53540776430666e-05,2.23705056378925e-42,0.000364882587659191,9.39766717350144e-09,3.02477211822177e-05,5.66080310451387e-14,2.06929316562499e-27,0.00481400277258502,2.95185859445633e-45,0.0362116308791853,3.84039659957256e-29,4.37365206425748e-08,4.43596972191305e-14,1.83779187012796e-05,9.40831819974912e-37,3.51230954600543e-13,1.29248695063816e-32,2.57885641601959e-25,4.07022329181953e-21,0.0221348705648524,0.369147510869045,7.16657947742391e-41,1.26794886789084e-34,1.66888641240052e-12,5.28596167881715e-41,1.44393283597114e-06,1.75503435009238e-18,6.9567609301534e-21,0.00350016798937116,2.96124032125301e-20,4.78833784190912e-08,9.65197470441727e-15,1.74002727909161e-40,0.0147345011704232,0.0076556023877152,0.0303400118811296,1.54315282526275e-27,1.63580483773396e-18,0.180926549061306,2.82846728752133e-18,0.263767933478555,2.05732371500697e-14
"Adenosine",4.1541953156863e-13,3.46067571170361e-24,5.27202128104603e-36,1.09944609207154e-12,0.069128536791333,0.00512618977682862,9.20601901881275e-15,7.70710933638901e-33,1.54498611311949e-46,1.47673053353608e-10,7.49752839642233e-28,0.695020752395906,6.60713178200126e-30,5.86901507806009e-06,3.9782295912416e-13,3.25535404465424e-29,3.46073363836567e-11,0.00558720781267882,2.69870363974236e-05,0.0692175365724674,0.00369149435829522,1.75688334941889e-34,3.66031111193031e-10,0.00118436276824951,0.0294971305196908,0.000133891542327402,2.19434332592222e-81,0,0.000607525142315669,3.2339228510228e-43,3.32997603339004e-14,3.28897132817975e-31,4.84287487199526e-08,4.17244344979153e-11,2.77156290476563e-60,1.05633257448509e-08,1.6717107150278e-11,0.170945988659721,4.26353757160491e-31,3.71845851874497e-26,1.5453132632712e-14,2.57846468089822e-24,1.33791043624989e-54,2.15306145075614e-45,7.87543427807752e-09,2.29318706094145e-47,1.78685262460806e-22,1.17287654581589e-27,2.19057215159294e-17,2.09820326372379e-38,1.46776858837633e-07,4.38616561070265e-21,2.5107819063134e-42,2.96446946619811e-35,2.51943693327458e-30,1.42345605050095e-38,3.87541362963944e-08,1.14155881839777e-33,1.63737085815328e-25,4.00766735995647e-22,0.008942000314905,6.94969616418268e-05,2.4203919645439e-42,1.1013472637395e-26,1.53624331841888e-10,0.00057203743362763,0.000678001197150157,8.12725185401146e-16,0.962731808435197,1.63124346094485e-27,8.50030300985703e-17,7.2642945697666e-08,2.83492181460599e-07,0.000644733509790086,1.73205742828794e-14,1.84358194168559e-13,4.98608815116172e-23,0.347716972497107,1.09702983037563e-31,2.52334584083878e-23,0.16452199751082,8.31987528456913e-07,4.989236691658e-48,3.10934186366195e-32,0.206078650285909,3.64181245886449e-14,0.324092602930206,0.00233583580007241,0.125079456396699,0.0127510468939462,2.62169693994115e-22,1.77669202076989e-28,5.50152089992758e-34,0.00129468810344082,2.58787224608269e-42,0.279797189316972,2.97514549416868e-09,3.12271977154945e-31,7.79350248042409e-05,5.02506023610479e-17,3.01033899619973e-17,0.993571821512351,0.120290468039428,0.881418704726725,6.0495383427777e-19,1.00772080372346e-28,1.05184629216346e-13,4.42403153338519e-06,0.084944277021197,1.21993403358519e-21,4.41401931306565e-09,0.0266020553580918,5.74986026424403e-05,5.04253652034043e-49,9.85070017962049e-18,6.92667682421517e-33,0.21490920341185,0.18068793609279,0.0262898099387933,7.18170421938159e-27,9.58655803955624e-17,2.68213158742766e-24,7.50684136018614e-23,2.80146172014718e-38,1.05500744788967e-14,2.30920185267207e-19,4.98189650155584e-15,4.52753369159686e-13,0.108097100031362,2.31135920900499e-05,1.20090538565351e-12,0.976071266450944,0.000118756116313737,5.45813496421777e-09,6.00112318371365e-08,2.98706791369323e-27,0.164357632595601,2.47724515179682e-18,0.00627464644134954,3.77450286552633e-27,2.82828056009357e-32,1.33275489250782e-16,7.95449900129517e-16,6.9757599413462e-06,7.30671353529173e-55,0.000216527063257351,9.97735526968277e-10,6.3725130091866e-07,2.64042091777656e-14,7.79955115736723e-34,0.000977820848820339,4.08644817982928e-43,0.213921124965589,1.76549603449605e-35,8.14551508199931e-05,1.05362518012131e-11,9.58070300587923e-05,3.15855734039262e-47,2.70562609445737e-14,2.96227679897807e-48,1.39781246328635e-17,1.21605581145223e-18,1.72750387029706e-05,0.185177476366221,7.76344534119756e-46,1.39295540193745e-43,2.68939775254631e-11,4.84594566884092e-47,1.01246664049992e-13,3.12593692522127e-17,1.17788434904521e-41,0.377607784658533,5.38201811554184e-33,1.54741342145327e-17,1.59365673255155e-15,5.69459829920045e-50,0.000485600663892551,1.39574716788496e-05,0.000241770587988802,1.76732457484061e-31,3.41053936610803e-23,0.000382419293260944,1.85936244528397e-15,0.918998160135081,1.00714040221461e-08
"Adenylosuccinate",3.00570479486102e-57,3.22835193081269e-42,2.33770348320116e-27,0.520092456230382,8.40061681164357e-06,2.85291474673979e-57,8.32218927021819e-14,0.0835680264860701,1.69512060245382e-07,6.47403177641522e-37,2.28705162229638e-40,5.40185742877032e-44,2.68301007570367e-24,7.30061082860779e-28,0.000714888911718304,1.57589451869733e-23,6.28558993655201e-49,0.00014486540269137,1.97226116641262e-25,0.0125994872954108,7.63620736034307e-15,0.517274378706894,4.12311596718127e-05,1.7550775518781e-26,4.46873857984178e-20,0.224104103512141,3.28469580784499e-05,0.000607525142315669,0,0.0227935782079198,0.00126018703939421,0.00596201418730013,7.99815236434796e-66,1.77531305077578e-26,1.70093298449193e-11,0.111463868050256,0.00108345623376513,2.33110194396391e-06,0.918799078858288,4.55339726421076e-36,0.0487475108109423,9.8115267909251e-33,0.00038213395960952,0.000587809396231868,3.61034257509378e-22,2.44033605017717e-18,1.31165612998746e-46,1.20281915638031e-37,1.28042726196852e-27,3.50670692573458e-08,0.00265862540005736,1.65834709981432e-31,1.1018128907419e-05,0.0566781469714299,2.26082271921504e-32,1.86383142636831e-18,2.20300838861924e-48,0.510645163312449,0.0707570099882416,1.11980078304159e-14,1.34576514801752e-27,0.361759475482143,0.000708478389450434,0.31731050376184,2.12208268093713e-42,7.41879145663724e-08,5.40864015040352e-47,0.00638840431627082,3.60168965101669e-34,4.12888065318228e-31,8.85606472213953e-45,5.24440971733442e-11,1.00726632170942e-49,1.02083188366059e-36,5.61877459423045e-49,7.00276162970848e-50,2.01650322556817e-07,2.99743199857288e-32,5.1735721953216e-29,2.53560582232939e-37,0.000946054974852608,4.04598010786128e-19,8.84052229034116e-07,9.34532770306039e-31,3.04789394122854e-25,1.48976132159826e-08,0.0331791106714497,2.59960044862285e-18,3.79742365548234e-05,6.08793801168594e-07,1.14207127171103e-10,8.31576135988509e-11,4.29388260422265e-28,5.08448684274579e-26,1.57277899569221e-13,8.53820064626915e-16,1.45019486805773e-19,7.70756830813009e-27,1.3575197027036e-08,1.3126409271687e-57,1.88364793610551e-55,4.0442320446313e-10,2.47091705227615e-22,1.57347319838137e-35,9.28769288315799e-24,3.8003505838572e-20,6.01685848895896e-60,0.0604246052257087,0.000387279138321443,0.00606751330250547,2.9924103171322e-62,2.22176119380838e-72,1.56327793650881e-36,5.85746602754599e-15,1.96454237168389e-17,1.14135766166733e-21,8.04672606052532e-70,2.76665906732122e-58,5.69551316727573e-13,0.0784271191715702,1.01724018922801e-27,0.00244181471149376,0.826415296660631,2.5014727411087e-07,0.00693181651961729,3.12151271788177e-34,1.49721832271671e-49,0.0488702968095312,1.55190870481285e-30,1.93013958704455e-55,0.00211456027812685,1.08749813092134e-10,9.46991592688012e-18,0.000228625026422261,0.453527107058528,7.94699510042971e-39,0.0939640165538203,4.70597400281751e-50,6.37359324474083e-45,6.66540861687569e-33,1.69543269228024e-26,0.108930539335427,1.01380774923624e-07,1.26661118921473e-11,0.0365412247181279,5.46076679049652e-08,4.40903943050582e-11,5.29837583120632e-21,2.48156749615261e-24,1.31803360425474e-29,2.19360670082309e-20,7.20985665046024e-14,2.91515778665169e-12,4.1225278275626e-21,5.65876034411001e-37,5.57385059459353e-39,4.55452322600082e-62,1.14062230281593e-17,1.35850690904377e-32,1.69535507706209e-12,7.03714928481502e-28,6.67950954943884e-32,0.0876158802588856,4.52231578813004e-36,3.69325528704068e-11,0.0133705257529716,0.00387606862311518,8.47195260384183e-16,0.516218693646388,3.75368540732e-60,0.000962727458328486,2.55086500401054e-27,0.0968670718559883,8.90188146731988e-06,4.33248476338765e-33,4.51189214963533e-09,1.97991347516535e-28,0.00493952483764068,6.37492720678455e-26,5.37431468431679e-35,1.80654283135204e-31,5.50080764573719e-08,2.69308886974131e-40,0.000115680601942214,0.891029170852714
"Adipic Acid / 3-Methylglutaric Acid",4.81510957619185e-07,5.53685782470063e-17,1.63476028386282e-33,5.59721113454673e-30,0.00246121438011889,0.193587585673034,2.15735788126805e-06,3.96771294857981e-32,5.33948697956708e-81,7.06670028497344e-10,3.08992926150161e-21,0.037530203089975,3.5066979846803e-34,4.88586984423218e-05,1.03399548929795e-17,9.94495957746756e-29,1.39044570399432e-08,0.0113213087703442,1.6258079776874e-06,0.000106902577105233,6.17328666427203e-07,2.21057777856957e-33,5.58125967004683e-10,5.82859981551489e-05,0.00105970252041363,3.0244754795881e-08,4.86852253654708e-34,3.2339228510228e-43,0.0227935782079198,0,1.71457270385145e-26,6.05677213396367e-40,0.000115850665343815,2.34568657392688e-10,4.44206972632423e-60,3.48674197115102e-12,3.49583302902142e-10,0.0892527539578087,1.32634426514103e-33,2.14181854798464e-23,1.56725747255194e-21,1.59333478209698e-23,1.01325186394438e-67,3.20435709300842e-170,6.03386120635817e-05,9.30115817166845e-46,3.46171893301596e-14,4.28471301319798e-20,7.93251831886541e-21,1.91033020206923e-17,7.87572202100424e-19,4.89110154388083e-18,9.55584787160175e-88,2.88794056827458e-67,8.50244060508879e-30,3.43916604527419e-34,6.09570372389613e-07,1.44849982179415e-110,3.36270930265732e-22,2.97848590609366e-25,0.550676502150674,3.01195642562751e-08,2.0470224177174e-86,2.37130501622701e-24,8.12208901693727e-09,6.13055774246118e-06,0.0408138236466224,1.30570985324033e-19,0.60446737738187,2.36376325190102e-30,9.19565945682685e-18,2.40957333129178e-13,3.83795797694714e-05,0.0125057797354675,6.80561046588266e-15,5.57436668532898e-14,2.64235702778831e-24,0.122556558047747,3.17502928745422e-33,1.73224106463068e-21,0.684706800153723,8.56317773774681e-05,4.83248363820271e-98,9.08546211305964e-31,0.603231096979401,3.04767812676698e-08,2.88472254129403e-06,5.03098703255138e-06,0.00705664100007844,0.165702326363622,7.94109494308995e-45,2.46479846650231e-21,1.38889562169993e-24,0.00958583447292067,2.91328067494412e-53,0.0986692978535152,1.31611735352881e-08,6.09790951762891e-19,1.36091891927881e-08,2.61978346268129e-10,2.61269772251837e-10,0.340471219920036,0.160459569461187,0.929210547260212,6.56943640631126e-13,1.02402587245826e-21,8.48156016197725e-11,5.93380100367162e-16,0.536393984132861,3.16812529106489e-16,1.37813330719821e-06,0.728551151764114,0.00514348032671913,9.99403335953752e-55,6.04010494549959e-26,7.86222006952188e-29,0.893157432701894,0.890265707406717,0.0251454794896941,8.75811296086602e-29,2.57727520423547e-06,5.493224596326e-28,9.363131408664e-74,9.61820422841831e-52,1.85121832988169e-23,4.83242852066223e-19,9.04777728052839e-10,1.55808840354328e-19,5.59898595990071e-06,0.139293435390431,7.25658823815045e-18,0.222383815100255,0.00295493331806798,5.36426721404966e-22,1.7405827889789e-06,4.92004008031632e-19,0.0319567520419211,2.01410849572858e-12,0.104154081010957,1.4102938090592e-27,1.27176465663735e-27,2.46258963796747e-12,4.05820136354576e-16,7.08637426040279e-08,6.44733371244544e-47,0.000272843489312268,0.000257494256482552,0.0791673695631196,2.40585930639417e-11,3.50198689233939e-22,0.0039531599331719,2.51215607470698e-54,2.00181771110341e-05,3.27576133490336e-40,0.0277042236107785,1.24391721765499e-15,0.00359502835646082,3.56125002561425e-43,6.414471293933e-08,1.2258523165024e-41,1.70669957794042e-18,2.61880913757007e-21,0.00414639947896465,0.000132820105885542,3.15622732410975e-52,1.28175523890175e-232,4.23999841066136e-14,1.03820428906248e-51,5.29415227332878e-24,1.40821090179511e-14,9.8589028667929e-32,0.329793539424949,4.03011169049295e-37,3.66225229315938e-21,1.4667314772891e-09,9.07813514501496e-55,0.0118658582097932,0.000945926486938107,4.37663952633471e-06,2.09507861399449e-21,9.43172422112914e-26,0.000215402771174158,5.33435655512647e-11,3.91004217850685e-06,8.93695710981064e-07
"ADP",0.171150880113874,0.142530954119177,9.69462093883786e-07,1.02349289938638e-24,2.38816490043211e-12,6.93494095685223e-08,0.240650096404699,9.21245910981408e-15,4.15125956285021e-20,0.0934218641651893,0.00438708198959738,2.34576406945058e-17,2.82475585087342e-07,0.00323713035037892,4.45261422051616e-15,3.34559139326368e-05,0.0705911484053456,0.165043106577821,6.27869489351567e-19,0.00100762257579967,2.05617809354055e-21,7.68725505289996e-21,2.54191803618148e-14,2.20456196387755e-12,0.535786715338111,2.00830481809922e-24,3.21270194780299e-14,3.32997603339004e-14,0.00126018703939421,1.71457270385145e-26,0,9.23626533315501e-35,0.00481465321746237,0.00144932508920815,1.79752346188698e-15,1.18006526898023e-09,5.05972913871505e-41,0.000149240426555731,2.01415445771382e-22,0.0578334478060709,4.31825741232084e-38,0.0665856775945603,8.38948000711163e-29,3.98626202927878e-24,0.0186531765715147,7.46179049634872e-08,0.722098358178915,0.0433076527690212,4.90002824382444e-06,0.000379895756675689,5.66947649256912e-32,2.90632944337565e-05,2.14958005114465e-26,1.00505500261513e-23,4.03193732169158e-06,8.93789984203462e-05,0.811875738304901,1.4502882919921e-27,2.06065348068669e-10,4.66524679008531e-14,1.07094434055164e-12,0.00422378717886908,2.62520248699196e-26,0.000259346764913964,0.114184758010711,0.0436589382659186,0.000136565981109245,2.05544723429145e-10,3.08162355596421e-07,0.0011296623658929,0.00547302661946299,3.92120551805537e-14,0.0501229524353339,0.289536030791759,0.029058294964465,0.0345638842624837,0.0733098897447666,4.62704782681952e-14,0.000214320158231322,0.0824148320564318,2.85782700531782e-10,0.252842805783008,2.38941160804171e-19,0.00106655502625616,3.13262279900685e-05,0.427586139054,1.75933229212529e-21,1.03037851337709e-45,0.198565704341191,0.000437679291005685,6.31378574115179e-18,9.6876538744087e-05,0.00664824276339493,0.0168136329675306,3.23651352265676e-12,6.77101133485445e-14,1.94195330820145e-09,0.0995212324365307,1.72208692623936e-43,0.902315291488644,0.950431803698429,5.81345889978781e-14,0.925677486737439,5.82991625109897e-09,7.72334461032043e-06,0.00691196344658314,0.326361593537815,1.87923320764901e-08,0.525776118891395,0.0351365760245216,0.60895436290597,9.06695669915003e-06,1.55390547443766e-07,2.04125790502739e-11,4.87462073857366e-08,0.00440309823468296,2.08936508585911e-08,9.771225458202e-08,0.000132579278396202,2.34881489546433e-10,0.131822376726878,7.74481549358497e-34,8.41309214552647e-31,1.15066334944953e-13,6.36261397402542e-32,0.153649316490729,0.105516993694419,6.68732695623295e-105,3.69803377265878e-22,5.89561856852343e-05,2.72529493147065e-11,0.00431798268687344,5.42618877235749e-13,6.61344504827266e-15,3.47787148136094e-05,0.0554310183340891,7.49540322995548e-13,0.577318233291041,0.0627594066018151,0.000346209789807586,1.2170844980595e-05,0.00134726966914365,2.94490623854013e-25,4.54374342750159e-17,8.89621224412201e-28,4.43628000953082e-06,0.00422303306523111,0.430775241408027,0.159560298335526,0.00539173559120067,0.939348831997301,3.67683343317005e-16,2.14625841845152e-32,9.71784640270757e-07,0.384508496380921,0.0134447963961201,0.00197154545820168,1.42972650468796e-09,0.589748493170652,2.14629704334993e-08,0.0272744062257756,0.0011505380537977,0.0260694383662063,1.82912707240737e-22,9.05597949099353e-14,7.55552863186564e-27,1.42011721302444e-07,3.20372997844428e-11,4.48175120668854e-20,0.493177791435721,9.40086878903082e-10,0.0211028994994813,7.40662581169514e-19,3.46925520052776e-16,0.902311129162939,4.28826977021228e-16,0.00840945166248848,0.158526638583625,5.62644998325974e-26,0.0295800721961357,0.00446200042141495,0.00176350280575398,0.00398706613379735,1.62230508061426e-06,3.21712037315995e-15
"Agmatine",0.981365365062955,0.00705236077494381,1.22445849256639e-08,8.84059089134427e-16,3.12382099554865e-07,0.000244636579970702,0.568549625875733,7.33159525037425e-17,4.35335365193767e-25,0.117006060904594,0.000140854028323962,7.04316306469626e-12,1.14896676348704e-08,0.546755439132909,3.99266093089528e-26,3.72382696958371e-07,0.686117611924363,0.971824510263828,5.35240155181086e-24,3.397198258144e-06,2.63056837482204e-16,3.24727072707877e-68,4.08943023339983e-07,1.65427649580038e-17,0.647232836799537,1.01162885310549e-10,3.34200791973144e-22,3.28897132817975e-31,0.00596201418730013,6.05677213396367e-40,9.23626533315501e-35,0,0.154347173631428,0.29155177251051,5.88061829257684e-22,1.53956532711348e-08,1.84427489639441e-21,7.4335480172628e-05,3.90422049811019e-25,0.00234821374541463,5.63364500738102e-28,3.19481541675898e-05,1.3003914182222e-36,2.25754410003861e-35,0.451583493823746,1.62731879526426e-13,0.0296481174048738,0.000550576121476599,4.16126094363042e-05,2.98024400578236e-10,3.74201449207029e-23,2.76021048385346e-05,1.40090349467477e-27,1.27955437910896e-29,4.84616252344594e-07,8.75391543823065e-09,0.755711057230173,8.83432189062633e-37,1.63753744037973e-24,1.03412280628194e-08,2.91155134618945e-05,3.90475502107729e-05,4.90527354327207e-33,1.37883468900061e-13,0.547005292882726,0.224167621174505,0.00194845616894115,2.47932380548285e-15,2.00090043315711e-07,7.62166383637342e-06,0.00895146858865384,1.62954232520395e-05,0.268389883670149,0.165700558944316,0.0490718157701523,0.0817466728554905,3.34937817493526e-07,1.16899301437328e-06,5.3035263921298e-07,0.00398218504224081,0.00370966597631473,0.15407630666552,9.85927983556027e-27,3.21568848071079e-06,4.81446795099142e-06,0.00261335919392171,5.60943077327633e-06,1.3950148590972e-19,0.985092758019442,0.0373757775521265,1.30588703533411e-13,2.82745493804938e-08,4.96205889762331e-08,0.0116311923511133,4.18456662795981e-16,3.57356417357555e-07,0.0056007207865178,2.46499486560305e-05,3.38455005140651e-19,0.284531282773362,0.275872353876769,7.86705221233296e-05,0.0024175737243429,4.72523306973208e-11,0.00853204428721727,8.25597155226226e-08,0.218729934067497,6.9487542514066e-15,0.821311497757774,1.60210777535111e-12,0.744155631520524,1.01549395886402e-05,0.128564309021678,3.24423960391884e-16,1.0074511862623e-05,9.959692629032e-09,7.03403478587861e-07,1.69074793737442e-07,1.10874544408491e-05,5.15942686709438e-15,0.11323970437488,1.34419129031991e-43,3.8026394476378e-37,1.33650163463868e-17,3.78351055222764e-28,0.00149378719913016,0.173418469669449,7.15517938523438e-25,6.60348749160688e-14,0.0133237715699065,1.17628202316345e-07,0.170247587566192,1.72128906441893e-13,1.91768807983143e-11,5.93380896253278e-05,0.000861762308682927,0.220755449488894,0.122203538382048,0.0060182056925884,2.15632311612998e-05,4.32910426213738e-07,4.72169967952727e-12,5.01981169551767e-40,3.2546696346253e-22,6.50313851579373e-44,8.35371319912524e-07,0.389257636401269,0.719974567389027,0.0527856801429859,8.5468218301513e-06,0.043100777967433,1.14833097722485e-17,1.09089102958005e-09,7.50415666640346e-10,0.281459446218511,0.0545070358769822,0.00407563853138573,1.15811390249291e-14,0.427013745264294,5.43332137958818e-14,0.00357327814555751,0.00315495263268061,0.227670202995389,1.77210627788821e-13,1.55811780982431e-19,1.14728481848882e-39,2.67828721643403e-21,2.71096078488632e-15,8.03842129964109e-21,0.151321068270252,4.89966715903456e-16,0.000199561319270845,2.88759821961001e-33,7.46678826069871e-28,0.197811295164115,8.74170867596305e-21,0.0943843184345169,0.0080328766288651,9.97018494276571e-21,6.28281780831128e-05,2.84019267094038e-05,5.81149389157874e-11,0.0368964184454739,2.76929117034871e-05,2.08109743051589e-09
"Alanine",5.54880760310264e-83,1.33510998440821e-71,6.11152439603967e-39,0.931595155956832,3.80777548672216e-05,2.67838640856186e-103,1.32379475194628e-33,3.29033247788756e-05,7.13275405571468e-14,6.51119671638795e-48,4.90727256137891e-51,7.53763078366814e-57,9.15396483225264e-38,1.67431957617262e-31,0.16852301710865,4.54364184522232e-37,2.97722910667412e-58,2.26925896250065e-06,2.4014504103706e-27,0.00602390630742826,3.21948370118245e-10,0.118182162531472,0.011339509809226,2.33712488258051e-15,3.59558965703352e-11,0.0427793831890344,4.15764039801955e-08,4.84287487199526e-08,7.99815236434796e-66,0.000115850665343815,0.00481465321746237,0.154347173631428,0,1.60884636997049e-31,2.5903999423368e-15,0.0551931147401416,0.0118947679816194,0.000968565794530991,0.705849079402045,5.21108389817304e-60,0.489678958732277,7.74796218293651e-39,5.51477530785385e-05,5.40243434755916e-07,8.62034627415114e-25,2.88092416460696e-32,1.26064489407115e-74,1.15634853046938e-64,3.76387787642991e-25,1.33183890920792e-15,1.46432022984464e-06,1.59270624859217e-26,2.65552721361335e-10,0.00154948301723682,2.86107840589748e-44,4.77086289038057e-38,2.13791397567091e-59,0.00924597959300698,0.163027264746243,1.50082415139354e-18,2.48514236956203e-47,0.192267022962947,1.04941459661269e-07,2.6626803260113e-06,3.1029844703897e-48,5.73412393081596e-06,7.66918433835284e-87,0.000533258425659919,4.65020041748681e-24,1.93419052198313e-47,4.57243560327044e-53,1.26972195402489e-05,3.86443094178045e-71,2.16781055461914e-24,2.60009580560743e-57,9.15063621046157e-56,2.33657577698331e-18,4.93686889351248e-36,8.93222664677818e-39,2.73142632060677e-50,9.55982168521352e-09,2.28068085222113e-15,9.26112156162635e-13,8.28197388053195e-43,1.07363945757117e-44,1.68643543315615e-22,0.00564432596258328,4.04682309136501e-21,0.00562329849130691,2.61038356571674e-10,5.40768772154392e-13,3.31182170714316e-15,1.62953300724977e-40,2.75616782764825e-51,4.22832905269093e-24,1.84163642929378e-24,1.4851778355171e-14,1.46767642689835e-41,1.20506210128666e-12,7.28210574706015e-84,5.60855126764908e-85,1.04823482389849e-12,8.72602278772449e-23,4.92813242054042e-43,2.9212594806935e-26,2.59146946421631e-32,4.54888851648921e-88,0.0455245873626769,0.221918531372008,4.99368188044895e-07,1.75709700238075e-64,1.71849934642517e-67,6.01449077814387e-40,1.68684252150331e-25,1.87772457182523e-20,2.75069842618883e-34,3.29990390070137e-56,7.67948308492094e-74,2.13942086005361e-07,0.000650533890564142,5.24968689486901e-38,0.0317008093865018,0.246538217158601,6.85320073911483e-13,0.0487516059171418,2.49432258305909e-43,1.61249671524822e-67,0.0562860952090326,8.37337555008012e-30,2.96192946824379e-60,0.000443375413525955,3.09066079166619e-06,3.03361514479901e-06,0.184726091671941,0.146261727073451,1.72205400281156e-65,0.200120524147604,2.02489052898036e-86,3.08409329717606e-31,8.04874903774131e-49,1.63152118540617e-43,0.000367774291582223,0.00149118663006413,2.17744280712139e-05,0.00808046392031514,7.17457820005953e-07,7.11120080595457e-23,4.55664614559412e-37,6.74935088914121e-32,8.99588825642205e-48,1.33642759802958e-24,4.4644058511219e-17,1.8793430221267e-14,5.65477909629012e-37,2.26426297683687e-37,3.18113193294962e-41,7.58160456870432e-85,3.62352510224789e-30,1.27435814064682e-67,1.16892783696031e-25,1.65712598817066e-27,1.39044863488965e-39,2.21977326516891e-05,1.9087673320221e-28,2.83748839711182e-13,4.91931396184252e-05,0.000240252480765887,2.93657594696214e-26,0.437297666966362,9.13124404151235e-78,2.09033724529632e-08,1.56007563591342e-20,0.409830126438467,0.0806471379423903,1.67453363552501e-68,7.84454433694376e-18,3.78295240051522e-51,0.63387507682628,1.84783098438886e-20,3.44465209890284e-57,4.14936365707255e-42,0.000107741232631335,1.12706739829406e-44,1.81838791353513e-05,0.725508671556008
"Allantoin",3.23601677728978e-30,8.2764903541103e-41,2.87655379837409e-38,1.52664139384219e-07,0.967356024970292,1.22126639266465e-20,3.75445116303051e-18,2.01632208405678e-07,3.87348662973915e-23,1.85594618739492e-47,2.63239534643707e-41,6.26102269864434e-12,1.40303135786205e-43,3.405489273356e-11,0.42105020994348,3.33409022830343e-41,1.00844403131023e-22,0.00206024628542063,3.40667463919575e-07,0.2981549705056,0.153987948752339,0.0112675628846465,1.0146651222207e-09,1.7616076213286e-05,1.21453051778423e-05,0.0089853404287627,1.53888802535423e-11,4.17244344979153e-11,1.77531305077578e-26,2.34568657392688e-10,0.00144932508920815,0.29155177251051,1.60884636997049e-31,0,2.70879201174001e-24,0.00020840198744205,0.280102103459005,0.252209641439727,0.0202139627057432,7.85072814936337e-39,9.04591925290069e-05,1.02030585210974e-20,4.79769516909837e-13,1.19455883152612e-13,4.82186396569079e-09,1.11157410553007e-30,3.1945903663026e-35,2.4037242286302e-39,1.88478511917186e-33,1.34831477589781e-12,0.666461418941195,2.20223301546697e-33,1.07922403329872e-20,4.84364395196589e-09,1.02728078358722e-43,2.80178825740364e-35,1.03390637751921e-34,2.37976992957049e-07,0.00164130913708596,1.02624506531618e-33,1.54384843981795e-09,0.000822600989719049,2.83003606765017e-17,0.000556285688043498,8.90306967323065e-21,2.83500154858727e-07,1.59827034706238e-26,1.9744729139831e-06,5.26064960911113e-08,1.1080796006762e-38,5.92458334772077e-51,1.4132666552404e-17,6.28477971842808e-32,1.45522219182852e-16,2.37836800149096e-52,6.58890345936386e-52,1.02484212983601e-10,1.55531892096676e-05,4.15633292442925e-31,1.23292945582504e-31,0.100624566218502,0.000223547477021767,2.26382271346903e-20,1.25561590513456e-32,4.55017335374478e-21,1.88475266892902e-07,0.0823873878884397,0.00561636824033948,0.000426347316995748,0.0136658209812518,2.59582986704589e-29,3.66663112919584e-16,1.23689613599023e-23,1.37091512215006e-26,1.01272069384231e-30,6.09629007939646e-06,1.58837141060663e-28,7.40168944616883e-24,0.250522052193037,7.66415197857631e-45,4.01625112434384e-45,0.00124603080808788,3.89147231806229e-21,8.42325100717013e-17,8.32885847603489e-40,1.99721626683474e-21,2.4000499362974e-27,0.447787351529832,0.00416702386576489,0.000556263499167016,2.5876217970093e-51,4.13514242183525e-26,4.52105960454625e-10,6.52061925091076e-32,7.20853483553088e-32,5.493224596326e-28,2.34450250824368e-21,4.29498207076539e-22,0.168603566503099,0.000120359220689057,3.04054201195442e-12,0.0512884986782978,7.95055232534436e-05,1.35729486665726e-20,0.0306658702466145,2.30652385731998e-31,5.15043131765234e-23,0.000116733166974878,2.20117715871519e-05,6.13852549611935e-18,5.16326156021331e-09,2.38504922254717e-14,0.164072484688907,0.0153668058099208,0.356344434386071,3.25859281387631e-39,1.56839427413463e-08,4.84363152457499e-42,3.07691564268722e-20,2.0768709211409e-40,7.35014078781614e-42,0.000117190572254044,0.41777087499546,0.273617629442155,9.91439913946342e-08,0.00136081088563167,3.72043300634175e-06,1.82683991539793e-15,8.69590776867235e-10,9.29829707928327e-34,3.02169939011725e-23,2.52073599383369e-29,0.67321357903057,3.86387326677598e-38,1.18948162616116e-21,4.43546124413782e-44,1.69055309217637e-30,1.26167809744473e-32,1.24551718333906e-27,1.34392412549305e-26,2.84968804392181e-22,4.61166436869384e-45,3.19867702101771e-05,1.19227715038175e-06,1.13187554408407e-19,7.12492146080677e-11,0.0415432335601158,2.02965441756253e-31,0.000297320235617476,8.25015768147723e-45,1.55814012721742e-12,8.0694205947829e-14,0.0119121258499616,0.957246028802531,5.65280182536126e-29,6.7991806780101e-28,3.92411174488783e-18,0.150704127757161,0.000765056529300225,1.62463703691231e-34,1.06067030815596e-37,0.00176732585756515,8.33422531501389e-43,0.290988855676684,0.000891443347116988
"Alpha-Ketoglutaric Acid",5.9696853694207e-22,2.17974744634987e-40,5.39590621954954e-69,2.6347973476902e-15,0.477023066040338,1.31989902090846e-06,2.30442447824116e-14,2.39005513284566e-37,7.78861349825173e-77,3.91422228502773e-21,6.97124090805957e-52,0.191618447355628,9.60533401477952e-63,8.05038794517275e-12,1.51522197502294e-09,1.08941194098656e-62,2.55086442079871e-22,0.000675311416032154,0.0794412776943812,0.268878765416993,0.0881300831661901,4.92614919871648e-25,1.45328881530893e-20,0.544592824731928,7.75457283686518e-08,4.45115342170057e-05,9.28785222753826e-59,2.77156290476563e-60,1.70093298449193e-11,4.44206972632423e-60,1.79752346188698e-15,5.88061829257684e-22,2.5903999423368e-15,2.70879201174001e-24,0,7.3195371671723e-07,1.0487006603918e-08,0.751393858642945,1.35192459414637e-29,1.60323704270934e-47,1.1895113473309e-13,6.8673999963325e-46,1.48609493750545e-74,9.53736304848694e-72,2.84072064051634e-11,1.24777830794116e-81,6.46370358555954e-36,3.99069513611662e-45,6.78198536574212e-41,9.97424189271932e-29,1.29108249258495e-10,2.0049456925389e-42,1.27562179399258e-66,4.28722356253302e-48,8.04779355468646e-65,8.24712756503138e-60,7.96363780613231e-20,1.39973097602031e-43,1.54683949791361e-15,1.44393553988023e-44,0.000225754022965078,0.004048308024894,3.78894041902956e-70,3.35131393148336e-18,1.00159554891258e-21,1.54472362460769e-08,2.70351921747592e-08,2.41970934010759e-17,0.00388426573144536,3.90015148615669e-50,9.97749717062675e-39,1.07579322389403e-22,1.01604274282494e-14,6.05440752006331e-11,6.79574528044902e-34,2.38084696623868e-32,6.13361728982315e-26,0.0309785054673413,4.92487606549882e-66,1.31671930646506e-46,0.510348693474253,6.21278098963895e-12,1.42028140851935e-80,1.03772400060362e-63,0.00159971918572114,6.83429045622926e-12,0.031018012773804,0.0203594179939613,0.00053757159537586,0.0879299571534496,1.67035230869167e-46,1.37770086021356e-35,6.86848295864958e-50,1.52251303099362e-07,4.79645364374607e-77,0.235038356343957,7.26796255502888e-20,1.49667587410637e-41,5.86880573137292e-05,1.68224944917354e-31,5.45312685811214e-31,0.837900491276007,1.12509836153802e-05,0.0044620949962771,1.19016959599126e-28,2.92605648002733e-37,9.49674230277454e-25,2.82171178102408e-08,0.902058508869547,6.78590331493796e-17,1.63778802325359e-21,2.14223210188499e-06,6.50186480807179e-09,9.19439517208662e-97,5.37532512111169e-38,1.64988138925185e-47,2.56237405668214e-05,6.17733071520858e-05,0.665136417408478,1.60120900470734e-26,4.97830510265376e-21,4.91790937540502e-17,5.15910188530619e-28,7.18773337281618e-57,3.34507249680379e-14,1.07769151908298e-35,8.3549171940948e-25,5.19241383281854e-15,0.564536783933887,3.30147576605676e-10,5.04919216944175e-24,0.00046532036037014,0.425295212137643,8.01552801077736e-09,7.74274894445822e-05,3.72201730468405e-44,0.000396001735403486,4.42030894807079e-33,1.17572234348308e-09,5.5418053596697e-58,2.28942436006529e-57,4.38488657440648e-11,8.82212183918886e-08,0.0154941478056727,4.42666449081064e-51,0.10022040212232,6.16727123633468e-10,1.98349243601648e-07,2.06923986671772e-19,4.99111217008868e-52,2.44138051656344e-08,8.24783394190976e-109,0.106780125373023,2.25471039890486e-60,1.21624426440079e-11,4.05122908978685e-30,2.22229710978528e-11,1.24382316599732e-76,3.01731435771389e-20,6.52836091538726e-62,5.52888428709631e-36,3.43374935979284e-41,0.000662895974266243,0.622141818673834,1.00165137064929e-62,2.24369589325956e-62,7.53822569004629e-10,1.26851246231935e-80,1.77210627788821e-13,3.63696753388808e-36,2.46355059476145e-33,0.0001252705224006,4.58448156236324e-24,6.66605311272069e-09,6.43854617747313e-23,1.79493041137254e-77,7.52230955967078e-07,0.0109259184779754,0.131118968824313,9.18864409895995e-51,3.0162578511291e-42,0.140365047010563,9.44132921217631e-29,0.312807847598683,2.68443182681072e-07
"Aminolevulinate",0.0420352299133056,0.000129100559911249,1.98819628386603e-06,2.27010756085234e-08,0.563970150563237,0.3459166030354,5.49021355814946e-12,2.87988678209853e-13,1.98309863883332e-11,1.78220708340622e-05,0.0164708112738192,0.584990580675565,1.13272487747761e-05,0.0995360852034766,4.9922838284277e-13,8.48058272304385e-05,0.780937341353302,0.212096495395049,0.0272744062257756,0.00214967187000457,0.000910293335583317,1.8204184813642e-06,0.0380724533105282,3.81698355722578e-05,1.08339255561042e-05,3.08279419589727e-05,0.00103658369219274,1.05633257448509e-08,0.111463868050256,3.48674197115102e-12,1.18006526898023e-09,1.53956532711348e-08,0.0551931147401416,0.00020840198744205,7.3195371671723e-07,0,3.99211513762616e-08,1.09251176654624e-07,0.00689285568523384,0.000269652983648213,4.92379382964401e-15,0.0189103904417872,4.38168584648244e-08,2.98181359951259e-11,0.183756361736355,1.92055793344112e-09,0.000827815630886974,1.27063795873812e-05,0.263427479285289,2.0104867991594e-13,0.500149661608744,0.536285773521391,1.50632260270334e-11,3.10567884738841e-13,0.000162595448865885,5.23522274844474e-11,0.00640624991905724,3.21256266738722e-17,3.78614920862185e-29,0.000844748549032082,0.403436539298603,2.97675439174249e-11,3.56150795659249e-11,1.56150761761895e-20,0.435298921560069,0.0014725745470536,0.236748540051766,0.43636139531558,3.5071211166207e-09,3.60664461468976e-05,0.0676485505196788,0.124074870330924,0.837924056525862,1.34583768254643e-05,0.131100072771922,0.19907956770838,2.98698341131445e-10,0.0045037923358495,0.000179005962335754,0.00166987656948727,0.0105773988417745,0.637027701791628,4.24869483860784e-13,0.000121016642599463,0.49948689578107,7.44789808903861e-14,0.000180949594438548,0.0123621317651859,8.40803745900068e-06,0.125264645386383,6.66605311272069e-09,6.64146925340602e-11,0.0280009841715282,0.101838486089877,4.54440905376878e-11,0.286783731623415,0.789123873057712,4.66459063945316e-05,0.481209151451778,0.00579396920821809,0.00125354337367151,0.0575723710629518,0.0863119672547012,0.829189528892374,0.0112820316663386,5.5534473552181e-06,0.0572807631786744,0.410646518522556,1.53438993462528e-11,1.8268127861868e-17,0.263400350835092,0.41226330442413,0.0269097042611506,3.17400569160564e-10,0.0213588801610185,5.24304168787447e-10,0.0161795336457224,0.788960804263518,1.90212910284189e-11,5.4345436462813e-08,0.0564997379107566,2.46720124560497e-09,5.66860136936508e-13,7.90819063146869e-21,0.000937052682713591,0.0999219161161888,0.37263775659854,1.45724411808568e-09,0.00300681861198185,0.929291337950325,0.396767587938037,0.533969629320381,1.49603780112252e-17,1.91416048565417e-16,3.657790399572e-12,3.73888320566491e-05,0.620008667370352,0.00309147698556105,0.236687594283903,0.000413949343257009,1.32954674982639e-06,3.73129299310165e-17,1.91129826018164e-12,7.4947492796344e-06,1.30251240194042e-07,0.0352001998392679,0.0402339126974415,7.20372646658833e-06,0.795293137817212,1.04014948827255e-06,0.00468889850223372,3.39605092092779e-06,0.0479207709526379,2.75080141139824e-08,0.18087407860156,0.115487244738227,0.807433725149789,3.65328655221792e-12,1.1178585229548e-05,1.4690885534759e-15,0.623020336968873,0.0527326785493565,1.53192751854909e-15,4.03734632849279e-05,1.682283622113e-07,7.74801301894019e-12,0.79496750730053,2.73082049412221e-10,5.11117963304592e-18,0.095207711124159,3.30010552860768e-18,1.68198698111966e-06,8.28909445761688e-25,5.69172682884091e-25,1.15084017956253e-05,1.71609909372526e-12,1.13001406380493e-06,1.15137135862333e-15,2.09410390155303e-10,2.555431034464e-05,1.82092295047737e-05,9.91831876079706e-13,0.082005576923861,0.0015723701932038,0.300451703264068
"AMP",0.671030703695789,0.225108021815085,9.66450868884704e-05,6.21863147545363e-05,0.000315804201340786,9.68782878904802e-06,0.585425560708273,2.79716667259249e-13,3.03449156382178e-08,0.391979403105679,0.0978396384506122,4.0677523807631e-11,0.00276265186361723,0.0195661940645005,2.57491251146789e-09,0.0261623002812956,0.1585969665906,0.725794084034644,2.38993203993378e-13,0.424432847857116,3.05761123485122e-10,4.3397971208914e-18,6.01861437023098e-08,1.76242407125441e-10,0.171350493067959,1.26292915315745e-10,7.82680213388837e-14,1.6717107150278e-11,0.00108345623376513,3.49583302902142e-10,5.05972913871505e-41,1.84427489639441e-21,0.0118947679816194,0.280102103459005,1.0487006603918e-08,3.99211513762616e-08,0,0.342168852187382,3.94074599945486e-12,0.297651408875624,9.10870542310996e-14,0.0468062089984196,9.87996892386896e-15,5.1854488780462e-09,0.568812011798698,8.7860195196589e-05,0.662579317701694,0.0747735388986744,0.220755449488894,5.57409439913824e-06,3.29834601011474e-11,0.174143248474894,2.97772074472911e-11,1.38691812257876e-13,0.0011544565232647,0.0103909194594215,0.462630002087545,7.39830161436984e-11,2.73405466287829e-07,4.99184167282442e-06,2.22697204024277e-06,0.0646085282110123,4.73620188205542e-11,1.38995283329554e-06,0.215995295450568,0.0856719502051522,0.00251288698747692,0.00509293497951809,1.67983552586246e-07,0.196812713792577,0.447479415231843,5.80361518843848e-05,0.00443307757838529,0.358824467959041,0.819743310626955,0.874979283890136,0.247531696604478,0.000279280183934231,0.0124374013604172,0.311268570909722,2.42265273647163e-06,0.0254085007147257,6.02354610958176e-08,0.0243857700080741,1.03036809881699e-08,0.933586842537316,0.000887662367957212,7.01297393472776e-37,0.286664683271986,0.542097375461121,2.24714837262461e-05,4.96901685365051e-06,0.0381599835387,4.45769128552752e-05,1.27967970281275e-06,3.30496359438244e-06,6.60269727442367e-06,0.00398774044888883,2.65292121972625e-30,0.609587597437947,0.866362245621746,5.02223235654445e-17,0.202627189402979,2.91585178921147e-06,0.000315963401532481,0.00261468767356183,0.136556273931204,6.27187717172826e-06,0.0563906870178626,0.00274872776692102,0.82157961862963,0.00932360604991083,3.21009954007812e-06,2.54135762651161e-06,0.0943843184345169,0.0388011432158242,3.32708036288156e-05,4.93214482366965e-08,0.00729165899916487,1.8397719282128e-12,0.441470836844566,3.55824652092196e-19,1.10214076540624e-07,7.69668137252194e-07,9.66641453284808e-15,0.907709336673207,0.210206471444264,5.42739989284198e-47,1.30923484655685e-10,0.0823783323306347,4.77687841733129e-09,0.725385109023632,4.28144528199334e-15,0.000747980896176606,0.000815466019253827,0.0811115477484141,4.62809792023674e-07,0.53763041590101,0.306891707290736,0.0393745565174942,0.000673986258943997,0.0473427873518977,2.25904123781556e-19,5.64901780114963e-13,1.49201904051462e-21,2.11358388112244e-08,0.891481584387545,0.482689196002651,0.0274965966249647,0.00323940897220159,0.0974767063601351,5.04443531902571e-07,2.94226139315185e-12,0.0100745632506413,0.986433449698011,0.709623613707866,0.00109687024298921,3.82861806808699e-06,0.379669375660909,7.23944120045744e-06,0.0514786386383273,0.318505940823884,0.0790465042200429,9.31232353607124e-10,4.22005250414917e-06,4.07937481782863e-10,1.83803779348884e-09,1.21026868945358e-05,4.73745202360434e-07,0.539569501312935,3.40022736446525e-06,0.000662686643495948,6.86480903408558e-16,6.47674535482069e-08,0.27935589692153,6.64243266618923e-09,0.0342789864334512,0.000383137701626217,1.55180746961817e-17,0.0235531389943407,0.805368565558147,9.10365512122509e-05,0.0249201727450507,0.933586842537316,7.62187194190701e-10
"Anthranilic Acid",0.000159906013046637,0.0332630010020293,0.0213013478979075,6.36273164123783e-08,0.000217087404891502,0.000261867908296784,0.020002845516111,0.210213599300316,0.522918120937145,0.33897203985849,0.00500114550940147,0.000130314049149812,0.0755578205366993,1.74709522028391e-23,5.07078063400708e-06,0.0126176083590736,4.24869483860784e-13,3.03712320422734e-33,3.28226645978497e-08,4.16918157002375e-27,4.61598582603133e-07,0.195186420063138,0.00290612632002603,1.08181194588841e-06,1.4800052016772e-25,0.0380132302118512,0.453635147587701,0.170945988659721,2.33110194396391e-06,0.0892527539578087,0.000149240426555731,7.4335480172628e-05,0.000968565794530991,0.252209641439727,0.751393858642945,1.09251176654624e-07,0.342168852187382,0,0.00548183530207934,0.00522264909181654,2.22120390544294e-13,0.000104688547663417,0.0230996408302714,0.13815562399814,3.1282070702776e-09,0.660136398689596,0.0217692160438665,0.0545695677399204,0.0564160293069083,0.535052300114803,0.277936201009019,0.16361192352138,0.569522183552836,0.15949177461582,0.0193029800770439,0.670744448188326,0.467900327356238,0.00211425584400844,8.83841377090943e-12,0.951188297021206,0.000616387548422469,1.35060318264913e-23,0.511813841101765,0.202236610780552,6.99125247912305e-15,3.57637662869541e-17,0.000469717207642142,0.014849242717104,8.04488800846261e-18,0.148955856189295,0.00402418234575981,0.000234214389819086,3.30454268618691e-06,4.84880376179414e-28,0.00364524882824947,0.00197572359326689,0.908058616643328,3.63143817123987e-14,0.0116645760524893,0.00528339409757269,0.846836503412513,7.27462024975117e-08,0.177040138581312,0.0173255526067383,0.566598731954384,0.589748493170652,7.3253258852229e-14,0.00265921283202363,2.69156350255471e-18,7.33015595757816e-22,0.231097952518242,0.785247412980516,0.0411085782144707,0.622481612635342,0.915379471252807,0.199094182155262,0.0147588254640251,2.29770620595401e-05,0.757795087808995,0.00642733289454889,0.0125117779119475,0.0205572384385346,3.48124070287497e-09,0.00115193879439,0.0296968737360319,0.0244881293741827,0.00183619877606216,0.000836288783275881,9.04684346478192e-05,1.62326682377153e-05,0.000464625029310361,2.34122197893181e-07,2.8478571672611e-13,0.806105908139064,0.0115177488767604,0.866038011155401,1.00205561172543e-15,0.00134905794089381,3.62154585764309e-13,0.573334099042578,0.0072466635112978,8.68219516387974e-10,2.1412369213387e-08,0.00431174044941156,0.0748063467182061,1.23015036837266e-05,8.52528112422228e-08,0.000274886603670466,6.20390139149859e-05,2.65637561778472e-08,0.00391384406916013,0.208743131439331,7.24861170399345e-09,4.20223425856278e-12,1.52092142076128e-05,0.0431212018414064,0.915070995391243,0.00165514707877918,9.17712255684158e-08,0.0351669157389083,0.105701386168257,1.03077207338789e-16,0.0016356707757084,0.18323550306798,0.00955710388885935,0.284308166649672,0.0246447945414749,0.807002223291606,1.39362656164953e-07,0.0391953276502901,0.132068718820606,0.997754787018668,6.29767346323276e-06,0.528869153315577,2.15888629009345e-06,0.246555852606583,0.000144300270857701,0.438335563177719,0.00109616821161054,0.147737274018753,4.80412092786178e-11,0.0139562038925522,3.17548036654523e-05,3.83191599993559e-12,0.166070335048672,0.0859896305845641,0.0616733529187769,0.988261874237121,8.10555432274526e-25,0.00210936382344763,0.000464265866660109,8.01020708419022e-19,6.54412649315811e-08,4.65263337458101e-18,0.000756741630650903,0.558403636184236,0.184263276405487,2.66029573001401e-05,1.08909555109671e-19,0.00951431941552361,0.231445789858393,9.13607264365005e-16,0.000617763676030593,5.67477526932767e-21,0.734745712151546
"Arabitol/Xylitol",0.00528644743600148,1.61616303391478e-06,1.12402974947187e-13,3.59820180114965e-12,0.260755636194057,0.0952155843619493,0.00644479730475942,1.55390016572057e-21,1.72294010182505e-26,0.11560125379848,3.20884546693564e-09,2.27875320351606e-06,1.69724125324107e-11,0.213507439562029,8.22470139566973e-08,1.0123843496021e-10,0.00702523093552035,0.751558349443083,1.02762614410998e-13,0.00122618275203732,0.00108467195598765,3.43521861793139e-16,1.57684769670708e-13,0.00239888386387569,0.0462063216406753,3.55916301419707e-07,2.57356005424487e-28,4.26353757160491e-31,0.918799078858288,1.32634426514103e-33,2.01415445771382e-22,3.90422049811019e-25,0.705849079402045,0.0202139627057432,1.35192459414637e-29,0.00689285568523384,3.94074599945486e-12,0.00548183530207934,0,5.05589328447833e-09,2.10176345317783e-15,5.17136039205619e-10,1.40505662739865e-45,7.07437352564272e-33,0.203476022283918,2.80600663955531e-17,1.1390715024944e-05,1.6321841291294e-07,4.25955284599779e-12,1.23398894598785e-09,2.53021784649411e-19,4.93711750680555e-12,4.61961414378249e-26,1.4323919385874e-29,1.54855735426752e-11,5.52310511435158e-13,0.0147501770275342,2.58202183347e-33,2.43069258522369e-10,1.22060510895689e-15,0.562731153239187,0.442318278816869,1.01858309611691e-26,4.03141439485492e-11,0.00364011974903576,0.00311902662932972,0.628537536577356,2.14555550837716e-10,0.342193205508902,4.0778106160272e-11,3.27356441082582e-06,5.69802884285369e-09,0.502268055589084,0.222812663871779,5.72818158467656e-05,0.000123474496634993,3.51791972394009e-07,0.00860008004022606,6.89732346381237e-17,3.65155868216122e-12,0.00208637563891527,0.00989614490123948,1.07995118419442e-28,1.1110551844177e-15,0.237280198629191,0.00801132808081782,5.72251077869847e-06,1.16864911320475e-12,0.0790477861697169,0.0663025027170687,9.22420262574334e-14,7.31878696420424e-10,1.30097433895822e-12,0.631461162328015,1.45846980431117e-20,0.0128542412062792,4.88691890588945e-05,2.97020448218065e-06,7.74253783072692e-15,0.00323713035037892,0.00375953232983873,0.000439720169944475,0.651315357545166,0.0315273468312663,2.16489617476684e-05,1.23998933511117e-06,0.00870718245625644,1.20168514569156e-08,0.00236760149509286,8.18398216839314e-07,0.154400846547361,0.0238418040862015,0.926015725488548,8.30854350057981e-20,5.40725253866711e-09,2.98726979636525e-09,0.00671637313854445,0.0556562986889156,0.253267768536629,2.94930320112441e-23,6.59370345626099e-05,1.42439434771478e-22,4.50192264180878e-31,2.3448159828091e-20,1.68699033468955e-13,3.80521813592105e-05,0.00750635786120697,1.71194206721831e-21,9.99967808115554e-09,0.867043304640622,8.9549087482961e-14,0.621779391125967,0.0219810890106989,2.07237225395701e-13,2.76088517814943e-12,2.05105995887167e-07,0.00169497653094534,0.000268610602507308,0.73388958468219,2.91162728673595e-12,1.32606211226644e-10,4.4028600377048e-06,6.89447341138156e-11,0.000233816783576112,5.11252780428737e-39,0.000288891295391125,0.0351685245748827,0.774989317675016,5.67264665174947e-05,1.72558966991924e-09,0.0588352438557014,7.8326773708358e-28,4.30660097377656e-08,2.8168817163126e-13,0.25026910881092,6.2794019124399e-06,0.377607784658533,1.1779423745169e-16,0.0369967751292299,5.80331590741401e-19,1.64916477796407e-08,2.2606770091655e-10,0.0159030887947442,1.89000395846968e-05,4.22831240372469e-22,2.09427727936718e-34,2.90114906319139e-16,1.21649180830641e-18,3.11535434344808e-18,1.72801948104399e-05,2.64984450983569e-19,0.494208679335194,1.27063013079528e-24,3.09439472477431e-13,0.014569914737503,4.46873857984178e-20,0.183026853432121,4.84477132507601e-08,4.97977965593522e-11,8.28966401127287e-09,2.17445761241263e-07,0.00348215892379595,0.00022099643120895,2.13474496930859e-05,0.000200264617196815
"Arginine",4.96634022264695e-73,5.13943802455627e-118,4.19384011618244e-94,0.000113941827812141,0.0462965684467037,1.10504252046721e-35,7.24507307100439e-32,4.43361267854901e-18,2.15233230023939e-44,2.96320589046144e-37,3.64819626325747e-91,1.05815282878492e-16,1.35733674275254e-85,8.42884136361059e-33,0.0723046261714651,5.71222928384994e-76,3.09835138889735e-65,9.20403330537382e-09,2.33458376685394e-07,0.172970770162646,0.00565956220444351,1.58962701855755e-07,1.92669297628009e-07,3.43519881647592e-05,2.79985199252925e-13,0.714499020105111,2.958814934331e-25,3.71845851874497e-26,4.55339726421076e-36,2.14181854798464e-23,0.0578334478060709,0.00234821374541463,5.21108389817304e-60,7.85072814936337e-39,1.60323704270934e-47,0.000269652983648213,0.297651408875624,0.00522264909181654,5.05589328447833e-09,0,0.0230996408302714,1.14818704486158e-73,4.72446015473804e-22,2.60313668584402e-29,5.52587892672597e-27,2.74450771366592e-86,2.98311795717996e-96,1.39168677179321e-122,1.17922262076014e-40,1.38424396460438e-25,0.958061511802646,1.53358155525414e-39,5.6422966485841e-36,4.68428819885599e-18,4.82205691553568e-96,8.64936130438909e-89,8.59061838308774e-43,8.68139294408983e-17,4.1260456075633e-06,1.96409488310336e-34,1.29703119977718e-27,0.0342157213519819,1.24452186316001e-29,5.40135410264212e-18,6.15813438438174e-58,6.60687614025681e-12,1.40623979657988e-43,8.54284321401317e-10,2.28192939678654e-14,7.65339762285442e-102,3.40777707661287e-75,1.97839600918168e-12,5.30891587734739e-53,5.96412028341111e-23,3.84763506328517e-71,1.17445274777935e-66,6.52165539374915e-36,3.99112434957767e-16,9.19439517208662e-97,2.85836700070587e-99,2.63242752689208e-05,2.44732616904225e-17,5.39520082261999e-42,1.30236114915766e-109,7.83667343748138e-22,1.93551336633531e-23,0.374706326180263,1.4205214959723e-05,5.41601763910783e-06,4.94631374398382e-07,5.83317429119424e-31,8.88440138297795e-29,1.93396530210678e-73,1.29294896804362e-31,8.88461365175311e-64,7.87372900561151e-10,3.87401187060461e-18,3.15572858135705e-71,0.0224869079048601,3.97953035256083e-79,3.87025052631087e-80,2.21143824844822e-05,8.27515087892177e-19,1.68983552809406e-22,6.66761884747563e-38,8.12264146239114e-49,3.23921277256497e-72,0.034367156815069,0.616328702237916,4.98215947433984e-12,1.1644432283196e-52,4.34829352617981e-30,1.87505757121062e-31,3.89607872314289e-71,5.4158978909835e-40,3.79503790088089e-65,4.23514745087309e-26,2.68220959341711e-27,0.00124226425784686,1.32541472479447e-16,7.81086379565265e-39,0.037770688264357,6.74999626261709e-10,9.01455134514633e-33,0.0189117865358326,2.05023147443366e-71,5.33940964616331e-69,0.0359000589252731,5.76065987763701e-08,2.68540680639326e-35,8.58928161757333e-14,0.000692378391317869,0.00685437895581658,0.0069285839343242,0.00055706442876197,9.25725961011695e-116,0.0508999158090454,7.36969333609406e-104,4.9243352151086e-20,1.28023259427625e-116,1.26702113719986e-93,8.26284925875698e-07,0.609772020826422,0.248280294487624,2.10979320805009e-14,0.185861243905415,2.20988977220822e-23,2.50856748296148e-20,1.22928846183161e-42,2.46909437342008e-92,3.35833092666365e-18,2.79020434972894e-47,0.000139229419563084,1.46360543951099e-87,5.43208152748504e-27,1.56750296223673e-53,4.77212882232783e-51,1.12837951325933e-66,1.11270717990597e-61,1.4719084675834e-59,6.18462290793583e-52,5.1347455450842e-74,4.68621929224177e-05,1.40445934399959e-09,4.97324129377289e-34,2.53392544099106e-24,0.337895107758122,6.91897166644292e-66,0.000102280609835222,3.0898262824486e-102,1.362436628051e-22,5.40742312904863e-16,8.13815733419861e-08,0.125112874726066,1.27338551795276e-67,8.8571058545282e-47,5.89177000710379e-27,0.229389993553999,1.65919696835721e-06,2.89962497951783e-114,6.48197118493286e-60,0.0333109418379217,9.11196756307674e-50,0.0419440778401421,0.0323818509461104
"Argininosuccinate",0.377607784658533,0.0140419760664825,3.74042906023233e-07,2.57864588016114e-28,3.11311182652986e-06,0.00665406877135059,0.0776927925683979,5.41675060700578e-13,1.96295954651938e-19,2.21791762469683e-06,0.000655226605469441,8.43383689697771e-07,7.11082143017256e-08,0.000507434550994503,3.49443218111881e-18,5.78303968149922e-06,0.0465282551657978,0.00509258786024784,2.19106123889815e-15,1.76949233483955e-11,2.02942066088876e-11,5.75655089026563e-15,1.46134894415248e-08,2.79213834604109e-06,0.0211863796330821,7.07866399628498e-19,8.33305155012767e-11,1.5453132632712e-14,0.0487475108109423,1.56725747255194e-21,4.31825741232084e-38,5.63364500738102e-28,0.489678958732277,9.04591925290069e-05,1.1895113473309e-13,4.92379382964401e-15,9.10870542310996e-14,2.22120390544294e-13,2.10176345317783e-15,0.0230996408302714,0,0.425811497438843,1.05238005756897e-26,7.3650724605022e-21,9.17982688573262e-05,2.38281088821334e-08,0.203005361235377,0.00363201896634419,1.95168450623319e-08,4.9468832478448e-09,2.56091149709118e-17,6.96939621530724e-08,9.36111010905874e-22,1.96361204503916e-15,2.06431323024497e-06,3.86778706876442e-07,0.0151536762901827,3.33205097529912e-24,2.06225808279776e-15,2.45703524817423e-16,1.9954819538018e-08,8.91308053234656e-10,3.00011254197494e-21,0.000682480789891012,0.0348525728598059,0.197659446371172,0.042928175241913,2.94983414480833e-08,5.79931705010672e-07,7.79347422029303e-06,0.000510062525250405,8.10610589631743e-08,0.316270493390819,0.0400655598664406,0.00232498951246838,0.00316917356320715,0.477424450229082,6.86109539795763e-11,2.60962538255755e-05,0.00830825193902613,1.61583513117994e-10,0.00023566277991956,1.11589354895562e-20,0.000125678197821747,0.563456812774897,0.084298497085585,4.94290027797409e-27,5.80260008396047e-18,0.0215576876662134,0.000344339737056999,2.09336495699897e-18,1.23676660469711e-05,0.00157785176545428,0.513364608361953,3.65690312834253e-14,6.18588155025138e-05,4.49668522558324e-10,0.183894334935163,5.93537779086479e-17,0.14961902825099,0.133268915124285,0.00102757329508614,0.757366097844433,3.15710607506108e-06,1.5562818480095e-06,0.000763182707707715,0.404871990099346,0.367109483783579,0.0613729767183756,0.000121937906794909,0.455360664215413,0.000285598068610641,6.59165104836865e-08,6.26723072540163e-12,2.58280655034623e-08,3.39082943328366e-05,9.58120891781525e-07,0.00285097377592729,2.29084577524244e-06,2.80715907744203e-05,0.216985219703736,9.36289640225868e-36,6.00146884781092e-29,4.5966172407093e-20,1.31306621044369e-18,0.175578995448535,0.279312821067227,2.42168970206359e-37,6.07433637932488e-09,0.000522425555577968,0.000119911543283712,3.46055394420152e-08,2.69093872855166e-17,6.4755002931042e-17,2.05080913521204e-05,0.00329866967679077,7.83744964981249e-12,0.215992387486324,0.329248059932971,8.0189864553266e-05,1.53676152090537e-06,3.81439841179861e-12,7.61722543973503e-17,1.13993645368451e-12,2.15385068198768e-22,0.0162817307590122,0.00856958631824657,0.114612189276081,0.365668130682887,0.0026930585004427,0.00105094193626622,1.87257599222229e-18,1.10755639160354e-24,1.01589388323833e-09,0.887893389499584,0.00783912914156098,0.078147790657407,5.48427929162788e-14,0.514267224088608,2.3956675467561e-13,0.675625691150874,0.000196465268581862,2.7275735748787e-12,3.40195104642794e-11,2.29242108804671e-16,3.055317772479e-22,0.00195938337337218,2.54382718951272e-15,1.78735440559093e-30,0.0817559681868692,1.68805300133017e-16,0.000759919361381833,1.02467118755671e-17,1.62436015843574e-22,0.357506601320593,1.01393629892433e-17,0.335576963400539,0.000148559952766625,1.50986029053377e-28,0.0113848237616376,6.01720893363882e-06,2.62179626852148e-05,7.08279049828014e-05,4.20771110124871e-06,3.77027995177508e-08
"Asparagine",1.71587504101575e-53,4.45261219982666e-60,1.58887778183087e-61,0.00746133598151321,0.0396036666111556,7.99578887948688e-26,6.277013318488e-19,4.21403559508812e-16,6.74672608124355e-33,3.2796747140455e-23,1.3310690121891e-58,4.44596655395838e-12,3.59051485103522e-51,8.93905170325415e-31,0.186022344910849,1.07153169321631e-49,3.36384309747335e-55,3.76804703554302e-07,7.64154969704029e-05,0.0787674543546364,0.00464718685919273,1.8757241065772e-12,4.59945177499141e-08,0.000877336451709325,4.28304545148616e-16,0.972197465759433,2.82780793068561e-27,2.57846468089822e-24,9.8115267909251e-33,1.59333478209698e-23,0.0665856775945603,3.19481541675898e-05,7.74796218293651e-39,1.02030585210974e-20,6.8673999963325e-46,0.0189103904417872,0.0468062089984196,0.000104688547663417,5.17136039205619e-10,1.14818704486158e-73,0.425811497438843,0,4.25358052628481e-22,2.16896233609272e-28,4.43305651106708e-33,1.61827282554679e-61,1.4577285925146e-62,1.11978537354557e-63,5.09782775259442e-30,2.98868885708799e-20,0.38163083827548,8.66460192149699e-32,9.07531129548916e-29,1.52100655805601e-22,7.25784647756259e-63,1.22878387952732e-49,4.84589222621918e-30,1.25489314533843e-16,0.000156425248684571,1.23443247828372e-22,2.08713880225002e-22,0.873356079504698,1.03709640904045e-25,9.89525664724004e-17,4.78534655488215e-51,1.23862053687723e-12,1.37498939956471e-25,2.03974803880638e-10,1.05445846494006e-11,2.39287918593837e-55,1.71524583579619e-44,1.35579430074788e-12,1.01145928243107e-32,1.35248579502493e-20,1.15981379448945e-41,9.81546915894065e-40,6.09800719223716e-39,1.59291396799685e-15,6.09329109155388e-73,1.69582829211186e-68,1.21442340355253e-06,5.74518773338534e-44,1.30971782261011e-33,8.18185382263608e-76,6.82887142148745e-09,4.28734959316042e-16,0.0573334218237008,0.000827972935683361,8.8484892927892e-07,2.24014430973897e-05,5.23052072239968e-26,2.11122117636754e-30,4.12359286129963e-69,1.03743206212288e-13,3.46657726314171e-42,1.66695394821538e-06,2.45766608163724e-13,7.70563293066604e-66,0.172824020221247,1.89851595946976e-50,3.05811429916571e-50,0.000846903838086468,2.49927456777338e-09,3.14796654856391e-17,2.2124691584142e-24,9.23853862769454e-42,3.54776283563515e-55,5.02781021432605e-06,0.448980926801186,2.40427793310928e-15,4.85153912232779e-38,5.66024923289626e-24,2.82911397865316e-34,7.37008664272507e-53,5.36028274011657e-25,2.24715001800963e-52,5.64081511207719e-22,2.74644624163999e-18,8.33131179152095e-06,7.01130993914692e-22,1.65676117710336e-41,0.0551268374133641,2.29951578321346e-09,7.72104271448209e-26,0.0105061972553306,1.06818988611319e-52,7.74892376596891e-63,0.0524583654750298,2.92442190633309e-06,4.44400210230229e-32,7.59044466095189e-15,0.0817452586981279,4.02372937545443e-05,0.23521003701244,0.0012418651146548,2.39276025449003e-61,0.772006556119453,3.5920904319999e-59,5.79349582962736e-20,1.97586048453096e-64,1.15124671236621e-52,2.14543648687079e-05,0.273143962353579,0.090488757634993,1.68140558433531e-16,0.936266495806726,1.42607714891103e-24,6.20928879689928e-14,1.74620490178193e-39,4.63710942155802e-64,1.13416315463319e-08,1.78790723024349e-38,1.45460331746275e-05,3.32702954054179e-48,6.57022812571114e-21,1.69952213918019e-38,5.94316556734007e-31,2.20184946172751e-45,1.13445792778691e-39,2.91309427211779e-39,9.14049259989566e-58,2.84026568133537e-40,0.291207079734786,1.398400373259e-08,1.85513119678017e-34,4.00908358609155e-24,0.00307067575106454,2.34775073868387e-45,0.00108837806552895,1.69638960474816e-59,2.4178976980854e-16,2.88388096010561e-12,4.90662788146033e-09,0.21339089428944,2.74320352471056e-44,4.11195297009548e-32,1.23576200382646e-20,0.273683976844527,1.82702514555668e-06,3.49810592465513e-74,6.79030657022606e-43,0.502369662965868,2.30541806730343e-30,0.177761404377634,0.0471042127508957
"Aspartic Acid",9.28420136584606e-09,2.38530411755591e-19,2.80724309954848e-37,7.67454826067871e-23,0.0826850123907717,0.175755081665526,3.11649951287347e-07,1.59186719344968e-28,4.19334706658719e-58,2.49068713671663e-12,6.43609518206354e-25,0.0622411913311403,1.15226638878296e-31,0.00205634125089158,2.96428429198497e-13,1.44132950586729e-27,5.11329299851356e-08,0.436543572587121,1.90052684226374e-08,0.000121714477243719,0.00019535393327751,3.21611930196291e-31,1.64062274802145e-18,0.0117492657330779,0.00119090638992453,1.05716828853707e-09,3.70253949327244e-46,1.33791043624989e-54,0.00038213395960952,1.01325186394438e-67,8.38948000711163e-29,1.3003914182222e-36,5.51477530785385e-05,4.79769516909837e-13,1.48609493750545e-74,4.38168584648244e-08,9.87996892386896e-15,0.0230996408302714,1.40505662739865e-45,4.72446015473804e-22,1.05238005756897e-26,4.25358052628481e-22,0,1.27286866237552e-71,3.51715986849546e-05,3.01304659413841e-42,5.09052778141592e-17,4.88290323593611e-22,1.19325997440193e-25,5.49655205386662e-24,6.85903202753177e-22,5.38781275184073e-28,9.07425168743499e-59,5.10677730601857e-50,5.13665994947086e-33,6.48239824403072e-30,6.07376022936393e-11,2.8140936326441e-53,5.17144535424984e-18,8.5286690902359e-32,0.863212184745622,0.000326518452240639,2.30083920785848e-60,4.15180634965535e-15,6.93190186121971e-08,0.000189740235354807,0.0366790358467035,3.66695577023967e-16,0.855590398305997,5.28008903521481e-29,5.76062787566958e-20,2.05196316894551e-18,0.000304422304393235,0.000565925907408973,5.06571855622285e-17,2.54306125305689e-16,3.28843084729164e-12,0.297784410595874,2.20966608470299e-35,4.50293886760829e-24,0.0110162636053029,1.49963742916436e-05,8.07398078988586e-67,3.83102545776895e-33,0.840259606121901,2.59439728784769e-07,4.91165178357804e-07,4.42467083564561e-08,0.0489920359680894,0.31632108102967,3.24910459552291e-40,8.4647373172894e-28,2.19670134160302e-26,0.0293885927206855,6.89181302677013e-49,0.197659446371172,8.67921335161712e-16,2.5213308048236e-20,9.07353034458016e-12,8.14862313593156e-13,8.88725935271598e-13,0.313022466547203,0.111628901519079,0.743885290900889,5.68110626496969e-19,5.62569998922441e-22,1.42311959445956e-11,2.27407462566414e-08,0.336432845524875,1.81954773223948e-16,1.03374217642119e-08,0.217195255345996,0.0492952554286878,4.24792349597696e-50,1.82780964201139e-22,9.66242709634378e-29,0.651907067302016,0.539430436310454,0.028982089325767,6.39918972009157e-23,9.82976615859105e-10,3.53672131554434e-37,1.77698181947498e-42,5.17392407737885e-56,1.04146332054843e-20,4.46085819296617e-16,9.82976615859105e-10,2.58858428683326e-28,0.000179961776424523,0.00743871793935329,1.08528474697314e-17,0.000744632046925412,0.0105796058496111,1.74968775984046e-14,1.24402320064109e-05,9.63023448335319e-22,0.000502544408021399,7.09284662337443e-14,0.00082208998400639,8.65053327410901e-29,2.73559362389555e-29,6.354492691828e-15,1.03244907863042e-13,0.000198710327771161,3.42007908884706e-82,0.00795545088588903,0.000724494881754504,0.000862751815272934,4.96680474091617e-08,2.00194428670452e-25,1.33481540781851e-05,4.79175672240444e-70,4.82662234151357e-06,1.81814881038753e-35,0.000341498723990896,7.52162188093336e-16,0.00124615784351639,4.63215021649559e-49,5.21245110481672e-08,1.26763486251318e-40,5.82392175179536e-19,3.45931758615671e-23,3.65771139638094e-05,0.0150063475431576,6.10372647656242e-62,2.09676762517923e-69,1.11693442259093e-15,2.87470251972615e-50,5.0861173372567e-25,1.08565075547083e-16,4.57740173624627e-33,0.445833811733726,1.09238369416993e-32,4.6737035693923e-17,2.87322430715867e-09,2.92614920048864e-51,0.0840735283461865,0.0001256121508316,9.32924379672325e-08,8.87611977661502e-24,5.97761626633909e-26,0.000255053895101608,2.65944810724569e-16,0.000416398041546087,1.20233437668094e-08
"Azelaic Acid",6.70991171626237e-10,6.55910892604546e-22,2.8243037383936e-41,1.16603322565196e-28,0.00840583548151599,0.0166408476624592,4.56087264882959e-08,1.44457769024245e-32,3.31137336473114e-99,1.28230232160459e-13,1.96041351212168e-27,0.313272445629961,5.82223167155358e-43,2.41652789665654e-06,7.34996386738382e-15,2.32331518501733e-36,2.42045037485539e-11,0.0117547211920411,0.000148292327894973,0.000756653721171961,2.47028645110904e-05,7.05440419358113e-32,8.69152612827421e-12,0.00277788221116262,0.000123495125914899,6.24741465417246e-08,3.13375770692867e-36,2.15306145075614e-45,0.000587809396231868,3.20435709300842e-170,3.98626202927878e-24,2.25754410003861e-35,5.40243434755916e-07,1.19455883152612e-13,9.53736304848694e-72,2.98181359951259e-11,5.1854488780462e-09,0.13815562399814,7.07437352564272e-33,2.60313668584402e-29,7.3650724605022e-21,2.16896233609272e-28,1.27286866237552e-71,0,1.16442746645657e-05,5.15327621546323e-56,1.43190178018007e-18,1.73753028929105e-25,3.58440068797238e-27,2.32649319009503e-18,9.15312518902992e-17,7.79394728047807e-24,1.16550906113333e-101,5.35350702343202e-65,9.86002974434808e-38,8.30912443648313e-42,5.76294392510143e-10,7.83724119910867e-95,3.89147231806229e-21,3.13227499536976e-31,0.158835821352497,5.9197039907804e-08,6.53259470851881e-98,1.2355082853123e-22,1.85347707990247e-11,2.14405257903567e-06,0.00199119637966995,1.76628126105708e-20,0.767861145504644,8.41393155799415e-38,1.46713344066158e-23,8.48851985082363e-16,2.13617501332271e-07,0.000790997994152332,4.20671915831964e-20,5.68647011747949e-19,3.52441501454193e-26,0.514566438395059,6.03503357497613e-41,5.06696060098254e-27,0.837705583317209,9.71726306752492e-06,5.43294926187809e-123,4.24049713638187e-38,0.109533595519734,1.95235568993321e-09,6.50737175056611e-06,0.000122652200526711,0.00527784214502492,0.35427086444953,2.10810222631437e-50,3.52994551768302e-24,1.65627737338144e-30,0.00020683815025599,1.16416676682745e-64,0.398799733177206,2.981210254205e-11,1.21882684717049e-22,3.77681342948648e-07,3.10987857759619e-14,3.85185042209917e-14,0.577921412980703,0.0222277927564309,0.426149553888303,5.15616308491852e-16,6.17393236291783e-26,1.91261715112726e-14,9.96305963759581e-14,0.824894885420419,1.26312421084751e-16,1.90920461728469e-09,0.173691429557833,0.00044783550146698,2.48076421516192e-67,3.47071063182135e-32,2.34902955331411e-34,0.362450763566047,0.204217175900057,0.115058967872415,9.20475085661185e-29,1.719431564957e-08,1.055470689961e-24,5.67673368972849e-66,8.54222431638803e-58,9.57023644249719e-21,4.06181515075681e-23,6.86415836863154e-13,1.2994068400937e-18,0.000459924049379935,0.0107669899858514,3.35575157545034e-19,0.0392685539894457,0.0155345557866668,7.73221773051772e-19,2.92416622404204e-06,3.08297937931964e-24,0.00769347035937665,1.02205450099876e-16,0.00976490898002739,2.26015080716661e-35,1.31970336808016e-34,1.2594781990904e-12,6.49792456749815e-14,1.61585977848167e-06,3.11235279876481e-47,0.00366150434008049,1.36297095102513e-05,0.0066010442477448,4.96475323393162e-14,9.68949045419774e-28,0.000139217867565766,5.52350132422858e-67,0.000137383427119014,1.83888773923665e-49,0.000997836281001255,9.99556883480959e-21,5.56369500990808e-05,3.40414284836668e-52,1.50172310328293e-10,9.78938658575072e-49,3.40589940535726e-22,2.20938159025543e-27,0.00303342233527414,0.00536850891858562,5.81621346955599e-59,3.46745215177726e-191,1.31374213013322e-11,6.65292047388497e-62,1.02952298668655e-23,1.62788376408093e-19,1.92567236377052e-33,0.0843379312021057,3.52718374408977e-34,1.55270950688925e-18,1.46424991543554e-12,2.55304264223931e-65,0.000644113458947977,0.00373711635952398,0.000180164145106015,4.8498032067416e-27,1.93838059624701e-32,0.00173305664487562,7.5378504213253e-15,3.72309431793942e-05,1.70327884248339e-06
"betaAlanine",4.41032885422572e-39,3.68174923306279e-27,8.03312444227424e-21,0.0175591487642886,8.23091333229078e-06,6.9434210486162e-21,3.62557280055405e-13,0.000681428211969601,2.10088041668629e-07,5.4569667636766e-08,1.00690351147329e-20,5.36577039433095e-14,5.27897198060353e-15,1.17877890569964e-30,0.960762762367232,1.64969003277127e-14,6.38057478251255e-41,3.58583207269417e-11,1.59786149132186e-08,0.00172289868387455,3.38917457805806e-08,6.37313322683876e-05,0.665244535519592,1.5921768851309e-05,2.24710606684532e-09,0.201219784459362,3.32653147288541e-07,7.87543427807752e-09,3.61034257509378e-22,6.03386120635817e-05,0.0186531765715147,0.451583493823746,8.62034627415114e-25,4.82186396569079e-09,2.84072064051634e-11,0.183756361736355,0.568812011798698,3.1282070702776e-09,0.203476022283918,5.52587892672597e-27,9.17982688573262e-05,4.43305651106708e-33,3.51715986849546e-05,1.16442746645657e-05,0,2.51461997148837e-18,3.42762996282976e-35,1.74885497123356e-27,2.84657653318154e-06,5.07817164782966e-15,0.00192716466596075,1.4996090913602e-07,5.90735603990976e-06,3.45235245750884e-06,3.75870062147949e-18,8.07249744209249e-18,3.12134207363017e-12,0.00514670714990556,0.119972821698543,0.000838597204426867,1.60205937291652e-26,0.0724655119157126,6.85492031370608e-05,1.05270914326064e-12,2.26752281990509e-38,3.49731647118091e-07,1.55227613936744e-21,0.0893099766263719,1.4681934383754e-10,6.69366181795593e-18,9.08368524974647e-16,0.086132984365772,1.56648648038762e-19,1.00258371758528e-15,1.48333401314538e-15,3.94407872947638e-15,2.19283285399456e-19,4.82660045071058e-22,7.76421184114124e-21,1.1352545214143e-22,8.78716350120565e-10,1.6856691075054e-33,2.2558435052236e-07,4.08528664784904e-22,0.00025026045378734,1.0856413022048e-17,3.72578311771262e-09,2.11078985960831e-10,0.000257098598836355,3.13577737134025e-10,7.13165098969613e-05,8.99708135239461e-12,8.04667755626013e-22,1.74292906480236e-05,4.25200196221549e-12,9.08856598338735e-12,0.00368796245649875,6.89988448046451e-39,3.02945431315836e-06,2.9665819802807e-26,4.9094102018186e-27,5.75489295829585e-10,8.74314507993046e-05,1.69484941069214e-13,2.9716631238753e-08,2.53070986569035e-19,1.61879624098885e-27,0.0990564605647892,0.749385664451281,4.74912956621479e-11,1.92554179454203e-18,8.53246051921302e-27,1.66787544178736e-40,2.8812379672466e-14,5.50654719378901e-05,8.71429420121419e-25,6.23610941438855e-24,4.81698708508063e-14,0.00288296389660423,2.62361414880026e-06,1.63969283863239e-36,0.285396703722828,0.479154424676714,1.6049863718199e-07,0.110375462858075,8.69985083666053e-28,1.97655284399861e-40,0.0510254320555922,4.3989583611795e-10,4.76963277502348e-35,0.0128204413684241,0.0263692119974993,5.20154629765803e-07,0.168178292322761,0.455360664215413,5.99239925341748e-27,0.000186404994545693,1.0256656250314e-28,7.48786739063117e-13,7.07643868660068e-18,3.73512037184346e-19,0.00115607753432898,0.15114236380681,0.000877928711860271,8.25823741455567e-06,0.220221097888235,7.4512715672063e-18,1.58533018589798e-09,3.61232612803242e-18,3.00210119431132e-29,0.000371812702933392,2.08437638439574e-07,1.04355204425962e-19,6.71445248822455e-15,3.33311548355304e-12,8.54033140788974e-11,1.76170135632067e-21,7.9327487962266e-15,3.21059132538949e-28,1.95811662025932e-13,1.83906316232723e-23,3.9489277543893e-15,0.503882810788275,1.5088811203433e-16,2.27551101143232e-07,8.74197627328721e-05,0.0240738475462407,6.57574298361569e-12,0.266075442359159,2.31816016415464e-22,1.1065392412638e-05,7.57890443423317e-09,0.065461938020859,0.102858415193042,3.05422072552396e-28,1.50234323603413e-09,4.85063189853381e-18,0.612727960126364,5.81136119126563e-12,3.57665032575456e-31,2.81899968564395e-13,0.283408376559801,2.80116082605125e-14,4.4607619102601e-05,0.490664269850051
"Betaine",1.35949426570669e-41,1.19144132428437e-75,8.94715475053897e-105,9.77867024227575e-10,0.866203399698976,1.25408638280379e-17,3.45940083279882e-27,1.6472423911897e-28,3.52011545833731e-82,7.58544144587547e-33,1.0859117606707e-72,2.86979871412452e-06,3.13863411954719e-99,1.30768571013761e-17,4.1747650419424e-07,5.640323638924e-82,6.46239975848014e-36,4.40773256128962e-05,0.12163737036307,0.790447087065456,0.914444870752923,2.65170656126813e-20,2.14815727204938e-09,0.384508496380921,1.40585839179053e-07,0.0101877624885845,1.50703809046931e-38,2.29318706094145e-47,2.44033605017717e-18,9.30115817166845e-46,7.46179049634872e-08,1.62731879526426e-13,2.88092416460696e-32,1.11157410553007e-30,1.24777830794116e-81,1.92055793344112e-09,8.7860195196589e-05,0.660136398689596,2.80600663955531e-17,2.74450771366592e-86,2.38281088821334e-08,1.61827282554679e-61,3.01304659413841e-42,5.15327621546323e-56,2.51461997148837e-18,0,1.57238964837961e-63,1.99626049402435e-87,4.33991044622381e-40,4.41346346740555e-33,0.0118163521212867,2.42130908948311e-39,1.30723314788813e-63,1.67759190841861e-33,1.88475166444003e-92,1.87394592663534e-117,1.54508794427059e-29,5.15503745917075e-34,1.70077477879101e-16,4.80369950225173e-42,2.40159652866056e-13,0.000152176084130079,6.05629408368771e-58,3.33841604105131e-26,2.36736581138624e-33,6.89870212948155e-08,2.04439877251789e-21,8.67163449899445e-15,9.21714846959099e-05,8.03578628968382e-83,1.27778127014793e-54,2.31998654047935e-13,1.73782381039819e-28,6.04258230917976e-12,3.59278885164121e-49,8.79319649058633e-46,7.41159508568186e-42,1.44984201600082e-06,4.45721219112656e-87,2.43138568512134e-65,0.00292609315848336,5.39401255140498e-14,7.01928263410667e-80,2.10268947802995e-89,8.52053078774013e-11,1.81864776009163e-25,0.299441212827957,0.367346553967041,0.00274998595240898,0.00162478756216971,3.87864394915208e-44,4.28432563950988e-38,6.67406256033404e-71,2.96274916481828e-18,5.47136877122399e-111,9.87054238256591e-05,2.75770079414999e-17,3.41287311559267e-63,0.699227645139084,5.28526457242642e-51,3.15642446809318e-52,0.00984817681386546,1.97285860953214e-09,4.51449431983658e-09,2.60380571643343e-32,4.98921516844529e-55,2.21329343161696e-45,0.000407635723523018,0.981474296660713,1.25774940528067e-20,2.58341874097363e-32,1.49725964048077e-13,5.07784860792925e-16,8.33168066646755e-142,2.96355875444824e-40,4.43673357063432e-77,3.22140586098758e-11,4.16527756379366e-12,0.414456723152486,8.75320991196839e-26,2.0010396870342e-32,6.68458134412156e-09,1.61961736065435e-22,2.35637292126081e-54,6.80308318767219e-07,5.25101013539377e-51,1.6608515714622e-42,1.0295228926144e-07,0.0247433666130064,1.28665063101119e-19,2.67898941760148e-15,0.00536850891858562,0.579651680139394,1.997719501029e-06,6.64560824298663e-07,1.39196926420621e-82,0.0165414525434982,1.70446447344775e-60,4.96073721296241e-11,5.05936143596675e-93,2.06659313136225e-102,1.2606548811369e-13,1.58083055322694e-05,0.0678301034415367,3.8394230777454e-31,0.839642876345146,2.69269529229547e-19,3.24899738078466e-17,1.05655989035543e-30,2.05037266810997e-92,6.22923517618015e-12,3.57773565041914e-72,0.222811358258534,9.41803383987416e-106,5.98004117909018e-17,5.30612717181534e-41,7.14998416501575e-24,4.17150097870863e-118,4.25307074022173e-42,2.29353830989843e-95,4.85401058407648e-38,2.88298256069764e-53,4.92250989393407e-06,0.0110086475260373,2.6895170829857e-53,1.16061050536464e-47,0.00296762584472821,6.07961173267069e-103,5.14294785254848e-13,4.89865503960063e-56,3.95982370725835e-37,1.9203176264879e-06,5.90477045218449e-20,3.00151687966865e-07,4.34318315032117e-47,9.44204491837005e-88,9.73716423066464e-19,0.0235531389943407,0.370319384284264,5.67174528915702e-93,3.63203100276507e-61,0.518517624241983,1.13228705766607e-38,0.921059312727841,0.000616720595813949
"Biopterin",1.14830116570916e-108,5.9573469556452e-110,1.76166298880878e-68,0.0496766070546666,0.000623255712961171,1.2386156741913e-46,1.32845566230078e-38,2.55521034227188e-10,4.18249686386436e-29,8.44535918215266e-43,2.25288813006005e-77,3.12552930143346e-24,9.94172994085509e-57,2.32097295349794e-26,0.182150821944992,1.68993349423386e-55,1.03633636905872e-61,2.29334093149641e-05,1.14179372081738e-09,0.120064352878923,7.46007826951865e-07,1.5954960340305e-06,5.36928520067672e-05,5.57262142602859e-09,6.5755898654551e-11,0.893961452372457,9.33217843289723e-19,1.78685262460806e-22,1.31165612998746e-46,3.46171893301596e-14,0.722098358178915,0.0296481174048738,1.26064489407115e-74,3.1945903663026e-35,6.46370358555954e-36,0.000827815630886974,0.662579317701694,0.0217692160438665,1.1390715024944e-05,2.98311795717996e-96,0.203005361235377,1.4577285925146e-62,5.09052778141592e-17,1.43190178018007e-18,3.42762996282976e-35,1.57238964837961e-63,0,9.27756206914838e-108,1.43422344785283e-33,1.99175005459974e-28,0.15197775173468,5.01044458708458e-38,5.74715532923781e-22,1.00832430364745e-12,3.15936716475185e-68,4.1873947028429e-68,2.75338708596292e-53,1.1745795424138e-09,4.6480489502441e-06,1.59123075092943e-25,5.09020452750026e-34,0.084298497085585,2.46558080383029e-18,2.17300103343853e-13,6.71089683652479e-53,9.76073598196643e-06,3.7501595004992e-47,1.10835445068904e-05,1.20354873599076e-13,2.36335262472616e-69,2.35272480010387e-61,5.88762514104901e-08,5.43986694866684e-45,1.04358195166348e-20,8.87737107530624e-61,7.54397537496613e-58,3.09544973578363e-30,5.74715532923781e-22,2.13267782585056e-69,9.47547450519528e-78,8.21482734789434e-07,1.76368333663739e-21,7.49752839642233e-28,2.51730151072037e-76,2.31816016415464e-22,1.44920330272662e-30,0.147316616370003,8.15327827624903e-09,0.0217917158432885,3.27158022392131e-07,8.7207365639926e-22,3.12104983438376e-31,1.27021957776701e-59,1.36838347502657e-29,2.36478109401602e-45,6.40573678152562e-17,1.27156140734194e-15,1.03317290090243e-71,4.97125516093867e-05,1.64995050812312e-106,2.053260918136e-108,3.01160574369112e-10,1.92849858240013e-13,3.73497686483769e-25,1.26700832074043e-29,3.43325044199888e-43,7.78025461948844e-86,0.915734193053477,0.873881588308367,1.51517269912401e-16,5.26087424277127e-52,6.34775916709238e-39,1.35777282350357e-33,1.58555692260855e-49,3.27843910201855e-24,3.30213393797047e-67,8.31496264154447e-34,3.9584632587018e-35,0.0017138694827363,2.47660154100317e-12,2.22678812816149e-63,0.210143700419077,1.54964623451903e-05,2.43681169837218e-29,0.961637527540486,2.34881175112821e-52,5.78158566795971e-74,0.227193167514751,5.8537141529648e-13,3.02704014188089e-57,1.27851946416523e-06,0.000511787525078124,0.00148706881034511,0.306437771628531,0.000615238859915541,1.54407695959382e-105,0.399182749788371,6.07993615323655e-106,5.55739193536374e-25,1.89961584811177e-75,7.16638554339842e-70,1.77615376933634e-10,0.795312551478311,0.00720262109115786,3.45167833732686e-13,0.00768277277021526,1.54532684843199e-25,7.3483203277339e-31,2.70850620021369e-34,2.86486810177761e-102,2.49157038067861e-21,4.56263436188674e-34,1.93800249161204e-08,3.98651672406429e-59,5.30733495914543e-29,9.24396881306389e-44,7.13969443006472e-52,8.78958282465092e-57,3.40936723268301e-63,1.00565479034492e-49,1.31385622328907e-36,2.75746341089866e-52,2.29173979550582e-06,3.43193507350853e-16,3.54122744538451e-28,8.47555666587467e-15,0.994950734815082,2.26605776646061e-46,0.000206675485959176,5.11437900451622e-91,2.60573176079922e-21,2.80916757353433e-12,9.44560075978406e-06,0.288922886572004,1.68364918397752e-65,9.58788832659205e-36,2.60112670191015e-35,0.176062163983791,8.22619129339332e-08,3.55978275677699e-121,1.192413226781e-59,0.224250915211779,5.90157717008742e-48,0.011805002185783,0.510465054726472
"Cadaverine",2.40326308607968e-81,5.78524517379149e-206,1.92679182954793e-100,0.00175349366164301,0.0248964965889614,1.70814222238975e-37,1.65129752540623e-37,5.30028097080983e-17,1.53843021615995e-40,1.53424873054534e-43,7.38537055481184e-91,5.27701473457694e-18,5.63714921805168e-83,7.1777799536515e-27,0.00923076796619578,2.18066824020784e-67,2.72259616868593e-57,8.31817525837058e-07,1.24382710895923e-07,0.377313259994794,0.0104733593961752,1.31463595849957e-09,4.59092714882216e-06,9.33533917568045e-05,9.06239051976529e-10,0.7179431614906,1.46440707394169e-24,1.17287654581589e-27,1.20281915638031e-37,4.28471301319798e-20,0.0433076527690212,0.000550576121476599,1.15634853046938e-64,2.4037242286302e-39,3.99069513611662e-45,1.27063795873812e-05,0.0747735388986744,0.0545695677399204,1.6321841291294e-07,1.39168677179321e-122,0.00363201896634419,1.11978537354557e-63,4.88290323593611e-22,1.73753028929105e-25,1.74885497123356e-27,1.99626049402435e-87,9.27756206914838e-108,0,4.83363098335313e-37,8.63674505279089e-33,0.434555889389855,1.07155371002841e-38,8.58084080641008e-33,4.22508373695755e-15,7.02329042199786e-94,3.95758108465644e-86,2.1936092482611e-46,2.65062567434473e-14,6.88435776510956e-08,5.01941158812504e-35,6.48685284904195e-27,0.0216803208931975,1.78274564441433e-27,7.54263851993887e-19,1.5375318666181e-49,3.19144514913949e-09,1.1145224694198e-47,4.36409334982587e-09,7.17839563685736e-12,1.3348918436647e-87,1.32843403511053e-69,1.60638874529379e-10,2.48759940193404e-52,2.29296073080434e-20,2.36707243239581e-67,1.03816733656081e-62,5.97912398069029e-31,3.1771639076018e-17,2.20596609055709e-79,2.53866930180606e-82,3.48987365655729e-05,4.43538733450729e-17,3.17970317877248e-38,2.16232696019536e-89,1.22319666326864e-21,5.41307773279871e-30,0.439316053980356,1.95605664187072e-05,0.000292148795761044,1.83423277825673e-07,5.07510876984791e-30,3.65633453947003e-32,1.64466626828156e-73,4.45836092435953e-31,1.19129566859717e-63,4.09154727908837e-11,6.38196775061548e-20,8.63139779655707e-79,0.0120362951645056,3.02731338728854e-90,4.79261189882713e-98,1.99965137352932e-06,1.18530162862322e-17,2.1583050958834e-20,6.73974015054263e-42,1.55264676507645e-53,1.70023170265451e-75,0.380834383249514,0.699822488438047,6.96374241885559e-15,7.6807519214107e-58,7.80686431698457e-34,6.18324224429704e-27,4.83504363900368e-69,7.4483026310463e-35,1.80752715050485e-74,1.89566486001341e-26,1.39489051070443e-27,0.00678763233589634,3.15318088619044e-15,4.12294475905176e-45,0.00933844602912597,2.21958045575876e-08,7.31006371434934e-34,0.024899847017013,1.03751119755029e-64,3.17416314723938e-68,0.012162436000377,5.62608876146409e-10,6.18432135394279e-39,3.09676918705148e-11,0.000448903378395994,0.121092627898255,0.0475847657267673,0.000133993164910469,5.12570282174533e-242,0.0333969823067311,2.55420532569097e-125,1.82932779437829e-20,7.86603954878434e-102,3.51974201512543e-116,1.08716774442876e-09,0.304491580393073,0.419926785877676,3.17126889900095e-16,0.0829463098013015,5.25475245095337e-25,2.40702049373874e-28,6.05691375460682e-36,3.33782650313585e-120,1.30367516023568e-17,5.9858379956042e-44,1.39833656712361e-05,2.03212635767781e-81,4.85224446055861e-31,5.57692372910171e-48,3.46659546997608e-50,1.89683552321588e-79,4.28337640139062e-79,4.27491270251454e-67,9.5403384837295e-41,3.36784122155238e-59,5.75719957605517e-07,3.44125430353427e-10,1.38711091381219e-32,6.57956064656782e-21,0.716595316669958,2.45319233428382e-66,1.09499910684041e-05,6.76853785122649e-89,7.10390456032713e-25,1.46884480299711e-12,2.96218587227229e-08,0.0665446396180606,1.35434517745427e-85,6.76813862439901e-47,1.59594092793029e-30,0.182175704195587,1.71015549020231e-05,8.29052094684445e-142,4.04101147280119e-59,0.105991763885964,8.47698218240033e-57,0.0139710874910327,0.0220888552672969
"cAMP",2.06411692227811e-25,1.76506284118628e-37,3.5760032370875e-51,7.3495760551271e-10,0.863880332602929,3.4135363904958e-14,1.39250514766941e-07,5.75134076561404e-13,1.71226978971203e-40,4.65015628279977e-39,1.1938002646418e-64,2.12964449263309e-06,1.42070687973298e-58,1.18359247538012e-15,0.198477383100526,8.32903177687127e-59,1.12025517346186e-27,0.0131616647675903,0.0101072403127251,0.957962702404142,0.311050410698446,9.37414445262385e-08,6.33583655566259e-26,2.862454054836e-07,2.55187347697635e-17,8.86111992680617e-07,1.48738655293431e-19,2.19057215159294e-17,1.28042726196852e-27,7.93251831886541e-21,4.90002824382444e-06,4.16126094363042e-05,3.76387787642991e-25,1.88478511917186e-33,6.78198536574212e-41,0.263427479285289,0.220755449488894,0.0564160293069083,4.25955284599779e-12,1.17922262076014e-40,1.95168450623319e-08,5.09782775259442e-30,1.19325997440193e-25,3.58440068797238e-27,2.84657653318154e-06,4.33991044622381e-40,1.43422344785283e-33,4.83363098335313e-37,0,1.26186631793416e-09,2.85707705331426e-06,1.97051168070737e-121,8.20619793040939e-34,4.431738916623e-15,5.06053196971488e-60,5.05530206564185e-37,1.14299017953816e-30,4.76767969524638e-14,0.0310738181169837,4.85984521447782e-70,2.39709918997622e-05,0.042163751143557,4.62893938387633e-29,0.0553671996395306,6.39645320275855e-27,2.70583856015124e-10,3.9768332451536e-15,2.97124798798675e-13,1.61585241922161e-14,7.44614419032111e-49,6.42061513753516e-74,7.77730870826913e-39,1.15688328892821e-26,1.60120900470734e-26,9.05564968244812e-70,6.14951633098317e-71,1.27813985619072e-09,1.71213545716705e-05,1.50763840731629e-52,1.04352796347338e-45,0.154723946767296,2.24365287251026e-07,6.00380733364833e-35,2.8776183629581e-49,7.20959918961269e-15,2.14532730413482e-06,0.00123367542990755,0.602088553561154,6.29334085561379e-06,0.0321560289828619,1.29490990269534e-37,6.80154266638778e-13,9.57092423422917e-41,1.42780638743327e-20,2.850644542931e-44,0.00166589176327866,1.78960529313509e-46,3.11294919321723e-21,0.042300207994953,3.25286719998968e-37,5.05853996263624e-35,0.591873024253193,4.12956106402963e-21,1.21398480992192e-08,3.11661802186454e-31,1.85650785736903e-24,7.99893246303152e-32,0.0952392331362647,0.000203774766194522,0.00457476777337444,3.49512889144471e-32,3.8701131812093e-13,5.80643328124861e-11,9.36138582577889e-44,3.45236312147695e-55,8.91952641378571e-24,1.27976400196124e-15,3.30162421731817e-17,1.11796391152631e-05,2.00568720704749e-06,3.16651493276281e-14,0.000114702847822065,1.41887758200381e-11,4.82748659690577e-25,0.000156988764416447,2.28603977785702e-36,1.51253370808454e-25,4.34010716956022e-07,0.00485022725284176,5.35814831463276e-16,2.01347761755104e-14,4.58183124986106e-20,0.00524455400339445,0.117040253960901,0.203958114769216,1.24166163264197e-37,2.43989728539151e-14,5.61110832432343e-36,1.42134625605825e-21,1.69727922103178e-57,3.615535852726e-45,0.00586176347460678,0.630790295139917,0.945244778748561,1.771603504325e-14,0.00299225318044681,0.000252381439518656,2.6427718538698e-11,1.71192158766159e-23,4.55015714749151e-34,4.95619373627934e-18,2.84703833841084e-60,0.107893281085565,2.09593997234085e-46,5.67681180803027e-26,1.35807090498096e-52,1.04156406417468e-21,4.6715277275527e-39,6.63688470084059e-20,2.37001734889361e-30,2.52540706868113e-33,3.11857571874712e-61,0.004701001533027,2.82845694764141e-05,4.9701639865543e-33,7.01158956335403e-23,0.601862403113309,1.29151114936394e-43,1.1514223007817e-06,8.14032341488245e-53,6.42792772041495e-12,1.67692658283884e-18,0.00414615204427953,0.439629246533469,2.05120613343712e-22,9.50755636342425e-40,1.22893628911821e-11,0.0845284351963081,0.0124864204188589,4.19047392554657e-37,2.01563957589216e-47,0.000167051286051704,1.85177177924903e-57,0.718105839100531,9.5549083709534e-05
"Carnitine",7.31156848015307e-21,2.19780276017807e-30,1.60641265921727e-31,0.00222938935824557,0.0096050737652679,2.46094245865609e-09,1.09660969073452e-31,3.32735901324087e-17,3.37521755997352e-22,1.38067170960979e-13,4.67829184879307e-23,0.000747473147544458,6.5602884906497e-22,1.83148668376972e-05,8.32874716700639e-12,2.1646004958052e-19,1.78341837284057e-12,0.00028442908808314,0.609791476912704,0.0702928856660576,0.166703803928432,1.26116589361422e-13,0.0506071748572846,0.938306231673563,0.046331797395547,0.257372343891429,3.0583584128029e-25,2.09820326372379e-38,3.50670692573458e-08,1.91033020206923e-17,0.000379895756675689,2.98024400578236e-10,1.33183890920792e-15,1.34831477589781e-12,9.97424189271932e-29,2.0104867991594e-13,5.57409439913824e-06,0.535052300114803,1.23398894598785e-09,1.38424396460438e-25,4.9468832478448e-09,2.98868885708799e-20,5.49655205386662e-24,2.32649319009503e-18,5.07817164782966e-15,4.41346346740555e-33,1.99175005459974e-28,8.63674505279089e-33,1.26186631793416e-09,0,0.7638575804387,1.98781389379138e-12,4.64992281599349e-20,1.40631427987723e-14,9.48752744897327e-24,1.89867306625886e-32,8.99934486247637e-16,7.78009742052614e-15,1.13378609318447e-18,1.07376175157584e-12,3.20701665707686e-09,0.00645874663597971,6.6279464596967e-17,9.25987007222633e-30,7.97345025441227e-11,0.304769024856735,2.5038162522659e-11,0.0185965931648094,0.396138171512091,8.49295780314275e-27,4.23350947090353e-14,0.0762511164362748,2.60981249586737e-09,0.000413922617875158,4.46408829374219e-13,4.01808548415309e-12,7.20019142493856e-16,4.06677198922975e-05,9.29418466662951e-26,7.29829070238998e-23,0.00189812565274571,9.81753725544061e-08,2.13422096143502e-24,1.750891700496e-26,0.00118787612538446,3.55715673237586e-34,0.926214779318744,0.352045142763835,0.476423746194675,2.67470507021079e-05,3.77829536840757e-15,7.46571131929716e-34,5.2348905766462e-21,4.00921684002176e-06,3.0540161291143e-28,0.000601631617374946,2.33047516245907e-06,2.08948233535377e-37,0.571051750010697,7.45221558075817e-24,1.68327779944764e-25,1.34732388640726e-05,0.0232223460648146,0.0126675921949532,1.73886367185449e-19,8.38583621997726e-22,5.56876564286186e-22,0.730498014249273,2.08287137913075e-05,7.7621398523843e-25,9.21211135204149e-12,2.61610962954167e-07,2.71183369445894e-06,3.91233635623294e-30,1.12702526499872e-08,4.91222882548931e-41,0.00017945791766511,0.0001388503256683,0.196051533044023,2.02405198392777e-16,9.82325480070114e-24,6.04956998234848e-09,8.22805441169472e-09,5.84125678900853e-32,0.0053496130161794,5.51181906690741e-16,3.11149113498103e-17,1.75086939225965e-05,0.00949492042558294,2.84821480965095e-13,0.0037484742922338,0.749578058802358,0.000737977000401297,4.91796581279136e-06,1.20267281795436e-09,1.67490916175454e-33,0.622704401312199,2.56765521349537e-22,8.78401288424222e-06,3.41618636722041e-21,4.70218452223095e-30,1.89107040439308e-23,8.47606972352344e-09,0.174800185548826,1.97037496775535e-23,0.0089429176806885,4.7776378745584e-10,8.31577523371199e-17,2.36997728896549e-11,1.13993985723154e-37,1.02790265357536e-08,1.84264695709031e-21,0.00332309198181111,6.22397753671823e-30,1.29956769689571e-06,4.35030653254972e-08,5.79820643768766e-10,9.05924497035875e-42,8.82158049009098e-25,1.23013651874368e-43,1.51518739457433e-09,1.73905200894794e-13,5.0666095058503e-23,0.0258908405468762,1.07568978767127e-24,4.47943772921156e-17,0.00339448043598987,2.60111923499513e-38,3.07020559686874e-08,7.16238789404847e-18,2.95400781789684e-41,0.383743556507467,1.74861559528324e-18,6.4655655614473e-11,4.65020041748681e-24,1.64176864533482e-27,4.65293640038115e-11,3.02623744695537e-10,0.142190996686364,4.92304522337017e-34,3.2225442081527e-19,0.00586393468397497,2.81390145087767e-17,0.0547949821085303,0.0262907189208529
"Carnosine",0.000206441719624686,0.218492372602217,0.0168864634849706,7.78583659718778e-24,7.43907641996484e-08,3.34172766221861e-13,9.45903326175803e-08,3.10745903824227e-07,5.92569459280812e-10,0.572549633708976,0.133268915124285,2.78020356107598e-23,0.0153850615716262,0.0424013978555981,2.23339138552532e-08,0.0110698389606114,0.0705911484053456,0.18305338907851,4.377127596487e-31,0.00143866723951174,6.9322674728405e-13,2.12412935898717e-11,1.32127085591152e-19,3.83835822191014e-07,0.0199742941335618,1.5298383164241e-16,1.94908802811754e-09,1.46776858837633e-07,0.00265862540005736,7.87572202100424e-19,5.66947649256912e-32,3.74201449207029e-23,1.46432022984464e-06,0.666461418941195,1.29108249258495e-10,0.500149661608744,3.29834601011474e-11,0.277936201009019,2.53021784649411e-19,0.958061511802646,2.56091149709118e-17,0.38163083827548,6.85903202753177e-22,9.15312518902992e-17,0.00192716466596075,0.0118163521212867,0.15197775173468,0.434555889389855,2.85707705331426e-06,0.7638575804387,0,9.88685814606588e-06,2.58779632372454e-12,7.21657647735759e-17,0.0183199389331545,0.316159833876667,0.0902049106705832,4.61050129919428e-17,0.00236918352462656,1.61357246511321e-06,1.93953021397418e-21,0.18111814235855,1.11856029491504e-14,0.630790295139917,0.228471168060884,0.00927920700155217,3.39361597691106e-13,1.03964600182265e-06,0.00247067501862325,0.150832865092976,0.181488702415972,2.47348431995887e-17,5.66045543330519e-05,0.874430621778906,0.453514981800445,0.406476679623875,0.602627064700906,3.71749236670962e-16,0.0136422219914912,0.543343992270867,1.40673224895955e-18,0.375037673750424,4.24286472186232e-10,0.064036219358988,1.65569064344696e-12,5.88477562440504e-05,1.36595410614586e-11,2.53864876017179e-36,0.0126202890318113,9.42646293792183e-08,2.49210473333499e-10,0.0389172183576078,0.334488724053103,5.63469803642492e-08,9.37041293729187e-05,1.26173267738692e-14,3.12144477733021e-05,0.777177727967731,9.23179764028926e-52,0.0484869258734307,0.0235445882004273,3.6878152620169e-15,0.0317975023000956,1.31226790908221e-12,0.104469229310141,0.307504117506897,0.0291481114864006,2.68064474712069e-18,0.0537396789712798,0.673521015769243,0.0618707201827393,2.86162396327347e-10,2.00562117770154e-05,0.000118748861510755,1.57203342133486e-05,0.753440268535539,1.16551390240396e-07,1.20498191517328e-11,0.000637868901111562,0.00115162705662178,0.00420773048602087,8.50985617601719e-29,1.43195684823613e-18,2.29591248386024e-07,1.42085112062876e-23,0.737560897370401,0.021296745360373,1.90821288567819e-26,1.46460863053078e-30,1.13625737022703e-07,3.06195564920378e-09,0.00223190554993163,0.0104164125626892,2.29033373348818e-08,0.414892458751989,0.397374342728945,1.53895164547593e-05,0.0373351130401788,0.429363608124788,0.14100149405015,0.287295715379835,0.60001449825679,5.9644669422183e-11,3.00794251518139e-09,1.80721870767441e-16,4.71312383102065e-05,6.3720250679882e-06,5.89098659193383e-08,0.420785940069128,0.995379141248489,0.0312224923115251,1.47048313954626e-11,1.64351146260484e-37,0.0273115176945976,0.0049354240829768,0.213172757528064,1.51433491512791e-07,0.00620238915831909,1.10608139846154e-05,0.0634237917882037,0.0070852906423158,0.0444533226414825,0.173689130255584,4.22477345794081e-16,2.12847883002494e-10,8.12733532754631e-19,2.16490604219726e-23,0.000167216492705048,7.92497341784085e-09,0.737560897370401,0.0048972119562481,0.217195255345996,1.38409677578378e-07,3.57218773256348e-08,0.000178879622525666,9.56477473043946e-07,1.65230174654724e-11,0.96343891545827,7.10989876217548e-17,0.857160461828626,0.0878037602137819,0.0044959931478025,0.55225212077352,1.09655877167826e-09,1.00832579528691e-09
"cGMP",3.99734233745287e-28,1.3981968675864e-39,1.39045273113065e-49,2.48787533890859e-08,0.963376405279486,9.04375417384291e-15,3.71518933194781e-09,5.87827385623167e-11,1.61463837886805e-34,2.87805079649658e-42,6.09895667240838e-68,6.30828959105833e-07,1.26796825311694e-51,1.6137719510039e-13,0.159333561539016,2.33064984633366e-53,1.25565591149836e-26,0.0590395497930197,0.0266378188307776,0.768891287560991,0.125772590915307,1.90866666427718e-08,9.3121234364849e-27,2.17298017340702e-07,2.90414169362669e-14,2.20117715871519e-05,1.41536712665313e-23,4.38616561070265e-21,1.65834709981432e-31,4.89110154388083e-18,2.90632944337565e-05,2.76021048385346e-05,1.59270624859217e-26,2.20223301546697e-33,2.0049456925389e-42,0.536285773521391,0.174143248474894,0.16361192352138,4.93711750680555e-12,1.53358155525414e-39,6.96939621530724e-08,8.66460192149699e-32,5.38781275184073e-28,7.79394728047807e-24,1.4996090913602e-07,2.42130908948311e-39,5.01044458708458e-38,1.07155371002841e-38,1.97051168070737e-121,1.98781389379138e-12,9.88685814606588e-06,0,1.16160030122714e-28,1.52445556083691e-13,5.28906615965721e-58,4.4827897605153e-35,3.81604518232614e-34,2.03783408956311e-11,0.0194584543933541,1.00248014188895e-60,1.34529123740025e-05,0.0492631783608861,4.506858795745e-25,0.0816875039037753,3.48790996188743e-25,6.33976490433773e-08,6.45695284838316e-15,7.76408548679766e-13,2.13040053951435e-13,6.02139494619389e-46,1.09996468777722e-67,5.06789944685331e-35,6.57934958608342e-25,5.04060326140746e-26,7.00056844464779e-65,9.87509090533207e-66,6.44852224108105e-09,2.96232994218464e-06,1.63616991513594e-49,4.38375851750026e-44,0.304813183789408,2.00590377549435e-09,1.20505555973599e-30,8.72148531810641e-48,3.75654229129542e-13,8.8670654393593e-07,0.00519931055992933,0.448304701799136,0.00026590184411824,0.0432446610451319,3.99884865486812e-35,1.11194484558739e-15,4.50118967202571e-43,3.86599678499215e-18,8.83670836114718e-40,0.000552891955610996,4.51985028225555e-47,1.54675803073588e-23,0.0960005025046899,1.1611834276431e-41,3.29123715499623e-39,0.190019839060636,5.81371010079323e-17,2.8402668430961e-08,1.95488881676538e-33,4.28845732582721e-24,2.29148527616428e-34,0.271971296171033,0.000437884469924914,0.000203774766194522,5.88085534165117e-35,2.83589969975704e-15,7.75894920766489e-12,1.22146143549043e-41,3.03338712676182e-43,4.96986026338787e-26,1.59779907290485e-16,1.49142066232369e-17,6.98676361997559e-05,1.82889375309348e-06,3.21124730507766e-18,3.62187049110714e-05,1.92170883571583e-09,1.35923056740887e-25,0.000610815595434619,3.85650853237662e-35,1.81351312379739e-27,6.20146917602723e-07,0.00107289812023148,4.04598010786128e-19,1.88288107216868e-12,3.08862132190299e-20,0.00175716707261478,0.282635801961858,0.191329434542478,7.43951082607875e-40,2.50076345328017e-11,2.68369945800772e-37,4.506858795745e-25,2.4192445916711e-53,2.13407111927886e-44,0.000114738338142315,0.662407240989524,0.330365724231949,1.92410643112331e-17,0.00523239205052133,6.22418437414987e-05,2.28643420961205e-13,6.26411791101053e-21,4.36138134036432e-37,3.33247173013103e-19,1.66784561547865e-57,0.385348991133911,1.05287264960815e-42,1.85458662949273e-26,1.18904890084936e-48,3.12611153638136e-21,1.84194064909259e-40,5.91977128347287e-20,3.56348080028532e-30,8.69274752299463e-31,8.98236261113248e-55,0.00179457714919966,1.80272743257499e-06,1.94804238007446e-36,9.8026290727467e-20,0.488972217022081,4.64728552263007e-42,1.06811696387176e-06,3.41196249089427e-55,4.33976191039235e-13,8.12194819462736e-16,0.00268308708070022,0.384508496380921,4.70197372277971e-22,1.22100868589236e-36,1.42074496699126e-11,0.138328308169188,0.0166524760329619,4.70359987785569e-40,2.06512985726099e-51,0.00257049346593035,2.31839039625836e-58,0.662824057775472,1.4226207224786e-05
"Cholecalciferol",3.50030745090599e-13,6.16405066416214e-29,2.56863773931199e-54,4.55758340545083e-26,0.00304011353211532,0.000390964484374026,8.12899242585987e-09,7.67333970548248e-35,2.07560620366789e-134,3.33922718699641e-18,1.22550878321843e-36,0.925677486737439,2.85822784341785e-59,4.78388438681023e-08,1.16667893672959e-11,7.51540902465956e-45,4.23733226136154e-14,0.000692690135296709,0.0388560557401018,0.0417409747425778,3.34909271713991e-05,3.52636912208223e-29,1.44913194319817e-14,0.0366181113271669,3.05977892401451e-05,1.07051141366456e-08,3.57090138142956e-37,2.5107819063134e-42,1.1018128907419e-05,9.55584787160175e-88,2.14958005114465e-26,1.40090349467477e-27,2.65552721361335e-10,1.07922403329872e-20,1.27562179399258e-66,1.50632260270334e-11,2.97772074472911e-11,0.569522183552836,4.61961414378249e-26,5.6422966485841e-36,9.36111010905874e-22,9.07531129548916e-29,9.07425168743499e-59,1.16550906113333e-101,5.90735603990976e-06,1.30723314788813e-63,5.74715532923781e-22,8.58084080641008e-33,8.20619793040939e-34,4.64992281599349e-20,2.58779632372454e-12,1.16160030122714e-28,0,3.35160034940094e-48,1.19441679918875e-50,2.22226155764321e-49,3.09067421109353e-12,3.78048239974946e-62,2.66174183453678e-16,2.05536518289157e-45,0.0552207290777134,3.34672893357994e-06,1.20239069660011e-100,2.02835383375863e-20,5.08114877842951e-14,1.65594782640654e-09,2.79993190661114e-06,8.11412728311626e-21,0.184129438319811,1.23328575703859e-48,5.49733371061221e-33,1.2294380070274e-20,8.0141896476575e-12,8.22994644471454e-07,1.17585499533585e-28,3.01146174178146e-27,9.99011015583343e-23,0.828486343587598,4.76191149666558e-46,4.03019710978964e-31,0.457993114866891,4.8693140021393e-05,2.8008470917242e-113,1.63479172271448e-43,0.00223096544616979,1.16074791450583e-09,5.1530645738859e-06,0.00032630915457025,7.33924524169472e-05,0.568812011798698,8.17308946575964e-60,6.73650228083884e-21,2.61290284524653e-36,1.7486504757454e-07,4.31734650723676e-81,0.682341262327673,1.42385738221381e-19,8.28078141747227e-26,4.07112947639334e-07,5.23482423088911e-18,2.46090027356591e-18,0.179414196315919,9.29711423132073e-07,0.100496682177155,2.66872794614658e-26,1.30813922929586e-30,1.73940518682526e-17,4.0538651346081e-10,0.511798651734826,1.09104064250972e-10,3.86302586096918e-15,0.00396257559865641,0.000239049272586094,4.71000932862254e-80,1.31357239160997e-44,5.43619751217832e-34,0.0258577510609302,0.0168758170624703,0.735133020400611,4.87628756589021e-25,2.94706183200335e-08,2.38087684478603e-19,2.94051638396939e-47,3.22500742677645e-50,4.08688571754365e-21,1.19920304548194e-28,2.5165010505642e-15,9.43436613298719e-22,0.029601741262897,0.000603369507733274,2.02669801817e-22,0.000941028830474778,0.0054832131663352,3.51364731255246e-13,2.16152453394348e-06,1.52042637729799e-31,1.42877121528663e-06,5.44967991121977e-23,0.000796046371472866,6.25758494770428e-45,5.13360420131764e-48,5.28293391854173e-09,3.28404819667757e-12,1.11326809174689e-07,3.02187155699663e-39,0.0250111826248154,1.47835049508281e-05,1.8505312281424e-05,1.70383737757449e-15,4.97256390137354e-33,9.13548942812338e-06,1.23158525916612e-71,0.000140649137502556,4.3415166529951e-65,6.98664609817557e-07,7.98738588563032e-26,4.64419262075369e-08,5.09735330520082e-61,4.52859177231505e-16,2.84601578442695e-54,4.96900779737543e-26,1.08302181984085e-36,0.00030867806164607,0.0446309845211524,4.23154442603961e-51,1.36786350242092e-92,1.96748506968126e-06,6.99456190645396e-76,1.21144000700223e-18,9.53757238291413e-25,1.51853941052019e-30,0.000860469925930444,3.43039868141856e-24,1.74744074647571e-12,1.09300330951445e-18,9.52036273586352e-79,8.32330297321641e-06,0.0689291998479072,0.010614785300345,1.22124806217189e-32,2.74537628760675e-33,0.350485957109157,8.20046324265245e-25,0.0219371449776751,6.05659037433652e-09
"Cholesteryl Sulfate",2.03211309797726e-06,1.63921944366292e-12,1.64430629482137e-25,2.63656646498127e-22,0.00259202159968214,0.338501957217176,1.22991690113051e-05,1.70964339841735e-26,2.6580181331687e-46,2.8896596362051e-07,2.61121948720827e-16,0.0340526815591087,4.37982914855243e-24,0.000912306911308644,4.04389380630842e-11,1.25298588840706e-23,1.42310527128828e-06,0.228585045659316,1.78240171097992e-06,0.0340037149273453,0.000639334117646495,2.7801918902723e-26,3.58854190292039e-10,0.000972266751897819,0.0105804135856802,1.07094434055164e-12,1.48172908607253e-30,2.96446946619811e-35,0.0566781469714299,2.88794056827458e-67,1.00505500261513e-23,1.27955437910896e-29,0.00154948301723682,4.84364395196589e-09,4.28722356253302e-48,3.10567884738841e-13,1.38691812257876e-13,0.15949177461582,1.4323919385874e-29,4.68428819885599e-18,1.96361204503916e-15,1.52100655805601e-22,5.10677730601857e-50,5.35350702343202e-65,3.45235245750884e-06,1.67759190841861e-33,1.00832430364745e-12,4.22508373695755e-15,4.431738916623e-15,1.40631427987723e-14,7.21657647735759e-17,1.52445556083691e-13,3.35160034940094e-48,0,2.68315675141787e-23,1.49923714720994e-26,5.39350438045169e-06,1.61264227829062e-69,3.54937573261999e-18,1.53198869101094e-18,0.586318678159193,0.000330045802461047,1.64912994265036e-48,8.75000627896598e-19,7.80209823699323e-07,0.000428617779000846,0.34630764316695,3.51636027225488e-14,0.198219131700772,7.59835667479552e-20,5.05221070965825e-13,2.69623010272588e-12,0.0055914108081421,0.108044098341867,9.17469282269306e-11,3.64283159728953e-10,1.86137091330109e-24,0.0310141876898219,1.52780813151239e-27,5.4967958356833e-18,0.725907170669789,9.1163551013691e-08,4.36108953676754e-53,3.76387787642991e-25,0.497375226009251,7.73634697486442e-05,2.74551727059445e-05,2.19507731005725e-07,0.0574891635922524,0.136253069698769,3.18318129919331e-32,5.26772023398723e-20,7.14019096813835e-19,0.257726054430788,1.09841944333492e-35,0.323203129928751,6.56387037256402e-07,6.03993875195821e-16,6.52953805642253e-09,3.040183472404e-09,3.59785315017791e-09,0.149863947315032,0.745134124615289,0.699599944184327,1.43617464221637e-09,2.72698368125473e-16,9.83221376909406e-08,1.91649498742029e-14,0.153412774768713,2.6145274090893e-16,7.50443904472869e-06,0.624929916577941,0.0240406292388065,4.94523688163542e-40,7.12917726293966e-16,4.06437655370765e-22,0.901978055019811,0.985107944163559,0.0189898286202785,1.11820843351065e-26,5.59876349831394e-07,2.64177293160774e-20,5.0962942130999e-45,2.30534557487486e-39,8.65779023742704e-15,5.32726596962729e-13,2.04138279075834e-07,2.0345593681626e-20,8.32273120504031e-06,0.0725697935125369,2.62822002524566e-15,0.372604758595376,0.0161426930941793,1.26296471922347e-17,1.21189221040201e-06,6.26948921184201e-14,0.0424340728453975,3.00181234124051e-10,0.0202830663213975,2.278133469897e-20,1.48738655293431e-19,2.13056057551254e-09,7.18125638638764e-12,1.86396613187719e-05,5.80085340140235e-39,0.000512523148867239,0.0020838048467273,0.117020501765778,1.57811834361448e-06,7.51146700137737e-19,0.00808092028219591,3.55638486281044e-40,6.45328788268063e-06,1.03887631411134e-25,0.0932547537279299,4.14382639647974e-12,0.0410417779783814,6.69183146418807e-31,5.52187764746e-06,4.5729017232095e-30,1.76367709723791e-16,2.70738238165293e-16,0.0401897389566252,0.000349515073803619,1.54513482289729e-39,6.13018147982512e-67,9.49606531273147e-14,4.43707017216997e-34,3.56381674267876e-19,4.04832399141131e-11,1.44892451323994e-24,0.737510247676731,2.4849084071306e-32,2.22889990337152e-16,2.8683906282209e-07,9.89831042222232e-41,0.00720283922325547,6.15197728549274e-05,2.48955158962737e-06,7.0775991466663e-18,1.30090648177727e-18,6.23125191021757e-06,6.64915197670054e-08,9.49102706822343e-06,0.000120823456119031
"Choline",7.01809188981131e-49,1.19515365490321e-88,2.98242930828374e-138,7.91412748119553e-08,0.772204560989029,1.84163642929378e-24,2.55114049092235e-19,6.171480590557e-23,6.7890423800738e-59,2.43397347312811e-44,1.02547830992253e-111,1.61718229590463e-10,3.09453354451763e-128,1.33946958790869e-25,0.0111748584161171,3.80455005630562e-94,6.0693460774482e-48,2.29180434094292e-06,0.000339713475400675,0.342742846092622,0.455406777490263,1.60901552672951e-13,1.37551386328953e-16,0.00201465928717258,2.67232518977686e-14,0.00768894465895603,1.68340700728704e-33,2.51943693327458e-30,2.26082271921504e-32,8.50244060508879e-30,4.03193732169158e-06,4.84616252344594e-07,2.86107840589748e-44,1.02728078358722e-43,8.04779355468646e-65,0.000162595448865885,0.0011544565232647,0.0193029800770439,1.54855735426752e-11,4.82205691553568e-96,2.06431323024497e-06,7.25784647756259e-63,5.13665994947086e-33,9.86002974434808e-38,3.75870062147949e-18,1.88475166444003e-92,3.15936716475185e-68,7.02329042199786e-94,5.06053196971488e-60,9.48752744897327e-24,0.0183199389331545,5.28906615965721e-58,1.19441679918875e-50,2.68315675141787e-23,0,1.26242009501221e-75,2.88733642113648e-41,1.70144581566043e-20,9.10005029091748e-06,1.13268904299844e-59,6.21863404774277e-13,0.0549169665428882,5.37787183963341e-42,4.07508315787897e-12,1.2865600111724e-44,1.11014426947933e-14,4.40407765449196e-29,5.08205147801653e-16,2.90483658851084e-12,8.5969039041653e-96,4.85004281271565e-102,6.72448090018601e-26,1.34887398144241e-42,1.76242582400184e-25,2.17070639228139e-90,3.53212070050255e-85,6.73486104613173e-24,4.97731055844164e-10,2.09453349272834e-99,8.55057438855641e-80,0.174140449099662,1.10005502563159e-14,2.40658535479089e-52,3.47463381854505e-101,1.84132353677023e-15,5.57404300386055e-15,0.307391602050108,0.136267995270889,8.72968826578172e-08,4.17804461445373e-05,5.70551616595609e-46,2.4897644271355e-26,6.83643412962877e-81,5.78167362113702e-24,4.47603373974073e-82,2.32929429700375e-05,3.97128805810412e-35,9.50544249840183e-57,0.538967507028725,1.5388385499629e-64,6.03778108265652e-65,0.0910721153032952,5.5495910831416e-21,2.25325570752022e-13,4.90587610419647e-51,1.16826480193309e-54,2.76839066519338e-56,0.00304973602525101,0.0345550693246522,4.14013241663456e-09,6.6892178155659e-57,3.2272740272123e-24,1.0682829098889e-19,2.45846551212958e-89,4.35184356384432e-55,8.60878416048715e-52,1.08864310742177e-20,9.63393564974977e-21,0.00212176843253491,2.41927447536913e-14,1.05353016327975e-27,3.5716483773049e-05,2.08603470788141e-13,9.4992836083842e-37,3.38193772840508e-06,7.46962333395044e-66,4.72274370533843e-50,6.81163572392685e-07,9.45545654704631e-05,6.61234110928739e-25,3.24428371187392e-20,1.98151095476415e-08,0.131014145821303,0.0200869783603476,0.00650240957256825,1.97353566574387e-92,1.66171900383569e-06,4.43369162019389e-80,2.88208910466201e-22,7.4322076022535e-136,5.6406397707955e-111,1.24868073597116e-05,0.0848489347339229,0.59783306912444,1.56965439983159e-21,0.118974145376713,4.5656980787748e-14,2.31678468819228e-19,2.14025326158987e-31,2.23879927970276e-77,7.27502711065871e-16,6.80846427308303e-74,0.302411491338791,7.06724108340923e-94,1.21961888618704e-30,1.97551359825686e-62,4.7279662731002e-36,6.8193819917121e-84,4.01412626522811e-46,3.83666038515338e-58,1.00406097780228e-55,1.74701540658169e-82,0.000235632578320618,1.18744631336361e-05,3.90939597922158e-44,1.81295232882376e-31,0.112863659406569,1.37323514167918e-84,1.42452079018911e-06,1.067133994829e-86,6.92516425520568e-20,2.71990772246652e-16,4.82088271355895e-08,0.0688141643226254,3.66953576451463e-52,4.11667672778655e-63,1.10575709027417e-19,0.988530465084386,0.00150054318511837,2.07907839903e-88,6.62194039062842e-62,0.0191966842594322,1.75414868115108e-69,0.152119647907266,1.91035681091996e-05
"Citraconic Acid",9.8656221508469e-46,3.18302988137028e-77,9.12368124327204e-82,1.697005052245e-08,0.218069171370714,1.84171463426029e-22,2.8938657226949e-36,8.18120216290528e-26,3.82094961502953e-65,9.98216997223861e-36,5.99843984699546e-69,3.32290732993666e-09,3.83959328927356e-87,2.72435602725473e-18,1.08488522864433e-05,7.48979190275588e-86,2.51168229368287e-37,1.65575864707118e-05,0.00946646051954337,0.777240398073047,0.27353290375135,2.43722740868218e-13,8.13335037491204e-07,0.0612198356233764,7.69999390369742e-06,0.0370185749882301,1.59985432811081e-29,1.42345605050095e-38,1.86383142636831e-18,3.43916604527419e-34,8.93789984203462e-05,8.75391543823065e-09,4.77086289038057e-38,2.80178825740364e-35,8.24712756503138e-60,5.23522274844474e-11,0.0103909194594215,0.670744448188326,5.52310511435158e-13,8.64936130438909e-89,3.86778706876442e-07,1.22878387952732e-49,6.48239824403072e-30,8.30912443648313e-42,8.07249744209249e-18,1.87394592663534e-117,4.1873947028429e-68,3.95758108465644e-86,5.05530206564185e-37,1.89867306625886e-32,0.316159833876667,4.4827897605153e-35,2.22226155764321e-49,1.49923714720994e-26,1.26242009501221e-75,0,7.78965407552406e-33,6.0000921143517e-27,5.66202551775672e-17,1.90350088942577e-37,2.39718912148473e-18,4.33120530754766e-05,2.19929399648946e-45,1.55408763717907e-25,3.38742945251085e-34,1.13046319722657e-05,2.33038567220595e-26,2.21126769549038e-10,4.64182584915948e-05,8.50693425494644e-82,4.91196918791421e-53,2.13993171385775e-09,2.10919524965853e-31,2.78651375719972e-11,4.45138679561255e-49,1.20440857668614e-45,9.14183622493971e-43,9.07506662574336e-08,1.20768760965315e-77,4.92487606549882e-66,0.000111154386984751,1.35239067273221e-10,1.05584252555713e-62,1.54652874620322e-81,1.62285535665849e-16,2.10401028909032e-30,0.636571371466761,0.0306212514369637,0.0404202430606606,0.000262121188646064,4.33366863418345e-35,4.45786935896426e-33,3.09361049628903e-60,1.31913543892413e-25,1.83704331469522e-91,1.68866473024823e-08,4.22085193544234e-14,2.0746596546379e-56,0.317097817116955,1.75303478754123e-58,3.81740707761087e-59,0.000593614969548677,1.68406565107093e-10,8.25604808662833e-12,2.40150592763911e-27,1.45102280374193e-49,3.13158579391125e-46,0.0445229528589134,0.436448283495735,5.11477935400066e-20,2.92277475133184e-32,3.26995917484585e-15,1.59779907290485e-16,2.24454270527168e-101,1.27504281228466e-36,9.45057529307525e-73,1.96876465052696e-13,9.3673777389092e-16,0.498276480466656,2.32328084204551e-21,3.51864619968638e-33,1.29262683930052e-05,1.69292626961105e-17,2.84676711274542e-49,0.00102718473728266,3.48310529960266e-47,1.76120170222784e-43,6.27028741185731e-05,0.00232189484892858,4.98969632254822e-22,7.43174344377744e-12,0.00698435566438477,0.472935929842838,3.05015987340213e-06,1.19295091032867e-07,1.72514675757423e-81,0.0199838001464835,1.01831652476032e-65,3.46523276449222e-10,3.69031898503963e-85,6.36021633302079e-93,5.09093694681508e-14,0.00104360840490377,0.171620792003344,1.32280097914557e-22,0.531149365077425,2.4593285050536e-21,4.29764129278744e-20,4.01330469874758e-30,4.51649935489268e-86,1.33452861357476e-15,1.11309701286446e-56,0.0648507959879124,5.92928749701278e-103,1.48692215383573e-16,1.98510268738355e-39,4.71179482945989e-28,4.06938577546057e-91,1.30590257760084e-49,2.29152989784784e-93,2.48902081406705e-32,6.44947072426482e-55,8.06588245917176e-08,0.000366439176024618,7.9509800220406e-39,1.30014047929984e-35,0.0778757137026344,1.79516465998889e-80,6.23630774459913e-11,4.06516223807242e-57,2.4115643613586e-37,2.36652288620413e-06,2.71462655587718e-16,2.38152381811145e-06,2.31111870791042e-54,5.81605176696657e-78,3.07090761292157e-24,0.005080546336811,0.137410539808976,2.33538247249988e-88,3.66710856058897e-57,0.64310254786503,6.24036886306907e-37,0.55744179644474,0.07958134001704
"Citrulline",1.22557813966791e-47,1.00669418393291e-49,8.03225571360294e-36,0.0399901732949666,2.61538712631454e-07,7.08545080629076e-46,3.6123982032893e-30,1.58686933312531e-05,1.53005481605928e-15,9.6800198325445e-53,1.00327339628363e-40,1.34502154901656e-30,2.07445865008167e-32,1.76159196175081e-12,0.626795398602366,2.06252492048453e-32,9.86570096064881e-29,0.197632662793346,1.60129162924436e-11,0.560586601615646,3.73164813620799e-09,0.196008180641025,1.00138187772334e-05,2.23225232680006e-14,2.18963277043206e-07,0.888454598086171,1.15108313170581e-08,3.87541362963944e-08,2.20300838861924e-48,6.09570372389613e-07,0.811875738304901,0.755711057230173,2.13791397567091e-59,1.03390637751921e-34,7.96363780613231e-20,0.00640624991905724,0.462630002087545,0.467900327356238,0.0147501770275342,8.59061838308774e-43,0.0151536762901827,4.84589222621918e-30,6.07376022936393e-11,5.76294392510143e-10,3.12134207363017e-12,1.54508794427059e-29,2.75338708596292e-53,2.1936092482611e-46,1.14299017953816e-30,8.99934486247637e-16,0.0902049106705832,3.81604518232614e-34,3.09067421109353e-12,5.39350438045169e-06,2.88733642113648e-41,7.78965407552406e-33,0,4.08643144638277e-05,0.0181407684925106,3.57923633347431e-25,3.07190993304436e-22,0.121169173332594,7.07422324322427e-10,0.000935547710365016,1.497101787772e-24,0.0409973580818289,1.83394040742734e-41,0.0098079691115724,9.35709699013929e-13,9.73922625299418e-44,5.88113782173348e-47,2.27032860958088e-08,1.31788965056937e-29,2.8775578848289e-15,2.36373879353674e-49,7.01398090871844e-49,1.70605403699649e-09,4.95515456397151e-19,3.86276962918844e-38,7.99764459231807e-46,0.0271859511226615,1.24817062254449e-11,2.13729742370658e-16,4.89700020119348e-40,4.98594981689537e-32,5.15121208065113e-16,0.498888695219174,1.76777799415298e-08,0.696181471046226,0.00307547379514735,4.64667572750055e-17,6.31484644544062e-24,8.33237837397263e-29,8.97660554076331e-38,1.28523213322912e-26,3.49467236747506e-15,2.61084605278462e-20,3.88110185428905e-28,2.8017403738742e-05,3.91895225841892e-57,5.75670899171543e-56,4.07306574039986e-09,5.10922884619648e-13,9.367074444331e-28,3.14784312028646e-24,9.08510007988639e-26,9.85929619656584e-54,0.00777725363315506,0.614412704067362,7.62888538491813e-10,2.39009064959774e-46,9.19200445751996e-36,7.81390870494285e-15,6.87727710399168e-26,8.54549333081019e-19,7.38978644969782e-33,2.71494278015647e-30,3.23033964293772e-47,0.0012035804707213,4.48635556378535e-05,4.70218452223095e-30,0.677430277500294,0.00197135258562186,8.36466059649435e-23,0.173385910764649,2.56058036381564e-23,2.44729560478857e-33,0.205728140530304,9.82863292867955e-15,1.60740412993908e-36,3.20831603990995e-05,2.77758930538304e-16,0.000225516741774706,0.356042739374164,0.0488224539096612,8.32369455138306e-48,0.00131130965552252,5.73031639552708e-53,4.1177328286942e-33,5.2558652176681e-45,5.93946542102055e-36,4.67712794019625e-08,0.0145593062774195,5.31437505298477e-07,8.32303534665526e-07,1.26726058654714e-06,4.26978996862154e-15,9.13222404306274e-34,1.84386324182797e-14,2.1647352368898e-38,2.73341536014289e-44,1.81193728488382e-25,0.000318134131101874,1.9534489554864e-34,2.37167059319709e-28,2.56138171469937e-39,8.35807096823045e-46,8.19750299495867e-35,6.11128774049211e-36,1.76013354194746e-27,8.51907694064739e-20,1.62128893116114e-38,1.9243466653647e-09,5.71977309865179e-19,4.62497418389327e-20,1.90017477742981e-07,0.0198668871418339,5.77130425219551e-28,6.24907686404212e-05,1.45759577328214e-56,1.42934356759875e-11,2.55955919122192e-09,0.0100665136919351,0.852022405709803,4.18899673632208e-36,2.21232006987137e-20,1.51217388431387e-29,0.11842554680717,2.00212241325931e-06,1.26875738371048e-42,1.24809370989187e-44,0.252286443638696,1.81689000226301e-40,0.182387896019737,0.423444183734481
"Creatine",0.0002680691336879,8.23593438270214e-12,9.54007865746464e-24,1.8423725896561e-30,0.00261894997609991,0.748634297666265,1.71587936300711e-06,3.33204139550039e-30,1.10238797581232e-57,7.40183199966518e-07,1.11746240195215e-13,0.00328163694769456,2.66106809603665e-24,0.0110265881334237,3.40076846041474e-19,1.11364603129405e-20,0.000103686784515754,0.187194954069025,2.67835657084636e-08,5.75056720427608e-06,5.50023278533753e-08,2.71780878007222e-25,1.30366627691138e-06,1.50990896812555e-06,0.109864083619422,1.52040547655986e-08,3.18130130296027e-25,1.14155881839777e-33,0.510645163312449,1.44849982179415e-110,1.4502882919921e-27,8.83432189062633e-37,0.00924597959300698,2.37976992957049e-07,1.39973097602031e-43,3.21256266738722e-17,7.39830161436984e-11,0.00211425584400844,2.58202183347e-33,8.68139294408983e-17,3.33205097529912e-24,1.25489314533843e-16,2.8140936326441e-53,7.83724119910867e-95,0.00514670714990556,5.15503745917075e-34,1.1745795424138e-09,2.65062567434473e-14,4.76767969524638e-14,7.78009742052614e-15,4.61050129919428e-17,2.03783408956311e-11,3.78048239974946e-62,1.61264227829062e-69,1.70144581566043e-20,6.0000921143517e-27,4.08643144638277e-05,0,4.97965232760005e-25,3.92523098109137e-19,0.945896300582349,1.51399682404304e-09,1.09719906717387e-62,4.25644516337813e-26,7.76160293339222e-05,0.00221903607067045,0.271339276780602,8.65665320702299e-16,0.0527077806081196,2.40004935083546e-21,2.25754611380449e-11,1.21653473861465e-08,0.0091883879803345,0.676757856579045,2.42836745011932e-09,1.22509410379654e-08,1.20527928438222e-22,0.00356214839879704,2.00006912322559e-24,5.45620417587015e-16,0.925958395037379,0.00368796245649875,1.22098717898093e-71,1.34910390508191e-22,0.933357355297503,1.87266024202003e-07,5.81501910008451e-08,2.12467983839548e-07,0.162334707206191,0.0150550608950508,2.2541710515594e-36,3.80532469160755e-18,6.3945176633603e-17,0.0429535455876125,8.13804457349252e-41,0.0589551316423284,3.8524207637381e-05,7.80659756046044e-13,1.8627902349242e-08,1.26869632701646e-06,8.88881038359912e-07,0.386027016453008,0.813723331323212,0.634246559008905,1.36558348392889e-08,6.80757544710131e-15,9.73784844910255e-07,7.22627406955322e-14,0.0219371449776751,6.40573678152562e-17,0.000963461895854407,0.356677633380424,0.195804073278476,2.96860940083487e-41,4.80960392971427e-18,2.29958025773215e-22,0.0952897564508364,0.429099803192794,0.000946750782553795,4.38765188554381e-29,0.000289048914643944,2.58739680002609e-28,1.26677472986492e-77,4.90359426262607e-47,1.27253312619214e-21,2.91162728673595e-12,1.38029382455036e-05,3.31606152773671e-20,4.16589744134565e-08,0.85660335878561,1.59942489533538e-15,0.484109537981165,7.60354455868659e-05,1.0489668167963e-31,5.07755396956765e-09,2.50723215052348e-13,0.0566640105864402,2.95141119718984e-08,0.586659542309094,1.18127507915591e-19,1.09176368121424e-19,7.06582864149477e-13,1.99698055957033e-16,4.2471348472256e-08,1.42120676861859e-38,5.13743232653954e-05,0.00227276080839097,0.270350789201598,7.12813395223596e-07,3.85965820799812e-16,0.0071949369992983,1.27224706210999e-39,4.71535571425267e-07,3.29628919506421e-29,0.284660578910975,7.59354825029161e-11,0.0768267516622758,2.76938401998942e-33,8.32793123714533e-06,4.87179279333599e-36,9.17327244925333e-12,8.12581669606105e-15,0.000330286381677668,2.78810792864151e-07,1.46165613656321e-39,1.03613076106983e-108,3.49493349983151e-12,2.99358614365412e-39,2.6125947583276e-29,3.11058606859196e-09,9.20668265600202e-31,0.631153276765113,6.19083681770713e-45,3.87535702820131e-26,5.91397929437885e-07,2.78903581410141e-42,0.0443602314534733,8.43608647813281e-07,1.40762949721603e-09,5.34754230589602e-15,7.09856561355297e-19,8.96285837891113e-07,1.63092047081415e-06,1.53970661857689e-08,0.000151880958898179
"Cystathionine",0.0102445671543287,2.74555347492552e-06,6.39754057542199e-08,1.77940067743698e-12,0.519249694344332,0.985107944163559,1.01971873087811e-14,3.16715874063503e-12,1.94554710013847e-18,0.000307116386000661,0.000141599116754937,0.0227493868697013,6.90988723400598e-08,0.0656016985503931,2.26547823160207e-28,5.57876969777159e-08,0.40855134449608,0.0678328512854647,2.93969865999504e-09,1.52322648694388e-05,8.02539601690626e-05,6.66690246466908e-17,0.351948102081529,1.19526517271994e-09,1.12268848462272e-05,0.0250258627746974,1.95425071232762e-11,1.63737085815328e-25,0.0707570099882416,3.36270930265732e-22,2.06065348068669e-10,1.63753744037973e-24,0.163027264746243,0.00164130913708596,1.54683949791361e-15,3.78614920862185e-29,2.73405466287829e-07,8.83841377090943e-12,2.43069258522369e-10,4.1260456075633e-06,2.06225808279776e-15,0.000156425248684571,5.17144535424984e-18,3.89147231806229e-21,0.119972821698543,1.70077477879101e-16,4.6480489502441e-06,6.88435776510956e-08,0.0310738181169837,1.13378609318447e-18,0.00236918352462656,0.0194584543933541,2.66174183453678e-16,3.54937573261999e-18,9.10005029091748e-06,5.66202551775672e-17,0.0181407684925106,4.97965232760005e-25,0,0.000426434169958699,0.306610193260454,1.20816554260433e-17,1.79945647122874e-21,6.52761851805e-30,0.538714964544879,0.000358543991563167,0.765389306852794,0.00939576893684932,6.7321182546928e-13,2.10316418190776e-07,0.0381489681758838,0.144492657246082,0.929480098344064,9.06148707621101e-06,0.0968799451232613,0.189873284449208,5.642905181511e-18,0.00696361773530597,2.48955158962737e-06,0.000266699374600353,0.00168497120291696,0.531230638737656,1.02400814069028e-21,1.45129258379064e-06,0.780937341353302,1.98895765090851e-19,0.0324159024580004,0.00160190019554587,1.22787889066199e-07,0.0638207099257744,9.35562743227066e-09,3.7470515074506e-22,3.14652172766798e-05,0.272709895724842,3.9572875483097e-16,0.221782205421518,0.41092038444033,8.70063941152434e-09,0.149567283377763,0.000617815527912666,0.000301407746668809,0.0406317530723037,1.07971036780324e-05,0.107097647683146,0.059275778824047,1.17723486999418e-09,0.0121319027270353,0.0534850379046528,7.65403969847926e-08,1.19177856185725e-43,0.644330324589062,0.0326057796356541,0.195456932393267,3.28114029455575e-16,0.00180819227400837,4.03827534398417e-18,0.00442112343724903,0.0468104855758378,6.66690003594723e-18,4.4068924180565e-18,2.12629835534575e-06,5.72180432465685e-23,2.15838933449462e-21,4.38552090909743e-29,1.64771228526837e-05,0.0214345601308567,0.020156248233523,1.31521851625523e-08,1.16723104289551e-05,0.828599740279333,0.169286761984297,0.00426044601789882,4.99346381537416e-23,1.20757011434342e-20,2.31498482498276e-11,2.38998304976445e-07,0.0348533494736085,0.000530641840438797,0.00470818284302435,3.54202197574229e-06,1.53416592240141e-09,5.50301721505756e-40,1.51595771864874e-26,5.95000250989034e-10,9.26794286597757e-22,0.000984297499009783,6.00767359798686e-09,0.000927499888025423,0.0348556291889589,4.07094604943568e-11,0.333845095636698,6.32535288070195e-11,0.103749440291292,3.66660833374688e-12,0.0236680539714255,0.0576694328541105,0.641628438342667,5.75014244432593e-18,9.1156786187757e-05,8.55650224160776e-23,0.287529443686956,0.0175492067052223,3.55815372017827e-08,8.44878471489172e-06,1.35199343400162e-13,1.25032456616364e-21,5.60550282123327e-06,5.9655721407477e-14,9.00563035796504e-31,0.02641117995704,3.92427119084617e-40,2.03627626945633e-11,2.21780619609468e-53,1.36258603626528e-55,5.33480930098919e-05,2.61240639346669e-21,0.0104511141395015,1.49612378655731e-13,1.1997296536825e-15,1.33166834815448e-08,5.0514557247475e-09,1.27348474311996e-28,0.21760326999427,5.09535561507024e-05,0.933276626832115
"Cysteinyl-Glycine (Cys-Gly)",3.25683076644092e-18,1.12153353592863e-34,4.53032425854705e-52,8.96165129985174e-13,0.0848008733292887,1.55279736621059e-08,5.16857485241096e-09,7.38359148814776e-23,8.8688736799051e-48,1.05012638045995e-31,3.56463719901645e-51,0.00584221927028105,1.86542155676762e-61,2.27032246145247e-09,0.00155151384744642,1.66475144056733e-52,8.97589891651887e-17,0.0695440953353943,0.243057571324122,0.361145157702457,0.0262870972758242,1.03738505912136e-10,2.82198331763822e-29,0.083205009909382,6.45144881854631e-07,2.96633716494798e-07,4.41472600446755e-27,4.00766735995647e-22,1.11980078304159e-14,2.97848590609366e-25,4.66524679008531e-14,1.03412280628194e-08,1.50082415139354e-18,1.02624506531618e-33,1.44393553988023e-44,0.000844748549032082,4.99184167282442e-06,0.951188297021206,1.22060510895689e-15,1.96409488310336e-34,2.45703524817423e-16,1.23443247828372e-22,8.5286690902359e-32,3.13227499536976e-31,0.000838597204426867,4.80369950225173e-42,1.59123075092943e-25,5.01941158812504e-35,4.85984521447782e-70,1.07376175157584e-12,1.61357246511321e-06,1.00248014188895e-60,2.05536518289157e-45,1.53198869101094e-18,1.13268904299844e-59,1.90350088942577e-37,3.57923633347431e-25,3.92523098109137e-19,0.000426434169958699,0,0.00466196142149733,0.00846183166584533,2.81528473528019e-37,0.0004745026240273,4.45362982882681e-16,8.55068446622816e-11,1.3067476054581e-12,2.838531469052e-19,3.07020559686874e-08,2.54636044106405e-42,1.10806379654222e-56,2.25071912284577e-36,6.80002082288197e-21,4.43360194823961e-17,5.2884263520496e-53,1.88539105092791e-52,9.13638399303125e-09,0.00737015131245687,1.71959793732372e-42,2.29101054266683e-35,0.038186945398431,0.000126249888051709,2.68125024879272e-41,7.41698622307955e-41,2.73843405483588e-12,1.33477402290497e-05,1.36126962276596e-05,0.0428544378836633,3.96056790392022e-06,0.11696349706656,1.66941455874658e-42,9.36418205067772e-12,6.31239132530481e-38,7.04614725676097e-19,1.55493766813008e-53,0.117409690830318,3.73036003009303e-56,1.85132458914736e-18,4.26155477323593e-05,9.17998406136897e-27,7.05558863574058e-27,0.160319745296987,1.60852909393987e-22,3.24797411240735e-05,2.27412598528641e-39,5.18669103824966e-24,2.87576841103699e-20,0.0425364602977832,0.00897656582845616,0.00809650424116526,7.16000199258062e-30,9.36646077752956e-10,0.000106871424470174,8.73732695755681e-50,1.02178151054276e-51,2.57245359184541e-20,9.23806116072747e-08,4.84154873637329e-11,0.0224512480164514,7.68876791857302e-09,7.27617763776736e-10,8.90273267251767e-10,1.37547415352618e-15,1.08692555013084e-27,1.35479474031693e-11,7.32414392124037e-29,8.09839555130713e-16,8.03005479389066e-16,0.241961035534593,7.71455560994348e-09,1.17637709828049e-24,2.44579718549825e-20,0.760638639449136,0.00135997571647209,0.0182575160759115,8.83662469555569e-36,4.8625702625905e-28,2.16666276961837e-31,1.21790509376841e-14,2.15035551032133e-52,1.44907850312496e-49,0.00285097377592729,0.0443986347285551,0.05855639444121,2.0402688314582e-20,0.0296402188681523,0.00121028774628258,3.95233167645016e-11,3.96494122145931e-13,8.25810916310723e-31,3.47826923720453e-16,1.3211903752649e-64,0.000195730109613117,9.75170248256799e-46,4.13737720245e-25,2.3859652843268e-41,1.90087533490604e-16,1.51580152922164e-47,4.86935674643172e-20,2.22599519365754e-37,1.20793433014438e-25,1.4365931989269e-52,7.18918093186111e-05,0.168742615252902,2.16962686354319e-31,2.31861257181759e-27,0.619300539715081,1.04307948314604e-49,1.43236755559203e-09,1.20810336733011e-36,1.36988429886605e-12,1.33016751576855e-12,6.08723125148425e-06,0.0341937610022921,2.87470956999498e-22,9.88541296534707e-51,1.1538071129597e-08,0.573760784637688,0.897526312890186,3.55769908927618e-32,5.90491207473014e-36,0.00164711100163396,4.44070966815733e-55,0.840060724816565,4.76172178156368e-09
"Cystine",1.48545367212619e-48,4.86640532217892e-29,6.06584264642122e-13,8.06092839526259e-05,1.81570679150452e-14,5.15275323299725e-58,1.6302204318338e-36,0.0763193095716463,0.00164624454583497,6.47644801259166e-12,1.92111990337782e-16,7.30141196373963e-49,1.2299386508067e-11,4.80327061344704e-22,0.00165693766790736,1.23192414806037e-12,6.91895430667129e-35,1.02249952437826e-05,1.10363888506989e-29,0.000141654925841622,1.09223302737667e-19,0.157600322949964,0.0228198942678547,2.41927447536913e-14,2.35395120846591e-05,3.5636196643327e-10,0.0446309845211524,0.008942000314905,1.34576514801752e-27,0.550676502150674,1.07094434055164e-12,2.91155134618945e-05,2.48514236956203e-47,1.54384843981795e-09,0.000225754022965078,0.403436539298603,2.22697204024277e-06,0.000616387548422469,0.562731153239187,1.29703119977718e-27,1.9954819538018e-08,2.08713880225002e-22,0.863212184745622,0.158835821352497,1.60205937291652e-26,2.40159652866056e-13,5.09020452750026e-34,6.48685284904195e-27,2.39709918997622e-05,3.20701665707686e-09,1.93953021397418e-21,1.34529123740025e-05,0.0552207290777134,0.586318678159193,6.21863404774277e-13,2.39718912148473e-18,3.07190993304436e-22,0.945896300582349,0.306610193260454,0.00466196142149733,0,0.69578258121994,0.182798590210737,1.37465772115213e-09,4.84632173640052e-30,0.0387721697312965,1.2980791586628e-56,0.608218577270721,1.13712154869964e-15,1.37557982378034e-17,3.62276635478977e-14,0.131980427590176,1.90023116486555e-31,1.3779582311736e-09,1.99023232152044e-15,1.11358939774691e-14,3.44296442208151e-20,2.14745203750262e-44,5.90944298594436e-16,7.96199490352142e-24,2.11959637015112e-25,4.09167442020465e-16,0.00137272580803622,2.72304038557689e-18,1.28520431393211e-30,8.68606341505103e-26,2.77125356717871e-12,2.40486088253452e-38,0.44289968595926,1.00946419491536e-11,0.0950531365420681,1.79416599696722e-09,1.63055849759602e-16,3.73688636156188e-30,7.46051691295083e-08,8.40314650693235e-31,0.394952839191949,8.12439500829373e-24,2.00675307303804e-32,4.62679958002251e-31,1.04793918780718e-31,1.9310594894105e-20,4.70430583815758e-09,1.28656192104766e-44,1.09861482625254e-05,4.61191717775289e-13,7.88454112623104e-34,0.00333260497787306,0.0540250247560739,8.57106322140241e-08,5.29467309647831e-20,4.47480399901293e-35,4.76428578140846e-36,9.4060616216661e-09,0.000330709793339666,1.99573493440912e-19,1.10754292588e-33,2.94519369211464e-41,5.84151253953273e-07,0.000307812422118729,1.60870986809934e-38,1.06326204751296e-08,0.142555898250032,0.00030387083138885,1.54344196762755e-09,5.81185202236107e-17,2.16073361934339e-37,2.0718705454807e-10,1.56023607624727e-31,7.87975069424016e-49,0.58075167382321,0.362094770365928,1.83273836156928e-07,0.0794412776943812,0.0100772988337097,9.54261137444957e-27,0.000604812773550428,1.17975332802582e-33,6.86457475361906e-11,5.68079789423147e-18,9.93530944271149e-16,0.0035520144111646,4.6709852563296e-05,5.82037238317072e-10,0.756929849029479,0.000170642243122779,1.45332486334427e-36,2.4403129563677e-21,3.88779470504681e-24,1.80785597376215e-23,3.91586343402198e-12,0.00160613582177609,1.98075885483954e-38,5.11522643487775e-13,1.7821464842864e-15,1.92265971991867e-13,5.34708463671783e-48,5.45598265087789e-10,5.7625826430261e-39,9.04507597010653e-12,2.40011246329611e-12,1.99366355421521e-13,0.00845583428224327,1.07048350209291e-31,0.00713255614788518,0.492700017864967,0.00023907541833405,7.99918193788713e-08,0.198019189321864,1.20770238875665e-25,3.85450828082065e-05,9.31272664061325e-09,0.631536315706371,0.0281417439509515,1.17968319445663e-36,5.88111289398179e-05,3.18099582491696e-38,0.067574797530583,8.68877263834259e-24,2.3539612746627e-26,1.4175641075725e-13,0.0259725515019533,1.17209193339666e-10,1.71842725141031e-06,8.09040042202376e-07
"Cytidine",0.957875401955738,0.0404563932781258,0.0584851225485728,8.83486302264014e-22,1.62524142346907e-06,0.675058893778012,3.90236166818606e-06,0.368782348414565,1.21442340355253e-06,8.99400102136906e-08,0.0854690070951222,0.583042281742633,0.00189564150421264,0.00546547526054118,1.63038306265705e-08,0.013822904990017,0.181151380104134,5.02968571231531e-05,0.0316900026642556,5.66836047396697e-21,1.02167156355254e-08,0.00699309025059294,0.00908798665168594,0.000164201087691641,1.90974792464324e-06,0.0715555313717019,0.169023127156977,6.94969616418268e-05,0.361759475482143,3.01195642562751e-08,0.00422378717886908,3.90475502107729e-05,0.192267022962947,0.000822600989719049,0.004048308024894,2.97675439174249e-11,0.0646085282110123,1.35060318264913e-23,0.442318278816869,0.0342157213519819,8.91308053234656e-10,0.873356079504698,0.000326518452240639,5.9197039907804e-08,0.0724655119157126,0.000152176084130079,0.084298497085585,0.0216803208931975,0.042163751143557,0.00645874663597971,0.18111814235855,0.0492631783608861,3.34672893357994e-06,0.000330045802461047,0.0549169665428882,4.33120530754766e-05,0.121169173332594,1.51399682404304e-09,1.20816554260433e-17,0.00846183166584533,0.69578258121994,0,8.06222402264425e-06,0.000203774766194522,0.080218311322248,0.000435540255102238,0.751218113203626,4.59965254703993e-07,0.000133493084395998,0.000837376848929266,0.055575516299579,0.18674704433151,0.302928840173507,1.34487861753614e-06,0.0620096295682374,0.0913946289362598,2.14641855135277e-07,6.3257060175789e-05,0.182175704195587,0.352913481185576,0.000265993784087406,0.00018335028500203,6.34438530211286e-08,0.136903925149736,0.00967347726450168,0.000129318696533167,2.32718558173948e-07,0.531543448204195,1.37542371802513e-05,1.98898262909372e-09,2.63815892968979e-07,0.0165561835793018,0.0962361491457856,0.00246279532789428,7.43001896727368e-05,0.553532038169483,0.685223218789977,0.687065594288135,0.0796084640306885,0.130747606853708,0.101763216035424,2.09549054205103e-07,0.0355660008665105,0.954409290160664,0.136013288670005,0.0773549588011163,0.163190458774859,0.49876570874316,0.63263712253116,3.31840948688484e-08,0.648821447939551,0.137859078617082,0.259522021880958,6.6970155294723e-05,0.00153869880381821,1.8789472447462e-05,0.00364195457313519,0.821880838173485,2.32131406000969e-09,0.173688324956241,0.451583493823746,4.82843493410759e-09,9.61915612697426e-15,7.99764742231002e-10,0.00048134711778205,0.0714018365152322,0.945467760657832,0.130958598879806,0.0428895155058888,0.022679986118736,0.27759928888381,0.164657321419619,2.77967799932169e-05,1.06757642920274e-17,0.0437404266703892,0.0363021035369895,0.48967271481342,0.272795350901724,0.03695346502587,0.0445612096892684,0.0086809515148708,2.56440669111006e-18,0.000479900115384591,0.0262686214191116,0.00542065898914326,0.330529079039135,0.954221471792981,0.361759475482143,0.498526175232956,0.0601374632731152,0.00442991910835751,0.00233799785696119,0.0244373911621971,1.93301070995278e-05,0.0438316543169303,0.00287202557967707,0.974274207901386,1.35469421346718e-05,0.447701502087692,1.57697445289942e-06,0.182175704195587,0.0595823509461174,2.85578095250949e-05,3.25100810126822e-06,2.28071294598161e-06,4.2336979081795e-08,0.0388311439054224,2.29770620595401e-05,1.30522441563733e-17,0.107289881962038,7.70513392824831e-09,0.0100414133007066,1.33791010426828e-08,2.15516594820301e-20,0.382363400806449,2.99548620509232e-06,0.00270670197468846,0.240016373644834,6.62552873912629e-05,0.115653498858689,4.70290231413086e-11,3.8556509406419e-07,0.554343605850608,7.58738558415346e-13,0.279712508403282
"D-Leucic Acid",3.05202506573801e-10,7.35382541573238e-24,1.14062849693852e-44,1.59891451318065e-23,0.00377546773060838,0.00832086567946428,2.14564810210443e-07,9.63283239387016e-39,1.93791073209578e-101,4.65298300031598e-15,9.30019006182062e-31,0.473049459830249,1.05582407134223e-51,3.38148356196961e-07,1.68000170189504e-14,6.76544878882274e-47,1.17167324084245e-12,0.00160218027004573,0.00177438695172076,0.127959324473074,2.17415607282054e-06,4.37177216090481e-32,3.71797220965016e-16,0.00144708452789879,0.00022968964914599,9.73916781855908e-08,4.98179567618032e-38,2.4203919645439e-42,0.000708478389450434,2.0470224177174e-86,2.62520248699196e-26,4.90527354327207e-33,1.04941459661269e-07,2.83003606765017e-17,3.78894041902956e-70,3.56150795659249e-11,4.73620188205542e-11,0.511813841101765,1.01858309611691e-26,1.24452186316001e-29,3.00011254197494e-21,1.03709640904045e-25,2.30083920785848e-60,6.53259470851881e-98,6.85492031370608e-05,6.05629408368771e-58,2.46558080383029e-18,1.78274564441433e-27,4.62893938387633e-29,6.6279464596967e-17,1.11856029491504e-14,4.506858795745e-25,1.20239069660011e-100,1.64912994265036e-48,5.37787183963341e-42,2.19929399648946e-45,7.07422324322427e-10,1.09719906717387e-62,1.79945647122874e-21,2.81528473528019e-37,0.182798590210737,8.06222402264425e-06,0,3.01084010133094e-20,6.02536303080591e-13,3.86267546221902e-08,0.000266993624246624,9.66053291317522e-21,0.724185674512931,1.31806344600142e-36,5.84913863289688e-27,1.35414734479894e-19,3.13984102895933e-09,3.66104235143687e-05,3.06431252491869e-23,5.22420264311797e-22,3.47052200343625e-22,0.70691547640513,6.11897153864877e-38,3.31240537750145e-25,0.379205568142212,0.0001581393314593,4.1826657643567e-100,5.62723484452507e-36,0.0281001519109953,2.06969264924968e-09,7.31720768558772e-05,2.02157815803981e-05,0.000469443252501541,0.844156572781502,9.96051206361351e-50,1.33021377158172e-21,3.48219417139037e-32,1.07582137175583e-05,6.16255042859532e-71,0.575256401883956,1.30399022108782e-14,9.50583524252033e-24,1.47703534924763e-08,1.27593341439389e-15,1.54988875137189e-15,0.0758147149880199,0.000252137834633955,0.536753379688637,2.07818199451398e-18,1.17783820068648e-31,5.07267506968029e-14,1.25056543767401e-13,0.374227690095233,1.07828522992096e-12,1.15423093933143e-11,0.0721474771485547,0.00135687402921633,1.03293963462364e-70,8.08212727429814e-40,3.21535965113865e-30,0.0778334404140646,0.138167763229912,0.134457172062455,2.83116207875479e-23,3.5003883491905e-08,3.15667377448539e-23,7.42639188766831e-46,1.29524052353394e-46,2.28548669507919e-22,1.09634503560058e-24,6.01821778352606e-14,1.14768599165481e-20,0.000820590236298929,0.00572166443589514,9.40096640246702e-22,0.0179248648811999,0.000126487255983019,1.58991988250781e-13,1.12937637431745e-05,2.82000098131993e-26,5.78175175046249e-05,3.79378916661489e-19,0.011529834292103,1.18781118256936e-38,8.77064886488661e-42,2.73769384807412e-09,3.44525803726397e-16,4.57531460594018e-11,2.77519304029578e-43,0.0253091439308031,1.17987098908821e-06,0.000213696336902249,1.11116715178609e-13,2.50652753044314e-29,0.00133661640804888,2.02933179346425e-68,6.19893450402534e-05,3.31656654923946e-51,6.04314791977091e-05,4.86880464880518e-22,1.25439454263244e-05,1.00467188631035e-52,2.53184689911533e-13,7.36475355678488e-45,9.30294931829527e-24,1.72169528097413e-29,0.00697950657905224,0.0141057516071515,1.0367044897718e-45,4.76425655876648e-92,6.8515283324634e-10,1.397595884165e-59,2.72628366232999e-19,5.67864013720882e-20,4.88497894486378e-28,0.0242732122915393,5.63364500738102e-28,1.56925223543424e-14,6.42108465835885e-16,5.56990891406647e-81,0.000271612019664263,0.0954658455218367,0.00118256792054091,2.42701422104804e-28,1.01567713266947e-28,0.0412621631706157,2.40398840591575e-18,0.00737287856893867,4.71142809223892e-08
"DCDP",1.48177296302922e-10,3.55572599462332e-16,5.24189928908766e-17,0.000628312701807365,0.254472479090909,0.000533361152759709,5.68644263820073e-23,3.06380477335343e-22,5.65002409909428e-21,0.00592413501340613,7.80535889292551e-09,0.383743556507467,4.94269084160906e-14,1.42655052591531e-05,6.39123106231291e-13,2.82851388335033e-11,2.79563528409428e-08,4.11892179422995e-06,0.138701143983927,0.200969851740579,0.073438029670465,4.4313155607782e-15,0.14825821381492,6.64871952792177e-06,0.700948469345554,0.334351545148181,3.62153161343627e-16,1.1013472637395e-26,0.31731050376184,2.37130501622701e-24,0.000259346764913964,1.37883468900061e-13,2.6626803260113e-06,0.000556285688043498,3.35131393148336e-18,1.56150761761895e-20,1.38995283329554e-06,0.202236610780552,4.03141439485492e-11,5.40135410264212e-18,0.000682480789891012,9.89525664724004e-17,4.15180634965535e-15,1.2355082853123e-22,1.05270914326064e-12,3.33841604105131e-26,2.17300103343853e-13,7.54263851993887e-19,0.0553671996395306,9.25987007222633e-30,0.630790295139917,0.0816875039037753,2.02835383375863e-20,8.75000627896598e-19,4.07508315787897e-12,1.55408763717907e-25,0.000935547710365016,4.25644516337813e-26,6.52761851805e-30,0.0004745026240273,1.37465772115213e-09,0.000203774766194522,3.01084010133094e-20,0,1.3147262328727e-07,0.0461549179489922,1.5749040175891e-06,0.000592327854069614,0.0696447796788109,1.37949144835424e-15,6.56024909087127e-05,0.213677978624279,2.46385572951527e-05,0.808559694170856,0.000372667160973133,0.00171007378654543,2.40083947712409e-36,0.0490718157701523,1.31079139436262e-15,1.40263569240505e-13,1.39122809793309e-09,3.57338386657612e-06,8.29763187757078e-25,7.73825741545196e-17,0.173164938817491,1.54483063479414e-27,0.097886445090944,0.845021242121581,0.739569336286431,0.00995269875537081,6.79657788973064e-09,1.25323815383478e-21,1.30399022108782e-14,0.00298838663868352,6.15635316219616e-22,0.0548596138439566,0.552725617565062,9.14430030934713e-25,0.431911115694459,1.55679198967978e-08,1.33423168814545e-09,0.00401483986985558,0.871049856737976,0.0596278110910837,1.09268773232066e-05,8.66687714308385e-17,4.53334660421154e-09,5.39280167510892e-05,3.96755983476786e-09,6.49301835804403e-29,0.000609073750539927,0.0635415612770143,2.71380875911644e-05,1.08674741088459e-23,2.42182946852341e-05,2.09485964239902e-28,0.695020752395906,0.564054616192223,0.00169355727084504,1.6651443315184e-32,6.61167599939325e-13,2.99596273554118e-07,1.62917158327883e-15,4.2261109949609e-22,1.89392377914105e-05,3.8772631674249e-11,2.67205243160879e-11,0.00698307418208233,0.536261808814055,0.000844949160024895,2.68044694819261e-05,2.33278672464271e-09,1.41343701876574e-06,9.58952207611524e-14,1.45160824046169e-13,8.87514455763128e-18,0.00018186859628406,2.8487776683292e-12,0.355434869004042,2.81367816495805e-13,7.23728308075462e-18,3.71357668601469e-16,1.94103837063887e-13,6.85481676377661e-05,1.10349522917716e-16,3.9981859508768e-07,7.98364484814168e-20,0.000110256491435928,5.47836728760494e-10,7.10176092354963e-21,0.235758610465535,1.86644149945939e-11,0.00287360442843293,6.02391197220831e-20,0.277950465361095,0.000688126762532032,6.43232004568154e-05,2.26286270612864e-23,3.28712712113713e-17,3.66257957057013e-32,3.64686377663908e-08,9.94866198060127e-07,7.7679239324322e-06,0.169433831518041,1.71718394107193e-13,3.80131111974693e-23,6.09548573275688e-07,4.85971307940904e-22,8.90712246886646e-09,3.18161962591284e-07,9.10448063736159e-32,0.123210464033118,4.84334790616138e-38,1.61091206499462e-17,1.55203842817536e-17,6.78035507741834e-20,1.00818258353318e-06,6.06056087549477e-15,0.0188582499294474,4.83269386290343e-19,1.05442704400472e-08,2.77037613595998e-07,0.00197404141786987,0.662347773998612,0.568562371163047
"Deoxycarnitine",2.41040141844894e-56,3.42726210185198e-51,2.87626630439978e-42,0.946663292152659,0.000138443422549497,7.00643995348684e-37,2.96619004557786e-12,6.93865111225081e-08,6.51315471075423e-18,5.63074149818388e-19,3.22166609577528e-51,1.00702161136553e-21,4.5469303286888e-40,1.25553767559304e-76,0.343389911336648,4.82551113373955e-42,3.75243129662359e-174,7.88816975069058e-18,6.00478224277742e-14,3.3370400417501e-06,3.76319221291972e-07,0.00015929218317382,7.49556907868284e-06,9.90401408708178e-10,7.43179585133187e-29,0.246983332576397,3.0402137393784e-12,1.53624331841888e-10,2.12208268093713e-42,8.12208901693727e-09,0.114184758010711,0.547005292882726,3.1029844703897e-48,8.90306967323065e-21,1.00159554891258e-21,0.435298921560069,0.215995295450568,6.99125247912305e-15,0.00364011974903576,6.15813438438174e-58,0.0348525728598059,4.78534655488215e-51,6.93190186121971e-08,1.85347707990247e-11,2.26752281990509e-38,2.36736581138624e-33,6.71089683652479e-53,1.5375318666181e-49,6.39645320275855e-27,7.97345025441227e-11,0.228471168060884,3.48790996188743e-25,5.08114877842951e-14,7.80209823699323e-07,1.2865600111724e-44,3.38742945251085e-34,1.497101787772e-24,7.76160293339222e-05,0.538714964544879,4.45362982882681e-16,4.84632173640052e-30,0.080218311322248,6.02536303080591e-13,1.3147262328727e-07,0,4.21810522333749e-22,2.95174836741138e-40,7.42794966920192e-06,6.75866146977936e-31,1.99002821365711e-42,1.50274814179759e-48,1.35461405390158e-11,2.87785979539773e-55,4.19737468967725e-45,1.59088373362781e-48,1.78905408006346e-47,5.99612157400391e-20,5.67251353435754e-28,1.06920356195966e-46,3.53051224380897e-51,0.000246418042642925,2.44426101615333e-20,2.00620799534262e-15,2.7577236223125e-48,4.49322773602234e-17,5.40316507981903e-14,1.32559941177977e-06,2.23221300965654e-10,2.1744326897574e-14,2.45749840964501e-13,1.2305129435059e-12,1.89443671645712e-11,2.84657697727122e-47,5.96101468853359e-22,1.02208068971638e-25,3.88026573071834e-13,5.42957475086536e-12,1.18523659726665e-47,0.000987041706447705,3.82470051788821e-50,7.587232825151e-48,0.000698072274942653,1.3692829761565e-22,2.10434379833393e-21,1.98409257877765e-19,3.65748357863486e-35,1.17400015486212e-53,0.00237112393287336,0.000771949241476529,0.000357988834289518,5.44015946190423e-40,4.42902249117196e-36,2.85188279866421e-58,9.35374242588907e-28,2.1949048644281e-25,8.5642437756597e-28,3.29182918375872e-48,4.47248610330659e-29,6.10868105304753e-09,2.40967444450813e-05,3.15038382796022e-34,0.270258371111869,0.06044078630627,5.96667080842579e-10,0.913142566376243,1.38003107323031e-63,1.90330821668403e-89,0.151321068270252,2.23501903476901e-12,8.84850124738771e-41,5.9230381651737e-10,0.140270121362874,2.18224709083705e-08,0.0634851748208385,0.923933665629611,2.26999395514817e-49,0.684447706207755,1.28500173246303e-59,9.01822752223734e-22,4.42310694650481e-49,3.84501823415491e-40,0.488653628365456,0.050507850957773,0.110942877119428,4.01630792516178e-05,0.00116272621398248,3.81600132877851e-22,2.16526009482396e-12,2.04969441762603e-49,1.98756700681125e-43,4.82650193135595e-07,2.78459146390256e-20,1.0765527788869e-10,3.14258133281318e-34,1.91756262524406e-29,1.07733278211788e-35,6.02256588595946e-50,2.6000151104321e-24,3.040260301542e-43,5.5410425339438e-20,1.58129036133535e-59,8.41681286773901e-44,0.998523546810965,5.99531836469535e-21,1.57514180848275e-12,3.50264222417469e-09,0.173730164096187,7.15517938523438e-25,0.392895681465124,2.80706690404023e-58,9.43340037190632e-06,5.73143257584854e-30,0.518315053793907,0.0035196660836554,2.20973216838013e-47,1.79719650691268e-19,5.38877898707358e-19,0.0329359984208778,3.27335093236966e-21,1.0120809124281e-51,2.46980115181542e-26,2.32780645866367e-07,7.43413488771629e-34,3.84047029431181e-06,0.560054502502643
"Deoxyguanosine",1.51834226687223e-06,1.58315606152777e-09,1.55219411597462e-13,0.164144164569299,0.00544595832178474,0.00130327949750966,0.362562613716205,3.03869983169336e-07,4.32518330556278e-08,0.0175149875635919,5.63682332027164e-13,0.103897925015478,6.67665911652016e-14,1.71460307224077e-30,0.105184334159222,5.07135720012446e-11,3.89294920206958e-19,3.38070524940688e-18,0.000867060922147841,0.000108974770513098,0.00936381694245593,0.000309399114225696,1.46969780864255e-11,0.554689867321384,7.58829449514198e-23,0.935969027270663,1.4312790343157e-09,0.00057203743362763,7.41879145663724e-08,6.13055774246118e-06,0.0436589382659186,0.224167621174505,5.73412393081596e-06,2.83500154858727e-07,1.54472362460769e-08,0.0014725745470536,0.0856719502051522,3.57637662869541e-17,0.00311902662932972,6.60687614025681e-12,0.197659446371172,1.23862053687723e-12,0.000189740235354807,2.14405257903567e-06,3.49731647118091e-07,6.89870212948155e-08,9.76073598196643e-06,3.19144514913949e-09,2.70583856015124e-10,0.304769024856735,0.00927920700155217,6.33976490433773e-08,1.65594782640654e-09,0.000428617779000846,1.11014426947933e-14,1.13046319722657e-05,0.0409973580818289,0.00221903607067045,0.000358543991563167,8.55068446622816e-11,0.0387721697312965,0.000435540255102238,3.86267546221902e-08,0.0461549179489922,4.21810522333749e-22,0,4.70057318249319e-07,5.36147033385045e-14,5.51761260315326e-19,6.85928821588066e-10,1.19515572947182e-14,1.42909251934342e-22,2.51273107852628e-18,1.38151374051211e-28,4.1301189191801e-14,3.56102628722386e-14,0.00161745084828517,0.000609018917027282,1.10270680995556e-11,4.74929473656119e-11,0.269464388669792,1.76533569370782e-05,6.46462407913033e-06,1.12943540945407e-11,0.0262811290556814,0.323307181452851,0.0267589027424393,0.988632429368766,2.19305429740381e-135,1.37495118053836e-05,9.75919388820429e-09,0.686586073148036,3.08360430392337e-15,0.00114326317230121,2.56197665586003e-08,0.51511910457875,1.7253481719916e-13,5.72289385566548e-09,0.000930072049072341,5.42241179784797e-06,4.14755209691049e-06,0.00011059346451049,4.2467707117386e-27,0.00213206541022541,2.63220519466265e-18,2.20622999002406e-09,1.05509623719413e-06,1.65656661419164e-15,5.25731711436779e-12,8.395254829536e-05,9.44314611515172e-14,9.64682524960774e-09,6.82469364246515e-13,5.38555617272417e-09,1.53820614671766e-17,0.00393431551265913,6.28733652865348e-09,0.000665355587947618,1.78931926095274e-09,0.0489954060110495,0.078709669099631,0.586125247224394,0.138799754445257,0.28543694654634,6.60782070469563e-12,1.80809999030843e-23,5.75108948866961e-12,0.27548415116213,0.139892279788281,0.00282723826742068,5.2720178089686e-26,0.42155945937333,6.86011795225813e-05,0.0280974273428767,0.0232223460648146,3.22719800829713e-09,2.66443316389947e-05,3.50887328695973e-10,1.83653708650185e-07,6.71601445145743e-13,3.35645262442192e-11,3.03431664639837e-11,0.126731988555666,0.0228043656134065,0.0343452969980392,0.846724884725339,0.0425275789957472,0.888686312029691,1.69909417223228e-14,1.5954960340305e-06,0.272709895724842,9.59858691904822e-09,0.854626137494841,1.61662761140162e-08,1.17931758540442e-14,1.45762115078912e-13,1.45879206802068e-10,2.57238693086875e-05,8.94766640160148e-08,0.00113377268834601,2.96129788959448e-32,4.79463241805723e-15,8.71210260688068e-06,0.142960942321082,0.000356312819701374,5.8222282892139e-06,0.00645891723119561,1.30311496000022e-08,0.00128438098881508,1.47050717731042e-11,0.398799733177206,1.64575576053851e-37,0.12841543017572,1.32492054590453e-07,5.0713638317653e-09,2.13077004670562e-05,0.513989605936337,1.7614751510094e-08,3.28959808795671e-10,5.96594660657381e-08,0.00039391740082215,6.89003551250683e-22,5.86409597735075e-13,0.00251640474370282,2.02756735742193e-12
"DHAP/D-GA3P",1.80655354068168e-65,1.01795663844705e-53,3.04007906010739e-27,0.0574268481569468,7.46226771568811e-07,3.98091806623028e-79,4.20313133991151e-32,0.0037368006732185,1.68375668757787e-08,7.14448002286291e-30,2.63967289858179e-32,5.05226975041536e-55,1.51470397397307e-26,1.30313206463966e-28,0.039927837382014,4.55509572441808e-23,2.39930405380473e-47,2.05052261670511e-07,2.81027839312319e-37,0.0037484742922338,3.93462297150648e-10,0.87456035474976,0.468253114285224,2.62354871137517e-15,1.10539320656461e-08,8.84282566968784e-05,0.000647128253926197,0.000678001197150157,5.40864015040352e-47,0.0408138236466224,0.000136565981109245,0.00194845616894115,7.66918433835284e-87,1.59827034706238e-26,2.70351921747592e-08,0.236748540051766,0.00251288698747692,0.000469717207642142,0.628537536577356,1.40623979657988e-43,0.042928175241913,1.37498939956471e-25,0.0366790358467035,0.00199119637966995,1.55227613936744e-21,2.04439877251789e-21,3.7501595004992e-47,1.1145224694198e-47,3.9768332451536e-15,2.5038162522659e-11,3.39361597691106e-13,6.45695284838316e-15,2.79993190661114e-06,0.34630764316695,4.40407765449196e-29,2.33038567220595e-26,1.83394040742734e-41,0.271339276780602,0.765389306852794,1.3067476054581e-12,1.2980791586628e-56,0.751218113203626,0.000266993624246624,1.5749040175891e-06,2.95174836741138e-40,4.70057318249319e-07,0,0.0329720258960748,4.51930780857229e-25,4.20301552668762e-33,1.6302204318338e-36,0.00685836434114191,1.48176176710072e-70,2.9468914773746e-21,2.28827192948523e-40,3.94613009343001e-39,5.20668947508601e-13,1.0254572442242e-41,5.51111297178039e-25,8.273829025399e-35,3.72945430403579e-09,1.88768864414909e-10,1.95140937889491e-07,1.81836862827078e-28,4.59132817188557e-57,2.12075732049105e-21,0.000289655794614884,1.31196463968223e-26,0.000484044051893918,3.3343398076838e-12,2.31860063817723e-07,4.16387967459616e-10,2.49412435870793e-27,1.82261411532976e-61,1.99831402964306e-16,2.10234384166011e-21,3.09060070328415e-10,1.53351580598221e-30,3.61020536987531e-17,7.95331050079601e-52,1.22631817091177e-54,1.47425121991576e-13,9.31152739926733e-29,6.24686545072203e-45,2.23456926532059e-21,7.04554610816277e-22,9.57685318535527e-54,0.00295509829104687,0.258056612383121,0.000888995027690065,2.8776183629581e-49,1.53047948721379e-63,2.12773614915897e-33,3.04423398807455e-16,1.47125862483894e-14,2.45194829196219e-25,3.54539935622601e-51,5.25268039599125e-66,1.51564722607225e-08,0.00476745685346499,6.5885033013754e-29,0.000399429652663203,0.76187384769436,4.91754885601444e-07,0.00849401924860332,1.37785331086054e-33,8.2758672897379e-48,0.00233845054342272,5.81684748904857e-35,1.69365308270159e-48,0.00148901281813934,0.00066934806564229,5.70781797931881e-06,0.103840647237802,0.109780850247892,9.08106779120555e-49,0.31053316629839,1.19819992913675e-62,3.94901087933354e-22,4.48036454836406e-35,9.54178964947682e-33,0.0218999897587844,2.90060712431087e-05,7.85390716015523e-06,0.322018854146261,4.19324396472174e-07,7.73446560521059e-24,2.56281532257258e-31,4.40338981992132e-25,3.87486780578302e-34,8.40626071466051e-21,1.93429219847948e-09,3.91314299282174e-19,1.2514563938294e-25,1.76428436597857e-39,3.59416185721422e-31,1.23934233136005e-111,6.70970701451108e-20,2.52420032238355e-67,1.3389964267947e-18,9.15501414807297e-20,6.24385873869289e-30,8.38769236552571e-05,1.32583299771716e-29,1.53092876016638e-06,0.0267962413825905,4.85174628336009e-07,2.72861137863976e-17,0.866038011155401,1.35313850385826e-48,2.29508237661906e-05,3.86763852417946e-20,0.781082482969314,0.00117501054197593,9.83419277086194e-64,1.53448555194553e-10,5.73207223102764e-42,0.444716093528691,1.21518224818414e-24,8.87352505411823e-39,2.64326083206403e-24,9.5384315019406e-08,1.60379324609972e-33,2.78810792864151e-07,0.337717280722305
"Dimethylarginine (A/SDMA)",0.00492107382875542,2.32476827592726e-08,1.34915289352511e-12,2.19721957437995e-15,2.12083210627422e-17,0.140528188421166,0.311840299842146,8.76571465515623e-10,1.27289984142356e-19,1.33504664973176e-08,1.00615500497131e-12,0.495359607331721,1.48142049007847e-17,4.18521339814791e-06,0.00876250226690799,2.20101955806241e-14,1.44327985484884e-05,0.340861519558057,0.143140566103909,0.000764536491279083,4.8247466185252e-14,1.91869992934407e-19,1.25958227652822e-13,5.22200111386861e-05,0.0288668675580549,0.000797602408522422,2.32134658243386e-20,8.12725185401146e-16,0.00638840431627082,1.30570985324033e-19,2.05544723429145e-10,2.47932380548285e-15,0.000533258425659919,1.9744729139831e-06,2.41970934010759e-17,0.43636139531558,0.00509293497951809,0.014849242717104,2.14555550837716e-10,8.54284321401317e-10,2.94983414480833e-08,2.03974803880638e-10,3.66695577023967e-16,1.76628126105708e-20,0.0893099766263719,8.67163449899445e-15,1.10835445068904e-05,4.36409334982587e-09,2.97124798798675e-13,0.0185965931648094,1.03964600182265e-06,7.76408548679766e-13,8.11412728311626e-21,3.51636027225488e-14,5.08205147801653e-16,2.21126769549038e-10,0.0098079691115724,8.65665320702299e-16,0.00939576893684932,2.838531469052e-19,0.608218577270721,4.59965254703993e-07,9.66053291317522e-21,0.000592327854069614,7.42794966920192e-06,5.36147033385045e-14,0.0329720258960748,0,0.0120223777342451,5.78798223090223e-12,7.23236430853603e-14,6.31620377563328e-19,1.62515917034652e-09,0.000719084765485767,7.91583127737881e-13,2.52065708439091e-12,2.2003556774822e-09,0.327059864912283,4.09483960855398e-11,6.43260761187138e-08,0.957628478130009,0.0483499738925497,4.0167820868424e-18,5.59234931127089e-11,0.0343652144965772,0.776993130715911,0.00143821496677118,0.00983259261642198,1.81474592710991e-10,0.120259004981032,6.78355463708182e-18,0.208958489666958,3.38121635645283e-23,0.00037848118294987,2.46429772283192e-15,0.121572230579133,2.97777607055492e-11,4.30264828681394e-05,1.99310195407021e-05,1.52051008750628e-05,1.80321423311646e-05,0.0154369144450829,6.28970766181686e-06,0.945467760657832,2.3409612733467e-11,6.34885578089091e-12,9.15502663591572e-06,2.95535904415403e-14,4.78760685273186e-10,0.215708122771647,5.85134592829206e-09,0.0458388808098998,0.000156821274725368,3.92466027443132e-17,1.3132315545125e-17,2.8362405363563e-06,0.651264391992561,0.0705403277919643,0.331903451342069,0.00102900304025496,0.24840335247587,7.09407335440715e-11,4.96300972883296e-18,1.81069367091352e-06,3.38843498379899e-25,2.38551618945232e-16,3.16903342955732e-06,3.97368007085983e-06,0.207495219200846,0.810757596287198,4.17478061826224e-16,0.00776341200665038,0.948239982981503,0.00439636637148302,0.681026978430635,1.14260760650663e-08,7.52261473933203e-06,1.76680252374885e-07,0.136552465996933,2.4052199700294e-13,1.92231054560371e-12,0.292105743726399,0.00483675736459557,5.41336158134835e-06,5.8696668068604e-12,0.150238061137633,0.301472978822172,0.600400003044932,2.17702031496541e-07,2.78614852158182e-06,0.43054072030097,3.23088721714882e-18,0.000542562217078322,2.95535994314911e-14,8.99510439527926e-06,1.43699665223635e-18,0.000709717036200264,2.80027359474279e-13,0.000813258366167056,5.34346131920979e-10,1.11273311333514e-12,3.15480395934193e-14,0.0220026404630221,0.000386244033487117,1.23105214555356e-16,1.90628788008367e-20,0.0233530407043663,1.01146516117745e-15,4.3249593162136e-05,9.8359017044591e-10,0.0114188456525434,8.37516999712423e-07,0.000214033706928469,0.0200862919947211,5.15557329653977e-05,7.41430027248086e-16,0.164703817003064,3.27508279991265e-05,0.850118754133283,1.93875528889375e-07,1.41335999023377e-14,0.0908023112760045,1.77713258644647e-08,0.000881474455351535,8.21670775057572e-19
"Dimethylglycine",9.70177759841705e-19,4.96949950063699e-14,1.41145705925866e-09,0.00361995243558279,0.000325082328183435,2.84726277563697e-22,0.0132831999912971,0.327059864912283,0.0651596559521892,2.34351085396342e-08,5.66510044220435e-16,2.50079024650502e-21,8.13607065628759e-10,1.80668960514892e-39,2.99759983623853e-08,4.12863750888205e-10,2.38311837217725e-31,2.74857253056252e-12,3.57027727584187e-26,8.18105944144643e-05,2.91307923476429e-08,0.0161097169407008,2.2400300362474e-05,5.55694418952206e-21,8.36074034978155e-27,0.00118137478121279,0.0765312228089965,0.962731808435197,3.60168965101669e-34,0.60446737738187,3.08162355596421e-07,2.00090043315711e-07,4.65020041748681e-24,5.26064960911113e-08,0.00388426573144536,3.5071211166207e-09,1.67983552586246e-07,8.04488800846261e-18,0.342193205508902,2.28192939678654e-14,5.79931705010672e-07,1.05445846494006e-11,0.855590398305997,0.767861145504644,1.4681934383754e-10,9.21714846959099e-05,1.20354873599076e-13,7.17839563685736e-12,1.61585241922161e-14,0.396138171512091,0.00247067501862325,2.13040053951435e-13,0.184129438319811,0.198219131700772,2.90483658851084e-12,4.64182584915948e-05,9.35709699013929e-13,0.0527077806081196,6.7321182546928e-13,3.07020559686874e-08,1.13712154869964e-15,0.000133493084395998,0.724185674512931,0.0696447796788109,6.75866146977936e-31,5.51761260315326e-19,4.51930780857229e-25,0.0120223777342451,0,1.00257084486012e-10,1.46059047585913e-20,1.13460407570423e-09,8.71642354127996e-34,3.33475924679347e-54,2.06633493305677e-22,1.74971893829729e-23,0.0605240022853253,4.94328503844595e-30,1.23677034375358e-11,9.75342486606079e-17,0.0981277034112493,1.30039463858135e-07,0.230537441143439,2.49510654171804e-12,3.67161406597122e-19,0.159632961974936,4.59715931351698e-06,1.56509465474602e-14,4.45275897145534e-17,8.81788774978101e-11,0.0187867004222161,0.960558942079534,9.14806872378894e-13,3.97668416704273e-18,0.00119610288005083,8.88542039613369e-07,6.83171156516939e-12,2.08924538084652e-08,5.52459492462297e-05,1.71286883304519e-16,1.1073746610167e-15,0.0138927333482829,5.23121532334366e-37,9.30194977825082e-21,1.0181147529818e-10,4.88426458664061e-05,1.08860623768036e-17,0.847847935080109,4.78399176390416e-07,0.000382599394519398,3.79654469643095e-23,1.61363920479551e-31,1.29707094402728e-32,0.00045688706123546,5.0499300981953e-12,0.00196052421449889,1.19044189511604e-36,2.10318101013075e-32,1.16665288237815e-20,0.107491660846506,1.52339146137228e-08,7.03043793101585e-09,0.00165514707877918,0.845215535220258,0.0954706735422742,2.03432099010002e-21,1.94666672793875e-21,3.57479172361876e-06,1.87337128029897e-20,1.06619002515573e-21,3.98200534669333e-06,7.24201006677013e-07,1.18935391155693e-28,1.89854229718501e-07,0.000162245683195318,1.62834490037569e-12,0.00175908699594128,4.93582070114794e-18,1.6345282511337e-24,1.71134265361133e-13,4.80292809842992e-09,1.64267112584557e-06,1.04029095858686e-16,3.68832482634985e-10,0.082130030882841,8.28399548517011e-09,0.000627424073675485,0.00029849015812727,3.0707489793854e-18,3.65506876825883e-08,2.0585713065611e-07,0.000281313523224519,8.28403020655922e-09,2.29592606361397e-06,9.69799488881322e-35,6.70753586857031e-17,1.96079099767716e-32,0.00146014875782334,1.61815636517282e-13,0.0142151872321478,3.91339475008379e-19,3.13127760279375e-18,0.142960942321082,8.291080413383e-27,0.195265400139245,0.725385109023632,0.00375953232983873,0.000134051921129522,2.6712799675118e-10,7.69023510556764e-23,0.0244041100245532,2.4356678811001e-63,3.54478839695918e-10,2.38406914297502e-20,1.50945248453713e-13,0.0630160140244946,1.6917053172103e-08,4.17779935601222e-07,1.7233983566731e-41,7.00658319325301e-11,1.35412144346249e-07,2.07581456199668e-33,1.22155083395234e-19,3.40521481986628e-09,0.519069300741273
"Ergocalciferol",5.19708731779448e-50,1.60309700336358e-84,6.64279788016203e-91,5.26416010920765e-09,0.117056474600971,4.81633912737119e-29,2.39240982982362e-25,1.01483713750961e-17,3.91895225841892e-57,6.78235065030543e-43,1.41915980987261e-83,3.73027505941694e-13,2.12736159881638e-88,2.5183937706137e-23,0.0170914377883171,1.64002304549774e-68,1.95616522777964e-46,2.62389518606193e-06,0.00016911793506643,0.763558807548603,0.0719188941291943,1.81550015927516e-10,7.63596529314928e-09,0.000259466040867791,9.34759193236415e-12,0.0849500542322972,1.72791506945279e-24,1.63124346094485e-27,4.12888065318228e-31,2.36376325190102e-30,0.0011296623658929,7.62166383637342e-06,1.93419052198313e-47,1.1080796006762e-38,3.90015148615669e-50,3.60664461468976e-05,0.196812713792577,0.148955856189295,4.0778106160272e-11,7.65339762285442e-102,7.79347422029303e-06,2.39287918593837e-55,5.28008903521481e-29,8.41393155799415e-38,6.69366181795593e-18,8.03578628968382e-83,2.36335262472616e-69,1.3348918436647e-87,7.44614419032111e-49,8.49295780314275e-27,0.150832865092976,6.02139494619389e-46,1.23328575703859e-48,7.59835667479552e-20,8.5969039041653e-96,8.50693425494644e-82,9.73922625299418e-44,2.40004935083546e-21,2.10316418190776e-07,2.54636044106405e-42,1.37557982378034e-17,0.000837376848929266,1.31806344600142e-36,1.37949144835424e-15,1.99002821365711e-42,6.85928821588066e-10,4.20301552668762e-33,5.78798223090223e-12,1.00257084486012e-10,0,1.26476009878057e-77,8.3462212146547e-15,4.0005971280194e-41,1.52494442343834e-19,2.0450679676936e-72,6.59663471104995e-68,7.8827791656397e-27,2.08469317438127e-10,4.67002530595426e-94,2.99152175659698e-83,0.0279058953828968,2.39941915054105e-11,1.32825900703933e-53,3.32580032262207e-97,1.50077458659848e-19,5.34922778718409e-21,0.289163957616422,0.00183526796149618,8.01033781373244e-05,0.000734212970129805,4.67295888399301e-40,5.47748824469332e-26,1.31254048952916e-67,3.75345110210642e-29,3.68519030368604e-76,7.91400205761881e-07,1.5796372481605e-21,8.20311072455695e-51,0.24524117013079,7.14053597228808e-59,2.375772589577e-58,0.000398462644493664,5.79398437217953e-17,1.28209540458638e-14,6.4414978309665e-38,4.20357912877212e-47,4.31853367095575e-65,0.0264885196212677,0.499386585618005,9.79608680086194e-12,2.77594429596314e-43,1.33397234259588e-21,4.52455317160638e-21,7.3454000795713e-75,1.43970509434987e-45,3.23881540674771e-61,9.54177750427213e-19,5.56528985338782e-22,0.00498919863249313,2.27749229052349e-14,3.46795929385867e-26,0.000634150593792546,9.50162203997035e-16,1.26057326162081e-40,0.00105022347072698,1.67979490472013e-58,1.70270740239789e-51,0.00062669404163475,2.04040451975649e-05,9.47575652343181e-24,4.87828204287848e-13,4.5971480371316e-06,0.0908798782552313,0.000336444951360289,0.000285733511242972,2.17095214076601e-86,0.00412741320520951,2.50337775596402e-71,3.22949024897178e-15,2.75746557460291e-102,4.53296390327761e-83,5.54941293931292e-09,0.127637826674735,0.926214779318744,1.46954758775202e-17,0.0883371147507803,1.36296065277377e-15,1.29356060261427e-18,4.72206562083592e-36,7.46407838807402e-67,1.37490335612237e-19,1.90374408509441e-57,0.0500102229976553,6.84103507382199e-127,7.90629142962529e-21,1.66518399027622e-55,4.27013040386193e-40,6.03563804817805e-78,4.29837224039334e-44,7.53528955203768e-63,7.47186718640858e-43,2.50076270202786e-77,1.40120105984422e-06,2.99548620509232e-06,3.83151174204098e-41,1.26367846271184e-31,0.244486245747771,2.31538132502719e-79,6.47122165807856e-08,3.64321084036935e-84,1.77266705004679e-25,5.62361719625876e-13,5.99996017729016e-09,0.00433437692644963,9.08106779120555e-49,2.24788275794017e-53,5.75209089804507e-22,0.245483809074993,0.00121723968141959,5.75165684971561e-78,6.07399598329097e-69,0.118817392206986,1.26431804469702e-50,0.618206052863994,0.0190044028820191
"Erythrose-4-Phosphate",1.37634987548723e-48,4.42745773076038e-72,1.29413074956325e-77,1.13547555726021e-05,0.591032108477659,2.17692919931056e-31,3.00224771685119e-15,2.48661532466776e-12,4.536178764446e-39,1.91411113498313e-56,1.2740415306146e-101,3.98889662593231e-16,4.00643366834589e-90,7.47538539013293e-29,0.539430436310454,8.82445102211146e-77,2.69768432567393e-52,1.07813316403e-05,9.31272664061325e-09,0.205044473880605,0.0471042127508957,8.33072222686824e-07,2.95041957107371e-16,3.48432999410348e-08,5.42240003457076e-18,0.00970793258523813,3.02239678323924e-19,8.50030300985703e-17,8.85606472213953e-45,9.19565945682685e-18,0.00547302661946299,0.00895146858865384,4.57243560327044e-53,5.92458334772077e-51,9.97749717062675e-39,0.0676485505196788,0.447479415231843,0.00402418234575981,3.27356441082582e-06,3.40777707661287e-75,0.000510062525250405,1.71524583579619e-44,5.76062787566958e-20,1.46713344066158e-23,9.08368524974647e-16,1.27778127014793e-54,2.35272480010387e-61,1.32843403511053e-69,6.42061513753516e-74,4.23350947090353e-14,0.181488702415972,1.09996468777722e-67,5.49733371061221e-33,5.05221070965825e-13,4.85004281271565e-102,4.91196918791421e-53,5.88113782173348e-47,2.25754611380449e-11,0.0381489681758838,1.10806379654222e-56,3.62276635478977e-14,0.055575516299579,5.84913863289688e-27,6.56024909087127e-05,1.50274814179759e-48,1.19515572947182e-14,1.6302204318338e-36,7.23236430853603e-14,1.46059047585913e-20,1.26476009878057e-77,0,3.56017088512168e-28,5.21243603911046e-55,1.29706466131759e-34,7.86878539020386e-220,2.38715251859004e-201,8.25256794679418e-16,3.48863694441132e-13,3.33347891174311e-68,4.93279235521357e-65,0.38621083430489,1.38969905255568e-10,1.34932387144721e-33,9.52676239924012e-69,1.33593223712323e-25,1.81712482682293e-11,0.275163884296458,0.000989454012894438,2.07060195418322e-08,2.94333118113916e-05,7.51368007949499e-36,1.51983631998272e-15,1.48524138870707e-61,3.84405331664882e-35,1.73459436646083e-52,1.70673258449796e-07,1.02510650234418e-41,2.64002217664472e-38,0.49557046792793,1.30347973349972e-67,3.26599376561218e-65,0.0136210558822164,3.82748668063271e-31,9.10722799652833e-18,7.43998959365725e-45,2.00462323349059e-41,4.31652162143835e-60,0.169801699591118,5.17608768354002e-05,0.000256183769816674,2.71625307931141e-65,4.76509669625853e-31,1.19887648084897e-22,1.2940508871358e-52,2.70021880996226e-57,1.50472662476974e-36,6.54875937425668e-31,2.46409373217443e-32,3.08316687462716e-06,2.35506627373246e-06,1.66385800244365e-22,0.0267777235354722,3.49030294328988e-08,1.35651267967741e-23,0.00430305389700564,5.42470923854454e-65,8.76791237661278e-49,0.00130264072749529,4.40704706154599e-08,3.20774026864598e-28,1.11500121419459e-14,2.6622825548079e-14,0.000821246120982145,0.399697190634549,0.256810221548511,6.07127140391019e-70,2.03945047075284e-08,2.02367765279312e-75,3.00045288985038e-28,8.66400367527765e-98,1.6346800068866e-73,0.0030298391525295,0.5767740840875,0.439316053980356,4.80068600672497e-12,8.34173531806946e-05,2.78653265625341e-10,5.16015275641888e-20,1.45366504378171e-31,7.02791403470195e-54,2.73693024956836e-21,2.8588302271559e-50,0.151538174644987,3.74480659465429e-67,1.21712657434965e-39,4.66621924593855e-80,2.77003334031261e-48,3.26170974241577e-51,1.53292687232996e-41,1.6811714148863e-36,5.72856140910789e-49,2.55332529597025e-103,0.00218840800075358,4.91527330501379e-10,7.90584667696026e-31,3.72028252940577e-19,0.648645890635136,6.21216578696371e-53,0.00057724370483668,3.50032289209051e-102,3.59750430022028e-11,7.18244463256732e-26,0.01766239879348,0.771994835208434,5.22048199624182e-46,8.16346538522609e-43,1.92248288744761e-22,0.0260288056172946,9.39815272569703e-08,1.79976096887897e-62,3.3300241113441e-62,5.67106293853355e-06,9.19887990443105e-87,0.0492130783654624,0.000518374501521311
"Ethanolamine",1.0576243532779e-05,1.58874778004923e-10,3.44054834204286e-20,1.34520232930686e-09,3.02437398623203e-05,0.0265465771415961,0.302310861471672,2.90810496758889e-10,1.01449281037702e-18,1.73802962207585e-12,1.22136472243432e-21,0.784341534509908,1.58529728015702e-23,1.86960373289027e-09,0.606320985454732,1.22065475285197e-22,1.47044105340339e-10,0.00192784830927674,0.928391609520449,0.254926799862426,0.0213374683626028,8.60672046632753e-08,1.37362939363775e-60,0.114914569125708,1.14833097722485e-17,1.36819156724394e-10,6.82905942226534e-16,7.2642945697666e-08,5.24440971733442e-11,2.40957333129178e-13,3.92120551805537e-14,1.62954232520395e-05,1.26972195402489e-05,1.4132666552404e-17,1.07579322389403e-22,0.124074870330924,5.80361518843848e-05,0.000234214389819086,5.69802884285369e-09,1.97839600918168e-12,8.10610589631743e-08,1.35579430074788e-12,2.05196316894551e-18,8.48851985082363e-16,0.086132984365772,2.31998654047935e-13,5.88762514104901e-08,1.60638874529379e-10,7.77730870826913e-39,0.0762511164362748,2.47348431995887e-17,5.06789944685331e-35,1.2294380070274e-20,2.69623010272588e-12,6.72448090018601e-26,2.13993171385775e-09,2.27032860958088e-08,1.21653473861465e-08,0.144492657246082,2.25071912284577e-36,0.131980427590176,0.18674704433151,1.35414734479894e-19,0.213677978624279,1.35461405390158e-11,1.42909251934342e-22,0.00685836434114191,6.31620377563328e-19,1.13460407570423e-09,8.3462212146547e-15,3.56017088512168e-28,0,1.41018721246289e-10,2.94416608316594e-24,2.03884791741046e-26,1.26961215198796e-27,0.119855626879654,0.729655301939652,2.63754917271468e-18,8.15859573930762e-14,1.6122319672511e-08,0.00178073661150612,3.487673115942e-15,1.35401628237658e-16,0.0385300812059191,0.0324609475460483,7.55414213186447e-06,6.10094932788468e-05,1.57165386917332e-18,0.442361700040198,1.57151681588751e-26,0.0023228375650102,1.2476545014685e-16,0.00117982403143418,2.263521377265e-16,0.0247536972282362,2.90511508880435e-51,4.18476844556949e-07,5.11557043323882e-14,9.42022091915078e-11,6.10921770506448e-10,7.85951195311347e-07,2.62663304686446e-18,0.15196145195337,1.40552719962568e-23,2.65465839005231e-10,2.1811696172594e-08,3.07558802891352e-08,1.16021162020918e-14,0.0580422915812629,1.34086551655007e-18,1.59058674325414e-05,0.000612158915315694,2.84625497145575e-17,3.07228324410561e-35,2.80216578790571e-05,2.47677840016634e-06,0.000689338187486288,0.000331455651929729,0.0157210495804743,0.0493670706810343,4.01285327626551e-05,1.63714249498813e-07,1.90660346946241e-07,3.13871440371611e-14,2.83058144539901e-18,4.64864982841316e-08,2.51299937243468e-14,0.58726763741835,0.00467878548550786,1.43252446162347e-24,3.13281893470286e-21,0.00339065656933881,0.875834948722884,0.0944066997325571,1.18291178537852e-10,7.74590943308061e-24,4.97464195778552e-11,4.16328357755882e-14,6.74154044249514e-20,3.82241127364184e-16,0.0326052128872749,0.641341004869659,0.0756014834531022,9.73419965451304e-11,0.362078014651239,0.35107749111114,0.166904539769787,2.41070088158287e-06,2.79914326326719e-09,0.000400435803288499,5.75352515632443e-31,5.71700751372722e-08,6.2957161757942e-15,2.88532321559264e-14,3.13131553314727e-24,2.91101129948312e-06,4.81582140491094e-13,0.000313241633757769,2.51437702619051e-07,3.72504454748183e-25,8.0524760077874e-25,0.15761928089054,0.619300539715081,5.90953105824128e-17,2.29582078200746e-14,0.00541397547660805,7.42495732401588e-17,0.0829620124979176,2.58915923416631e-17,0.0510516541908325,5.2794934676326e-19,0.612958286006865,0.052212860317844,2.14771792653381e-05,2.14441643336694e-16,0.320233168230635,6.21085657020148e-08,0.224104103512141,1.95613586604625e-10,5.71954001699186e-13,8.7700913832329e-09,6.14901254636548e-25,0.943458660770947,4.76107879930443e-18
"FAD",1.2510350629686e-53,4.21782034129012e-58,8.54450890630345e-37,0.780937341353302,0.174936919563048,3.8685301813038e-51,2.76929438847491e-18,4.35285255098172e-06,1.17212694473435e-14,1.96604625267967e-33,3.24237989857704e-48,6.9007186044009e-33,6.72668174169333e-42,2.5013812465841e-47,0.143575878088741,1.78165811464455e-37,8.79632195042049e-63,3.10144533364341e-13,1.72857912416229e-27,0.0108452393428302,0.000725689767538561,0.0464449503093972,0.000237594517273196,2.72292032666677e-09,8.00153285771695e-15,0.0654880563746574,9.60670376676265e-09,2.83492181460599e-07,1.00726632170942e-49,3.83795797694714e-05,0.0501229524353339,0.268389883670149,3.86443094178045e-71,6.28477971842808e-32,1.01604274282494e-14,0.837924056525862,0.00443307757838529,3.30454268618691e-06,0.502268055589084,5.30891587734739e-53,0.316270493390819,1.01145928243107e-32,0.000304422304393235,2.13617501332271e-07,1.56648648038762e-19,1.73782381039819e-28,5.43986694866684e-45,2.48759940193404e-52,1.15688328892821e-26,2.60981249586737e-09,5.66045543330519e-05,6.57934958608342e-25,8.0141896476575e-12,0.0055914108081421,1.34887398144241e-42,2.10919524965853e-31,1.31788965056937e-29,0.0091883879803345,0.929480098344064,6.80002082288197e-21,1.90023116486555e-31,0.302928840173507,3.13984102895933e-09,2.46385572951527e-05,2.87785979539773e-55,2.51273107852628e-18,1.48176176710072e-70,1.62515917034652e-09,8.71642354127996e-34,4.0005971280194e-41,5.21243603911046e-55,1.41018721246289e-10,0,3.64706706167006e-35,1.3774417502102e-59,9.43688307548614e-58,6.63855458880571e-16,3.52968274104957e-26,7.73404317573135e-33,2.75154880937593e-40,8.38080583899646e-07,1.06643855454562e-09,4.2380361681235e-12,2.46598708102196e-36,1.24494419868124e-39,5.75411792313907e-12,0.0079068607636326,6.49695097243007e-17,4.83080186582685e-12,3.17224560584906e-11,6.8662681241529e-14,3.33936310357144e-07,1.18066174839371e-42,4.16441958725246e-47,2.00820244099457e-22,3.20915843712569e-11,4.02290911942671e-17,1.46466299356107e-32,1.07350180275357e-07,1.34215662185055e-57,1.47350546683106e-58,7.59511250085062e-07,2.8875449075791e-44,1.08958387418752e-29,6.19325900577237e-32,4.8697586895882e-27,8.97545689953825e-55,0.929210547260212,1.07383997817316e-05,0.0812182347882456,4.79472686177673e-66,1.20022238146951e-54,8.64742209844635e-46,2.95102443923353e-24,3.55813491582057e-31,1.45948712390057e-24,5.29750829785238e-47,2.29324746079027e-49,2.20890082763561e-09,0.00615068164915598,2.33169326862729e-20,0.0221463163788236,0.183755881744754,3.84481927277508e-07,0.600929544037674,1.18330767556293e-67,5.84239893951511e-60,0.0488822896216307,4.92681540061992e-24,1.64850040863217e-34,3.79737780062489e-08,6.79989617790835e-05,3.64156218421681e-07,0.123482585218286,0.536285773521391,8.5224789859568e-53,0.0104644092694725,1.71759604307381e-68,1.06262169396867e-22,4.91093849912703e-46,2.4076053608672e-42,0.425051060550566,0.000809126163936814,0.0168645174411331,0.0499012460202123,2.05786760136735e-05,1.83750518381281e-14,3.24174938449972e-18,2.0076348889468e-37,1.30303104491327e-35,3.14806726896873e-13,1.69504109455415e-16,4.47818595049122e-11,1.27765395998421e-33,7.12079837532445e-45,1.94666006555027e-46,4.71826041209296e-80,1.44897492152906e-23,5.40937520296238e-53,9.1573899430962e-20,1.81339395707156e-32,7.60089620337656e-44,0.0886020986893619,1.9904146966155e-18,3.55727865662477e-10,1.61908772888959e-05,0.000897253154749143,4.30902065157387e-24,0.466370745763347,1.02724276134565e-65,0.000109039647836431,1.56036717909079e-38,0.624929916577941,0.00045505333286797,1.08299795002943e-55,1.07832510982689e-15,3.58530299825122e-30,0.000492286730953569,2.88031332719876e-25,1.99311182675938e-42,8.95575349179133e-32,5.07036384053798e-14,4.49435056849998e-44,4.81446795099142e-06,0.0152385792475386
"Fructose",8.69889229587493e-25,1.362436628051e-22,5.21905455657951e-22,0.298952057897352,0.00561343633528605,4.27510901963138e-18,0.0170150906056384,6.79502843541317e-05,2.21653002963264e-07,3.16715874063503e-12,5.62235584761314e-31,4.10215966868484e-13,3.43513011517748e-21,4.58514142987843e-46,0.00232699330871356,9.11916778104627e-22,2.32527717163513e-44,6.55929428547593e-21,4.09677602646601e-13,1.19407410114284e-07,1.69188289923622e-05,0.108226837531667,6.01929321080788e-16,6.9562998209914e-14,1.95706272634789e-34,0.820079211851723,2.52690847155659e-08,0.000644733509790086,1.02083188366059e-36,0.0125057797354675,0.289536030791759,0.165700558944316,2.16781055461914e-24,1.45522219182852e-16,6.05440752006331e-11,1.34583768254643e-05,0.358824467959041,4.84880376179414e-28,0.222812663871779,5.96412028341111e-23,0.0400655598664406,1.35248579502493e-20,0.000565925907408973,0.000790997994152332,1.00258371758528e-15,6.04258230917976e-12,1.04358195166348e-20,2.29296073080434e-20,1.60120900470734e-26,0.000413922617875158,0.874430621778906,5.04060326140746e-26,8.22994644471454e-07,0.108044098341867,1.76242582400184e-25,2.78651375719972e-11,2.8775578848289e-15,0.676757856579045,9.06148707621101e-06,4.43360194823961e-17,1.3779582311736e-09,1.34487861753614e-06,3.66104235143687e-05,0.808559694170856,4.19737468967725e-45,1.38151374051211e-28,2.9468914773746e-21,0.000719084765485767,3.33475924679347e-54,1.52494442343834e-19,1.29706466131759e-34,2.94416608316594e-24,3.64706706167006e-35,0,1.4163744233834e-35,2.78050412987566e-37,0.0143384059318473,3.1504046145674e-23,3.49597816477243e-22,1.49870604581903e-24,0.523288074174593,1.16728870469965e-11,2.03148092399637e-05,3.78545902398182e-22,5.51559062820822e-11,0.0282232706862268,0.00068840592439058,5.57537920064654e-05,5.62037096186901e-23,1.92994873702159e-15,1.94396348468643e-07,0.00350943236672418,2.09875318308528e-22,1.18939862625383e-12,1.13793184471236e-10,0.000685180683195398,3.06410105802838e-27,1.20178249417152e-18,0.7179431614906,6.72665344103095e-25,1.67221416504468e-23,0.968676259849805,1.66146356918673e-38,8.41090631586679e-12,5.29601342839324e-22,1.608392089914e-13,4.89275092496867e-24,0.079715666077107,1.54122381750625e-09,0.0669374932956793,1.73147052907608e-33,2.91312821017657e-30,9.10797205568772e-29,1.62034858860753e-11,1.60835850486863e-23,5.10814300091172e-08,8.8434144615161e-41,3.60995417556777e-21,3.66811679897906e-16,0.344398728208485,2.84409266651193e-12,0.015652695159276,0.340815571741683,0.00721087669871838,0.381994629331463,5.05484236332859e-34,1.9486380436165e-31,0.618000326509244,4.70960531086505e-11,5.50276708088392e-25,4.25318495714578e-12,6.30042107304921e-08,6.6707556207341e-14,1.71165020651254e-06,0.00294966989109511,1.51175445473692e-21,2.27831169697913e-06,3.86516161812949e-27,2.30574960819451e-27,7.60708082940578e-24,6.10005036385259e-20,0.00104360840490377,5.49573487638581e-05,0.0041842702921825,0.0205987197611511,0.00365545238875031,6.27033834558377e-05,2.85395467782482e-06,1.13966515092822e-22,4.48891810548732e-17,1.22500824232056e-06,6.01243740490568e-13,0.000296319712870276,1.70816442420555e-14,2.13719169733563e-37,4.7791011599503e-21,5.04172714605436e-28,5.80978450510863e-10,4.86374280568842e-19,1.80787654024342e-06,3.2736331119746e-37,3.30205690066637e-29,0.237449811191363,2.60214742072151e-21,6.04320867940505e-06,0.0078651720255457,0.71766766822413,1.25549214655093e-11,3.04139716105013e-06,2.21103892093113e-32,0.659630249317802,3.8007047766699e-53,0.000456323010615773,7.27802411551628e-12,6.12522867494552e-20,6.56594875263711e-08,2.07292431618594e-07,3.61997497726044e-07,1.36899551790328e-22,1.04028229203657e-20,2.65983062135067e-11,4.12813645615617e-24,2.96954570382947e-38,8.48801131680509e-12,0.00100429581678075
"G1P/F1P/F6P",3.56087608188181e-50,3.72638940972718e-71,1.17947136239488e-69,9.31136923319861e-05,0.443154131415715,1.59983277720532e-34,1.24883714923408e-15,1.7428718401521e-10,3.99126775143717e-34,2.63055566494463e-59,1.11164950467334e-94,1.40673224895955e-18,7.53423038163197e-81,5.98852555434699e-29,0.811736455150178,4.48946024226683e-70,1.0537054041801e-52,1.68091926230565e-05,1.22560541915722e-10,0.182761873592346,0.0181897842500791,1.4568515574395e-05,6.74067510691427e-15,1.79994786585307e-09,1.33397060291289e-17,0.0281001519109953,9.96040458834762e-17,1.73205742828794e-14,5.61877459423045e-49,6.80561046588266e-15,0.029058294964465,0.0490718157701523,2.60009580560743e-57,2.37836800149096e-52,6.79574528044902e-34,0.131100072771922,0.819743310626955,0.00364524882824947,5.72818158467656e-05,3.84763506328517e-71,0.00232498951246838,1.15981379448945e-41,5.06571855622285e-17,4.20671915831964e-20,1.48333401314538e-15,3.59278885164121e-49,8.87737107530624e-61,2.36707243239581e-67,9.05564968244812e-70,4.46408829374219e-13,0.453514981800445,7.00056844464779e-65,1.17585499533585e-28,9.17469282269306e-11,2.17070639228139e-90,4.45138679561255e-49,2.36373879353674e-49,2.42836745011932e-09,0.0968799451232613,5.2884263520496e-53,1.99023232152044e-15,0.0620096295682374,3.06431252491869e-23,0.000372667160973133,1.59088373362781e-48,4.1301189191801e-14,2.28827192948523e-40,7.91583127737881e-13,2.06633493305677e-22,2.0450679676936e-72,7.86878539020386e-220,2.03884791741046e-26,1.3774417502102e-59,1.4163744233834e-35,0,2.62411686782286e-255,1.41335999023377e-14,1.28989558622452e-14,2.19186090193503e-61,3.14105343016196e-61,0.289445069894261,3.53471346689571e-10,3.06152534905197e-29,1.79415378197627e-62,4.90319904910483e-29,2.78456354219122e-11,0.365691216587402,9.54284584382977e-05,3.48291044247909e-08,2.23023469470446e-05,1.16001523970528e-32,2.92241599466524e-14,1.50718818026465e-57,7.77730870826913e-39,8.31838486784986e-47,2.2985617209349e-08,4.70813384006091e-41,3.31698316297495e-36,0.211594684400747,1.12989032869112e-69,3.62445390172398e-67,0.00433532439383273,1.6900380640846e-33,1.35512585722067e-19,9.16577596533591e-44,7.34532899838173e-39,1.61827282554679e-61,0.392895681465124,1.82952819390504e-05,0.00082208998400639,9.69647584952416e-70,1.49602874461461e-34,1.56032013120659e-23,1.00803526916466e-46,1.29376083460243e-53,1.29676881560033e-34,2.40573563756462e-34,1.19044189511604e-36,8.87009649065149e-07,2.71122328758484e-05,2.35649055829872e-22,0.09772886259835,1.03804053811564e-06,5.51075444585479e-21,0.0196219886652833,2.60476314106919e-63,3.68303274414261e-49,0.00755523170351011,9.98203723518569e-10,6.02237545684431e-30,2.5936896841896e-13,3.69217645328081e-15,0.000224528658019913,0.656047369075357,0.360255389401877,4.80178653492897e-68,2.39904105538137e-08,1.197229360825e-76,6.81414886914568e-30,4.77257322380242e-89,2.81930950326097e-68,0.00546468411069364,0.263881751936538,0.226974827533545,4.52324669668162e-10,9.12262578675627e-06,2.85810719775889e-10,4.69797684922208e-21,8.85054973156259e-31,5.28813606025296e-51,1.73784346029097e-22,3.11598729105813e-44,0.0655441692639008,3.04138042872657e-61,2.03010586952184e-42,9.17678616023626e-82,2.7008820249408e-53,1.18454705191605e-46,1.971782141631e-42,2.18720727748987e-33,1.51194372090454e-45,6.44197077862247e-97,0.00234869914381693,1.35479474031693e-11,1.8209819915698e-27,4.02837883435796e-16,0.280895631634267,2.32229099297018e-47,0.0020774122061992,2.43584097504072e-103,7.03809224977024e-10,1.73860401362852e-27,0.0768914020509043,0.438735600311365,1.4101470983603e-46,6.4558067918435e-38,4.79002132209729e-24,0.0100194800633717,3.22898042531671e-09,2.84992779317408e-59,1.51035327705999e-60,8.27921522345538e-07,5.18801653265123e-87,0.0315993750984992,0.00142231058944936
"G6P",2.99325777742331e-48,2.11713864164778e-66,7.26473371642692e-66,0.000126287075397772,0.443396435936409,5.6804074982261e-34,2.05509487184194e-14,6.79040963736093e-10,2.78553747320203e-32,1.28790346553617e-58,6.40202605346246e-90,1.30367810704992e-18,1.16351897837661e-75,8.4723987068125e-29,0.998349965637522,9.35465370821985e-67,1.88565186978149e-51,2.04040451975649e-05,6.95942970219244e-11,0.146172616883766,0.0137696668820862,4.14412757796024e-05,1.34469305993608e-15,3.45799773148009e-10,1.86952100295659e-18,0.0207252349504881,6.44931061532909e-16,1.84358194168559e-13,7.00276162970848e-50,5.57436668532898e-14,0.0345638842624837,0.0817466728554905,9.15063621046157e-56,6.58890345936386e-52,2.38084696623868e-32,0.19907956770838,0.874979283890136,0.00197572359326689,0.000123474496634993,1.17445274777935e-66,0.00316917356320715,9.81546915894065e-40,2.54306125305689e-16,5.68647011747949e-19,3.94407872947638e-15,8.79319649058633e-46,7.54397537496613e-58,1.03816733656081e-62,6.14951633098317e-71,4.01808548415309e-12,0.406476679623875,9.87509090533207e-66,3.01146174178146e-27,3.64283159728953e-10,3.53212070050255e-85,1.20440857668614e-45,7.01398090871844e-49,1.22509410379654e-08,0.189873284449208,1.88539105092791e-52,1.11358939774691e-14,0.0913946289362598,5.22420264311797e-22,0.00171007378654543,1.78905408006346e-47,3.56102628722386e-14,3.94613009343001e-39,2.52065708439091e-12,1.74971893829729e-23,6.59663471104995e-68,2.38715251859004e-201,1.26961215198796e-27,9.43688307548614e-58,2.78050412987566e-37,2.62411686782286e-255,0,2.88846767524492e-13,1.18348478031005e-14,1.01070867302239e-58,6.23184700179482e-59,0.412443698533324,5.59869335217511e-10,1.4009021776039e-27,1.78164296535558e-59,1.13541606196688e-28,2.29102479214141e-10,0.345197230023281,0.000105563327137136,2.36429507588294e-08,1.88091265935175e-05,1.04083616675747e-31,1.8602450134123e-13,2.97924260172454e-54,8.30969980996588e-38,5.7690196212465e-44,3.0672113753795e-08,4.88775724209245e-43,2.71112916749476e-34,0.244831207974692,6.17122028750789e-67,2.82303795680935e-64,0.00605768019794401,3.49455656205588e-34,1.32330340029129e-19,2.60109085556473e-43,4.85528433333755e-37,3.47148663970005e-59,0.454640220744763,8.42921588328723e-06,0.00235269071090228,9.05320470009642e-69,1.15481882250159e-34,3.88708642388466e-23,7.3370689468315e-44,4.1476408345959e-53,2.69862447786077e-32,4.19922534410945e-35,5.0507608768847e-37,3.61107636116108e-07,9.77399320793043e-05,2.17438005447233e-21,0.129066525212974,3.25225253522131e-06,5.8808297176553e-20,0.0254516531264744,1.50006481877228e-60,3.6611379661288e-47,0.00814923353302946,8.43168317746529e-10,8.00865879510868e-30,4.17743153258818e-13,2.13941203703148e-16,8.71506970120997e-05,0.808201806422962,0.524938707427478,1.76719086184017e-63,7.07368836344209e-09,4.15174958861443e-72,2.76558408129497e-31,4.0297173637165e-83,7.73363762388063e-64,0.0119301433439342,0.178146195551448,0.16852301710865,1.45961900633779e-09,4.83226899053111e-06,1.84864481952434e-09,1.33455036557397e-20,1.06934246015511e-29,4.70059223487771e-48,7.27434216168275e-23,7.79979433324414e-43,0.083767527130356,2.86940332027501e-57,4.08967492348933e-43,4.52130312420733e-79,4.89029452814948e-52,1.05376122790754e-43,2.97638491871809e-40,4.87138884352538e-31,3.6537225644743e-45,4.75255475374069e-94,0.00345055533018703,4.52482413350652e-12,1.86116836465126e-26,3.57792268105768e-15,0.247873038294037,1.12485167760021e-44,0.00435358456811792,6.68525990200443e-99,5.21600113601467e-09,9.63024834054863e-29,0.144433328249081,0.297228502583119,4.57822559444875e-44,5.81279416895747e-36,2.68302208767566e-23,0.00560075336858069,1.49303364332618e-09,8.98670573533734e-56,6.2254533136223e-58,2.48504110871631e-07,1.02235289600256e-88,0.0230905376842417,0.00133244362877035
"gamma-Aminobutyrate",1.33370916627178e-23,1.16297849283093e-27,2.66766436516698e-25,1.82361406726454e-05,0.803556765626979,4.70512781668534e-13,1.19122780676329e-24,3.2668230310527e-13,9.6492975873982e-28,1.1321160005873e-11,1.55183326652448e-22,1.78945850998627e-05,3.79889062726037e-27,1.01304295004591e-12,8.74119903732559e-05,3.69918796644638e-28,4.14218543313073e-21,0.000654066988295588,0.0297587000952908,0.821327657588345,0.853422592167188,4.73347371363534e-11,0.645576484712103,0.567205914005801,0.00829361701077706,0.794189529841614,6.55169220809458e-16,4.98608815116172e-23,2.01650322556817e-07,2.64235702778831e-24,0.0733098897447666,3.34937817493526e-07,2.33657577698331e-18,1.02484212983601e-10,6.13361728982315e-26,2.98698341131445e-10,0.247531696604478,0.908058616643328,3.51791972394009e-07,6.52165539374915e-36,0.477424450229082,6.09800719223716e-39,3.28843084729164e-12,3.52441501454193e-26,2.19283285399456e-19,7.41159508568186e-42,3.09544973578363e-30,5.97912398069029e-31,1.27813985619072e-09,7.20019142493856e-16,0.602627064700906,6.44852224108105e-09,9.99011015583343e-23,1.86137091330109e-24,6.73486104613173e-24,9.14183622493971e-43,1.70605403699649e-09,1.20527928438222e-22,5.642905181511e-18,9.13638399303125e-09,3.44296442208151e-20,2.14641855135277e-07,3.47052200343625e-22,2.40083947712409e-36,5.99612157400391e-20,0.00161745084828517,5.20668947508601e-13,2.2003556774822e-09,0.0605240022853253,7.8827791656397e-27,8.25256794679418e-16,0.119855626879654,6.63855458880571e-16,0.0143384059318473,1.41335999023377e-14,2.88846767524492e-13,0,4.45769128552752e-05,6.45737906416667e-28,2.21483006261942e-25,1.11275168758909e-24,4.97406295872538e-16,4.31225807243192e-29,1.37204611598383e-29,2.16700608929598e-06,5.1435204984997e-22,0.039726223318611,0.00136517636060158,0.20732917322452,0.0506910383537377,1.6165448704925e-15,1.38518470106427e-20,1.32931697431131e-28,4.96755832117598e-10,2.31616448543436e-28,1.01768698648595e-06,0.231907887033589,1.08701853322687e-32,0.0019220582917691,8.05471653329873e-23,1.70384561394743e-23,3.85537357524661e-06,0.0431390019569098,2.78191730877489e-10,1.55397180953891e-07,3.44086852445297e-23,1.81338313827379e-21,3.67806343926873e-06,0.238187536511817,6.12644239877304e-25,1.91702098571445e-12,2.04846325575144e-07,1.68263211365099e-18,1.00069513872069e-35,7.81713175003008e-12,3.4327315333972e-39,5.56356224329457e-06,2.6515548648096e-07,0.997974188927561,2.10803740712048e-24,8.62713640302335e-24,0.0184021653022029,2.03086156402209e-14,1.15833861813351e-22,0.0270661550417424,6.40714198747579e-25,1.042363681995e-25,0.404265890454701,0.0538033090048035,1.50607001942284e-12,1.13252692328585e-05,0.00750145378205151,0.950043374338173,4.48527096453034e-07,1.84478339878579e-07,3.81436655467564e-28,0.00436292420058678,8.48632409590008e-26,0.00529765657806297,4.04389726666393e-27,2.1422893716675e-27,4.8572727064681e-11,0.000210919642324528,0.341462253746649,1.80028204068615e-10,0.324160877715593,1.41253533817351e-23,4.71486135224269e-07,1.02900367773996e-23,1.64402595149407e-34,0.00143229947157831,1.91311357083932e-17,4.74261150172407e-05,1.92354260357993e-30,0.000175839297100126,3.7505153209145e-18,6.28967787723808e-13,6.73138228525131e-28,5.95346959652724e-23,5.4119672446418e-34,2.32746285662943e-18,5.07506922569318e-17,0.132353541876431,0.218064469621044,5.84680558601116e-20,2.86667250460513e-24,0.0464181510081502,1.7964800725754e-27,2.85300796503942e-07,2.10572259552022e-21,1.41246828807386e-21,0.0127634460631156,1.17422818235099e-18,4.41353871157079e-08,5.03543732071556e-25,3.45966101819696e-27,8.27507844603644e-20,0.00551917190478973,0.0506911731614231,9.65458230431115e-35,5.57346548215587e-28,0.00458101094295223,9.13808467514755e-08,0.278419577022311,0.923933665629611
"Glucoronate",2.86683269573289e-34,3.72229305428372e-19,2.3904012352844e-09,8.14522583877347e-11,8.96790766650556e-15,1.81493249108982e-43,3.73195712679697e-12,0.43318026499074,0.264202280932389,2.40702182018925e-08,1.8536804250782e-13,4.49401096132549e-44,1.2642909282123e-07,1.03912121483779e-24,1.5134288875757e-05,3.89802887797748e-08,2.08661342457093e-31,2.68933384088414e-09,9.32084279780207e-31,8.41794097517831e-10,3.94353283179713e-21,0.152453412561562,0.929687739590903,4.31530259427282e-21,1.98780052243381e-12,2.23356022351289e-10,0.0961196884939761,0.347716972497107,2.99743199857288e-32,0.122556558047747,4.62704782681952e-14,1.16899301437328e-06,4.93686889351248e-36,1.55531892096676e-05,0.0309785054673413,0.0045037923358495,0.000279280183934231,3.63143817123987e-14,0.00860008004022606,3.99112434957767e-16,6.86109539795763e-11,1.59291396799685e-15,0.297784410595874,0.514566438395059,4.82660045071058e-22,1.44984201600082e-06,5.74715532923781e-22,3.1771639076018e-17,1.71213545716705e-05,4.06677198922975e-05,3.71749236670962e-16,2.96232994218464e-06,0.828486343587598,0.0310141876898219,4.97731055844164e-10,9.07506662574336e-08,4.95515456397151e-19,0.00356214839879704,0.00696361773530597,0.00737015131245687,2.14745203750262e-44,6.3257060175789e-05,0.70691547640513,0.0490718157701523,5.67251353435754e-28,0.000609018917027282,1.0254572442242e-41,0.327059864912283,4.94328503844595e-30,2.08469317438127e-10,3.48863694441132e-13,0.729655301939652,3.52968274104957e-26,3.1504046145674e-23,1.28989558622452e-14,1.18348478031005e-14,4.45769128552752e-05,0,6.23039206658392e-10,2.12189371294494e-14,5.41049211472988e-08,3.91529157243484e-18,0.364496611385849,5.77153666872698e-11,1.22136472243432e-21,1.40934523450814e-12,2.7872137731482e-16,1.04361513793014e-27,0.0131395939748578,3.81926510987636e-25,0.592338482773076,3.19843466271895e-05,1.44163898537792e-12,5.70750669743623e-20,0.00121297225486386,1.56756425573527e-19,0.000721703210017112,6.74563413388007e-19,1.82621460136316e-17,2.93085092305945e-22,8.31860999160195e-22,4.17476851302649e-08,2.51320259165728e-12,3.03472894914188e-25,5.37529057728626e-06,1.13954617330662e-10,3.77627748130272e-27,0.00741612882202379,0.221474737912411,0.0498964426661795,8.22966204080489e-19,4.35415134959352e-38,2.19986246179065e-32,0.000522380315983663,0.00125161228263292,1.22352528423349e-09,3.14005484327193e-45,1.93606549810232e-36,3.12933934753385e-17,0.138861244013514,1.10874045822463e-29,9.7607106493232e-11,4.14670035017728e-06,0.348533958443214,5.23446026479969e-09,1.40243226099721e-12,6.16522680291806e-29,2.27952278342665e-10,3.39066336080259e-43,5.74184246923276e-51,0.399273643004759,0.374720754611409,9.54459310325078e-11,7.9592661488423e-10,0.107847354274693,5.13474284915072e-18,0.161197487099661,3.03601300100043e-24,5.0912896463103e-17,2.58779632372454e-12,1.87879036866681e-10,0.741956957555373,2.83284669942595e-06,5.30516097660475e-10,0.392964129739433,0.000234676251733882,1.58481762603172e-23,5.39229465572331e-18,1.50180437248393e-21,8.07121507174031e-15,3.70561103011472e-09,0.0413403171570208,1.4957218216009e-32,1.02741500152696e-06,7.60085575757437e-26,2.29611444828435e-09,1.08467502573994e-35,2.22246216486517e-05,5.15951180426355e-28,9.10366298714285e-05,3.07747638734330e-12,3.70449756576719e-10,0.423946338224127,3.13411696579576e-48,0.0955803713683378,0.163544491209263,0.00255570194522546,0.000416563956726359,2.26665140674512e-06,5.51702080320027e-19,0.535423329793451,2.93314072612447e-15,0.00589290629567753,3.53539409639957e-08,7.04243863055051e-26,0.0282812075871291,2.83810402914044e-23,0.147375585457235,6.47786813913488e-35,1.40436395645816e-17,8.76145775070612e-07,9.4952507196684e-07,1.21374381525825e-14,3.93364260342431e-20,0.00589959254978466
"Glucosamine",3.76468461791683e-49,2.2679870118523e-74,1.0745265795674e-102,1.90344095155979e-07,0.0510737309803137,2.4951921906249e-23,1.55190480537717e-21,1.63545645424533e-22,3.37227870463089e-56,1.29300363286431e-32,5.63714921805168e-83,8.62364834948375e-10,7.54589424183411e-82,4.01617177577446e-27,0.028517842815723,6.11856182538112e-74,9.21987360709058e-50,1.2236048049011e-06,0.00447852037926977,0.48413438698145,0.0290171069351957,2.21059241274531e-12,2.26662721887031e-12,9.59679429064063e-05,8.11968101662717e-16,0.010907961765404,2.56391581087483e-31,1.09702983037563e-31,5.1735721953216e-29,3.17502928745422e-33,0.000214320158231322,5.3035263921298e-07,8.93222664677818e-39,4.15633292442925e-31,4.92487606549882e-66,0.000179005962335754,0.0124374013604172,0.0116645760524893,6.89732346381237e-17,9.19439517208662e-97,2.60962538255755e-05,6.09329109155388e-73,2.20966608470299e-35,6.03503357497613e-41,7.76421184114124e-21,4.45721219112656e-87,2.13267782585056e-69,2.20596609055709e-79,1.50763840731629e-52,9.29418466662951e-26,0.0136422219914912,1.63616991513594e-49,4.76191149666558e-46,1.52780813151239e-27,2.09453349272834e-99,1.20768760965315e-77,3.86276962918844e-38,2.00006912322559e-24,2.48955158962737e-06,1.71959793732372e-42,5.90944298594436e-16,0.182175704195587,6.11897153864877e-38,1.31079139436262e-15,1.06920356195966e-46,1.10270680995556e-11,5.51111297178039e-25,4.09483960855398e-11,1.23677034375358e-11,4.67002530595426e-94,3.33347891174311e-68,2.63754917271468e-18,7.73404317573135e-33,3.49597816477243e-22,2.19186090193503e-61,1.01070867302239e-58,6.45737906416667e-28,6.23039206658392e-10,0,4.87657628143259e-127,0.0768442335789844,9.09274589127956e-18,2.32523438138642e-55,5.19938766494204e-186,7.48575227392005e-13,3.57076750550448e-18,0.543339497230561,0.0611008771576732,7.00599919007777e-06,6.34042452230521e-05,4.4297929388138e-39,4.14226159997498e-29,1.34886168378638e-75,5.65459817023946e-20,8.54591984029368e-77,2.34664302553563e-06,3.93379219085246e-22,4.50585948629808e-55,0.891481584387545,1.32928420123382e-56,1.10612119256618e-55,0.0158210484543183,4.80581872876038e-14,1.34775224739947e-14,8.76779381584605e-35,9.23029433171303e-45,2.76024111906648e-55,0.00354564501562897,0.800685180763108,1.77443916444604e-12,2.27747479595629e-38,4.63286376859265e-19,8.81438320283689e-22,1.43830034290447e-82,3.32181009782558e-40,5.02142177991177e-56,1.40599159423959e-17,3.38752219471041e-18,0.000622061447058335,2.17016648857317e-18,2.26715762217206e-32,0.000188188774416365,1.20710882623357e-15,1.08991629048896e-42,0.000508046107339607,2.58843155727487e-55,4.04373311031779e-51,3.58622486778426e-05,0.000412995772996853,4.89379770209178e-26,5.29703435866671e-17,3.70610368516916e-05,0.0202767804059829,0.00260278730616964,7.20398814616302e-05,7.48650295558167e-78,0.00227782002358667,1.29113749112601e-65,3.88838094077769e-18,4.66507511018425e-107,3.18302988137028e-77,4.47976984392608e-07,0.145030428590678,0.671843887279824,1.08199353449394e-22,0.326054454699069,6.81198183298045e-16,2.32641595850955e-16,8.88652917544429e-37,3.56424420020728e-74,5.21897324340582e-16,8.37986222262564e-72,0.120000625363278,4.44434665307536e-84,3.20151682729507e-23,2.5703533565421e-46,3.12546760232054e-32,2.2992243303263e-73,2.69181142970524e-40,7.38116096115943e-64,5.52190590694305e-55,9.44071695637941e-71,6.74585236969521e-05,1.00186342415458e-06,1.65734046072463e-44,1.12890542080088e-34,0.00330507828712823,7.00076597428417e-79,3.03901203070957e-07,2.99058315161247e-77,8.67385584747847e-25,1.05605942597986e-12,1.30336204585612e-10,0.0134677140961018,1.00155286520341e-44,1.3893124226119e-53,5.06055846196942e-17,0.0207554889270983,0.00583448473175117,5.51121655946047e-85,6.91632192913188e-54,0.208719034727551,1.15595084926501e-47,0.29397735136212,0.0203188178887771
"Glucose",1.32372109723941e-61,3.55016701902937e-82,1.29055371883703e-79,0.000176201702371116,0.000820590236298929,3.10622972819894e-32,8.01344244111089e-27,1.6411081548553e-17,4.07199372215166e-38,1.84848111841974e-33,5.9549150529616e-76,1.38081865655296e-15,1.06488430733939e-64,5.09901699814736e-31,0.461981753290884,1.56117084551245e-60,3.33474076850775e-57,1.78606949415339e-06,4.04279624854309e-06,0.328320549115611,0.000502580423051864,6.44921434262283e-07,5.88360062287236e-09,8.38561650813019e-08,3.13877934884418e-15,0.346555953910896,1.81995284395329e-23,2.52334584083878e-23,2.53560582232939e-37,1.73224106463068e-21,0.0824148320564318,0.00398218504224081,2.73142632060677e-50,1.23292945582504e-31,1.31671930646506e-46,0.00166987656948727,0.311268570909722,0.00528339409757269,3.65155868216122e-12,2.85836700070587e-99,0.00830825193902613,1.69582829211186e-68,4.50293886760829e-24,5.06696060098254e-27,1.1352545214143e-22,2.43138568512134e-65,9.47547450519528e-78,2.53866930180606e-82,1.04352796347338e-45,7.29829070238998e-23,0.543343992270867,4.38375851750026e-44,4.03019710978964e-31,5.4967958356833e-18,8.55057438855641e-80,4.92487606549882e-66,7.99764459231807e-46,5.45620417587015e-16,0.000266699374600353,2.29101054266683e-35,7.96199490352142e-24,0.352913481185576,3.31240537750145e-25,1.40263569240505e-13,3.53051224380897e-51,4.74929473656119e-11,8.273829025399e-35,6.43260761187138e-08,9.75342486606079e-17,2.99152175659698e-83,4.93279235521357e-65,8.15859573930762e-14,2.75154880937593e-40,1.49870604581903e-24,3.14105343016196e-61,6.23184700179482e-59,2.21483006261942e-25,2.12189371294494e-14,4.87657628143259e-127,0,0.00471686702989311,8.3875070743543e-19,7.5181336857771e-38,5.6861439980836e-147,1.82188005021945e-18,1.79087442856705e-19,0.674251301617566,0.000241318827342273,1.04802602809336e-05,6.30687112193944e-06,3.47993542269835e-30,5.54372265398111e-26,1.82031063719772e-68,2.69463424225777e-26,4.91607423915574e-56,8.53144961840909e-10,1.14105691785544e-19,8.73975573016244e-52,0.11402473802682,9.12374127678117e-64,1.69355797060071e-63,0.000180563122283084,8.375079554457e-17,6.05307275883015e-23,3.75574412803444e-34,2.36075786584154e-38,1.48949554913992e-60,0.137084070922136,0.361101865277822,4.8562229801307e-11,2.91910079419456e-44,1.1454466741207e-26,1.0457545176233e-26,2.11277395131179e-59,5.25088979651112e-35,1.52143279353223e-50,1.37493291178821e-23,1.25065735691394e-26,5.11726110858752e-05,1.75317186167916e-14,1.52843643391221e-36,0.0422146628194423,1.25937959446882e-09,1.90612535280709e-34,0.0411712266686707,2.39157705496747e-54,1.42861238723546e-58,0.0177242922510337,2.27126863133341e-07,8.28829239363567e-34,5.71370157515382e-15,2.50428300544489e-05,0.000326723407390208,0.0357861807625447,0.000130756260689168,6.08161591653322e-82,0.00771307209830781,2.64460613715495e-76,7.12981901069249e-22,2.25361743955419e-95,2.52420032238355e-67,4.62623793813069e-06,0.729501248303507,0.0294174048954423,4.28835822479951e-15,0.0437501841972252,2.16188364653596e-19,1.48058020110257e-19,1.4650650932724e-37,1.26277823335823e-70,4.7076697297253e-19,4.01463693560745e-51,0.00180909462733754,1.40964960425181e-65,1.28476185031495e-28,2.01833546699385e-45,8.96574726970439e-44,5.50589061550479e-57,3.95508111823857e-48,7.05782417698973e-54,1.34002067035069e-51,4.4888570016693e-66,5.42333028840811e-05,2.34570288593264e-11,1.88400842390139e-31,2.33140877977842e-22,0.125873479384868,2.95781503352505e-58,8.89823616874294e-05,1.04448552003452e-88,3.13227169073442e-20,2.64250688584525e-15,2.70975117874177e-07,0.242577321331507,8.10309354251329e-52,1.28510978088067e-37,7.3729326823294e-21,0.00774500635498146,1.82453491961497e-05,1.53615721631351e-82,4.22347163983398e-50,0.040930597010273,6.13325020814452e-48,0.0837076595581884,0.248958104562295
"Glutamic acid",1.22269176671208e-08,3.07778224792183e-05,0.16755179106563,0.0133498078490036,0.024192143318979,9.56873887049254e-11,1.53569741192469e-17,0.881580304340161,0.934121333344189,0.0287543016724581,0.0347594976648007,1.38223126146613e-10,0.110785120821374,0.00036521303047246,0.538784443944721,0.0370355726145695,2.59038263287101e-05,0.0888326386822151,1.58686280487705e-09,0.502611129814436,0.00083990683045707,0.232191995602843,9.4500698280366e-11,0.383528006805945,0.122584334243204,6.01562075800717e-12,0.844848986940268,0.16452199751082,0.000946054974852608,0.684706800153723,2.85782700531782e-10,0.00370966597631473,9.55982168521352e-09,0.100624566218502,0.510348693474253,0.0105773988417745,2.42265273647163e-06,0.846836503412513,0.00208637563891527,2.63242752689208e-05,1.61583513117994e-10,1.21442340355253e-06,0.0110162636053029,0.837705583317209,8.78716350120565e-10,0.00292609315848336,8.21482734789434e-07,3.48987365655729e-05,0.154723946767296,0.00189812565274571,1.40673224895955e-18,0.304813183789408,0.457993114866891,0.725907170669789,0.174140449099662,0.000111154386984751,0.0271859511226615,0.925958395037379,0.00168497120291696,0.038186945398431,2.11959637015112e-25,0.000265993784087406,0.379205568142212,1.39122809793309e-09,0.000246418042642925,0.269464388669792,3.72945430403579e-09,0.957628478130009,0.0981277034112493,0.0279058953828968,0.38621083430489,1.6122319672511e-08,8.38080583899646e-07,0.523288074174593,0.289445069894261,0.412443698533324,1.11275168758909e-24,5.41049211472988e-08,0.0768442335789844,0.00471686702989311,0,2.05446782800894e-08,0.802028691019334,0.0170928328493225,8.81859334165015e-06,1.2345415307931e-09,1.98438553084447e-11,8.0600375942452e-20,0.065891443581849,0.0630529813810352,0.589748493170652,0.00122962877197588,0.00308130130712959,3.12960299750706e-05,0.463955912840576,4.37156810287993e-11,1.52854060631491e-06,2.28581450270266e-06,2.41706768334236e-27,1.92347963821352e-06,6.21510345946769e-07,1.37461378405968e-20,0.72155199040858,1.89879088381542e-12,0.975775067265661,0.0350615442132086,2.21277252974535e-05,0.398453896667192,0.0399273187216514,4.92378006366947e-09,0.00114822657960645,1.47676035423078e-07,1.78912039242416e-13,0.0490718157701523,0.547240273448521,5.65182712724295e-07,3.74648504899587e-05,2.22302519752176e-07,0.932234051548352,0.00161742967362623,3.32775671864463e-10,1.65898851345569e-06,0.171007562523718,0.282041484679103,9.35965459135557e-05,0.000276523180574634,1.06116467605035e-07,1.09169898043431e-12,5.21600113601467e-09,1.17509465239085e-08,0.12203671175987,1.62794621497147e-07,0.0111810172472036,0.655162493829133,0.0296481174048738,9.56198484018966e-05,2.37230316959652e-13,6.34495335222687e-06,0.215070313688002,0.03695346502587,0.0141867187281837,0.000489078355209379,0.0913138755347314,1.41461948733401e-05,0.0381651231977723,0.878624671142185,1.60752982130302e-14,0.0035016075824275,1.13853742716056e-05,1.73931919989807e-05,0.189137621871794,0.236959699175564,9.67212425506786e-26,0.0500562252886328,0.174686167959757,0.0310738181169837,1.57811834361448e-06,0.0882199902870894,2.22651980724052e-08,0.00326913147611765,0.151668103236714,0.53484273410833,0.768334707741472,0.000286218093249585,0.883537641344093,0.601122229095125,0.000399733741097107,0.232301816191599,0.18068793609279,0.00143967393949129,0.015132667206109,0.404341636566752,0.068750962632555,0.569091751450643,1.03147019535474e-07,0.647096093727482,6.88124455229243e-16,0.0855762409886032,7.04473675523941e-08,1.64745843242544e-05,0.000342411463887139,0.0676093477517117,0.661313393345122,0.446044324185809,7.03245271919301e-05
"Glutamine",2.77026357557334e-24,1.27550651815087e-16,8.59620469506844e-15,0.0437365952202808,0.000309480720181288,4.8939468908797e-13,5.33541955273698e-07,0.000689405095917943,1.26652411912256e-05,2.64154686800304e-05,9.34840761923228e-16,1.50887647601201e-08,2.40312680208361e-10,6.8662681241529e-14,0.347373863298253,4.30808583760351e-11,1.64363232611234e-21,0.00393981467929223,0.0001587476372608,0.000544175400095342,2.79213834604109e-06,1.31038702942505e-05,0.00564828906144968,5.66402113135693e-05,1.81692447857024e-09,0.032194610901083,1.4893015016648e-09,8.31987528456913e-07,4.04598010786128e-19,8.56317773774681e-05,0.252842805783008,0.15407630666552,2.28068085222113e-15,0.000223547477021767,6.21278098963895e-12,0.637027701791628,0.0254085007147257,7.27462024975117e-08,0.00989614490123948,2.44732616904225e-17,0.00023566277991956,5.74518773338534e-44,1.49963742916436e-05,9.71726306752492e-06,1.6856691075054e-33,5.39401255140498e-14,1.76368333663739e-21,4.43538733450729e-17,2.24365287251026e-07,9.81753725544061e-08,0.375037673750424,2.00590377549435e-09,4.8693140021393e-05,9.1163551013691e-08,1.10005502563159e-14,1.35239067273221e-10,1.24817062254449e-11,0.00368796245649875,0.531230638737656,0.000126249888051709,4.09167442020465e-16,0.00018335028500203,0.0001581393314593,3.57338386657612e-06,2.44426101615333e-20,1.76533569370782e-05,1.88768864414909e-10,0.0483499738925497,1.30039463858135e-07,2.39941915054105e-11,1.38969905255568e-10,0.00178073661150612,1.06643855454562e-09,1.16728870469965e-11,3.53471346689571e-10,5.59869335217511e-10,4.97406295872538e-16,3.91529157243484e-18,9.09274589127956e-18,8.3875070743543e-19,2.05446782800894e-08,0,3.11311182652986e-06,3.8826386995014e-18,0.111173163421904,9.79303706153875e-07,1.60751381919217e-06,0.000771696067807155,0.00226684355122272,3.23903854513727e-05,3.97557768212309e-05,1.20726831924491e-15,4.51708848164183e-19,0.0251610412145169,1.63985834732252e-08,1.73931919989807e-05,0.000200069443264456,6.88965796176828e-25,0.0370185749882301,2.12284612532595e-16,1.52843049253131e-16,0.00380747619360309,0.0567367171080187,6.56947715003986e-13,1.71052900417525e-06,1.11273311333514e-12,1.89466431757609e-18,0.000411797495296692,0.930020340682711,1.05029722896298e-10,2.60019006884109e-14,3.19686514129004e-17,2.41748210199037e-21,1.20984649296379e-11,0.00166217065264752,3.21900480916084e-16,5.47205535872957e-16,3.14260983668849e-09,8.23666314843e-09,1.53173134194966e-13,4.12620966681213e-31,0.406178258661545,0.34808312732284,2.15732991799471e-06,0.432376961482646,1.55524030899244e-13,4.6462661857771e-23,0.626099191764453,1.628651022858e-07,8.57465035066964e-27,1.84465026275387e-05,0.601792109656559,2.91616746896112e-09,0.00771307209830781,0.300100840164323,8.25697701231798e-17,0.0403065780242828,4.62119646708528e-18,2.23616246490408e-16,3.01017251173493e-14,1.68440573488211e-12,0.0577233826092654,0.376265617659288,5.69111059981477e-06,3.79000207699223e-06,0.635544533142078,3.09118170168759e-18,5.81937507519626e-07,1.2255460815748e-14,3.80722285355583e-20,0.0204454585593503,2.7093526490592e-08,4.43553535268029e-10,1.33509970523897e-08,1.15958979620964e-11,3.09370730455133e-09,5.64540412817399e-11,1.74602193196787e-10,1.92022951446461e-15,1.81564542248001e-09,1.2596364238587e-20,2.04930450721169e-08,0.0658420525620801,7.39859555354083e-12,1.79735052883436e-09,8.43883999084776e-05,0.0042607585021739,6.89133478215117e-09,0.904953620579454,6.39132545067503e-16,0.000816640238818021,1.35406684795166e-05,0.00286705675426934,0.161087863380922,3.83331053966841e-16,2.94398793061134e-06,3.10218059495486e-11,0.256243847108437,6.7541727519889e-08,8.66133193956166e-22,2.41320084948528e-10,0.656597388223065,1.2800960381862e-09,0.0105676090944754,0.963376405279486
"Glutaric Acid",2.39142507056525e-16,2.17036595824305e-33,4.71313823115701e-58,3.97951830548087e-24,0.106780125373023,9.8670729084446e-06,5.81345889978781e-14,4.5235590466167e-35,2.00544037855834e-139,7.3729326823294e-21,1.14140013374493e-38,0.386367375632863,3.84072693428414e-61,3.12313193601224e-08,2.97261800139342e-12,3.96222636805635e-51,6.77030551594035e-16,0.0051098952402602,0.0383672526259926,0.0141021943114065,0.00411692646946114,1.24225525179091e-26,9.79580301475208e-12,0.159904649050981,5.97375435621836e-05,3.94917897872652e-07,3.58635086737698e-37,4.989236691658e-48,8.84052229034116e-07,4.83248363820271e-98,2.38941160804171e-19,9.85927983556027e-27,9.26112156162635e-13,2.26382271346903e-20,1.42028140851935e-80,4.24869483860784e-13,6.02354610958176e-08,0.177040138581312,1.07995118419442e-28,5.39520082261999e-42,1.11589354895562e-20,1.30971782261011e-33,8.07398078988586e-67,5.43294926187809e-123,2.2558435052236e-07,7.01928263410667e-80,7.49752839642233e-28,3.17970317877248e-38,6.00380733364833e-35,2.13422096143502e-24,4.24286472186232e-10,1.20505555973599e-30,2.8008470917242e-113,4.36108953676754e-53,2.40658535479089e-52,1.05584252555713e-62,2.13729742370658e-16,1.22098717898093e-71,1.02400814069028e-21,2.68125024879272e-41,0.00137272580803622,6.34438530211286e-08,4.1826657643567e-100,8.29763187757078e-25,2.00620799534262e-15,6.46462407913033e-06,1.95140937889491e-07,4.0167820868424e-18,0.230537441143439,1.32825900703933e-53,1.34932387144721e-33,3.487673115942e-15,4.2380361681235e-12,2.03148092399637e-05,3.06152534905197e-29,1.4009021776039e-27,4.31225807243192e-29,0.364496611385849,2.32523438138642e-55,7.5181336857771e-38,0.802028691019334,3.11311182652986e-06,0,3.94639274829684e-52,0.000179005962335754,5.41831637255447e-15,3.19298441362616e-05,0.0159452887081895,0.0175816577684428,0.650931628136073,1.26856470197434e-52,6.71215694228177e-29,5.94532794410873e-40,3.16469966068231e-09,1.17924360121863e-96,0.418003256017023,8.30237086170177e-15,3.07022834719254e-30,0.000311611900026488,2.43132955249863e-22,2.21030918664959e-22,0.747472697617816,0.000137463062712735,0.015048372496026,9.17077799626941e-22,4.79653699188616e-34,8.72596661793378e-22,8.44632065569457e-08,0.535672663378288,7.43667806562587e-18,1.37963863177625e-14,0.00250574597934804,1.88217033989649e-05,1.48391282402269e-96,1.94588408164802e-38,1.88752918580582e-45,0.012337217013714,0.00154590497086902,0.486795922294987,8.76367662635515e-29,6.80141629287217e-13,1.64584966169148e-19,1.89332008271279e-51,7.84756240886313e-69,1.2914031383161e-14,1.67175097773969e-28,3.75178559895988e-18,1.85759173373539e-16,0.111526444204938,1.1240350129643e-05,4.02111426880933e-17,0.00402286771386121,0.0102560412041503,3.18779666781241e-16,2.03233654473221e-07,1.31806344600142e-36,0.000768151416757862,4.50521811826045e-26,0.000367774291582223,1.82537838298445e-50,4.34658374387272e-51,2.16877463944996e-14,9.78952198791135e-12,2.33290679333311e-05,2.22310202692837e-43,0.0649489332594423,2.59467571504801e-08,4.72222581313263e-07,3.56056339169525e-18,6.62388539685791e-40,1.24126880579796e-08,8.26831830976075e-84,0.00664026963394992,8.43267446492421e-73,1.30982685780165e-06,3.87534633439206e-27,2.38287767925946e-09,1.34589803420433e-76,3.80549463121792e-18,2.91329728205209e-71,1.96961384519294e-25,3.37153483517076e-38,4.79742504319209e-06,0.270316823278959,1.11674070994272e-62,1.00147484398798e-105,5.43633510916884e-07,7.82047348616559e-88,1.488329264112e-23,1.96462202072182e-28,9.31963938526963e-41,0.0108234890750408,1.38530083635142e-31,2.45780243317305e-16,8.44529483412354e-21,1.66110956762647e-94,7.50996149908148e-08,0.00131692852277019,0.00737015131245687,3.78013928322245e-39,3.4947146547826e-42,0.0204197772071936,4.29707195991603e-23,0.00863742036771923,2.61386096371175e-05
"Glyceraldehyde",1.64687619709286e-54,5.13949182251182e-84,1.70763924599146e-104,1.08904872431207e-06,0.0327165717293932,1.34837801672637e-25,1.01346852580168e-24,1.6542560959526e-22,4.09490024711846e-53,1.81906267432696e-33,2.54952421870706e-86,5.05987520227184e-11,9.96531505063344e-82,2.26232987947284e-28,0.0363216031204568,1.19160489450044e-73,1.26715210306033e-52,8.98387891674373e-07,0.00125805782664097,0.508151879917269,0.0246812561818354,1.87793788812619e-11,3.76045057829656e-11,0.000106507703819602,2.71470304451013e-14,0.0604076949517257,9.35413050189438e-32,3.10934186366195e-32,9.34532770306039e-31,9.08546211305964e-31,0.00106655502625616,3.21568848071079e-06,8.28197388053195e-43,1.25561590513456e-32,1.03772400060362e-63,0.000121016642599463,0.0243857700080741,0.0173255526067383,1.1110551844177e-15,1.30236114915766e-109,0.000125678197821747,8.18185382263608e-76,3.83102545776895e-33,4.24049713638187e-38,4.08528664784904e-22,2.10268947802995e-89,2.51730151072037e-76,2.16232696019536e-89,2.8776183629581e-49,1.750891700496e-26,0.064036219358988,8.72148531810641e-48,1.63479172271448e-43,3.76387787642991e-25,3.47463381854505e-101,1.54652874620322e-81,4.89700020119348e-40,1.34910390508191e-22,1.45129258379064e-06,7.41698622307955e-41,2.72304038557689e-18,0.136903925149736,5.62723484452507e-36,7.73825741545196e-17,2.7577236223125e-48,1.12943540945407e-11,1.81836862827078e-28,5.59234931127089e-11,2.49510654171804e-12,3.32580032262207e-97,9.52676239924012e-69,1.35401628237658e-16,2.46598708102196e-36,3.78545902398182e-22,1.79415378197627e-62,1.78164296535558e-59,1.37204611598383e-29,5.77153666872698e-11,5.19938766494204e-186,5.6861439980836e-147,0.0170928328493225,3.8826386995014e-18,3.94639274829684e-52,0,1.84933138023238e-14,1.99748574593993e-19,0.890961929241872,0.0182763176977369,7.33121766937048e-06,2.78422569854537e-05,1.95044396442414e-37,2.46586782419657e-30,1.412420157579e-79,3.2546696346253e-22,5.38762361425985e-75,3.46934515122385e-07,2.26936603092848e-21,1.61943419175302e-59,0.718456666241278,1.83285721187662e-61,4.98946864231314e-61,0.00422210843616749,1.15462529436477e-14,2.00406612069219e-16,1.59216985000976e-36,6.11860565351592e-46,1.22367958311984e-57,0.00705664100007844,0.666479331630871,3.79739631427298e-13,7.5470864348767e-42,2.04143698645327e-21,1.60928519399334e-23,3.29703354884308e-82,3.03455878505956e-40,3.02004036421159e-59,6.64457239690614e-19,5.70708937927415e-20,0.0014137228733668,1.29638892661668e-18,1.04265313782131e-34,0.000482678189671034,4.83786742432763e-14,2.12073394199542e-42,0.000741133916509966,6.5657159260923e-59,1.06800175059837e-55,0.000226975338464662,0.000102553875537179,7.45489191307965e-28,2.43017716597325e-17,9.59679429064063e-05,0.0161978196693354,0.00296567095394204,6.32264653447616e-05,1.69573046415336e-87,0.00505200037552723,1.00897354102021e-73,1.34644814426784e-18,4.36807659370768e-114,1.02820935123936e-81,1.85528373991199e-07,0.241520294049799,0.482851755466872,1.22246723233172e-21,0.292907411431312,2.25189945726595e-18,1.81501105888046e-17,4.36685798167643e-37,1.32564272740935e-80,1.87065424002755e-16,2.10481745931549e-67,0.0364768743396796,2.56178546888964e-84,1.21474707504493e-24,2.3977173689183e-47,8.6020035194332e-36,1.38023754492216e-74,1.44844943022689e-45,1.62367888987422e-66,1.44834372631196e-55,4.3593735173338e-71,7.58004281114772e-05,2.21170339154217e-07,1.90491217418837e-42,5.11259030977616e-32,0.00883215230669927,4.84348585618077e-78,8.39807558292345e-07,2.2378271653875e-83,4.38817226303747e-25,7.79708149695475e-13,1.23296029362127e-10,0.0195648040308772,3.13253429239154e-50,1.0113641121626e-51,1.27546116577187e-18,0.0138648333286033,0.00215866134948651,9.35978533010538e-94,1.71812071207977e-55,0.200161748884529,1.47539050203007e-48,0.216473184523853,0.0243999717465073
"Glycerol-3-P",9.40793897308951e-27,1.38317702162761e-24,1.55270266572238e-12,0.635970798397801,0.000278716462846807,1.10285609085971e-45,1.54417550281077e-22,0.253509511265789,2.4427687469306e-05,4.99246529725514e-29,1.5340075577062e-18,2.97749888357594e-41,3.41068339706259e-16,8.06768278461728e-13,0.00311902662932972,6.01839544405589e-16,1.11883705067899e-19,0.0355127794583707,1.1692967291457e-31,0.111864613039824,2.82039311891031e-08,0.00487940355383238,0.546864328318493,1.90328478340675e-17,0.00103804215996223,0.00694877496452017,0.245474434296881,0.206078650285909,3.04789394122854e-25,0.603231096979401,3.13262279900685e-05,4.81446795099142e-06,1.07363945757117e-44,4.55017335374478e-21,0.00159971918572114,0.49948689578107,1.03036809881699e-08,0.566598731954384,0.237280198629191,7.83667343748138e-22,0.563456812774897,6.82887142148745e-09,0.840259606121901,0.109533595519734,0.00025026045378734,8.52053078774013e-11,2.31816016415464e-22,1.22319666326864e-21,7.20959918961269e-15,0.00118787612538446,1.65569064344696e-12,3.75654229129542e-13,0.00223096544616979,0.497375226009251,1.84132353677023e-15,1.62285535665849e-16,4.98594981689537e-32,0.933357355297503,0.780937341353302,2.73843405483588e-12,1.28520431393211e-30,0.00967347726450168,0.0281001519109953,0.173164938817491,4.49322773602234e-17,0.0262811290556814,4.59132817188557e-57,0.0343652144965772,3.67161406597122e-19,1.50077458659848e-19,1.33593223712323e-25,0.0385300812059191,1.24494419868124e-39,5.51559062820822e-11,4.90319904910483e-29,1.13541606196688e-28,2.16700608929598e-06,1.22136472243432e-21,7.48575227392005e-13,1.82188005021945e-18,8.81859334165015e-06,0.111173163421904,0.000179005962335754,1.84933138023238e-14,0,2.49185149397154e-11,0.241020948530413,1.35651267967741e-23,0.266888515303977,2.28162899320644e-05,0.000199532940685195,0.0028447715688242,4.66524679008531e-14,1.35095487281578e-137,8.95000700152004e-10,5.61536203728191e-22,2.23731972667932e-08,2.55841245228164e-09,2.72915240330482e-17,5.65899499058744e-28,8.41881049975663e-28,2.8685884251847e-10,3.71740196478228e-26,6.67522545928645e-34,5.62109021473230e-11,5.29275948081334e-10,3.54228430780635e-26,1.58737575505831e-07,0.174756176967281,0.337825144414061,4.83736392430978e-26,5.35845158110646e-28,4.64611246730143e-14,1.5205355626224e-08,1.95294122222833e-12,1.04664909471184e-10,2.18741689408226e-27,4.69380288881455e-59,4.97258530349986e-07,0.836597367924656,1.36912118853382e-11,6.72335084138367e-05,0.714094884926358,0.000501433005065075,0.000189876567951559,1.56188922469128e-15,3.2540160350707e-19,0.000477634965654901,1.20758906051208e-24,2.19077990794172e-21,0.115487244738227,4.33210281662742e-09,0.000430182907958832,0.46692649472232,0.241491883794156,3.94580803000571e-22,0.00103999994044712,4.32982974523847e-29,9.46400392235699e-13,1.16871309584078e-20,9.94605245098882e-17,0.130958598879806,1.06983850322446e-07,3.79979797124045e-05,0.24328516500323,4.32164058829247e-14,2.73742790980426e-11,1.22471940519085e-22,4.59129602586325e-14,1.66897788657257e-14,1.87566903281317e-29,5.96423610231087e-06,1.12810020525449e-07,5.66510044220435e-16,6.74170235144281e-25,4.54793903791911e-26,4.20551991473702e-52,1.77047789449033e-10,9.14428993906993e-29,9.74139356268022e-11,9.96748764985777e-08,2.9151210027197e-22,1.28336086790064e-05,1.40626839888665e-19,0.00180090577672448,0.416161982527716,1.26589594772892e-17,1.30315444374819e-09,0.554393701715749,2.96976213182895e-28,0.00912802392220162,5.70116005018341e-15,0.0560061875936488,0.00481235751865708,1.31898483570423e-27,5.00963799733441e-07,7.92817686628479e-31,0.131457057691517,4.92392565613641e-17,7.96685671558177e-17,5.81148582945779e-19,2.50535345540095e-08,3.36741119158014e-21,0.00136151896053379,0.0242464210288448
"Glycerophosphocholine",2.15622215561831e-27,1.4046147633647e-28,1.09291362914368e-20,0.754614116342492,5.31363195740796e-08,1.7968038990812e-19,1.61926606241999e-42,2.50941671990638e-07,1.15720509772133e-13,3.28629059422155e-14,1.28911785701301e-16,6.76832851373783e-12,1.67240943024073e-16,3.86046794016538e-07,1.79196501377399e-06,4.42857173328645e-15,1.22142825702305e-16,0.0111003589609178,0.000532821641433025,0.639295626004721,0.000252181675109877,1.15879864333111e-05,0.00973535553933049,0.0247365716703812,0.0741291484362547,0.0862706492783143,1.23864278596474e-05,3.64181245886449e-14,1.48976132159826e-08,3.04767812676698e-08,0.427586139054,0.00261335919392171,1.68643543315615e-22,1.88475266892902e-07,6.83429045622926e-12,7.44789808903861e-14,0.933586842537316,0.589748493170652,0.00801132808081782,1.93551336633531e-23,0.084298497085585,4.28734959316042e-16,2.59439728784769e-07,1.95235568993321e-09,1.0856413022048e-17,1.81864776009163e-25,1.44920330272662e-30,5.41307773279871e-30,2.14532730413482e-06,3.55715673237586e-34,5.88477562440504e-05,8.8670654393593e-07,1.16074791450583e-09,7.73634697486442e-05,5.57404300386055e-15,2.10401028909032e-30,5.15121208065113e-16,1.87266024202003e-07,1.98895765090851e-19,1.33477402290497e-05,8.68606341505103e-26,0.000129318696533167,2.06969264924968e-09,1.54483063479414e-27,5.40316507981903e-14,0.323307181452851,2.12075732049105e-21,0.776993130715911,0.159632961974936,5.34922778718409e-21,1.81712482682293e-11,0.0324609475460483,5.75411792313907e-12,0.0282232706862268,2.78456354219122e-11,2.29102479214141e-10,5.1435204984997e-22,1.40934523450814e-12,3.57076750550448e-18,1.79087442856705e-19,1.2345415307931e-09,9.79303706153875e-07,5.41831637255447e-15,1.99748574593993e-19,2.49185149397154e-11,0,0.0328289936241336,8.64991985930242e-09,0.00407957047854092,1.13001406380493e-06,4.1245330788275e-06,4.93601261765539e-24,8.02287864130651e-16,4.74392972133079e-14,7.48999174656938e-20,6.53371711327756e-15,0.245627910985494,2.01974319661987e-30,1.69617552866387e-09,3.30086042725627e-23,6.0141776954915e-25,5.36938245198524e-18,0.0922820986090417,6.55865732849384e-08,3.4030818300428e-06,4.99694641102123e-21,5.50597309644546e-26,0.00437544929146775,3.33127281104728e-06,3.27948227874537e-31,1.52926148210677e-07,4.19401682142967e-08,2.05375539558686e-10,8.15170922528595e-19,2.8720831901638e-05,5.30529525656531e-38,3.10259649487022e-08,1.39208379373773e-10,0.723082034444352,7.28792885322602e-11,1.48551699325097e-34,0.0331951549489002,0.000202847160371176,2.18726244984272e-20,0.145251377767502,3.46662822536376e-13,6.91344380790363e-22,0.686466413382242,3.02204605446759e-07,1.97578760929961e-21,0.744814997461934,0.09600559656253,0.0162205200015284,0.00982444258194636,1.45512542040457e-11,9.71454907085031e-30,0.000878473344802265,3.35574307442429e-23,0.00112833303675008,1.28501246222442e-18,2.84937354218175e-23,2.62634801688563e-24,0.000284052050139755,0.919492317670084,5.21065786232025e-08,0.730031483380604,2.13428800623481e-25,4.46370325407292e-29,1.83682753596757e-18,3.07876371768936e-34,4.68145691567109e-08,2.63339716763455e-09,5.51551073034098e-13,6.09063199069822e-23,1.93894490112397e-06,9.28300876380246e-07,7.48622447451371e-15,8.89495030297816e-26,1.45474410255444e-33,2.4663228361416e-31,2.06201290341231e-06,1.19343606958831e-09,6.66545771920222e-17,2.89908547702182e-07,1.83804648784618e-10,2.58027220967475e-08,0.781459187204397,7.44189696576422e-20,8.04276867023542e-08,6.08279481757018e-16,1.21323191021892e-27,0.774201101762896,7.7569132337336e-12,5.94600964956027e-08,1.28370962512058e-31,1.32690486009866e-17,3.40129299307615e-24,1.08965820286043e-08,0.149585270230091,8.25407241021631e-31,3.76068495303481e-18,0.00193018702890743,2.61679668016884e-11,0.0127669535454913,0.00234077894452683
"Glycine",0.00360615006265358,0.368070257974427,0.350655022075258,1.17799370112883e-15,4.11110531516401e-10,0.000155832912769626,0.059897759307872,0.575820771352029,6.50168193442417e-05,0.00782064321154325,0.994397722082121,2.75955575071512e-06,0.105257629167492,1.11378869376709e-09,0.000257494256482552,0.595303839121265,1.82071513553085e-06,6.12391529579216e-08,5.46223715432103e-06,1.17834160797195e-11,2.06738371145063e-06,0.0208527846130026,0.000186802212399657,0.146470282946028,0.102803131108931,1.98241096684237e-19,0.822752875180807,0.324092602930206,0.0331791106714497,2.88472254129403e-06,1.75933229212529e-21,5.60943077327633e-06,0.00564432596258328,0.0823873878884397,0.031018012773804,0.000180949594438548,0.000887662367957212,7.3253258852229e-14,5.72251077869847e-06,0.374706326180263,4.94290027797409e-27,0.0573334218237008,4.91165178357804e-07,6.50737175056611e-06,3.72578311771262e-09,0.299441212827957,0.147316616370003,0.439316053980356,0.00123367542990755,0.926214779318744,1.36595410614586e-11,0.00519931055992933,5.1530645738859e-06,2.74551727059445e-05,0.307391602050108,0.636571371466761,0.498888695219174,5.81501910008451e-08,0.0324159024580004,1.36126962276596e-05,2.77125356717871e-12,2.32718558173948e-07,7.31720768558772e-05,0.097886445090944,1.32559941177977e-06,0.0267589027424393,0.000289655794614884,0.00143821496677118,4.59715931351698e-06,0.289163957616422,0.275163884296458,7.55414213186447e-06,0.0079068607636326,0.00068840592439058,0.365691216587402,0.345197230023281,0.039726223318611,2.7872137731482e-16,0.543339497230561,0.674251301617566,1.98438553084447e-11,1.60751381919217e-06,3.19298441362616e-05,0.890961929241872,0.241020948530413,0.0328289936241336,0,1.55746822196278e-10,0.0202768463360912,7.15960956588305e-16,2.51691491075855e-09,0.985781244472913,0.498124347128566,0.433053749554796,0.00483577742259815,1.1785902209393e-08,5.24845310976418e-05,0.00163187771913845,1.14790899440903e-08,0.168603566503099,0.200169793050139,0.0705025897170371,0.926252291702693,0.000162711147727561,0.0423670939315971,0.0739065678280575,0.224106715329582,0.491357652659421,0.620132849833319,0.442297652214075,0.380450536557644,4.09853097825689e-05,1.01934914314462e-10,0.0468407217814947,0.0229913939530243,0.84495441409434,8.00254038216722e-08,0.00852786806852496,0.141600379562734,0.294563529155304,1.26301965872736e-05,1.55864243047291e-08,1.18359169232525e-18,0.000161424081417363,2.23781152928574e-05,0.176732264846819,1.66162780020456e-05,5.23825450118899e-23,1.96051526920276e-06,1.01047628854088e-05,0.970749900137495,3.04070106843787e-11,0.00134544957633792,2.05375539558686e-10,4.83529961753788e-06,0.406502902776865,3.36020726476065e-09,0.0728295517064422,0.0957135665810341,0.579586164177976,0.509610134166953,0.0019341765910145,0.000516081310693958,0.00603947279005715,0.000112509734059836,0.401230388501686,7.29842053885894e-15,0.685746813223842,0.000721371018789005,0.35657893474162,0.00387268539658324,0.0001256121508316,6.77512724153432e-22,0.069202391240166,0.0839088553405383,0.0959398050554384,0.00580310243365378,0.0273910903257926,0.000444696113770213,0.0680217282993092,0.00829797703719526,0.199611931442463,2.61085722349797e-07,1.21788638749469e-12,0.000128525090910973,1.66645575559833e-06,0.32093245430997,0.00622152602798845,6.82898169663058e-21,0.69460977282005,0.0011261201074913,0.0297433098314854,0.00246096437332673,4.89524890831846e-07,0.000912580118184486,0.00724263838827363,0.0467247890648001,0.710574212084195,5.97069658208318e-14,0.210140708856226,0.0164690737660708,0.24101463236943,0.26635443244198,4.72854123290647e-16,4.08893479508994e-05
"GMP",4.62268522781261e-14,1.34862007964848e-06,0.214602799001439,2.19529568292086e-10,5.2494890228773e-09,6.71824618839544e-34,8.31576135988509e-11,4.09349779297306e-06,0.015208180304489,2.49100764816662e-06,0.00387863187611436,1.65167822821931e-49,0.209280315733798,5.5730534023172e-11,3.64645568342208e-08,0.15397196274513,2.97928852460946e-12,0.00197541325234481,4.25783963657049e-43,0.0638173263255648,1.60776854279819e-23,1.27993035077023e-08,2.33492694566118e-09,2.09075871945017e-19,0.00195337136424157,5.80875343188496e-16,8.97524860078536e-05,0.00233583580007241,2.59960044862285e-18,5.03098703255138e-06,1.03037851337709e-45,1.3950148590972e-19,4.04682309136501e-21,0.00561636824033948,0.0203594179939613,0.0123621317651859,7.01297393472776e-37,0.00265921283202363,1.16864911320475e-12,1.4205214959723e-05,5.80260008396047e-18,0.000827972935683361,4.42467083564561e-08,0.000122652200526711,2.11078985960831e-10,0.367346553967041,8.15327827624903e-09,1.95605664187072e-05,0.602088553561154,0.352045142763835,2.53864876017179e-36,0.448304701799136,0.00032630915457025,2.19507731005725e-07,0.136267995270889,0.0306212514369637,1.76777799415298e-08,2.12467983839548e-07,0.00160190019554587,0.0428544378836633,2.40486088253452e-38,0.531543448204195,2.02157815803981e-05,0.845021242121581,2.23221300965654e-10,0.988632429368766,1.31196463968223e-26,0.00983259261642198,1.56509465474602e-14,0.00183526796149618,0.000989454012894438,6.10094932788468e-05,6.49695097243007e-17,5.57537920064654e-05,9.54284584382977e-05,0.000105563327137136,0.00136517636060158,1.04361513793014e-27,0.0611008771576732,0.000241318827342273,8.0600375942452e-20,0.000771696067807155,0.0159452887081895,0.0182763176977369,1.35651267967741e-23,8.64991985930242e-09,1.55746822196278e-10,0,0.783535353911959,6.28682458058496e-06,0.0451178305328969,0.60858638870529,0.0098079691115724,7.46919912807238e-17,0.536134579951518,3.5568887338461e-22,0.0917274283729071,0.000258940011004677,6.06952050547291e-89,1.57773628955215e-10,2.61010441349966e-10,1.29687699535022e-39,6.77936577219368e-05,1.8079073923409e-27,0.380450536557644,0.0394290187703616,2.31759379351052e-14,4.03568186649789e-09,0.482783806376581,0.28533446082138,2.59041904754537e-07,1.1725785107978e-22,2.05045535775049e-25,0.715762918887682,0.968977274674251,0.000463423092147264,3.51316141104662e-25,1.8795948740144e-30,4.22880655829733e-07,0.00934208324923459,1.5508986618543e-08,1.1522707916394e-22,2.24817163976673e-08,0.0958828400323765,1.33550030020459e-20,7.00726751571033e-06,4.41611836732437e-13,8.5096733772733e-42,6.32159968354697e-46,9.048206554711e-20,4.08537983325248e-06,0.67756033682357,1.82018642162874e-15,5.05392160686987e-06,0.251625609233167,1.72744739588619e-05,3.02545109182234e-09,2.47827766342214e-08,3.04369503574745e-07,0.0124235633017057,0.0557260307770466,0.526304100984675,1.00683243375519e-17,4.55489850041535e-18,5.05577322863228e-10,7.96623758298053e-08,1.55619880701216e-08,2.11358388112244e-08,1.20809373775436e-09,0.00163156854159885,1.15144461858179e-06,0.0232572416155242,4.85816588088492e-52,0.0800253334006222,7.55180870773086e-07,0.000512668604724462,4.427465525449e-22,0.75717593224437,3.61524000022982e-10,0.635667609264216,0.0569189563902591,0.0139379450937975,0.362181265549798,2.17528612982724e-35,0.11555185831064,5.67229683200067e-06,6.0574261978808e-13,0.930732789558052,4.18291044772417e-06,3.06860331416949e-08,0.397111600389426,3.33232169319678e-08,9.08125392806211e-08,5.8619884285579e-09,4.603517021041e-09,0.0579235272891737,7.81260168566711e-19,0.0580679220665387,3.00036555877158e-40,0.000165843012028163,0.000202328377483594,4.91992616315607e-05,0.00975829994893865,1.38940948874057e-05,2.75954433678579e-08
"Guanine",0.00398782458927065,0.000156164734323275,5.85503804559844e-07,0.539866437906552,0.00194048037852784,0.0699215335683174,0.0047521737640497,0.000544383727752501,0.000960340940890172,0.476171738188835,6.45266299800663e-07,0.443197855045744,3.60706992891507e-07,1.13527199890335e-22,0.008403344858513,1.85190515950428e-05,4.60387164077815e-12,1.58948597179542e-15,0.00199797363396787,5.97371726514778e-05,0.00541100982906452,0.0280938002078074,2.84623165435292e-09,0.625523842324889,2.72233518385937e-20,0.719199047118066,2.21277252974535e-05,0.125079456396699,3.79742365548234e-05,0.00705664100007844,0.198565704341191,0.985092758019442,0.00562329849130691,0.000426347316995748,0.00053757159537586,8.40803745900068e-06,0.286664683271986,2.69156350255471e-18,0.0790477861697169,5.41601763910783e-06,0.0215576876662134,8.8484892927892e-07,0.0489920359680894,0.00527784214502492,0.000257098598836355,0.00274998595240898,0.0217917158432885,0.000292148795761044,6.29334085561379e-06,0.476423746194675,0.0126202890318113,0.00026590184411824,7.33924524169472e-05,0.0574891635922524,8.72968826578172e-08,0.0404202430606606,0.696181471046226,0.162334707206191,1.22787889066199e-07,3.96056790392022e-06,0.44289968595926,1.37542371802513e-05,0.000469443252501541,0.739569336286431,2.1744326897574e-14,2.19305429740381e-135,0.000484044051893918,1.81474592710991e-10,4.45275897145534e-17,8.01033781373244e-05,2.07060195418322e-08,1.57165386917332e-18,4.83080186582685e-12,5.62037096186901e-23,3.48291044247909e-08,2.36429507588294e-08,0.20732917322452,0.0131395939748578,7.00599919007777e-06,1.04802602809336e-05,0.065891443581849,0.00226684355122272,0.0175816577684428,7.33121766937048e-06,0.266888515303977,0.00407957047854092,0.0202768463360912,0.783535353911959,0,0.000213575537143699,6.34121354445157e-05,0.161556925710012,3.20951594969066e-08,0.0645924712182033,0.00113511733860866,0.154838280704187,7.48416995313072e-10,0.000277315483053418,0.000383131978571403,0.0114826001057631,0.010208299547762,2.83650174678011e-06,6.45135007583306e-23,0.0318893930320428,3.11061705975326e-12,7.8542227708335e-05,0.00342333916246656,1.22479110299995e-14,1.44696932300866e-13,3.00111942332114e-09,1.3553706374166e-08,5.4433802377021e-06,7.31396429568398e-09,0.000541356462351858,3.35105970759563e-11,0.493258249958295,1.89988320924149e-06,0.0237471315864916,8.22823376908579e-10,0.720049207407906,0.945291509422862,0.792444577137541,0.901771237159679,0.399273643004759,3.65399862351816e-10,2.13460694967233e-14,1.14640661450943e-06,0.726161010483759,0.334265069843034,0.137793083614152,6.71912054417432e-20,0.66691578196115,1.4655022805882e-05,0.00176881636968425,0.00099333618625563,0.000278363348727,6.85702179781822e-05,4.3249201211878e-05,2.23200834771155e-05,1.3557806378081e-06,2.13474496930859e-05,1.80261850996798e-18,0.0181567681879587,0.0360477534658655,0.6422133800819,0.780937341353302,0.631421660273036,0.111400678810652,3.55350552741684e-09,0.0121674146269105,0.0161803522976067,0.000288407109339396,0.844848986940268,0.000818869482693865,5.63944180967405e-10,2.59241523492795e-08,1.20470043849313e-06,0.0560968138585905,0.00082208998400639,0.327774596358528,9.47131734702153e-22,1.05633709524084e-08,1.6998154515981e-08,0.367346553967041,0.0852188668455332,0.00738263903473124,0.0204536201619903,0.000633171422394244,4.98550511786032e-06,3.11599599030867e-06,0.00530379379620817,3.73753946766479e-34,0.00160610389361219,5.21849967936497e-11,0.000161582535715346,0.0401708822322414,0.428412799879024,6.72229875267873e-11,1.86927436579074e-10,0.00192635113066884,0.115828891774471,9.8728942850626e-26,1.11232454705236e-07,0.00340517909483569,1.65167476432522e-11
"Guanosine",9.99802849149274e-11,1.206214169276e-07,7.4772074523057e-06,2.57834803956162e-08,0.000288149833652258,4.803371912809e-11,0.00028369990883188,0.00165231027167232,0.295718193813767,0.0879106216526064,1.22999615671555e-06,3.23385041518947e-10,0.000278135617162013,1.56107589551575e-17,0.00446909843473266,5.33427080191744e-05,3.90978042285909e-14,3.50154355363498e-19,6.11718958224542e-09,2.66730980704307e-19,1.47451282160078e-06,0.782256198531965,0.167588634576592,5.1246716204571e-05,9.22661950094305e-11,0.0181289601704127,0.000457937155614898,0.0127510468939462,6.08793801168594e-07,0.165702326363622,0.000437679291005685,0.0373757775521265,2.61038356571674e-10,0.0136658209812518,0.0879299571534496,0.125264645386383,0.542097375461121,7.33015595757816e-22,0.0663025027170687,4.94631374398382e-07,0.000344339737056999,2.24014430973897e-05,0.31632108102967,0.35427086444953,3.13577737134025e-10,0.00162478756216971,3.27158022392131e-07,1.83423277825673e-07,0.0321560289828619,2.67470507021079e-05,9.42646293792183e-08,0.0432446610451319,0.568812011798698,0.136253069698769,4.17804461445373e-05,0.000262121188646064,0.00307547379514735,0.0150550608950508,0.0638207099257744,0.11696349706656,1.00946419491536e-11,1.98898262909372e-09,0.844156572781502,0.00995269875537081,2.45749840964501e-13,1.37495118053836e-05,3.3343398076838e-12,0.120259004981032,8.81788774978101e-11,0.000734212970129805,2.94333118113916e-05,0.442361700040198,3.17224560584906e-11,1.92994873702159e-15,2.23023469470446e-05,1.88091265935175e-05,0.0506910383537377,3.81926510987636e-25,6.34042452230521e-05,6.30687112193944e-06,0.0630529813810352,3.23903854513727e-05,0.650931628136073,2.78422569854537e-05,2.28162899320644e-05,1.13001406380493e-06,7.15960956588305e-16,6.28682458058496e-06,0.000213575537143699,0,0.0848489347339229,0.0116569104699248,3.85076251504173e-06,1.93779219213211e-05,0.0294971305196908,3.09332248427327e-05,0.00227530133121635,4.61028389090893e-13,0.00850093091476893,2.99150601800409e-08,3.77855485265034e-08,0.987803253957686,4.52758034080626e-09,1.40089748802314e-05,3.4286536653673e-06,1.03633269119468e-08,1.32427898649819e-08,0.121992046805305,0.790485835199655,0.701021692520428,5.92627633841323e-06,2.46705182597349e-10,1.88840294019337e-11,0.0142784971402222,0.00474210452463917,0.00224120815583602,1.88183221564698e-14,2.10316418190776e-07,2.55877329903114e-09,0.137909621973924,1.85161645547633e-09,8.1688801522779e-05,1.64724668950173e-06,0.453576478914623,0.039742543125,2.36305777222524e-06,1.46943830895741e-11,0.00159912779693929,2.12160081051071e-14,8.89619882702396e-16,0.126103934699933,0.170945988659721,0.40518121257122,5.81657991472715e-09,0.310121518690217,7.36954366386436e-08,0.938496149303974,1.40666407997604e-09,5.44739796056686e-06,2.71026108413308e-05,9.13548942812338e-06,0.00833739274894493,0.553501450994151,0.848296448462804,0.631892522527209,0.312732355159275,1.94919123541387e-09,5.77943961073933e-11,3.03885296908642e-14,1.30690434478515e-07,0.150794245895968,0.19150274866076,6.12795802072854e-11,0.00175324182392897,2.1366929724825e-12,0.271835658784921,2.95743775718034e-09,0.0140908209922061,2.47115168459867e-14,0.0133601736675915,7.82332483987305e-08,0.000263050193942197,0.250561503592756,4.17122129479999e-16,0.786324782569644,0.216260820776022,0.964170438301713,0.00818531448960098,5.76744590314479e-10,4.20614266498608e-06,0.384529279896991,1.1309163532483e-08,0.0958824389634173,3.56768144011952e-05,2.98369368653577e-13,0.0289527702222472,5.1982355684717e-05,0.676022493854655,6.15251695558604e-11,3.11878253285907e-08,0.669929005084375,2.10556062485639e-07,1.24966513075002e-09,5.68473168542282e-101,0.333287273529127
"Histamine",5.88743310470858e-13,4.68170894826222e-28,7.44508513053255e-45,1.58520306305782e-23,0.000909534016864697,8.62969135134775e-06,5.89882324208353e-08,4.11577118044254e-16,1.42852602306002e-55,3.9670202218172e-30,2.72991843483963e-35,0.13675303647195,3.54826468983345e-49,8.99989846925427e-07,1.04153230630476e-08,6.62063570327473e-38,6.39911315901448e-13,0.0928018573874616,0.852854858966148,0.00116977084852033,0.00186953204620986,1.33256865605586e-16,5.78395743522579e-13,0.72611402530082,2.17537723371542e-05,5.16962798563803e-08,1.47488308162688e-21,2.62169693994115e-22,1.14207127171103e-10,7.94109494308995e-45,6.31378574115179e-18,1.30588703533411e-13,5.40768772154392e-13,2.59582986704589e-29,1.67035230869167e-46,6.66605311272069e-09,2.24714837262461e-05,0.231097952518242,9.22420262574334e-14,5.83317429119424e-31,2.09336495699897e-18,5.23052072239968e-26,3.24910459552291e-40,2.10810222631437e-50,7.13165098969613e-05,3.87864394915208e-44,8.7207365639926e-22,5.07510876984791e-30,1.29490990269534e-37,3.77829536840757e-15,2.49210473333499e-10,3.99884865486812e-35,8.17308946575964e-60,3.18318129919331e-32,5.70551616595609e-46,4.33366863418345e-35,4.64667572750055e-17,2.2541710515594e-36,9.35562743227066e-09,1.66941455874658e-42,0.0950531365420681,2.63815892968979e-07,9.96051206361351e-50,6.79657788973064e-09,1.2305129435059e-12,9.75919388820429e-09,2.31860063817723e-07,6.78355463708182e-18,0.0187867004222161,4.67295888399301e-40,7.51368007949499e-36,1.57151681588751e-26,6.8662681241529e-14,1.94396348468643e-07,1.16001523970528e-32,1.04083616675747e-31,1.6165448704925e-15,0.592338482773076,4.4297929388138e-39,3.47993542269835e-30,0.589748493170652,3.97557768212309e-05,1.26856470197434e-52,1.95044396442414e-37,0.000199532940685195,4.1245330788275e-06,2.51691491075855e-09,0.0451178305328969,6.34121354445157e-05,0.0848489347339229,0,9.2540492580464e-17,1.06506189194827e-28,4.73532496675941e-08,3.03835156733911e-51,0.813059014071329,1.89180309690026e-25,1.90423035749968e-18,0.000376027627958881,2.42241125593665e-21,3.66261346443444e-22,0.505666847895063,1.52960247851696e-08,0.000253441176297365,1.60844671481433e-32,5.01989805819698e-21,4.28678609259204e-19,4.12036274967065e-05,0.107016313346775,1.39749471407411e-07,1.6542611718347e-22,1.72520841337817e-06,4.29740860564387e-05,2.52431470106371e-53,2.43707908580178e-39,1.25280359199446e-27,0.000155483226150235,7.68903731330189e-05,0.934237530645862,5.3303569640352e-11,3.68653623152576e-06,6.01913547445676e-14,4.23486997114213e-31,2.32510024153451e-41,1.1281471528872e-15,1.47705535039983e-30,7.51405794015854e-15,2.18015877022155e-17,0.424726723364523,9.57449505961924e-05,2.65253454819952e-16,2.11959654262209e-10,0.734745712151546,6.9127956225244e-09,2.391587031928e-05,3.84143165670564e-29,2.13053041019726e-07,2.3490864898851e-22,1.50088046178828e-10,3.06540909294002e-38,2.88962245188921e-40,2.84036745118002e-08,0.000772922423531367,0.0168238827809465,1.14261224480491e-22,0.954409290160664,0.019460426751943,2.71390006347812e-06,1.16261137662516e-09,3.60536507102485e-28,3.06969341731113e-07,2.03770385865809e-55,0.00112113081232855,2.49390227030068e-46,2.55204272377677e-09,1.09079028367885e-32,7.2939336266663e-10,4.75290805620487e-46,5.32342226545784e-14,5.15385905923723e-37,5.55087534943584e-21,3.71552524333842e-32,5.29560643431774e-05,0.558030987587241,3.70689262927876e-42,1.02392034401622e-45,0.0391953276502901,1.38439112605335e-57,7.66559385199072e-18,2.63135404740106e-29,6.02051165489515e-20,3.30895891819932e-06,8.15833908717575e-12,1.45616462368099e-05,1.75855151025288e-16,1.45436610139045e-43,8.12475690517188e-07,0.5407206162947,0.332183593040216,8.37940680545649e-28,2.88329724775293e-42,0.755263390030037,6.58467189549965e-27,7.29306100975605e-05,3.00418306810966e-09
"Histidine",8.61796117285445e-24,3.43241606691749e-29,1.5922343514334e-31,8.8798797511566e-05,0.00122012126281275,1.02122953117424e-09,1.34371532196374e-28,6.68555478470518e-15,2.10534435530404e-24,1.35582649047764e-15,4.62254600945727e-22,0.000564315526641951,2.1666013579118e-22,0.000702017726832865,5.68775882334612e-08,2.47622046741107e-22,4.90026300387275e-13,0.146769947140294,0.536261808814055,0.714854576370138,0.0364937900882002,9.36646077752956e-10,0.00551636603133036,0.48228708210051,0.00324167902500443,0.587282618451087,6.88009036333646e-22,1.77669202076989e-28,8.31576135988509e-11,2.46479846650231e-21,9.6876538744087e-05,2.82745493804938e-08,3.31182170714316e-15,3.66663112919584e-16,1.37770086021356e-35,6.64146925340602e-11,4.96901685365051e-06,0.785247412980516,7.31878696420424e-10,8.88440138297795e-29,1.23676660469711e-05,2.11122117636754e-30,8.4647373172894e-28,3.52994551768302e-24,8.99708135239461e-12,4.28432563950988e-38,3.12104983438376e-31,3.65633453947003e-32,6.80154266638778e-13,7.46571131929716e-34,0.0389172183576078,1.11194484558739e-15,6.73650228083884e-21,5.26772023398723e-20,2.4897644271355e-26,4.45786935896426e-33,6.31484644544062e-24,3.80532469160755e-18,3.7470515074506e-22,9.36418205067772e-12,1.79416599696722e-09,0.0165561835793018,1.33021377158172e-21,1.25323815383478e-21,1.89443671645712e-11,0.686586073148036,4.16387967459616e-10,0.208958489666958,0.960558942079534,5.47748824469332e-26,1.51983631998272e-15,0.0023228375650102,3.33936310357144e-07,0.00350943236672418,2.92241599466524e-14,1.8602450134123e-13,1.38518470106427e-20,3.19843466271895e-05,4.14226159997498e-29,5.54372265398111e-26,0.00122962877197588,1.20726831924491e-15,6.71215694228177e-29,2.46586782419657e-30,0.0028447715688242,4.93601261765539e-24,0.985781244472913,0.60858638870529,0.161556925710012,0.0116569104699248,9.2540492580464e-17,0,7.56884630187861e-18,1.16036862774152e-05,2.09157188726179e-29,0.00127523683079071,2.82968217641186e-06,1.23856087705441e-43,0.75618786339368,8.6098392742306e-26,2.22009006417212e-26,3.9869041207476e-05,0.676874313986493,1.33268640362232e-06,1.00320960063183e-15,2.47470149695591e-26,2.49431997006894e-22,0.247333219664933,7.06675086806233e-05,1.67958128110472e-40,1.62975830109194e-13,3.75312192725945e-07,1.97389897373779e-05,1.96067845928373e-33,6.25877913148688e-11,1.17454898245084e-52,3.70890659538688e-06,2.97723688288933e-05,0.0631754999734647,5.78167519951555e-33,5.86315677205589e-33,8.15775080393686e-09,3.09987353215926e-10,1.1238863753788e-46,0.0407826727279333,2.04857020227193e-12,7.9174235647e-18,2.78076446561045e-06,0.146720276085,2.51884774266721e-16,2.08190683914783e-05,0.139841454789406,0.11449705427819,4.31895477960395e-07,3.59583764286301e-05,1.11502678696791e-31,0.299291652636123,6.90765097501156e-24,5.03733208443055e-10,1.30279034239115e-26,1.18972709745087e-28,1.70798767547066e-23,5.16889769120654e-07,0.639295626004721,3.08546113784118e-25,0.000414972340435148,8.9376257998014e-22,1.84204216316751e-14,7.89011980304327e-11,3.96630403466749e-43,4.81458955404294e-11,2.08467540942925e-28,0.0404963151526222,3.31472195051447e-28,9.26044586786983e-06,5.65135076214043e-12,1.95800616034973e-09,1.10289507555582e-40,1.31613776434269e-20,1.40903035057065e-39,1.11468445641503e-14,1.04029083057404e-13,7.04609633526686e-09,0.00756294764697079,3.84327345003112e-38,2.9328933511936e-21,1.60741554801129e-05,2.08906372736017e-32,1.0679117435108e-14,1.14849602136529e-20,1.07514793024056e-46,0.695020752395906,4.56659392314994e-30,1.08889602147626e-11,8.69749327644041e-21,6.95226541688533e-29,1.11654060277249e-10,4.89871462133611e-10,0.104826689391339,7.19810098962599e-38,1.25363634685301e-25,2.00434564138659e-08,5.34001764630267e-14,0.735133020400611,0.342342080969346
"Homoarginine",1.56793394729201e-45,1.79746306963403e-70,7.63047712396861e-74,0.000104828862100011,0.760736560964446,8.66857186428959e-25,1.06041886080921e-18,2.6041592747648e-19,9.96607261816417e-43,3.74075714433424e-31,1.67968079394575e-80,4.80795275771961e-11,5.52446851077177e-73,9.33338402773664e-32,0.120235805370571,4.41919215122685e-64,2.32652006896362e-51,2.83009569726414e-06,0.000435859401323559,0.454811327064353,0.472881327817336,1.52144307507332e-17,2.08717229936521e-12,0.0124610694940401,1.50109669460737e-11,0.32015242739973,2.02887944978525e-36,5.50152089992758e-34,4.29388260422265e-28,1.38889562169993e-24,0.00664824276339493,4.96205889762331e-08,1.62953300724977e-40,1.23689613599023e-23,6.86848295864958e-50,0.0280009841715282,0.0381599835387,0.0411085782144707,1.30097433895822e-12,1.93396530210678e-73,0.00157785176545428,4.12359286129963e-69,2.19670134160302e-26,1.65627737338144e-30,8.04667755626013e-22,6.67406256033404e-71,1.27021957776701e-59,1.64466626828156e-73,9.57092423422917e-41,5.2348905766462e-21,0.334488724053103,4.50118967202571e-43,2.61290284524653e-36,7.14019096813835e-19,6.83643412962877e-81,3.09361049628903e-60,8.33237837397263e-29,6.3945176633603e-17,3.14652172766798e-05,6.31239132530481e-38,1.63055849759602e-16,0.0962361491457856,3.48219417139037e-32,1.30399022108782e-14,2.84657697727122e-47,3.08360430392337e-15,2.49412435870793e-27,3.38121635645283e-23,9.14806872378894e-13,1.31254048952916e-67,1.48524138870707e-61,1.2476545014685e-16,1.18066174839371e-42,2.09875318308528e-22,1.50718818026465e-57,2.97924260172454e-54,1.32931697431131e-28,1.44163898537792e-12,1.34886168378638e-75,1.82031063719772e-68,0.00308130130712959,4.51708848164183e-19,5.94532794410873e-40,1.412420157579e-79,4.66524679008531e-14,8.02287864130651e-16,0.498124347128566,0.0098079691115724,3.20951594969066e-08,3.85076251504173e-06,1.06506189194827e-28,7.56884630187861e-18,0,1.27665884039431e-21,1.07961880984696e-56,5.00487745279955e-07,5.06604392063357e-21,1.01510927077478e-49,0.655570069518394,4.37734932324426e-51,9.42470451718129e-51,0.0303553482303153,8.72363949525645e-16,1.54327452214471e-11,8.43217120276042e-34,1.00976249050626e-53,7.17806465124552e-54,0.000180819621643302,0.0568089554565677,2.33636299797003e-10,2.55264973214037e-41,8.12353559858585e-22,5.80853753378745e-28,3.2437548455051e-64,1.87972262380381e-36,2.46816214330993e-44,5.12531490774508e-18,5.3510684077273e-19,2.40515889231117e-05,7.04794044950866e-14,6.88077889454863e-31,0.000609290056275289,2.05131828448698e-11,4.61106154749452e-24,1.13707969252633e-05,9.88709308592971e-66,3.67633537632282e-60,0.00735841589846463,2.11208582637255e-06,1.51203204589341e-23,2.57167937591653e-18,0.00284262293681828,0.0290493993982322,0.380942232288211,0.000759964785116482,1.21140382589198e-72,0.00661409647196083,3.85498027154944e-66,1.15016891663727e-14,7.9985959079357e-82,5.47971687060829e-71,2.29047722649911e-05,0.142359419223071,0.655005685235046,2.64177293160774e-20,0.0710938267104619,6.38571907046556e-20,1.06902959887252e-17,5.89912847846206e-44,3.6602397978002e-60,3.6229554917037e-09,1.14541715243051e-48,0.0055019144479529,1.53298179753262e-63,7.86222006952188e-29,2.64237573198901e-46,2.51141442384807e-33,1.4932638318941e-57,3.02950012062194e-44,2.23492826315756e-47,8.15749214235575e-52,6.88916711801451e-58,0.0622455916588261,2.37128728277046e-06,1.4875358767334e-34,5.79563160127802e-26,0.0364385915355549,3.67125782301709e-57,0.000169662631346445,2.02199323445004e-65,2.16484050100205e-15,4.5095149384397e-15,2.09549054205103e-07,0.12861381166859,9.56383471730984e-50,1.91892075870999e-43,2.31879899889816e-17,0.967018731299313,4.2535246024101e-05,1.05834239216909e-70,5.30725526439137e-48,0.0403581810749861,5.27238466664013e-45,0.0702667976770936,0.000159666982740925
"Homocitrulline",2.64351894777515e-32,2.32179911596691e-34,4.88162544891059e-20,0.427257448971195,0.00180410511604939,3.35713477717872e-45,9.40793897308951e-27,0.00233042921990108,1.34402511222731e-10,1.03758340317289e-34,9.446779543334e-27,3.10768046921806e-34,1.91589779860609e-25,9.10715431375701e-16,0.103869252738047,1.31879792410346e-24,5.5178217542392e-25,0.00641266549423498,8.04175070648952e-24,0.173238316151278,1.87597700163131e-05,0.344398728208485,0.0746445424338736,1.34759205579991e-12,0.000237596734849295,0.0477453811618632,0.00168767879973934,0.00129468810344082,5.08448684274579e-26,0.00958583447292067,0.0168136329675306,0.0116311923511133,2.75616782764825e-51,1.37091512215006e-26,1.52251303099362e-07,0.101838486089877,4.45769128552752e-05,0.622481612635342,0.631461162328015,1.29294896804362e-31,0.513364608361953,1.03743206212288e-13,0.0293885927206855,0.00020683815025599,1.74292906480236e-05,2.96274916481828e-18,1.36838347502657e-29,4.45836092435953e-31,1.42780638743327e-20,4.00921684002176e-06,5.63469803642492e-08,3.86599678499215e-18,1.7486504757454e-07,0.257726054430788,5.78167362113702e-24,1.31913543892413e-25,8.97660554076331e-38,0.0429535455876125,0.272709895724842,7.04614725676097e-19,3.73688636156188e-30,0.00246279532789428,1.07582137175583e-05,0.00298838663868352,5.96101468853359e-22,0.00114326317230121,1.82261411532976e-61,0.00037848118294987,3.97668416704273e-18,3.75345110210642e-29,3.84405331664882e-35,0.00117982403143418,4.16441958725246e-47,1.18939862625383e-12,7.77730870826913e-39,8.30969980996588e-38,4.96755832117598e-10,5.70750669743623e-20,5.65459817023946e-20,2.69463424225777e-26,3.12960299750706e-05,0.0251610412145169,3.16469966068231e-09,3.2546696346253e-22,1.35095487281578e-137,4.74392972133079e-14,0.433053749554796,7.46919912807238e-17,0.0645924712182033,1.93779219213211e-05,4.73532496675941e-08,1.16036862774152e-05,1.27665884039431e-21,0,4.34189175557539e-17,4.53204437381626e-19,3.80047093740159e-11,2.50084740405224e-14,1.17988851180176e-11,4.79263582623899e-35,5.61402676515048e-35,6.49086540890409e-08,2.91932504598544e-28,7.3868971778584e-31,1.58109337499261e-15,1.143382044869e-15,1.96506233712755e-32,0.000411105838565293,0.209572406802995,0.0402339126974415,4.21694574806107e-32,1.04650419178452e-27,2.4048298166088e-15,3.10222932859368e-15,6.7640135417253e-19,4.49882414750928e-16,3.41260545824098e-26,1.08598175300837e-53,8.7034654007387e-06,0.087512182225812,1.69697178891658e-14,0.0247004848328049,0.184655472781588,1.22023266997338e-07,0.0549006781277306,4.27471165138694e-22,5.42104949568828e-25,0.0545897442250072,1.27700323541483e-18,5.39274598229306e-22,0.00107030684085211,1.03330950161785e-08,0.00916983022545606,0.685241827178001,0.0586632809546081,1.32907754772928e-31,0.000161470281406489,2.47788851254343e-39,5.61018778365086e-13,3.40458976433079e-31,1.06492662542433e-25,0.0210243500891242,0.000287377536080123,0.00552822224709322,0.501724213150188,2.60997539828378e-11,1.60505951357146e-14,2.24666186037074e-24,3.80334163783665e-18,1.80975993185022e-21,2.59582986704589e-29,4.13570413137911e-11,9.43478982236563e-06,3.99386359378142e-25,1.48504088702948e-27,6.49546337666178e-35,3.42793784342405e-58,1.46335330074625e-17,6.99844346019716e-37,1.28154610718256e-17,4.87155572787151e-12,9.21313652428213e-32,3.73212856238785e-06,2.36642821021567e-15,9.93604225785465e-07,0.00375953232983873,2.85218724087672e-11,1.57121202367739e-16,0.0756735122900494,2.04738017614873e-37,4.50052557093191e-05,3.04234490031766e-15,0.863212184745622,0.149779237864844,2.22314021240011e-36,6.02753184009393e-13,1.2947064434704e-31,0.336261078788766,3.58499378230214e-13,1.45478189905851e-24,3.36890400837561e-26,9.21929708707321e-07,1.34942340392476e-27,0.006373972154631,0.212678440332885
"Hydrocinnamic Acid",9.76468348535568e-30,3.72796414799491e-57,5.89643593440736e-92,2.10104061535126e-14,0.819794618508906,2.40616955138086e-12,3.19868399730202e-20,1.25173483011894e-30,1.27313573052698e-107,3.36360914606235e-30,2.93802264592995e-62,0.000793864402064661,9.62634168795342e-95,6.04356559552926e-14,1.56386858694839e-08,2.28335463493098e-73,6.00527287915242e-27,0.000242109850171781,0.593097706749173,0.373526482500063,0.252392662896164,2.76645945949764e-20,7.25140713860873e-12,0.528639694856724,2.38226430173166e-06,7.76397446596604e-05,1.49693319239248e-35,2.58787224608269e-42,1.57277899569221e-13,2.91328067494412e-53,3.23651352265676e-12,4.18456662795981e-16,4.22832905269093e-24,1.01272069384231e-30,4.79645364374607e-77,4.54440905376878e-11,1.27967970281275e-06,0.915379471252807,1.45846980431117e-20,8.88461365175311e-64,3.65690312834253e-14,3.46657726314171e-42,6.89181302677013e-49,1.16416676682745e-64,4.25200196221549e-12,5.47136877122399e-111,2.36478109401602e-45,1.19129566859717e-63,2.850644542931e-44,3.0540161291143e-28,9.37041293729187e-05,8.83670836114718e-40,4.31734650723676e-81,1.09841944333492e-35,4.47603373974073e-82,1.83704331469522e-91,1.28523213322912e-26,8.13804457349252e-41,3.9572875483097e-16,1.55493766813008e-53,7.46051691295083e-08,7.43001896727368e-05,6.16255042859532e-71,6.15635316219616e-22,1.02208068971638e-25,2.56197665586003e-08,1.99831402964306e-16,2.46429772283192e-15,0.00119610288005083,3.68519030368604e-76,1.73459436646083e-52,2.263521377265e-16,2.00820244099457e-22,1.13793184471236e-10,8.31838486784986e-47,5.7690196212465e-44,2.31616448543436e-28,0.00121297225486386,8.54591984029368e-77,4.91607423915574e-56,0.463955912840576,1.63985834732252e-08,1.17924360121863e-96,5.38762361425985e-75,8.95000700152004e-10,7.48999174656938e-20,0.00483577742259815,0.536134579951518,0.00113511733860866,0.0294971305196908,3.03835156733911e-51,2.09157188726179e-29,1.07961880984696e-56,4.34189175557539e-17,0,0.00256839802173186,3.11192110907059e-21,1.01741591060045e-42,0.0451806675813769,2.1366052659808e-37,3.72444170866763e-38,0.307061461915656,2.71189190841093e-10,2.21929306711383e-06,4.52660909609888e-32,1.65844150114684e-45,9.74934989649815e-34,0.000250642720959966,0.848360507666215,2.42725551069093e-15,6.31603971012254e-27,1.42652107191973e-09,1.93455467140461e-09,2.59587144904438e-125,1.4728246538606e-43,3.4334187374977e-54,9.95830962487458e-08,4.50637909075392e-09,0.600400003044932,1.18684056824404e-22,1.02344481683976e-20,3.72465161059384e-12,4.25641641055204e-29,2.20085470719289e-58,3.10570358379616e-09,1.51751905272637e-41,1.4606867849803e-29,3.0514117397419e-12,0.387229550382353,1.18057987361534e-12,2.15701384354899e-18,0.000196710450899799,0.110727115508953,1.92540027271929e-08,2.67767484889368e-07,7.69896590417113e-62,2.52515997653273e-05,4.22553618425945e-46,1.42058277199984e-08,1.6589013427834e-80,2.85412892789037e-85,8.68148067709977e-12,8.66051393593948e-06,0.00325433136318031,9.97999913402904e-34,0.907355706362002,1.17091173144086e-12,8.25967876827053e-14,6.43854617747313e-23,1.68369246248713e-61,4.52482413350652e-12,2.78503931607506e-86,0.361589597197974,7.118394655323e-100,6.28519390497946e-15,3.74412027723543e-38,7.22323577991836e-19,1.31969614625433e-107,5.07390008286119e-33,6.11815388126787e-90,8.65410703700272e-33,8.09187709125047e-57,1.77939170642213e-07,0.158398261653496,2.46348944270863e-49,5.70168499717112e-56,0.00118828431672379,6.9975017744445e-104,1.67240943024073e-16,3.74736286563081e-45,2.02317469635916e-34,1.14050373569291e-05,2.415707981858e-19,3.95703776897048e-08,4.96724854249466e-37,4.48617853368593e-100,2.49761290638755e-13,0.0122792782552705,0.741063752664682,6.51341691003032e-62,2.39598639838184e-50,0.647609700512019,3.19106844929306e-39,0.482851755466872,0.000233109794827107
"Hypotaurine",2.71600779298617e-19,6.63356284777299e-12,3.70659068380281e-05,0.00938425126517665,1.53944767868477e-13,1.55739217904908e-31,1.2617960909328e-17,0.571544173157773,0.365039666035069,1.61868858678623e-11,1.0945744930875e-08,3.73694411799853e-34,0.000200467941067421,5.25401831496907e-09,0.00130789473513514,5.22592346545845e-06,1.62570062693968e-14,0.973107447025309,4.14265920402963e-17,2.78107812460697e-05,1.89862211278224e-19,0.0265392440372739,0.0045701849434817,2.9303209358625e-18,0.0743435102549865,0.00206545612623706,0.815513455345466,0.279797189316972,8.53820064626915e-16,0.0986692978535152,6.77101133485445e-14,3.57356417357555e-07,1.84163642929378e-24,6.09629007939646e-06,0.235038356343957,0.286783731623415,3.30496359438244e-06,0.199094182155262,0.0128542412062792,7.87372900561151e-10,6.18588155025138e-05,1.66695394821538e-06,0.197659446371172,0.398799733177206,9.08856598338735e-12,9.87054238256591e-05,6.40573678152562e-17,4.09154727908837e-11,0.00166589176327866,0.000601631617374946,1.26173267738692e-14,0.000552891955610996,0.682341262327673,0.323203129928751,2.32929429700375e-05,1.68866473024823e-08,3.49467236747506e-15,0.0589551316423284,0.221782205421518,0.117409690830318,8.40314650693235e-31,0.553532038169483,0.575256401883956,0.0548596138439566,3.88026573071834e-13,0.51511910457875,2.10234384166011e-21,0.121572230579133,8.88542039613369e-07,7.91400205761881e-07,1.70673258449796e-07,0.0247536972282362,3.20915843712569e-11,0.000685180683195398,2.2985617209349e-08,3.0672113753795e-08,1.01768698648595e-06,1.56756425573527e-19,2.34664302553563e-06,8.53144961840909e-10,4.37156810287993e-11,1.73931919989807e-05,0.418003256017023,3.46934515122385e-07,5.61536203728191e-22,6.53371711327756e-15,1.1785902209393e-08,3.5568887338461e-22,0.154838280704187,3.09332248427327e-05,0.813059014071329,0.00127523683079071,5.00487745279955e-07,4.53204437381626e-19,0.00256839802173186,0,0.384893923517016,3.94489781552883e-08,3.01573332131305e-21,3.14934955769758e-16,4.9241900473399e-16,4.32654440003909e-12,0.00166847202411008,1.41857717094901e-23,0.0495375384236727,1.17231681597306e-08,2.90237257567367e-14,3.82220355331487e-08,0.036874504016274,6.84841541309675e-06,9.92874486291126e-10,5.54123515391918e-19,6.4886491584425e-11,0.00423419120861151,0.17434079751868,1.52977956127164e-06,1.77878725759535e-22,1.51734065404305e-25,0.00176993389503255,0.679947164773807,1.02027726291588e-18,0.000130756845554264,0.000905262759446592,0.0136946115358617,6.27382038158239e-16,3.90136881455279e-05,1.09895707593051e-14,7.91595206117649e-09,2.52139254143265e-17,1.66337285118656e-21,0.0307485135280225,0.785124017397313,0.0174386331936969,9.87054238256591e-05,0.55251782934202,4.53539650018e-11,0.068776156947641,1.39960999412169e-14,1.1367629454211e-08,3.12341540050906e-07,1.52854060631491e-06,0.0182203433023257,9.02925351591412e-07,5.72148834740483e-05,0.232216099133179,3.23646647578368e-14,8.58434262949531e-19,1.25554899004256e-19,7.67099041101046e-09,1.05429929428864e-09,1.37929038726007e-08,0.227881906474803,1.09016959894948e-14,2.65096156989613e-05,8.32831620513272e-07,1.97826221595701e-07,1.84480459393192e-19,0.000217573090137794,8.30854350057981e-20,4.0648779675414e-05,2.68977651348585e-05,7.21701765342387e-06,0.0111587690203413,1.62246633776617e-23,0.330660757689347,0.140264727288756,1.18765247356491e-06,0.00644691381250852,0.616431405316277,4.64975701604997e-11,0.0357423394239983,0.00117003945839784,0.106861795266449,0.0535305958863945,7.90958738476141e-19,0.00619342435837008,1.43731285177623e-24,0.139820856148569,4.5826488070883e-14,1.38519126848037e-10,5.15167244474763e-08,0.645576484712103,1.46286755536015e-06,0.000336353108509568,7.57247956496861e-14
"Hypoxanthine",3.67695296049619e-13,1.05650849346717e-20,5.14570368417401e-30,1.29190359345556e-05,0.0313067541547541,1.53142252986763e-07,0.0155099487633372,8.03880602558775e-09,2.19293536792859e-18,3.28947063118582e-26,1.54832755843084e-32,0.000751389272970845,8.45292125918574e-30,2.68189496355868e-08,0.600987543811781,1.6151191529943e-24,1.52623357874825e-12,0.0464749043772168,0.0124313075814621,0.43703956663408,0.465549440551403,5.33503850689115e-06,2.23481280606165e-34,5.95809541140971e-05,1.97537143453131e-11,4.59939012995778e-08,1.01458577554104e-15,2.97514549416868e-09,1.45019486805773e-19,1.31611735352881e-08,1.94195330820145e-09,0.0056007207865178,1.4851778355171e-14,1.58837141060663e-28,7.26796255502888e-20,0.789123873057712,6.60269727442367e-06,0.0147588254640251,4.88691890588945e-05,3.87401187060461e-18,4.49668522558324e-10,2.45766608163724e-13,8.67921335161712e-16,2.981210254205e-11,0.00368796245649875,2.75770079414999e-17,1.27156140734194e-15,6.38196775061548e-20,1.78960529313509e-46,2.33047516245907e-06,3.12144477733021e-05,4.51985028225555e-47,1.42385738221381e-19,6.56387037256402e-07,3.97128805810412e-35,4.22085193544234e-14,2.61084605278462e-20,3.8524207637381e-05,0.41092038444033,3.73036003009303e-56,0.394952839191949,0.685223218789977,1.30399022108782e-14,0.552725617565062,5.42957475086536e-12,1.7253481719916e-13,3.09060070328415e-10,2.97777607055492e-11,6.83171156516939e-12,1.5796372481605e-21,1.02510650234418e-41,2.90511508880435e-51,4.02290911942671e-17,3.06410105802838e-27,4.70813384006091e-41,4.88775724209245e-43,0.231907887033589,0.000721703210017112,3.93379219085246e-22,1.14105691785544e-19,1.52854060631491e-06,0.000200069443264456,8.30237086170177e-15,2.26936603092848e-21,2.23731972667932e-08,0.245627910985494,5.24845310976418e-05,0.0917274283729071,7.48416995313072e-10,0.00227530133121635,1.89180309690026e-25,2.82968217641186e-06,5.06604392063357e-21,3.80047093740159e-11,3.11192110907059e-21,0.384893923517016,0,1.45512542040457e-11,6.64871952792177e-06,1.25730673495873e-19,1.31339162136965e-19,0.0176427462982044,4.11604027034799e-27,0.000139944637335125,1.91957762428505e-45,5.93031534145308e-15,2.43847098596494e-15,0.67321357903057,1.99769535504537e-07,0.553245443598949,2.63561492952445e-31,5.39662278399278e-14,0.000962401419387763,1.63217289423354e-20,1.42535458570059e-33,2.18960326425405e-09,4.91799582455462e-12,8.71711392908497e-11,2.36527019743668e-06,0.0140458070546514,3.88487534619407e-05,8.17077575520716e-05,0.000462733839058287,8.82107519671499e-11,1.54863035746883e-07,1.97522046720099e-19,7.65982632526878e-11,5.12670729898987e-13,0.00420569568807679,6.17114465876258e-09,1.78447525489057e-16,1.65391262387084e-33,0.108740527545971,0.363398709210228,0.58075167382321,5.89262326214908e-21,8.86573927904182e-35,1.04054151852978e-20,1.61865820095986e-25,3.79616582911959e-27,2.02485360555589e-26,0.954753815546215,0.695475462987661,0.672169379724068,8.81318773730647e-11,0.0170914377883171,0.482907504878034,1.83375083538641e-10,3.2097181045768e-07,7.79333924485404e-17,4.79854728314194e-13,1.52855424090256e-30,0.000670746726838414,8.91406612132668e-21,4.9740404407815e-32,6.43438703142263e-27,1.13769435195039e-13,1.82358678544053e-21,1.89545438923938e-13,5.94119110156777e-14,2.67464784516735e-20,2.96041835795636e-31,0.0121345730878014,0.00111114569242579,1.43699665223635e-18,1.79271279376532e-09,0.511239151106035,1.40552719962568e-23,0.00981251417651675,8.61716146239278e-26,0.000718256042375732,8.72630256726766e-19,0.740155257952259,0.0704108203371894,1.54344462990436e-14,3.65416088468785e-20,1.55992273747872e-05,0.000536165650531565,0.0500696453450943,6.60004373320106e-18,1.38544620004764e-18,2.62117572251537e-09,1.18707424020951e-62,0.0133288561191987,1.45023959496132e-14
"Imidazoleacetic Acid",1.35891724313526e-60,2.22758896828173e-72,2.14718369499105e-66,0.0845758740853004,0.00514566077045502,1.36536571676744e-26,1.14362827870962e-28,7.73468711306046e-19,7.30980492374733e-31,2.59295861334095e-22,1.09976824867336e-54,1.15203178001667e-12,8.40486014514644e-49,7.71748234820652e-29,0.00140173243807581,1.28550449174153e-46,4.19521263899396e-53,2.21834694418911e-12,0.000161626397844323,0.00624766741237891,0.00403851054794297,3.95656681514144e-12,6.26355278504822e-05,0.0140596176587866,3.24644596094156e-12,0.670242533188653,1.8269382445052e-28,3.12271977154945e-31,7.70756830813009e-27,6.09790951762891e-19,0.0995212324365307,2.46499486560305e-05,1.46767642689835e-41,7.40168944616883e-24,1.49667587410637e-41,4.66459063945316e-05,0.00398774044888883,2.29770620595401e-05,2.97020448218065e-06,3.15572858135705e-71,0.183894334935163,7.70563293066604e-66,2.5213308048236e-20,1.21882684717049e-22,6.89988448046451e-39,3.41287311559267e-63,1.03317290090243e-71,8.63139779655707e-79,3.11294919321723e-21,2.08948233535377e-37,0.777177727967731,1.54675803073588e-23,8.28078141747227e-26,6.03993875195821e-16,9.50544249840183e-57,2.0746596546379e-56,3.88110185428905e-28,7.80659756046044e-13,8.70063941152434e-09,1.85132458914736e-18,8.12439500829373e-24,0.687065594288135,9.50583524252033e-24,9.14430030934713e-25,1.18523659726665e-47,5.72289385566548e-09,1.53351580598221e-30,4.30264828681394e-05,2.08924538084652e-08,8.20311072455695e-51,2.64002217664472e-38,4.18476844556949e-07,1.46466299356107e-32,1.20178249417152e-18,3.31698316297495e-36,2.71112916749476e-34,1.08701853322687e-32,6.74563413388007e-19,4.50585948629808e-55,8.73975573016244e-52,2.28581450270266e-06,6.88965796176828e-25,3.07022834719254e-30,1.61943419175302e-59,2.55841245228164e-09,2.01974319661987e-30,0.00163187771913845,0.000258940011004677,0.000277315483053418,4.61028389090893e-13,1.90423035749968e-18,1.23856087705441e-43,1.01510927077478e-49,2.50084740405224e-14,1.01741591060045e-42,3.94489781552883e-08,1.45512542040457e-11,0,0.0538595368625246,1.14434407049763e-57,1.13268904299844e-59,3.97503201519913e-05,4.68424664472157e-09,3.08438953608197e-13,1.68775518969552e-29,1.03424582509285e-53,2.99554033272325e-54,0.00815478674446768,0.923204380173938,6.35436083279926e-19,1.83273992910866e-35,4.01273894862637e-25,3.34941432396679e-29,7.79328250818947e-51,1.98317528488864e-22,5.25268039599125e-66,1.2355082853123e-22,4.0232770064546e-16,0.0560546280220544,1.58097495154993e-20,3.45822773998757e-52,0.00951431941552361,1.10231674169913e-05,8.93432804797158e-28,0.0265632972275527,9.96443742813315e-48,8.73686298602937e-63,0.0545897442250072,3.13299926144861e-07,9.12030189678185e-38,4.62236304456167e-10,0.543771717200758,0.273658016016435,0.13798391704873,0.00411788539426622,3.3837361896399e-77,0.689362793902284,9.74904597881253e-66,2.67977145217304e-17,1.22029319016939e-55,1.16663884743902e-62,2.65884885898558e-08,0.00627422648969964,0.866203399698976,1.9222488786853e-17,0.289187403994782,2.08588199348551e-30,1.40149197810709e-20,5.9989619326985e-35,6.99626223910162e-91,4.71041634104076e-09,9.81113684088723e-32,5.93330156213768e-08,9.0498112869031e-51,1.18127507915591e-19,2.96425198426897e-25,3.20787747185066e-30,4.02847865323191e-53,3.58021772134849e-56,2.99443596207995e-46,7.89699961834776e-42,1.01996679379016e-33,0.00022074101196839,3.68075928081916e-09,4.49848046635106e-29,3.18701665471682e-19,0.00200828663051581,5.92614953926097e-47,0.00522216192432877,3.37208510759797e-50,2.30723071971839e-24,1.4387977081682e-08,1.35377508634123e-10,0.0278473913199321,7.10613149094928e-59,1.06183793565807e-36,6.23618210465352e-21,0.0553950076386225,9.88026227071171e-05,3.49101439688956e-94,1.7572859742515e-34,0.831175088823953,2.98840047826191e-34,2.87264128531134e-05,0.0226536456268786
"IMP",1.27993035077023e-08,0.00297163434467798,0.46211849390743,3.55508764177565e-11,1.42779574238025e-09,5.32374629848682e-23,1.78605329264798e-12,6.3634397037777e-09,0.000116740402962976,0.00153900227762992,0.633902225343113,6.76185729289018e-36,0.494405595124869,0.00194488449950822,2.28687316550514e-06,0.605534068343187,8.34829599400972e-05,0.417437131849018,2.1292795856468e-31,0.309106230248162,4.07584856413347e-21,2.03886167174555e-10,5.68330086797066e-20,1.9692753188103e-12,0.750166211158083,5.71573967188692e-17,1.23114657391024e-08,7.79350248042409e-05,1.3575197027036e-08,1.36091891927881e-08,1.72208692623936e-43,3.38455005140651e-19,1.20506210128666e-12,0.250522052193037,5.86880573137292e-05,0.481209151451778,2.65292121972625e-30,0.757795087808995,7.74253783072692e-15,0.0224869079048601,5.93537779086479e-17,0.172824020221247,9.07353034458016e-12,3.77681342948648e-07,3.02945431315836e-06,0.699227645139084,4.97125516093867e-05,0.0120362951645056,0.042300207994953,0.571051750010697,9.23179764028926e-52,0.0960005025046899,4.07112947639334e-07,6.52953805642253e-09,0.538967507028725,0.317097817116955,2.8017403738742e-05,1.8627902349242e-08,0.149567283377763,4.26155477323593e-05,2.00675307303804e-32,0.0796084640306885,1.47703534924763e-08,0.431911115694459,0.000987041706447705,0.000930072049072341,3.61020536987531e-17,1.99310195407021e-05,5.52459492462297e-05,0.24524117013079,0.49557046792793,5.11557043323882e-14,1.07350180275357e-07,0.7179431614906,0.211594684400747,0.244831207974692,0.0019220582917691,1.82621460136316e-17,0.891481584387545,0.11402473802682,2.41706768334236e-27,0.0370185749882301,0.000311611900026488,0.718456666241278,2.72915240330482e-17,1.69617552866387e-09,1.14790899440903e-08,6.06952050547291e-89,0.000383131978571403,0.00850093091476893,0.000376027627958881,0.75618786339368,0.655570069518394,1.17988851180176e-11,0.0451806675813769,3.01573332131305e-21,6.64871952792177e-06,0.0538595368625246,0,1.47937662680968e-05,1.15673944025171e-05,5.07332661005089e-46,0.228682310679105,7.76667795108568e-21,0.187272514072803,0.787881501578832,1.98840287422094e-07,7.35205298192556e-14,0.134874897078508,0.0223580095446596,0.00415162191981255,4.11487816968846e-13,8.96252795416738e-13,0.0714459499255302,0.0100735138712121,0.0105499630861391,1.42922648802349e-12,3.38287857923908e-19,0.00678233716208192,0.0169369771723956,1.11062090855541e-06,4.19741811563994e-23,1.82294732073689e-08,0.0439078816557814,3.93707582125919e-29,0.0962779145074477,2.78774912602166e-06,7.01758350793412e-38,4.08446432159601e-33,5.51394817390181e-13,4.18434191999946e-12,0.0562401261954735,7.84687430735215e-08,0.00113962797594511,0.718196926567025,0.012999922565032,1.10961903593773e-13,0.000330306403241049,0.0137035947019758,0.666661244017016,0.842905867123601,0.0245511440022295,9.98707454564811e-13,9.24189537443412e-17,5.45537091278233e-12,1.40768216839249e-06,4.42736268790698e-08,1.14387063955028e-07,0.0012179772384444,0.0767976381181981,2.75758222113318e-05,1.96873152472385e-05,1.02425067108461e-48,0.913067428583383,0.0174371473983463,0.198597552117211,3.3499076987591e-12,0.414424560221416,2.96206968971999e-06,0.851726753711366,0.328574024064499,0.93682529239997,0.0691488712033371,6.88009036333646e-22,0.00222924011402327,1.17613490853435e-08,7.65462908830042e-17,0.0914910646632692,0.00123038068129102,0.00289639473598918,0.60984638343814,0.0582748659969718,8.43394926721556e-05,0.000209045078742162,2.99254016803059e-05,0.00177510785522099,2.05935070217616e-17,0.962922546398626,2.20569343471822e-21,0.0346394727078202,0.0316551268233817,0.211353252517296,0.981819656076358,0.00800823904178455,1.56866525406186e-14
"Indole-2-Carboxylic Acid",4.76071935608613e-91,1.38512574998604e-96,8.28307943421002e-60,0.100639806853642,0.00195197407241904,1.84161063317869e-51,7.95398490774621e-35,1.4654088314927e-09,6.02803859900612e-24,1.09998185397972e-54,4.36295518302793e-77,1.18355081271126e-28,4.13476348344605e-56,2.09382230170407e-27,0.343570727876261,9.42948818478652e-59,3.03732124063986e-59,2.61946749001711e-06,4.35778561438449e-13,0.0610747191470525,8.03539605514286e-08,0.000161400490139426,2.57177456632598e-06,7.41263991114699e-11,1.30150760743222e-11,0.862935188632928,8.38994069233642e-16,5.02506023610479e-17,1.3126409271687e-57,2.61978346268129e-10,0.902315291488644,0.284531282773362,7.28210574706015e-84,7.66415197857631e-45,1.68224944917354e-31,0.00579396920821809,0.609587597437947,0.00642733289454889,0.00323713035037892,3.97953035256083e-79,0.14961902825099,1.89851595946976e-50,8.14862313593156e-13,3.10987857759619e-14,2.9665819802807e-26,5.28526457242642e-51,1.64995050812312e-106,3.02731338728854e-90,3.25286719998968e-37,7.45221558075817e-24,0.0484869258734307,1.1611834276431e-41,5.23482423088911e-18,3.040183472404e-09,1.5388385499629e-64,1.75303478754123e-58,3.91895225841892e-57,1.26869632701646e-06,0.000617815527912666,9.17998406136897e-27,4.62679958002251e-31,0.130747606853708,1.27593341439389e-15,1.55679198967978e-08,3.82470051788821e-50,5.42241179784797e-06,7.95331050079601e-52,1.52051008750628e-05,1.71286883304519e-16,7.14053597228808e-59,1.30347973349972e-67,9.42022091915078e-11,1.34215662185055e-57,6.72665344103095e-25,1.12989032869112e-69,6.17122028750789e-67,8.05471653329873e-23,2.93085092305945e-22,1.32928420123382e-56,9.12374127678117e-64,1.92347963821352e-06,2.12284612532595e-16,2.43132955249863e-22,1.83285721187662e-61,5.65899499058744e-28,3.30086042725627e-23,0.168603566503099,1.57773628955215e-10,0.0114826001057631,2.99150601800409e-08,2.42241125593665e-21,8.6098392742306e-26,4.37734932324426e-51,4.79263582623899e-35,2.1366052659808e-37,3.14934955769758e-16,1.25730673495873e-19,1.14434407049763e-57,1.47937662680968e-05,0,3.31673944923989e-203,5.43749494888432e-10,1.80450670437311e-18,2.47897326179641e-26,1.49009088247896e-32,1.32997421378704e-38,9.37213849161994e-86,0.336238896199303,0.148658550299144,3.3950016489454e-11,1.89362481049102e-68,4.38391659095712e-47,1.91801260443736e-33,1.18354771065203e-42,2.32457119059791e-28,2.46073816502284e-55,4.15691651040408e-43,4.67041609988905e-42,0.000575120975722777,2.43755969143156e-08,2.78459626894654e-47,0.81642181515026,0.00168793971721391,1.20158649482667e-22,0.782594520489978,1.6587030585345e-55,2.60515948120477e-70,0.496341142756451,2.97899769092392e-17,9.32745155279636e-56,3.30687819328025e-06,6.21928319863955e-07,0.000375749383749038,0.853889839829418,0.0164595965939001,1.40394816630359e-90,0.0610394938910856,1.51502105249074e-108,2.38150473179097e-30,4.87279543348937e-68,1.63894512748112e-65,6.35098798776357e-08,0.263107872822741,0.00293185424469754,2.69612118344192e-09,0.00251941552303311,1.9349834878746e-19,6.43043551127497e-30,4.86197323666693e-31,4.24960112716039e-78,2.91591004966629e-24,8.00480914151444e-32,2.32887946956903e-08,8.23893114316969e-52,3.99339709170846e-35,1.54972311162103e-48,1.4843722028861e-58,7.90742179203284e-48,1.74430858954987e-63,7.00046343212225e-40,1.69510924604397e-33,2.18033459119927e-51,9.1966930804304e-06,1.36821542961297e-19,3.3164650026724e-24,6.11791366910651e-11,0.279815849191647,2.72720901544452e-41,0.00960999771118574,5.11770322110722e-98,5.3545165781571e-17,1.3186695100796e-15,0.00351935144205459,0.845701532881513,1.07247358364456e-65,3.73293166508539e-31,1.092182489398e-38,0.960607571054246,5.59659475864202e-10,1.61540031193248e-88,9.16472125203982e-56,0.011715019372975,1.05918080477211e-53,0.000908860729780979,0.25151929623103
"Indole-3-Carboxylic Acid",1.6720637015478e-95,6.85914098574946e-106,8.56266970886614e-62,0.120390839092237,0.00295480846179507,3.32642455192839e-51,2.47969509283498e-37,1.02194506377005e-09,5.15997675775399e-24,9.05472269138949e-55,2.2627024963289e-75,2.21261956324896e-28,1.33480738310849e-56,2.23975545373983e-26,0.254907601449025,4.01745901118128e-56,6.89021621666294e-57,3.85537357524661e-06,1.28635204168142e-13,0.0843081267449798,5.07492045446478e-07,0.000111154386984751,1.70809055972287e-05,5.03076053849253e-10,1.45990666699379e-10,0.921243969772486,1.14519380589232e-15,3.01033899619973e-17,1.88364793610551e-55,2.61269772251837e-10,0.950431803698429,0.275872353876769,5.60855126764908e-85,4.01625112434384e-45,5.45312685811214e-31,0.00125354337367151,0.866362245621746,0.0125117779119475,0.00375953232983873,3.87025052631087e-80,0.133268915124285,3.05811429916571e-50,8.88725935271598e-13,3.85185042209917e-14,4.9094102018186e-27,3.15642446809318e-52,2.053260918136e-108,4.79261189882713e-98,5.05853996263624e-35,1.68327779944764e-25,0.0235445882004273,3.29123715499623e-39,2.46090027356591e-18,3.59785315017791e-09,6.03778108265652e-65,3.81740707761087e-59,5.75670899171543e-56,8.88881038359912e-07,0.000301407746668809,7.05558863574058e-27,1.04793918780718e-31,0.101763216035424,1.54988875137189e-15,1.33423168814545e-09,7.587232825151e-48,4.14755209691049e-06,1.22631817091177e-54,1.80321423311646e-05,1.1073746610167e-15,2.375772589577e-58,3.26599376561218e-65,6.10921770506448e-10,1.47350546683106e-58,1.67221416504468e-23,3.62445390172398e-67,2.82303795680935e-64,1.70384561394743e-23,8.31860999160195e-22,1.10612119256618e-55,1.69355797060071e-63,6.21510345946769e-07,1.52843049253131e-16,2.21030918664959e-22,4.98946864231314e-61,8.41881049975663e-28,6.0141776954915e-25,0.200169793050139,2.61010441349966e-10,0.010208299547762,3.77855485265034e-08,3.66261346443444e-22,2.22009006417212e-26,9.42470451718129e-51,5.61402676515048e-35,3.72444170866763e-38,4.9241900473399e-16,1.31339162136965e-19,1.13268904299844e-59,1.15673944025171e-05,3.31673944923989e-203,0,2.06065348068669e-10,6.75211724607729e-19,4.62037692684918e-27,8.38720634174988e-35,2.61008024215815e-38,3.3173550585484e-83,0.245474434296881,0.23020958170229,1.45768127484276e-11,6.14951633098317e-71,8.68758123264763e-49,2.70639220323431e-32,1.91080146271752e-43,1.68326648288835e-27,5.2656361400474e-57,3.6988060102384e-41,9.40509163580971e-42,0.000964258656065585,1.07051141366456e-08,1.13998676124957e-47,0.739396565411971,0.00150184398579938,3.30628921185284e-23,0.917746747098084,7.55791119326455e-56,1.09187931459267e-68,0.366093690531498,2.48439694707662e-17,8.59318641217808e-56,2.83510612146744e-06,1.73908163456077e-06,0.00110361199748019,0.770101017165254,0.00495582667348223,2.36317371921275e-98,0.054123851665277,2.31201565244156e-115,6.97296478638256e-30,6.70954930744024e-68,2.62446891965678e-69,2.58684541811381e-08,0.324807849825282,0.00370613912066583,2.43151601975863e-09,0.00335151177838751,9.4298812858221e-20,4.22603803334528e-32,1.40805661047336e-29,2.39601724906138e-83,1.2637933453009e-23,6.48565125881431e-31,9.37552274882134e-09,3.97219802716192e-52,5.82177415763713e-36,3.58351390472953e-47,2.7727237487853e-59,1.24167934769499e-49,8.11551984373533e-70,4.35108615582668e-42,3.09128815773371e-32,4.08547475912476e-49,1.85979014235543e-06,1.53850176225677e-18,1.36268338203601e-23,6.85192666873257e-11,0.164870290822529,2.66141179235545e-42,0.00555575195479674,5.02154972008406e-94,1.15231091999207e-17,3.84550639287658e-15,0.00179320818920666,0.945467760657832,9.53736304848694e-72,5.09514701547707e-31,2.00883062310773e-40,0.864768959429779,1.31759324123304e-09,1.66929521349159e-92,4.33903615741536e-55,0.012162403063769,1.09998185397972e-54,0.00102849508025119,0.197925055193814
"Inosine",2.40257342563032e-11,4.05733611270427e-07,0.0391018450833248,0.0067838862308001,1.80081255584987e-06,2.15964357847197e-16,2.07467820577805e-20,0.000923052019117067,0.7450945485476,1.77207783569202e-08,0.00997836038438397,1.55866336733296e-18,0.103431677701467,0.0232572416155242,0.711898818313745,0.168505025964506,2.82176313727974e-05,0.659447426457559,5.24867653930866e-11,0.00013057420684873,1.41495775056986e-11,0.00552010261624325,4.09311586872811e-12,1.95556625345322e-07,0.872737348166176,4.8217599193944e-07,0.00822587074085082,0.993571821512351,4.0442320446313e-10,0.340471219920036,5.81345889978781e-14,7.86705221233296e-05,1.04823482389849e-12,0.00124603080808788,0.837900491276007,0.0575723710629518,5.02223235654445e-17,0.0205572384385346,0.000439720169944475,2.21143824844822e-05,0.00102757329508614,0.000846903838086468,0.313022466547203,0.577921412980703,5.75489295829585e-10,0.00984817681386546,3.01160574369112e-10,1.99965137352932e-06,0.591873024253193,1.34732388640726e-05,3.6878152620169e-15,0.190019839060636,0.179414196315919,0.149863947315032,0.0910721153032952,0.000593614969548677,4.07306574039986e-09,0.386027016453008,0.0406317530723037,0.160319745296987,1.9310594894105e-20,2.09549054205103e-07,0.0758147149880199,0.00401483986985558,0.000698072274942653,0.00011059346451049,1.47425121991576e-13,0.0154369144450829,0.0138927333482829,0.000398462644493664,0.0136210558822164,7.85951195311347e-07,7.59511250085062e-07,0.968676259849805,0.00433532439383273,0.00605768019794401,3.85537357524661e-06,4.17476851302649e-08,0.0158210484543183,0.000180563122283084,1.37461378405968e-20,0.00380747619360309,0.747472697617816,0.00422210843616749,2.8685884251847e-10,5.36938245198524e-18,0.0705025897170371,1.29687699535022e-39,2.83650174678011e-06,0.987803253957686,0.505666847895063,3.9869041207476e-05,0.0303553482303153,6.49086540890409e-08,0.307061461915656,4.32654440003909e-12,0.0176427462982044,3.97503201519913e-05,5.07332661005089e-46,5.43749494888432e-10,2.06065348068669e-10,0,0.845662020596249,2.0346711205009e-13,0.329793539424949,0.110719495223047,1.01946893400473e-11,2.10930661531961e-11,0.0154837137445445,2.13910426472838e-10,0.000422096349509171,2.37057006344801e-10,7.23906744999164e-12,0.151321068270252,0.615187462721875,6.28303086798447e-11,4.76297079073338e-08,5.23535715587761e-14,0.707121822855085,0.888350857993901,7.84278634645872e-11,0.000552434886598317,0.367346553967041,0.00487573203563643,3.59502123974413e-10,0.000183583888505748,5.61262706655998e-08,1.78605329264798e-12,1.41453358298591e-16,4.4311927661639e-13,9.91399089789444e-08,0.864856711622319,2.97864339655623e-06,0.362784365246454,0.0576361244388927,2.311344429948e-06,2.1327279229938e-13,2.35307858315983e-06,6.72335084138367e-05,0.0129877767197981,0.00881342796547972,4.31755437506571e-14,2.59390984590122e-05,1.44243038417512e-16,0.169032048327934,0.00534245486887029,1.23901784339901e-05,7.37972869571591e-08,0.000429484316139347,6.09629007939646e-06,4.86638926475805e-10,0.783399034823754,1.9515550174623e-27,0.00472016681499366,0.0122395868496258,0.00761266373045504,1.7046454967756e-10,0.00559237114393096,3.79054718789823e-07,0.00119620837673512,0.909383222948915,0.0801580318328847,2.1030284686744e-06,1.02345221683654e-12,0.18792827369851,0.296116807678613,1.63517301433404e-06,0.070674235786499,0.193983847664127,1.66428955901005e-06,0.000129186711769484,0.447992172976082,0.836019113867821,0.930020340682711,4.31453098901733e-06,0.891519271830541,1.78112797529718e-15,0.0364089852492388,1.5373465867275e-06,8.96730068472241e-06,4.89081441112393e-09,0.15179882632319,0.0691153751102836,0.624607487483608,1.2355226911845e-06
"iso-Leucine /allo-isoLeucine",9.43990530968115e-18,2.47049181713637e-20,1.33823059980395e-17,0.890240695102154,0.960169087423773,9.19980183035699e-18,0.0010562372837346,0.00017979632178971,4.32810751077636e-07,2.40721654376266e-14,2.83758287014252e-22,5.76428279686496e-14,3.72472442251506e-21,1.94128925043787e-24,0.000741577955291999,5.71653301814653e-18,8.11039710241763e-23,1.46119818328766e-11,1.06199179399115e-21,5.4399861591092e-05,0.0924247142151147,0.498526175232956,5.35799716058358e-10,5.96226342631577e-10,9.18862350417709e-15,0.877440275757425,0.000947519925374093,0.120290468039428,2.47091705227615e-22,0.160459569461187,0.925677486737439,0.0024175737243429,8.72602278772449e-23,3.89147231806229e-21,1.12509836153802e-05,0.0863119672547012,0.202627189402979,3.48124070287497e-09,0.651315357545166,8.27515087892177e-19,0.757366097844433,2.49927456777338e-09,0.111628901519079,0.0222277927564309,8.74314507993046e-05,1.97285860953214e-09,1.92849858240013e-13,1.18530162862322e-17,4.12956106402963e-21,0.0232223460648146,0.0317975023000956,5.81371010079323e-17,9.29711423132073e-07,0.745134124615289,5.5495910831416e-21,1.68406565107093e-10,5.10922884619648e-13,0.813723331323212,1.07971036780324e-05,1.60852909393987e-22,4.70430583815758e-09,0.0355660008665105,0.000252137834633955,0.871049856737976,1.3692829761565e-22,4.2467707117386e-27,9.31152739926733e-29,6.28970766181686e-06,5.23121532334366e-37,5.79398437217953e-17,3.82748668063271e-31,2.62663304686446e-18,2.8875449075791e-44,1.66146356918673e-38,1.6900380640846e-33,3.49455656205588e-34,0.0431390019569098,2.51320259165728e-12,4.80581872876038e-14,8.375079554457e-17,0.72155199040858,0.0567367171080187,0.000137463062712735,1.15462529436477e-14,3.71740196478228e-26,0.0922820986090417,0.926252291702693,6.77936577219368e-05,6.45135007583306e-23,4.52758034080626e-09,1.52960247851696e-08,0.676874313986493,8.72363949525645e-16,2.91932504598544e-28,2.71189190841093e-10,0.00166847202411008,4.11604027034799e-27,4.68424664472157e-09,0.228682310679105,1.80450670437311e-18,6.75211724607729e-19,0.845662020596249,0,2.35220967974116e-14,3.09356211316319e-28,1.5783923719446e-08,4.24957991209936e-16,0.61885419271321,2.58508124346489e-09,1.0806094410541e-06,2.64628653399698e-33,2.40923146526974e-26,3.03469556973041e-13,1.50699042920822e-09,3.57709354970542e-25,0.000103375323651457,5.21462686044113e-25,8.3964988426455e-25,2.61376528453161e-14,0.882698695096369,0.000263285813114966,0.00199119637966995,0.581180410086336,0.125873479384868,0.156931715428116,2.25964583455927e-25,3.18208544760749e-16,0.794735141088206,1.01406957222616e-12,2.3728800616313e-13,2.58061766805085e-10,1.86790558331922e-11,1.93729334104875e-05,0.00524660707181843,0.537940167164131,2.21566968442793e-18,8.02104518532478e-17,1.07371176331135e-23,2.51370905715765e-16,1.15390024105391e-20,4.0335345838721e-19,5.52730026847503e-06,1.10231674169913e-05,0.345053412328039,0.694362348156934,1.45733064593801e-05,0.0482130776197144,3.01725713880828e-08,6.30405852009674e-14,1.64667816809347e-11,4.7900230349529e-09,5.87227943795749e-09,0.0723514965665651,1.0973317951946e-13,1.69180919253352e-37,5.00905220075823e-26,6.00155140947531e-35,1.90817145754826e-08,7.56081824833945e-20,1.9528699759135e-06,3.30958925061057e-18,1.11567313878609e-28,0.175895294062465,5.65372108914307e-09,0.00844702074957752,0.0951059358786407,1.24236615150207e-06,1.58599046903245e-10,0.00633685085319134,3.95997513364169e-25,0.999802445570238,3.13305109500016e-58,3.20476170876483e-05,9.08914643668879e-12,2.39740008047561e-20,7.22835756765795e-07,7.8228024031778e-10,3.03924487029595e-08,1.16540884812326e-18,1.00696198729396e-13,1.87880475141244e-09,2.19140066919194e-48,9.27486628225541e-35,4.33134452721615e-07,6.0700345658934e-05
"isoValeric Acid /3-Oxobutanoic Acid/4-Oxobutanoic Acid",1.48952014813982e-34,1.03934007017853e-22,3.26372741638551e-11,0.14402741725778,5.58364943621049e-07,7.45268883408758e-49,5.20507593672035e-20,0.977287247604306,0.0112343554882966,2.72482467828065e-18,3.93118108517513e-15,3.37544492975438e-47,5.69488020067783e-11,2.27060728402107e-16,1.65409178339669e-07,4.34562773011471e-11,1.60104599222592e-24,0.0209842597011718,7.56816756087644e-39,0.00059180892632485,2.07995405999518e-15,0.000168056110541999,0.441387373438347,1.19635612580764e-23,5.58304265803514e-06,4.68186958377155e-05,0.538873475738566,0.881418704726725,1.57347319838137e-35,0.929210547260212,5.82991625109897e-09,4.72523306973208e-11,4.92813242054042e-43,8.42325100717013e-17,0.0044620949962771,0.829189528892374,2.91585178921147e-06,0.00115193879439,0.0315273468312663,1.68983552809406e-22,3.15710607506108e-06,3.14796654856391e-17,0.743885290900889,0.426149553888303,1.69484941069214e-13,4.51449431983658e-09,3.73497686483769e-25,2.1583050958834e-20,1.21398480992192e-08,0.0126675921949532,1.31226790908221e-12,2.8402668430961e-08,0.100496682177155,0.699599944184327,2.25325570752022e-13,8.25604808662833e-12,9.367074444331e-28,0.634246559008905,0.107097647683146,3.24797411240735e-05,1.28656192104766e-44,0.954409290160664,0.536753379688637,0.0596278110910837,2.10434379833393e-21,0.00213206541022541,6.24686545072203e-45,0.945467760657832,9.30194977825082e-21,1.28209540458638e-14,9.10722799652833e-18,0.15196145195337,1.08958387418752e-29,8.41090631586679e-12,1.35512585722067e-19,1.32330340029129e-19,2.78191730877489e-10,3.03472894914188e-25,1.34775224739947e-14,6.05307275883015e-23,1.89879088381542e-12,6.56947715003986e-13,0.015048372496026,2.00406612069219e-16,6.67522545928645e-34,6.55865732849384e-08,0.000162711147727561,1.8079073923409e-27,0.0318893930320428,1.40089748802314e-05,0.000253441176297365,1.33268640362232e-06,1.54327452214471e-11,7.3868971778584e-31,2.21929306711383e-06,1.41857717094901e-23,0.000139944637335125,3.08438953608197e-13,7.76667795108568e-21,2.47897326179641e-26,4.62037692684918e-27,2.0346711205009e-13,2.35220967974116e-14,0,2.40590741896699e-10,5.34412356917623e-08,1.94988354114096e-25,0.00033188825493878,0.512808824601108,0.0217518881368978,2.40105394912542e-29,2.71958657514741e-46,5.01235340631e-23,9.99000116508205e-07,1.24691736581713e-06,3.05532756151839e-11,2.7523784301479e-38,3.01694760519183e-51,5.54666090322015e-09,0.0895834581602844,1.56621499126167e-17,2.3201252944107e-09,0.074293222548612,0.000799670689955641,1.05017192809131e-07,2.47749462818373e-14,1.20738853660953e-23,3.45235245750884e-06,6.12950465992068e-28,6.27630201907763e-35,0.0948166874075076,0.000120524606721439,1.18317505454526e-14,0.039479375469939,0.855058564627127,3.65167066997012e-20,0.891481584387545,7.46502852506237e-28,4.23996455387772e-23,9.96847109880439e-17,1.2733097889907e-12,0.594400551370694,1.14877107547424e-15,1.31673490488623e-17,0.0396008929694104,2.53304673817184e-08,1.52195535812937e-16,3.76901186003304e-16,1.09069449113513e-12,8.8635572256378e-16,2.4444846331173e-17,0.000419200825999405,7.03077305810611e-15,6.58813393590344e-10,1.60451144321815e-19,1.1650166833137e-18,4.10541177961261e-43,3.50782440465846e-07,6.82356647718548e-26,9.37414445262385e-08,6.48394691759487e-13,2.65686294076687e-15,0.0542688383242533,1.33945346285808e-30,0.00854623545592902,0.979838552735794,3.56402495075659e-09,2.8118099585531e-06,0.318274657972841,1.81351312379739e-27,0.0426142723696675,4.71626691003582e-15,0.122556558047747,4.53054924500232e-06,3.78992358254932e-25,0.00295132547305845,1.9740901061591e-27,0.746319114413948,1.62484215790318e-26,3.10087436243347e-18,1.00229118795723e-14,2.79781845335228e-05,2.8804102267878e-14,0.000655226605469441,0.00098212479689807
"Kynurenic Acid",1.05305089687901e-25,2.88068040132876e-43,1.31996859884987e-49,1.10133320018107e-06,0.0586689529048878,3.93536855310548e-15,1.42004869565534e-12,4.94082437780832e-13,3.81926510987636e-25,5.87787340354277e-29,6.45051857152965e-45,1.59437817649956e-07,1.44327905031075e-43,4.60159642443274e-14,0.226293679049104,9.75109038944851e-32,2.06600868674082e-21,1.11653746815236e-05,0.000253138356129352,0.581906725030545,0.402298231223417,2.17624534972736e-06,2.23364736857801e-14,0.0143585873009007,2.49729295720287e-10,0.064117414091228,7.21010384496946e-25,6.0495383427777e-19,9.28769288315799e-24,6.56943640631126e-13,7.72334461032043e-06,0.00853204428721727,2.9212594806935e-26,8.32885847603489e-40,1.19016959599126e-28,0.0112820316663386,0.000315963401532481,0.0296968737360319,2.16489617476684e-05,6.66761884747563e-38,1.5562818480095e-06,2.2124691584142e-24,5.68110626496969e-19,5.15616308491852e-16,2.9716631238753e-08,2.60380571643343e-32,1.26700832074043e-29,6.73974015054263e-42,3.11661802186454e-31,1.73886367185449e-19,0.104469229310141,1.95488881676538e-33,2.66872794614658e-26,1.43617464221637e-09,4.90587610419647e-51,2.40150592763911e-27,3.14784312028646e-24,1.36558348392889e-08,0.059275778824047,2.27412598528641e-39,1.09861482625254e-05,0.136013288670005,2.07818199451398e-18,1.09268773232066e-05,1.98409257877765e-19,2.63220519466265e-18,2.23456926532059e-21,2.3409612733467e-11,1.0181147529818e-10,6.4414978309665e-38,7.43998959365725e-45,1.40552719962568e-23,6.19325900577237e-32,5.29601342839324e-22,9.16577596533591e-44,2.60109085556473e-43,1.55397180953891e-07,5.37529057728626e-06,8.76779381584605e-35,3.75574412803444e-34,0.975775067265661,1.71052900417525e-06,9.17077799626941e-22,1.59216985000976e-36,5.62109021473230e-11,3.4030818300428e-06,0.0423670939315971,0.380450536557644,3.11061705975326e-12,3.4286536653673e-06,1.60844671481433e-32,1.00320960063183e-15,8.43217120276042e-34,1.58109337499261e-15,4.52660909609888e-32,0.0495375384236727,1.91957762428505e-45,1.68775518969552e-29,0.187272514072803,1.49009088247896e-32,8.38720634174988e-35,0.329793539424949,3.09356211316319e-28,2.40590741896699e-10,0,8.35593005095836e-26,5.02260072416818e-28,0.367346553967041,0.0179129517559981,0.0464276043444418,2.2021666514229e-46,1.70687522003348e-23,4.72524973260067e-10,1.30335708572742e-34,7.30938184910499e-38,3.71529342910157e-24,1.23613278865772e-14,6.66797429407827e-14,0.00124762347240464,1.11789678259683e-07,6.67049458940612e-11,0.0001746280970994,2.21728871098725e-05,3.67164424063614e-17,2.10510138899847e-09,2.10100793468749e-35,7.15715864380832e-22,2.65056936918714e-07,4.06500158346866e-06,7.62331309345322e-15,7.59226565477357e-18,3.69302578783383e-12,0.302769725212861,0.297127082430318,0.100639356103918,4.86001088679702e-43,1.44371431089077e-10,1.77173353493159e-37,3.58453743077874e-24,4.87112665775484e-41,8.72063055894495e-47,0.047150190109534,0.697567672168952,0.920664526884958,4.39904333972992e-11,0.908285593910966,5.58661232634168e-05,2.66755338173057e-15,1.0754890402022e-16,4.45952352301956e-34,1.55295650288951e-11,2.0045187815072e-33,0.832546949608675,5.6140507759088e-36,1.05211162298773e-31,1.94348012745808e-30,1.67167507618501e-24,7.95548139047551e-36,2.84131610210734e-28,5.19878093099186e-28,7.94475741825319e-28,3.78483664202159e-38,1.45341088127706e-06,0.00163104969739014,1.08890809051612e-24,2.05945096915288e-13,0.832182324184865,5.05972913871505e-41,0.0039901819158899,1.85392442862899e-40,4.88870922310176e-12,9.97682706523013e-20,0.00207096560710778,0.941779090071788,4.12730862075286e-29,1.51963123975024e-24,1.55565587326344e-08,0.515905444829902,0.00279922400530131,4.76199343366655e-35,1.46180204483286e-27,5.64550211084416e-07,9.19576376829808e-60,0.00160755770153934,2.38386962486405e-16
"L-2-Aminobutyric Acid",4.34085582040308e-32,8.70581211498329e-49,7.24337918371222e-56,0.000280527609357423,0.231212025569623,1.61861140892493e-21,1.13854466847875e-17,3.86852074559384e-21,1.01759334469032e-35,4.10992626331147e-28,1.12652277771075e-49,3.66371889984264e-10,1.05861302535546e-49,1.5419157634935e-22,0.0123687030685376,2.02044113292182e-47,6.17608496711147e-38,4.50572548601587e-05,0.00631378785529374,0.0323168796909039,0.734698436329995,2.69022923419671e-17,1.35542364082679e-07,0.367346553967041,4.87306391948968e-10,0.278871792563684,4.12002527043746e-29,1.00772080372346e-28,3.8003505838572e-20,1.02402587245826e-21,0.00691196344658314,8.25597155226226e-08,2.59146946421631e-32,1.99721626683474e-21,2.92605648002733e-37,5.5534473552181e-06,0.00261468767356183,0.0244881293741827,1.23998933511117e-06,8.12264146239114e-49,0.000763182707707715,9.23853862769454e-42,5.62569998922441e-22,6.17393236291783e-26,2.53070986569035e-19,4.98921516844529e-55,3.43325044199888e-43,1.55264676507645e-53,1.85650785736903e-24,8.38583621997726e-22,0.307504117506897,4.28845732582721e-24,1.30813922929586e-30,2.72698368125473e-16,1.16826480193309e-54,1.45102280374193e-49,9.08510007988639e-26,6.80757544710131e-15,1.17723486999418e-09,5.18669103824966e-24,4.61191717775289e-13,0.0773549588011163,1.17783820068648e-31,8.66687714308385e-17,3.65748357863486e-35,2.20622999002406e-09,7.04554610816277e-22,6.34885578089091e-12,4.88426458664061e-05,4.20357912877212e-47,2.00462323349059e-41,2.65465839005231e-10,4.8697586895882e-27,1.608392089914e-13,7.34532899838173e-39,4.85528433333755e-37,3.44086852445297e-23,1.13954617330662e-10,9.23029433171303e-45,2.36075786584154e-38,0.0350615442132086,1.11273311333514e-12,4.79653699188616e-34,6.11860565351592e-46,5.29275948081334e-10,4.99694641102123e-21,0.0739065678280575,0.0394290187703616,7.8542227708335e-05,1.03633269119468e-08,5.01989805819698e-21,2.47470149695591e-26,1.00976249050626e-53,1.143382044869e-15,1.65844150114684e-45,1.17231681597306e-08,5.93031534145308e-15,1.03424582509285e-53,0.787881501578832,1.32997421378704e-38,2.61008024215815e-38,0.110719495223047,1.5783923719446e-08,5.34412356917623e-08,8.35593005095836e-26,0,1.07025501139784e-41,0.000908066940351539,0.161427750029751,2.64364769827874e-15,4.57745912835218e-28,1.25854137196237e-15,7.87517981635128e-16,2.55061607105212e-47,2.45040853749901e-28,1.86500066892978e-40,2.59537313232628e-16,2.11311182397561e-13,0.122651950456017,1.55660435750959e-11,7.24086377837304e-26,1.28952097239945e-06,6.9178274003991e-09,1.25099787440835e-23,7.09058990210513e-05,5.06549314801038e-36,1.600383895524e-42,0.00715486206896518,0.000339569279575628,6.90333702487211e-18,1.00172514085402e-11,0.0372015995437606,0.430188617600608,0.58354193447255,0.0613477558416798,2.99996169703941e-52,0.141874174727973,5.55403296003503e-46,1.35311399138269e-12,1.46957672117274e-52,2.44700731153654e-52,3.70246360188685e-06,0.00066428288650647,0.00973055059971777,2.52586949991988e-18,0.216400553200453,7.19930352294089e-25,1.15958140103249e-22,1.92654065055677e-33,1.37634987548723e-48,4.3158211885931e-06,3.24935454597493e-35,0.00976278309940021,6.20193784721288e-50,1.48598962770259e-16,2.84971396904552e-29,1.38912532698266e-23,2.88896458168555e-49,2.76342656824138e-40,1.50851374129457e-35,2.52414382220007e-41,1.90369768290633e-34,0.0176159857584788,8.2077488708472e-05,7.16898649214576e-33,1.17598801505885e-22,0.00199512103253899,2.15330679603193e-43,5.00627987932222e-05,1.12103559160621e-38,7.08128706006411e-16,1.36582687004762e-06,2.15359933269882e-09,0.00271063656297813,5.33549854179858e-45,7.0342225616128e-45,1.66306859504865e-15,0.723137979474341,0.00341742545036641,6.4877968830088e-52,4.12958233054307e-35,0.716630723798211,2.9512718505585e-32,0.00263081091659953,0.0200701844738662
"L-Kynurenine",8.34861341588654e-77,5.0458778896143e-79,3.59635333833882e-53,0.198728806418189,0.00081680806176776,2.99796978909342e-63,1.81351312379739e-27,4.99801099992477e-07,1.64426626593249e-22,4.99352701668447e-47,8.08799661425793e-63,6.70183618537654e-35,7.19345516674393e-48,7.35170388231607e-31,0.882726680794534,1.38745774584734e-43,1.63837884739869e-63,6.05571444903713e-07,1.53568233587242e-14,0.140275555708073,1.1309163532483e-08,3.20269530193751e-05,0.000303710195004112,8.26347818002165e-12,3.30790600682674e-17,0.451698766883795,1.9805216573346e-12,1.05184629216346e-13,6.01685848895896e-60,8.48156016197725e-11,0.326361593537815,0.218729934067497,4.54888851648921e-88,2.4000499362974e-27,9.49674230277454e-25,0.0572807631786744,0.136556273931204,0.00183619877606216,0.00870718245625644,3.23921277256497e-72,0.404871990099346,3.54776283563515e-55,1.42311959445956e-11,1.91261715112726e-14,1.61879624098885e-27,2.21329343161696e-45,7.78025461948844e-86,1.70023170265451e-75,7.99893246303152e-32,5.56876564286186e-22,0.0291481114864006,2.29148527616428e-34,1.73940518682526e-17,9.83221376909406e-08,2.76839066519338e-56,3.13158579391125e-46,9.85929619656584e-54,9.73784844910255e-07,0.0121319027270353,2.87576841103699e-20,7.88454112623104e-34,0.163190458774859,5.07267506968029e-14,4.53334660421154e-09,1.17400015486212e-53,1.05509623719413e-06,9.57685318535527e-54,9.15502663591572e-06,1.08860623768036e-17,4.31853367095575e-65,4.31652162143835e-60,2.1811696172594e-08,8.97545689953825e-55,4.89275092496867e-24,1.61827282554679e-61,3.47148663970005e-59,1.81338313827379e-21,3.77627748130272e-27,2.76024111906648e-55,1.48949554913992e-60,2.21277252974535e-05,1.89466431757609e-18,8.72596661793378e-22,1.22367958311984e-57,3.54228430780635e-26,5.50597309644546e-26,0.224106715329582,2.31759379351052e-14,0.00342333916246656,1.32427898649819e-08,4.28678609259204e-19,2.49431997006894e-22,7.17806465124552e-54,1.96506233712755e-32,9.74934989649815e-34,2.90237257567367e-14,2.43847098596494e-15,2.99554033272325e-54,1.98840287422094e-07,9.37213849161994e-86,3.3173550585484e-83,1.01946893400473e-11,4.24957991209936e-16,1.94988354114096e-25,5.02260072416818e-28,1.07025501139784e-41,0,0.820738452890055,0.117014611333675,5.74509895000784e-11,1.7120741974204e-50,9.88415354786343e-42,6.84063467402813e-41,7.25863676502353e-36,4.85428248698152e-24,2.36670625635854e-52,1.36655912130743e-40,1.97573143086546e-42,1.18386464762808e-07,1.60178576908011e-07,8.43663019360753e-42,0.829672808487198,0.000218741074287904,3.6062151219263e-19,0.631231590563187,2.59009258036315e-52,4.50723101076469e-80,0.696883781156627,1.28917997751274e-20,3.90435780018866e-52,0.000173331827310758,3.61328465253577e-05,8.83655650525194e-06,0.754295483452052,0.0186087539233267,7.97641740175124e-76,0.847820044772505,2.38435891206203e-79,3.33868143125529e-26,6.22029454308572e-61,1.55261072028664e-52,4.07530583023075e-07,0.378544793569906,0.00227681574745156,1.7489490566704e-07,0.00422973671451307,3.76813358668979e-20,4.1772179779057e-31,1.68952138676336e-44,2.87823578524021e-59,3.56628189540589e-20,2.23910190142756e-26,1.49693838064747e-11,1.28243943659386e-51,7.72706554988309e-30,5.32655496910934e-43,6.79018914006553e-60,8.22640199695081e-42,1.00678487333169e-53,6.65643933252895e-33,1.91157452141793e-34,1.18390619098321e-45,1.53113091133663e-05,1.4049550004819e-20,1.01439399428291e-24,2.00650048357036e-11,0.392561787492371,1.12698768837143e-38,0.011695436225538,1.35436323204503e-88,2.22021458564546e-14,2.0191893031573e-16,0.00794914120042299,0.932850351831209,2.29183372655884e-56,1.13131810253886e-24,1.18417810553957e-35,0.792233313968242,4.22702490411376e-13,2.04732563226959e-71,9.39145191885095e-54,0.0105676090944754,2.41424080523425e-45,0.0012243323520548,0.463885675443195
"Lactate",0.252905144563353,0.67927285723367,0.00659402122162944,5.65070295398993e-07,6.64445023643093e-07,0.000603341627420583,5.38206802082071e-05,4.32770910467838e-09,8.93949103869083e-08,0.00961502722476846,0.0585217276764698,3.2056846645479e-08,0.00116728821143916,0.000165843012028163,0.000908251758403554,0.000637310900585008,0.0228557608782502,7.31452338519363e-06,7.72852732509721e-08,0.379205568142212,1.40762744878408e-11,5.05609047424789e-13,4.30308002306428e-08,1.79678836917656e-12,0.000594996131576685,0.369133858365307,1.43716887143619e-10,4.42403153338519e-06,0.0604246052257087,5.93380100367162e-16,1.87923320764901e-08,6.9487542514066e-15,0.0455245873626769,0.447787351529832,2.82171178102408e-08,0.410646518522556,6.27187717172826e-06,0.000836288783275881,1.20168514569156e-08,0.034367156815069,0.367109483783579,5.02781021432605e-06,2.27407462566414e-08,9.96305963759581e-14,0.0990564605647892,0.000407635723523018,0.915734193053477,0.380834383249514,0.0952392331362647,0.730498014249273,2.68064474712069e-18,0.271971296171033,4.0538651346081e-10,1.91649498742029e-14,0.00304973602525101,0.0445229528589134,0.00777725363315506,7.22627406955322e-14,0.0534850379046528,0.0425364602977832,0.00333260497787306,0.49876570874316,1.25056543767401e-13,5.39280167510892e-05,0.00237112393287336,1.65656661419164e-15,0.00295509829104687,2.95535904415403e-14,0.847847935080109,0.0264885196212677,0.169801699591118,3.07558802891352e-08,0.929210547260212,0.079715666077107,0.392895681465124,0.454640220744763,3.67806343926873e-06,0.00741612882202379,0.00354564501562897,0.137084070922136,0.398453896667192,0.000411797495296692,8.44632065569457e-08,0.00705664100007844,1.58737575505831e-07,0.00437544929146775,0.491357652659421,4.03568186649789e-09,1.22479110299995e-14,0.121992046805305,4.12036274967065e-05,0.247333219664933,0.000180819621643302,0.000411105838565293,0.000250642720959966,3.82220355331487e-08,0.67321357903057,0.00815478674446768,7.35205298192556e-14,0.336238896199303,0.245474434296881,2.10930661531961e-11,0.61885419271321,0.00033188825493878,0.367346553967041,0.000908066940351539,0.820738452890055,0,0.000191028732538838,0.508015547510517,0.962775864762425,0.0103686245834578,0.0461110832543371,2.65966532885604e-05,5.16523996190749e-05,0.209801068263153,0.0347314860214514,7.58457857540274e-06,0.438504182957886,9.556772934147e-07,0.443912688898459,1.19289022433841e-06,4.0287592345191e-10,0.0362116308791853,9.17707925867864e-21,0.000263597135947476,0.0783498590306456,0.000718670932374329,1.69624378297953e-11,0.00209063766781532,1.38323294950748e-17,0.000145009885871216,0.758649337412784,0.000710457419587168,0.19061872243651,0.512356393765536,0.507360923070351,0.805780670646947,0.0814424758405769,0.0133674398427868,0.0460106649298447,0.0100962819022785,1.61925103377019e-07,3.72175855549411e-10,4.981216793422e-07,4.02556410406607e-06,0.195068043547861,9.64548555877621e-10,0.00360603249651498,0.296865649655324,1.73517712332699e-09,1.47549429033418e-05,0.000123707269616462,0.0076248980006036,0.116339707567895,0.0317941030141081,0.0641349396433034,0.0306044797734003,0.336357020843289,0.132051817793245,4.8862756691975e-09,0.0206467513983702,6.72085722071308e-12,7.2269125638711e-09,4.90946500222533e-05,2.03761918825111e-15,4.12793962652286e-25,0.0012470888297416,0.632471174376276,0.494399146489365,0.716737280734431,0.103833228371082,9.71704081495673e-06,0.0230300687109109,0.792444577137541,0.000106284891603288,0.000187566843518641,0.0352474664346032,0.143699816997837,0.172023410870424,0.302678129137353,0.370214692231847,0.53817572356164,0.000760394590215206,7.10785588274373e-08
"Lactose/Trehalose",0.712274951940616,0.566637554945604,0.342193205508902,0.958043064946846,2.95043408067971e-10,0.403663271953975,2.09599976062171e-08,0.0137696668820862,0.634075628196048,0.00838578322708761,0.0123138217762219,0.357993267650306,0.0130606075142221,0.000316049751052354,0.0307558909393558,0.0267342541117938,0.00381209688420381,0.0265466968077515,0.000550230673426322,0.0386492734259454,0.0233406837182916,0.115351496041642,1.78932148225412e-07,0.314644439484835,1.97444358284096e-08,0.100133996855345,0.816538601667159,0.084944277021197,0.000387279138321443,0.536393984132861,0.525776118891395,0.821311497757774,0.221918531372008,0.00416702386576489,0.902058508869547,1.53438993462528e-11,0.0563906870178626,9.04684346478192e-05,0.00236760149509286,0.616328702237916,0.0613729767183756,0.448980926801186,0.336432845524875,0.824894885420419,0.749385664451281,0.981474296660713,0.873881588308367,0.699822488438047,0.000203774766194522,2.08287137913075e-05,0.0537396789712798,0.000437884469924914,0.511798651734826,0.153412774768713,0.0345550693246522,0.436448283495735,0.614412704067362,0.0219371449776751,7.65403969847926e-08,0.00897656582845616,0.0540250247560739,0.63263712253116,0.374227690095233,3.96755983476786e-09,0.000771949241476529,5.25731711436779e-12,0.258056612383121,4.78760685273186e-10,4.78399176390416e-07,0.499386585618005,5.17608768354002e-05,1.16021162020918e-14,1.07383997817316e-05,1.54122381750625e-09,1.82952819390504e-05,8.42921588328723e-06,0.238187536511817,0.221474737912411,0.800685180763108,0.361101865277822,0.0399273187216514,0.930020340682711,0.535672663378288,0.666479331630871,0.174756176967281,3.33127281104728e-06,0.620132849833319,0.482783806376581,1.44696932300866e-13,0.790485835199655,0.107016313346775,7.06675086806233e-05,0.0568089554565677,0.209572406802995,0.848360507666215,0.036874504016274,1.99769535504537e-07,0.923204380173938,0.134874897078508,0.148658550299144,0.23020958170229,0.0154837137445445,2.58508124346489e-09,0.512808824601108,0.0179129517559981,0.161427750029751,0.117014611333675,0.000191028732538838,0,3.1697213083912e-10,0.000115505075897361,0.00420001588625258,0.000932660816452386,0.921938811155911,2.33534461312534e-05,0.244393284930554,2.7942603193316e-05,0.0308505288493913,8.5221133048671e-06,7.72501149742738e-06,0.0884021937430195,0.186279654606968,0.223237152503269,0.00016717206965253,0.0155288048300225,6.32025498242356e-05,0.04461985864104,0.725907170669789,0.076329832365615,0.608270036591211,0.0914910646632692,0.000216929818251858,0.000111190753851964,1.52401800022807e-07,1.05260552526751e-11,0.713510774237814,0.000603426690325311,0.200163780761124,0.0066711933128234,0.169463383467525,0.227670202995389,1.22079619959433e-08,0.139956841291874,0.0547026413949327,0.163312804660494,0.000188574521342054,0.00432532655755287,0.158440530055271,0.0310063773364776,0.769029432063756,0.0667750351152747,0.604342170209579,0.580032214270979,0.539723421990819,0.000103037023107185,9.10355076938046e-07,0.0305793170669231,0.510396348607212,0.702089821627988,0.00558814052146718,0.00141584764392394,0.00639857365937697,1.01524832099963e-12,0.54382253604693,0.823100553414368,0.664783976146538,0.0510516541908325,0.870606860370732,0.000295743852836156,0.0297114308048117,6.52866764846588e-08,5.84205494004689e-15,9.79580301475208e-12,6.29989219939894e-10,0.980603535931783,0.746921182792555,0.83113770873548,2.63799073523229e-118,8.19698108290692e-09,0.919496739404516,0.062965588940806,3.15388484864222e-15,0.00128522186606743,0.382629113394171,1.75214478418541e-09
"Leucine /D-Norleucine",8.81424330997447e-11,1.01796286047857e-12,1.31882017403455e-11,0.000692606334246745,0.000420241321827982,3.65067418100394e-05,4.2086992868406e-26,1.27897612304544e-07,3.00771868552043e-13,2.92945609550349e-08,2.85907961611362e-08,0.034022273806128,9.79329055670892e-09,0.364666417508658,5.63528337042751e-12,4.14013241663456e-09,3.73455950582965e-05,0.131547140394713,0.0183509177968216,0.000635443163798861,0.21239752953602,2.20059803344019e-13,0.0942400316289982,0.107529607384688,0.0918656705318166,0.988530465084386,2.62927118279543e-10,1.21993403358519e-21,0.00606751330250547,3.16812529106489e-16,0.0351365760245216,1.60210777535111e-12,4.99368188044895e-07,0.000556263499167016,6.78590331493796e-17,1.8268127861868e-17,0.00274872776692102,1.62326682377153e-05,8.18398216839314e-07,4.98215947433984e-12,0.000121937906794909,2.40427793310928e-15,1.81954773223948e-16,1.26312421084751e-16,4.74912956621479e-11,1.25774940528067e-20,1.51517269912401e-16,6.96374241885559e-15,0.00457476777337444,7.7621398523843e-25,0.673521015769243,0.000203774766194522,1.09104064250972e-10,2.6145274090893e-16,4.14013241663456e-09,5.11477935400066e-20,7.62888538491813e-10,6.40573678152562e-17,1.19177856185725e-43,0.00809650424116526,8.57106322140241e-08,3.31840948688484e-08,1.07828522992096e-12,6.49301835804403e-29,0.000357988834289518,8.395254829536e-05,0.000888995027690065,0.215708122771647,0.000382599394519398,9.79608680086194e-12,0.000256183769816674,0.0580422915812629,0.0812182347882456,0.0669374932956793,0.00082208998400639,0.00235269071090228,6.12644239877304e-25,0.0498964426661795,1.77443916444604e-12,4.8562229801307e-11,4.92378006366947e-09,1.05029722896298e-10,7.43667806562587e-18,3.79739631427298e-13,0.337825144414061,3.27948227874537e-31,0.442297652214075,0.28533446082138,3.00111942332114e-09,0.701021692520428,1.39749471407411e-07,1.67958128110472e-40,2.33636299797003e-10,0.0402339126974415,2.42725551069093e-15,6.84841541309675e-06,0.553245443598949,6.35436083279926e-19,0.0223580095446596,3.3950016489454e-11,1.45768127484276e-11,2.13910426472838e-10,1.0806094410541e-06,0.0217518881368978,0.0464276043444418,2.64364769827874e-15,5.74509895000784e-11,0.508015547510517,3.1697213083912e-10,0,0.00327721806999406,0.0587267006432654,0.00260898086786076,2.83894208658521e-17,0.0321760779941796,1.17409417291019e-33,0.250339683613775,0.0827012632095822,1.2813820175719e-06,9.74528512407153e-20,4.19043761619898e-23,1.66745960661767e-09,3.49304797803468e-12,9.37348140484892e-33,0.564667858089468,4.22702743734594e-05,6.15140088683843e-10,0.0224244584746866,0.969955933223453,8.86111992680617e-07,0.53611387115155,0.0185607280852973,0.00173455144150002,1.39725288541608e-08,3.2308523070092e-08,3.46253414036655e-14,1.33146796168432e-07,5.91676461146571e-10,0.194641727370669,4.54567873956167e-10,5.41275325457807e-12,2.18483581137428e-57,2.89544958395394e-09,0.945918463602479,1.36394929862234e-21,0.0802862046632917,3.44246177721097e-21,3.35241912069231e-09,4.47225614647141e-05,3.5445021498807e-20,0.000405718236750161,3.29135890603458e-11,0.00154554266371269,4.5540001466277e-14,0.800939526289813,0.000976518434706293,0.00895779465721714,4.00649812045598e-22,1.09394678010646e-10,2.7313609979244e-25,0.000507076006131883,0.000521222855523519,3.27356441082582e-06,0.304554943265621,1.02320286124739e-18,9.72283542911034e-16,1.09341467197414e-05,4.16144336069677e-15,8.58434262949531e-19,4.33323351682361e-07,8.52534405389235e-36,3.18017361954083e-07,5.05343294482014e-38,9.18971423482841e-26,8.31576135988509e-11,7.5172147637811e-17,1.42444875860679e-09,1.764413937872e-16,0.000460080964164037,1.35292900525315e-17,5.89634211179104e-16,1.08817706370037e-32,0.00938790885023687,0.0104406828780284,0.00740693482706979
"Linoleic Acid",7.63160898859185e-56,1.34991966028539e-63,7.57140475470968e-45,0.0472912181589271,0.154838280704187,4.95334555165383e-42,2.10361364099624e-18,5.07897562946519e-07,6.94178840997957e-17,1.04047654260221e-46,3.52418598567995e-57,1.21732234605644e-26,1.18929055833953e-46,2.7004463386966e-27,0.396015004513495,1.67969924223677e-41,2.57002110254781e-45,9.4378001556472e-07,3.31021190095294e-18,0.0132899956949345,0.000881067627731804,0.00638025237110727,2.5135398603895e-09,1.35472786321388e-09,1.12439584438903e-10,0.923933665629611,8.13386541588267e-13,4.41401931306565e-09,2.9924103171322e-62,1.37813330719821e-06,0.60895436290597,0.744155631520524,1.75709700238075e-64,2.5876217970093e-51,1.63778802325359e-21,0.263400350835092,0.82157961862963,0.000464625029310361,0.154400846547361,1.1644432283196e-52,0.455360664215413,4.85153912232779e-38,1.03374217642119e-08,1.90920461728469e-09,1.92554179454203e-18,2.58341874097363e-32,5.26087424277127e-52,7.6807519214107e-58,3.49512889144471e-32,9.21211135204149e-12,0.0618707201827393,5.88085534165117e-35,3.86302586096918e-15,7.50443904472869e-06,6.6892178155659e-57,2.92277475133184e-32,2.39009064959774e-46,0.000963461895854407,0.644330324589062,7.16000199258062e-30,5.29467309647831e-20,0.648821447939551,1.15423093933143e-11,0.000609073750539927,5.44015946190423e-40,9.44314611515172e-14,2.8776183629581e-49,5.85134592829206e-09,3.79654469643095e-23,2.77594429596314e-43,2.71625307931141e-65,1.34086551655007e-18,4.79472686177673e-66,1.73147052907608e-33,9.69647584952416e-70,9.05320470009642e-69,1.91702098571445e-12,8.22966204080489e-19,2.27747479595629e-38,2.91910079419456e-44,0.00114822657960645,2.60019006884109e-14,1.37963863177625e-14,7.5470864348767e-42,4.83736392430978e-26,1.52926148210677e-07,0.380450536557644,2.59041904754537e-07,1.3553706374166e-08,5.92627633841323e-06,1.6542611718347e-22,1.62975830109194e-13,2.55264973214037e-41,4.21694574806107e-32,6.31603971012254e-27,9.92874486291126e-10,2.63561492952445e-31,1.83273992910866e-35,0.00415162191981255,1.89362481049102e-68,6.14951633098317e-71,0.000422096349509171,2.64628653399698e-33,2.40105394912542e-29,2.2021666514229e-46,4.57745912835218e-28,1.7120741974204e-50,0.962775864762425,0.000115505075897361,0.00327721806999406,0,4.45292523128551e-70,4.11168596818013e-27,4.8635721947838e-30,3.18055688330851e-32,7.46216870133033e-28,4.48971357757851e-45,2.77208008497804e-42,5.38214070380724e-06,0.000318736794802273,8.14670323437599e-23,0.484323336742393,0.051855865234557,6.0111091070689e-13,0.273712088094979,1.45147005950262e-51,2.28175629541607e-48,0.181236953689879,3.69402094920288e-16,5.49076806958896e-36,3.87785169416966e-12,1.12644733513678e-11,1.95420979857376e-06,0.301312294117791,0.78551638736639,8.83605457788627e-59,5.43899599272191e-06,1.26106357574245e-77,1.31854906155342e-34,4.5271244551831e-52,1.14678148735413e-50,0.0513046830032198,0.003113397521377,0.000970331220164824,2.37816966005454e-05,3.47787436978059e-05,2.1047711370445e-12,2.63161591523246e-20,1.10671961465503e-18,2.43377353147166e-42,4.24380653897653e-19,1.25147177279616e-24,4.42423752857877e-05,1.21417578583699e-35,1.06688633625238e-43,4.92834108006206e-57,1.01593123482407e-59,9.57109055342435e-32,1.03903001566157e-47,2.75328012244765e-23,2.49869333232504e-35,7.4163535171095e-49,0.0301326413588862,1.2370199902441e-15,4.28949027365484e-16,5.18498726607473e-07,0.0140396234238912,8.26375928535827e-29,0.512372010547539,1.96408826929479e-73,2.36586032416002e-06,1.27984072336591e-26,0.551328869833432,0.0071541344250235,2.84927847871454e-50,3.97644430810585e-20,6.82566758366938e-28,0.00958633489529834,1.61163591360628e-14,7.47369939486473e-49,2.1390003800126e-38,1.2583923620763e-07,7.72133239882484e-58,0.00292826666196076,0.00163758407972492
"Linolenic Acid",5.35501899308582e-55,1.42343886684039e-38,1.7585199869467e-20,0.0189950071614037,4.39639913895253e-05,1.18775362916399e-62,2.16467091157742e-17,0.214729491692106,0.000484460397515782,1.26363077040014e-26,1.34186977178332e-28,3.17235004652179e-54,8.82104372965257e-19,1.64329470769952e-28,0.000197009388518932,1.87787594622148e-17,8.92857764752328e-42,4.10783905767909e-07,1.27261215549026e-40,5.22944942220704e-05,1.5011159756335e-12,0.581180410086336,0.0349900130172949,1.01588687225524e-19,9.69460664094599e-10,0.00137101112213741,0.0017159013495787,0.0266020553580918,2.22176119380838e-72,0.728551151764114,9.06695669915003e-06,1.01549395886402e-05,1.71849934642517e-67,4.13514242183525e-26,2.14223210188499e-06,0.41226330442413,0.00932360604991083,2.34122197893181e-07,0.0238418040862015,4.34829352617981e-30,0.000285598068610641,5.66024923289626e-24,0.217195255345996,0.173691429557833,8.53246051921302e-27,1.49725964048077e-13,6.34775916709238e-39,7.80686431698457e-34,3.8701131812093e-13,2.61610962954167e-07,2.86162396327347e-10,2.83589969975704e-15,0.00396257559865641,0.624929916577941,3.2272740272123e-24,3.26995917484585e-15,9.19200445751996e-36,0.356677633380424,0.0326057796356541,9.36646077752956e-10,4.47480399901293e-35,0.137859078617082,0.0721474771485547,0.0635415612770143,4.42902249117196e-36,9.64682524960774e-09,1.53047948721379e-63,0.0458388808098998,1.61363920479551e-31,1.33397234259588e-21,4.76509669625853e-31,1.59058674325414e-05,1.20022238146951e-54,2.91312821017657e-30,1.49602874461461e-34,1.15481882250159e-34,2.04846325575144e-07,4.35415134959352e-38,4.63286376859265e-19,1.1454466741207e-26,1.47676035423078e-07,3.19686514129004e-17,0.00250574597934804,2.04143698645327e-21,5.35845158110646e-28,4.19401682142967e-08,4.09853097825689e-05,1.1725785107978e-22,5.4433802377021e-06,2.46705182597349e-10,1.72520841337817e-06,3.75312192725945e-07,8.12353559858585e-22,1.04650419178452e-27,1.42652107191973e-09,5.54123515391918e-19,5.39662278399278e-14,4.01273894862637e-25,4.11487816968846e-13,4.38391659095712e-47,8.68758123264763e-49,2.37057006344801e-10,2.40923146526974e-26,2.71958657514741e-46,1.70687522003348e-23,1.25854137196237e-15,9.88415354786343e-42,0.0103686245834578,0.00420001588625258,0.0587267006432654,4.45292523128551e-70,0,7.93112984219029e-38,8.16732361024921e-11,3.3235979257361e-11,1.32415343690851e-16,7.40231583712029e-74,2.30411213295966e-60,1.02084857985733e-09,0.285480932793577,1.12897053710306e-24,1.62245561965003e-06,0.0176797585688712,0.000702236917255474,0.00184159908041759,3.00776289701542e-30,1.24453890925582e-42,0.0019821522221124,6.33268806511312e-40,1.39593401476425e-54,0.00134948795407422,3.72224333037427e-06,1.72730219570351e-13,1.61811803651778e-05,0.338267647303111,9.46249175111814e-35,0.146776384449466,6.35385632931157e-49,1.54184197458115e-37,4.00737177831138e-24,2.5095284176022e-23,0.564709661657059,2.40001945974634e-11,1.79102475804835e-11,0.737992099168733,3.62223979574855e-08,6.14373910815101e-14,1.90812506560923e-21,1.58109337499261e-15,2.29613623874454e-25,1.0361562024603e-15,4.78221725375013e-07,2.54423383231168e-18,3.67851290557491e-15,1.67536606157761e-40,1.37851168978637e-26,2.29061480445052e-64,5.48721503625005e-13,3.47549722861559e-41,5.27222285216771e-10,3.19868399730202e-20,1.54269055229182e-23,0.0906542272551868,5.93909480544186e-38,0.000137720702081235,0.648821447939551,5.86901507806009e-06,1.49206521239905e-10,0.00766673720638969,1.51223298836703e-42,0.0560749634803163,3.57279464997061e-27,0.00986352221961962,1.36968662877662e-09,6.25512073879612e-40,8.04976551487835e-06,2.99282422280543e-31,0.00875383314394472,4.80104172126596e-34,1.19452152344409e-29,6.39000589232004e-19,2.61038356571674e-10,1.04730503588352e-32,5.64018028952269e-08,0.765237675357881
"Lysine",5.01463987780351e-40,9.23822792498504e-29,6.18067751259454e-18,0.0181567681879587,0.00322486129498575,6.39369167606312e-38,7.22720075667658e-11,0.0178880799356052,4.99101837095335e-06,4.91273870415421e-12,2.26442765692703e-24,2.0001628065354e-28,1.55503575475684e-17,5.73332605538735e-60,0.0128777988027546,1.23710227981683e-18,1.56272653035537e-62,6.81408430434328e-19,1.99010584575772e-21,0.000274840606034146,6.60762878227214e-10,0.0944897145185888,0.123690788095145,5.6365737148117e-09,4.48576923539257e-19,5.30187331890169e-05,2.17569893228055e-05,5.74986026424403e-05,1.56327793650881e-36,0.00514348032671913,1.55390547443766e-07,0.128564309021678,6.01449077814387e-40,4.52105960454625e-10,6.50186480807179e-09,0.0269097042611506,3.21009954007812e-06,2.8478571672611e-13,0.926015725488548,1.87505757121062e-31,6.59165104836865e-08,2.82911397865316e-34,0.0492952554286878,0.00044783550146698,1.66787544178736e-40,5.07784860792925e-16,1.35777282350357e-33,6.18324224429704e-27,5.80643328124861e-11,2.71183369445894e-06,2.00562117770154e-05,7.75894920766489e-12,0.000239049272586094,0.0240406292388065,1.0682829098889e-19,1.59779907290485e-16,7.81390870494285e-15,0.195804073278476,0.195456932393267,0.000106871424470174,4.76428578140846e-36,0.259522021880958,0.00135687402921633,2.71380875911644e-05,2.85188279866421e-58,6.82469364246515e-13,2.12773614915897e-33,0.000156821274725368,1.29707094402728e-32,4.52455317160638e-21,1.19887648084897e-22,0.000612158915315694,8.64742209844635e-46,9.10797205568772e-29,1.56032013120659e-23,3.88708642388466e-23,1.68263211365099e-18,2.19986246179065e-32,8.81438320283689e-22,1.0457545176233e-26,1.78912039242416e-13,2.41748210199037e-21,1.88217033989649e-05,1.60928519399334e-23,4.64611246730143e-14,2.05375539558686e-10,1.01934914314462e-10,2.05045535775049e-25,7.31396429568398e-09,1.88840294019337e-11,4.29740860564387e-05,1.97389897373779e-05,5.80853753378745e-28,2.4048298166088e-15,1.93455467140461e-09,6.4886491584425e-11,0.000962401419387763,3.34941432396679e-29,8.96252795416738e-13,1.91801260443736e-33,2.70639220323431e-32,7.23906744999164e-12,3.03469556973041e-13,5.01235340631e-23,4.72524973260067e-10,7.87517981635128e-16,6.84063467402813e-41,0.0461110832543371,0.000932660816452386,0.00260898086786076,4.11168596818013e-27,7.93112984219029e-38,0,3.89276090450854e-12,1.31824628731298e-10,2.00925537528626e-18,1.16734790844097e-39,7.58312742383728e-30,2.78921552147636e-09,0.0135197101542672,1.93824434708607e-26,9.76073598196643e-06,0.833040823408852,0.00229734651722439,0.0995499548833871,2.04197233900385e-44,3.99846209266002e-62,4.37939701649506e-08,8.14919816105845e-22,1.4116646216022e-38,0.00124910951527393,0.844848986940268,7.53262871758832e-20,0.00532737344473017,0.729555672497871,1.2823047654691e-26,0.00219428022618528,1.35658623919242e-33,1.8367060212093e-17,9.55213430375972e-22,3.91223341617564e-18,0.548672939554598,3.08276708433766e-05,6.91195378777026e-07,0.270663611860945,0.0109549316870382,2.62638482801463e-16,6.90776358784545e-08,1.51599777393373e-36,3.77873153018998e-23,2.82040103462297e-05,5.0176786206225e-07,2.79755239700789e-27,6.39400069491766e-16,7.24303049498919e-21,9.73294039953203e-19,7.00784970161693e-37,1.35486601517571e-10,5.52211018643165e-26,3.05840991406096e-09,2.31861257181759e-27,4.92143664363902e-20,0.338570237191837,1.4900170662341e-25,9.29863191823047e-06,0.0045979918366241,0.775879875401295,8.7585054153539e-11,0.000474074916302744,1.1352206806982e-35,0.0217239896486654,1.30760347161008e-27,0.306215821694201,6.61393074397169e-06,5.55288425240324e-27,3.92030540109746e-06,2.48524105221407e-19,0.00709217579340192,9.72496336947833e-35,2.08467540942925e-28,2.09917081081857e-17,1.46007411756453e-07,1.34688754078098e-15,4.60895880080235e-06,0.722941456911837
"Maleic Acid",5.80078101591394e-32,4.82460228160065e-61,1.81502034497777e-98,3.31820862231236e-14,0.55638380792731,5.33775017156832e-13,7.11777667248363e-22,1.8954165618158e-33,4.409886819622e-99,1.18648054821301e-30,4.85008777654305e-68,0.000523340017618751,1.42495783134624e-101,1.41169337062805e-15,4.34901206206418e-08,1.01489758149409e-83,2.31633950312413e-29,5.80444209410457e-05,0.559310593000829,0.540667695728646,0.246191106108497,7.94995094905224e-22,9.50585553668274e-13,0.766545444607077,7.77396303473837e-07,0.000398512683517861,1.07360158283784e-42,5.04253652034043e-49,5.85746602754599e-15,9.99403335953752e-55,2.04125790502739e-11,3.24423960391884e-16,1.68684252150331e-25,6.52061925091076e-32,9.19439517208662e-97,3.17400569160564e-10,2.54135762651161e-06,0.806105908139064,8.30854350057981e-20,3.89607872314289e-71,6.26723072540163e-12,7.37008664272507e-53,4.24792349597696e-50,2.48076421516192e-67,2.8812379672466e-14,8.33168066646755e-142,1.58555692260855e-49,4.83504363900368e-69,9.36138582577889e-44,3.91233635623294e-30,0.000118748861510755,1.22146143549043e-41,4.71000932862254e-80,4.94523688163542e-40,2.45846551212958e-89,2.24454270527168e-101,6.87727710399168e-26,2.96860940083487e-41,3.28114029455575e-16,8.73732695755681e-50,9.4060616216661e-09,6.6970155294723e-05,1.03293963462364e-70,1.08674741088459e-23,9.35374242588907e-28,5.38555617272417e-09,3.04423398807455e-16,3.92466027443132e-17,0.00045688706123546,7.3454000795713e-75,1.2940508871358e-52,2.84625497145575e-17,2.95102443923353e-24,1.62034858860753e-11,1.00803526916466e-46,7.3370689468315e-44,1.00069513872069e-35,0.000522380315983663,1.43830034290447e-82,2.11277395131179e-59,0.0490718157701523,1.20984649296379e-11,1.48391282402269e-96,3.29703354884308e-82,1.5205355626224e-08,8.15170922528595e-19,0.0468407217814947,0.715762918887682,0.000541356462351858,0.0142784971402222,2.52431470106371e-53,1.96067845928373e-33,3.2437548455051e-64,3.10222932859368e-15,2.59587144904438e-125,0.00423419120861151,1.63217289423354e-20,7.79328250818947e-51,0.0714459499255302,1.18354771065203e-42,1.91080146271752e-43,0.151321068270252,1.50699042920822e-09,9.99000116508205e-07,1.30335708572742e-34,2.55061607105212e-47,7.25863676502353e-36,2.65966532885604e-05,0.921938811155911,2.83894208658521e-17,4.8635721947838e-30,8.16732361024921e-11,3.89276090450854e-12,0,7.82324226748133e-46,8.59942948544359e-63,1.43081295814645e-08,4.16504651426751e-09,0.620365015140038,2.91565985791814e-26,1.45294582104769e-23,3.10211696409768e-11,7.61804087024406e-27,9.32733920494308e-59,3.12148645420961e-10,1.05809641939126e-47,1.59295288514773e-33,6.32805615313374e-11,0.270495038447272,3.24202676838098e-14,5.49867074457102e-20,0.000675393320226731,0.321519694476957,5.02947537786449e-08,2.06431323024497e-06,4.64524380665902e-66,0.000301944579163454,7.08226947835411e-50,5.47516469124502e-10,3.70661746259371e-83,4.21282361503235e-93,5.73250013312411e-12,4.17990317216233e-06,0.0133161519210105,4.24443790602835e-35,0.504006198497971,6.05066231902674e-14,6.25313767695438e-13,1.84477041745004e-25,4.43661077924625e-71,4.05102124287322e-11,1.48037501165785e-89,0.742159494844986,1.73672927625011e-99,1.63493898752597e-15,1.43586945384919e-39,6.36163878675238e-19,1.3983741763792e-110,1.00875761929616e-34,8.321396273025e-92,2.11807905086964e-37,5.88011072100914e-55,1.48862002567579e-05,0.139318134627961,1.59702875613101e-55,2.5016830681704e-57,0.000386647570570023,1.53541122768482e-114,6.22530557195025e-14,6.54929083644256e-49,6.79695986986405e-36,2.29539242909898e-06,3.69170116587114e-21,6.22786506237191e-08,5.3376762121136e-39,8.93694917359644e-100,2.43851257101191e-14,0.0218891590207848,0.997331119658085,3.52842997600951e-71,2.91728278691082e-55,0.557264592897249,2.22940310257812e-38,0.637583030234212,2.28053565301213e-05
"Margaric Acid",1.15723238143677e-18,2.41468503918795e-34,2.98185417937834e-47,1.69664097565538e-13,0.119806916932447,8.25348204993462e-11,2.25436816009058e-07,2.23025202049543e-21,2.47077290507082e-44,5.48216427592126e-28,2.99393943260481e-48,0.000301835842522042,4.67120148130312e-64,3.43589184307057e-20,0.0213583668423938,2.5062148131666e-55,4.35637719605828e-26,1.22643593997191e-07,0.0137553597250232,0.966295317370938,0.0752934040819851,1.2040979211752e-08,3.07401747904308e-20,0.142749823522567,2.47317871106081e-12,0.00057519220005153,2.44191460439498e-21,9.85070017962049e-18,1.96454237168389e-17,6.04010494549959e-26,4.87462073857366e-08,1.0074511862623e-05,1.87772457182523e-20,7.20853483553088e-32,5.37532512111169e-38,0.0213588801610185,0.0943843184345169,0.0115177488767604,5.40725253866711e-09,5.4158978909835e-40,2.58280655034623e-08,5.36028274011657e-25,1.82780964201139e-22,3.47071063182135e-32,5.50654719378901e-05,2.96355875444824e-40,3.27843910201855e-24,7.4483026310463e-35,3.45236312147695e-55,1.12702526499872e-08,1.57203342133486e-05,3.03338712676182e-43,1.31357239160997e-44,7.12917726293966e-16,4.35184356384432e-55,1.27504281228466e-36,8.54549333081019e-19,4.80960392971427e-18,0.00180819227400837,1.02178151054276e-51,0.000330709793339666,0.00153869880381821,8.08212727429814e-40,2.42182946852341e-05,2.1949048644281e-25,1.53820614671766e-17,1.47125862483894e-14,1.3132315545125e-17,5.0499300981953e-12,1.43970509434987e-45,2.70021880996226e-57,3.07228324410561e-35,3.55813491582057e-31,1.60835850486863e-23,1.29376083460243e-53,4.1476408345959e-53,7.81713175003008e-12,0.00125161228263292,3.32181009782558e-40,5.25088979651112e-35,0.547240273448521,0.00166217065264752,1.94588408164802e-38,3.03455878505956e-40,1.95294122222833e-12,2.8720831901638e-05,0.0229913939530243,0.968977274674251,3.35105970759563e-11,0.00474210452463917,2.43707908580178e-39,6.25877913148688e-11,1.87972262380381e-36,6.7640135417253e-19,1.4728246538606e-43,0.17434079751868,1.42535458570059e-33,1.98317528488864e-22,0.0100735138712121,2.32457119059791e-28,1.68326648288835e-27,0.615187462721875,3.57709354970542e-25,1.24691736581713e-06,7.30938184910499e-38,2.45040853749901e-28,4.85428248698152e-24,5.16523996190749e-05,2.33534461312534e-05,0.0321760779941796,3.18055688330851e-32,3.3235979257361e-11,1.31824628731298e-10,7.82324226748133e-46,0,7.39306477247714e-22,4.51670338437092e-12,1.21420052892149e-10,0.0470858297485385,1.07165162419111e-07,7.37972869571591e-08,4.25619842121222e-05,2.07750986195942e-13,1.11219890456084e-21,8.61100403502783e-12,5.53560799028114e-45,4.32555742768797e-24,1.43092696788818e-06,0.160319936379569,2.2358025730125e-08,2.31835161277798e-25,4.77678001604059e-12,0.317267270994193,0.00271528168130375,0.520228566983021,1.69938866934474e-34,1.89193005334127e-12,2.6182552853176e-33,2.70654739111769e-12,2.3630695915989e-51,4.06066893482985e-47,0.0785535467842691,0.0830767229744549,0.025341139102045,1.22935419948155e-12,0.549742301917987,9.04740210885611e-06,2.14544333250352e-06,7.60688369639567e-24,2.88767036835829e-29,2.74684805657163e-09,3.05235504352655e-49,0.0798629702326375,7.33438336721475e-48,2.17384475286384e-19,9.3215221108393e-41,1.46879970947005e-19,7.95180602368067e-36,7.94995094905224e-22,5.5899686505193e-28,3.45784299847922e-36,7.61517357203612e-54,0.104769992874062,0.0621303913026098,9.96740641781919e-26,9.99465886586705e-28,0.161583202816255,9.51889153222844e-44,0.000753855541022484,5.45215465098368e-40,3.81682278526244e-11,2.06000531770717e-18,0.000289758721962277,0.145075498089101,1.16410283380359e-24,1.7127061464218e-41,1.39082717956107e-08,0.0268817805600606,0.0160377264674194,2.54818251569671e-31,1.5573468272132e-34,2.62692700448471e-05,6.90906916232822e-43,0.495888570453406,5.95183973286064e-08
"Methionine",9.91047306825431e-49,2.2733948262573e-67,9.30730418501377e-61,1.68290082529405e-05,0.0351487173437404,1.60337290165609e-22,2.79904966170794e-40,6.4184797037126e-15,1.01275711941291e-41,2.03424855252358e-32,5.11482909252467e-48,4.97327766475675e-10,3.53051224380897e-51,4.19558434959757e-13,1.25394609701211e-06,2.49860596246165e-43,6.97200634506613e-32,0.000686799523663935,0.0182483491760369,0.146343637011787,0.0296995552433269,4.01392049017671e-14,0.00684497311077463,0.0336577490889717,1.53047988821427e-05,0.452971640255423,2.82955702356145e-21,6.92667682421517e-33,1.14135766166733e-21,7.86222006952188e-29,0.00440309823468296,9.959692629032e-09,2.75069842618883e-34,5.493224596326e-28,1.64988138925185e-47,5.24304168787447e-10,0.0388011432158242,0.866038011155401,2.98726979636525e-09,3.79503790088089e-65,3.39082943328366e-05,2.24715001800963e-52,9.66242709634378e-29,2.34902955331411e-34,8.71429420121419e-25,4.43673357063432e-77,3.30213393797047e-67,1.80752715050485e-74,8.91952641378571e-24,4.91222882548931e-41,0.753440268535539,4.96986026338787e-26,5.43619751217832e-34,4.06437655370765e-22,8.60878416048715e-52,9.45057529307525e-73,7.38978644969782e-33,2.29958025773215e-22,4.03827534398417e-18,2.57245359184541e-20,1.99573493440912e-19,1.8789472447462e-05,3.21535965113865e-30,2.09485964239902e-28,8.5642437756597e-28,0.00393431551265913,2.45194829196219e-25,2.8362405363563e-06,0.00196052421449889,3.23881540674771e-61,1.50472662476974e-36,2.80216578790571e-05,1.45948712390057e-24,5.10814300091172e-08,1.29676881560033e-34,2.69862447786077e-32,3.4327315333972e-39,1.22352528423349e-09,5.02142177991177e-56,1.52143279353223e-50,5.65182712724295e-07,3.21900480916084e-16,1.88752918580582e-45,3.02004036421159e-59,1.04664909471184e-10,5.30529525656531e-38,0.84495441409434,0.000463423092147264,0.493258249958295,0.00224120815583602,1.25280359199446e-27,1.17454898245084e-52,2.46816214330993e-44,4.49882414750928e-16,3.4334187374977e-54,1.52977956127164e-06,2.18960326425405e-09,5.25268039599125e-66,0.0105499630861391,2.46073816502284e-55,5.2656361400474e-57,6.28303086798447e-11,0.000103375323651457,3.05532756151839e-11,3.71529342910157e-24,1.86500066892978e-40,2.36670625635854e-52,0.209801068263153,0.244393284930554,1.17409417291019e-33,7.46216870133033e-28,1.32415343690851e-16,2.00925537528626e-18,8.59942948544359e-63,7.39306477247714e-22,0,4.70014211822453e-13,1.4519432838837e-13,0.771769581698708,5.54349642097018e-25,1.38588143639573e-41,2.39124184033352e-05,5.22531009059622e-15,1.37211510638095e-49,0.0183509177968216,7.16931899366721e-39,1.87190360342958e-42,0.00299342364546348,2.59741342500842e-05,3.68804008731129e-26,2.39096151897324e-06,0.0810426692798019,0.725907170669789,7.80317930744956e-06,2.97847067823509e-06,2.07829728618704e-71,0.466279951970904,1.56635068430753e-53,5.33528509409622e-11,3.33143894308474e-55,3.93212752563606e-62,1.3345006407527e-24,0.00100142423344069,0.592407985111242,3.90926709224686e-24,0.521799033280961,1.42207450584293e-22,1.09637645429726e-18,1.15433436114397e-26,9.88901845934388e-83,8.93894309198307e-15,1.18050906247555e-39,6.04798493435157e-05,7.99570866823891e-65,1.63234660559408e-13,3.84623543130515e-29,2.75003861367955e-25,2.26153596676876e-75,2.88329724775293e-42,4.72126340631711e-73,1.75020446601856e-24,1.90369768290633e-34,4.97227445807188e-08,2.10029398160016e-05,1.95060676592438e-42,3.72886825370655e-29,0.014653940071961,6.05106147678267e-60,2.47180510324509e-12,1.19713520254667e-46,5.50961730516287e-45,0.00193045985566441,2.38425538505068e-19,3.30830827976906e-07,1.24622476474818e-43,2.24188527013648e-44,2.27936387675393e-23,0.00107280898793713,0.178292002520195,6.52442590912099e-78,1.21959693660549e-54,0.0243256360182869,6.54572593147024e-28,0.793272285412031,0.152013159999872
"Myristic Acid",1.61831280626759e-46,7.31175943362529e-30,1.09158327359084e-17,0.000540239018420274,2.12325587133794e-08,5.21872778544804e-59,5.91368966054935e-11,0.446387295029398,0.00179922190768199,1.40114571591665e-22,1.97175084433411e-27,4.45459281427401e-54,6.50715947731679e-17,1.73773225117739e-35,1.73422305143578e-05,7.51146700137737e-19,3.05561406622534e-52,4.28683730232865e-09,5.64917688172621e-41,7.29387493850396e-10,1.01572194598501e-19,0.299291652636123,0.00970916933660311,9.25216398868223e-29,7.71303757755451e-19,0.00456500008037658,0.0280009841715282,0.21490920341185,8.04672606052532e-70,0.893157432701894,2.08936508585911e-08,7.03403478587861e-07,3.29990390070137e-56,2.34450250824368e-21,2.56237405668214e-05,0.0161795336457224,3.32708036288156e-05,1.00205561172543e-15,0.00671637313854445,4.23514745087309e-26,9.58120891781525e-07,5.64081511207719e-22,0.651907067302016,0.362450763566047,6.23610941438855e-24,3.22140586098758e-11,8.31496264154447e-34,1.89566486001341e-26,1.27976400196124e-15,0.00017945791766511,1.16551390240396e-07,1.59779907290485e-16,0.0258577510609302,0.901978055019811,1.08864310742177e-20,1.96876465052696e-13,2.71494278015647e-30,0.0952897564508364,0.00442112343724903,9.23806116072747e-08,1.10754292588e-33,0.00364195457313519,0.0778334404140646,0.695020752395906,3.29182918375872e-48,6.28733652865348e-09,3.54539935622601e-51,0.651264391992561,1.19044189511604e-36,9.54177750427213e-19,6.54875937425668e-31,2.47677840016634e-06,5.29750829785238e-47,8.8434144615161e-41,2.40573563756462e-34,4.19922534410945e-35,5.56356224329457e-06,3.14005484327193e-45,1.40599159423959e-17,1.37493291178821e-23,3.74648504899587e-05,5.47205535872957e-16,0.012337217013714,6.64457239690614e-19,2.18741689408226e-27,3.10259649487022e-08,8.00254038216722e-08,3.51316141104662e-25,1.89988320924149e-06,1.88183221564698e-14,0.000155483226150235,3.70890659538688e-06,5.12531490774508e-18,3.41260545824098e-26,9.95830962487458e-08,1.77878725759535e-22,4.91799582455462e-12,1.2355082853123e-22,1.42922648802349e-12,4.15691651040408e-43,3.6988060102384e-41,4.76297079073338e-08,5.21462686044113e-25,2.7523784301479e-38,1.23613278865772e-14,2.59537313232628e-16,1.36655912130743e-40,0.0347314860214514,2.7942603193316e-05,0.250339683613775,4.48971357757851e-45,7.40231583712029e-74,1.16734790844097e-39,1.43081295814645e-08,4.51670338437092e-12,4.70014211822453e-13,0,5.28007609790132e-55,8.3212796657132e-14,0.756538085408412,1.83302170169708e-24,2.88656176189205e-08,0.000751809878658806,0.0134286842922906,5.2267528319335e-06,3.95749708095876e-27,2.05128360848162e-44,1.49986063071449e-05,2.01727998525678e-35,5.00147729729583e-58,0.0228226908645798,1.3042099262397e-05,1.66604366011974e-14,2.37901582608008e-09,0.0342590471781078,4.26978843426449e-27,0.376780668436833,6.31470420649816e-40,4.67736963438244e-38,4.96096087317343e-22,8.26427971902443e-19,0.504237179546602,1.58274386179981e-10,1.5541695433342e-08,0.685241827178001,9.27827641996359e-09,1.7288477785186e-14,3.53753065926448e-19,8.07815547796788e-22,5.87148811964436e-22,8.01128251658965e-12,4.36668712736829e-06,2.21288458411683e-18,6.34377818909498e-13,1.02799786950407e-35,3.47605712141304e-24,2.51170540139501e-55,3.13915586732794e-09,2.53978363625753e-34,1.85767187380113e-06,1.83913929808461e-23,5.44300416857636e-22,0.763468005561798,5.0530142000541e-53,0.000807410981981202,0.972197465759433,0.000310726030709774,3.9046156176057e-08,0.00034221609169257,4.21913088909501e-38,0.313714720202107,2.77706219904586e-30,9.14579739435125e-05,1.62983728824541e-12,4.2242851084398e-34,1.80723305794167e-05,7.52652420428211e-28,5.47198784490392e-05,7.04381251322763e-46,9.14921097079563e-26,6.61893544576526e-16,5.77468852493194e-12,4.36332096692005e-29,1.20906131966971e-11,0.185418933784266
"N-Ac-Alanine",1.02682277680416e-44,1.02800936524169e-31,1.65080878532626e-16,0.0437502922763148,1.04834340093227e-06,4.58456579670195e-82,1.10891984089096e-19,0.433053749554796,0.000427109777974556,9.76114840489902e-35,9.34522669923775e-25,4.12250030715446e-74,4.24415674805711e-17,3.83896302319185e-22,2.80970074550953e-07,6.0975701676199e-18,6.08735306647818e-34,0.00730473147605819,4.1100071689577e-47,0.00190578657190852,2.0425115024594e-15,0.0293006851847689,0.122721701516751,4.73701904223427e-28,3.27885714366297e-10,0.00969662746418358,0.084137770787779,0.18068793609279,2.76665906732122e-58,0.890265707406717,9.771225458202e-08,1.69074793737442e-07,7.67948308492094e-74,4.29498207076539e-22,6.17733071520858e-05,0.788960804263518,4.93214482366965e-08,0.00134905794089381,0.0556562986889156,2.68220959341711e-27,0.00285097377592729,2.74644624163999e-18,0.539430436310454,0.204217175900057,4.81698708508063e-14,4.16527756379366e-12,3.9584632587018e-35,1.39489051070443e-27,3.30162421731817e-17,0.0001388503256683,1.20498191517328e-11,1.49142066232369e-17,0.0168758170624703,0.985107944163559,9.63393564974977e-21,9.3673777389092e-16,3.23033964293772e-47,0.429099803192794,0.0468104855758378,4.84154873637329e-11,2.94519369211464e-41,0.821880838173485,0.138167763229912,0.564054616192223,4.47248610330659e-29,0.000665355587947618,5.25268039599125e-66,0.0705403277919643,2.10318101013075e-32,5.56528985338782e-22,2.46409373217443e-32,0.000689338187486288,2.29324746079027e-49,3.60995417556777e-21,1.19044189511604e-36,5.0507608768847e-37,2.6515548648096e-07,1.93606549810232e-36,3.38752219471041e-18,1.25065735691394e-26,2.22302519752176e-07,3.14260983668849e-09,0.00154590497086902,5.70708937927415e-20,4.69380288881455e-59,1.39208379373773e-10,0.00852786806852496,1.8795948740144e-30,0.0237471315864916,2.10316418190776e-07,7.68903731330189e-05,2.97723688288933e-05,5.3510684077273e-19,1.08598175300837e-53,4.50637909075392e-09,1.51734065404305e-25,8.71711392908497e-11,4.0232770064546e-16,3.38287857923908e-19,4.67041609988905e-42,9.40509163580971e-42,5.23535715587761e-14,8.3964988426455e-25,3.01694760519183e-51,6.66797429407827e-14,2.11311182397561e-13,1.97573143086546e-42,7.58457857540274e-06,0.0308505288493913,0.0827012632095822,2.77208008497804e-42,2.30411213295966e-60,7.58312742383728e-30,4.16504651426751e-09,1.21420052892149e-10,1.4519432838837e-13,5.28007609790132e-55,0,2.60593534480848e-11,0.81467117239121,4.43314352331578e-22,1.56150163742203e-07,0.132202686684817,0.000372946058104342,3.08514231026187e-06,4.29188650684117e-22,4.87166039147925e-34,6.10194374612687e-05,5.7964865035242e-39,9.57137681126286e-47,0.0870495261503826,1.1828434773283e-09,2.80185923486724e-13,0.0011366595361986,0.979816576677159,3.31084217613398e-28,0.0483393050633394,1.20569895452737e-40,9.17661697174858e-32,2.00220135542226e-24,2.39718912148473e-18,0.359929638808176,4.97825847071186e-12,4.39887383934613e-13,0.403436539298603,1.80945181011314e-17,3.17809981631893e-12,2.50160308688664e-29,1.47993838641077e-17,3.43512858905847e-20,1.43693886019208e-28,8.00533675830083e-07,2.63113257056892e-15,2.3216648530634e-15,1.93048106259329e-35,2.50639843332744e-31,9.25232822448155e-71,2.23893710731173e-11,2.80530788320357e-32,3.13518692098373e-09,3.11080353050405e-15,2.15914989378086e-24,0.00412871902591565,2.59218756609441e-38,0.000216372167746998,0.714854576370138,1.67190196936712e-12,1.86296197736953e-09,0.283906931401875,3.24025563349091e-42,0.101645305796375,2.99015084844966e-24,0.00579393813186626,2.42106769416236e-06,1.47094233255385e-31,8.14393638491321e-06,1.91956594112011e-41,0.0304863970245047,2.06124562861579e-31,2.72555014115808e-24,5.4367181749779e-24,5.80038690793303e-09,1.86837613043615e-27,3.29270115387334e-05,0.0226429369038882
"N-Ac-Arginine",1.61330415536336e-06,0.00210064002140637,0.0102261707589285,7.62938747854934e-05,0.175755081665526,1.33285867214189e-10,0.285407694087392,0.0478019254020255,0.891519271830541,0.0170263444879313,0.000105029823176088,7.04866956486433e-12,0.0124733795055557,1.75890852551663e-10,1.03960069733961e-16,0.033503097657445,9.30715957159371e-09,0.00223190554993163,8.88900520804022e-16,3.83244228859852e-09,1.3985073269597e-08,0.196268048544233,0.0061041528206456,1.67086008370078e-22,5.11131475704325e-22,0.296302454380707,0.721233706828107,0.0262898099387933,5.69551316727573e-13,0.0251454794896941,0.000132579278396202,1.10874544408491e-05,2.13942086005361e-07,0.168603566503099,0.665136417408478,1.90212910284189e-11,0.00729165899916487,3.62154585764309e-13,0.253267768536629,0.00124226425784686,2.29084577524244e-06,8.33131179152095e-06,0.028982089325767,0.115058967872415,0.00288296389660423,0.414456723152486,0.0017138694827363,0.00678763233589634,1.11796391152631e-05,0.196051533044023,0.000637868901111562,6.98676361997559e-05,0.735133020400611,0.0189898286202785,0.00212176843253491,0.498276480466656,0.0012035804707213,0.000946750782553795,6.66690003594723e-18,0.0224512480164514,5.84151253953273e-07,2.32131406000969e-09,0.134457172062455,0.00169355727084504,6.10868105304753e-09,1.78931926095274e-09,1.51564722607225e-08,0.331903451342069,1.16665288237815e-20,0.00498919863249313,3.08316687462716e-06,0.000331455651929729,2.20890082763561e-09,3.66811679897906e-16,8.87009649065149e-07,3.61107636116108e-07,0.997974188927561,3.12933934753385e-17,0.000622061447058335,5.11726110858752e-05,0.932234051548352,8.23666314843e-09,0.486795922294987,0.0014137228733668,4.97258530349986e-07,0.723082034444352,0.141600379562734,4.22880655829733e-07,8.22823376908579e-10,2.55877329903114e-09,0.934237530645862,0.0631754999734647,2.40515889231117e-05,8.7034654007387e-06,0.600400003044932,0.00176993389503255,2.36527019743668e-06,0.0560546280220544,0.00678233716208192,0.000575120975722777,0.000964258656065585,0.707121822855085,2.61376528453161e-14,5.54666090322015e-09,0.00124762347240464,0.122651950456017,1.18386464762808e-07,0.438504182957886,8.5221133048671e-06,1.2813820175719e-06,5.38214070380724e-06,1.02084857985733e-09,2.78921552147636e-09,0.620365015140038,0.0470858297485385,0.771769581698708,8.3212796657132e-14,2.60593534480848e-11,0,0.553584013789543,0.0113148418204256,8.45049187364279e-12,0.0026306285159772,0.00320762954653176,0.000253978603340078,0.000582446118639671,5.40163069020766e-06,0.00145894943498552,1.8678609946294e-17,3.03858957180213e-10,0.68209333255935,0.0265591316598433,6.29269011644377e-14,5.99571691562811e-17,0.577313053037266,0.00492410762300762,0.0249081078304894,9.98600826111067e-05,3.76058853983672e-07,0.000808552192645352,0.0304796624063342,5.85037726869002e-10,2.02808118476897e-06,0.000432353583376855,0.00354811100512299,0.00165759318279171,0.237449811191363,6.92485792203897e-05,7.31418894833614e-12,0.0697340160401757,0.0531782473676373,0.57026184605064,8.9412551343531e-05,0.124638166358395,2.02653813371987e-13,9.98908555343109e-06,1.47917696241311e-10,0.967658053922756,0.000336446345220038,0.7179431614906,1.36091941511309e-06,6.91241270032941e-05,0.0182329612989271,1.88664237556037e-13,0.933632575497503,0.0522389153793977,8.34304319137274e-05,0.324310469734553,1.08406078051878e-05,3.11683028411721e-06,0.00123173901280617,6.18392554337355e-22,1.1110601188884e-09,7.59608566669127e-16,0.000245640866514897,0.411063367264994,0.000106503353281194,9.23651773132999e-07,2.7104422170477e-23,0.00942262245247726,0.177252115008532,5.36889042094457e-21,2.4256731005723e-07,1.88918152416447e-09,0.79774885936303
"N-Ac-L-Glutamine",4.26786679053685e-10,2.93231745958197e-13,5.57099272866328e-18,4.17934313188294e-06,0.955369331184003,0.0714443139566408,7.7893045287719e-13,6.07572882548171e-22,8.62420159054296e-25,0.0129608224893573,2.9031910806134e-11,0.378431397056195,1.05531440422904e-14,0.0260653609171732,7.04058883489412e-11,6.16641670265098e-13,1.03245820425301e-05,0.0144076164262684,0.00144851300032825,0.495216340097329,0.29625098816521,1.58068760050606e-13,0.00191402196315552,0.00916967792001894,0.201103622423453,0.55604592363512,8.66361804126048e-23,7.18170421938159e-27,0.0784271191715702,8.75811296086602e-29,2.34881489546433e-10,5.15942686709438e-15,0.000650533890564142,0.000120359220689057,1.60120900470734e-26,5.4345436462813e-08,1.8397719282128e-12,0.573334099042578,2.94930320112441e-23,1.32541472479447e-16,2.80715907744203e-05,7.01130993914692e-22,6.39918972009157e-23,9.20475085661185e-29,2.62361414880026e-06,8.75320991196839e-26,2.47660154100317e-12,3.15318088619044e-15,2.00568720704749e-06,2.02405198392777e-16,0.00115162705662178,1.82889375309348e-06,4.87628756589021e-25,1.11820843351065e-26,2.41927447536913e-14,2.32328084204551e-21,4.48635556378535e-05,4.38765188554381e-29,4.4068924180565e-18,7.68876791857302e-09,0.000307812422118729,0.173688324956241,2.83116207875479e-23,1.6651443315184e-32,2.40967444450813e-05,0.0489954060110495,0.00476745685346499,0.00102900304025496,0.107491660846506,2.27749229052349e-14,2.35506627373246e-06,0.0157210495804743,0.00615068164915598,0.344398728208485,2.71122328758484e-05,9.77399320793043e-05,2.10803740712048e-24,0.138861244013514,2.17016648857317e-18,1.75317186167916e-14,0.00161742967362623,1.53173134194966e-13,8.76367662635515e-29,1.29638892661668e-18,0.836597367924656,7.28792885322602e-11,0.294563529155304,0.00934208324923459,0.720049207407906,0.137909621973924,5.3303569640352e-11,5.78167519951555e-33,7.04794044950866e-14,0.087512182225812,1.18684056824404e-22,0.679947164773807,0.0140458070546514,1.58097495154993e-20,0.0169369771723956,2.43755969143156e-08,1.07051141366456e-08,0.888350857993901,0.882698695096369,0.0895834581602844,1.11789678259683e-07,1.55660435750959e-11,1.60178576908011e-07,9.556772934147e-07,7.72501149742738e-06,9.74528512407153e-20,0.000318736794802273,0.285480932793577,0.0135197101542672,2.91565985791814e-26,1.07165162419111e-07,5.54349642097018e-25,0.756538085408412,0.81467117239121,0.553584013789543,0,6.05255107519903e-14,2.84950149004354e-08,2.36103871201043e-18,6.82174964634958e-24,4.86031712307538e-06,1.67755178335055e-07,7.4129989628931e-07,4.18495875264868e-09,0.150794245895968,0.000154611417366179,4.37749843648106e-10,0.0589491920270327,0.0120443286011893,2.08832116694783e-11,4.38730643290424e-12,1.81856758545189e-14,0.752592402200289,2.85983113934068e-10,0.337122156592049,2.76938231964216e-15,8.98984886724786e-17,9.01358453366608e-11,6.31517051837085e-11,0.0524595857054517,1.66076587739845e-25,1.10294559697093e-17,4.80269259109031e-13,0.0127601701464506,1.36738995759891e-09,4.06508462100412e-20,0.0079970483120043,7.34745826785283e-20,0.732625779056101,1.99638077321346e-17,0.0334297456058127,3.05319161233402e-05,0.00694384266013918,4.97155703016972e-22,7.7460976573404e-10,9.00985429148153e-30,2.77847499558158e-10,2.11121573685626e-08,0.0077802154120116,0.0847493459700239,1.56598381893464e-23,1.55747776152837e-28,7.68057850950924e-10,1.28981985191112e-21,5.14294785254848e-13,5.18833500794777e-08,1.14108279385776e-35,0.232172651118254,2.92539724014953e-40,1.6361102555453e-12,4.34182066005236e-10,2.10088950862342e-21,0.0023170544632026,1.96385183843764e-11,0.000289760393354173,2.89207098311673e-18,2.44110809711605e-09,1.72201360619891e-06,4.07096264394938e-05,0.300442899619608,0.00737451932372258
"N-Ac-Phenylalanine",2.12206779482127e-64,4.8597669052137e-45,4.52216881366631e-30,0.0872858085616572,4.04695709522778e-10,8.78177814459935e-31,6.22698563403553e-34,4.58177677265092e-07,1.80608752831256e-12,2.44286137742119e-16,2.96129788959448e-32,6.17881779364041e-19,8.42403196415126e-23,1.55817338464781e-16,0.2981549705056,1.10464726659776e-25,1.74529622180588e-38,0.00160991477567451,7.93561274890517e-07,0.00332046601002381,6.69817054508094e-12,7.53766055112161e-05,0.0426653235183712,8.62374893882111e-08,2.43178257386793e-07,0.0419515182370617,5.12832053143967e-13,9.58655803955624e-17,1.01724018922801e-27,2.57727520423547e-06,0.131822376726878,0.11323970437488,5.24968689486901e-38,3.04054201195442e-12,4.97830510265376e-21,0.0564997379107566,0.441470836844566,0.0072466635112978,6.59370345626099e-05,7.81086379565265e-39,0.216985219703736,1.65676117710336e-41,9.82976615859105e-10,1.719431564957e-08,1.63969283863239e-36,2.0010396870342e-32,2.22678812816149e-63,4.12294475905176e-45,3.16651493276281e-14,9.82325480070114e-24,0.00420773048602087,3.21124730507766e-18,2.94706183200335e-08,5.59876349831394e-07,1.05353016327975e-27,3.51864619968638e-33,4.70218452223095e-30,0.000289048914643944,2.12629835534575e-06,7.27617763776736e-10,1.60870986809934e-38,0.451583493823746,3.5003883491905e-08,6.61167599939325e-13,3.15038382796022e-34,0.078709669099631,6.5885033013754e-29,0.24840335247587,1.52339146137228e-08,3.46795929385867e-26,1.66385800244365e-22,0.0493670706810343,2.33169326862729e-20,2.84409266651193e-12,2.35649055829872e-22,2.17438005447233e-21,8.62713640302335e-24,1.10874045822463e-29,2.26715762217206e-32,1.52843643391221e-36,3.32775671864463e-10,4.12620966681213e-31,6.80141629287217e-13,1.04265313782131e-34,1.36912118853382e-11,1.48551699325097e-34,1.26301965872736e-05,1.5508986618543e-08,0.945291509422862,1.85161645547633e-09,3.68653623152576e-06,5.86315677205589e-33,6.88077889454863e-31,1.69697178891658e-14,1.02344481683976e-20,1.02027726291588e-18,3.88487534619407e-05,3.45822773998757e-52,1.11062090855541e-06,2.78459626894654e-47,1.13998676124957e-47,7.84278634645872e-11,0.000263285813114966,1.56621499126167e-17,6.67049458940612e-11,7.24086377837304e-26,8.43663019360753e-42,0.443912688898459,0.0884021937430195,4.19043761619898e-23,8.14670323437599e-23,1.12897053710306e-24,1.93824434708607e-26,1.45294582104769e-23,7.37972869571591e-08,1.38588143639573e-41,1.83302170169708e-24,4.43314352331578e-22,0.0113148418204256,6.05255107519903e-14,0,0.869508682699933,0.0992682864349263,5.0492289990017e-17,0.0148182323685361,5.86070215509341e-22,4.92725318885274e-46,0.75119984129099,6.93298242864639e-13,8.87315479239736e-64,0.00556078871890952,0.662007974083487,0.00484350514699701,0.602055111125348,0.000883671041090171,3.34680761561004e-45,0.0669374932956793,1.16484934561414e-45,7.49131424961737e-17,4.46121097007736e-32,1.30881594659413e-31,5.37314901938339e-11,0.74186140244262,0.000226765251889713,7.01150980155112e-11,0.177294890204289,1.03397526586004e-39,4.49073308337139e-26,2.48492189006114e-24,1.0405310047101e-57,3.58522842190242e-12,9.88335836265466e-16,3.30265320461498e-16,3.13921577433841e-23,5.27199996011945e-19,9.53290421723074e-17,1.64662240486234e-27,2.66235391682585e-28,3.11411561543086e-40,5.15037946661816e-28,3.96592228426303e-20,2.07744424125293e-19,0.000312456018692793,3.19266393818703e-19,1.4935091454711e-14,1.37169618230078e-06,0.26877187778844,5.79094342493254e-20,0.016565433851565,3.73484560318968e-34,7.29804560860581e-17,0.00016404742119493,2.32920260425268e-06,0.276837065585391,4.52959098954496e-39,5.12742893304022e-18,5.96899845772106e-26,0.00290258323797163,4.15191311346023e-06,4.60448139367507e-57,1.32936396636807e-24,0.3396241577718,2.73677495767486e-20,0.0001845747099415,0.10729716489037
"N-Acetyl-Aspartate (NAA)",0.215579092725846,0.0478019254020255,8.87009649065149e-07,5.71220540850393e-22,1.40124188136029e-06,1.39709534614424e-06,0.359202974856641,1.00832430364745e-12,1.86880011121636e-17,0.0441975381685541,0.00231874521775861,6.93594268809486e-15,1.16156526235407e-05,0.00672168844409701,3.41652349829894e-26,0.000219131987160964,0.208093008767032,0.000985386768610086,8.39562027886514e-31,1.84530086923407e-11,1.81119348985598e-21,6.05603916945835e-25,3.12019111845484e-06,3.63837561532744e-16,0.103600045335326,1.02928543659063e-09,3.91560292065108e-19,2.68213158742766e-24,0.00244181471149376,5.493224596326e-28,7.74481549358497e-34,1.34419129031991e-43,0.0317008093865018,0.0512884986782978,4.91790937540502e-17,2.46720124560497e-09,3.55824652092196e-19,8.68219516387974e-10,1.42439434771478e-22,0.037770688264357,9.36289640225868e-36,0.0551268374133641,3.53672131554434e-37,1.055470689961e-24,0.285396703722828,6.68458134412156e-09,0.210143700419077,0.00933844602912597,0.000114702847822065,6.04956998234848e-09,8.50985617601719e-29,3.62187049110714e-05,2.38087684478603e-19,2.64177293160774e-20,3.5716483773049e-05,1.29262683930052e-05,0.677430277500294,2.58739680002609e-28,5.72180432465685e-23,8.90273267251767e-10,1.06326204751296e-08,4.82843493410759e-09,3.15667377448539e-23,2.99596273554118e-07,0.270258371111869,0.586125247224394,0.000399429652663203,7.09407335440715e-11,7.03043793101585e-09,0.000634150593792546,0.0267777235354722,4.01285327626551e-05,0.0221463163788236,0.015652695159276,0.09772886259835,0.129066525212974,0.0184021653022029,9.7607106493232e-11,0.000188188774416365,0.0422146628194423,1.65898851345569e-06,0.406178258661545,1.64584966169148e-19,0.000482678189671034,6.72335084138367e-05,0.0331951549489002,1.55864243047291e-08,1.1522707916394e-22,0.792444577137541,8.1688801522779e-05,6.01913547445676e-14,8.15775080393686e-09,0.000609290056275289,0.0247004848328049,3.72465161059384e-12,0.000130756845554264,8.17077575520716e-05,0.00951431941552361,4.19741811563994e-23,0.81642181515026,0.739396565411971,0.000552434886598317,0.00199119637966995,2.3201252944107e-09,0.0001746280970994,1.28952097239945e-06,0.829672808487198,1.19289022433841e-06,0.186279654606968,1.66745960661767e-09,0.484323336742393,1.62245561965003e-06,9.76073598196643e-06,3.10211696409768e-11,4.25619842121222e-05,2.39124184033352e-05,2.88656176189205e-08,1.56150163742203e-07,8.45049187364279e-12,2.84950149004354e-08,0.869508682699933,0,3.49488311157741e-27,4.58017807184109e-19,5.03707409362812e-31,0.141142397893207,0.407323077449732,1.22138553226801e-28,8.71886291113279e-19,8.07274152711451e-05,4.23103606016826e-07,0.212750181270755,3.25434945080171e-16,4.18347149311309e-15,0.010550785883614,0.0106061002371647,0.00343511184736236,0.645576484712103,0.312094117502633,0.000707631317293805,3.4904717535272e-05,3.31572387311119e-11,3.93412736492406e-22,1.15438951230779e-15,8.72752824655791e-38,0.000962930146326439,0.843687045171474,0.791505885322311,0.988124000387998,0.00100177134793089,0.5559055603007,9.92976458274464e-16,6.32716077948594e-18,9.59758376420263e-07,0.259164003723334,0.0885646064713691,0.00185105636701808,3.68254294942756e-12,0.967568966813578,7.13468176300004e-11,0.0389564645173849,0.0166288147716355,0.00150810845426001,2.02078188314241e-16,3.49847523754487e-20,1.6975218416581e-27,2.32019732029455e-15,1.95520678004084e-12,4.08663925116628e-29,0.462409410543647,1.37460962789722e-13,2.55394521010268e-05,5.95916919570323e-26,3.13147781440925e-27,0.713130220911066,4.88986342116622e-17,0.00113567568330859,0.000337768143824923,3.10927219667495e-28,0.00914006355946025,3.28597607068192e-05,1.62632202538086e-11,0.024585004303004,1.54272856594406e-07,9.41884939674801e-10
"N-AcetylGlycine",0.0511970263438233,7.47149407181234e-07,1.36371251280167e-14,3.57667483363162e-38,6.16212801212171e-06,0.433767322057896,0.00188811390289508,5.32170157643336e-16,1.03743844567655e-43,2.52246667552739e-06,9.09690985999522e-09,0.000123393113877463,7.64797303842902e-17,0.704530383998332,4.19813146270791e-16,5.50705723566436e-13,0.065607782643278,0.482151646172756,6.48401555934504e-10,1.49693838064747e-11,3.20592145264245e-10,7.26787224153977e-24,1.2549767500056e-05,1.04280806364579e-06,0.541814427525955,2.48294742699008e-11,1.55460843797832e-15,7.50684136018614e-23,0.826415296660631,9.363131408664e-74,8.41309214552647e-31,3.8026394476378e-37,0.246538217158601,7.95055232534436e-05,5.15910188530619e-28,5.66860136936508e-13,1.10214076540624e-07,2.1412369213387e-08,4.50192264180878e-31,6.74999626261709e-10,6.00146884781092e-29,2.29951578321346e-09,1.77698181947498e-42,5.67673368972849e-66,0.479154424676714,1.61961736065435e-22,1.54964623451903e-05,2.21958045575876e-08,1.41887758200381e-11,8.22805441169472e-09,1.43195684823613e-18,1.92170883571583e-09,2.94051638396939e-47,5.0962942130999e-45,2.08603470788141e-13,1.69292626961105e-17,0.00197135258562186,1.26677472986492e-77,2.15838933449462e-21,1.37547415352618e-15,0.142555898250032,9.61915612697426e-15,7.42639188766831e-46,1.62917158327883e-15,0.06044078630627,0.138799754445257,0.76187384769436,4.96300972883296e-18,0.00165514707877918,9.50162203997035e-16,3.49030294328988e-08,1.63714249498813e-07,0.183755881744754,0.340815571741683,1.03804053811564e-06,3.25225253522131e-06,2.03086156402209e-14,4.14670035017728e-06,1.20710882623357e-15,1.25937959446882e-09,0.171007562523718,0.34808312732284,1.89332008271279e-51,4.83786742432763e-14,0.714094884926358,0.000202847160371176,1.18359169232525e-18,2.24817163976673e-08,0.901771237159679,1.64724668950173e-06,4.23486997114213e-31,3.09987353215926e-10,2.05131828448698e-11,0.184655472781588,4.25641641055204e-29,0.000905262759446592,0.000462733839058287,1.10231674169913e-05,1.82294732073689e-08,0.00168793971721391,0.00150184398579938,0.367346553967041,0.581180410086336,0.074293222548612,2.21728871098725e-05,6.9178274003991e-09,0.000218741074287904,4.0287592345191e-10,0.223237152503269,3.49304797803468e-12,0.051855865234557,0.0176797585688712,0.833040823408852,7.61804087024406e-27,2.07750986195942e-13,5.22531009059622e-15,0.000751809878658806,0.132202686684817,0.0026306285159772,2.36103871201043e-18,0.0992682864349263,3.49488311157741e-27,0,1.30010640891934e-33,2.67490369081968e-19,3.34991535182e-07,0.0126931551232202,3.78858946028313e-22,9.0364381396768e-10,0.176730432577369,3.04767812676698e-08,0.14946399231459,0.00011787847555535,1.4246609272519e-30,5.33726654412546e-10,9.31005701591147e-08,0.0426981649753188,0.000238924821569925,0.178470487916028,4.75023859262368e-13,1.03825406924513e-12,1.15831134451372e-14,1.23263614876771e-16,8.99323924182651e-08,2.73689455367856e-32,0.00476201528899776,0.408090413677215,0.603397152286152,0.000326785985077237,8.44587262883506e-09,0.0160202118461422,2.17141294639353e-29,6.32339806501302e-10,1.39505986388271e-21,0.682284285575715,7.23552526821123e-09,0.602615736660181,6.45802456092054e-23,0.0457255781005755,2.81656819332344e-23,1.00315172129046e-05,5.1881778740055e-11,0.000973359952209217,5.83455572903339e-11,8.21321946210109e-31,2.69375296496953e-73,1.04483105334833e-08,1.7503319971055e-26,4.264359998439e-38,5.41718983554072e-06,1.6115177290878e-23,0.133584309790728,1.82515504935533e-33,3.42875492779388e-30,0.0110099964212365,5.04574992061817e-29,0.378045197503316,0.000365199683362683,2.17618073546783e-12,2.70344366093743e-08,1.64779925911739e-16,4.85394031008209e-07,0.000399883300398979,7.93998498921668e-16,8.04694607466282e-05
"n-Glycylproline",4.23497489389268e-17,3.64810680601108e-30,1.29834052927575e-42,3.5030420244743e-21,0.251952479960957,2.48129628244679e-06,1.06326049615621e-22,3.79549492073561e-24,1.10247242337861e-56,3.65119158721031e-23,8.45450111552545e-29,0.115258696693169,1.80865460034192e-36,0.000888032857677019,1.32200021674144e-13,4.35952908408093e-33,4.83514927933761e-11,0.541947232404958,0.0228804112115621,0.000156151947230597,0.371827198278044,2.97849605635379e-16,1.65575864707118e-05,0.88497513461527,0.0522724581948793,1.75118751701134e-05,5.69172682884091e-25,2.80146172014718e-38,2.5014727411087e-07,9.61820422841831e-52,1.15066334944953e-13,1.33650163463868e-17,6.85320073911483e-13,1.35729486665726e-20,7.18773337281618e-57,7.90819063146869e-21,7.69668137252194e-07,0.00431174044941156,2.3448159828091e-20,9.01455134514633e-33,4.5966172407093e-20,7.72104271448209e-26,5.17392407737885e-56,8.54222431638803e-58,1.6049863718199e-07,2.35637292126081e-54,2.43681169837218e-29,7.31006371434934e-34,4.82748659690577e-25,5.84125678900853e-32,2.29591248386024e-07,1.35923056740887e-25,3.22500742677645e-50,2.30534557487486e-39,9.4992836083842e-37,2.84676711274542e-49,8.36466059649435e-23,4.90359426262607e-47,4.38552090909743e-29,1.08692555013084e-27,0.00030387083138885,7.99764742231002e-10,1.29524052353394e-46,4.2261109949609e-22,5.96667080842579e-10,0.28543694654634,4.91754885601444e-07,1.81069367091352e-06,0.845215535220258,1.26057326162081e-40,1.35651267967741e-23,1.90660346946241e-07,3.84481927277508e-07,0.00721087669871838,5.51075444585479e-21,5.8808297176553e-20,1.15833861813351e-22,0.348533958443214,1.08991629048896e-42,1.90612535280709e-34,0.282041484679103,2.15732991799471e-06,7.84756240886313e-69,2.12073394199542e-42,0.000501433005065075,2.18726244984272e-20,0.000161424081417363,0.0958828400323765,0.399273643004759,0.453576478914623,2.32510024153451e-41,1.1238863753788e-46,4.61106154749452e-24,1.22023266997338e-07,2.20085470719289e-58,0.0136946115358617,8.82107519671499e-11,8.93432804797158e-28,0.0439078816557814,1.20158649482667e-22,3.30628921185284e-23,0.00487573203563643,0.125873479384868,0.000799670689955641,3.67164424063614e-17,1.25099787440835e-23,3.6062151219263e-19,0.0362116308791853,0.00016717206965253,9.37348140484892e-33,6.0111091070689e-13,0.000702236917255474,0.00229734651722439,9.32733920494308e-59,1.11219890456084e-21,1.37211510638095e-49,0.0134286842922906,0.000372946058104342,0.00320762954653176,6.82174964634958e-24,5.0492289990017e-17,4.58017807184109e-19,1.30010640891934e-33,0,4.33323351682361e-07,1.58784904523889e-17,2.18696998752542e-14,5.74403617655975e-15,0.161712223055722,2.42409553578627e-07,2.01826826553768e-09,0.00044732090627906,0.0108601452621567,6.74358402537725e-19,3.3147286624416e-07,5.60580697121604e-33,0.0342163672436805,6.85827577619773e-23,7.96233071803545e-06,6.20122273047118e-36,1.65658499780929e-38,3.55851461489354e-29,1.90185795789404e-08,0.146802961237032,1.88681954440617e-40,0.264557180754948,3.73755017110195e-09,2.0000759913568e-09,4.36920964975162e-09,3.56434688224994e-39,1.60700902823372e-14,5.76744404922002e-56,0.0651723649443176,4.7306113331362e-49,0.000120759819848931,2.10516697383415e-19,5.86222081053893e-08,7.39910150288776e-68,1.95654312350606e-17,1.17707265635262e-69,7.63640419472001e-16,3.18829397300905e-25,6.91806624622744e-12,0.990566881415696,3.32619423742565e-52,3.41363102183736e-52,2.61386096371175e-05,2.10142812166392e-59,1.9582819679736e-29,6.88598537927279e-24,5.6043266690995e-54,0.78364525623625,9.82722977685007e-37,2.76205187228304e-21,9.95767818622562e-19,2.91390428994494e-57,9.27058269593598e-10,1.61195308752466e-10,0.000156169071261278,6.61589541075832e-36,1.62449700317827e-41,4.33471892297803e-07,1.25362132710808e-18,0.00056698642637315,0.147350452353299
"N2,N2-Dimethylguanosine",0.0702928856660576,0.067112996176076,1.71386571641939e-06,2.24152673933855e-18,9.68040103646181e-18,3.52681719106971e-06,0.136705467688298,1.39937817635256e-19,5.1681341910299e-15,0.367346553967041,0.00163179931697442,7.83916419217749e-14,2.03153629645042e-07,0.475003550857506,9.24926629437994e-12,4.91207558334718e-05,0.94332620510118,0.118265850475019,3.82688350784351e-13,8.235542233061e-06,4.57667676446806e-49,1.37023285773561e-20,9.68872216811003e-13,1.3985530860107e-24,0.604913484655271,0.000365260954205623,2.87811332535613e-19,1.05500744788967e-14,0.00693181651961729,1.85121832988169e-23,6.36261397402542e-32,3.78351055222764e-28,0.0487516059171418,0.0306658702466145,3.34507249680379e-14,0.000937052682713591,9.66641453284808e-15,0.0748063467182061,1.68699033468955e-13,0.0189117865358326,1.31306621044369e-18,0.0105061972553306,1.04146332054843e-20,9.57023644249719e-21,0.110375462858075,6.80308318767219e-07,0.961637527540486,0.024899847017013,0.000156988764416447,0.0053496130161794,1.42085112062876e-23,0.000610815595434619,4.08688571754365e-21,8.65779023742704e-15,3.38193772840508e-06,0.00102718473728266,0.173385910764649,1.27253312619214e-21,1.64771228526837e-05,1.35479474031693e-11,1.54344196762755e-09,0.00048134711778205,2.28548669507919e-22,1.89392377914105e-05,0.913142566376243,6.60782070469563e-12,0.00849401924860332,3.38843498379899e-25,0.0954706735422742,0.00105022347072698,0.00430305389700564,3.13871440371611e-14,0.600929544037674,0.381994629331463,0.0196219886652833,0.0254516531264744,0.0270661550417424,5.23446026479969e-09,0.000508046107339607,0.0411712266686707,9.35965459135557e-05,0.432376961482646,1.2914031383161e-14,0.000741133916509966,0.000189876567951559,0.145251377767502,2.23781152928574e-05,1.33550030020459e-20,3.65399862351816e-10,0.039742543125,1.1281471528872e-15,0.0407826727279333,1.13707969252633e-05,0.0549006781277306,3.10570358379616e-09,6.27382038158239e-16,1.54863035746883e-07,0.0265632972275527,3.93707582125919e-29,0.782594520489978,0.917746747098084,3.59502123974413e-10,0.156931715428116,1.05017192809131e-07,2.10510138899847e-09,7.09058990210513e-05,0.631231590563187,9.17707925867864e-21,0.0155288048300225,0.564667858089468,0.273712088094979,0.00184159908041759,0.0995499548833871,3.12148645420961e-10,8.61100403502783e-12,0.0183509177968216,5.2267528319335e-06,3.08514231026187e-06,0.000253978603340078,4.86031712307538e-06,0.0148182323685361,5.03707409362812e-31,2.67490369081968e-19,4.33323351682361e-07,0,5.0588892487839e-05,0.990998154728032,2.13938962259046e-19,7.432316650575e-14,9.50840279778656e-07,1.20588422771604e-27,0.171056505078794,5.35875196919548e-06,2.33444455059136e-08,0.457789995563082,0.0289034011901992,2.23237407836006e-07,0.438025487030253,0.442322395555394,0.000252137834633955,2.1902031147403e-05,0.572561283684214,6.08123896972195e-13,1.17799370112883e-15,5.89956717191495e-17,7.25068152917456e-07,0.150428678122389,0.00552782546632375,0.193130549641108,0.0367352860400165,0.00274351061226544,4.15000695516347e-13,1.28610122929907e-15,7.24919688380833e-06,0.394292022892283,0.0136320802721775,0.0416976896067887,2.57598271491414e-07,0.899209089301837,6.93404843672496e-06,2.32720213735402e-05,0.00137180482390361,0.307998178741762,2.87385742643096e-19,1.0506831774729e-10,6.79093623223961e-23,5.16630785651444e-12,2.10898496075352e-10,7.72501149742738e-06,0.223556241864016,0.00149165784950055,0.384508496380921,2.71528945300332e-11,3.96014964582164e-07,0.564843147474156,2.53688045132389e-10,1.84863967119094e-05,0.7179431614906,1.80159717572526e-09,0.0579767506207287,0.00687314618868458,0.609772020826422,0.00624217768399753,0.00101611962870017,2.09390709551381e-30
"N6-Acetyl-Lysine",1.78538395927221e-45,7.31562669641941e-66,2.61025949001783e-62,0.00303977264707298,0.907014307174104,1.15300723951545e-25,8.07727052233337e-15,6.81966360491135e-14,2.05951991183918e-32,2.76038614332493e-30,4.17276151058547e-69,1.03332333620195e-12,2.77657046353537e-67,1.23176738030166e-50,0.0642546614102313,4.77479872645435e-57,1.75858560131541e-68,8.88009905916869e-16,1.12218636606252e-08,0.49242078599515,0.285956920850832,1.6124247224903e-09,1.53103851917854e-08,0.00241463532815428,2.60326768523253e-16,0.639642432846608,3.32058951664227e-20,2.30920185267207e-19,3.12151271788177e-34,4.83242852066223e-19,0.153649316490729,0.00149378719913016,2.49432258305909e-43,2.30652385731998e-31,1.07769151908298e-35,0.0999219161161888,0.907709336673207,1.23015036837266e-05,3.80521813592105e-05,2.05023147443366e-71,0.175578995448535,1.06818988611319e-52,4.46085819296617e-16,4.06181515075681e-23,8.69985083666053e-28,5.25101013539377e-51,2.34881175112821e-52,1.03751119755029e-64,2.28603977785702e-36,5.51181906690741e-16,0.737560897370401,3.85650853237662e-35,1.19920304548194e-28,5.32726596962729e-13,7.46962333395044e-66,3.48310529960266e-47,2.56058036381564e-23,2.91162728673595e-12,0.0214345601308567,7.32414392124037e-29,5.81185202236107e-17,0.0714018365152322,1.09634503560058e-24,3.8772631674249e-11,1.38003107323031e-63,1.80809999030843e-23,1.37785331086054e-33,2.38551618945232e-16,2.03432099010002e-21,1.67979490472013e-58,5.42470923854454e-65,2.83058144539901e-18,1.18330767556293e-67,5.05484236332859e-34,2.60476314106919e-63,1.50006481877228e-60,6.40714198747579e-25,1.40243226099721e-12,2.58843155727487e-55,2.39157705496747e-54,0.000276523180574634,1.55524030899244e-13,1.67175097773969e-28,6.5657159260923e-59,1.56188922469128e-15,3.46662822536376e-13,0.176732264846819,7.00726751571033e-06,2.13460694967233e-14,2.36305777222524e-06,1.47705535039983e-30,2.04857020227193e-12,9.88709308592971e-66,4.27471165138694e-22,1.51751905272637e-41,3.90136881455279e-05,1.97522046720099e-19,9.96443742813315e-48,0.0962779145074477,1.6587030585345e-55,7.55791119326455e-56,0.000183583888505748,2.25964583455927e-25,2.47749462818373e-14,2.10100793468749e-35,5.06549314801038e-36,2.59009258036315e-52,0.000263597135947476,6.32025498242356e-05,4.22702743734594e-05,1.45147005950262e-51,3.00776289701542e-30,2.04197233900385e-44,1.05809641939126e-47,5.53560799028114e-45,7.16931899366721e-39,3.95749708095876e-27,4.29188650684117e-22,0.000582446118639671,1.67755178335055e-07,5.86070215509341e-22,0.141142397893207,3.34991535182e-07,1.58784904523889e-17,5.0588892487839e-05,0,1.09001013898714e-68,0.31780288565118,1.32756423852749e-07,2.33591988357154e-24,2.38622395479559e-16,0.00198054890118865,3.54219916602629e-05,0.297488380486223,0.126326437881025,7.6112985738843e-64,0.0379976461919587,4.13640715107298e-65,2.15284811965085e-19,5.02638576011049e-64,3.23881540674771e-61,0.00625596054389323,0.658737248743322,0.626685846484354,2.17637391744253e-10,0.0753069401202036,3.04615462363585e-12,2.03027465199031e-10,1.19791520427173e-39,2.85648515166726e-51,1.6423753491143e-08,3.13098545363152e-34,5.0588892487839e-05,2.48059898038974e-53,1.53351580598221e-30,3.93054747990804e-47,4.42743277214937e-41,9.03381837773031e-41,1.62061443754816e-43,5.58469132691007e-33,1.81308200287429e-51,1.65929473316741e-57,0.166377816450292,1.63346865510165e-08,6.6485100405417e-23,1.61735153486788e-19,0.27273903218222,9.63254849476753e-45,0.157006455801665,5.52984672592997e-71,3.23344517771722e-10,1.37182824819877e-27,0.00933730445085077,0.48228708210051,3.11247443381062e-48,4.22182635274452e-31,9.16795018537278e-19,0.0295623341504442,1.29654620821956e-10,4.35150058983222e-59,5.7039035041005e-44,1.9203176264879e-06,3.50945650571794e-45,0.033720375504883,2.91814841890747e-05
"N6-Trimethyllysine",4.31201209868563e-76,2.29630428589157e-70,1.51162234428273e-47,0.864521380467307,6.73393954196157e-05,8.00193500671957e-50,5.2214541398129e-22,1.08956764644863e-08,1.49160636025463e-19,4.75492562001e-29,3.73464147609902e-58,2.32571445455294e-28,3.23623094058875e-44,6.11017625712838e-54,0.713146128159362,7.03237265088112e-45,2.18636551133508e-109,2.94255907926924e-13,3.40439271780025e-14,0.00163057481772365,2.68380728892822e-07,1.79640860273132e-06,0.000297685937842883,3.89259394250141e-08,7.74527281385579e-17,0.106384048424107,1.24953462644e-14,4.98189650155584e-15,1.49721832271671e-49,9.04777728052839e-10,0.105516993694419,0.173418469669449,1.61249671524822e-67,5.15043131765234e-23,8.3549171940948e-25,0.37263775659854,0.210206471444264,8.52528112422228e-08,0.00750635786120697,5.33940964616331e-69,0.279312821067227,7.74892376596891e-63,9.82976615859105e-10,6.86415836863154e-13,1.97655284399861e-40,1.6608515714622e-42,5.78158566795971e-74,3.17416314723938e-68,1.51253370808454e-25,3.11149113498103e-17,0.021296745360373,1.81351312379739e-27,2.5165010505642e-15,2.04138279075834e-07,4.72274370533843e-50,1.76120170222784e-43,2.44729560478857e-33,1.38029382455036e-05,0.020156248233523,8.09839555130713e-16,2.16073361934339e-37,0.945467760657832,6.01821778352606e-14,2.67205243160879e-11,1.90330821668403e-89,5.75108948866961e-12,8.2758672897379e-48,3.16903342955732e-06,1.94666672793875e-21,1.70270740239789e-51,8.76791237661278e-49,4.64864982841316e-08,5.84239893951511e-60,1.9486380436165e-31,3.68303274414261e-49,3.6611379661288e-47,1.042363681995e-25,6.16522680291806e-29,4.04373311031779e-51,1.42861238723546e-58,1.06116467605035e-07,4.6462661857771e-23,3.75178559895988e-18,1.06800175059837e-55,3.2540160350707e-19,6.91344380790363e-22,1.66162780020456e-05,4.41611836732437e-13,1.14640661450943e-06,1.46943830895741e-11,7.51405794015854e-15,7.9174235647e-18,3.67633537632282e-60,5.42104949568828e-25,1.4606867849803e-29,1.09895707593051e-14,7.65982632526878e-11,8.73686298602937e-63,2.78774912602166e-06,2.60515948120477e-70,1.09187931459267e-68,5.61262706655998e-08,3.18208544760749e-16,1.20738853660953e-23,7.15715864380832e-22,1.600383895524e-42,4.50723101076469e-80,0.0783498590306456,0.04461985864104,6.15140088683843e-10,2.28175629541607e-48,1.24453890925582e-42,3.99846209266002e-62,1.59295288514773e-33,4.32555742768797e-24,1.87190360342958e-42,2.05128360848162e-44,4.87166039147925e-34,5.40163069020766e-06,7.4129989628931e-07,4.92725318885274e-46,0.407323077449732,0.0126931551232202,2.18696998752542e-14,0.990998154728032,1.09001013898714e-68,0,0.170407743989956,6.19698871474484e-16,2.0459281113966e-50,9.76043984122678e-08,0.114928653039475,1.10144629584832e-06,0.20499402187067,0.12717452379571,4.41950465111615e-68,0.579226721402643,2.47004077999093e-81,5.69187761948682e-21,1.0526276382331e-54,1.21245491086696e-48,0.000413872661134201,0.337373228636958,0.0215329243590861,5.15380613887215e-07,0.00512170674340308,1.36716652162419e-29,6.8786186420324e-21,5.19983492950918e-47,6.39586617944222e-59,9.21391114864998e-10,2.19387800313674e-22,6.43806830440759e-15,5.86680678402546e-42,1.15305957819436e-27,8.24141544801948e-36,2.80274569266013e-53,2.57565568053667e-33,4.93233316935035e-57,1.40714579718889e-27,1.0670018285006e-46,7.40241391828179e-41,0.157204157503457,5.90984925058323e-22,1.86791985440765e-16,3.78428996263146e-10,0.525084536135691,1.88736604361615e-30,0.704619138466345,1.02529322825714e-71,2.89622732773403e-10,5.74384017827185e-19,0.0207113004398621,0.297915459231826,6.14837217809255e-62,4.9222625701938e-22,5.2486015681362e-29,0.462089586209059,7.24315057877864e-17,8.63020986343913e-71,3.03518540393379e-37,0.00256050094650339,1.73773225117739e-35,5.22944942220704e-05,0.681443842841344
"NAD",0.710987927299703,0.0405613641847462,1.29809067648896e-07,1.56407894987605e-18,2.81426768818212e-07,2.17055313369707e-05,0.654101530963753,2.31673524632395e-12,3.09340862212634e-17,0.0143055906594197,0.000971483800237518,8.24491745011943e-12,4.13009849953094e-07,0.000879712554492449,1.21760021402314e-11,2.69477918101162e-05,0.110864741303699,0.0247734574035408,9.19397611652574e-15,0.0186389381404205,7.73221397256692e-12,4.25157572593228e-16,6.71728124546639e-16,2.07154936646397e-06,0.610656197344551,5.87735974383931e-27,1.6926855530451e-13,4.52753369159686e-13,0.0488702968095312,1.55808840354328e-19,6.68732695623295e-105,7.15517938523438e-25,0.0562860952090326,0.000116733166974878,5.19241383281854e-15,1.45724411808568e-09,5.42739989284198e-47,0.000274886603670466,1.71194206721831e-21,0.0359000589252731,2.42168970206359e-37,0.0524583654750298,2.58858428683326e-28,1.2994068400937e-18,0.0510254320555922,1.0295228926144e-07,0.227193167514751,0.012162436000377,4.34010716956022e-07,1.75086939225965e-05,1.90821288567819e-26,6.20146917602723e-07,9.43436613298719e-22,2.0345593681626e-20,6.81163572392685e-07,6.27028741185731e-05,0.205728140530304,3.31606152773671e-20,1.31521851625523e-08,8.03005479389066e-16,2.0718705454807e-10,0.130958598879806,1.14768599165481e-20,0.00698307418208233,0.151321068270252,0.27548415116213,0.00233845054342272,3.97368007085983e-06,3.57479172361876e-06,0.00062669404163475,0.00130264072749529,2.51299937243468e-14,0.0488822896216307,0.618000326509244,0.00755523170351011,0.00814923353302946,0.404265890454701,2.27952278342665e-10,3.58622486778426e-05,0.0177242922510337,1.09169898043431e-12,0.626099191764453,1.85759173373539e-16,0.000226975338464662,0.000477634965654901,0.686466413382242,5.23825450118899e-23,8.5096733772733e-42,0.726161010483759,0.00159912779693929,2.18015877022155e-17,2.78076446561045e-06,0.00735841589846463,0.0545897442250072,3.0514117397419e-12,7.91595206117649e-09,5.12670729898987e-13,0.0545897442250072,7.01758350793412e-38,0.496341142756451,0.366093690531498,1.78605329264798e-12,0.794735141088206,3.45235245750884e-06,2.65056936918714e-07,0.00715486206896518,0.696883781156627,0.000718670932374329,0.725907170669789,0.0224244584746866,0.181236953689879,0.0019821522221124,4.37939701649506e-08,6.32805615313374e-11,1.43092696788818e-06,0.00299342364546348,1.49986063071449e-05,6.10194374612687e-05,0.00145894943498552,4.18495875264868e-09,0.75119984129099,1.22138553226801e-28,3.78858946028313e-22,5.74403617655975e-15,2.13938962259046e-19,0.31780288565118,0.170407743989956,0,1.27031130285833e-15,0.0174978973197234,4.30761482194209e-09,1.73123429988389e-05,1.81936889979109e-11,1.10273435454555e-10,2.74091800993135e-06,0.0135648872549418,2.45041429274488e-16,0.230452074436645,0.771112069136851,0.000108307879402147,2.90900710403924e-06,0.000360011809121058,1.3851309979391e-18,5.77153666872698e-11,3.76582690352886e-28,0.000501084162707938,0.00671637313854445,0.384529279896991,0.0436664604125206,0.000614920773354953,0.176872938500161,1.08547634093125e-16,6.72590129567187e-29,1.52811038818453e-06,0.897539401126765,0.00780489426275886,0.0189297541362841,1.58579964463042e-10,0.973477400172885,5.35591377381427e-09,0.0417788849546535,0.00042714416316463,0.000146141727271367,6.22530557195025e-14,1.04306272858212e-13,6.00355682407948e-20,2.20168580919667e-05,3.80431869277798e-11,1.44876618697222e-20,0.210632041152453,2.93021390954298e-10,0.0243648199215805,8.6483878980399e-16,8.26271174776105e-13,0.731532488544884,2.21754530614255e-15,0.0658420608038389,0.019099426846049,9.68756566482796e-24,0.00570531455501834,0.00264239200689671,0.00296444070991922,0.00010082263776139,4.30476923238843e-05,7.71582562786597e-12
"NADH",1.24780900380009e-21,7.13096230005115e-12,0.000466900347129149,8.43172299912996e-12,4.71681981022351e-06,8.81226090870604e-44,2.55092996333827e-10,0.00556078871890952,0.206402284554067,2.47372657336025e-10,3.34490246139174e-07,1.04638201576564e-60,0.00144985780510732,1.48402173066376e-11,2.28536944091452e-09,0.00278586204719847,7.11715767301759e-15,0.00286711716703946,1.62801980207452e-49,0.000250724621280405,1.06238491576285e-21,0.000324877252350836,0.0900052832530052,1.41236001583338e-25,3.30880928292811e-06,1.75652798412645e-08,0.152963307898024,0.108097100031362,1.55190870481285e-30,5.59898595990071e-06,3.69803377265878e-22,6.60348749160688e-14,8.37337555008012e-30,2.20117715871519e-05,0.564536783933887,0.00300681861198185,1.30923484655685e-10,6.20390139149859e-05,9.99967808115554e-09,5.76065987763701e-08,6.07433637932488e-09,2.92442190633309e-06,0.000179961776424523,0.000459924049379935,4.3989583611795e-10,0.0247433666130064,5.8537141529648e-13,5.62608876146409e-10,0.00485022725284176,0.00949492042558294,1.46460863053078e-30,0.00107289812023148,0.029601741262897,8.32273120504031e-06,9.45545654704631e-05,0.00232189484892858,9.82863292867955e-15,4.16589744134565e-08,1.16723104289551e-05,0.241961035534593,1.56023607624727e-31,0.0428895155058888,0.000820590236298929,0.536261808814055,2.23501903476901e-12,0.139892279788281,5.81684748904857e-35,0.207495219200846,1.87337128029897e-20,2.04040451975649e-05,4.40704706154599e-08,0.58726763741835,4.92681540061992e-24,4.70960531086505e-11,9.98203723518569e-10,8.43168317746529e-10,0.0538033090048035,3.39066336080259e-43,0.000412995772996853,2.27126863133341e-07,5.21600113601467e-09,1.628651022858e-07,0.111526444204938,0.000102553875537179,1.20758906051208e-24,3.02204605446759e-07,1.96051526920276e-06,6.32159968354697e-46,0.334265069843034,2.12160081051071e-14,0.424726723364523,0.146720276085,2.11208582637255e-06,1.27700323541483e-18,0.387229550382353,2.52139254143265e-17,0.00420569568807679,3.13299926144861e-07,4.08446432159601e-33,2.97899769092392e-17,2.48439694707662e-17,1.41453358298591e-16,1.01406957222616e-12,6.12950465992068e-28,4.06500158346866e-06,0.000339569279575628,1.28917997751274e-20,1.69624378297953e-11,0.076329832365615,0.969955933223453,3.69402094920288e-16,6.33268806511312e-40,8.14919816105845e-22,0.270495038447272,0.160319936379569,2.59741342500842e-05,2.01727998525678e-35,5.7964865035242e-39,1.8678609946294e-17,0.150794245895968,6.93298242864639e-13,8.71886291113279e-19,9.0364381396768e-10,0.161712223055722,7.432316650575e-14,1.32756423852749e-07,6.19698871474484e-16,1.27031130285833e-15,0,6.70951131338519e-34,0.016730979275025,0.00725180209726797,4.93844478329816e-12,7.34994405775644e-14,0.519848248911413,1.81550015927516e-10,0.23222444167202,8.58502785165372e-15,2.98652067076357e-16,1.5170732624813e-05,4.40773256128962e-05,0.761459240121373,2.78512598533482e-14,1.30357342061183e-14,2.53339425549603e-05,6.80138614829545e-07,1.74245914862346e-07,2.89408250581328e-19,2.89171121204839e-11,4.99714503747098e-07,3.38135038104743e-09,0.853889839829418,8.39970210178515e-34,0.00491280794629847,7.46938319697566e-23,2.09877528695181e-06,6.50555079708401e-29,0.0310308194680847,1.68140558433531e-16,0.0604342448600534,0.00200506311919403,4.67290020568495e-05,0.0231439562960999,1.88930278951405e-44,0.761761180592334,1.30355684765453e-05,1.40043013473237e-14,0.124080758144227,5.27674013287652e-06,6.20248309654939e-13,0.668639861727854,5.47284161178564e-14,7.19747794716135e-08,6.81542710399421e-14,8.09131204599588e-15,0.640445134933423,1.00434594682916e-21,0.00908879867866788,6.04786007455593e-37,1.87314302811419e-08,7.75990940691348e-05,1.12027000483329e-10,1.82043058499107e-10,3.17452864213924e-15,0.0676413730306109
"Neopterin",1.22474116048433e-81,1.73559132492933e-42,1.45404468460882e-24,0.000484470294433248,4.87262361504164e-10,1.04026717317651e-57,1.19569652869216e-23,0.0253061907007695,2.75971785039615e-06,1.07994866424276e-21,4.20014811514784e-32,1.62150959698631e-43,6.73598802257053e-20,1.00620786342372e-23,0.0136210558822164,8.63245868382158e-22,1.75584801478718e-47,2.96844450963974e-06,1.0555171321905e-24,2.31227705400308e-07,8.74884066296802e-23,0.548806536146236,0.0365807716034846,4.79793259325905e-24,6.50422431902591e-14,0.018936880326568,4.75325141681177e-05,2.31135920900499e-05,1.93013958704455e-55,0.139293435390431,5.89561856852343e-05,0.0133237715699065,2.96192946824379e-60,6.13852549611935e-18,3.30147576605676e-10,0.929291337950325,0.0823783323306347,2.65637561778472e-08,0.867043304640622,2.68540680639326e-35,0.000522425555577968,4.44400210230229e-32,0.00743871793935329,0.0107669899858514,4.76963277502348e-35,1.28665063101119e-19,3.02704014188089e-57,6.18432135394279e-39,5.35814831463276e-16,2.84821480965095e-13,1.13625737022703e-07,4.04598010786128e-19,0.000603369507733274,0.0725697935125369,6.61234110928739e-25,4.98969632254822e-22,1.60740412993908e-36,0.85660335878561,0.828599740279333,7.71455560994348e-09,7.87975069424016e-49,0.022679986118736,0.00572166443589514,0.000844949160024895,8.84850124738771e-41,0.00282723826742068,1.69365308270159e-48,0.810757596287198,1.06619002515573e-21,9.47575652343181e-24,3.20774026864598e-28,0.00467878548550786,1.64850040863217e-34,5.50276708088392e-25,6.02237545684431e-30,8.00865879510868e-30,1.50607001942284e-12,5.74184246923276e-51,4.89379770209178e-26,8.28829239363567e-34,1.17509465239085e-08,8.57465035066964e-27,1.1240350129643e-05,7.45489191307965e-28,2.19077990794172e-21,1.97578760929961e-21,1.01047628854088e-05,9.048206554711e-20,0.137793083614152,8.89619882702396e-16,9.57449505961924e-05,2.51884774266721e-16,1.51203204589341e-23,5.39274598229306e-22,1.18057987361534e-12,1.66337285118656e-21,6.17114465876258e-09,9.12030189678185e-38,5.51394817390181e-13,9.32745155279636e-56,8.59318641217808e-56,4.4311927661639e-13,2.3728800616313e-13,6.27630201907763e-35,7.62331309345322e-15,6.90333702487211e-18,3.90435780018866e-52,0.00209063766781532,0.608270036591211,8.86111992680617e-07,5.49076806958896e-36,1.39593401476425e-54,1.4116646216022e-38,3.24202676838098e-14,2.2358025730125e-08,3.68804008731129e-26,5.00147729729583e-58,9.57137681126286e-47,3.03858957180213e-10,0.000154611417366179,8.87315479239736e-64,8.07274152711451e-05,0.176730432577369,2.42409553578627e-07,9.50840279778656e-07,2.33591988357154e-24,2.0459281113966e-50,0.0174978973197234,6.70951131338519e-34,0,0.150550927241898,0.00536625361877578,1.29044119382072e-09,0.000430110827617375,0.143336504119115,9.43950890460665e-40,0.654569609348652,7.13507651461827e-50,3.18283137685753e-30,9.54267323099904e-28,5.55692167290498e-26,0.00239477017949621,0.000864639413900799,3.24771277880108e-10,0.0204642475315831,0.0008092883076359,4.25427526129918e-22,1.81339395707156e-32,1.02231541078131e-24,8.95224491948911e-41,2.23788753574481e-17,1.81971617536564e-09,3.36209591646549e-23,5.48905752984063e-18,4.24088104785044e-32,1.74211133522486e-19,3.26695324848722e-46,5.57733172523413e-17,9.30443798806215e-42,3.03056836352228e-15,2.18800624282501e-19,8.68558093848542e-22,0.000628363586673528,1.50991910614425e-44,2.23434293017779e-07,0.0989562050447733,0.0130143830057277,3.54465569021433e-13,0.412999208976098,1.2847098415087e-42,1.18975761105941e-06,5.53759245472978e-15,0.946256454030368,0.00134732786981681,1.26583927924641e-39,3.1273618792333e-09,5.82177415763713e-36,0.995303634263844,9.54697346022252e-21,3.85404900578898e-44,9.53005356804021e-21,0.000542562217078322,1.51775607994222e-29,1.39158358796942e-10,0.150238061137633
"Niacinamide",6.01958293128786e-05,6.58252408213216e-11,6.3053500414638e-18,1.46582211682999e-07,0.125248768359171,0.228533905460707,0.0431307023009737,1.33014586753747e-26,2.8003337044769e-18,0.000740106523005093,4.83111153013678e-15,0.290988855676684,2.97926187530978e-19,2.80311964373164e-11,0.0478402949392195,1.72596109001831e-17,1.83200023374779e-09,9.09254441337445e-06,0.286624835950904,0.553089799908615,1.20327676832623e-07,1.41047733603662e-07,2.17750506349121e-23,0.00765196706597173,9.35465940928898e-05,0.41764350906762,4.39458451888639e-25,1.20090538565351e-12,0.00211456027812685,7.25658823815045e-18,2.72529493147065e-11,1.17628202316345e-07,0.000443375413525955,5.16326156021331e-09,5.04919216944175e-24,0.396767587938037,4.77687841733129e-09,0.00391384406916013,8.9549087482961e-14,8.58928161757333e-14,0.000119911543283712,7.59044466095189e-15,1.08528474697314e-17,3.35575157545034e-19,0.0128204413684241,2.67898941760148e-15,1.27851946416523e-06,3.09676918705148e-11,2.01347761755104e-14,0.0037484742922338,3.06195564920378e-09,1.88288107216868e-12,2.02669801817e-22,2.62822002524566e-15,3.24428371187392e-20,7.43174344377744e-12,3.20831603990995e-05,1.59942489533538e-15,0.169286761984297,1.17637709828049e-24,0.58075167382321,0.27759928888381,9.40096640246702e-22,2.68044694819261e-05,5.9230381651737e-10,5.2720178089686e-26,0.00148901281813934,4.17478061826224e-16,3.98200534669333e-06,4.87828204287848e-13,1.11500121419459e-14,1.43252446162347e-24,3.79737780062489e-08,4.25318495714578e-12,2.5936896841896e-13,4.17743153258818e-13,1.13252692328585e-05,0.399273643004759,5.29703435866671e-17,5.71370157515382e-15,0.12203671175987,1.84465026275387e-05,4.02111426880933e-17,2.43017716597325e-17,0.115487244738227,0.744814997461934,0.970749900137495,4.08537983325248e-06,6.71912054417432e-20,0.126103934699933,2.65253454819952e-16,2.08190683914783e-05,2.57167937591653e-18,0.00107030684085211,2.15701384354899e-18,0.0307485135280225,1.78447525489057e-16,4.62236304456167e-10,4.18434191999946e-12,3.30687819328025e-06,2.83510612146744e-06,9.91399089789444e-08,2.58061766805085e-10,0.0948166874075076,7.59226565477357e-18,1.00172514085402e-11,0.000173331827310758,1.38323294950748e-17,0.0914910646632692,0.53611387115155,3.87785169416966e-12,0.00134948795407422,0.00124910951527393,5.49867074457102e-20,2.31835161277798e-25,2.39096151897324e-06,0.0228226908645798,0.0870495261503826,0.68209333255935,4.37749843648106e-10,0.00556078871890952,4.23103606016826e-07,3.04767812676698e-08,2.01826826553768e-09,1.20588422771604e-27,2.38622395479559e-16,9.76043984122678e-08,4.30761482194209e-09,0.016730979275025,0.150550927241898,0,0.000483713854982958,0.451383193708905,0.00499827037372405,0.919147398500499,2.47514357188571e-11,6.71792249614391e-13,5.76788984160278e-11,2.59001354537093e-06,6.09864361299481e-19,8.79884303522638e-16,0.115682741846077,0.243318014317456,0.0414718382766977,2.23030005401021e-13,0.113169666068882,7.4663392748622e-05,0.946604809761379,1.20881478055431e-06,4.3324454337983e-10,0.173385910764649,7.97927995268234e-24,5.23206685453868e-05,3.14501902199713e-13,1.10049861229305e-11,7.48437012954224e-13,2.58792109156071e-05,1.16328016018448e-13,1.28629718929288e-07,1.00771223769234e-11,6.11035885804542e-25,2.02000600544287e-18,0.0279926387761899,0.236214722251559,3.76045057829656e-11,3.97396361771083e-18,4.88752191924835e-08,2.58286821685902e-16,0.197579606627879,5.88682402685031e-11,0.0111823490865705,2.48442303282041e-08,1.42099070068535e-05,0.711945299802087,1.36199776326739e-08,2.17471599070349e-15,0.984582935130212,0.951743111997061,0.980951957363856,7.66709934233211e-11,3.62630233700777e-07,0.0175412726863182,2.58046805257384e-12,0.931891895253521,1.4036590695291e-09
"Nicotinic Acid",0.0055019144479529,9.5549083709534e-05,1.30790474968631e-05,5.87602266865432e-05,0.389457436342451,0.000404427843113749,0.255886711917086,0.424863678644357,0.00117581654300996,9.15296908793363e-20,4.04809219395684e-08,0.000896206260153999,5.35370311813743e-07,0.751856798380322,0.1585969665906,1.34917305000663e-06,0.0739868316785638,0.0044259424944581,0.00580173948434083,0.0493122598380174,0.468100449023261,0.117658941748513,6.42800639156318e-16,5.85186743709876e-08,0.00480559073328351,4.97721099119097e-05,0.161087156116509,0.976071266450944,1.08749813092134e-10,0.222383815100255,0.00431798268687344,0.170247587566192,3.09066079166619e-06,2.38504922254717e-14,0.00046532036037014,0.533969629320381,0.725385109023632,0.208743131439331,0.621779391125967,0.000692378391317869,3.46055394420152e-08,0.0817452586981279,0.000744632046925412,0.0392685539894457,0.0263692119974993,0.00536850891858562,0.000511787525078124,0.000448903378395994,4.58183124986106e-20,0.749578058802358,0.00223190554993163,3.08862132190299e-20,0.000941028830474778,0.372604758595376,1.98151095476415e-08,0.00698435566438477,2.77758930538304e-16,0.484109537981165,0.00426044601789882,2.44579718549825e-20,0.362094770365928,0.164657321419619,0.0179248648811999,2.33278672464271e-09,0.140270121362874,0.42155945937333,0.00066934806564229,0.00776341200665038,7.24201006677013e-07,4.5971480371316e-06,2.6622825548079e-14,3.13281893470286e-21,6.79989617790835e-05,6.30042107304921e-08,3.69217645328081e-15,2.13941203703148e-16,0.00750145378205151,0.374720754611409,3.70610368516916e-05,2.50428300544489e-05,1.62794621497147e-07,0.601792109656559,0.00402286771386121,9.59679429064063e-05,4.33210281662742e-09,0.09600559656253,3.04070106843787e-11,0.67756033682357,0.66691578196115,0.170945988659721,2.11959654262209e-10,0.139841454789406,0.00284262293681828,1.03330950161785e-08,0.000196710450899799,0.785124017397313,1.65391262387084e-33,0.543771717200758,0.0562401261954735,6.21928319863955e-07,1.73908163456077e-06,0.864856711622319,1.86790558331922e-11,0.000120524606721439,3.69302578783383e-12,0.0372015995437606,3.61328465253577e-05,0.000145009885871216,0.000216929818251858,0.0185607280852973,1.12644733513678e-11,3.72224333037427e-06,0.844848986940268,0.000675393320226731,4.77678001604059e-12,0.0810426692798019,1.3042099262397e-05,1.1828434773283e-09,0.0265591316598433,0.0589491920270327,0.662007974083487,0.212750181270755,0.14946399231459,0.00044732090627906,0.171056505078794,0.00198054890118865,0.114928653039475,1.73123429988389e-05,0.00725180209726797,0.00536625361877578,0.000483713854982958,0,0.0010812493342373,0.791702368254228,0.0197469772029237,0.000198560509181952,1.17261840019736e-28,4.5603206182556e-05,2.73007442486417e-18,4.22074633213642e-07,3.18070694652551e-05,0.907806559760905,8.54382606326513e-05,0.000198286022213612,0.160030164158232,9.57760232128275e-07,0.0055962886044091,6.51452465658002e-05,0.700142853147938,0.0068266714129381,2.63299725024413e-20,2.23564250625159e-09,6.79220757191408e-06,5.87924584394433e-05,2.07302468800855e-12,3.0650186735341e-12,1.14145849605298e-05,4.42138215172134e-05,0.0398804638787511,0.0102644217941951,0.00520944067197349,1.03098595412925e-10,0.000682547380450431,0.00344221239760972,1.18890447253579e-05,0.128364025474719,2.64539192467568e-05,4.12842394039139e-05,0.015967188993407,2.64335673927148e-09,0.790261231440324,2.3162788050512e-07,0.0171713815591394,0.0202114708842581,0.0334460558436151,0.000289003094228566,0.0161669268227711,0.00170429204366109,0.316973621125937,0.00300764108774916,1.11402951496471e-09,1.82471055544744e-05,9.17698784375063e-17,0.521940905345443,0.00187612305772769
"o-Phosphoethanolamine",5.28514251185193e-06,0.0340511268216558,0.540578803857183,0.000109486028579454,0.0012879047147578,3.71622171794377e-08,0.636610945935203,1.62796107026379e-05,0.0129047257381191,0.0575709848217793,0.0132785043854997,6.60038481813805e-11,0.648719241555112,7.5082875196515e-11,2.20637129942588e-16,0.530101976548864,1.11958896527285e-08,0.0199774273333543,4.62913629843161e-15,0.163090895555653,4.00814092106928e-14,2.22864826687925e-07,0.249518966924409,1.14522800167273e-19,1.64272600511937e-12,0.000151659610815951,0.0188422099528794,0.000118756116313737,9.46991592688012e-18,0.00295493331806798,5.42618877235749e-13,1.72128906441893e-13,3.03361514479901e-06,0.164072484688907,0.425295212137643,1.49603780112252e-17,4.28144528199334e-15,7.24861170399345e-09,0.0219810890106989,0.00685437895581658,2.69093872855166e-17,4.02372937545443e-05,0.0105796058496111,0.0155345557866668,5.20154629765803e-07,0.579651680139394,0.00148706881034511,0.121092627898255,0.00524455400339445,0.000737977000401297,0.0104164125626892,0.00175716707261478,0.0054832131663352,0.0161426930941793,0.131014145821303,0.472935929842838,0.000225516741774706,7.60354455868659e-05,4.99346381537416e-23,0.760638639449136,1.83273836156928e-07,2.77967799932169e-05,0.000126487255983019,1.41343701876574e-06,2.18224709083705e-08,6.86011795225813e-05,5.70781797931881e-06,0.948239982981503,1.18935391155693e-28,0.0908798782552313,0.000821246120982145,0.00339065656933881,3.64156218421681e-07,6.6707556207341e-14,0.000224528658019913,8.71506970120997e-05,0.950043374338173,9.54459310325078e-11,0.0202767804059829,0.000326723407390208,0.0111810172472036,2.91616746896112e-09,0.0102560412041503,0.0161978196693354,0.000430182907958832,0.0162205200015284,0.00134544957633792,1.82018642162874e-15,1.4655022805882e-05,0.40518121257122,0.734745712151546,0.11449705427819,0.0290493993982322,0.00916983022545606,0.110727115508953,0.0174386331936969,0.108740527545971,0.273658016016435,7.84687430735215e-08,0.000375749383749038,0.00110361199748019,2.97864339655623e-06,1.93729334104875e-05,1.18317505454526e-14,0.302769725212861,0.430188617600608,8.83655650525194e-06,0.758649337412784,0.000111190753851964,0.00173455144150002,1.95420979857376e-06,1.72730219570351e-13,7.53262871758832e-20,0.321519694476957,0.317267270994193,0.725907170669789,1.66604366011974e-14,2.80185923486724e-13,6.29269011644377e-14,0.0120443286011893,0.00484350514699701,3.25434945080171e-16,0.00011787847555535,0.0108601452621567,5.35875196919548e-06,3.54219916602629e-05,1.10144629584832e-06,1.81936889979109e-11,4.93844478329816e-12,1.29044119382072e-09,0.451383193708905,0.0010812493342373,0,3.86429907032977e-07,5.76060100597211e-05,0.106701958345327,0.118724778479681,0.00260438801164177,3.79000502773839e-13,0.0509611498582663,0.906800161424085,3.29889027381549e-05,7.28640650436152e-33,2.51914126622726e-40,0.000116845732660401,4.65540099484967e-05,0.621360868320639,0.552316856959253,0.000202991593529452,0.423265752375264,0.000875523577183537,0.704530383998332,1.79282648733778e-09,0.881127253885566,4.60186399124598e-07,6.0704627247058e-05,1.70949419560356e-09,0.143804796579895,0.263168919162483,0.0388262512597539,9.84474457235871e-06,0.00117130449932678,2.61732129751895e-06,1.21996524691452e-18,0.51560031327714,0.00319431381891876,0.0350050125523457,0.240748210495608,4.934201429206e-10,1.35908996210645e-06,6.57245200417601e-06,1.11079705166249e-17,3.82688350784351e-13,1.29388181234408e-23,0.272218015972663,0.000984026866461742,0.0202511246952053,7.30891556681873e-06,6.64505812839376e-28,0.0959339370464791,0.0221553392802027,3.21250679886263e-11,0.02382510099143,0.259778175755047,0.107960356919852
"Ornithine",0.499332508789076,0.123010990434332,0.00404809371228259,4.01534527095249e-23,0.0102886665574654,0.00281783854713488,6.98867513251801e-05,5.50864120744227e-09,2.39719850423464e-12,0.400947796677639,0.338665196722351,3.38893773092211e-07,0.00119708728864327,0.00425767860157485,6.55406891471666e-18,0.00357550827531983,0.0709024033997022,0.472268370425518,2.72745415998093e-12,1.04430260290953e-12,1.63957310813181e-07,0.00986475368075008,0.74320637713671,1.86115217264688e-09,8.89162381566891e-05,0.000943132980006963,6.22245020310837e-05,5.45813496421777e-09,0.000228625026422261,5.36426721404966e-22,6.61344504827266e-15,1.91768807983143e-11,0.184726091671941,0.0153668058099208,8.01552801077736e-09,1.91416048565417e-16,0.000747980896176606,4.20223425856278e-12,2.07237225395701e-13,0.0069285839343242,6.4755002931042e-17,0.23521003701244,1.74968775984046e-14,7.73221773051772e-19,0.168178292322761,1.997719501029e-06,0.306437771628531,0.0475847657267673,0.117040253960901,4.91796581279136e-06,2.29033373348818e-08,0.282635801961858,3.51364731255246e-13,1.26296471922347e-17,0.0200869783603476,3.05015987340213e-06,0.356042739374164,1.0489668167963e-31,1.20757011434342e-20,0.00135997571647209,0.0794412776943812,1.06757642920274e-17,1.58991988250781e-13,9.58952207611524e-14,0.0634851748208385,0.0280974273428767,0.103840647237802,0.00439636637148302,1.89854229718501e-07,0.000336444951360289,0.399697190634549,0.875834948722884,0.123482585218286,1.71165020651254e-06,0.656047369075357,0.808201806422962,4.48527096453034e-07,7.9592661488423e-10,0.00260278730616964,0.0357861807625447,0.655162493829133,0.00771307209830781,3.18779666781241e-16,0.00296567095394204,0.46692649472232,0.00982444258194636,2.05375539558686e-10,5.05392160686987e-06,0.00176881636968425,5.81657991472715e-09,6.9127956225244e-09,4.31895477960395e-07,0.380942232288211,0.685241827178001,1.92540027271929e-08,9.87054238256591e-05,0.363398709210228,0.13798391704873,0.00113962797594511,0.853889839829418,0.770101017165254,0.362784365246454,0.00524660707181843,0.039479375469939,0.297127082430318,0.58354193447255,0.754295483452052,0.000710457419587168,1.52401800022807e-07,1.39725288541608e-08,0.301312294117791,1.61811803651778e-05,0.00532737344473017,5.02947537786449e-08,0.00271528168130375,7.80317930744956e-06,2.37901582608008e-09,0.0011366595361986,5.99571691562811e-17,2.08832116694783e-11,0.602055111125348,4.18347149311309e-15,1.4246609272519e-30,6.74358402537725e-19,2.33444455059136e-08,0.297488380486223,0.20499402187067,1.10273435454555e-10,7.34994405775644e-14,0.000430110827617375,0.00499827037372405,0.791702368254228,3.86429907032977e-07,0,1.30946137148446e-06,0.0745717339338155,0.965722309710162,0.702562170824384,0.000575758426374563,0.0124235633017057,0.0051901786231249,8.79863355442378e-14,5.45556478643118e-10,0.00221947678183166,2.14276217874213e-10,3.04277735444108e-06,0.7791055663576,0.0156652919146922,0.235120513747208,0.0197368412913568,0.000798239893658847,4.75180037890677e-08,2.47413744207861e-08,1.73323054058876e-06,0.000115505075897361,0.143429712359357,0.130194462350804,1.19753586632622e-07,0.794892220107643,1.39463424650519e-10,0.886240219493076,0.0123189628019771,2.40066949724143e-09,4.36254456284341e-14,2.29972422606944e-09,4.31439553847997e-21,0.000222854623081922,1.98358448823897e-08,1.50926152083825e-21,0.433526335374001,4.80554631767625e-18,1.50574246339574e-05,1.67147806237448e-28,5.02478220923892e-30,0.882653459781926,9.26347151714804e-10,0.658374615677051,7.28188521347852e-12,5.5810212989141e-20,0.0588352438557014,0.000105210067328348,1.64368222460319e-10,0.559026658275699,1.91283662151623e-16,0.10189372505668
"Orotate",0.00280679208955731,0.000292949645267904,0.000180818483944199,0.219325024503575,0.906031249503706,0.329248059932971,5.85514642304632e-09,9.95291706915884e-05,7.15617303592233e-07,0.063615230712257,0.0168686199584796,0.714728900354939,0.00124910951527393,0.252634159825742,7.14523431752014e-06,0.00750065828804455,0.67414260006818,0.227984265613694,0.281456276437392,0.0310266255334861,0.963225124090778,0.000247032227901386,0.279815849191647,0.132745970219009,0.0391953276502901,0.0578083372003296,0.000657512458707319,6.00112318371365e-08,0.453527107058528,1.7405827889789e-06,3.47787148136094e-05,5.93380896253278e-05,0.146261727073451,0.356344434386071,7.74274894445822e-05,3.657790399572e-12,0.000815466019253827,1.52092142076128e-05,2.76088517814943e-12,0.00055706442876197,2.05080913521204e-05,0.0012418651146548,1.24402320064109e-05,2.92416622404204e-06,0.455360664215413,6.64560824298663e-07,0.000615238859915541,0.000133993164910469,0.203958114769216,1.20267281795436e-09,0.414892458751989,0.191329434542478,2.16152453394348e-06,1.21189221040201e-06,0.00650240957256825,1.19295091032867e-07,0.0488224539096612,5.07755396956765e-09,2.31498482498276e-11,0.0182575160759115,0.0100772988337097,0.0437404266703892,1.12937637431745e-05,1.45160824046169e-13,0.923933665629611,0.0232223460648146,0.109780850247892,0.681026978430635,0.000162245683195318,0.000285733511242972,0.256810221548511,0.0944066997325571,0.536285773521391,0.00294966989109511,0.360255389401877,0.524938707427478,1.84478339878579e-07,0.107847354274693,7.20398814616302e-05,0.000130756260689168,0.0296481174048738,0.300100840164323,2.03233654473221e-07,6.32264653447616e-05,0.241491883794156,1.45512542040457e-11,4.83529961753788e-06,0.251625609233167,0.00099333618625563,0.310121518690217,2.391587031928e-05,3.59583764286301e-05,0.000759964785116482,0.0586632809546081,2.67767484889368e-07,0.55251782934202,0.58075167382321,0.00411788539426622,0.718196926567025,0.0164595965939001,0.00495582667348223,0.0576361244388927,0.537940167164131,0.855058564627127,0.100639356103918,0.0613477558416798,0.0186087539233267,0.19061872243651,1.05260552526751e-11,3.2308523070092e-08,0.78551638736639,0.338267647303111,0.729555672497871,2.06431323024497e-06,0.520228566983021,2.97847067823509e-06,0.0342590471781078,0.979816576677159,0.577313053037266,4.38730643290424e-12,0.000883671041090171,0.010550785883614,5.33726654412546e-10,3.3147286624416e-07,0.457789995563082,0.126326437881025,0.12717452379571,2.74091800993135e-06,0.519848248911413,0.143336504119115,0.919147398500499,0.0197469772029237,5.76060100597211e-05,1.30946137148446e-06,0,0.000202298504249912,0.624431140279636,0.00667725864848126,0.0414577017515423,0.000570695637038237,0.000101544302121894,5.21569043963884e-11,1.98918236420544e-06,0.101493116546031,1.59146954884501e-06,0.00976454698037787,0.0214240888812704,2.63559696163427e-07,0.0629018914497082,6.86235604024443e-06,0.136356345870562,0.000422234627055186,0.74189373118627,1.61811803651778e-05,0.985781244472913,0.301796261695392,0.224440162767059,1.50563325340875e-06,0.00137406713488447,1.21002450918369e-10,0.728180845827538,0.110243888535101,1.34292651541164e-12,0.0391884135625116,0.000373814330850579,1.97330532564215e-06,0.553381339127876,1.29171500265418e-06,1.12896978908998e-14,0.0453168001490827,1.06120279349962e-15,0.00108070245807568,6.12814344462308e-13,5.70045887685859e-10,0.001734445726118,3.02950777655345e-05,0.0035459433920897,8.75021641841579e-15,0.00012083381996169,8.5576429863686e-05,0.00455022520450327,0.0010895468199187,0.292279308645965,0.00720283922325547,0.579311100869424
"Oxalacetate",8.50693425494644e-82,3.77119686227105e-216,6.57203775207246e-99,0.00329951791771061,0.0124802192466811,1.10415595177875e-37,2.06872083766031e-37,1.00926545483886e-16,6.63062364405093e-39,1.17217625703262e-43,1.36016397923242e-91,2.67629693861279e-18,2.27395185964023e-80,6.5459333561605e-27,0.0108234890750408,2.12233163163891e-65,2.93468991781698e-57,5.90761584076861e-07,1.00961469115774e-07,0.408542838473591,0.00730094157676817,2.82766743480789e-09,2.70671247250605e-06,4.43930976436083e-05,7.6457828536578e-10,0.794735141088206,1.49206687662835e-24,2.98706791369323e-27,7.94699510042971e-39,4.92004008031632e-19,0.0554310183340891,0.000861762308682927,1.72205400281156e-65,3.25859281387631e-39,3.72201730468405e-44,3.73888320566491e-05,0.0811115477484141,0.0431212018414064,2.05105995887167e-07,9.25725961011695e-116,0.00329866967679077,2.39276025449003e-61,9.63023448335319e-22,3.08297937931964e-24,5.99239925341748e-27,1.39196926420621e-82,1.54407695959382e-105,5.12570282174533e-242,1.24166163264197e-37,1.67490916175454e-33,0.397374342728945,7.43951082607875e-40,1.52042637729799e-31,6.26948921184201e-14,1.97353566574387e-92,1.72514675757423e-81,8.32369455138306e-48,2.50723215052348e-13,2.38998304976445e-07,8.83662469555569e-36,9.54261137444957e-27,0.0363021035369895,2.82000098131993e-26,8.87514455763128e-18,2.26999395514817e-49,3.22719800829713e-09,9.08106779120555e-49,1.14260760650663e-08,1.62834490037569e-12,2.17095214076601e-86,6.07127140391019e-70,1.18291178537852e-10,8.5224789859568e-53,1.51175445473692e-21,4.80178653492897e-68,1.76719086184017e-63,3.81436655467564e-28,5.13474284915072e-18,7.48650295558167e-78,6.08161591653322e-82,9.56198484018966e-05,8.25697701231798e-17,1.31806344600142e-36,1.69573046415336e-87,3.94580803000571e-22,9.71454907085031e-30,0.406502902776865,1.72744739588619e-05,0.000278363348727,7.36954366386436e-08,3.84143165670564e-29,1.11502678696791e-31,1.21140382589198e-72,1.32907754772928e-31,7.69896590417113e-62,4.53539650018e-11,5.89262326214908e-21,3.3837361896399e-77,0.012999922565032,1.40394816630359e-90,2.36317371921275e-98,2.311344429948e-06,2.21566968442793e-18,3.65167066997012e-20,4.86001088679702e-43,2.99996169703941e-52,7.97641740175124e-76,0.512356393765536,0.713510774237814,3.46253414036655e-14,8.83605457788627e-59,9.46249175111814e-35,1.2823047654691e-26,4.64524380665902e-66,1.69938866934474e-34,2.07829728618704e-71,4.26978843426449e-27,3.31084217613398e-28,0.00492410762300762,1.81856758545189e-14,3.34680761561004e-45,0.0106061002371647,9.31005701591147e-08,5.60580697121604e-33,0.0289034011901992,7.6112985738843e-64,4.41950465111615e-68,0.0135648872549418,1.81550015927516e-10,9.43950890460665e-40,2.47514357188571e-11,0.000198560509181952,0.106701958345327,0.0745717339338155,0.000202298504249912,0,0.0208292960420839,1.57237795139877e-125,2.3425096830146e-21,1.36543896393524e-99,8.53679103390883e-114,1.64754385318561e-09,0.380232549770357,0.335655429407689,4.64799024412053e-16,0.0679612747893054,1.53568725869259e-24,5.44218784285138e-29,2.03890169595985e-35,4.33764805737583e-116,2.82404608964344e-18,1.58891067776708e-43,1.17260741947011e-05,8.64320653181957e-79,1.19434464659391e-32,6.21428403606596e-47,3.98373642291073e-51,3.13775288358776e-78,1.12039214151201e-79,1.70799532067807e-65,7.08047217629612e-40,5.00521729791475e-59,2.56432205693246e-07,6.14672538703244e-11,8.93268634825448e-32,8.12901683930583e-20,0.760228363417934,6.17881993844734e-65,2.39643455868121e-05,1.33843812173575e-89,3.36327378332667e-24,7.53214355294993e-13,1.08378345235204e-07,0.0982951526162167,1.94241918474742e-85,2.85958533375776e-45,8.89708299179969e-30,0.182767407472464,1.37803499583076e-05,7.14000067112017e-136,2.52210295508834e-57,0.0723640460378712,1.02508350582863e-59,0.00741932798459719,0.0203512715918544
"Oxidized Glutathione",0.576095327281738,0.0207871392500628,6.5528585488374e-05,1.2646153778466e-05,0.000888918049569043,0.795350755540774,0.228047484827284,7.86557591752313e-06,2.381884323118e-05,2.44636918871553e-05,2.41169996696048e-05,0.295476152305649,8.86266261048124e-07,0.772493396855211,0.747862919839796,6.04320867940505e-06,0.72468446985729,0.418611910380891,0.847941678629974,0.579435980120523,7.0898403861025e-05,0.327334345450629,1.03432481360931e-23,0.295295547365982,0.211231249098127,2.8753177855805e-11,0.000771459931758887,0.164357632595601,0.0939640165538203,0.0319567520419211,7.49540322995548e-13,0.220755449488894,0.200120524147604,1.56839427413463e-08,0.000396001735403486,0.620008667370352,4.62809792023674e-07,0.915070995391243,0.00169497653094534,0.0508999158090454,7.83744964981249e-12,0.772006556119453,0.000502544408021399,0.00769347035937665,0.000186404994545693,0.0165414525434982,0.399182749788371,0.0333969823067311,2.43989728539151e-14,0.622704401312199,1.53895164547593e-05,2.50076345328017e-11,1.42877121528663e-06,0.0424340728453975,1.66171900383569e-06,0.0199838001464835,0.00131130965552252,0.0566640105864402,0.0348533494736085,4.8625702625905e-28,0.000604812773550428,0.48967271481342,5.78175175046249e-05,0.00018186859628406,0.684447706207755,2.66443316389947e-05,0.31053316629839,7.52261473933203e-06,0.00175908699594128,0.00412741320520951,2.03945047075284e-08,7.74590943308061e-24,0.0104644092694725,2.27831169697913e-06,2.39904105538137e-08,7.07368836344209e-09,0.00436292420058678,0.161197487099661,0.00227782002358667,0.00771307209830781,2.37230316959652e-13,0.0403065780242828,0.000768151416757862,0.00505200037552723,0.00103999994044712,0.000878473344802265,3.36020726476065e-09,3.02545109182234e-09,6.85702179781822e-05,0.938496149303974,2.13053041019726e-07,0.299291652636123,0.00661409647196083,0.000161470281406489,2.52515997653273e-05,0.068776156947641,8.86573927904182e-35,0.689362793902284,1.10961903593773e-13,0.0610394938910856,0.054123851665277,2.1327279229938e-13,8.02104518532478e-17,0.891481584387545,1.44371431089077e-10,0.141874174727973,0.847820044772505,0.507360923070351,0.000603426690325311,1.33146796168432e-07,5.43899599272191e-06,0.146776384449466,0.00219428022618528,0.000301944579163454,1.89193005334127e-12,0.466279951970904,0.376780668436833,0.0483393050633394,0.0249081078304894,0.752592402200289,0.0669374932956793,0.00343511184736236,0.0426981649753188,0.0342163672436805,2.23237407836006e-07,0.0379976461919587,0.579226721402643,2.45041429274488e-16,0.23222444167202,0.654569609348652,6.71792249614391e-13,1.17261840019736e-28,0.118724778479681,0.965722309710162,0.624431140279636,0.0208292960420839,0,0.0105072852447798,0.000204165526893356,4.83055714978564e-05,6.19931290720557e-05,0.000660594340470951,0.630243239843853,0.0182159536324262,0.0131998356031181,0.00598857341052906,0.000432927731774674,0.0694995924290184,0.514143055500052,0.129040210217989,1.12850861557306e-05,1.56965138757793e-08,3.91314299282174e-19,0.00155279956180336,2.0118409399926e-09,1.88223491844286e-06,0.081256951810518,0.000909151749192712,0.0982782761186426,0.00867363358772897,0.00590658784439,7.59642384868511e-08,0.197432549756851,0.205371195990173,0.0182809833319695,0.0133976421232371,0.00876890203077223,0.000264437820799547,0.116222116423777,0.00304777290597843,0.644330324589062,1.12709467047437e-06,0.219278335807803,0.0819516952760589,0.0660982798837905,5.41755623866767e-06,0.884479651765703,0.00588133104580365,0.125622793789799,0.111922175663548,0.0309158238538354,4.63793277249975e-09,3.67695296049619e-13,0.637874640375289,6.17672102603384e-08
"Palmitic Acid",1.31237094487818e-101,3.7218816489457e-139,1.6280488164863e-73,0.0787337012059686,0.00222781930411104,6.92078427752455e-51,4.92304522337017e-34,1.15430034082398e-12,1.35477870083971e-28,4.00269044423126e-45,4.97859381889055e-85,1.05325525152557e-26,5.6271138518065e-69,9.59766718371586e-34,0.505887856992064,4.1756018516228e-63,1.4836821893351e-70,6.45723195539644e-08,8.96592798807181e-14,0.0176384433306001,7.40026122928322e-05,9.92527338520408e-06,2.65229025545864e-06,3.32289205994788e-08,3.40459731228129e-11,0.867364873081143,2.15623684392789e-18,2.47724515179682e-18,4.70597400281751e-50,2.01410849572858e-12,0.577318233291041,0.122203538382048,2.02489052898036e-86,4.84363152457499e-42,4.42030894807079e-33,0.00309147698556105,0.53763041590101,0.00165514707877918,0.000268610602507308,7.36969333609406e-104,0.215992387486324,3.5920904319999e-59,7.09284662337443e-14,1.02205450099876e-16,1.0256656250314e-28,1.70446447344775e-60,6.07993615323655e-106,2.55420532569097e-125,5.61110832432343e-36,2.56765521349537e-22,0.0373351130401788,2.68369945800772e-37,5.44967991121977e-23,3.00181234124051e-10,4.43369162019389e-80,1.01831652476032e-65,5.73031639552708e-53,2.95141119718984e-08,0.000530641840438797,2.16666276961837e-31,1.17975332802582e-33,0.272795350901724,3.79378916661489e-19,2.8487776683292e-12,1.28500173246303e-59,3.50887328695973e-10,1.19819992913675e-62,1.76680252374885e-07,4.93582070114794e-18,2.50337775596402e-71,2.02367765279312e-75,4.97464195778552e-11,1.71759604307381e-68,3.86516161812949e-27,1.197229360825e-76,4.15174958861443e-72,8.48632409590008e-26,3.03601300100043e-24,1.29113749112601e-65,2.64460613715495e-76,6.34495335222687e-06,4.62119646708528e-18,4.50521811826045e-26,1.00897354102021e-73,4.32982974523847e-29,3.35574307442429e-23,0.0728295517064422,2.47827766342214e-08,4.3249201211878e-05,1.40666407997604e-09,2.3490864898851e-22,6.90765097501156e-24,3.85498027154944e-66,2.47788851254343e-39,4.22553618425945e-46,1.39960999412169e-14,1.04054151852978e-20,9.74904597881253e-66,0.000330306403241049,1.51502105249074e-108,2.31201565244156e-115,2.35307858315983e-06,1.07371176331135e-23,7.46502852506237e-28,1.77173353493159e-37,5.55403296003503e-46,2.38435891206203e-79,0.805780670646947,0.200163780761124,5.91676461146571e-10,1.26106357574245e-77,6.35385632931157e-49,1.35658623919242e-33,7.08226947835411e-50,2.6182552853176e-33,1.56635068430753e-53,6.31470420649816e-40,1.20569895452737e-40,9.98600826111067e-05,2.85983113934068e-10,1.16484934561414e-45,0.645576484712103,0.000238924821569925,6.85827577619773e-23,0.438025487030253,4.13640715107298e-65,2.47004077999093e-81,0.230452074436645,8.58502785165372e-15,7.13507651461827e-50,5.76788984160278e-11,4.5603206182556e-05,0.00260438801164177,0.702562170824384,0.00667725864848126,1.57237795139877e-125,0.0105072852447798,0,2.26317955096235e-25,1.67013567884959e-89,2.14360896320902e-84,9.94241147442019e-06,0.474352159261387,0.0437998096772926,4.80287279447349e-10,0.00200630146823214,3.95061007079102e-26,4.87600076095857e-30,9.76292122795101e-35,3.97320635442571e-88,7.48999174656938e-20,9.26765167071567e-34,1.4856520305116e-07,1.67586008972524e-60,2.02475100844095e-39,3.78700142104659e-53,1.00471156779097e-68,9.61373313344579e-54,1.62595114904275e-86,1.66308193483883e-45,1.60043030792495e-42,6.37438647075877e-62,0.00017658759383258,2.56207282340658e-16,1.22280719431943e-22,4.02583766706406e-13,0.403228413357969,9.42021220350683e-46,0.0112290697654322,1.22861679459156e-101,1.71888462986071e-15,1.16613183359124e-17,0.000578917564661772,0.922241694356226,5.97647016644282e-93,9.83529786453077e-35,3.67469824967176e-37,0.900354302251674,1.77717245533034e-10,2.71666287356712e-106,1.55011439253466e-50,0.00251342682614136,1.39200768236008e-59,0.000505499213565611,0.161103686900764
"Pantothenate",3.18829397300905e-25,1.58972243966579e-22,1.8372175640794e-19,0.307567269779514,0.00493566540296576,3.43318649804361e-24,8.9819165673741e-08,0.0238005740813436,0.000108144371687018,1.6628552992122e-23,3.50441750221412e-24,2.85922428122326e-20,3.52735473856156e-15,2.46849317473998e-16,0.0172615368871757,5.4763593239753e-16,1.38279961499107e-23,0.0127677058077418,5.5856648970459e-14,0.00654356184213064,5.70199142879108e-08,0.695020752395906,4.92804124969694e-08,3.24605398506211e-15,8.14771115768115e-18,0.710020331705293,1.10144802528469e-05,0.00627464644134954,6.37359324474083e-45,0.104154081010957,0.0627594066018151,0.0060182056925884,3.08409329717606e-31,3.07691564268722e-20,1.17572234348308e-09,0.236687594283903,0.306891707290736,9.17712255684158e-08,0.73388958468219,4.9243352151086e-20,0.329248059932971,5.79349582962736e-20,0.00082208998400639,0.00976490898002739,7.48786739063117e-13,4.96073721296241e-11,5.55739193536374e-25,1.82932779437829e-20,1.42134625605825e-21,8.78401288424222e-06,0.429363608124788,4.506858795745e-25,0.000796046371472866,0.0202830663213975,2.88208910466201e-22,3.46523276449222e-10,4.1177328286942e-33,0.586659542309094,0.00470818284302435,1.21790509376841e-14,6.86457475361906e-11,0.03695346502587,0.011529834292103,0.355434869004042,9.01822752223734e-22,1.83653708650185e-07,3.94901087933354e-22,0.136552465996933,1.6345282511337e-24,3.22949024897178e-15,3.00045288985038e-28,4.16328357755882e-14,1.06262169396867e-22,2.30574960819451e-27,6.81414886914568e-30,2.76558408129497e-31,0.00529765657806297,5.0912896463103e-17,3.88838094077769e-18,7.12981901069249e-22,0.215070313688002,2.23616246490408e-16,0.000367774291582223,1.34644814426784e-18,9.46400392235699e-13,0.00112833303675008,0.0957135665810341,3.04369503574745e-07,2.23200834771155e-05,5.44739796056686e-06,1.50088046178828e-10,5.03733208443055e-10,1.15016891663727e-14,5.61018778365086e-13,1.42058277199984e-08,1.1367629454211e-08,1.61865820095986e-25,2.67977145217304e-17,0.0137035947019758,2.38150473179097e-30,6.97296478638256e-30,6.72335084138367e-05,2.51370905715765e-16,4.23996455387772e-23,3.58453743077874e-24,1.35311399138269e-12,3.33868143125529e-26,0.0814424758405769,0.0066711933128234,0.194641727370669,1.31854906155342e-34,1.54184197458115e-37,1.8367060212093e-17,5.47516469124502e-10,2.70654739111769e-12,5.33528509409622e-11,4.67736963438244e-38,9.17661697174858e-32,3.76058853983672e-07,0.337122156592049,7.49131424961737e-17,0.312094117502633,0.178470487916028,7.96233071803545e-06,0.442322395555394,2.15284811965085e-19,5.69187761948682e-21,0.771112069136851,2.98652067076357e-16,3.18283137685753e-30,2.59001354537093e-06,2.73007442486417e-18,3.79000502773839e-13,0.000575758426374563,0.0414577017515423,2.3425096830146e-21,0.000204165526893356,2.26317955096235e-25,0,5.76034439994454e-20,7.84628556649759e-16,0.934426260681985,7.91757948235948e-09,1.18603846021094e-10,0.0813178738964899,0.000250369575894448,6.22235645052722e-05,1.6492611140123e-14,1.89424654901205e-10,4.01220525810688e-19,1.5110631762924e-15,1.88931346928703e-11,0.000257223294891703,5.79307965610459e-11,6.07367707788605e-39,5.50779682530437e-21,5.53735953962862e-26,1.29042185123065e-11,1.54891171867654e-18,1.21052442192684e-07,1.4152213120662e-19,1.59645892520379e-18,0.0220345157858984,7.38676507081917e-23,1.82044455894728e-09,0.0761450156460179,0.0310360755469786,2.19316039717308e-11,0.456036935701508,2.48449147462854e-31,0.0957571880677697,5.59116845428659e-23,0.0543240470743015,1.50050076684317e-07,1.34946376757752e-18,1.17257319433248e-06,2.06353664256436e-13,0.0524656912708042,1.90809695129819e-14,6.64427770424034e-21,2.74060044150603e-18,2.17562608117535e-07,2.97051214502653e-32,2.4248779723228e-05,0.0460631622253577
"PEP",1.31250890636997e-55,5.98878522628944e-98,3.69238482987394e-114,2.11866074556386e-06,0.18767796234863,3.69918796644638e-28,1.05287744475877e-23,5.20781907222451e-21,2.25669711814311e-55,4.08644817982928e-43,2.14309149165522e-106,1.63921944366292e-12,2.94820231129273e-115,2.96813042574078e-27,0.0302632558207171,1.04161191202915e-92,1.4918176411084e-53,7.93606436055886e-06,2.29880426039667e-05,0.334333372307454,0.140343349006921,3.18341881000485e-10,6.86920833623742e-13,0.000154719675130585,4.50201767175383e-14,0.0979282078725332,2.4084671920419e-28,3.77450286552633e-27,6.66540861687569e-33,1.4102938090592e-27,0.000346209789807586,2.15632311612998e-05,8.04874903774131e-49,2.0768709211409e-40,5.5418053596697e-58,0.000413949343257009,0.0393745565174942,0.0351669157389083,2.91162728673595e-12,1.28023259427625e-116,8.0189864553266e-05,1.97586048453096e-64,8.65053327410901e-29,2.26015080716661e-35,7.07643868660068e-18,5.05936143596675e-93,1.89961584811177e-75,7.86603954878434e-102,1.69727922103178e-57,3.41618636722041e-21,0.14100149405015,2.4192445916711e-53,6.25758494770428e-45,2.278133469897e-20,7.4322076022535e-136,3.69031898503963e-85,5.2558652176681e-45,1.18127507915591e-19,3.54202197574229e-06,2.15035551032133e-52,5.68079789423147e-18,0.0445612096892684,1.18781118256936e-38,2.81367816495805e-13,4.42310694650481e-49,6.71601445145743e-13,4.48036454836406e-35,2.4052199700294e-13,1.71134265361133e-13,2.75746557460291e-102,8.66400367527765e-98,6.74154044249514e-20,4.91093849912703e-46,7.60708082940578e-24,4.77257322380242e-89,4.0297173637165e-83,4.04389726666393e-27,2.58779632372454e-12,4.66507511018425e-107,2.25361743955419e-95,0.03695346502587,3.01017251173493e-14,1.82537838298445e-50,4.36807659370768e-114,1.16871309584078e-20,1.28501246222442e-18,0.579586164177976,0.0124235633017057,1.3557806378081e-06,2.71026108413308e-05,3.06540909294002e-38,1.30279034239115e-26,7.9985959079357e-82,3.40458976433079e-31,1.6589013427834e-80,3.12341540050906e-07,3.79616582911959e-27,1.22029319016939e-55,0.666661244017016,4.87279543348937e-68,6.70954930744024e-68,0.0129877767197981,1.15390024105391e-20,9.96847109880439e-17,4.87112665775484e-41,1.46957672117274e-52,6.22029454308572e-61,0.0133674398427868,0.169463383467525,4.54567873956167e-10,4.5271244551831e-52,4.00737177831138e-24,9.55213430375972e-22,3.70661746259371e-83,2.3630695915989e-51,3.33143894308474e-55,4.96096087317343e-22,2.00220135542226e-24,0.000808552192645352,2.76938231964216e-15,4.46121097007736e-32,0.000707631317293805,4.75023859262368e-13,6.20122273047118e-36,0.000252137834633955,5.02638576011049e-64,1.0526276382331e-54,0.000108307879402147,1.5170732624813e-05,9.54267323099904e-28,6.09864361299481e-19,4.22074633213642e-07,0.0509611498582663,0.0124235633017057,0.000570695637038237,1.36543896393524e-99,4.83055714978564e-05,1.67013567884959e-89,5.76034439994454e-20,0,2.68536070179752e-106,4.70593459381016e-06,0.24772764638142,0.882627942501858,5.6428034325568e-19,0.0386576865588162,5.41854057121625e-19,8.92074698694618e-21,1.21394846961132e-37,5.45654606141394e-81,1.55709823778201e-17,4.31516497598691e-66,0.0724713430119013,3.20590190248072e-94,5.84131977537298e-31,4.42289409896881e-65,2.6809644465979e-43,9.01782290927425e-77,4.40909941388909e-51,2.90975818518098e-60,1.82672888611041e-53,3.00462390418328e-88,0.000240765333947388,4.36035130608016e-07,2.18076948224622e-39,3.11047100317804e-29,0.210263228204633,1.30917370259315e-75,4.77579353687636e-07,7.80683708998981e-95,1.96544730423139e-20,2.67616812301843e-15,4.00885161787379e-08,0.0643978197988826,5.55926842589587e-57,2.33889552327442e-57,2.05833204075095e-21,0.58370332352431,0.00021520882599876,7.16078873973811e-94,1.15834334151987e-63,0.0288668675580549,3.82365038882907e-60,0.163199080715363,0.00468503347129385
"Phenylacetic Acid",1.51197194761816e-52,1.57830789299178e-106,1.47811132304033e-119,1.82037253010022e-06,0.504522261284139,4.47811924159197e-24,6.25433891920927e-27,1.2694775813812e-23,3.1450167510736e-57,1.24185265931583e-40,6.88580228892775e-95,2.79716565140666e-10,7.75900569137664e-121,3.2546696346253e-22,0.000151523896788387,5.16225536122406e-85,4.25099289263504e-44,7.16286716614809e-07,0.00023205283034979,0.434555889389855,0.559692251501845,1.08530584907891e-13,2.10709934745375e-10,0.0122126921505062,5.65029486189138e-09,0.0658505830627281,4.19334073144242e-30,2.82828056009357e-32,1.69543269228024e-26,1.27176465663735e-27,1.2170844980595e-05,4.32910426213738e-07,1.63152118540617e-43,7.35014078781614e-42,2.28942436006529e-57,1.32954674982639e-06,0.000673986258943997,0.105701386168257,1.32606211226644e-10,1.26702113719986e-93,1.53676152090537e-06,1.15124671236621e-52,2.73559362389555e-29,1.31970336808016e-34,3.73512037184346e-19,2.06659313136225e-102,7.16638554339842e-70,3.51974201512543e-116,3.615535852726e-45,4.70218452223095e-30,0.287295715379835,2.13407111927886e-44,5.13360420131764e-48,1.48738655293431e-19,5.6406397707955e-111,6.36021633302079e-93,5.93946542102055e-36,1.09176368121424e-19,1.53416592240141e-09,1.44907850312496e-49,9.93530944271149e-16,0.0086809515148708,8.77064886488661e-42,7.23728308075462e-18,3.84501823415491e-40,3.35645262442192e-11,9.54178964947682e-33,1.92231054560371e-12,4.80292809842992e-09,4.53296390327761e-83,1.6346800068866e-73,3.82241127364184e-16,2.4076053608672e-42,6.10005036385259e-20,2.81930950326097e-68,7.73363762388063e-64,2.1422893716675e-27,1.87879036866681e-10,3.18302988137028e-77,2.52420032238355e-67,0.0141867187281837,1.68440573488211e-12,4.34658374387272e-51,1.02820935123936e-81,9.94605245098882e-17,2.84937354218175e-23,0.509610134166953,0.0557260307770466,2.13474496930859e-05,9.13548942812338e-06,2.88962245188921e-40,1.18972709745087e-28,5.47971687060829e-71,1.06492662542433e-25,2.85412892789037e-85,1.52854060631491e-06,2.02485360555589e-26,1.16663884743902e-62,0.842905867123601,1.63894512748112e-65,2.62446891965678e-69,0.00881342796547972,4.0335345838721e-19,1.2733097889907e-12,8.72063055894495e-47,2.44700731153654e-52,1.55261072028664e-52,0.0460106649298447,0.227670202995389,5.41275325457807e-12,1.14678148735413e-50,2.5095284176022e-23,3.91223341617564e-18,4.21282361503235e-93,4.06066893482985e-47,3.93212752563606e-62,8.26427971902443e-19,2.39718912148473e-18,0.0304796624063342,8.98984886724786e-17,1.30881594659413e-31,3.4904717535272e-05,1.03825406924513e-12,1.65658499780929e-38,2.1902031147403e-05,3.23881540674771e-61,1.21245491086696e-48,2.90900710403924e-06,4.40773256128962e-05,5.55692167290498e-26,8.79884303522638e-16,3.18070694652551e-05,0.906800161424085,0.0051901786231249,0.000101544302121894,8.53679103390883e-114,6.19931290720557e-05,2.14360896320902e-84,7.84628556649759e-16,2.68536070179752e-106,0,1.25586636648709e-08,0.0113902453427964,0.27607239963376,5.24735661923927e-22,0.325810454788579,3.79524921502782e-18,2.82070789011144e-22,1.97300236681423e-30,6.91239986730988e-96,1.71215974170533e-14,2.61890858264567e-58,0.0523354189199034,8.47099248261655e-96,5.3269527469969e-28,3.00944120840415e-48,2.52634826136071e-35,7.95918709637701e-93,8.64440323926969e-60,1.40538645536084e-72,3.55224640003268e-40,5.85692986106821e-65,2.54832758829526e-06,2.39311452268748e-05,3.67662679361889e-36,5.44218784285138e-29,0.264804711229686,1.13672015423356e-82,2.22749736546595e-07,9.68289032396952e-70,2.62688168104075e-26,7.74195950315073e-12,4.15480925608567e-10,0.00807820505445366,5.82431942155567e-66,2.50407439153957e-65,3.06807063719767e-22,0.44289968595926,0.00698477518590652,1.73672927625011e-99,9.5029743655476e-55,0.0810426692798019,1.42115843866353e-61,0.0818352025014169,0.000124146960400631
"Phenylalanine",4.71716862784596e-06,1.38613346972908e-08,2.07632472852433e-07,5.6488592836976e-06,0.0937041704800689,0.0111236692363516,7.9187931632235e-23,0.00200868472901852,5.64053617329419e-11,5.11897963746543e-10,2.58765056452787e-05,0.352209308263174,3.05273637759403e-06,0.0402390467337249,8.18155616149613e-17,2.21711360395056e-05,0.182774331760751,0.00156703181954736,0.00158981683775825,5.27263760552563e-14,0.721233706828107,1.09480417831293e-09,0.0518214411166618,0.103403387347149,3.75366854632844e-05,0.105877956037879,1.22084597538695e-05,1.33275489250782e-16,0.108930539335427,2.46258963796747e-12,0.00134726966914365,4.72169967952727e-12,0.000367774291582223,0.000117190572254044,4.38488657440648e-11,3.73129299310165e-17,0.0473427873518977,1.03077207338789e-16,4.4028600377048e-06,8.26284925875698e-07,3.81439841179861e-12,2.14543648687079e-05,6.354492691828e-15,1.2594781990904e-12,0.00115607753432898,1.2606548811369e-13,1.77615376933634e-10,1.08716774442876e-09,0.00586176347460678,1.89107040439308e-23,0.60001449825679,0.000114738338142315,5.28293391854173e-09,2.13056057551254e-09,1.24868073597116e-05,5.09093694681508e-14,4.67712794019625e-08,7.06582864149477e-13,5.50301721505756e-40,0.00285097377592729,0.0035520144111646,2.56440669111006e-18,2.73769384807412e-09,3.71357668601469e-16,0.488653628365456,3.03431664639837e-11,0.0218999897587844,0.292105743726399,1.64267112584557e-06,5.54941293931292e-09,0.0030298391525295,0.0326052128872749,0.425051060550566,0.00104360840490377,0.00546468411069364,0.0119301433439342,4.8572727064681e-11,0.741956957555373,4.47976984392608e-07,4.62623793813069e-06,0.000489078355209379,0.0577233826092654,2.16877463944996e-14,1.85528373991199e-07,0.130958598879806,2.62634801688563e-24,0.0019341765910145,0.526304100984675,1.80261850996798e-18,0.00833739274894493,2.84036745118002e-08,1.70798767547066e-23,2.29047722649911e-05,0.0210243500891242,8.68148067709977e-12,0.0182203433023257,0.954753815546215,2.65884885898558e-08,0.0245511440022295,6.35098798776357e-08,2.58684541811381e-08,4.31755437506571e-14,5.52730026847503e-06,0.594400551370694,0.047150190109534,3.70246360188685e-06,4.07530583023075e-07,0.0100962819022785,1.22079619959433e-08,2.18483581137428e-57,0.0513046830032198,0.564709661657059,0.548672939554598,5.73250013312411e-12,0.0785535467842691,1.3345006407527e-24,0.504237179546602,0.359929638808176,5.85037726869002e-10,9.01358453366608e-11,5.37314901938339e-11,3.31572387311119e-11,1.15831134451372e-14,3.55851461489354e-29,0.572561283684214,0.00625596054389323,0.000413872661134201,0.000360011809121058,0.761459240121373,0.00239477017949621,0.115682741846077,0.907806559760905,3.29889027381549e-05,8.79863355442378e-14,5.21569043963884e-11,1.64754385318561e-09,0.000660594340470951,9.94241147442019e-06,0.934426260681985,4.70593459381016e-06,1.25586636648709e-08,0,1.03072832073473e-08,0.935969027270663,3.7211858790331e-19,0.212891931515887,3.27600920721421e-06,5.11481030113252e-08,0.141975092296463,1.56590480147081e-12,1.14889370507631e-07,6.06708258599407e-09,0.187105259853309,1.73660485883095e-11,0.715625481504687,0.0137747942416004,0.12412283165549,2.56655903420047e-18,1.76762197143513e-05,3.0068500965738e-21,0.945963342393827,0.00416110019692894,2.99763503603585e-15,0.873994510875453,3.03056836352228e-15,5.36214974654444e-12,0.0639976728131385,1.59758625740206e-12,1.82567682838205e-28,8.33647730727084e-05,7.45293345244787e-39,6.68875138938605e-10,1.40090349467477e-27,5.10257069557137e-30,2.89582979880872e-05,3.46612270464802e-13,9.10355076938046e-07,1.74662554250113e-13,1.16448242800798e-08,2.61038356571674e-10,9.27463090464846e-15,4.33772412616237e-25,0.0108787086702856,1.67776047771149e-05,0.236398452952145
"Phosphorylcholine",0.0647639545142845,0.763335774933541,0.00866003324967301,3.62318163328407e-08,9.26733175687605e-05,7.29768656712949e-06,0.841779409280307,2.13387394426348e-12,8.32338182983593e-11,0.505486036671628,0.523102514373233,5.94966328389517e-12,0.00922833435869508,0.00155879574753753,5.21896913281686e-19,0.0183475746187973,0.0377417469111495,0.964555432826134,5.63123776995034e-21,0.162274639077267,1.7547748697278e-12,8.99121448011421e-27,0.0496497992747349,1.05812390465479e-19,0.112677029394945,7.67659168208608e-07,5.38671750566137e-10,7.95449900129517e-16,1.01380774923624e-07,4.05820136354576e-16,2.94490623854013e-25,5.01981169551767e-40,0.00149118663006413,0.41777087499546,8.82212183918886e-08,1.91129826018164e-12,2.25904123781556e-19,0.0016356707757084,6.89447341138156e-11,0.609772020826422,7.61722543973503e-17,0.273143962353579,1.03244907863042e-13,6.49792456749815e-14,0.15114236380681,1.58083055322694e-05,0.795312551478311,0.304491580393073,0.630790295139917,8.47606972352344e-09,5.9644669422183e-11,0.662407240989524,3.28404819667757e-12,7.18125638638764e-12,0.0848489347339229,0.00104360840490377,0.0145593062774195,1.99698055957033e-16,1.51595771864874e-26,0.0443986347285551,4.6709852563296e-05,0.000479900115384591,3.44525803726397e-16,1.94103837063887e-13,0.050507850957773,0.126731988555666,2.90060712431087e-05,0.00483675736459557,1.04029095858686e-16,0.127637826674735,0.5767740840875,0.641341004869659,0.000809126163936814,5.49573487638581e-05,0.263881751936538,0.178146195551448,0.000210919642324528,2.83284669942595e-06,0.145030428590678,0.729501248303507,0.0913138755347314,0.376265617659288,9.78952198791135e-12,0.241520294049799,1.06983850322446e-07,0.000284052050139755,0.000516081310693958,1.00683243375519e-17,0.0181567681879587,0.553501450994151,0.000772922423531367,5.16889769120654e-07,0.142359419223071,0.000287377536080123,8.66051393593948e-06,9.02925351591412e-07,0.695475462987661,0.00627422648969964,9.98707454564811e-13,0.263107872822741,0.324807849825282,2.59390984590122e-05,1.10231674169913e-05,1.14877107547424e-15,0.697567672168952,0.00066428288650647,0.378544793569906,1.61925103377019e-07,0.139956841291874,2.89544958395394e-09,0.003113397521377,2.40001945974634e-11,3.08276708433766e-05,4.17990317216233e-06,0.0830767229744549,0.00100142423344069,1.58274386179981e-10,4.97825847071186e-12,2.02808118476897e-06,6.31517051837085e-11,0.74186140244262,3.93412736492406e-22,1.23263614876771e-16,1.90185795789404e-08,6.08123896972195e-13,0.658737248743322,0.337373228636958,1.3851309979391e-18,2.78512598533482e-14,0.000864639413900799,0.243318014317456,8.54382606326513e-05,7.28640650436152e-33,5.45556478643118e-10,1.98918236420544e-06,0.380232549770357,0.630243239843853,0.474352159261387,7.91757948235948e-09,0.24772764638142,0.0113902453427964,1.03072832073473e-08,0,2.68887372909248e-33,9.67732348613511e-18,3.57554913777964e-13,0.42661764672589,0.63462869266604,0.664037042437537,0.0188422099528794,0.000716930015159171,3.91813223729471e-05,1.89230809717767e-06,0.000741312989562571,1.06424330399499e-05,0.269944688129921,3.12775490482212e-06,9.9926111581328e-06,0.718196926567025,9.2094748942857e-06,0.999142143390486,0.630253873059299,0.00791988951755522,1.7966557097423e-18,6.11707422623316e-08,4.1741653972921e-16,1.38856826388837e-10,3.79811577136525e-06,1.66886714576153e-13,0.124350877297614,1.29931348844933e-13,9.81397708209536e-10,7.52176913770028e-30,9.64216170050424e-39,0.949106780162488,3.03619270579544e-10,0.149786314860638,0.00114578779486344,3.37297769551285e-23,0.103600420248116,0.31506122426262,4.62522569154887e-13,0.540868385114923,0.0352963197840626,0.000321240873989893
"Phosphoserine",3.51417860854116e-05,0.156649483116116,0.284308166649672,1.63112814510617e-06,1.46964666257445e-11,5.67244941257702e-08,0.000739314617527535,5.9921837887885e-08,1.75501829310266e-06,0.0526332774805412,0.685350037453651,6.4800089259578e-13,0.072844372232342,0.130131773597116,2.51628811265051e-11,0.129474061693226,0.0267400254020666,0.191960413871954,9.99365521150875e-13,0.569817284084839,2.82506109924939e-21,1.58005290738063e-17,0.0223379824075367,6.21326330070147e-20,0.183643036895872,4.03459707096729e-08,7.53540776430666e-05,6.9757599413462e-06,1.26661118921473e-11,7.08637426040279e-08,4.54374342750159e-17,3.2546696346253e-22,2.17744280712139e-05,0.273617629442155,0.0154941478056727,7.4947492796344e-06,5.64901780114963e-13,0.18323550306798,0.000233816783576112,0.248280294487624,1.13993645368451e-12,0.090488757634993,0.000198710327771161,1.61585977848167e-06,0.000877928711860271,0.0678301034415367,0.00720262109115786,0.419926785877676,0.945244778748561,0.174800185548826,3.00794251518139e-09,0.330365724231949,1.11326809174689e-07,1.86396613187719e-05,0.59783306912444,0.171620792003344,5.31437505298477e-07,4.2471348472256e-08,5.95000250989034e-10,0.05855639444121,5.82037238317072e-10,0.0262686214191116,4.57531460594018e-11,6.85481676377661e-05,0.110942877119428,0.0228043656134065,7.85390716015523e-06,5.41336158134835e-06,3.68832482634985e-10,0.926214779318744,0.439316053980356,0.0756014834531022,0.0168645174411331,0.0041842702921825,0.226974827533545,0.16852301710865,0.341462253746649,5.30516097660475e-10,0.671843887279824,0.0294174048954423,1.41461948733401e-05,5.69111059981477e-06,2.33290679333311e-05,0.482851755466872,3.79979797124045e-05,0.919492317670084,0.00603947279005715,4.55489850041535e-18,0.0360477534658655,0.848296448462804,0.0168238827809465,0.639295626004721,0.655005685235046,0.00552822224709322,0.00325433136318031,5.72148834740483e-05,0.672169379724068,0.866203399698976,9.24189537443412e-17,0.00293185424469754,0.00370613912066583,1.44243038417512e-16,0.345053412328039,1.31673490488623e-17,0.920664526884958,0.00973055059971777,0.00227681574745156,3.72175855549411e-10,0.0547026413949327,0.945918463602479,0.000970331220164824,1.79102475804835e-11,6.91195378777026e-07,0.0133161519210105,0.025341139102045,0.592407985111242,1.5541695433342e-08,4.39887383934613e-13,0.000432353583376855,0.0524595857054517,0.000226765251889713,1.15438951230779e-15,8.99323924182651e-08,0.146802961237032,1.17799370112883e-15,0.626685846484354,0.0215329243590861,5.77153666872698e-11,1.30357342061183e-14,3.24771277880108e-10,0.0414718382766977,0.000198286022213612,2.51914126622726e-40,0.00221947678183166,0.101493116546031,0.335655429407689,0.0182159536324262,0.0437998096772926,1.18603846021094e-10,0.882627942501858,0.27607239963376,0.935969027270663,2.68887372909248e-33,0,2.85186749922269e-05,0.000184409309513152,0.1789073424465,0.0974023408402871,0.781490710865228,0.665263864740584,7.84757737380998e-11,0.0344189734526684,3.16601656183574e-12,0.0958828400323765,0.000513118002555557,0.246634536692893,1.9399304668915e-06,0.0845284351963081,0.272619853678437,0.108167623190775,0.872394569295471,0.490159537695968,0.838300215583392,6.31900504305635e-21,0.0780126389637631,5.63958027903883e-08,5.56356224329457e-06,0.0128268443827189,8.6591509820127e-05,0.0035264345936332,0.0205214974574754,0.00420511937562119,1.30841449519167e-06,3.79617108613671e-10,0.535373041682498,4.93647829077542e-06,0.00105226245584726,0.395749807926923,1.51825554757439e-11,0.39639732247897,0.172034172600979,0.0507782494852197,0.450945806950732,0.289163957616422,1.57790925870927e-06
"Phosphotyrosine",8.30769932078464e-07,7.11911834579421e-14,1.11235947239869e-25,1.00242244299734e-13,0.201506304059842,0.853422592167188,2.07861697398423e-06,1.17533533442107e-24,2.79037870719096e-38,2.17553177266041e-07,2.60614613211539e-17,0.00354670454313377,4.66878600953378e-21,0.0568852421353308,9.60698664459333e-18,1.97757316526814e-18,2.43352184693248e-05,0.690151991192467,2.90899660419067e-11,0.000505499213565611,0.000187173825880851,2.09435479980286e-40,6.03737360658094e-14,0.000373350764448929,0.138407333263176,1.48281421269754e-08,2.23705056378925e-42,7.30671353529173e-55,0.0365412247181279,6.44733371244544e-47,8.89621224412201e-28,6.50313851579373e-44,0.00808046392031514,9.91439913946342e-08,4.42666449081064e-51,1.30251240194042e-07,1.49201904051462e-21,0.00955710388885935,5.11252780428737e-39,2.10979320805009e-14,2.15385068198768e-22,1.68140558433531e-16,3.42007908884706e-82,3.11235279876481e-47,8.25823741455567e-06,3.8394230777454e-31,3.45167833732686e-13,3.17126889900095e-16,1.771603504325e-14,1.97037496775535e-23,1.80721870767441e-16,1.92410643112331e-17,3.02187155699663e-39,5.80085340140235e-39,1.56965439983159e-21,1.32280097914557e-22,8.32303534665526e-07,1.42120676861859e-38,9.26794286597757e-22,2.0402688314582e-20,0.756929849029479,0.00542065898914326,2.77519304029578e-43,1.10349522917716e-16,4.01630792516178e-05,0.0343452969980392,0.322018854146261,5.8696668068604e-12,0.082130030882841,1.46954758775202e-17,4.80068600672497e-12,9.73419965451304e-11,0.0499012460202123,0.0205987197611511,4.52324669668162e-10,1.45961900633779e-09,1.80028204068615e-10,0.392964129739433,1.08199353449394e-22,4.28835822479951e-15,0.0381651231977723,3.79000207699223e-06,2.22310202692837e-43,1.22246723233172e-21,0.24328516500323,5.21065786232025e-08,0.000112509734059836,5.05577322863228e-10,0.6422133800819,0.631892522527209,1.14261224480491e-22,3.08546113784118e-25,2.64177293160774e-20,0.501724213150188,9.97999913402904e-34,0.232216099133179,8.81318773730647e-11,1.9222488786853e-17,5.45537091278233e-12,2.69612118344192e-09,2.43151601975863e-09,0.169032048327934,0.694362348156934,0.0396008929694104,4.39904333972992e-11,2.52586949991988e-18,1.7489490566704e-07,4.981216793422e-07,0.163312804660494,1.36394929862234e-21,2.37816966005454e-05,0.737992099168733,0.270663611860945,4.24443790602835e-35,1.22935419948155e-12,3.90926709224686e-24,0.685241827178001,0.403436539298603,0.00354811100512299,1.66076587739845e-25,7.01150980155112e-11,8.72752824655791e-38,2.73689455367856e-32,1.88681954440617e-40,5.89956717191495e-17,2.17637391744253e-10,5.15380613887215e-07,3.76582690352886e-28,2.53339425549603e-05,0.0204642475315831,2.23030005401021e-13,0.160030164158232,0.000116845732660401,2.14276217874213e-10,1.59146954884501e-06,4.64799024412053e-16,0.0131998356031181,4.80287279447349e-10,0.0813178738964899,5.6428034325568e-19,5.24735661923927e-22,3.7211858790331e-19,9.67732348613511e-18,2.85186749922269e-05,0,0.000503243848576558,7.71431136093641e-05,0.00155421680837672,4.04519127293216e-05,3.88054737145353e-21,0.0033842940059928,2.11823377596321e-41,0.000117238359749574,3.41055208291903e-23,0.00442991910835751,3.09985681489425e-08,0.0892527539578087,2.03845582064379e-36,1.04432009671891e-06,3.83336002293717e-32,3.7843363274499e-12,1.00003478063388e-13,0.00164601810911299,0.00861810943788074,6.34950915843663e-43,4.41730801827275e-47,2.64717458127697e-19,6.76723668977821e-33,2.518080512216e-21,1.1529589554628e-09,4.63235434857876e-30,0.191794345781333,9.40515892812293e-35,6.53752501807925e-19,1.90946511234475e-07,7.17823338072515e-40,0.199987056202701,2.60171095799117e-05,1.66236158991726e-10,1.12130709073541e-18,5.0575264352682e-16,4.30913052868116e-08,2.80228279417585e-11,0.00685816541356788,4.11014931048887e-07
"Pipecolate",0.00340595266541696,0.0321566538987789,0.602410589604097,0.117095893230671,0.00361365727821572,9.92940577098547e-09,0.352264462667177,3.00925110804693e-06,0.191480344354179,2.05353586034093e-08,0.0206301862177911,3.51157742498655e-12,0.20732917322452,0.0117379402916127,5.24284104902845e-08,0.116974796862224,0.00108238082244212,0.000150337914984256,5.34920219600996e-13,0.759358783291469,0.000828899578834579,0.00138068614953893,0.583798076634851,6.08123896972195e-13,0.318093727945834,0.855283948585825,0.000364882587659191,0.000216527063257351,5.46076679049652e-08,0.000272843489312268,4.43628000953082e-06,8.35371319912524e-07,7.17457820005953e-07,0.00136081088563167,0.10022040212232,0.0352001998392679,2.11358388112244e-08,0.284308166649672,0.000288891295391125,0.185861243905415,0.0162817307590122,0.936266495806726,0.00795545088588903,0.00366150434008049,0.220221097888235,0.839642876345146,0.00768277277021526,0.0829463098013015,0.00299225318044681,0.0089429176806885,4.71312383102065e-05,0.00523239205052133,0.0250111826248154,0.000512523148867239,0.118974145376713,0.531149365077425,1.26726058654714e-06,5.13743232653954e-05,0.000984297499009783,0.0296402188681523,0.000170642243122779,0.330529079039135,0.0253091439308031,3.9981859508768e-07,0.00116272621398248,0.846724884725339,4.19324396472174e-07,0.150238061137633,8.28399548517011e-09,0.0883371147507803,8.34173531806946e-05,0.362078014651239,2.05786760136735e-05,0.00365545238875031,9.12262578675627e-06,4.83226899053111e-06,0.324160877715593,0.000234676251733882,0.326054454699069,0.0437501841972252,0.878624671142185,0.635544533142078,0.0649489332594423,0.292907411431312,4.32164058829247e-14,0.730031483380604,0.401230388501686,7.96623758298053e-08,0.780937341353302,0.312732355159275,0.954409290160664,0.000414972340435148,0.0710938267104619,2.60997539828378e-11,0.907355706362002,3.23646647578368e-14,0.0170914377883171,0.289187403994782,1.40768216839249e-06,0.00251941552303311,0.00335151177838751,0.00534245486887029,1.45733064593801e-05,2.53304673817184e-08,0.908285593910966,0.216400553200453,0.00422973671451307,4.02556410406607e-06,0.000188574521342054,0.0802862046632917,3.47787436978059e-05,3.62223979574855e-08,0.0109549316870382,0.504006198497971,0.549742301917987,0.521799033280961,9.27827641996359e-09,1.80945181011314e-17,0.00165759318279171,1.10294559697093e-17,0.177294890204289,0.000962930146326439,0.00476201528899776,0.264557180754948,7.25068152917456e-07,0.0753069401202036,0.00512170674340308,0.000501084162707938,6.80138614829545e-07,0.0008092883076359,0.113169666068882,9.57760232128275e-07,4.65540099484967e-05,3.04277735444108e-06,0.00976454698037787,0.0679612747893054,0.00598857341052906,0.00200630146823214,0.000250369575894448,0.0386576865588162,0.325810454788579,0.212891931515887,3.57554913777964e-13,0.000184409309513152,0.000503243848576558,0,0.453576478914623,1.16752075751028e-05,0.619790805184532,0.622104004479539,0.000134496344860134,0.719365523592883,0.0333177094207566,0.479132146678285,1.39854002412798e-05,1.35993852861606e-07,1.66543280521948e-08,0.904262896459911,0.0210926213916432,0.438441256261442,0.326860624856659,0.00161546813185361,0.439310322162316,8.43651732261911e-10,0.0513309859389916,0.000621615184204569,1.75967228564736e-12,0.477543492660042,0.377631224021703,0.000689917149970348,2.72589583098605e-06,1.87890463774873e-05,3.13411726421782e-11,4.02098203854024e-06,0.015463289055899,0.665136417408478,5.51945217409599e-06,3.38667466526864e-06,3.33716851282232e-10,0.326626293243949,0.00119483747914958,0.000306275672982207,0.00207661340506309,0.681293348956622,7.23822120747895e-07
"Proline",5.79691859663873e-28,3.09716752091253e-24,1.0278174431199e-14,0.150113545273313,1.25600972386012e-10,4.38357863279632e-22,3.28583727010231e-28,8.31817525837058e-07,1.25867751616158e-07,2.17594790984953e-07,5.9814508482995e-15,5.68017635755951e-15,4.78440681789153e-13,5.76428279686496e-14,0.700960100064222,1.98165313727306e-14,2.10178954171728e-24,0.0013173724298049,5.98442987654704e-06,0.000135891967948527,9.08464538433131e-05,0.00422932122563604,0.457494227294646,0.0451563579590826,0.034902033687844,7.96430826745451e-10,9.39766717350144e-09,9.97735526968277e-10,4.40903943050582e-11,0.000257494256482552,0.00422303306523111,0.389257636401269,7.11120080595457e-23,3.72043300634175e-06,6.16727123633468e-10,0.0402339126974415,0.891481584387545,0.0246447945414749,0.0351685245748827,2.20988977220822e-23,0.00856958631824657,1.42607714891103e-24,0.000724494881754504,1.36297095102513e-05,7.4512715672063e-18,2.69269529229547e-19,1.54532684843199e-25,5.25475245095337e-25,0.000252381439518656,4.7776378745584e-10,6.3720250679882e-06,6.22418437414987e-05,1.47835049508281e-05,0.0020838048467273,4.5656980787748e-14,2.4593285050536e-21,4.26978996862154e-15,0.00227276080839097,6.00767359798686e-09,0.00121028774628258,1.45332486334427e-36,0.954221471792981,1.17987098908821e-06,7.98364484814168e-20,3.81600132877851e-22,0.0425275789957472,7.73446560521059e-24,0.301472978822172,0.000627424073675485,1.36296065277377e-15,2.78653265625341e-10,0.35107749111114,1.83750518381281e-14,6.27033834558377e-05,2.85810719775889e-10,1.84864481952434e-09,1.41253533817351e-23,1.58481762603172e-23,6.81198183298045e-16,2.16188364653596e-19,1.60752982130302e-14,3.09118170168759e-18,2.59467571504801e-08,2.25189945726595e-18,2.73742790980426e-11,2.13428800623481e-25,7.29842053885894e-15,1.55619880701216e-08,0.631421660273036,1.94919123541387e-09,0.019460426751943,8.9376257998014e-22,6.38571907046556e-20,1.60505951357146e-14,1.17091173144086e-12,8.58434262949531e-19,0.482907504878034,2.08588199348551e-30,4.42736268790698e-08,1.9349834878746e-19,9.4298812858221e-20,1.23901784339901e-05,0.0482130776197144,1.52195535812937e-16,5.58661232634168e-05,7.19930352294089e-25,3.76813358668979e-20,0.195068043547861,0.00432532655755287,3.44246177721097e-21,2.1047711370445e-12,6.14373910815101e-14,2.62638482801463e-16,6.05066231902674e-14,9.04740210885611e-06,1.42207450584293e-22,1.7288477785186e-14,3.17809981631893e-12,0.237449811191363,4.80269259109031e-13,1.03397526586004e-39,0.843687045171474,0.408090413677215,3.73755017110195e-09,0.150428678122389,3.04615462363585e-12,1.36716652162419e-29,0.00671637313854445,1.74245914862346e-07,4.25427526129918e-22,7.4663392748622e-05,0.0055962886044091,0.621360868320639,0.7791055663576,0.0214240888812704,1.53568725869259e-24,0.000432927731774674,3.95061007079102e-26,6.22235645052722e-05,5.41854057121625e-19,3.79524921502782e-18,3.27600920721421e-06,0.42661764672589,0.1789073424465,7.71431136093641e-05,0.453576478914623,0,1.33704136083849e-15,4.18270694200616e-20,5.94923243261035e-26,0.00175605169341201,5.59223336228738e-07,2.70174299825115e-15,1.96987270673782e-14,1.29403227800806e-08,5.53416076530213e-09,9.51386667314399e-19,1.08527581059855e-14,6.05956443997595e-33,1.45303608328248e-16,4.04747629171501e-15,7.90147481095639e-10,0.594100967696042,3.26411483894267e-11,2.36889876541496e-06,0.000199820658005184,0.144385400426507,1.51635214922685e-10,0.189471933306381,5.83735832307128e-16,8.79371044782172e-10,0.137594724321671,1.16401977333831e-07,0.0602388455076342,1.06775550966205e-32,1.16051563127747e-10,1.26445636863265e-15,0.000358377763435305,4.22831730327039e-06,1.60533419661693e-26,2.19002305852067e-11,0.0106246797545157,2.15122934043137e-07,0.000201286516011964,0.000942982153172236
"Pseudouridine",3.16750836371443e-31,3.08288046596705e-29,4.74987424161982e-20,0.15179882632319,0.000132043791698759,9.39841804993272e-37,8.97435745649843e-27,0.00293966087577337,1.31198549896731e-07,6.36700439974785e-32,8.03651995541534e-21,4.91775297250062e-29,1.24777823188621e-16,3.11634236026934e-06,0.323757497339747,1.02489938863561e-15,2.03048037033874e-15,0.893227583020449,1.20023033185851e-13,0.00325455793101686,5.73913451857154e-07,0.0230054469291874,0.255328220891395,2.43506701557056e-09,0.0016550650867657,0.95591586858149,3.02477211822177e-05,6.3725130091866e-07,5.29837583120632e-21,0.0791673695631196,0.430775241408027,0.719974567389027,4.55664614559412e-37,1.82683991539793e-15,1.98349243601648e-07,7.20372646658833e-06,0.482689196002651,0.807002223291606,0.774989317675016,2.50856748296148e-20,0.114612189276081,6.20928879689928e-14,0.000862751815272934,0.0066010442477448,1.58533018589798e-09,3.24899738078466e-17,7.3483203277339e-31,2.40702049373874e-28,2.6427718538698e-11,8.31577523371199e-17,5.89098659193383e-08,2.28643420961205e-13,1.8505312281424e-05,0.117020501765778,2.31678468819228e-19,4.29764129278744e-20,9.13222404306274e-34,0.270350789201598,0.000927499888025423,3.95233167645016e-11,2.4403129563677e-21,0.361759475482143,0.000213696336902249,0.000110256491435928,2.16526009482396e-12,0.888686312029691,2.56281532257258e-31,0.600400003044932,0.00029849015812727,1.29356060261427e-18,5.16015275641888e-20,0.166904539769787,3.24174938449972e-18,2.85395467782482e-06,4.69797684922208e-21,1.33455036557397e-20,4.71486135224269e-07,5.39229465572331e-18,2.32641595850955e-16,1.48058020110257e-19,0.0035016075824275,5.81937507519626e-07,4.72222581313263e-07,1.81501105888046e-17,1.22471940519085e-22,4.46370325407292e-29,0.685746813223842,2.11358388112244e-08,0.111400678810652,5.77943961073933e-11,2.71390006347812e-06,1.84204216316751e-14,1.06902959887252e-17,2.24666186037074e-24,8.25967876827053e-14,1.25554899004256e-19,1.83375083538641e-10,1.40149197810709e-20,1.14387063955028e-07,6.43043551127497e-30,4.22603803334528e-32,7.37972869571591e-08,3.01725713880828e-08,3.76901186003304e-16,2.66755338173057e-15,1.15958140103249e-22,4.1772179779057e-31,9.64548555877621e-10,0.158440530055271,3.35241912069231e-09,2.63161591523246e-20,1.90812506560923e-21,6.90776358784545e-08,6.25313767695438e-13,2.14544333250352e-06,1.09637645429726e-18,3.53753065926448e-19,2.50160308688664e-29,6.92485792203897e-05,0.0127601701464506,4.49073308337139e-26,0.791505885322311,0.603397152286152,2.0000759913568e-09,0.00552782546632375,2.03027465199031e-10,6.8786186420324e-21,0.384529279896991,2.89408250581328e-19,1.81339395707156e-32,0.946604809761379,6.51452465658002e-05,0.552316856959253,0.0156652919146922,2.63559696163427e-07,5.44218784285138e-29,0.0694995924290184,4.87600076095857e-30,1.6492611140123e-14,8.92074698694618e-21,2.82070789011144e-22,5.11481030113252e-08,0.63462869266604,0.0974023408402871,0.00155421680837672,1.16752075751028e-05,1.33704136083849e-15,0,6.66929439459262e-12,2.50992980370111e-27,8.67967073836169e-16,9.05106027364183e-09,2.03977660784224e-08,1.06330819590664e-17,1.43691230959388e-19,5.53339641293009e-13,8.97750076481525e-25,2.58153046819866e-19,3.51742379203497e-34,9.51139993700469e-17,1.64651360685817e-07,4.31163890223974e-13,3.99198060565621e-14,1.83764649712403e-15,3.16419613453582e-08,0.044155686522828,4.3629635418261e-07,1.11980078304159e-14,0.000541597311980223,1.01831996551211e-22,1.38234672556458e-09,0.00105893409561642,0.0287688602420876,0.356472052514788,7.52787052484624e-33,3.69236230155705e-12,2.33740947808638e-32,0.0557998309611248,2.98935233220057e-05,6.79451609923112e-27,2.73589816934891e-18,0.486474922714134,5.47062180629036e-26,8.76104837169333e-08,0.264028993770893
"Putrescine",1.86621085735855e-33,7.91926927247855e-36,1.66830713010351e-32,0.230759212047689,0.0524259491616877,2.72503387499892e-26,2.60866280269815e-12,1.43141323913302e-09,1.16454715053686e-19,6.18528748588236e-15,2.15728210260103e-39,1.03382436769803e-14,9.91222693066007e-32,2.73277268049497e-39,0.788663666450033,4.61935652793928e-31,4.48345664904506e-52,4.49090458399185e-11,6.30804058742452e-08,0.00966643411109026,0.00219742213781732,3.39432416187628e-06,0.000623364830263645,6.44828742094626e-06,6.9174215678908e-26,0.0902171490719835,5.66080310451387e-14,2.64042091777656e-14,2.48156749615261e-24,2.40585930639417e-11,0.159560298335526,0.0527856801429859,6.74935088914121e-32,8.69590776867235e-10,2.06923986671772e-19,0.795293137817212,0.0274965966249647,1.39362656164953e-07,5.67264665174947e-05,1.22928846183161e-42,0.365668130682887,1.74620490178193e-39,4.96680474091617e-08,4.96475323393162e-14,3.61232612803242e-18,1.05655989035543e-30,2.70850620021369e-34,6.05691375460682e-36,1.71192158766159e-23,2.36997728896549e-11,0.420785940069128,6.26411791101053e-21,1.70383737757449e-15,1.57811834361448e-06,2.14025326158987e-31,4.01330469874758e-30,1.84386324182797e-14,7.12813395223596e-07,0.0348556291889589,3.96494122145931e-13,3.88779470504681e-24,0.498526175232956,1.11116715178609e-13,5.47836728760494e-10,2.04969441762603e-49,1.69909417223228e-14,4.40338981992132e-25,2.17702031496541e-07,3.0707489793854e-18,4.72206562083592e-36,1.45366504378171e-31,2.41070088158287e-06,2.0076348889468e-37,1.13966515092822e-22,8.85054973156259e-31,1.06934246015511e-29,1.02900367773996e-23,1.50180437248393e-21,8.88652917544429e-37,1.4650650932724e-37,1.13853742716056e-05,1.2255460815748e-14,3.56056339169525e-18,4.36685798167643e-37,4.59129602586325e-14,1.83682753596757e-18,0.000721371018789005,1.20809373775436e-09,3.55350552741684e-09,3.03885296908642e-14,1.16261137662516e-09,7.89011980304327e-11,5.89912847846206e-44,3.80334163783665e-18,6.43854617747313e-23,7.67099041101046e-09,3.2097181045768e-07,5.9989619326985e-35,0.0012179772384444,4.86197323666693e-31,1.40805661047336e-29,0.000429484316139347,6.30405852009674e-14,1.09069449113513e-12,1.0754890402022e-16,1.92654065055677e-33,1.68952138676336e-44,0.00360603249651498,0.0310063773364776,4.47225614647141e-05,1.10671961465503e-18,1.58109337499261e-15,1.51599777393373e-36,1.84477041745004e-25,7.60688369639567e-24,1.15433436114397e-26,8.07815547796788e-22,1.47993838641077e-17,7.31418894833614e-12,1.36738995759891e-09,2.48492189006114e-24,0.988124000387998,0.000326785985077237,4.36920964975162e-09,0.193130549641108,1.19791520427173e-39,5.19983492950918e-47,0.0436664604125206,2.89171121204839e-11,1.02231541078131e-24,1.20881478055431e-06,0.700142853147938,0.000202991593529452,0.235120513747208,0.0629018914497082,2.03890169595985e-35,0.514143055500052,9.76292122795101e-35,1.89424654901205e-10,1.21394846961132e-37,1.97300236681423e-30,0.141975092296463,0.664037042437537,0.781490710865228,4.04519127293216e-05,0.619790805184532,4.18270694200616e-20,6.66929439459262e-12,0,9.21667129309305e-32,0.000265872201675878,2.5150842999063e-18,5.93112552044379e-09,5.76964440615908e-31,3.77080036294016e-18,3.15724809056008e-23,3.32465387551805e-29,3.74210783940659e-21,4.1509376502293e-30,3.49059376202425e-20,1.79934763767117e-37,4.00187872870083e-29,0.44157504974288,3.69153437538588e-10,5.59589639974963e-16,5.18342633284212e-12,0.123654774853423,7.10333834340457e-25,0.502112280990016,8.84883680138158e-38,4.22800220861038e-09,4.41657669817031e-19,0.0147377271390418,0.995490239998155,6.20089708744959e-32,9.87377717781209e-18,5.76916737344532e-14,0.358442263995546,2.26792308782589e-13,1.59826518749917e-36,1.63986766616313e-24,0.000208930303969073,3.61769205100744e-23,2.49579862063374e-06,0.217816746433853
"Pyridoxamine",4.45292257819758e-73,1.70494320341059e-107,1.19724727945736e-91,0.00514157897612449,0.0140903304790689,2.40455019957101e-28,1.45332486334427e-36,2.37540991646101e-18,1.16852143898149e-41,7.1902999459631e-35,2.27852695973867e-76,5.8441249429433e-13,1.83403643655833e-70,1.39163278696738e-21,0.000478670917415612,2.24894515613272e-64,5.13658788857851e-49,4.05781652078746e-06,7.33061898038202e-05,0.186359617074413,0.00692344929804019,6.21278098963895e-12,3.66896578773444e-06,0.00086922490100827,3.13410181311007e-09,0.27641821649579,2.06929316562499e-27,7.79955115736723e-34,1.31803360425474e-29,3.50198689233939e-22,0.00539173559120067,8.5468218301513e-06,8.99588825642205e-48,9.29829707928327e-34,4.99111217008868e-52,1.04014948827255e-06,0.00323940897220159,0.0391953276502901,1.72558966991924e-09,2.46909437342008e-92,0.0026930585004427,4.63710942155802e-64,2.00194428670452e-25,9.68949045419774e-28,3.00210119431132e-29,2.05037266810997e-92,2.86486810177761e-102,3.33782650313585e-120,4.55015714749151e-34,1.13993985723154e-37,0.995379141248489,4.36138134036432e-37,4.97256390137354e-33,7.51146700137737e-19,2.23879927970276e-77,4.51649935489268e-86,2.1647352368898e-38,3.85965820799812e-16,4.07094604943568e-11,8.25810916310723e-31,1.80785597376215e-23,0.0601374632731152,2.50652753044314e-29,7.10176092354963e-21,1.98756700681125e-43,1.5954960340305e-06,3.87486780578302e-34,2.78614852158182e-06,3.65506876825883e-08,7.46407838807402e-67,7.02791403470195e-54,2.79914326326719e-09,1.30303104491327e-35,4.48891810548732e-17,5.28813606025296e-51,4.70059223487771e-48,1.64402595149407e-34,8.07121507174031e-15,3.56424420020728e-74,1.26277823335823e-70,1.73931919989807e-05,3.80722285355583e-20,6.62388539685791e-40,1.32564272740935e-80,1.66897788657257e-14,3.07876371768936e-34,0.35657893474162,0.00163156854159885,0.0121674146269105,1.30690434478515e-07,3.60536507102485e-28,3.96630403466749e-43,3.6602397978002e-60,1.80975993185022e-21,1.68369246248713e-61,1.05429929428864e-09,7.79333924485404e-17,6.99626223910162e-91,0.0767976381181981,4.24960112716039e-78,2.39601724906138e-83,6.09629007939646e-06,1.64667816809347e-11,8.8635572256378e-16,4.45952352301956e-34,1.37634987548723e-48,2.87823578524021e-59,0.296865649655324,0.769029432063756,3.5445021498807e-20,2.43377353147166e-42,2.29613623874454e-25,3.77873153018998e-23,4.43661077924625e-71,2.88767036835829e-29,9.88901845934388e-83,5.87148811964436e-22,3.43512858905847e-20,0.0697340160401757,4.06508462100412e-20,1.0405310047101e-57,0.00100177134793089,8.44587262883506e-09,3.56434688224994e-39,0.0367352860400165,2.85648515166726e-51,6.39586617944222e-59,0.000614920773354953,4.99714503747098e-07,8.95224491948911e-41,4.3324454337983e-10,0.0068266714129381,0.423265752375264,0.0197368412913568,6.86235604024443e-06,4.33764805737583e-116,0.129040210217989,3.97320635442571e-88,4.01220525810688e-19,5.45654606141394e-81,6.91239986730988e-96,1.56590480147081e-12,0.0188422099528794,0.665263864740584,3.88054737145353e-21,0.622104004479539,5.94923243261035e-26,2.50992980370111e-27,9.21667129309305e-32,0,6.31962855508044e-15,2.52580045889747e-44,4.46890016673685e-05,1.88801937787451e-68,1.37998478149524e-25,3.85351183727687e-36,7.77335129875563e-35,1.11714829257334e-78,5.03441829883249e-64,6.76764807082282e-71,4.20691706314443e-36,2.4890561682145e-46,2.92543859758862e-07,8.67625896616755e-09,8.47861126832156e-35,5.75442288080866e-23,0.160389631582118,2.11751178263079e-63,5.04443531902571e-07,5.11258605912975e-66,1.92251761293091e-31,1.93163878910588e-08,6.51768969187406e-12,0.0044057169931361,2.45664203856413e-67,4.93007680378044e-51,2.13447521646876e-27,0.0258083411192134,0.00264239200689671,1.7852802296566e-168,6.7935610326296e-52,0.770240407817747,6.93318723813331e-47,0.0129701951488967,0.0415676771870739
"Pyroglutamic Acid",1.78775868838403e-20,3.5190395108345e-19,7.19033672927368e-14,0.0129122003878714,3.88169255469915e-05,3.74210783940659e-21,1.19082830268841e-22,0.00781010140459011,9.5384315019406e-08,1.38897043631822e-27,9.02361561884662e-16,5.27815705005997e-17,1.4018833111363e-13,0.00187667436988404,0.249990595365748,1.10399802034167e-13,7.55796483491952e-09,0.987556714377679,3.59410007383136e-07,0.247914375346416,9.50535257581094e-10,0.0640552018919724,0.00199806821836114,1.11311550963739e-15,0.0290013416135722,0.10342476142564,0.00481400277258502,0.000977820848820339,2.19360670082309e-20,0.0039531599331719,0.939348831997301,0.043100777967433,1.33642759802958e-24,3.02169939011725e-23,2.44138051656344e-08,0.00468889850223372,0.0974767063601351,0.132068718820606,0.0588352438557014,3.35833092666365e-18,0.00105094193626622,1.13416315463319e-08,1.33481540781851e-05,0.000139217867565766,0.000371812702933392,6.22923517618015e-12,2.49157038067861e-21,1.30367516023568e-17,4.95619373627934e-18,1.02790265357536e-08,0.0312224923115251,3.33247173013103e-19,9.13548942812338e-06,0.00808092028219591,7.27502711065871e-16,1.33452861357476e-15,2.73341536014289e-44,0.0071949369992983,0.333845095636698,3.47826923720453e-16,3.91586343402198e-12,0.00442991910835751,0.00133661640804888,0.235758610465535,4.82650193135595e-07,0.272709895724842,8.40626071466051e-21,0.43054072030097,2.0585713065611e-07,1.37490335612237e-19,2.73693024956836e-21,0.000400435803288499,3.14806726896873e-13,1.22500824232056e-06,1.73784346029097e-22,7.27434216168275e-23,0.00143229947157831,3.70561103011472e-09,5.21897324340582e-16,4.7076697297253e-19,0.189137621871794,0.0204454585593503,1.24126880579796e-08,1.87065424002755e-16,1.87566903281317e-29,4.68145691567109e-08,0.00387268539658324,1.15144461858179e-06,0.0161803522976067,0.150794245895968,3.06969341731113e-07,4.81458955404294e-11,3.6229554917037e-09,2.59582986704589e-29,4.52482413350652e-12,1.37929038726007e-08,4.79854728314194e-13,4.71041634104076e-09,2.75758222113318e-05,2.91591004966629e-24,1.2637933453009e-23,4.86638926475805e-10,4.7900230349529e-09,2.4444846331173e-17,1.55295650288951e-11,4.3158211885931e-06,3.56628189540589e-20,1.73517712332699e-09,0.0667750351152747,0.000405718236750161,4.24380653897653e-19,1.0361562024603e-15,2.82040103462297e-05,4.05102124287322e-11,2.74684805657163e-09,8.93894309198307e-15,8.01128251658965e-12,1.43693886019208e-28,0.0531782473676373,0.0079970483120043,3.58522842190242e-12,0.5559055603007,0.0160202118461422,1.60700902823372e-14,0.00274351061226544,1.6423753491143e-08,9.21391114864998e-10,0.176872938500161,3.38135038104743e-09,2.23788753574481e-17,0.173385910764649,2.63299725024413e-20,0.000875523577183537,0.000798239893658847,0.136356345870562,2.82404608964344e-18,1.12850861557306e-05,7.48999174656938e-20,1.5110631762924e-15,1.55709823778201e-17,1.71215974170533e-14,1.14889370507631e-07,0.000716930015159171,7.84757737380998e-11,0.0033842940059928,0.000134496344860134,0.00175605169341201,8.67967073836169e-16,0.000265872201675878,6.31962855508044e-15,0,8.2358399768019e-13,0.152749445405826,1.47011694070114e-16,3.23548831919193e-13,1.9953788744093e-18,1.15236724284105e-22,2.76801751141728e-16,3.0904818986341e-14,1.39754840819422e-15,7.56994455708252e-06,4.3650718947355e-21,8.53434806302424e-16,1.66005685216823e-11,3.93752454490812e-11,0.00171530561332318,4.37543211181458e-06,4.84532219456322e-13,0.000209247368929284,3.70494793736202e-24,1.41317816342398e-09,4.88426458664061e-05,0.100795175871814,0.605253234194096,2.59957009228902e-13,1.29422462430904e-10,1.59239526429743e-20,0.0178434089787563,0.0334139403199635,3.35839900986733e-16,2.6681885351409e-22,0.218193862998271,6.98467888281421e-21,0.623165919083489,0.182278297682746
"Pyruvate",3.74227452638408e-21,2.01238413568945e-40,2.78472167288676e-72,9.70374170211082e-19,0.382952473222053,9.36125020695378e-08,3.91776246047686e-12,6.21462917640693e-33,9.36031237640264e-84,3.01092155301399e-28,2.53861812547428e-56,0.0547898120578009,4.83838360709223e-71,4.47522328415423e-11,6.91244957018325e-07,1.24642698084574e-66,5.11854726745154e-21,0.00687740550619733,0.277642934915319,0.157037124680023,0.145905524277502,1.33418308385563e-19,1.31529222568406e-25,0.473464439439717,7.4459008999457e-09,2.72325856296117e-07,2.95185859445633e-45,4.08644817982928e-43,7.20985665046024e-14,2.51215607470698e-54,3.67683343317005e-16,1.14833097722485e-17,4.4644058511219e-17,2.52073599383369e-29,8.24783394190976e-109,3.39605092092779e-06,5.04443531902571e-07,0.997754787018668,7.8326773708358e-28,2.79020434972894e-47,1.87257599222229e-18,1.78790723024349e-38,4.79175672240444e-70,5.52350132422858e-67,2.08437638439574e-07,3.57773565041914e-72,4.56263436188674e-34,5.9858379956042e-44,2.84703833841084e-60,1.84264695709031e-21,1.47048313954626e-11,1.66784561547865e-57,1.23158525916612e-71,3.55638486281044e-40,6.80846427308303e-74,1.11309701286446e-56,1.81193728488382e-25,1.27224706210999e-39,6.32535288070195e-11,1.3211903752649e-64,0.00160613582177609,0.00233799785696119,2.02933179346425e-68,1.86644149945939e-11,2.78459146390256e-20,9.59858691904822e-09,1.93429219847948e-09,3.23088721714882e-18,0.000281313523224519,1.90374408509441e-57,2.8588302271559e-50,5.75352515632443e-31,1.69504109455415e-16,6.01243740490568e-13,3.11598729105813e-44,7.79979433324414e-43,1.91311357083932e-17,0.0413403171570208,8.37986222262564e-72,4.01463693560745e-51,0.236959699175564,2.7093526490592e-08,8.26831830976075e-84,2.10481745931549e-67,5.96423610231087e-06,2.63339716763455e-09,0.0001256121508316,0.0232572416155242,0.000288407109339396,0.19150274866076,2.03770385865809e-55,2.08467540942925e-28,1.14541715243051e-48,4.13570413137911e-11,2.78503931607506e-86,0.227881906474803,1.52855424090256e-30,9.81113684088723e-32,1.96873152472385e-05,8.00480914151444e-32,6.48565125881431e-31,0.783399034823754,5.87227943795749e-09,0.000419200825999405,2.0045187815072e-33,3.24935454597493e-35,2.23910190142756e-26,1.47549429033418e-05,0.604342170209579,3.29135890603458e-11,1.25147177279616e-24,4.78221725375013e-07,5.0176786206225e-07,1.48037501165785e-89,3.05235504352655e-49,1.18050906247555e-39,4.36668712736829e-06,8.00533675830083e-07,0.57026184605064,7.34745826785283e-20,9.88335836265466e-16,9.92976458274464e-16,2.17141294639353e-29,5.76744404922002e-56,4.15000695516347e-13,3.13098545363152e-34,2.19387800313674e-22,1.08547634093125e-16,0.853889839829418,1.81971617536564e-09,7.97927995268234e-24,2.23564250625159e-09,0.704530383998332,4.75180037890677e-08,0.000422234627055186,1.58891067776708e-43,1.56965138757793e-08,9.26765167071567e-34,1.88931346928703e-11,4.31516497598691e-66,2.61890858264567e-58,6.06708258599407e-09,3.91813223729471e-05,0.0344189734526684,2.11823377596321e-41,0.719365523592883,5.59223336228738e-07,9.05106027364183e-09,2.5150842999063e-18,2.52580045889747e-44,8.2358399768019e-13,0,0.0042658982528285,1.58175483773708e-66,3.45758961139541e-14,1.36848601486215e-37,2.0104867991594e-13,2.8566547104648e-76,1.50543674801367e-19,1.93654047508519e-58,2.09345601243114e-35,3.57122978112823e-53,6.00270518312802e-05,0.349450517493708,1.01078965369668e-64,8.50173942863363e-58,2.1502347763957e-06,7.63812431134307e-84,2.36325898352355e-15,1.32589220522414e-41,1.39796168927222e-28,3.00821530827277e-06,1.11395417399876e-17,6.42133955421442e-07,2.68163948696032e-22,8.91325415766479e-78,3.30217094904122e-07,0.0478402949392195,0.20136927120209,2.34843497259414e-45,9.61901637665492e-47,0.752531388305454,4.5781818606468e-38,0.231277727465644,2.30917978514558e-07
"Reduced Glutathione",8.74900184378915e-15,2.40381921487983e-06,0.204721329734602,4.260981476642e-22,1.88477165479239e-12,2.48253065177054e-22,2.48092889547169e-10,0.00346437814519554,0.00476424875343054,0.0547515443741359,0.0319430621002472,6.71551428256687e-29,0.585931725810597,4.80018843284114e-11,0.000308752960951724,0.517986662137095,1.80637924217019e-12,3.01502966493739e-06,1.11562684773656e-25,0.000875881484536736,3.31031186505736e-20,0.00794914120042299,6.01746405219036e-11,1.98350113455021e-08,0.0058753912500086,4.21549432256595e-22,0.0362116308791853,0.213921124965589,2.91515778665169e-12,2.00181771110341e-05,2.14625841845152e-32,1.09089102958005e-09,1.8793430221267e-14,0.67321357903057,0.106780125373023,0.0479207709526379,2.94226139315185e-12,6.29767346323276e-06,4.30660097377656e-08,0.000139229419563084,1.10755639160354e-24,1.45460331746275e-05,4.82662234151357e-06,0.000137383427119014,1.04355204425962e-19,0.222811358258534,1.93800249161204e-08,1.39833656712361e-05,0.107893281085565,0.00332309198181111,1.64351146260484e-37,0.385348991133911,0.000140649137502556,6.45328788268063e-06,0.302411491338791,0.0648507959879124,0.000318134131101874,4.71535571425267e-07,0.103749440291292,0.000195730109613117,1.98075885483954e-38,0.0244373911621971,6.19893450402534e-05,0.00287360442843293,1.0765527788869e-10,0.854626137494841,3.91314299282174e-19,0.000542562217078322,8.28403020655922e-09,0.0500102229976553,0.151538174644987,5.71700751372722e-08,4.47818595049122e-11,0.000296319712870276,0.0655441692639008,0.083767527130356,4.74261150172407e-05,1.4957218216009e-32,0.120000625363278,0.00180909462733754,9.67212425506786e-26,4.43553535268029e-10,0.00664026963394992,0.0364768743396796,1.12810020525449e-07,5.51551073034098e-13,6.77512724153432e-22,4.85816588088492e-52,0.844848986940268,6.12795802072854e-11,0.00112113081232855,0.0404963151526222,0.0055019144479529,9.43478982236563e-06,0.361589597197974,1.09016959894948e-14,0.000670746726838414,5.93330156213768e-08,1.02425067108461e-48,2.32887946956903e-08,9.37552274882134e-09,1.9515550174623e-27,0.0723514965665651,7.03077305810611e-15,0.832546949608675,0.00976278309940021,1.49693838064747e-11,0.000123707269616462,0.580032214270979,0.00154554266371269,4.42423752857877e-05,2.54423383231168e-18,2.79755239700789e-27,0.742159494844986,0.0798629702326375,6.04798493435157e-05,2.21288458411683e-18,2.63113257056892e-15,8.9412551343531e-05,0.732625779056101,3.30265320461498e-16,6.32716077948594e-18,6.32339806501302e-10,0.0651723649443176,1.28610122929907e-15,5.0588892487839e-05,6.43806830440759e-15,6.72590129567187e-29,8.39970210178515e-34,3.36209591646549e-23,5.23206685453868e-05,6.79220757191408e-06,1.79282648733778e-09,2.47413744207861e-08,0.74189373118627,1.17260741947011e-05,3.91314299282174e-19,1.4856520305116e-07,0.000257223294891703,0.0724713430119013,0.0523354189199034,0.187105259853309,1.89230809717767e-06,3.16601656183574e-12,0.000117238359749574,0.0333177094207566,2.70174299825115e-15,2.03977660784224e-08,5.93112552044379e-09,4.46890016673685e-05,0.152749445405826,0.0042658982528285,0,0.372330756920219,2.36760198166853e-05,0.267744385364963,7.66855164593949e-14,0.680317784192361,2.7818776777835e-11,0.521340411253956,0.0465764408112799,0.595827106287238,0.839182293991559,1.90018210343406e-28,0.054684225977157,1.2292183765514e-05,0.000218871411927519,0.706004163871647,2.34221906028064e-08,5.68307500884468e-05,0.925581745902384,0.000936493018454889,0.00346518974192327,3.32546482294079e-06,6.94686802254351e-10,0.0353193451773869,2.49215021481162e-14,0.784915723468183,1.64621800444163e-27,1.2058131323126e-05,0.0756561215288435,0.0452484227811103,0.186901711352475,1.30315444374819e-09,1.53092876016638e-06
"Retinol",4.87912561221053e-40,2.59794443333353e-74,5.04233812457893e-96,3.43186499957336e-12,0.75974742378276,1.88910959795049e-21,5.55739193536374e-25,4.42528373083232e-23,2.31538132502719e-79,2.38574481793989e-41,1.44169671705214e-75,1.39814326718143e-08,1.70763924599146e-104,6.19202887265425e-19,3.76920765456641e-05,1.325561027538e-77,6.58779531735424e-37,3.85844271713805e-06,0.0161803522976067,0.614044433025755,0.670138997122391,6.23627983116357e-15,2.55132490695068e-09,0.0463261704237249,6.89063480535399e-09,0.00716870449651241,3.84039659957256e-29,1.76549603449605e-35,4.1225278275626e-21,3.27576133490336e-40,9.71784640270757e-07,7.50415666640346e-10,5.65477909629012e-37,3.86387326677598e-38,2.25471039890486e-60,2.75080141139824e-08,0.0100745632506413,0.528869153315577,2.8168817163126e-13,1.46360543951099e-87,1.01589388323833e-09,3.32702954054179e-48,1.81814881038753e-35,1.83888773923665e-49,6.71445248822455e-15,9.41803383987416e-106,3.98651672406429e-59,2.03212635767781e-81,2.09593997234085e-46,6.22397753671823e-30,0.0273115176945976,1.05287264960815e-42,4.3415166529951e-65,1.03887631411134e-25,7.06724108340923e-94,5.92928749701278e-103,1.9534489554864e-34,3.29628919506421e-29,3.66660833374688e-12,9.75170248256799e-46,5.11522643487775e-13,1.93301070995278e-05,3.31656654923946e-51,6.02391197220831e-20,3.14258133281318e-34,1.61662761140162e-08,1.2514563938294e-25,2.95535994314911e-14,2.29592606361397e-06,6.84103507382199e-127,3.74480659465429e-67,6.2957161757942e-15,1.27765395998421e-33,1.70816442420555e-14,3.04138042872657e-61,2.86940332027501e-57,1.92354260357993e-30,1.02741500152696e-06,4.44434665307536e-84,1.40964960425181e-65,0.0500562252886328,1.33509970523897e-08,8.43267446492421e-73,2.56178546888964e-84,5.66510044220435e-16,6.09063199069822e-23,0.069202391240166,0.0800253334006222,0.000818869482693865,0.00175324182392897,2.49390227030068e-46,3.31472195051447e-28,1.53298179753262e-63,3.99386359378142e-25,7.118394655323e-100,2.65096156989613e-05,8.91406612132668e-21,9.0498112869031e-51,0.913067428583383,8.23893114316969e-52,3.97219802716192e-52,0.00472016681499366,1.0973317951946e-13,6.58813393590344e-10,5.6140507759088e-36,6.20193784721288e-50,1.28243943659386e-51,0.0076248980006036,0.539723421990819,4.5540001466277e-14,1.21417578583699e-35,3.67851290557491e-15,6.39400069491766e-16,1.73672927625011e-99,7.33438336721475e-48,7.99570866823891e-65,6.34377818909498e-13,2.3216648530634e-15,0.124638166358395,1.99638077321346e-17,3.13921577433841e-23,9.59758376420263e-07,1.39505986388271e-21,4.7306113331362e-49,7.24919688380833e-06,2.48059898038974e-53,5.86680678402546e-42,1.52811038818453e-06,0.00491280794629847,5.48905752984063e-18,3.14501902199713e-13,5.87924584394433e-05,0.881127253885566,1.73323054058876e-06,1.61811803651778e-05,8.64320653181957e-79,0.00155279956180336,1.67586008972524e-60,5.79307965610459e-11,3.20590190248072e-94,8.47099248261655e-96,1.73660485883095e-11,0.000741312989562571,0.0958828400323765,3.41055208291903e-23,0.479132146678285,1.96987270673782e-14,1.06330819590664e-17,5.76964440615908e-31,1.88801937787451e-68,1.47011694070114e-16,1.58175483773708e-66,0.372330756920219,0,1.14116153688565e-16,2.39565376043856e-47,3.11564523840925e-29,7.56976829996239e-98,3.97093752272196e-41,3.17946414944593e-78,3.33035204707485e-37,2.49575762927464e-66,1.34352690439049e-07,0.002155114410141,8.14986032603299e-47,4.18582739271614e-42,0.089370827485157,3.93243464935368e-103,4.01404256985331e-11,3.28970654052529e-64,4.91919108671339e-33,4.05098069423471e-09,2.76662858187593e-13,1.24360162382802e-05,4.64913060427497e-46,2.20013494318223e-76,1.22072638224818e-19,0.154645829663899,0.108830065827868,2.06558986130363e-74,1.10510146317207e-65,0.542641739548601,7.55750919311781e-46,0.870146127918191,0.00137675184702063
"Riboflavin",1.24705559230671e-33,1.29558652272315e-34,2.5625717742937e-27,0.0661653683700833,0.0732292244420729,1.35390878829041e-27,1.77567545512987e-10,0.000128341076285416,2.42122996555064e-08,1.17973038481042e-22,3.1773714217378e-33,3.53117599646399e-20,2.59134528831971e-26,4.6591841680162e-25,0.0477338784455642,6.04572101695309e-23,3.65427499842887e-32,7.21391621754522e-06,2.58792877419519e-19,0.00394031329614962,0.00266328087958147,0.1159271985244,1.45993553722009e-09,2.12657322602426e-11,1.56538863120551e-14,0.324571963305936,4.37365206425748e-08,8.14551508199931e-05,5.65876034411001e-37,0.0277042236107785,0.384508496380921,0.281459446218511,2.26426297683687e-37,1.18948162616116e-21,1.21624426440079e-11,0.18087407860156,0.986433449698011,2.15888629009345e-06,0.25026910881092,5.43208152748504e-27,0.887893389499584,6.57022812571114e-21,0.000341498723990896,0.000997836281001255,3.33311548355304e-12,5.98004117909018e-17,5.30733495914543e-29,4.85224446055861e-31,5.67681180803027e-26,1.29956769689571e-06,0.0049354240829768,1.85458662949273e-26,6.98664609817557e-07,0.0932547537279299,1.21961888618704e-30,1.48692215383573e-16,2.37167059319709e-28,0.284660578910975,0.0236680539714255,4.13737720245e-25,1.7821464842864e-15,0.0438316543169303,6.04314791977091e-05,0.277950465361095,1.91756262524406e-29,1.17931758540442e-14,1.76428436597857e-39,8.99510439527926e-06,9.69799488881322e-35,7.90629142962529e-21,1.21712657434965e-39,2.88532321559264e-14,7.12079837532445e-45,2.13719169733563e-37,2.03010586952184e-42,4.08967492348933e-43,0.000175839297100126,7.60085575757437e-26,3.20151682729507e-23,1.28476185031495e-28,0.174686167959757,1.15958979620964e-11,1.30982685780165e-06,1.21474707504493e-24,6.74170235144281e-25,1.93894490112397e-06,0.0839088553405383,7.55180870773086e-07,5.63944180967405e-10,2.1366929724825e-12,2.55204272377677e-09,9.26044586786983e-06,7.86222006952188e-29,1.48504088702948e-27,6.28519390497946e-15,8.32831620513272e-07,4.9740404407815e-32,1.18127507915591e-19,0.0174371473983463,3.99339709170846e-35,5.82177415763713e-36,0.0122395868496258,1.69180919253352e-37,1.60451144321815e-19,1.05211162298773e-31,1.48598962770259e-16,7.72706554988309e-30,0.116339707567895,0.000103037023107185,0.800939526289813,1.06688633625238e-43,1.67536606157761e-40,7.24303049498919e-21,1.63493898752597e-15,2.17384475286384e-19,1.63234660559408e-13,1.02799786950407e-35,1.93048106259329e-35,2.02653813371987e-13,0.0334297456058127,5.27199996011945e-19,0.259164003723334,0.682284285575715,0.000120759819848931,0.394292022892283,1.53351580598221e-30,1.15305957819436e-27,0.897539401126765,7.46938319697566e-23,4.24088104785044e-32,1.10049861229305e-11,2.07302468800855e-12,4.60186399124598e-07,0.000115505075897361,0.985781244472913,1.19434464659391e-32,2.0118409399926e-09,2.02475100844095e-39,6.07367707788605e-39,5.84131977537298e-31,5.3269527469969e-28,0.715625481504687,1.06424330399499e-05,0.000513118002555557,0.00442991910835751,1.39854002412798e-05,1.29403227800806e-08,1.43691230959388e-19,3.77080036294016e-18,1.37998478149524e-25,3.23548831919193e-13,3.45758961139541e-14,2.36760198166853e-05,1.14116153688565e-16,0,3.26028289923889e-27,4.53224741727472e-41,1.24471283232712e-16,6.29232149178373e-34,2.65042756492784e-13,1.98277665610356e-21,2.82198331763822e-29,0.0631566859695433,7.70457517420636e-20,9.92257883426109e-08,0.0144431600598703,0.00255336397059077,3.19265479702311e-16,0.376414342319315,7.00784970161693e-37,0.0709034698846694,4.64156023734826e-31,0.129176597451222,5.39704402308535e-08,2.70268114483777e-33,2.79491924837558e-10,9.71976653460824e-16,0.00303994123627173,3.50985207048665e-16,6.02862541361885e-28,5.35837863816035e-17,2.85386072722533e-15,6.04156109909697e-51,1.14088775812758e-09,0.000576570779551418
"Ribose-5-P",1.35989182876201e-36,1.45021228857393e-49,1.79395509107423e-47,2.83819807279947e-07,0.911331258896279,4.31240479376787e-27,6.16914821926218e-13,2.64239678053534e-08,5.57460741929545e-31,9.87745425238541e-50,7.76202919335755e-59,9.72916240910343e-15,1.86820170918275e-58,1.50040205758941e-20,0.986140369048932,8.20616442047212e-53,4.59898296889156e-37,0.0176007285828093,7.77499374868351e-09,0.665406219561357,0.14936773762472,6.7150217006457e-05,3.71118755869617e-12,2.3358056063274e-07,2.44658381147817e-13,0.0470136600959501,4.43596972191305e-14,1.05362518012131e-11,5.57385059459353e-39,1.24391721765499e-15,0.0134447963961201,0.0545070358769822,3.18113193294962e-41,4.43546124413782e-44,4.05122908978685e-30,0.115487244738227,0.709623613707866,0.246555852606583,6.2794019124399e-06,1.56750296223673e-53,0.00783912914156098,1.69952213918019e-38,7.52162188093336e-16,9.99556883480959e-21,8.54033140788974e-11,5.30612717181534e-41,9.24396881306389e-44,5.57692372910171e-48,1.35807090498096e-52,4.35030653254972e-08,0.213172757528064,1.18904890084936e-48,7.98738588563032e-26,4.14382639647974e-12,1.97551359825686e-62,1.98510268738355e-39,2.56138171469937e-39,7.59354825029161e-11,0.0576694328541105,2.3859652843268e-41,1.92265971991867e-13,0.00287202557967707,4.86880464880518e-22,0.000688126762532032,1.07733278211788e-35,1.45762115078912e-13,3.59416185721422e-31,1.43699665223635e-18,6.70753586857031e-17,1.66518399027622e-55,4.66621924593855e-80,3.13131553314727e-24,1.94666006555027e-46,4.7791011599503e-21,9.17678616023626e-82,4.52130312420733e-79,3.7505153209145e-18,2.29611444828435e-09,2.5703533565421e-46,2.01833546699385e-45,0.0310738181169837,3.09370730455133e-09,3.87534633439206e-27,2.3977173689183e-47,4.54793903791911e-26,9.28300876380246e-07,0.0959398050554384,0.000512668604724462,2.59241523492795e-08,0.271835658784921,1.09079028367885e-32,5.65135076214043e-12,2.64237573198901e-46,6.49546337666178e-35,3.74412027723543e-38,1.97826221595701e-07,6.43438703142263e-27,2.96425198426897e-25,0.198597552117211,1.54972311162103e-48,3.58351390472953e-47,0.00761266373045504,5.00905220075823e-26,1.1650166833137e-18,1.94348012745808e-30,2.84971396904552e-29,5.32655496910934e-43,0.0317941030141081,9.10355076938046e-07,0.000976518434706293,4.92834108006206e-57,1.37851168978637e-26,9.73294039953203e-19,1.43586945384919e-39,9.3215221108393e-41,3.84623543130515e-29,3.47605712141304e-24,2.50639843332744e-31,9.98908555343109e-06,3.05319161233402e-05,9.53290421723074e-17,0.0885646064713691,7.23552526821123e-09,2.10516697383415e-19,0.0136320802721775,3.93054747990804e-47,8.24141544801948e-36,0.00780489426275886,2.09877528695181e-06,1.74211133522486e-19,7.48437012954224e-13,3.0650186735341e-12,6.0704627247058e-05,0.143429712359357,0.301796261695392,6.21428403606596e-47,1.88223491844286e-06,3.78700142104659e-53,5.50779682530437e-21,4.42289409896881e-65,3.00944120840415e-48,0.0137747942416004,0.269944688129921,0.246634536692893,3.09985681489425e-08,1.35993852861606e-07,5.53416076530213e-09,5.53339641293009e-13,3.15724809056008e-23,3.85351183727687e-36,1.9953788744093e-18,1.36848601486215e-37,0.267744385364963,2.39565376043856e-47,3.26028289923889e-27,0,3.46007814533918e-46,6.30824264352728e-37,4.56289130234104e-29,2.32993173519823e-27,3.70735522610376e-38,1.07497897691161e-67,0.125291695432306,5.08735100450804e-06,2.32793868602614e-27,7.55813537178603e-17,0.153270416195622,4.85153912232779e-38,2.14877989489694e-05,8.28376778790838e-69,5.03631428248529e-08,3.60234046878785e-22,0.0288217540384158,0.871806085081889,9.1888478391832e-33,4.05615265895943e-30,3.27085024750084e-22,0.00167733958819952,5.25065660649603e-08,1.0646591534461e-41,7.94641146218968e-63,8.84261022938366e-05,7.7467326009766e-42,0.387867403955571,0.0142936911867836
"Ribulose 5-Phosphate",3.60280365484991e-68,5.21247160064196e-57,3.95565066111434e-32,0.433053749554796,6.29463777609852e-06,6.40035935487045e-72,1.84938948642788e-25,0.000884883528640854,1.16283308863745e-10,3.14154610598025e-33,2.6736869491658e-40,6.25492922915896e-48,2.42663862156633e-31,7.45950116732253e-35,0.00557484428865335,5.77443395693379e-28,1.2546612196796e-57,4.23889822200647e-07,2.60937370083544e-32,0.00591895578458472,2.21126769549038e-10,0.94756277756684,0.0134287447208556,3.58887375285636e-18,1.29541671051778e-13,0.00864734741057572,1.83779187012796e-05,9.58070300587923e-05,4.55452322600082e-62,0.00359502835646082,0.00197154545820168,0.00407563853138573,7.58160456870432e-85,1.69055309217637e-30,2.22229710978528e-11,0.807433725149789,0.00109687024298921,0.000144300270857701,0.377607784658533,4.77212882232783e-51,0.078147790657407,5.94316556734007e-31,0.00124615784351639,5.56369500990808e-05,1.76170135632067e-21,7.14998416501575e-24,7.13969443006472e-52,3.46659546997608e-50,1.04156406417468e-21,5.79820643768766e-10,1.51433491512791e-07,3.12611153638136e-21,4.64419262075369e-08,0.0410417779783814,4.7279662731002e-36,4.71179482945989e-28,8.35807096823045e-46,0.0768267516622758,0.641628438342667,1.90087533490604e-16,5.34708463671783e-48,0.974274207901386,1.25439454263244e-05,6.43232004568154e-05,6.02256588595946e-50,1.45879206802068e-10,1.23934233136005e-111,0.000709717036200264,1.96079099767716e-32,4.27013040386193e-40,2.77003334031261e-48,2.91101129948312e-06,4.71826041209296e-80,5.04172714605436e-28,2.7008820249408e-53,4.89029452814948e-52,6.28967787723808e-13,1.08467502573994e-35,3.12546760232054e-32,8.96574726970439e-44,1.57811834361448e-06,5.64540412817399e-11,2.38287767925946e-09,8.6020035194332e-36,4.20551991473702e-52,7.48622447451371e-15,0.00580310243365378,4.427465525449e-22,1.20470043849313e-06,2.95743775718034e-09,7.2939336266663e-10,1.95800616034973e-09,2.51141442384807e-33,3.42793784342405e-58,7.22323577991836e-19,1.84480459393192e-19,1.13769435195039e-13,3.20787747185066e-30,3.3499076987591e-12,1.4843722028861e-58,2.7727237487853e-59,1.7046454967756e-10,6.00155140947531e-35,4.10541177961261e-43,1.67167507618501e-24,1.38912532698266e-23,6.79018914006553e-60,0.0641349396433034,0.0305793170669231,0.00895779465721714,1.01593123482407e-59,2.29061480445052e-64,7.00784970161693e-37,6.36163878675238e-19,1.46879970947005e-19,2.75003861367955e-25,2.51170540139501e-55,9.25232822448155e-71,1.47917696241311e-10,0.00694384266013918,1.64662240486234e-27,0.00185105636701808,0.602615736660181,5.86222081053893e-08,0.0416976896067887,4.42743277214937e-41,2.80274569266013e-53,0.0189297541362841,6.50555079708401e-29,3.26695324848722e-46,2.58792109156071e-05,1.14145849605298e-05,1.70949419560356e-09,0.130194462350804,0.224440162767059,3.98373642291073e-51,0.081256951810518,1.00471156779097e-68,5.53735953962862e-26,2.6809644465979e-43,2.52634826136071e-35,0.12412283165549,3.12775490482212e-06,1.9399304668915e-06,0.0892527539578087,1.66543280521948e-08,9.51386667314399e-19,8.97750076481525e-25,3.32465387551805e-29,7.77335129875563e-35,1.15236724284105e-22,2.0104867991594e-13,7.66855164593949e-14,3.11564523840925e-29,4.53224741727472e-41,3.46007814533918e-46,0,1.40372850474616e-21,4.33752148812948e-55,1.41044617803306e-18,1.73650929156115e-28,4.65670493384913e-42,0.00323194203829188,6.54875348957039e-27,3.48900603742098e-09,0.00185326535431164,7.02694750203161e-05,4.53372753455717e-20,0.95517216474937,5.60109122328376e-64,5.68965897723776e-05,2.16859237233303e-27,0.558241771923456,0.000334708194072661,1.04212057998813e-54,3.72119783057541e-12,1.1192930834277e-35,0.119817940169912,7.11089696934762e-26,3.90163327255735e-41,5.19832868138279e-30,7.68057850950924e-10,3.99461959627377e-38,5.19941276799365e-05,0.586430138800002
"S-Adenosylmethionine (SAM)",1.95741581251205e-36,2.65980688153312e-70,1.39380902055e-97,3.12329803116979e-11,0.597052219410668,5.03805563199348e-16,3.91649760071076e-29,5.04671727150208e-28,2.32076350496136e-74,4.72590924485144e-38,2.99282117936281e-64,8.71491024695973e-06,3.23227744384394e-82,4.39132773836346e-12,3.26650016295463e-09,2.54234518405468e-64,6.55000221210897e-27,0.00264933013345847,0.389772370149831,0.104171865252351,0.755234054746047,1.99839692283708e-20,1.78957984083963e-09,0.369752133635588,3.96642745648335e-05,0.00141363532097371,9.40831819974912e-37,3.15855734039262e-47,1.14062230281593e-17,3.56125002561425e-43,1.42972650468796e-09,1.15811390249291e-14,3.62352510224789e-30,1.26167809744473e-32,1.24382316599732e-76,3.65328655221792e-12,3.82861806808699e-06,0.438335563177719,1.1779423745169e-16,1.12837951325933e-66,5.48427929162788e-14,2.20184946172751e-45,4.63215021649559e-49,3.40414284836668e-52,7.9327487962266e-15,4.17150097870863e-118,8.78958282465092e-57,1.89683552321588e-79,4.6715277275527e-39,9.05924497035875e-42,0.00620238915831909,1.84194064909259e-40,5.09735330520082e-61,6.69183146418807e-31,6.8193819917121e-84,4.06938577546057e-91,8.19750299495867e-35,2.76938401998942e-33,5.75014244432593e-18,1.51580152922164e-47,5.45598265087789e-10,1.35469421346718e-05,1.00467188631035e-52,2.26286270612864e-23,2.6000151104321e-24,2.57238693086875e-05,6.70970701451108e-20,2.80027359474279e-13,0.00146014875782334,6.03563804817805e-78,3.26170974241577e-51,4.81582140491094e-13,1.44897492152906e-23,5.80978450510863e-10,1.18454705191605e-46,1.05376122790754e-43,6.73138228525131e-28,2.22246216486517e-05,2.2992243303263e-73,5.50589061550479e-57,0.0882199902870894,1.74602193196787e-10,1.34589803420433e-76,1.38023754492216e-74,1.77047789449033e-10,8.89495030297816e-26,0.0273910903257926,0.75717593224437,0.0560968138585905,0.0140908209922061,4.75290805620487e-46,1.10289507555582e-40,1.4932638318941e-57,1.46335330074625e-17,1.31969614625433e-107,0.000217573090137794,1.82358678544053e-21,4.02847865323191e-53,0.414424560221416,7.90742179203284e-48,1.24167934769499e-49,0.00559237114393096,1.90817145754826e-08,3.50782440465846e-07,7.95548139047551e-36,2.88896458168555e-49,8.22640199695081e-42,0.0306044797734003,0.510396348607212,4.00649812045598e-22,9.57109055342435e-32,5.48721503625005e-13,1.35486601517571e-10,1.3983741763792e-110,7.95180602368067e-36,2.26153596676876e-75,3.13915586732794e-09,2.23893710731173e-11,0.967658053922756,4.97155703016972e-22,2.66235391682585e-28,3.68254294942756e-12,6.45802456092054e-23,7.39910150288776e-68,2.57598271491414e-07,9.03381837773031e-41,2.57565568053667e-33,1.58579964463042e-10,0.0310308194680847,5.57733172523413e-17,1.16328016018448e-13,4.42138215172134e-05,0.143804796579895,1.19753586632622e-07,1.50563325340875e-06,3.13775288358776e-78,0.000909151749192712,9.61373313344579e-54,1.29042185123065e-11,9.01782290927425e-77,7.95918709637701e-93,2.56655903420047e-18,9.9926111581328e-06,0.0845284351963081,2.03845582064379e-36,0.904262896459911,1.08527581059855e-14,2.58153046819866e-19,3.74210783940659e-21,1.11714829257334e-78,2.76801751141728e-16,2.8566547104648e-76,0.680317784192361,7.56976829996239e-98,1.24471283232712e-16,6.30824264352728e-37,1.40372850474616e-21,0,1.62170039827466e-39,1.06206331365613e-110,4.53106411610701e-29,1.91078649652773e-48,2.05375539558686e-10,0.0211102965378156,8.99795330693336e-58,8.51761354213859e-45,0.00821909725170087,1.37863378597955e-112,1.15313297032419e-16,8.37234400862348e-50,1.42505137835101e-41,0.000144666039968121,4.31322266865581e-21,6.08420767858262e-09,5.89867169096356e-43,4.41611319898286e-87,7.75691805712091e-18,0.00244127621810181,0.766044997987044,1.60602616469166e-76,1.03054642494913e-60,0.205062103331716,6.51129399441359e-43,0.785717378426722,0.000371136823271442
"S-Methylcysteine",2.61963573332567e-71,1.46999945298591e-81,9.40973794757394e-50,0.967057238007614,2.83531763007996e-05,3.18179724450254e-47,6.63224423622054e-40,1.17761730883177e-12,1.20889997517636e-19,5.06799426653863e-31,2.10743206696003e-49,2.14824787001925e-27,7.27350298127617e-44,2.08006364488769e-29,0.215519822339319,6.43982256701145e-39,5.63312467901585e-51,1.09207705663404e-08,2.30425892337862e-15,0.0051901786231249,8.05811377872165e-05,0.000120719345850751,0.0507758016066844,1.38327218419081e-06,1.23744459168577e-06,0.116528044952826,3.51230954600543e-13,2.70562609445737e-14,1.35850690904377e-32,6.414471293933e-08,0.589748493170652,0.427013745264294,1.27435814064682e-67,1.24551718333906e-27,3.01731435771389e-20,1.1178585229548e-05,0.379669375660909,0.00109616821161054,0.0369967751292299,1.11270717990597e-61,0.514267224088608,1.13445792778691e-39,5.21245110481672e-08,1.50172310328293e-10,3.21059132538949e-28,4.25307074022173e-42,3.40936723268301e-63,4.28337640139062e-79,6.63688470084059e-20,8.82158049009098e-25,1.10608139846154e-05,5.91977128347287e-20,4.52859177231505e-16,5.52187764746e-06,4.01412626522811e-46,1.30590257760084e-49,6.11128774049211e-36,8.32793123714533e-06,9.1156786187757e-05,4.86935674643172e-20,5.7625826430261e-39,0.447701502087692,2.53184689911533e-13,3.28712712113713e-17,3.040260301542e-43,8.94766640160148e-08,2.52420032238355e-67,0.000813258366167056,1.61815636517282e-13,4.29837224039334e-44,1.53292687232996e-41,0.000313241633757769,5.40937520296238e-53,4.86374280568842e-19,1.971782141631e-42,2.97638491871809e-40,5.95346959652724e-23,5.15951180426355e-28,2.69181142970524e-40,3.95508111823857e-48,2.22651980724052e-08,1.92022951446461e-15,3.80549463121792e-18,1.44844943022689e-45,9.14428993906993e-29,1.45474410255444e-33,0.000444696113770213,3.61524000022982e-10,0.00082208998400639,2.47115168459867e-14,5.32342226545784e-14,1.31613776434269e-20,3.02950012062194e-44,6.99844346019716e-37,5.07390008286119e-33,8.30854350057981e-20,1.89545438923938e-13,3.58021772134849e-56,2.96206968971999e-06,1.74430858954987e-63,8.11551984373533e-70,3.79054718789823e-07,7.56081824833945e-20,6.82356647718548e-26,2.84131610210734e-28,2.76342656824138e-40,1.00678487333169e-53,0.336357020843289,0.702089821627988,1.09394678010646e-10,1.03903001566157e-47,3.47549722861559e-41,5.52211018643165e-26,1.00875761929616e-34,7.94995094905224e-22,2.88329724775293e-42,2.53978363625753e-34,2.80530788320357e-32,0.000336446345220038,7.7460976573404e-10,3.11411561543086e-40,0.967568966813578,0.0457255781005755,1.95654312350606e-17,0.899209089301837,1.62061443754816e-43,4.93233316935035e-57,0.973477400172885,1.68140558433531e-16,9.30443798806215e-42,1.28629718929288e-07,0.0398804638787511,0.263168919162483,0.794892220107643,0.00137406713488447,1.12039214151201e-79,0.0982782761186426,1.62595114904275e-86,1.54891171867654e-18,4.40909941388909e-51,8.64440323926969e-60,1.76762197143513e-05,0.718196926567025,0.272619853678437,1.04432009671891e-06,0.0210926213916432,6.05956443997595e-33,3.51742379203497e-34,4.1509376502293e-30,5.03441829883249e-64,3.0904818986341e-14,1.50543674801367e-19,2.7818776777835e-11,3.97093752272196e-41,6.29232149178373e-34,4.56289130234104e-29,4.33752148812948e-55,1.62170039827466e-39,0,1.33198835178684e-39,8.99291438723386e-29,2.90770868348037e-34,6.42341832721084e-06,1.39982614895509e-16,3.50943979416806e-14,2.45156687143753e-08,0.0895714185276938,8.23619255057595e-34,0.0733652647025269,2.59847652801376e-50,4.18259490614348e-14,3.83191599993559e-12,0.000748048742544506,0.955143936563011,2.54715858462637e-193,7.50438241901581e-26,1.73203475161335e-41,0.146172616883766,3.38666236447586e-10,1.33482679352599e-67,1.70000499107744e-29,0.0112243275676567,7.07973732365646e-43,3.05461614522497e-07,0.857933009144365
"SAH",4.98502813425818e-34,7.22280004336343e-60,7.36285844277392e-71,6.51076153403988e-11,0.358554521984469,5.66184675047037e-14,3.93597678115084e-37,2.73801712763987e-28,5.85817705048464e-67,5.51561259307608e-28,5.23101532874713e-49,8.02010096230556e-05,8.66920858331299e-62,5.49856567083517e-10,1.45008387535467e-10,8.89989897449864e-51,2.71708754912608e-22,0.00322484785606653,0.594618419869077,0.0524583654750298,0.923440138866362,2.76235667360423e-17,2.12759590953245e-05,0.512808824601108,0.00481640720386526,0.008687697163846,1.29248695063816e-32,2.96227679897807e-48,1.69535507706209e-12,1.2258523165024e-41,2.14629704334993e-08,5.43332137958818e-14,1.16892783696031e-25,1.34392412549305e-26,6.52836091538726e-62,1.4690885534759e-15,7.23944120045744e-06,0.147737274018753,5.80331590741401e-19,1.4719084675834e-59,2.3956675467561e-13,2.91309427211779e-39,1.26763486251318e-40,9.78938658575072e-49,1.95811662025932e-13,2.29353830989843e-95,1.00565479034492e-49,4.27491270251454e-67,2.37001734889361e-30,1.23013651874368e-43,0.0634237917882037,3.56348080028532e-30,2.84601578442695e-54,4.5729017232095e-30,3.83666038515338e-58,2.29152989784784e-93,1.76013354194746e-27,4.87179279333599e-36,8.55650224160776e-23,2.22599519365754e-37,9.04507597010653e-12,1.57697445289942e-06,7.36475355678488e-45,3.66257957057013e-32,5.5410425339438e-20,0.00113377268834601,1.3389964267947e-18,5.34346131920979e-10,0.0142151872321478,7.53528955203768e-63,1.6811714148863e-36,2.51437702619051e-07,9.1573899430962e-20,1.80787654024342e-06,2.18720727748987e-33,4.87138884352538e-31,5.4119672446418e-34,9.10366298714285e-05,7.38116096115943e-64,7.05782417698973e-54,0.00326913147611765,1.81564542248001e-09,2.91329728205209e-71,1.62367888987422e-66,9.74139356268022e-11,2.4663228361416e-31,0.0680217282993092,0.635667609264216,0.327774596358528,0.0133601736675915,5.15385905923723e-37,1.40903035057065e-39,2.23492826315756e-47,1.28154610718256e-17,6.11815388126787e-90,4.0648779675414e-05,5.94119110156777e-14,2.99443596207995e-46,0.851726753711366,7.00046343212225e-40,4.35108615582668e-42,0.00119620837673512,1.9528699759135e-06,9.37414445262385e-08,5.19878093099186e-28,1.50851374129457e-35,6.65643933252895e-33,0.132051817793245,0.00558814052146718,2.7313609979244e-25,2.75328012244765e-23,5.27222285216771e-10,3.05840991406096e-09,8.321396273025e-92,5.5899686505193e-28,4.72126340631711e-73,1.85767187380113e-06,3.13518692098373e-09,0.7179431614906,9.00985429148153e-30,5.15037946661816e-28,7.13468176300004e-11,2.81656819332344e-23,1.17707265635262e-69,6.93404843672496e-06,5.58469132691007e-33,1.40714579718889e-27,5.35591377381427e-09,0.0604342448600534,3.03056836352228e-15,1.00771223769234e-11,0.0102644217941951,0.0388262512597539,1.39463424650519e-10,1.21002450918369e-10,1.70799532067807e-65,0.00867363358772897,1.66308193483883e-45,1.21052442192684e-07,2.90975818518098e-60,1.40538645536084e-72,3.0068500965738e-21,9.2094748942857e-06,0.108167623190775,3.83336002293717e-32,0.438441256261442,1.45303608328248e-16,9.51139993700469e-17,3.49059376202425e-20,6.76764807082282e-71,1.39754840819422e-15,1.93654047508519e-58,0.521340411253956,3.17946414944593e-78,2.65042756492784e-13,2.32993173519823e-27,1.41044617803306e-18,1.06206331365613e-110,1.33198835178684e-39,0,5.11460423068411e-22,1.91247696862633e-38,9.99353780354638e-13,0.054328070753926,1.29328272434262e-45,8.75472781418856e-43,0.0177758996190669,3.2686438558435e-90,1.49780163633401e-18,2.64625631089288e-39,1.04214957738854e-54,0.00561367412721457,1.04337929159749e-26,3.09182094420066e-11,1.19183360608722e-41,5.15118752525262e-71,1.43827567012712e-17,3.15437449831243e-07,0.327334345450629,3.35870053699539e-66,1.50171733419865e-46,0.0528778001289833,1.16828644785521e-31,0.712864441151396,0.0104684054594278
"Sarcosine",1.12478438495039e-32,8.0419097007229e-40,4.0646146962283e-51,0.000653249070390995,0.183722312631251,2.32869150980749e-18,1.43942424952215e-07,1.60540771608879e-18,8.11249123579358e-28,1.77974238326707e-17,1.48137692312861e-51,1.17613490853435e-08,2.73404274750989e-45,1.74010663171079e-46,0.580929710491712,6.81989000719025e-45,1.08923016074367e-58,1.29798110191106e-11,0.00018702354458354,0.000200454894853176,0.145251377767502,1.44071293447921e-08,1.06594275982548e-15,0.000610547648480699,1.81541264118672e-27,0.399182749788371,2.57885641601959e-25,1.39781246328635e-17,7.03714928481502e-28,1.70669957794042e-18,0.0272744062257756,0.00357327814555751,1.65712598817066e-27,2.84968804392181e-22,5.52888428709631e-36,0.623020336968873,0.0514786386383273,4.80412092786178e-11,1.64916477796407e-08,6.18462290793583e-52,0.675625691150874,9.14049259989566e-58,5.82392175179536e-19,3.40589940535726e-22,1.83906316232723e-23,4.85401058407648e-38,1.31385622328907e-36,9.5403384837295e-41,2.52540706868113e-33,1.51518739457433e-09,0.0070852906423158,8.69274752299463e-31,4.96900779737543e-26,1.76367709723791e-16,1.00406097780228e-55,2.48902081406705e-32,8.51907694064739e-20,9.17327244925333e-12,0.287529443686956,1.20793433014438e-25,2.40011246329611e-12,0.182175704195587,9.30294931829527e-24,3.64686377663908e-08,1.58129036133535e-59,2.96129788959448e-32,9.15501414807297e-20,1.11273311333514e-12,3.91339475008379e-19,7.47186718640858e-43,5.72856140910789e-49,3.72504454748183e-25,1.81339395707156e-32,3.2736331119746e-37,1.51194372090454e-45,3.6537225644743e-45,2.32746285662943e-18,3.07747638734330e-12,5.52190590694305e-55,1.34002067035069e-51,0.151668103236714,1.2596364238587e-20,1.96961384519294e-25,1.44834372631196e-55,9.96748764985777e-08,2.06201290341231e-06,0.00829797703719526,0.0569189563902591,9.47131734702153e-22,7.82332483987305e-08,5.55087534943584e-21,1.11468445641503e-14,8.15749214235575e-52,4.87155572787151e-12,8.65410703700272e-33,2.68977651348585e-05,2.67464784516735e-20,7.89699961834776e-42,0.328574024064499,1.69510924604397e-33,3.09128815773371e-32,0.909383222948915,3.30958925061057e-18,6.48394691759487e-13,7.94475741825319e-28,2.52414382220007e-41,1.91157452141793e-34,4.8862756691975e-09,0.00141584764392394,0.000507076006131883,2.49869333232504e-35,3.19868399730202e-20,2.31861257181759e-27,2.11807905086964e-37,3.45784299847922e-36,1.75020446601856e-24,1.83913929808461e-23,3.11080353050405e-15,1.36091941511309e-06,2.77847499558158e-10,3.96592228426303e-20,0.0389564645173849,1.00315172129046e-05,7.63640419472001e-16,2.32720213735402e-05,1.81308200287429e-51,1.0670018285006e-46,0.0417788849546535,0.00200506311919403,2.18800624282501e-19,6.11035885804542e-25,0.00520944067197349,9.84474457235871e-06,0.886240219493076,0.728180845827538,7.08047217629612e-40,0.00590658784439,1.60043030792495e-42,1.4152213120662e-19,1.82672888611041e-53,3.55224640003268e-40,0.945963342393827,0.999142143390486,0.872394569295471,3.7843363274499e-12,0.326860624856659,4.04747629171501e-15,1.64651360685817e-07,1.79934763767117e-37,4.20691706314443e-36,7.56994455708252e-06,2.09345601243114e-35,0.0465764408112799,3.33035204707485e-37,1.98277665610356e-21,3.70735522610376e-38,1.73650929156115e-28,4.53106411610701e-29,8.99291438723386e-29,5.11460423068411e-22,0,9.47325582619812e-48,0.247251144058763,5.32582839109772e-07,1.67373791221275e-24,3.23223350357486e-19,0.000113551394961146,7.65782652058648e-33,0.472670375856958,5.8602647901985e-48,6.30526836152615e-07,2.00006912322559e-24,0.00243381025826294,0.327618105411655,9.79126177206563e-33,2.92557291175956e-27,3.93079225491785e-10,0.16646950278049,9.96374031583709e-09,2.38506140406152e-42,3.01279964880332e-27,0.00023105978174003,1.0477594458092e-33,0.00513440007721781,0.00275980460518844
"Sedoheptulose 7-Phosphate",1.74137773945495e-41,1.1238646518696e-60,1.8738911020928e-68,5.51772496596315e-08,0.449099100144079,6.66027277146361e-24,1.96361204503916e-15,5.0529093392167e-15,3.77502110116469e-43,1.92704599594367e-37,2.05949351968839e-80,1.7310364468655e-11,1.04375350214355e-79,6.13647061821218e-28,0.578227570230283,7.8081488351638e-72,6.57747760406207e-46,1.48795096161413e-06,9.76073598196643e-06,0.311050410698446,0.100639806853642,7.57596159894345e-06,4.22436831444003e-17,1.12179681653842e-06,3.01822022892235e-14,0.00696596300579123,4.07022329181953e-21,1.21605581145223e-18,6.67950954943884e-32,2.61880913757007e-21,0.0011505380537977,0.00315495263268061,1.39044863488965e-39,4.61166436869384e-45,3.43374935979284e-41,0.0527326785493565,0.318505940823884,0.0139562038925522,2.2606770091655e-10,5.1347455450842e-74,0.000196465268581862,2.84026568133537e-40,3.45931758615671e-23,2.20938159025543e-27,3.9489277543893e-15,2.88298256069764e-53,2.75746341089866e-52,3.36784122155238e-59,3.11857571874712e-61,1.73905200894794e-13,0.0444533226414825,8.98236261113248e-55,1.08302181984085e-36,2.70738238165293e-16,1.74701540658169e-82,6.44947072426482e-55,1.62128893116114e-38,8.12581669606105e-15,0.0175492067052223,1.4365931989269e-52,1.99366355421521e-13,0.0595823509461174,1.72169528097413e-29,9.94866198060127e-07,8.41681286773901e-44,4.79463241805723e-15,6.24385873869289e-30,3.15480395934193e-14,3.13127760279375e-18,2.50076270202786e-77,2.55332529597025e-103,8.0524760077874e-25,7.60089620337656e-44,3.30205690066637e-29,6.44197077862247e-97,4.75255475374069e-94,5.07506922569318e-17,3.70449756576719e-10,9.44071695637941e-71,4.4888570016693e-66,0.53484273410833,2.04930450721169e-08,3.37153483517076e-38,4.3593735173338e-71,2.9151210027197e-22,1.19343606958831e-09,0.199611931442463,0.0139379450937975,1.05633709524084e-08,0.000263050193942197,3.71552524333842e-32,1.04029083057404e-13,6.88916711801451e-58,9.21313652428213e-32,8.09187709125047e-57,7.21701765342387e-06,2.96041835795636e-31,1.01996679379016e-33,0.93682529239997,2.18033459119927e-51,4.08547475912476e-49,0.0801580318328847,1.11567313878609e-28,2.65686294076687e-15,3.78483664202159e-38,1.90369768290633e-34,1.18390619098321e-45,0.0206467513983702,0.00639857365937697,0.000521222855523519,7.4163535171095e-49,1.54269055229182e-23,4.92143664363902e-20,5.88011072100914e-55,7.61517357203612e-54,1.90369768290633e-34,5.44300416857636e-22,2.15914989378086e-24,6.91241270032941e-05,2.11121573685626e-08,2.07744424125293e-19,0.0166288147716355,5.1881778740055e-11,3.18829397300905e-25,0.00137180482390361,1.65929473316741e-57,7.40241391828179e-41,0.00042714416316463,4.67290020568495e-05,8.68558093848542e-22,2.02000600544287e-18,1.03098595412925e-10,0.00117130449932678,0.0123189628019771,0.110243888535101,5.00521729791475e-59,7.59642384868511e-08,6.37438647075877e-62,1.59645892520379e-18,3.00462390418328e-88,5.85692986106821e-65,0.00416110019692894,0.630253873059299,0.490159537695968,1.00003478063388e-13,0.00161546813185361,7.90147481095639e-10,4.31163890223974e-13,4.00187872870083e-29,2.4890561682145e-46,4.3650718947355e-21,3.57122978112823e-53,0.595827106287238,2.49575762927464e-66,2.82198331763822e-29,1.07497897691161e-67,4.65670493384913e-42,1.91078649652773e-48,2.90770868348037e-34,1.91247696862633e-38,9.47325582619812e-48,0,0.00213889076567333,3.9748474283115e-07,4.92699727009474e-29,7.56143400832525e-23,0.444488427013932,1.96707306607624e-51,0.000342422120511364,9.52036273586352e-79,3.03263936628889e-12,2.2724718137805e-22,0.0015547162666271,0.728213984695844,1.93300316269154e-37,9.24396881306389e-44,4.34825837766101e-16,0.332579231201104,1.6669076791796e-05,4.21956305087955e-54,1.09988154857875e-49,3.16966916700392e-05,7.52032750062187e-60,0.235322097482781,0.00189534924272783
"Serine",0.000117814034031335,5.84182122057273e-07,3.72194532183657e-06,0.0221787104616744,0.0288172593234994,0.000447403137120283,6.2777984588231e-17,0.00197827391809685,2.63052153400058e-05,1.32022789950258e-07,0.000701727485229774,0.00649825613679828,0.000195158439930294,0.125394691499272,1.21498669469965e-06,0.00128343482834653,0.589330127927036,0.589132368989223,0.923526353110355,0.0028743100036311,0.0399273187216514,0.966295317370938,0.390037935455368,0.0766286689301118,0.168809678584337,0.0369860285957843,0.0221348705648524,1.72750387029706e-05,0.0876158802588856,0.00414639947896465,0.0260694383662063,0.227670202995389,2.21977326516891e-05,3.19867702101771e-05,0.000662895974266243,1.53192751854909e-15,0.0790465042200429,3.17548036654523e-05,0.0159030887947442,4.68621929224177e-05,2.7275735748787e-12,0.291207079734786,3.65771139638094e-05,0.00303342233527414,0.503882810788275,4.92250989393407e-06,2.29173979550582e-06,5.75719957605517e-07,0.004701001533027,5.0666095058503e-23,0.173689130255584,0.00179457714919966,0.00030867806164607,0.0401897389566252,0.000235632578320618,8.06588245917176e-08,1.9243466653647e-09,0.000330286381677668,3.55815372017827e-08,7.18918093186111e-05,0.00845583428224327,2.85578095250949e-05,0.00697950657905224,7.7679239324322e-06,0.998523546810965,8.71210260688068e-06,8.38769236552571e-05,0.0220026404630221,0.142960942321082,1.40120105984422e-06,0.00218840800075358,0.15761928089054,0.0886020986893619,0.237449811191363,0.00234869914381693,0.00345055533018703,0.132353541876431,0.423946338224127,6.74585236969521e-05,5.42333028840811e-05,0.768334707741472,0.0658420525620801,4.79742504319209e-06,7.58004281114772e-05,1.28336086790064e-05,6.66545771920222e-17,2.61085722349797e-07,0.362181265549798,1.6998154515981e-08,0.250561503592756,5.29560643431774e-05,7.04609633526686e-09,0.0622455916588261,3.73212856238785e-06,1.77939170642213e-07,0.0111587690203413,0.0121345730878014,0.00022074101196839,0.0691488712033371,9.1966930804304e-06,1.85979014235543e-06,2.1030284686744e-06,0.175895294062465,0.0542688383242533,1.45341088127706e-06,0.0176159857584788,1.53113091133663e-05,6.72085722071308e-12,1.01524832099963e-12,3.27356441082582e-06,0.0301326413588862,0.0906542272551868,0.338570237191837,1.48862002567579e-05,0.104769992874062,4.97227445807188e-08,0.763468005561798,0.00412871902591565,0.0182329612989271,0.0077802154120116,0.000312456018692793,0.00150810845426001,0.000973359952209217,6.91806624622744e-12,0.307998178741762,0.166377816450292,0.157204157503457,0.000146141727271367,0.0231439562960999,0.000628363586673528,0.0279926387761899,0.000682547380450431,2.61732129751895e-06,2.40066949724143e-09,1.34292651541164e-12,2.56432205693246e-07,0.197432549756851,0.00017658759383258,0.0220345157858984,0.000240765333947388,2.54832758829526e-06,2.99763503603585e-15,0.00791988951755522,0.838300215583392,0.00164601810911299,0.439310322162316,0.594100967696042,3.99198060565621e-14,0.44157504974288,2.92543859758862e-07,8.53434806302424e-16,6.00270518312802e-05,0.839182293991559,1.34352690439049e-07,0.0631566859695433,0.125291695432306,0.00323194203829188,2.05375539558686e-10,6.42341832721084e-06,9.99353780354638e-13,0.247251144058763,0.00213889076567333,0,0.367225923875078,1.54505014673352e-05,0.00381482511302539,0.00440159981395354,1.84118267910238e-09,8.71843752605396e-11,0.000330306403241049,1.21139734715786e-18,0.121536234378905,1.79002295231999e-06,2.23663185779592e-08,4.15853443076003e-05,1.16972496181652e-06,6.33889939381543e-06,1.84637663947217e-14,0.000466141441510449,3.83363815209373e-06,1.01020032222443e-05,0.0620512907727497,6.01542755968772e-06,0.646758740642691,0.970109753854835
"Sorbitol",3.6069400947258e-25,5.00048479621529e-12,5.88111289398179e-05,9.12500540507412e-13,2.36562709097013e-20,2.94902159176784e-38,1.59931528260783e-08,0.0225559530487991,0.370653121097068,2.09337751107575e-09,3.38998060539515e-09,2.30357479206835e-49,0.000793681199569771,1.30342823870262e-17,5.30125385316576e-10,5.24659186123917e-05,1.87675830784507e-23,4.24523587168213e-05,8.05817588640406e-34,1.21253569293536e-07,3.91191628612045e-43,0.000133911836491285,0.759358783291469,3.24381748795511e-41,8.2039191951318e-10,3.09205749245634e-06,0.369147510869045,0.185177476366221,4.52231578813004e-36,0.000132820105885542,1.82912707240737e-22,1.77210627788821e-13,1.9087673320221e-28,1.19227715038175e-06,0.622141818673834,4.03734632849279e-05,9.31232353607124e-10,3.83191599993559e-12,1.89000395846968e-05,1.40445934399959e-09,3.40195104642794e-11,1.398400373259e-08,0.0150063475431576,0.00536850891858562,1.5088811203433e-16,0.0110086475260373,3.43193507350853e-16,3.44125430353427e-10,2.82845694764141e-05,0.0258908405468762,4.22477345794081e-16,1.80272743257499e-06,0.0446309845211524,0.000349515073803619,1.18744631336361e-05,0.000366439176024618,5.71977309865179e-19,2.78810792864151e-07,8.44878471489172e-06,0.168742615252902,1.07048350209291e-31,3.25100810126822e-06,0.0141057516071515,0.169433831518041,5.99531836469535e-21,0.142960942321082,1.32583299771716e-29,0.000386244033487117,8.291080413383e-27,2.99548620509232e-06,4.91527330501379e-10,0.619300539715081,1.9904146966155e-18,2.60214742072151e-21,1.35479474031693e-11,4.52482413350652e-12,0.218064469621044,3.13411696579576e-48,1.00186342415458e-06,2.34570288593264e-11,0.000286218093249585,7.39859555354083e-12,0.270316823278959,2.21170339154217e-07,1.40626839888665e-19,2.89908547702182e-07,1.21788638749469e-12,2.17528612982724e-35,0.367346553967041,4.17122129479999e-16,0.558030987587241,0.00756294764697079,2.37128728277046e-06,2.36642821021567e-15,0.158398261653496,1.62246633776617e-23,0.00111114569242579,3.68075928081916e-09,6.88009036333646e-22,1.36821542961297e-19,1.53850176225677e-18,1.02345221683654e-12,5.65372108914307e-09,1.33945346285808e-30,0.00163104969739014,8.2077488708472e-05,1.4049550004819e-20,7.2269125638711e-09,0.54382253604693,0.304554943265621,1.2370199902441e-15,5.93909480544186e-38,1.4900170662341e-25,0.139318134627961,0.0621303913026098,2.10029398160016e-05,5.0530142000541e-53,2.59218756609441e-38,1.88664237556037e-13,0.0847493459700239,3.19266393818703e-19,2.02078188314241e-16,5.83455572903339e-11,0.990566881415696,2.87385742643096e-19,1.63346865510165e-08,5.90984925058323e-22,6.22530557195025e-14,1.88930278951405e-44,1.50991910614425e-44,0.236214722251559,0.00344221239760972,1.21996524691452e-18,4.36254456284341e-14,0.0391884135625116,6.14672538703244e-11,0.205371195990173,2.56207282340658e-16,7.38676507081917e-23,4.36035130608016e-07,2.39311452268748e-05,0.873994510875453,1.7966557097423e-18,6.31900504305635e-21,0.00861810943788074,8.43651732261911e-10,3.26411483894267e-11,1.83764649712403e-15,3.69153437538588e-10,8.67625896616755e-09,1.66005685216823e-11,0.349450517493708,1.90018210343406e-28,0.002155114410141,7.70457517420636e-20,5.08735100450804e-06,6.54875348957039e-27,0.0211102965378156,1.39982614895509e-16,0.054328070753926,5.32582839109772e-07,3.9748474283115e-07,0.367225923875078,0,0.942926858156602,0.000244187419502948,3.50815742208373e-05,0.124317298682416,9.90768123482455e-08,1.06889418951318e-15,0.657983189479449,9.85534293079408e-13,6.15261831526682e-08,1.74023993360008e-15,2.83505695130644e-15,0.769806291796292,4.55660882359287e-17,0.196567125929425,4.9777625651646e-35,1.63753053373177e-10,6.16757443403479e-05,4.56597976719827e-07,8.52655074067842e-12,2.18893303128578e-16,7.93621603029659e-06
"Spermidine",1.83754765230982e-16,3.88340293371538e-29,6.96384719674408e-47,1.20441821486377e-18,0.0884875643655283,1.94402002627906e-06,3.3200088576586e-12,2.10611599031856e-20,6.74093268644507e-56,1.30052792556929e-24,8.85418258416474e-36,0.116298999399006,5.55067596694174e-40,7.5721622386553e-06,5.90382818458885e-09,3.09558618121682e-35,2.01776841076546e-13,0.272747610568931,0.0296700195394254,0.00381105328024816,0.191322871844323,1.06558447059162e-22,5.26076871995932e-13,0.927567895062187,1.31734881001183e-06,1.49344010680525e-06,7.16657947742391e-41,7.76344534119756e-46,3.69325528704068e-11,3.15622732410975e-52,9.05597949099353e-14,1.55811780982431e-19,2.83748839711182e-13,1.13187554408407e-19,1.00165137064929e-62,1.682283622113e-07,4.22005250414917e-06,0.166070335048672,4.22831240372469e-22,4.97324129377289e-34,2.29242108804671e-16,1.85513119678017e-34,6.10372647656242e-62,5.81621346955599e-59,2.27551101143232e-07,2.6895170829857e-53,3.54122744538451e-28,1.38711091381219e-32,4.9701639865543e-33,1.07568978767127e-24,2.12847883002494e-10,1.94804238007446e-36,4.23154442603961e-51,1.54513482289729e-39,3.90939597922158e-44,7.9509800220406e-39,4.62497418389327e-20,1.46165613656321e-39,1.35199343400162e-13,2.16962686354319e-31,0.00713255614788518,2.28071294598161e-06,1.0367044897718e-45,1.71718394107193e-13,1.57514180848275e-12,0.000356312819701374,1.53092876016638e-06,1.23105214555356e-16,0.195265400139245,3.83151174204098e-41,7.90584667696026e-31,5.90953105824128e-17,3.55727865662477e-10,6.04320867940505e-06,1.8209819915698e-27,1.86116836465126e-26,5.84680558601116e-20,0.0955803713683378,1.65734046072463e-44,1.88400842390139e-31,0.883537641344093,1.79735052883436e-09,1.11674070994272e-62,1.90491217418837e-42,0.00180090577672448,1.83804648784618e-10,0.000128525090910973,0.11555185831064,0.0852188668455332,0.786324782569644,3.70689262927876e-42,3.84327345003112e-38,1.4875358767334e-34,9.93604225785465e-07,2.46348944270863e-49,0.330660757689347,1.43699665223635e-18,4.49848046635106e-29,0.00222924011402327,3.3164650026724e-24,1.36268338203601e-23,0.18792827369851,0.00844702074957752,0.00854623545592902,1.08890809051612e-24,7.16898649214576e-33,1.01439399428291e-24,4.90946500222533e-05,0.823100553414368,1.02320286124739e-18,4.28949027365484e-16,0.000137720702081235,9.29863191823047e-06,1.59702875613101e-55,9.96740641781919e-26,1.95060676592438e-42,0.000807410981981202,0.000216372167746998,0.933632575497503,1.56598381893464e-23,1.4935091454711e-14,3.49847523754487e-20,8.21321946210109e-31,3.32619423742565e-52,1.0506831774729e-10,6.6485100405417e-23,1.86791985440765e-16,1.04306272858212e-13,0.761761180592334,2.23434293017779e-07,3.76045057829656e-11,1.18890447253579e-05,0.51560031327714,2.29972422606944e-09,0.000373814330850579,8.93268634825448e-32,0.0182809833319695,1.22280719431943e-22,1.82044455894728e-09,2.18076948224622e-39,3.67662679361889e-36,3.03056836352228e-15,6.11707422623316e-08,0.0780126389637631,6.34950915843663e-43,0.0513309859389916,2.36889876541496e-06,3.16419613453582e-08,5.59589639974963e-16,8.47861126832156e-35,3.93752454490812e-11,1.01078965369668e-64,0.054684225977157,8.14986032603299e-47,9.92257883426109e-08,2.32793868602614e-27,3.48900603742098e-09,8.99795330693336e-58,3.50943979416806e-14,1.29328272434262e-45,1.67373791221275e-24,4.92699727009474e-29,1.54505014673352e-05,0.942926858156602,0,6.46404431164077e-54,1.87491464004143e-06,1.25998620222317e-61,5.8318339449473e-22,6.8669750799866e-29,3.52943191409005e-33,0.0135292180566535,3.20146553161537e-23,8.36491018454543e-12,7.81823712512505e-16,1.25908812987339e-51,2.11097200345147e-07,0.0205470700142357,0.0461977421237518,1.11055447498837e-34,2.02954977067462e-46,0.00484394174715312,3.79843494777768e-23,0.0329798888880374,4.6355094207419e-07
"Suberic Acid",1.9793456232418e-07,1.02153559073311e-17,5.43360973138179e-35,3.64379674246048e-30,0.00218124764297997,0.133276714921503,1.78140691156137e-06,9.1888478391832e-33,5.81201765943513e-87,1.05122093185632e-10,1.45099645636279e-22,0.0595720848147818,2.93847389138343e-36,3.32832036465147e-05,1.14901830014063e-16,1.0141848725328e-30,5.85343013705503e-09,0.0159910615616269,3.67733024738101e-06,0.000257998185477454,1.14620696111865e-06,2.86210265384395e-33,5.41600594703666e-11,0.000179271354495176,0.000583172909798551,9.9795522536753e-09,1.26794886789084e-34,1.39295540193745e-43,0.0133705257529716,1.28175523890175e-232,7.55552863186564e-27,1.14728481848882e-39,4.91931396184252e-05,7.12492146080677e-11,2.24369589325956e-62,7.74801301894019e-12,4.07937481782863e-10,0.0859896305845641,2.09427727936718e-34,2.53392544099106e-24,3.055317772479e-22,4.00908358609155e-24,2.09676762517923e-69,3.46745215177726e-191,8.74197627328721e-05,1.16061050536464e-47,8.47555666587467e-15,6.57956064656782e-21,7.01158956335403e-23,4.47943772921156e-17,8.12733532754631e-19,9.8026290727467e-20,1.36786350242092e-92,6.13018147982512e-67,1.81295232882376e-31,1.30014047929984e-35,1.90017477742981e-07,1.03613076106983e-108,1.25032456616364e-21,2.31861257181759e-27,0.492700017864967,4.2336979081795e-08,4.76425655876648e-92,3.80131111974693e-23,3.50264222417469e-09,5.8222282892139e-06,0.0267962413825905,1.90628788008367e-20,0.725385109023632,1.26367846271184e-31,3.72028252940577e-19,2.29582078200746e-14,1.61908772888959e-05,0.0078651720255457,4.02837883435796e-16,3.57792268105768e-15,2.86667250460513e-24,0.163544491209263,1.12890542080088e-34,2.33140877977842e-22,0.601122229095125,8.43883999084776e-05,1.00147484398798e-105,5.11259030977616e-32,0.416161982527716,2.58027220967475e-08,1.66645575559833e-06,5.67229683200067e-06,0.00738263903473124,0.216260820776022,1.02392034401622e-45,2.9328933511936e-21,5.79563160127802e-26,0.00375953232983873,5.70168499717112e-56,0.140264727288756,1.79271279376532e-09,3.18701665471682e-19,1.17613490853435e-08,6.11791366910651e-11,6.85192666873257e-11,0.296116807678613,0.0951059358786407,0.979838552735794,2.05945096915288e-13,1.17598801505885e-22,2.00650048357036e-11,2.03761918825111e-15,0.664783976146538,9.72283542911034e-16,5.18498726607473e-07,0.648821447939551,0.0045979918366241,2.5016830681704e-57,9.99465886586705e-28,3.72886825370655e-29,0.972197465759433,0.714854576370138,0.0522389153793977,1.55747776152837e-28,1.37169618230078e-06,1.6975218416581e-27,2.69375296496953e-73,3.41363102183736e-52,6.79093623223961e-23,1.61735153486788e-19,3.78428996263146e-10,6.00355682407948e-20,1.30355684765453e-05,0.0989562050447733,3.97396361771083e-18,0.128364025474719,0.00319431381891876,4.31439553847997e-21,1.97330532564215e-06,8.12901683930583e-20,0.0133976421232371,4.02583766706406e-13,0.0761450156460179,3.11047100317804e-29,5.44218784285138e-29,5.36214974654444e-12,4.1741653972921e-16,5.63958027903883e-08,4.41730801827275e-47,0.000621615184204569,0.000199820658005184,0.044155686522828,5.18342633284212e-12,5.75442288080866e-23,0.00171530561332318,8.50173942863363e-58,1.2292183765514e-05,4.18582739271614e-42,0.0144431600598703,7.55813537178603e-17,0.00185326535431164,8.51761354213859e-45,2.45156687143753e-08,8.75472781418856e-43,3.23223350357486e-19,7.56143400832525e-23,0.00381482511302539,0.000244187419502948,6.46404431164077e-54,0,3.22518214233142e-13,9.17569841088067e-54,1.91078664209011e-24,1.83754501174195e-15,9.89608491130573e-32,0.247539810465539,3.1464960507804e-36,1.10302517675983e-20,4.54495913319643e-10,2.2367708923105e-58,0.00696361773530597,0.00184252101664683,7.49358429543239e-06,2.98257551038449e-22,5.8703466773749e-27,0.000460755932070203,6.19974637677177e-12,8.85548515957559e-06,8.33807789453333e-07
"Succinate",0.159163903886661,0.867952919558571,0.0213120429611107,0.000117127740327136,0.870544388984796,2.2595905261794e-07,0.0393587007402439,1.77716375008444e-10,1.25578862165176e-05,0.000264227759549808,0.341253160213548,1.40577409454903e-13,0.164863907518399,0.180867050073319,2.641008782966e-08,0.0708671265536017,0.382011377936345,0.00282201504818539,1.58337668029246e-25,0.378577832829024,0.000365895252797809,9.76762209296755e-15,9.06148707621101e-06,1.7235895356578e-09,0.0400890146999098,0.0556913427384154,1.66888641240052e-12,2.68939775254631e-11,0.00387606862311518,4.23999841066136e-14,1.42011721302444e-07,2.67828721643403e-21,0.000240252480765887,0.0415432335601158,7.53822569004629e-10,0.79496750730053,1.83803779348884e-09,0.0616733529187769,2.90114906319139e-16,0.337895107758122,0.00195938337337218,0.00307067575106454,1.11693442259093e-15,1.31374213013322e-11,0.0240738475462407,0.00296762584472821,0.994950734815082,0.716595316669958,0.601862403113309,0.00339448043598987,2.16490604219726e-23,0.488972217022081,1.96748506968126e-06,9.49606531273147e-14,0.112863659406569,0.0778757137026344,0.0198668871418339,3.49493349983151e-12,5.60550282123327e-06,0.619300539715081,0.00023907541833405,0.0388311439054224,6.8515283324634e-10,6.09548573275688e-07,0.173730164096187,0.00645891723119561,4.85174628336009e-07,0.0233530407043663,0.00375953232983873,0.244486245747771,0.648645890635136,0.00541397547660805,0.000897253154749143,0.71766766822413,0.280895631634267,0.247873038294037,0.0464181510081502,0.00255570194522546,0.00330507828712823,0.125873479384868,0.000399733741097107,0.0042607585021739,5.43633510916884e-07,0.00883215230669927,1.26589594772892e-17,0.781459187204397,0.32093245430997,6.0574261978808e-13,0.0204536201619903,0.964170438301713,0.0391953276502901,1.60741554801129e-05,0.0364385915355549,2.85218724087672e-11,0.00118828431672379,1.18765247356491e-06,0.511239151106035,0.00200828663051581,7.65462908830042e-17,0.279815849191647,0.164870290822529,1.63517301433404e-06,1.24236615150207e-06,3.56402495075659e-09,0.832182324184865,0.00199512103253899,0.392561787492371,4.12793962652286e-25,0.0510516541908325,1.09341467197414e-05,0.0140396234238912,5.86901507806009e-06,0.775879875401295,0.000386647570570023,0.161583202816255,0.014653940071961,0.000310726030709774,1.67190196936712e-12,8.34304319137274e-05,7.68057850950924e-10,0.26877187778844,2.32019732029455e-15,1.04483105334833e-08,2.61386096371175e-05,5.16630785651444e-12,0.27273903218222,0.525084536135691,2.20168580919667e-05,1.40043013473237e-14,0.0130143830057277,4.88752191924835e-08,2.64539192467568e-05,0.0350050125523457,0.000222854623081922,0.553381339127876,0.760228363417934,0.00876890203077223,0.403228413357969,0.0310360755469786,0.210263228204633,0.264804711229686,0.0639976728131385,1.38856826388837e-10,5.56356224329457e-06,2.64717458127697e-19,1.75967228564736e-12,0.144385400426507,4.3629635418261e-07,0.123654774853423,0.160389631582118,4.37543211181458e-06,2.1502347763957e-06,0.000218871411927519,0.089370827485157,0.00255336397059077,0.153270416195622,7.02694750203161e-05,0.00821909725170087,0.0895714185276938,0.0177758996190669,0.000113551394961146,0.444488427013932,0.00440159981395354,3.50815742208373e-05,1.87491464004143e-06,3.22518214233142e-13,0,0.00311013078928241,0.045479689242202,0.57026184605064,0.000192575561409654,0.00162583783936838,5.89719714950161e-13,6.61398230282176e-07,0.176739577060389,0.000173951190400048,3.16613967156998e-10,0.000204368051323155,5.60421173106506e-09,0.201652502448153,0.756418744066342,3.0512542037249e-08,0.243148367246581,0.148041937887799,0.00448858943567394
"Succinylcarnitine",2.14935763680246e-29,2.84598361267416e-59,5.29634580209877e-99,2.31908599414007e-14,0.581906725030545,1.76593636324455e-13,1.13820791242835e-21,2.93635237577757e-30,1.02235289600256e-88,5.27198152764368e-34,4.59788365746522e-64,0.000220818091932725,1.31641942196857e-87,2.51178224001425e-14,6.40835858691998e-09,1.01831652476032e-65,1.21856819910873e-26,5.45701675926286e-05,0.579418082837721,0.148355006775554,0.347235968246779,2.61887559174873e-20,1.23089735653761e-11,0.469228429639935,2.2310608155131e-08,0.000387975301271427,5.28596167881715e-41,4.84594566884092e-47,8.47195260384183e-16,1.03820428906248e-51,3.20372997844428e-11,2.71096078488632e-15,2.93657594696214e-26,2.02965441756253e-31,1.26851246231935e-80,2.73082049412221e-10,1.21026868945358e-05,0.988261874237121,1.21649180830641e-18,6.91897166644292e-66,2.54382718951272e-15,2.34775073868387e-45,2.87470251972615e-50,6.65292047388497e-62,6.57574298361569e-12,6.07961173267069e-103,2.26605776646061e-46,2.45319233428382e-66,1.29151114936394e-43,2.60111923499513e-38,0.000167216492705048,4.64728552263007e-42,6.99456190645396e-76,4.43707017216997e-34,1.37323514167918e-84,1.79516465998889e-80,5.77130425219551e-28,2.99358614365412e-39,5.9655721407477e-14,1.04307948314604e-49,7.99918193788713e-08,2.29770620595401e-05,1.397595884165e-59,4.85971307940904e-22,7.15517938523438e-25,1.30311496000022e-08,2.72861137863976e-17,1.01146516117745e-15,0.000134051921129522,2.31538132502719e-79,6.21216578696371e-53,7.42495732401588e-17,4.30902065157387e-24,1.25549214655093e-11,2.32229099297018e-47,1.12485167760021e-44,1.7964800725754e-27,0.000416563956726359,7.00076597428417e-79,2.95781503352505e-58,0.232301816191599,6.89133478215117e-09,7.82047348616559e-88,4.84348585618077e-78,1.30315444374819e-09,7.44189696576422e-20,0.00622152602798845,0.930732789558052,0.000633171422394244,0.00818531448960098,1.38439112605335e-57,2.08906372736017e-32,3.67125782301709e-57,1.57121202367739e-16,6.9975017744445e-104,0.00644691381250852,1.40552719962568e-23,5.92614953926097e-47,0.0914910646632692,2.72720901544452e-41,2.66141179235545e-42,0.070674235786499,1.58599046903245e-10,2.8118099585531e-06,5.05972913871505e-41,2.15330679603193e-43,1.12698768837143e-38,0.0012470888297416,0.870606860370732,4.16144336069677e-15,8.26375928535827e-29,1.49206521239905e-10,8.7585054153539e-11,1.53541122768482e-114,9.51889153222844e-44,6.05106147678267e-60,3.9046156176057e-08,1.86296197736953e-09,0.324310469734553,1.28981985191112e-21,5.79094342493254e-20,1.95520678004084e-12,1.7503319971055e-26,2.10142812166392e-59,2.10898496075352e-10,9.63254849476753e-45,1.88736604361615e-30,3.80431869277798e-11,0.124080758144227,3.54465569021433e-13,2.58286821685902e-16,4.12842394039139e-05,0.240748210495608,1.98358448823897e-08,1.29171500265418e-06,6.17881993844734e-65,0.000264437820799547,9.42021220350683e-46,2.19316039717308e-11,1.30917370259315e-75,1.13672015423356e-82,1.59758625740206e-12,3.79811577136525e-06,0.0128268443827189,6.76723668977821e-33,0.477543492660042,1.51635214922685e-10,1.11980078304159e-14,7.10333834340457e-25,2.11751178263079e-63,4.84532219456322e-13,7.63812431134307e-84,0.706004163871647,3.93243464935368e-103,3.19265479702311e-16,4.85153912232779e-38,4.53372753455717e-20,1.37863378597955e-112,8.23619255057595e-34,3.2686438558435e-90,7.65782652058648e-33,1.96707306607624e-51,1.84118267910238e-09,0.124317298682416,1.25998620222317e-61,9.17569841088067e-54,0.00311013078928241,0,7.26911454748923e-15,6.58698936282905e-49,1.11242523153428e-37,6.64213803174449e-07,6.9952170437813e-19,4.19637560907337e-08,1.73532002901571e-37,1.77164789587497e-82,5.51368726042184e-14,0.0106864866835773,0.927896506070284,1.3382508400181e-63,1.02755151493795e-55,0.930605767935418,1.62478837018021e-42,0.867774763911807,2.77489211407338e-06
"Sucrose",0.108003735930209,0.000102670878732404,4.35308651816675e-08,3.13372876452542e-19,0.00840923953181464,0.553532038169483,2.00147719977745e-06,4.01537281881037e-05,3.4601349507503e-20,6.44441527399761e-08,0.000179801215155975,0.00605768019794401,8.64343855345988e-08,4.93035633148884e-05,1.67662235429196e-16,8.81990749284405e-06,0.485316811250302,1.49784948521908e-11,7.50724733737205e-09,3.97735271581886e-14,4.87899092534817e-05,7.9361627525249e-12,0.222515818399226,0.00288149924473295,0.0116809561436076,1.46229155894977e-09,1.44393283597114e-06,1.01246664049992e-13,0.516218693646388,5.29415227332878e-24,4.48175120668854e-20,8.03842129964109e-21,0.437297666966362,0.000297320235617476,1.77210627788821e-13,5.11117963304592e-18,4.73745202360434e-07,8.10555432274526e-25,3.11535434344808e-18,0.000102280609835222,1.78735440559093e-30,0.00108837806552895,5.0861173372567e-25,1.02952298668655e-23,0.266075442359159,5.14294785254848e-13,0.000206675485959176,1.09499910684041e-05,1.1514223007817e-06,3.07020559686874e-08,7.92497341784085e-09,1.06811696387176e-06,1.21144000700223e-18,3.56381674267876e-19,1.42452079018911e-06,6.23630774459913e-11,6.24907686404212e-05,2.6125947583276e-29,9.00563035796504e-31,1.43236755559203e-09,0.198019189321864,1.30522441563733e-17,2.72628366232999e-19,8.90712246886646e-09,0.392895681465124,0.00128438098881508,0.866038011155401,4.3249593162136e-05,2.6712799675118e-10,6.47122165807856e-08,0.00057724370483668,0.0829620124979176,0.466370745763347,3.04139716105013e-06,0.0020774122061992,0.00435358456811792,2.85300796503942e-07,2.26665140674512e-06,3.03901203070957e-07,8.89823616874294e-05,0.18068793609279,0.904953620579454,1.488329264112e-23,8.39807558292345e-07,0.554393701715749,8.04276867023542e-08,6.82898169663058e-21,4.18291044772417e-06,4.98550511786032e-06,5.76744590314479e-10,7.66559385199072e-18,1.0679117435108e-14,0.000169662631346445,0.0756735122900494,1.67240943024073e-16,0.616431405316277,0.00981251417651675,0.00522216192432877,0.00123038068129102,0.00960999771118574,0.00555575195479674,0.193983847664127,0.00633685085319134,0.318274657972841,0.0039901819158899,5.00627987932222e-05,0.011695436225538,0.632471174376276,0.000295743852836156,8.58434262949531e-19,0.512372010547539,0.00766673720638969,0.000474074916302744,6.22530557195025e-14,0.000753855541022484,2.47180510324509e-12,0.00034221609169257,0.283906931401875,1.08406078051878e-05,5.14294785254848e-13,0.016565433851565,4.08663925116628e-29,4.264359998439e-38,1.9582819679736e-29,7.72501149742738e-06,0.157006455801665,0.704619138466345,1.44876618697222e-20,5.27674013287652e-06,0.412999208976098,0.197579606627879,0.015967188993407,4.934201429206e-10,1.50926152083825e-21,1.12896978908998e-14,2.39643455868121e-05,0.116222116423777,0.0112290697654322,0.456036935701508,4.77579353687636e-07,2.22749736546595e-07,1.82567682838205e-28,1.66886714576153e-13,8.6591509820127e-05,2.518080512216e-21,0.377631224021703,0.189471933306381,0.000541597311980223,0.502112280990016,5.04443531902571e-07,0.000209247368929284,2.36325898352355e-15,2.34221906028064e-08,4.01404256985331e-11,0.376414342319315,2.14877989489694e-05,0.95517216474937,1.15313297032419e-16,0.0733652647025269,1.49780163633401e-18,0.472670375856958,0.000342422120511364,8.71843752605396e-11,9.90768123482455e-08,5.8318339449473e-22,1.91078664209011e-24,0.045479689242202,7.26911454748923e-15,0,0.00509591127010948,5.37860976650761e-27,1.90824206075195e-07,4.93346421354244e-32,1.83926415512003e-34,0.0428322027932321,2.55725787607514e-17,0.0860756644490049,2.46854079177023e-08,9.89978370346092e-19,1.66162780020456e-05,4.39145150941664e-13,9.0027773765934e-16,0.0127097864449003,1.83864637365661e-16,0.248177093700171
"Taurine",2.0151841154411e-74,1.39226638933619e-96,1.15767593631659e-71,0.00170311480690443,0.0364764390673045,6.0932110942948e-46,1.31332094301945e-24,1.26193562817701e-10,5.71714883518572e-31,3.32327391220615e-53,1.0450144471153e-96,2.58218394566994e-24,3.21857793737855e-70,1.20400253468268e-33,0.918998160135081,2.93376024695877e-66,5.35627124515943e-67,6.29516725157664e-07,8.44913898629342e-12,0.176739577060389,6.42137014230793e-05,9.30907522758987e-05,5.11216813895888e-10,1.46561572743418e-10,4.93096115726044e-17,0.624478933088401,1.75503435009238e-18,3.12593692522127e-17,3.75368540732e-60,1.40821090179511e-14,0.493177791435721,0.151321068270252,9.13124404151235e-78,8.25015768147723e-45,3.63696753388808e-36,0.095207711124159,0.539569501312935,0.00210936382344763,1.72801948104399e-05,3.0898262824486e-102,0.0817559681868692,1.69638960474816e-59,1.08565075547083e-16,1.62788376408093e-19,2.31816016415464e-22,4.89865503960063e-56,5.11437900451622e-91,6.76853785122649e-89,8.14032341488245e-53,7.16238789404847e-18,0.737560897370401,3.41196249089427e-55,9.53757238291413e-25,4.04832399141131e-11,1.067133994829e-86,4.06516223807242e-57,1.45759577328214e-56,3.11058606859196e-09,0.02641117995704,1.20810336733011e-36,1.20770238875665e-25,0.107289881962038,5.67864013720882e-20,3.18161962591284e-07,2.80706690404023e-58,1.47050717731042e-11,1.35313850385826e-48,9.8359017044591e-10,7.69023510556764e-23,3.64321084036935e-84,3.50032289209051e-102,2.58915923416631e-17,1.02724276134565e-65,2.21103892093113e-32,2.43584097504072e-103,6.68525990200443e-99,2.10572259552022e-21,5.51702080320027e-19,2.99058315161247e-77,1.04448552003452e-88,0.00143967393949129,6.39132545067503e-16,1.96462202072182e-28,2.2378271653875e-83,2.96976213182895e-28,6.08279481757018e-16,0.69460977282005,3.06860331416949e-08,3.11599599030867e-06,4.20614266498608e-06,2.63135404740106e-29,1.14849602136529e-20,2.02199323445004e-65,2.04738017614873e-37,3.74736286563081e-45,4.64975701604997e-11,8.61716146239278e-26,3.37208510759797e-50,0.00289639473598918,5.11770322110722e-98,5.02154972008406e-94,1.66428955901005e-06,3.95997513364169e-25,1.81351312379739e-27,1.85392442862899e-40,1.12103559160621e-38,1.35436323204503e-88,0.494399146489365,0.0297114308048117,4.33323351682361e-07,1.96408826929479e-73,1.51223298836703e-42,1.1352206806982e-35,6.54929083644256e-49,5.45215465098368e-40,1.19713520254667e-46,4.21913088909501e-38,3.24025563349091e-42,3.11683028411721e-06,5.18833500794777e-08,3.73484560318968e-34,0.462409410543647,5.41718983554072e-06,6.88598537927279e-24,0.223556241864016,5.52984672592997e-71,1.02529322825714e-71,0.210632041152453,6.20248309654939e-13,1.2847098415087e-42,5.88682402685031e-11,2.64335673927148e-09,1.35908996210645e-06,0.433526335374001,0.0453168001490827,1.33843812173575e-89,0.00304777290597843,1.22861679459156e-101,2.48449147462854e-31,7.80683708998981e-95,9.68289032396952e-70,8.33647730727084e-05,0.124350877297614,0.0035264345936332,1.1529589554628e-09,0.000689917149970348,5.83735832307128e-16,1.01831996551211e-22,8.84883680138158e-38,5.11258605912975e-66,3.70494793736202e-24,1.32589220522414e-41,5.68307500884468e-05,3.28970654052529e-64,7.00784970161693e-37,8.28376778790838e-69,5.60109122328376e-64,8.37234400862348e-50,2.59847652801376e-50,2.64625631089288e-39,5.8602647901985e-48,9.52036273586352e-79,0.000330306403241049,1.06889418951318e-15,6.8669750799866e-29,1.83754501174195e-15,0.57026184605064,6.58698936282905e-49,0.00509591127010948,0,5.36147033385045e-14,8.33452082553076e-24,0.00641226219125609,0.663483554903778,1.24921524912664e-54,4.41773041392469e-33,2.1735964554503e-28,0.538855949792539,7.65474386940075e-11,1.45320795618802e-81,1.78609218046829e-67,0.000127551570189297,1.34020985462582e-63,0.0264313947245392,0.0261511357757477
"Thiamine",2.7774940962401e-14,5.19722280352349e-22,6.56284753735743e-26,2.95910258026283e-12,0.46185593788769,0.000122159117381141,8.63317721624822e-28,9.2568455611099e-18,2.68833137942817e-35,3.07775379181578e-12,1.65697783130121e-17,0.29837317485744,1.49679567488462e-21,0.124908643163874,3.99925669784656e-16,2.74266946036761e-19,1.08756054554473e-06,0.262664533499903,0.00354633211968104,0.00133326157021828,0.808903245987097,4.02743887887504e-14,0.0694053326272753,0.320216143456774,0.584851581862436,0.00245066598296345,6.9567609301534e-21,1.17788434904521e-41,0.000962727458328486,9.8589028667929e-32,9.40086878903082e-10,4.89966715903456e-16,2.09033724529632e-08,1.55814012721742e-12,2.46355059476145e-33,3.30010552860768e-18,3.40022736446525e-06,0.000464265866660109,2.64984450983569e-19,1.362436628051e-22,1.68805300133017e-16,2.4178976980854e-16,4.57740173624627e-33,1.92567236377052e-33,1.1065392412638e-05,3.95982370725835e-37,2.60573176079922e-21,7.10390456032713e-25,6.42792772041495e-12,2.95400781789684e-41,0.0048972119562481,4.33976191039235e-13,1.51853941052019e-30,1.44892451323994e-24,6.92516425520568e-20,2.4115643613586e-37,1.42934356759875e-11,9.20668265600202e-31,3.92427119084617e-40,1.36988429886605e-12,3.85450828082065e-05,7.70513392824831e-09,4.88497894486378e-28,9.10448063736159e-32,9.43340037190632e-06,0.398799733177206,2.29508237661906e-05,0.0114188456525434,0.0244041100245532,1.77266705004679e-25,3.59750430022028e-11,0.0510516541908325,0.000109039647836431,0.659630249317802,7.03809224977024e-10,5.21600113601467e-09,1.41246828807386e-21,0.535423329793451,8.67385584747847e-25,3.13227169073442e-20,0.015132667206109,0.000816640238818021,9.31963938526963e-41,4.38817226303747e-25,0.00912802392220162,1.21323191021892e-27,0.0011261201074913,0.397111600389426,0.00530379379620817,0.384529279896991,6.02051165489515e-20,1.07514793024056e-46,2.16484050100205e-15,4.50052557093191e-05,2.02317469635916e-34,0.0357423394239983,0.000718256042375732,2.30723071971839e-24,0.60984638343814,5.3545165781571e-17,1.15231091999207e-17,0.000129186711769484,0.999802445570238,0.0426142723696675,4.88870922310176e-12,7.08128706006411e-16,2.22021458564546e-14,0.716737280734431,6.52866764846588e-08,8.52534405389235e-36,2.36586032416002e-06,0.0560749634803163,0.0217239896486654,6.79695986986405e-36,3.81682278526244e-11,5.50961730516287e-45,0.313714720202107,0.101645305796375,0.00123173901280617,1.14108279385776e-35,7.29804560860581e-17,1.37460962789722e-13,1.6115177290878e-23,5.6043266690995e-54,0.00149165784950055,3.23344517771722e-10,2.89622732773403e-10,2.93021390954298e-10,0.668639861727854,1.18975761105941e-06,0.0111823490865705,0.790261231440324,6.57245200417601e-06,4.80554631767625e-18,1.06120279349962e-15,3.36327378332667e-24,0.644330324589062,1.71888462986071e-15,0.0957571880677697,1.96544730423139e-20,2.62688168104075e-26,7.45293345244787e-39,1.29931348844933e-13,0.0205214974574754,4.63235434857876e-30,2.72589583098605e-06,8.79371044782172e-10,1.38234672556458e-09,4.22800220861038e-09,1.92251761293091e-31,1.41317816342398e-09,1.39796168927222e-28,0.925581745902384,4.91919108671339e-33,0.0709034698846694,5.03631428248529e-08,5.68965897723776e-05,1.42505137835101e-41,4.18259490614348e-14,1.04214957738854e-54,6.30526836152615e-07,3.03263936628889e-12,1.21139734715786e-18,0.657983189479449,3.52943191409005e-33,9.89608491130573e-32,0.000192575561409654,1.11242523153428e-37,5.37860976650761e-27,5.36147033385045e-14,0,0.0656321697376688,2.51946022787797e-44,4.08126053999105e-26,2.42562231034822e-14,1.60251461411812e-35,8.07721439765374e-08,4.37320248642248e-15,1.51734749814059e-06,6.52402485328733e-27,3.89783602556774e-22,6.49214859565106e-09,4.67070304936535e-10,0.119523278949063,0.0844070926074715
"Threonine",1.75175804801697e-15,1.62005475144494e-14,7.19343927166699e-13,0.568658326268902,0.545306206697104,1.19899175480049e-17,0.245843824747137,0.0666119105413791,0.000430216764179847,7.82252206798687e-10,7.66438309214823e-19,7.09266077480226e-15,9.6503823953759e-15,9.30670437288417e-38,1.36482583384664e-07,4.81491761130914e-14,1.076349403351e-28,1.09896244671401e-14,7.85579162315437e-22,1.77082168220793e-06,0.00839265112901928,0.3715813261056,1.37415880602648e-09,2.51647759731613e-12,1.60151388436538e-31,0.425811497438843,0.00350016798937116,0.377607784658533,2.55086500401054e-27,0.329793539424949,0.0211028994994813,0.000199561319270845,1.56007563591342e-20,8.0694205947829e-14,0.0001252705224006,1.68198698111966e-06,0.000662686643495948,8.01020708419022e-19,0.494208679335194,5.40742312904863e-16,0.000759919361381833,2.88388096010561e-12,0.445833811733726,0.0843379312021057,7.57890443423317e-09,1.9203176264879e-06,2.80916757353433e-12,1.46884480299711e-12,1.67692658283884e-18,0.383743556507467,0.217195255345996,8.12194819462736e-16,0.000860469925930444,0.737510247676731,2.71990772246652e-16,2.36652288620413e-06,2.55955919122192e-09,0.631153276765113,2.03627626945633e-11,1.33016751576855e-12,9.31272664061325e-09,0.0100414133007066,0.0242732122915393,0.123210464033118,5.73143257584854e-30,1.64575576053851e-37,3.86763852417946e-20,8.37516999712423e-07,2.4356678811001e-63,5.62361719625876e-13,7.18244463256732e-26,5.2794934676326e-19,1.56036717909079e-38,3.8007047766699e-53,1.73860401362852e-27,9.63024834054863e-29,0.0127634460631156,2.93314072612447e-15,1.05605942597986e-12,2.64250688584525e-15,0.404341636566752,1.35406684795166e-05,0.0108234890750408,7.79708149695475e-13,5.70116005018341e-15,0.774201101762896,0.0297433098314854,3.33232169319678e-08,3.73753946766479e-34,1.1309163532483e-08,3.30895891819932e-06,0.695020752395906,4.5095149384397e-15,3.04234490031766e-15,1.14050373569291e-05,0.00117003945839784,8.72630256726766e-19,1.4387977081682e-08,0.0582748659969718,1.3186695100796e-15,3.84550639287658e-15,0.447992172976082,3.13305109500016e-58,4.71626691003582e-15,9.97682706523013e-20,1.36582687004762e-06,2.0191893031573e-16,0.103833228371082,5.84205494004689e-15,3.18017361954083e-07,1.27984072336591e-26,3.57279464997061e-27,1.30760347161008e-27,2.29539242909898e-06,2.06000531770717e-18,0.00193045985566441,2.77706219904586e-30,2.99015084844966e-24,6.18392554337355e-22,0.232172651118254,0.00016404742119493,2.55394521010268e-05,0.133584309790728,0.78364525623625,0.384508496380921,1.37182824819877e-27,5.74384017827185e-19,0.0243648199215805,5.47284161178564e-14,5.53759245472978e-15,2.48442303282041e-08,2.3162788050512e-07,1.11079705166249e-17,1.50574246339574e-05,0.00108070245807568,7.53214355294993e-13,1.12709467047437e-06,1.16613183359124e-17,5.59116845428659e-23,2.67616812301843e-15,7.74195950315073e-12,6.68875138938605e-10,9.81397708209536e-10,0.00420511937562119,0.191794345781333,1.87890463774873e-05,0.137594724321671,0.00105893409561642,4.41657669817031e-19,1.93163878910588e-08,4.88426458664061e-05,3.00821530827277e-06,0.000936493018454889,4.05098069423471e-09,4.64156023734826e-31,3.60234046878785e-22,2.16859237233303e-27,0.000144666039968121,3.83191599993559e-12,0.00561367412721457,2.00006912322559e-24,2.2724718137805e-22,0.121536234378905,9.85534293079408e-13,0.0135292180566535,0.247539810465539,0.00162583783936838,6.64213803174449e-07,1.90824206075195e-07,8.33452082553076e-24,0.0656321697376688,0,7.4459008999457e-09,8.39300753270551e-19,6.17122115391693e-13,0.00142823129453983,1.94840616907547e-07,1.30787712611016e-13,2.42634598523579e-34,4.83828966221685e-11,5.37950798259265e-09,2.95570843242799e-51,2.73681365342273e-24,6.28204350106884e-07,3.24965734380666e-05
"Trigonelline",0.0115299623644534,1.97043628013778e-06,8.18879792299414e-11,7.30276056616261e-15,0.31003707617299,0.483103443062811,3.42275862244905e-11,1.75741106493499e-23,4.66853870657537e-24,0.0172250578149451,7.47532963755602e-05,0.000467837137121182,4.94781965293159e-09,0.220994346405437,2.90804107540279e-19,3.30334279733117e-08,0.370423441351208,0.34063681363497,7.42811908410625e-14,7.08077412318266e-05,3.85223762471959e-06,8.00356982424768e-21,0.120290468039428,2.98469906324929e-11,0.0231439562960999,0.00499621502031212,2.96124032125301e-20,5.38201811554184e-33,0.0968670718559883,4.03011169049295e-37,7.40662581169514e-19,2.88759821961001e-33,0.409830126438467,0.0119121258499616,4.58448156236324e-24,8.28909445761688e-25,6.86480903408558e-16,6.54412649315811e-08,1.27063013079528e-24,8.13815733419861e-08,1.02467118755671e-17,4.90662788146033e-09,1.09238369416993e-32,3.52718374408977e-34,0.065461938020859,5.90477045218449e-20,9.44560075978406e-06,2.96218587227229e-08,0.00414615204427953,1.74861559528324e-18,1.38409677578378e-07,0.00268308708070022,3.43039868141856e-24,2.4849084071306e-32,4.82088271355895e-08,2.71462655587718e-16,0.0100665136919351,6.19083681770713e-45,2.21780619609468e-53,6.08723125148425e-06,0.631536315706371,1.33791010426828e-08,5.63364500738102e-28,4.84334790616138e-38,0.518315053793907,0.12841543017572,0.781082482969314,0.000214033706928469,3.54478839695918e-10,5.99996017729016e-09,0.01766239879348,0.612958286006865,0.624929916577941,0.000456323010615773,0.0768914020509043,0.144433328249081,1.17422818235099e-18,0.00589290629567753,1.30336204585612e-10,2.70975117874177e-07,0.068750962632555,0.00286705675426934,1.38530083635142e-31,1.23296029362127e-10,0.0560061875936488,7.7569132337336e-12,0.00246096437332673,9.08125392806211e-08,0.00160610389361219,0.0958824389634173,8.15833908717575e-12,4.56659392314994e-30,2.09549054205103e-07,0.863212184745622,2.415707981858e-19,0.106861795266449,0.740155257952259,1.35377508634123e-10,8.43394926721556e-05,0.00351935144205459,0.00179320818920666,0.836019113867821,3.20476170876483e-05,0.122556558047747,0.00207096560710778,2.15359933269882e-09,0.00794914120042299,9.71704081495673e-06,9.79580301475208e-12,5.05343294482014e-38,0.551328869833432,0.00986352221961962,0.306215821694201,3.69170116587114e-21,0.000289758721962277,2.38425538505068e-19,9.14579739435125e-05,0.00579393813186626,1.1110601188884e-09,2.92539724014953e-40,2.32920260425268e-06,5.95916919570323e-26,1.82515504935533e-33,9.82722977685007e-37,2.71528945300332e-11,0.00933730445085077,0.0207113004398621,8.6483878980399e-16,7.19747794716135e-08,0.946256454030368,1.42099070068535e-05,0.0171713815591394,3.82688350784351e-13,1.67147806237448e-28,6.12814344462308e-13,1.08378345235204e-07,0.219278335807803,0.000578917564661772,0.0543240470743015,4.00885161787379e-08,4.15480925608567e-10,1.40090349467477e-27,7.52176913770028e-30,1.30841449519167e-06,9.40515892812293e-35,3.13411726421782e-11,1.16401977333831e-07,0.0287688602420876,0.0147377271390418,6.51768969187406e-12,0.100795175871814,1.11395417399876e-17,0.00346518974192327,2.76662858187593e-13,0.129176597451222,0.0288217540384158,0.558241771923456,4.31322266865581e-21,0.000748048742544506,1.04337929159749e-26,0.00243381025826294,0.0015547162666271,1.79002295231999e-06,6.15261831526682e-08,3.20146553161537e-23,3.1464960507804e-36,5.89719714950161e-13,6.9952170437813e-19,4.93346421354244e-32,0.00641226219125609,2.51946022787797e-44,7.4459008999457e-09,0,4.6397337693079e-54,0.000339380302790772,3.01378618264785e-22,0.141959011658223,5.68128563468619e-22,2.76186700991331e-20,9.88162300915218e-10,2.19602784553311e-08,2.37194814478144e-26,0.1245133964853,1.81560053610049e-05,0.0652944723906492
"Tryptophan",0.303894905611262,0.256813269613843,0.00803173659562605,9.95392356492211e-20,0.0947769728816396,0.00259749365457196,3.08259806768577e-05,2.09337751107575e-09,2.3097826169682e-12,0.166310749511322,0.364961030325605,2.20442929034319e-07,0.0111280944505379,2.21691596904056e-06,5.78119958167417e-21,0.0200254463137739,0.00771766508610558,0.000294230789274696,1.00901868588156e-20,4.92167360598714e-10,1.55932929574038e-08,4.1170578203851e-14,0.495465149273334,5.67705598893813e-13,1.51915669302596e-06,2.66443316389947e-05,4.78833784190912e-08,1.54741342145327e-17,8.90188146731988e-06,3.66225229315938e-21,3.46925520052776e-16,7.46678826069871e-28,0.0806471379423903,0.957246028802531,6.66605311272069e-09,5.69172682884091e-25,6.47674535482069e-08,4.65263337458101e-18,3.09439472477431e-13,0.125112874726066,1.62436015843574e-22,0.21339089428944,4.6737035693923e-17,1.55270950688925e-18,0.102858415193042,3.00151687966865e-07,0.288922886572004,0.0665446396180606,0.439629246533469,6.4655655614473e-11,3.57218773256348e-08,0.384508496380921,1.74744074647571e-12,2.22889990337152e-16,0.0688141643226254,2.38152381811145e-06,0.852022405709803,3.87535702820131e-26,1.36258603626528e-55,0.0341937610022921,0.0281417439509515,2.15516594820301e-20,1.56925223543424e-14,1.61091206499462e-17,0.0035196660836554,1.32492054590453e-07,0.00117501054197593,0.0200862919947211,2.38406914297502e-20,0.00433437692644963,0.771994835208434,0.052212860317844,0.00045505333286797,7.27802411551628e-12,0.438735600311365,0.297228502583119,4.41353871157079e-08,3.53539409639957e-08,0.0134677140961018,0.242577321331507,0.569091751450643,0.161087863380922,2.45780243317305e-16,0.0195648040308772,0.00481235751865708,5.94600964956027e-08,4.89524890831846e-07,5.8619884285579e-09,5.21849967936497e-11,3.56768144011952e-05,1.45616462368099e-05,1.08889602147626e-11,0.12861381166859,0.149779237864844,3.95703776897048e-08,0.0535305958863945,0.0704108203371894,0.0278473913199321,0.000209045078742162,0.845701532881513,0.945467760657832,0.930020340682711,9.08914643668879e-12,4.53054924500232e-06,0.941779090071788,0.00271063656297813,0.932850351831209,0.0230300687109109,6.29989219939894e-10,9.18971423482841e-26,0.0071541344250235,1.36968662877662e-09,6.61393074397169e-06,6.22786506237191e-08,0.145075498089101,3.30830827976906e-07,1.62983728824541e-12,2.42106769416236e-06,7.59608566669127e-16,1.6361102555453e-12,0.276837065585391,3.13147781440925e-27,3.42875492779388e-30,2.76205187228304e-21,3.96014964582164e-07,0.48228708210051,0.297915459231826,8.26271174776105e-13,6.81542710399421e-14,0.00134732786981681,0.711945299802087,0.0202114708842581,1.29388181234408e-23,5.02478220923892e-30,5.70045887685859e-10,0.0982951526162167,0.0819516952760589,0.922241694356226,1.50050076684317e-07,0.0643978197988826,0.00807820505445366,5.10257069557137e-30,9.64216170050424e-39,3.79617108613671e-10,6.53752501807925e-19,4.02098203854024e-06,0.0602388455076342,0.356472052514788,0.995490239998155,0.0044057169931361,0.605253234194096,6.42133955421442e-07,3.32546482294079e-06,1.24360162382802e-05,5.39704402308535e-08,0.871806085081889,0.000334708194072661,6.08420767858262e-09,0.955143936563011,3.09182094420066e-11,0.327618105411655,0.728213984695844,2.23663185779592e-08,1.74023993360008e-15,8.36491018454543e-12,1.10302517675983e-20,6.61398230282176e-07,4.19637560907337e-08,1.83926415512003e-34,0.663483554903778,4.08126053999105e-26,8.39300753270551e-19,4.6397337693079e-54,0,0.931543082769271,1.09512516147755e-11,0.945467760657832,5.88142620366159e-16,7.73500988299728e-32,0.031880610203046,0.000167981606004747,6.03544078798375e-37,0.288922886572004,6.89190375403786e-10,0.945456560845154
"Tyrosine",1.64285893149936e-70,7.9167195659448e-87,3.62472959511012e-55,0.59200208054384,0.000210919642324528,1.96179919744535e-46,2.04253439954656e-36,5.91271235258383e-14,1.06370702065223e-22,6.34739933841206e-33,2.01086349800304e-54,4.95554572354982e-26,8.85254929837244e-50,1.26367846271184e-31,0.178734928727338,2.43668304513285e-44,3.55297816187839e-55,6.09186845580796e-09,2.37428685733582e-14,0.00433715148151708,0.000388918291855271,9.46161637335456e-06,0.013510167763379,6.3671826972715e-06,1.61577753946692e-07,0.235034699256311,9.65197470441727e-15,1.59365673255155e-15,4.33248476338765e-33,1.4667314772891e-09,0.902311129162939,0.197811295164115,1.67453363552501e-68,5.65280182536126e-29,6.43854617747313e-23,1.15084017956253e-05,0.27935589692153,0.000756741630650903,0.014569914737503,1.27338551795276e-67,0.357506601320593,2.74320352471056e-44,2.87322430715867e-09,1.46424991543554e-12,3.05422072552396e-28,4.34318315032117e-47,1.68364918397752e-65,1.35434517745427e-85,2.05120613343712e-22,4.65020041748681e-24,0.000178879622525666,4.70197372277971e-22,1.09300330951445e-18,2.8683906282209e-07,3.66953576451463e-52,2.31111870791042e-54,4.18899673632208e-36,5.91397929437885e-07,5.33480930098919e-05,2.87470956999498e-22,1.17968319445663e-36,0.382363400806449,6.42108465835885e-16,1.55203842817536e-17,2.20973216838013e-47,5.0713638317653e-09,9.83419277086194e-64,5.15557329653977e-05,1.50945248453713e-13,9.08106779120555e-49,5.22048199624182e-46,2.14771792653381e-05,1.08299795002943e-55,6.12522867494552e-20,1.4101470983603e-46,4.57822559444875e-44,5.03543732071556e-25,7.04243863055051e-26,1.00155286520341e-44,8.10309354251329e-52,1.03147019535474e-07,3.83331053966841e-16,8.44529483412354e-21,3.13253429239154e-50,1.31898483570423e-27,1.28370962512058e-31,0.000912580118184486,4.603517021041e-09,0.000161582535715346,2.98369368653577e-13,1.75855151025288e-16,8.69749327644041e-21,9.56383471730984e-50,2.22314021240011e-36,4.96724854249466e-37,7.90958738476141e-19,1.54344462990436e-14,7.10613149094928e-59,2.99254016803059e-05,1.07247358364456e-65,9.53736304848694e-72,4.31453098901733e-06,2.39740008047561e-20,3.78992358254932e-25,4.12730862075286e-29,5.33549854179858e-45,2.29183372655884e-56,0.792444577137541,0.980603535931783,8.31576135988509e-11,2.84927847871454e-50,6.25512073879612e-40,5.55288425240324e-27,5.3376762121136e-39,1.16410283380359e-24,1.24622476474818e-43,4.2242851084398e-34,1.47094233255385e-31,0.000245640866514897,4.34182066005236e-10,4.52959098954496e-39,0.713130220911066,0.0110099964212365,9.95767818622562e-19,0.564843147474156,3.11247443381062e-48,6.14837217809255e-62,0.731532488544884,8.09131204599588e-15,1.26583927924641e-39,1.36199776326739e-08,0.0334460558436151,0.272218015972663,0.882653459781926,0.001734445726118,1.94241918474742e-85,0.0660982798837905,5.97647016644282e-93,1.34946376757752e-18,5.55926842589587e-57,5.82431942155567e-66,2.89582979880872e-05,0.949106780162488,0.535373041682498,1.90946511234475e-07,0.015463289055899,1.06775550966205e-32,7.52787052484624e-33,6.20089708744959e-32,2.45664203856413e-67,2.59957009228902e-13,2.68163948696032e-22,6.94686802254351e-10,4.64913060427497e-46,2.70268114483777e-33,9.1888478391832e-33,1.04212057998813e-54,5.89867169096356e-43,2.54715858462637e-193,1.19183360608722e-41,9.79126177206563e-33,1.93300316269154e-37,4.15853443076003e-05,2.83505695130644e-15,7.81823712512505e-16,4.54495913319643e-10,0.176739577060389,1.73532002901571e-37,0.0428322027932321,1.24921524912664e-54,2.42562231034822e-14,6.17122115391693e-13,0.000339380302790772,0.931543082769271,0,3.23741834524809e-29,4.05171528825222e-41,0.260284747914596,5.4221419436241e-10,1.15924666471944e-72,2.30179871589532e-32,0.0111158246932472,1.30981246350476e-44,2.61261208798294e-06,0.631243275257467
"UDP-GlcNAc",1.65693471132249e-21,3.10060279256217e-41,1.96718249507176e-67,7.32462057461447e-17,0.272853869054172,2.33652199961356e-08,4.97943558751413e-17,4.49298488347891e-35,5.86620619827861e-101,4.86771493515079e-27,1.32505288450599e-50,0.0373687768004173,2.8305011528907e-74,7.11438744532778e-10,2.00362277353127e-11,3.33600051706386e-71,4.32895781662647e-20,0.00290780377733446,0.363398709210228,0.537728719802748,0.0531736846893922,5.49655913942877e-24,4.36297408647772e-14,0.54433772518249,0.00012057418311245,1.0760301772583e-07,1.74002727909161e-40,5.69459829920045e-50,4.51189214963533e-09,9.07813514501496e-55,4.28826977021228e-16,8.74170867596305e-21,7.84454433694376e-18,6.7991806780101e-28,1.79493041137254e-77,1.71609909372526e-12,6.64243266618923e-09,0.558403636184236,4.46873857984178e-20,8.8571058545282e-47,1.01393629892433e-17,4.11195297009548e-32,2.92614920048864e-51,2.55304264223931e-65,1.50234323603413e-09,9.44204491837005e-88,9.58788832659205e-36,6.76813862439901e-47,9.50755636342425e-40,1.64176864533482e-27,9.56477473043946e-07,1.22100868589236e-36,9.52036273586352e-79,9.89831042222232e-41,4.11667672778655e-63,5.81605176696657e-78,2.21232006987137e-20,2.78903581410141e-42,2.61240639346669e-21,9.88541296534707e-51,5.88111289398179e-05,2.99548620509232e-06,5.56990891406647e-81,6.78035507741834e-20,1.79719650691268e-19,2.13077004670562e-05,1.53448555194553e-10,7.41430027248086e-16,0.0630160140244946,2.24788275794017e-53,8.16346538522609e-43,2.14441643336694e-16,1.07832510982689e-15,6.56594875263711e-08,6.4558067918435e-38,5.81279416895747e-36,3.45966101819696e-27,0.0282812075871291,1.3893124226119e-53,1.28510978088067e-37,0.647096093727482,2.94398793061134e-06,1.66110956762647e-94,1.0113641121626e-51,5.00963799733441e-07,1.32690486009866e-17,0.00724263838827363,0.0579235272891737,0.0401708822322414,0.0289527702222472,1.45436610139045e-43,6.95226541688533e-29,1.91892075870999e-43,6.02753184009393e-13,4.48617853368593e-100,0.00619342435837008,3.65416088468785e-20,1.06183793565807e-36,0.00177510785522099,3.73293166508539e-31,5.09514701547707e-31,0.891519271830541,7.22835756765795e-07,0.00295132547305845,1.51963123975024e-24,7.0342225616128e-45,1.13131810253886e-24,0.000106284891603288,0.746921182792555,7.5172147637811e-17,3.97644430810585e-20,8.04976551487835e-06,3.92030540109746e-06,8.93694917359644e-100,1.7127061464218e-41,2.24188527013648e-44,1.80723305794167e-05,8.14393638491321e-06,0.411063367264994,2.10088950862342e-21,5.12742893304022e-18,4.88986342116622e-17,5.04574992061817e-29,2.91390428994494e-57,2.53688045132389e-10,4.22182635274452e-31,4.9222625701938e-22,2.21754530614255e-15,0.640445134933423,3.1273618792333e-09,2.17471599070349e-15,0.000289003094228566,0.000984026866461742,9.26347151714804e-10,3.02950777655345e-05,2.85958533375776e-45,5.41755623866767e-06,9.83529786453077e-35,1.17257319433248e-06,2.33889552327442e-57,2.50407439153957e-65,3.46612270464802e-13,3.03619270579544e-10,4.93647829077542e-06,7.17823338072515e-40,0.665136417408478,1.16051563127747e-10,3.69236230155705e-12,9.87377717781209e-18,4.93007680378044e-51,1.29422462430904e-10,8.91325415766479e-78,0.0353193451773869,2.20013494318223e-76,2.79491924837558e-10,4.05615265895943e-30,3.72119783057541e-12,4.41611319898286e-87,7.50438241901581e-26,5.15118752525262e-71,2.92557291175956e-27,9.24396881306389e-44,1.16972496181652e-06,0.769806291796292,1.25908812987339e-51,2.2367708923105e-58,0.000173951190400048,1.77164789587497e-82,2.55725787607514e-17,4.41773041392469e-33,1.60251461411812e-35,0.00142823129453983,3.01378618264785e-22,1.09512516147755e-11,3.23741834524809e-29,0,5.40148504150684e-12,0.0418399171649933,0.0899708443253881,3.43816377167264e-49,7.972068667695e-44,0.116003368539165,9.1167188768038e-33,0.559865452247945,5.49420477807833e-05
"UDP-Glucose",2.89593984796765e-41,1.31899729380261e-31,1.33729506898643e-18,0.465732907911531,8.64715124572501e-05,1.31307877488409e-52,1.31634472066592e-28,0.00268878324732529,3.77165760313084e-08,1.9548204387798e-31,2.39352905752664e-21,3.72150451855595e-41,3.13131804766333e-19,2.81377325398444e-12,0.443559266238659,2.39379453988296e-19,4.85148997872419e-23,0.0139464242292908,1.33079296307686e-24,0.0238882428986673,3.553917442521e-10,0.249123424460211,0.54416147815618,6.34362506783043e-12,0.00194734604319625,0.588611439636519,0.0147345011704232,0.000485600663892551,1.97991347516535e-28,0.0118658582097932,0.00840945166248848,0.0943843184345169,3.78295240051522e-51,3.92411174488783e-18,7.52230955967078e-07,1.13001406380493e-06,0.0342789864334512,0.184263276405487,0.183026853432121,5.89177000710379e-27,0.335576963400539,1.23576200382646e-20,0.0840735283461865,0.000644113458947977,4.85063189853381e-18,9.73716423066464e-19,2.60112670191015e-35,1.59594092793029e-30,1.22893628911821e-11,4.65293640038115e-11,1.65230174654724e-11,1.42074496699126e-11,8.32330297321641e-06,0.00720283922325547,1.10575709027417e-19,3.07090761292157e-24,1.51217388431387e-29,0.0443602314534733,0.0104511141395015,1.1538071129597e-08,3.18099582491696e-38,0.00270670197468846,0.000271612019664263,1.00818258353318e-06,5.38877898707358e-19,0.513989605936337,5.73207223102764e-42,0.164703817003064,1.6917053172103e-08,5.75209089804507e-22,1.92248288744761e-22,0.320233168230635,3.58530299825122e-30,2.07292431618594e-07,4.79002132209729e-24,2.68302208767566e-23,8.27507844603644e-20,2.83810402914044e-23,5.06055846196942e-17,7.3729326823294e-21,6.88124455229243e-16,3.10218059495486e-11,7.50996149908148e-08,1.27546116577187e-18,7.92817686628479e-31,3.40129299307615e-24,0.0467247890648001,7.81260168566711e-19,0.428412799879024,5.1982355684717e-05,8.12475690517188e-07,1.11654060277249e-10,2.31879899889816e-17,1.2947064434704e-31,2.49761290638755e-13,1.43731285177623e-24,1.55992273747872e-05,6.23618210465352e-21,2.05935070217616e-17,1.092182489398e-38,2.00883062310773e-40,1.78112797529718e-15,7.8228024031778e-10,1.9740901061591e-27,1.55565587326344e-08,1.66306859504865e-15,1.18417810553957e-35,0.000187566843518641,0.83113770873548,1.42444875860679e-09,6.82566758366938e-28,2.99282422280543e-31,2.48524105221407e-19,2.43851257101191e-14,1.39082717956107e-08,2.27936387675393e-23,7.52652420428211e-28,1.91956594112011e-41,0.000106503353281194,0.0023170544632026,5.96899845772106e-26,0.00113567568330859,0.378045197503316,9.27058269593598e-10,1.84863967119094e-05,9.16795018537278e-19,5.2486015681362e-29,0.0658420608038389,1.00434594682916e-21,5.82177415763713e-36,0.984582935130212,0.0161669268227711,0.0202511246952053,0.658374615677051,0.0035459433920897,8.89708299179969e-30,0.884479651765703,3.67469824967176e-37,2.06353664256436e-13,2.05833204075095e-21,3.06807063719767e-22,9.10355076938046e-07,0.149786314860638,0.00105226245584726,0.199987056202701,5.51945217409599e-06,1.26445636863265e-15,2.33740947808638e-32,5.76916737344532e-14,2.13447521646876e-27,1.59239526429743e-20,3.30217094904122e-07,2.49215021481162e-14,1.22072638224818e-19,9.71976653460824e-16,3.27085024750084e-22,1.1192930834277e-35,7.75691805712091e-18,1.73203475161335e-41,1.43827567012712e-17,3.93079225491785e-10,4.34825837766101e-16,6.33889939381543e-06,4.55660882359287e-17,2.11097200345147e-07,0.00696361773530597,3.16613967156998e-10,5.51368726042184e-14,0.0860756644490049,2.1735964554503e-28,8.07721439765374e-08,1.94840616907547e-07,0.141959011658223,0.945467760657832,4.05171528825222e-41,5.40148504150684e-12,0,0.890086607804997,5.33919323081879e-12,2.78488408766522e-29,1.27548702035228e-25,0.202557697887603,3.54282670014998e-19,0.0167424251932427,0.00237750652050915
"UMP",0.493870923320284,0.302628254971685,0.240467042416182,0.0855934949483212,7.78223651232868e-08,0.513458859458085,4.69384562635944e-11,2.96206968971999e-06,0.0471459245852713,0.190051174498275,0.557275739418744,0.140528188421166,0.730207415852896,0.00487675690589346,9.03943102737084e-05,0.849656995869061,0.0896620661922398,0.0681456458653713,2.33369878725271e-06,0.00544246933812688,0.222460940925857,0.464711050653794,0.00114582615975195,0.0679073053406446,4.41478576466752e-06,0.642529671250462,0.0076556023877152,1.39574716788496e-05,0.00493952483764068,0.000945926486938107,0.158526638583625,0.0080328766288651,0.63387507682628,0.150704127757161,0.0109259184779754,1.15137135862333e-15,0.000383137701626217,2.66029573001401e-05,4.84477132507601e-08,0.229389993553999,0.000148559952766625,0.273683976844527,0.0001256121508316,0.00373711635952398,0.612727960126364,0.0235531389943407,0.176062163983791,0.182175704195587,0.0845284351963081,3.02623744695537e-10,0.96343891545827,0.138328308169188,0.0689291998479072,6.15197728549274e-05,0.988530465084386,0.005080546336811,0.11842554680717,8.43608647813281e-07,1.49612378655731e-13,0.573760784637688,0.067574797530583,0.240016373644834,0.0954658455218367,6.06056087549477e-15,0.0329359984208778,1.7614751510094e-08,0.444716093528691,3.27508279991265e-05,4.17779935601222e-07,0.245483809074993,0.0260288056172946,6.21085657020148e-08,0.000492286730953569,3.61997497726044e-07,0.0100194800633717,0.00560075336858069,0.00551917190478973,0.147375585457235,0.0207554889270983,0.00774500635498146,0.0855762409886032,0.256243847108437,0.00131692852277019,0.0138648333286033,0.131457057691517,1.08965820286043e-08,0.710574212084195,0.0580679220665387,6.72229875267873e-11,0.676022493854655,0.5407206162947,4.89871462133611e-10,0.967018731299313,0.336261078788766,0.0122792782552705,0.139820856148569,0.000536165650531565,0.0553950076386225,0.962922546398626,0.960607571054246,0.864768959429779,0.0364089852492388,3.03924487029595e-08,0.746319114413948,0.515905444829902,0.723137979474341,0.792233313968242,0.0352474664346032,2.63799073523229e-118,1.764413937872e-16,0.00958633489529834,0.00875383314394472,0.00709217579340192,0.0218891590207848,0.0268817805600606,0.00107280898793713,5.47198784490392e-05,0.0304863970245047,9.23651773132999e-07,1.96385183843764e-11,0.00290258323797163,0.000337768143824923,0.000365199683362683,1.61195308752466e-10,0.7179431614906,0.0295623341504442,0.462089586209059,0.019099426846049,0.00908879867866788,0.995303634263844,0.951743111997061,0.00170429204366109,7.30891556681873e-06,7.28188521347852e-12,8.75021641841579e-15,0.182767407472464,0.00588133104580365,0.900354302251674,0.0524656912708042,0.58370332352431,0.44289968595926,1.74662554250113e-13,0.00114578779486344,0.395749807926923,2.60171095799117e-05,3.38667466526864e-06,0.000358377763435305,0.0557998309611248,0.358442263995546,0.0258083411192134,0.0178434089787563,0.0478402949392195,0.784915723468183,0.154645829663899,0.00303994123627173,0.00167733958819952,0.119817940169912,0.00244127621810181,0.146172616883766,3.15437449831243e-07,0.16646950278049,0.332579231201104,1.84637663947217e-14,0.196567125929425,0.0205470700142357,0.00184252101664683,0.000204368051323155,0.0106864866835773,2.46854079177023e-08,0.538855949792539,4.37320248642248e-15,1.30787712611016e-13,5.68128563468619e-22,5.88142620366159e-16,0.260284747914596,0.0418399171649933,0.890086607804997,0,3.44558781115995e-12,0.0830624830074061,0.991200668821732,1.43996633032608e-18,0.104469229310141,0.118499699498571,2.02796255464951e-05
"Uracil",5.1177358078373e-14,7.73161425266111e-07,0.0180071417635128,3.45733419808881e-11,0.000160570633118361,5.81977775504516e-29,0.0492399207002857,0.000847812031618055,0.050372905280162,7.72783874618591e-05,7.06289443937474e-06,3.79492092550429e-39,0.00864172581793084,1.79998553589935e-27,2.39567924085385e-17,0.00428743218209827,1.01606358066304e-21,3.38614206730723e-09,8.42609080256514e-63,1.93270707579408e-11,4.3594366045957e-15,3.396739495565e-06,0.437807824425728,4.35179932488661e-22,4.96597647580514e-15,1.50285593251467e-10,0.0303400118811296,0.000241770587988802,6.37492720678455e-26,4.37663952633471e-06,5.62644998325974e-26,9.97018494276571e-21,1.84783098438886e-20,0.000765056529300225,0.131118968824313,2.09410390155303e-10,1.55180746961817e-17,1.08909555109671e-19,4.97977965593522e-11,1.65919696835721e-06,1.50986029053377e-28,1.82702514555668e-06,9.32924379672325e-08,0.000180164145106015,5.81136119126563e-12,0.370319384284264,8.22619129339332e-08,1.71015549020231e-05,0.0124864204188589,0.142190996686364,7.10989876217548e-17,0.0166524760329619,0.010614785300345,2.48955158962737e-06,0.00150054318511837,0.137410539808976,2.00212241325931e-06,1.40762949721603e-09,1.1997296536825e-15,0.897526312890186,8.68877263834259e-24,6.62552873912629e-05,0.00118256792054091,0.0188582499294474,3.27335093236966e-21,3.28959808795671e-10,1.21518224818414e-24,0.850118754133283,1.7233983566731e-41,0.00121723968141959,9.39815272569703e-08,0.224104103512141,2.88031332719876e-25,1.36899551790328e-22,3.22898042531671e-09,1.49303364332618e-09,0.0506911731614231,6.47786813913488e-35,0.00583448473175117,1.82453491961497e-05,7.04473675523941e-08,6.7541727519889e-08,0.00737015131245687,0.00215866134948651,4.92392565613641e-17,0.149585270230091,5.97069658208318e-14,3.00036555877158e-40,1.86927436579074e-10,6.15251695558604e-11,0.332183593040216,0.104826689391339,4.2535246024101e-05,3.58499378230214e-13,0.741063752664682,4.5826488070883e-14,0.0500696453450943,9.88026227071171e-05,2.20569343471822e-21,5.59659475864202e-10,1.31759324123304e-09,1.5373465867275e-06,1.16540884812326e-18,1.62484215790318e-26,0.00279922400530131,0.00341742545036641,4.22702490411376e-13,0.143699816997837,8.19698108290692e-09,0.000460080964164037,1.61163591360628e-14,4.80104172126596e-34,9.72496336947833e-35,0.997331119658085,0.0160377264674194,0.178292002520195,7.04381251322763e-46,2.06124562861579e-31,2.7104422170477e-23,0.000289760393354173,4.15191311346023e-06,3.10927219667495e-28,2.17618073546783e-12,0.000156169071261278,1.80159717572526e-09,1.29654620821956e-10,7.24315057877864e-17,9.68756566482796e-24,6.04786007455593e-37,9.54697346022252e-21,0.980951957363856,0.316973621125937,6.64505812839376e-28,5.5810212989141e-20,0.00012083381996169,1.37803499583076e-05,0.125622793789799,1.77717245533034e-10,1.90809695129819e-14,0.00021520882599876,0.00698477518590652,1.16448242800798e-08,3.37297769551285e-23,1.51825554757439e-11,1.66236158991726e-10,3.33716851282232e-10,4.22831730327039e-06,2.98935233220057e-05,2.26792308782589e-13,0.00264239200689671,0.0334139403199635,0.20136927120209,1.64621800444163e-27,0.108830065827868,3.50985207048665e-16,5.25065660649603e-08,7.11089696934762e-26,0.766044997987044,3.38666236447586e-10,0.327334345450629,9.96374031583709e-09,1.6669076791796e-05,0.000466141441510449,4.9777625651646e-35,0.0461977421237518,7.49358429543239e-06,5.60421173106506e-09,0.927896506070284,9.89978370346092e-19,7.65474386940075e-11,1.51734749814059e-06,2.42634598523579e-34,2.76186700991331e-20,7.73500988299728e-32,5.4221419436241e-10,0.0899708443253881,5.33919323081879e-12,3.44558781115995e-12,0,8.12852873927346e-05,0.00615943812424552,2.69061560054939e-24,2.24693978082399e-06,3.41922958610484e-11,0.0306649898933981
"Urate",4.28402656670287e-83,6.8944774140093e-127,4.7841494882691e-97,0.00555576403238087,0.0109414893834432,7.10499038811092e-34,6.29404695226068e-35,3.98234623157985e-18,2.47744660647055e-41,4.55664614559412e-37,1.80220360524604e-88,6.97998762100479e-16,3.92555402522944e-76,1.41874198304719e-26,0.00635325919981225,6.23305053607995e-71,7.91631878223701e-59,2.75471267392843e-07,4.00064406849187e-06,0.0984426493562437,0.0018259835453327,4.95728932451988e-11,5.51099761561756e-07,0.00010745734690564,4.86438163465334e-11,0.463797055832126,1.54315282526275e-27,1.76732457484061e-31,5.37431468431679e-35,2.09507861399449e-21,0.0295800721961357,6.28281780831128e-05,3.44465209890284e-57,1.62463703691231e-34,9.18864409895995e-51,2.555431034464e-05,0.0235531389943407,0.00951431941552361,8.28966401127287e-09,2.89962497951783e-114,0.0113848237616376,3.49810592465513e-74,8.87611977661502e-24,4.8498032067416e-27,3.57665032575456e-31,5.67174528915702e-93,3.55978275677699e-121,8.29052094684445e-142,4.19047392554657e-37,4.92304522337017e-34,0.857160461828626,4.70359987785569e-40,1.22124806217189e-32,7.0775991466663e-18,2.07907839903e-88,2.33538247249988e-88,1.26875738371048e-42,5.34754230589602e-15,1.33166834815448e-08,3.55769908927618e-32,2.3539612746627e-26,0.115653498858689,2.42701422104804e-28,4.83269386290343e-19,1.0120809124281e-51,5.96594660657381e-08,8.87352505411823e-39,1.93875528889375e-07,7.00658319325301e-11,5.75165684971561e-78,1.79976096887897e-62,1.95613586604625e-10,1.99311182675938e-42,1.04028229203657e-20,2.84992779317408e-59,8.98670573533734e-56,9.65458230431115e-35,1.40436395645816e-17,5.51121655946047e-85,1.53615721631351e-82,1.64745843242544e-05,8.66133193956166e-22,3.78013928322245e-39,9.35978533010538e-94,7.96685671558177e-17,8.25407241021631e-31,0.210140708856226,0.000165843012028163,0.00192635113066884,3.11878253285907e-08,8.37940680545649e-28,7.19810098962599e-38,1.05834239216909e-70,1.45478189905851e-24,6.51341691003032e-62,1.38519126848037e-10,6.60004373320106e-18,3.49101439688956e-94,0.0346394727078202,1.61540031193248e-88,1.66929521349159e-92,8.96730068472241e-06,1.00696198729396e-13,3.10087436243347e-18,4.76199343366655e-35,6.4877968830088e-52,2.04732563226959e-71,0.172023410870424,0.919496739404516,1.35292900525315e-17,7.47369939486473e-49,1.19452152344409e-29,2.08467540942925e-28,3.52842997600951e-71,2.54818251569671e-31,6.52442590912099e-78,9.14921097079563e-26,2.72555014115808e-24,0.00942262245247726,2.89207098311673e-18,4.60448139367507e-57,0.00914006355946025,2.70344366093743e-08,6.61589541075832e-36,0.0579767506207287,4.35150058983222e-59,8.63020986343913e-71,0.00570531455501834,1.87314302811419e-08,3.85404900578898e-44,7.66709934233211e-11,0.00300764108774916,0.0959339370464791,0.0588352438557014,8.5576429863686e-05,7.14000067112017e-136,0.111922175663548,2.71666287356712e-106,6.64427770424034e-21,7.16078873973811e-94,1.73672927625011e-99,2.61038356571674e-10,0.103600420248116,0.39639732247897,1.12130709073541e-18,0.326626293243949,1.60533419661693e-26,6.79451609923112e-27,1.59826518749917e-36,1.7852802296566e-168,3.35839900986733e-16,2.34843497259414e-45,1.2058131323126e-05,2.06558986130363e-74,6.02862541361885e-28,1.0646591534461e-41,3.90163327255735e-41,1.60602616469166e-76,1.33482679352599e-67,3.35870053699539e-66,2.38506140406152e-42,4.21956305087955e-54,3.83363815209373e-06,1.63753053373177e-10,1.11055447498837e-34,2.98257551038449e-22,0.201652502448153,1.3382508400181e-63,1.66162780020456e-05,1.45320795618802e-81,6.52402485328733e-27,4.83828966221685e-11,9.88162300915218e-10,0.031880610203046,1.15924666471944e-72,3.43816377167264e-49,2.78488408766522e-29,0.0830624830074061,8.12852873927346e-05,0,1.2752822611234e-55,0.352264462667177,1.02511301610534e-50,0.00781010140459011,0.0449735360311795
"Uridine",3.48713102889427e-38,9.96858629082947e-58,5.72423572308973e-55,4.69033413094768e-11,0.916389455053702,2.09789790496117e-25,7.26700161590447e-25,9.27729280863737e-10,1.15416589559977e-41,1.4369578687963e-67,4.66387545581805e-62,1.96937261137056e-12,8.48352295247024e-60,4.68511322120885e-13,0.00368764216253112,3.48718538639432e-54,9.68665168439683e-30,0.220755449488894,0.000388862899196306,0.0165414525434982,0.249813736332455,5.34572151976154e-09,6.84311893184906e-07,0.000383818313213263,2.2406612873005e-07,0.0299770628260483,1.63580483773396e-18,3.41053936610803e-23,1.80654283135204e-31,9.43172422112914e-26,0.00446200042141495,2.84019267094038e-05,4.14936365707255e-42,1.06067030815596e-37,3.0162578511291e-42,1.82092295047737e-05,0.805368565558147,0.231445789858393,2.17445761241263e-07,6.48197118493286e-60,6.01720893363882e-06,6.79030657022606e-43,5.97761626633909e-26,1.93838059624701e-32,2.81899968564395e-13,3.63203100276507e-61,1.192413226781e-59,4.04101147280119e-59,2.01563957589216e-47,3.2225442081527e-19,0.0878037602137819,2.06512985726099e-51,2.74537628760675e-33,1.30090648177727e-18,6.62194039062842e-62,3.66710856058897e-57,1.24809370989187e-44,7.09856561355297e-19,5.0514557247475e-09,5.90491207473014e-36,1.4175641075725e-13,4.70290231413086e-11,1.01567713266947e-28,1.05442704400472e-08,2.46980115181542e-26,0.00039391740082215,2.64326083206403e-24,1.41335999023377e-14,1.35412144346249e-07,6.07399598329097e-69,3.3300241113441e-62,5.71954001699186e-13,8.95575349179133e-32,2.65983062135067e-11,1.51035327705999e-60,6.2254533136223e-58,5.57346548215587e-28,8.76145775070612e-07,6.91632192913188e-54,4.22347163983398e-50,0.000342411463887139,2.41320084948528e-10,3.4947146547826e-42,1.71812071207977e-55,5.81148582945779e-19,3.76068495303481e-18,0.0164690737660708,0.000202328377483594,0.115828891774471,0.669929005084375,2.88329724775293e-42,1.25363634685301e-25,5.30725526439137e-48,3.36890400837561e-26,2.39598639838184e-50,5.15167244474763e-08,1.38544620004764e-18,1.7572859742515e-34,0.0316551268233817,9.16472125203982e-56,4.33903615741536e-55,4.89081441112393e-09,1.87880475141244e-09,1.00229118795723e-14,1.46180204483286e-27,4.12958233054307e-35,9.39145191885095e-54,0.302678129137353,0.062965588940806,5.89634211179104e-16,2.1390003800126e-38,6.39000589232004e-19,2.09917081081857e-17,2.91728278691082e-55,1.5573468272132e-34,1.21959693660549e-54,6.61893544576526e-16,5.4367181749779e-24,0.177252115008532,2.44110809711605e-09,1.32936396636807e-24,3.28597607068192e-05,1.64779925911739e-16,1.62449700317827e-41,0.00687314618868458,5.7039035041005e-44,3.03518540393379e-37,0.00264239200689671,7.75990940691348e-05,9.53005356804021e-21,3.62630233700777e-07,1.11402951496471e-09,0.0221553392802027,0.000105210067328348,0.00455022520450327,2.52210295508834e-57,0.0309158238538354,1.55011439253466e-50,2.74060044150603e-18,1.15834334151987e-63,9.5029743655476e-55,9.27463090464846e-15,0.31506122426262,0.172034172600979,5.0575264352682e-16,0.00119483747914958,2.19002305852067e-11,2.73589816934891e-18,1.63986766616313e-24,6.7935610326296e-52,2.6681885351409e-22,9.61901637665492e-47,0.0756561215288435,1.10510146317207e-65,5.35837863816035e-17,7.94641146218968e-63,5.19832868138279e-30,1.03054642494913e-60,1.70000499107744e-29,1.50171733419865e-46,3.01279964880332e-27,1.09988154857875e-49,1.01020032222443e-05,6.16757443403479e-05,2.02954977067462e-46,5.8703466773749e-27,0.756418744066342,1.02755151493795e-55,4.39145150941664e-13,1.78609218046829e-67,3.89783602556774e-22,5.37950798259265e-09,2.19602784553311e-08,0.000167981606004747,2.30179871589532e-32,7.972068667695e-44,1.27548702035228e-25,0.991200668821732,0.00615943812424552,1.2752822611234e-55,0,0.935969027270663,1.34736618011267e-37,0.0618462953235924,0.0363931037879197
"Valine",0.00489898570648009,0.0237471315864916,0.0904931433613265,0.000219647990802634,0.175586869382241,7.67967285529173e-05,0.0123399152776052,0.185020775380552,0.294898193194589,0.127154120542693,0.00265639268342797,3.70499387733208e-06,0.0201144374587327,6.2278853826712e-13,1.40504767561289e-10,0.0580779933991582,1.01257041825671e-06,5.35628749534065e-11,1.07215328886236e-18,9.20649336330717e-07,0.0450278562495295,2.6633706014683e-05,0.000114199969527339,2.07316106413534e-09,6.07740607113238e-14,0.281549874226973,0.180926549061306,0.000382419293260944,5.50080764573719e-08,0.000215402771174158,0.00176350280575398,5.81149389157874e-11,0.000107741232631335,0.00176732585756515,0.140365047010563,9.91831876079706e-13,9.10365512122509e-05,9.13607264365005e-16,0.00348215892379595,0.0333109418379217,2.62179626852148e-05,0.502369662965868,0.000255053895101608,0.00173305664487562,0.283408376559801,0.518517624241983,0.224250915211779,0.105991763885964,0.000167051286051704,0.00586393468397497,0.0044959931478025,0.00257049346593035,0.350485957109157,6.23125191021757e-06,0.0191966842594322,0.64310254786503,0.252286443638696,8.96285837891113e-07,1.27348474311996e-28,0.00164711100163396,0.0259725515019533,3.8556509406419e-07,0.0412621631706157,2.77037613595998e-07,2.32780645866367e-07,6.89003551250683e-22,9.5384315019406e-08,0.0908023112760045,2.07581456199668e-33,0.118817392206986,5.67106293853355e-06,8.7700913832329e-09,5.07036384053798e-14,4.12813645615617e-24,8.27921522345538e-07,2.48504110871631e-07,0.00458101094295223,9.4952507196684e-07,0.208719034727551,0.040930597010273,0.0676093477517117,0.656597388223065,0.0204197772071936,0.200161748884529,2.50535345540095e-08,0.00193018702890743,0.24101463236943,4.91992616315607e-05,9.8728942850626e-26,2.10556062485639e-07,0.755263390030037,2.00434564138659e-08,0.0403581810749861,9.21929708707321e-07,0.647609700512019,0.645576484712103,2.62117572251537e-09,0.831175088823953,0.211353252517296,0.011715019372975,0.012162403063769,0.15179882632319,2.19140066919194e-48,2.79781845335228e-05,5.64550211084416e-07,0.716630723798211,0.0105676090944754,0.370214692231847,3.15388484864222e-15,1.08817706370037e-32,1.2583923620763e-07,2.61038356571674e-10,1.46007411756453e-07,0.557264592897249,2.62692700448471e-05,0.0243256360182869,5.77468852493194e-12,5.80038690793303e-09,5.36889042094457e-21,1.72201360619891e-06,0.3396241577718,1.62632202538086e-11,4.85394031008209e-07,4.33471892297803e-07,0.609772020826422,1.9203176264879e-06,0.00256050094650339,0.00296444070991922,1.12027000483329e-10,0.000542562217078322,0.0175412726863182,1.82471055544744e-05,3.21250679886263e-11,1.64368222460319e-10,0.0010895468199187,0.0723640460378712,4.63793277249975e-09,0.00251342682614136,2.17562608117535e-07,0.0288668675580549,0.0810426692798019,4.33772412616237e-25,4.62522569154887e-13,0.0507782494852197,4.30913052868116e-08,0.000306275672982207,0.0106246797545157,0.486474922714134,0.000208930303969073,0.770240407817747,0.218193862998271,0.752531388305454,0.0452484227811103,0.542641739548601,2.85386072722533e-15,8.84261022938366e-05,7.68057850950924e-10,0.205062103331716,0.0112243275676567,0.0528778001289833,0.00023105978174003,3.16966916700392e-05,0.0620512907727497,4.56597976719827e-07,0.00484394174715312,0.000460755932070203,3.0512542037249e-08,0.930605767935418,9.0027773765934e-16,0.000127551570189297,6.49214859565106e-09,2.95570843242799e-51,2.37194814478144e-26,6.03544078798375e-37,0.0111158246932472,0.116003368539165,0.202557697887603,1.43996633032608e-18,2.69061560054939e-24,0.352264462667177,0.935969027270663,0,4.17602244342074e-08,2.50164445087926e-09,5.58661232634168e-05
"Xanthine",4.86001088679702e-43,5.72290179455831e-60,2.51342018563175e-64,0.00416444209989688,0.436112313692169,2.05119922453146e-26,9.69853599683311e-14,3.05152564548677e-11,1.38309274485558e-27,1.64589840471845e-45,9.17952758963221e-75,1.10430410676724e-14,1.27235868123394e-59,2.80701070780371e-22,0.523219145632248,1.99001405666615e-48,1.46169497429659e-37,7.7479820452586e-06,1.46396246924368e-08,0.11127542285216,0.0460314320365885,2.75559462536466e-06,4.05519691245856e-16,2.16596547120463e-09,5.96628063578815e-15,0.00350946556375544,2.82846728752133e-18,1.85936244528397e-15,2.69308886974131e-40,5.33435655512647e-11,0.00398706613379735,0.0368964184454739,1.12706739829406e-44,8.33422531501389e-43,9.44132921217631e-29,0.082005576923861,0.0249201727450507,0.000617763676030593,0.00022099643120895,9.11196756307674e-50,7.08279049828014e-05,2.30541806730343e-30,2.65944810724569e-16,7.5378504213253e-15,2.80116082605125e-14,1.13228705766607e-38,5.90157717008742e-48,8.47698218240033e-57,1.85177177924903e-57,2.81390145087767e-17,0.55225212077352,2.31839039625836e-58,8.20046324265245e-25,6.64915197670054e-08,1.75414868115108e-69,6.24036886306907e-37,1.81689000226301e-40,1.63092047081415e-06,0.21760326999427,4.44070966815733e-55,1.17209193339666e-10,0.554343605850608,2.40398840591575e-18,0.00197404141786987,7.43413488771629e-34,5.86409597735075e-13,1.60379324609972e-33,1.77713258644647e-08,1.22155083395234e-19,1.26431804469702e-50,9.19887990443105e-87,6.14901254636548e-25,4.49435056849998e-44,2.96954570382947e-38,5.18801653265123e-87,1.02235289600256e-88,9.13808467514755e-08,1.21374381525825e-14,1.15595084926501e-47,6.13325020814452e-48,0.661313393345122,1.2800960381862e-09,4.29707195991603e-23,1.47539050203007e-48,3.36741119158014e-21,2.61679668016884e-11,0.26635443244198,0.00975829994893865,1.11232454705236e-07,1.24966513075002e-09,6.58467189549965e-27,5.34001764630267e-14,5.27238466664013e-45,1.34942340392476e-27,3.19106844929306e-39,1.46286755536015e-06,1.18707424020951e-62,2.98840047826191e-34,0.981819656076358,1.05918080477211e-53,1.09998185397972e-54,0.0691153751102836,9.27486628225541e-35,2.8804102267878e-14,9.19576376829808e-60,2.9512718505585e-32,2.41424080523425e-45,0.53817572356164,0.00128522186606743,0.00938790885023687,7.72133239882484e-58,1.04730503588352e-32,1.34688754078098e-15,2.22940310257812e-38,6.90906916232822e-43,6.54572593147024e-28,4.36332096692005e-29,1.86837613043615e-27,2.4256731005723e-07,4.07096264394938e-05,2.73677495767486e-20,0.024585004303004,0.000399883300398979,1.25362132710808e-18,0.00624217768399753,3.50945650571794e-45,1.73773225117739e-35,0.00010082263776139,1.82043058499107e-10,1.51775607994222e-29,2.58046805257384e-12,9.17698784375063e-17,0.02382510099143,0.559026658275699,0.292279308645965,1.02508350582863e-59,3.67695296049619e-13,1.39200768236008e-59,2.97051214502653e-32,3.82365038882907e-60,1.42115843866353e-61,0.0108787086702856,0.540868385114923,0.450945806950732,2.80228279417585e-11,0.00207661340506309,2.15122934043137e-07,5.47062180629036e-26,3.61769205100744e-23,6.93318723813331e-47,6.98467888281421e-21,4.5781818606468e-38,0.186901711352475,7.55750919311781e-46,6.04156109909697e-51,7.7467326009766e-42,3.99461959627377e-38,6.51129399441359e-43,7.07973732365646e-43,1.16828644785521e-31,1.0477594458092e-33,7.52032750062187e-60,6.01542755968772e-06,8.52655074067842e-12,3.79843494777768e-23,6.19974637677177e-12,0.243148367246581,1.62478837018021e-42,0.0127097864449003,1.34020985462582e-63,4.67070304936535e-10,2.73681365342273e-24,0.1245133964853,0.288922886572004,1.30981246350476e-44,9.1167188768038e-33,3.54282670014998e-19,0.104469229310141,2.24693978082399e-06,1.02511301610534e-50,1.34736618011267e-37,4.17602244342074e-08,0,1.15461950167585e-05,3.50104348223089e-06
"Xanthosine",4.54982353793334e-05,0.0079326474602438,0.0936123272190336,1.58193586990206e-13,0.00061935807050085,8.5917925303517e-07,0.119883428732031,0.528372205560071,0.0576798727251577,0.73257099186747,0.0166338055222626,2.28401400174568e-08,0.373929130426868,1.84659573909784e-09,3.41095116293498e-05,0.184858848942197,1.27143710882237e-06,2.30506021074634e-12,2.93220403927411e-09,2.76645945949764e-20,5.19500519557523e-07,0.0802011574857917,0.505846853693875,4.4482775177403e-06,2.88325093122237e-07,0.00567359533091859,0.263767933478555,0.918998160135081,0.000115680601942214,3.91004217850685e-06,1.62230508061426e-06,2.76929117034871e-05,1.81838791353513e-05,0.290988855676684,0.312807847598683,0.0015723701932038,0.933586842537316,5.67477526932767e-21,2.13474496930859e-05,0.0419440778401421,4.20771110124871e-06,0.177761404377634,0.000416398041546087,3.72309431793942e-05,4.4607619102601e-05,0.921059312727841,0.011805002185783,0.0139710874910327,0.718105839100531,0.0547949821085303,1.09655877167826e-09,0.662824057775472,0.0219371449776751,9.49102706822343e-06,0.152119647907266,0.55744179644474,0.182387896019737,1.53970661857689e-08,5.09535561507024e-05,0.840060724816565,1.71842725141031e-06,7.58738558415346e-13,0.00737287856893867,0.662347773998612,3.84047029431181e-06,0.00251640474370282,2.78810792864151e-07,0.000881474455351535,3.40521481986628e-09,0.618206052863994,0.0492130783654624,0.943458660770947,4.81446795099142e-06,8.48801131680509e-12,0.0315993750984992,0.0230905376842417,0.278419577022311,3.93364260342431e-20,0.29397735136212,0.0837076595581884,0.446044324185809,0.0105676090944754,0.00863742036771923,0.216473184523853,0.00136151896053379,0.0127669535454913,4.72854123290647e-16,1.38940948874057e-05,0.00340517909483569,5.68473168542282e-101,7.29306100975605e-05,0.735133020400611,0.0702667976770936,0.006373972154631,0.482851755466872,0.000336353108509568,0.0133288561191987,2.87264128531134e-05,0.00800823904178455,0.000908860729780979,0.00102849508025119,0.624607487483608,4.33134452721615e-07,0.000655226605469441,0.00160755770153934,0.00263081091659953,0.0012243323520548,0.000760394590215206,0.382629113394171,0.0104406828780284,0.00292826666196076,5.64018028952269e-08,4.60895880080235e-06,0.637583030234212,0.495888570453406,0.793272285412031,1.20906131966971e-11,3.29270115387334e-05,1.88918152416447e-09,0.300442899619608,0.0001845747099415,1.54272856594406e-07,7.93998498921668e-16,0.00056698642637315,0.00101611962870017,0.033720375504883,5.22944942220704e-05,4.30476923238843e-05,3.17452864213924e-15,1.39158358796942e-10,0.931891895253521,0.521940905345443,0.259778175755047,1.91283662151623e-16,0.00720283922325547,0.00741932798459719,0.637874640375289,0.000505499213565611,2.4248779723228e-05,0.163199080715363,0.0818352025014169,1.67776047771149e-05,0.0352963197840626,0.289163957616422,0.00685816541356788,0.681293348956622,0.000201286516011964,8.76104837169333e-08,2.49579862063374e-06,0.0129701951488967,0.623165919083489,0.231277727465644,1.30315444374819e-09,0.870146127918191,1.14088775812758e-09,0.387867403955571,5.19941276799365e-05,0.785717378426722,3.05461614522497e-07,0.712864441151396,0.00513440007721781,0.235322097482781,0.646758740642691,2.18893303128578e-16,0.0329798888880374,8.85548515957559e-06,0.148041937887799,0.867774763911807,1.83864637365661e-16,0.0264313947245392,0.119523278949063,6.28204350106884e-07,1.81560053610049e-05,6.89190375403786e-10,2.61261208798294e-06,0.559865452247945,0.0167424251932427,0.118499699498571,3.41922958610484e-11,0.00781010140459011,0.0618462953235924,2.50164445087926e-09,1.15461950167585e-05,0,0.429041701986472
"Xanthurenic Acid",0.855721600966398,0.0301073318228897,4.12842394039139e-05,3.88825886754905e-06,3.32248113188242e-34,0.0122800836991571,0.0238999576891979,2.27457909034885e-05,1.27741914765356e-06,0.156157204819132,0.000493108553219662,3.33962174045441e-05,1.34583768254643e-05,0.358512229467635,0.000107020760377983,0.0008434440827581,0.66414888182222,0.00287069854536527,0.000807855062499667,0.200495347318726,1.19945697352934e-16,2.54744315206576e-09,5.6668540559385e-17,4.41112369338637e-08,0.018306004236744,0.00176732585756515,2.05732371500697e-14,1.00714040221461e-08,0.891029170852714,8.93695710981064e-07,3.21712037315995e-15,2.08109743051589e-09,0.725508671556008,0.000891443347116988,2.68443182681072e-07,0.300451703264068,7.62187194190701e-10,0.734745712151546,0.000200264617196815,0.0323818509461104,3.77027995177508e-08,0.0471042127508957,1.20233437668094e-08,1.70327884248339e-06,0.490664269850051,0.000616720595813949,0.510465054726472,0.0220888552672969,9.5549083709534e-05,0.0262907189208529,1.00832579528691e-09,1.4226207224786e-05,6.05659037433652e-09,0.000120823456119031,1.91035681091996e-05,0.07958134001704,0.423444183734481,0.000151880958898179,0.933276626832115,4.76172178156368e-09,8.09040042202376e-07,0.279712508403282,4.71142809223892e-08,0.568562371163047,0.560054502502643,2.02756735742193e-12,0.337717280722305,8.21670775057572e-19,0.519069300741273,0.0190044028820191,0.000518374501521311,4.76107879930443e-18,0.0152385792475386,0.00100429581678075,0.00142231058944936,0.00133244362877035,0.923933665629611,0.00589959254978466,0.0203188178887771,0.248958104562295,7.03245271919301e-05,0.963376405279486,2.61386096371175e-05,0.0243999717465073,0.0242464210288448,0.00234077894452683,4.08893479508994e-05,2.75954433678579e-08,1.65167476432522e-11,0.333287273529127,3.00418306810966e-09,0.342342080969346,0.000159666982740925,0.212678440332885,0.000233109794827107,7.57247956496861e-14,1.45023959496132e-14,0.0226536456268786,1.56866525406186e-14,0.25151929623103,0.197925055193814,1.2355226911845e-06,6.0700345658934e-05,0.00098212479689807,2.38386962486405e-16,0.0200701844738662,0.463885675443195,7.10785588274373e-08,1.75214478418541e-09,0.00740693482706979,0.00163758407972492,0.765237675357881,0.722941456911837,2.28053565301213e-05,5.95183973286064e-08,0.152013159999872,0.185418933784266,0.0226429369038882,0.79774885936303,0.00737451932372258,0.10729716489037,9.41884939674801e-10,8.04694607466282e-05,0.147350452353299,2.09390709551381e-30,2.91814841890747e-05,0.681443842841344,7.71582562786597e-12,0.0676413730306109,0.150238061137633,1.4036590695291e-09,0.00187612305772769,0.107960356919852,0.10189372505668,0.579311100869424,0.0203512715918544,6.17672102603384e-08,0.161103686900764,0.0460631622253577,0.00468503347129385,0.000124146960400631,0.236398452952145,0.000321240873989893,1.57790925870927e-06,4.11014931048887e-07,7.23822120747895e-07,0.000942982153172236,0.264028993770893,0.217816746433853,0.0415676771870739,0.182278297682746,2.30917978514558e-07,1.53092876016638e-06,0.00137675184702063,0.000576570779551418,0.0142936911867836,0.586430138800002,0.000371136823271442,0.857933009144365,0.0104684054594278,0.00275980460518844,0.00189534924272783,0.970109753854835,7.93621603029659e-06,4.6355094207419e-07,8.33807789453333e-07,0.00448858943567394,2.77489211407338e-06,0.248177093700171,0.0261511357757477,0.0844070926074715,3.24965734380666e-05,0.0652944723906492,0.945456560845154,0.631243275257467,5.49420477807833e-05,0.00237750652050915,2.02796255464951e-05,0.0306649898933981,0.0449735360311795,0.0363931037879197,5.58661232634168e-05,3.50104348223089e-06,0.429041701986472,0
