"","1-Methyladenosine","1-Methylnicotinamide","1/3-Methylhistidine","2'-Deoxycytidine","2-Aminoadipate","2-Aminoisobutyric Acid","2-Hydroxyglutarate","2-Hydroxyisobutyrate/2-Hydroxybutyrate","2-Hydroxyphenylacetate","2-isoPropylmalic Acid","3-(4-Hydroxyphenyl)Propionate","3-Aminoisobutyrate","3-Hydroxyisovaleric Acid","3-Hydroxypropionic Acid","3-Methyl-3-Hydroxyglutaric Acid","3HBA","4-Guanidinobutanoate","4-Hydroxybenzoic Acid","4-Pyridoxic Acid","5'-Methylthioadenosine","5-Methylcytidine","5,6-Dihydrouracil","6-Methyladenosine","7-Methylguanine","Acetylcarnitine","Acetylcholine","Adenine","Adenosine","Adenylosuccinate","Adipic Acid / 3-Methylglutaric Acid","ADP","Agmatine","Alanine","Allantoin","Alpha-Ketoglutaric Acid","Aminolevulinate","AMP","Anthranilic Acid","Arabitol/Xylitol","Arginine","Argininosuccinate","Asparagine","Aspartic Acid","Azelaic Acid","betaAlanine","Betaine","Biopterin","Cadaverine","cAMP","Carnitine","Carnosine","cGMP","Cholecalciferol","Cholesteryl Sulfate","Choline","Citraconic Acid","Citrulline","Creatine","Cystathionine","Cysteinyl-Glycine (Cys-Gly)","Cystine","Cytidine","D-Leucic Acid","DCDP","Deoxycarnitine","Deoxyguanosine","DHAP/D-GA3P","Dimethylarginine (A/SDMA)","Dimethylglycine","Ergocalciferol","Erythrose-4-Phosphate","Ethanolamine","FAD","Fructose","G1P/F1P/F6P","G6P","gamma-Aminobutyrate","Glucoronate","Glucosamine","Glucose","Glutamic acid","Glutamine","Glutaric Acid","Glyceraldehyde","Glycerol-3-P","Glycerophosphocholine","Glycine","GMP","Guanine","Guanosine","Histamine","Histidine","Homoarginine","Homocitrulline","Hydrocinnamic Acid","Hypotaurine","Hypoxanthine","Imidazoleacetic Acid","IMP","Indole-2-Carboxylic Acid","Indole-3-Carboxylic Acid","Inosine","iso-Leucine /allo-isoLeucine","isoValeric Acid /3-Oxobutanoic Acid/4-Oxobutanoic Acid","Kynurenic Acid","L-2-Aminobutyric Acid","L-Kynurenine","Lactate","Lactose/Trehalose","Leucine /D-Norleucine","Linoleic Acid","Linolenic Acid","Lysine","Maleic Acid","Margaric Acid","Methionine","Myristic Acid","N-Ac-Alanine","N-Ac-Arginine","N-Ac-L-Glutamine","N-Ac-Phenylalanine","N-Acetyl-Aspartate (NAA)","N-AcetylGlycine","n-Glycylproline","N2,N2-Dimethylguanosine","N6-Acetyl-Lysine","N6-Trimethyllysine","NAD","NADH","Neopterin","Niacinamide","Nicotinic Acid","o-Phosphoethanolamine","Ornithine","Orotate","Oxalacetate","Oxidized Glutathione","Palmitic Acid","Pantothenate","PEP","Phenylacetic Acid","Phenylalanine","Phosphorylcholine","Phosphoserine","Phosphotyrosine","Pipecolate","Proline","Pseudouridine","Putrescine","Pyridoxamine","Pyroglutamic Acid","Pyruvate","Reduced Glutathione","Retinol","Riboflavin","Ribose-5-P","Ribulose 5-Phosphate","S-Adenosylmethionine (SAM)","S-Methylcysteine","SAH","Sarcosine","Sedoheptulose 7-Phosphate","Serine","Sorbitol","Spermidine","Suberic Acid","Succinate","Succinylcarnitine","Sucrose","Taurine","Thiamine","Threonine","Trigonelline","Tryptophan","Tyrosine","UDP-GlcNAc","UDP-Glucose","UMP","Uracil","Urate","Uridine","Valine","Xanthine","Xanthosine","Xanthurenic Acid"
"1-Methyladenosine",1,0.734522025771651,-0.560015411618648,0.137124876921101,0.141786891562139,0.466419795367952,-0.362528361659318,-0.0275525493385847,0.236482726144099,0.201502632818186,0.458016182199581,0.382242390513293,0.381407594503189,-0.235438160880175,0.0817800419538508,0.27629179331307,-0.562883685089259,-0.0632261655036603,0.358910912282204,0.102898240506871,0.362198724260456,-0.0423862322873411,0.00551393467186095,0.315385932616978,-0.0777601780898155,0.0392268504644891,0.0740185795624813,0.209542360546256,0.491296716469027,0.0316708763217603,0.0720621601952138,0.0734748919046192,0.562378526478017,0.229688770923413,-0.240215762661073,-0.0671304422278351,-0.0516888565435164,-0.109405368380496,-0.126067040541119,0.644954835395351,0.246230574938996,-0.478243931675157,0.127762318592405,0.096832056166788,-0.421957275568303,0.500402414486922,0.770931974827689,0.716901408450704,-0.26315766942078,-0.159356136820926,0.253996318335545,-0.301369921657605,0.153324200522283,0.077096622286913,0.550644291279592,0.41588252921786,0.316015240378441,-0.0567661286870157,-0.074480928121923,-0.1790701656749,-0.499464874352498,0.122762104542146,0.0667836808082538,-0.166462605419753,-0.458709705038743,-0.0691039856158226,-0.538015325998545,0.046581617363757,0.222081424718524,0.429958474249754,-0.460803116571771,0.0156684789588595,0.463401686716041,-0.271766770837793,-0.466162935057151,-0.443897427115887,-0.266389828331692,0.393762575452716,-0.45528918189991,-0.489040626739158,-0.156761847681836,-0.316952780512864,0.195796052913224,-0.517325227963526,-0.264253606746864,-0.318840703797252,-0.0892375529774391,0.292538207971232,-0.0279849308617663,0.116743011259044,-0.00210197354338799,-0.309683633717197,-0.367682691896057,-0.263774134166702,0.349651098077829,0.200432381523182,0.169142514662443,-0.5315552891819,0.318095808895929,0.613382422192731,0.651577550408836,-0.233271972259086,0.245909499550494,-0.334817415129072,-0.2472794212081,-0.186977182242391,-0.447532000513721,-0.13431653752301,-0.0170041525750246,-0.20530844642322,0.473179502547198,0.56316623143114,-0.388732394366197,0.335228391626354,0.128597114602509,-0.479630977353483,0.434547711802731,0.430690526135537,0.0913609315467272,-0.281339098420309,0.587525150905433,-0.165182584870928,-0.0738644633760007,-0.235027184382893,0.310672545913781,-0.362417055524637,-0.517453658118926,-0.0320518857827818,0.322869129671647,0.699610428528619,-0.018952009931932,-0.0910869472152061,0.211481655892804,-0.080268847125305,-0.128117642022347,0.703245001926452,0.0296545228819727,0.728216105141487,0.143726186908686,-0.542690183655122,0.463585769938782,-0.14462091699131,0.117226764844385,0.234718952009932,-0.155841431568132,0.0292692324157712,0.280328781197825,0.269022646517402,-0.227222911939723,0.665272485979708,0.211862665353825,-0.26052913224025,0.384528447279421,0.400659274797723,0.216576052057023,-0.299546213450918,-0.535403912838735,-0.442467571385761,0.475649642536068,-0.449381394751488,0.267849651098078,-0.364193672674344,0.0582387944689413,-0.344907744338371,-0.148764930005565,0.0405796481013742,-0.102277494755769,-0.204636328609958,0.00481184982233829,0.575919345862408,-0.272554475790916,0.185615822595145,0.0228562866561069,0.140318506785393,0.457600924697119,-0.238999957189948,-0.352279635258359,-0.0289909670790702,0.293873881587397,0.739976026370992,-0.301382764673145,0.109242690183655,0.431015882529218,0.067117599212295,0.0623485594417569
"1-Methylnicotinamide",0.734522025771651,1,-0.768560297957961,-0.0152018493942378,0.0883299798792757,0.482362258658333,-0.455481827133011,0.161402457296973,0.43944518172867,0.365242518943448,0.625878676313198,0.361209812063873,0.671360075345691,-0.263701357078642,-0.110060362173038,0.470225608972987,-0.578415171882358,-0.100697803844343,0.266175778072691,-0.0371291579262811,0.0592277066655251,-0.0764287854788304,0.0196070037244745,0.100997474206944,-0.0359347574810566,0.0949312898668607,0.237244745066142,0.308270902007791,0.468624513035661,0.227813690654566,-0.0262125947172396,-0.00761590821524894,0.65793484310116,0.282486407808553,-0.459077871484224,-0.0866903548953294,-0.0610214478359519,0.0030780427244317,-0.141667023417098,0.780071920887024,-0.0463376000684961,-0.462845156042639,0.332133224881202,0.280328781197825,-0.297739629264951,0.725356393681236,0.712337856928807,0.966000256860311,-0.341144740785136,-0.339732009075731,0.171869514962113,-0.366972045036174,0.362305749389957,0.0635600839077015,0.755657348345391,0.591741941007749,0.397187379596729,0.148041440130143,-0.203056637698532,-0.393595616250696,-0.43937240464061,-0.0561368209255533,0.303450490175093,-0.329376257545272,-0.482195299456312,-0.206430069780384,-0.635669335159896,-0.115240378440858,0.196686501990667,0.585692880688386,-0.616700201207243,0.11316409092855,0.616961342523225,-0.278445138918618,-0.622089986728884,-0.585367524294704,-0.245528490089473,0.289978166873582,-0.569596301211524,-0.575906502846868,-0.11568560297958,-0.178179716597457,0.422672203433366,-0.632235969005523,-0.315184725373518,-0.386489147651869,-0.0266578192559613,0.210929406224582,-0.133537394580247,0.103989896827775,0.295192431182842,-0.342596001541162,-0.536409949056038,-0.35785778500792,0.565435164176549,0.175247228049146,0.278505072991138,-0.564155143627724,0.174356778971703,0.659244830686245,0.714855087974656,-0.208510638297872,0.396412517659146,-0.285692880688386,-0.487931846397534,-0.339659231987671,-0.565422321161009,-0.0616293505715142,-0.0212894387602209,-0.241885354681279,0.599374973243718,0.570777858641209,-0.342767241748362,0.599456312342138,0.274403870028683,-0.570255576009247,0.375589708463547,0.398086390684533,0.000500877606061903,-0.174510895158183,0.470020120724346,0.0819641251765915,0.103638854403014,-0.362622543773278,-0.0783338327839377,-0.562040327068796,-0.576082024059249,-0.0804315253221456,0.296100004281005,0.498540177233614,0.158559869857443,0.0689841174707821,0.0481955563166231,0.0364870071492786,-0.119046192045892,0.959604435121366,-0.0498993963782696,0.850250438803031,0.200736332890963,-0.744419709747849,0.774626482298044,-0.217950254719808,0.0232972301896485,0.100192645233101,-0.219735433879875,0.0701827989211867,0.330801832270217,0.335861980392996,-0.293745451431996,0.755507513164091,0.167481484652596,-0.475825163748448,0.29732865276767,0.601048846269104,0.330262425617535,-0.40261569416499,-0.603741598527334,-0.736602594289139,0.653782268076544,-0.633477460507727,0.304567832527077,-0.450764159424633,0.210723917975941,-0.200774861937583,-0.23958645489961,0.236555503232159,-0.0632176034933002,-0.52894815702727,0.123917975940751,0.703951367781155,-0.331294147865919,0.232043323772422,0.146538807311957,0.00367310244445396,0.654274583672246,-0.422295474977525,-0.255824307547412,-0.060272271929449,0.209469583458196,0.837544415428743,-0.466822209854874,0.136671090372019,0.559809923370007,0.0666424076373132,-0.121250909713601
"1/3-Methylhistidine",-0.560015411618648,-0.768560297957961,1,0.0648957575238666,-0.0191104071235926,-0.271390042381951,0.230532128943876,-0.321636200179802,-0.605573868744381,-0.343041226079884,-0.606130399417783,-0.11848966137249,-0.700239736290081,0.320647287983218,0.142750117727642,-0.485697161693566,0.548713557943405,0.115951025300741,-0.0986386403527548,-0.0247741769767541,0.0348431011601524,0.234068239222569,-0.181976968192132,-0.0672845584143157,0.258833854188964,0.123982191018451,-0.305984845241663,-0.357451089515818,-0.350357463932531,-0.496219872426046,0.25273770281262,0.187867631319834,-0.454612783081468,-0.273410676826919,0.574301125904362,0.236307204931718,0.226563637142001,0.12638811592962,0.227954963825506,-0.688552592148636,0.19733721477803,0.50261997517017,-0.495312299327882,-0.528374502333148,0.293283102872554,-0.73417526435207,-0.598279035917633,-0.799828759792799,0.427830814675286,0.341149021790316,0.163363157669421,0.4000642150777,-0.577871484224496,-0.311956847467785,-0.819264523310073,-0.527809409649386,-0.302769810351471,-0.365242518943448,0.136328609957618,0.50003424804144,0.185179160066784,-0.0371205959159211,-0.455498951153731,0.302072006507128,0.47629179331307,0.330866047347917,0.389267520013699,0.103737317522154,-0.148871955135066,-0.563876878291023,0.678389485851278,-0.2893959501691,-0.425095252365255,0.302328866817929,0.645802474420994,0.625968577421979,0.212907230617749,-0.132681193544244,0.663495868830001,0.588398475962156,-0.0968748662185881,0.196797808125348,-0.622603707350486,0.689746992593861,0.0740870756453615,0.351192259942634,-0.0451260756025515,0.0490560383578064,0.263427372747121,-0.153482597713943,-0.400244017295261,0.367845370092898,0.48423733892718,0.139064172267648,-0.640121580547113,-0.048422449591164,-0.438083822081425,0.573500577935699,0.144436833768569,-0.544394023716769,-0.579429770110022,0.0295004066954921,-0.351153730896014,0.133130699088146,0.487409563765572,0.408840275696734,0.502834025429171,-0.025275054582816,0.0139689199023931,0.156954492914936,-0.412586155229248,-0.311040712359262,0.175486964339227,-0.683834924440259,-0.30525279335588,0.499156641979537,-0.303386275097393,-0.213707778586412,-0.0794254891048418,0.203626011387474,-0.298856971616936,-0.276167644162849,-0.231366924953979,0.472605847853076,0.211344663727043,0.527411276167644,0.442732993706922,0.278710561239779,-0.1156599169485,-0.367156128258915,-0.186013956076887,-0.0719080440087333,0.0626953208613382,-0.0495954450104885,0.0997773877306392,-0.79217432253093,0.15009204161137,-0.671916606019093,-0.301558285885526,0.735288325698874,-0.661222655079413,0.0869600582216705,0.106721178132626,0.126169784665439,0.349368551735948,0.0324286142386232,-0.120086476304636,-0.311002183312642,0.306023374288283,-0.709276938225095,-0.0849308617663427,0.62097692538208,0.016045207414701,-0.613395265208271,-0.317209640823665,0.364467657005865,0.43167515732694,0.763316066612441,-0.501339954621345,0.605625240806541,-0.485761376771266,0.481865662057451,-0.158281604520741,0.0852433751444839,0.38693009118541,-0.508660473479173,-0.0987114174408151,0.696228434436406,-0.212410634016867,-0.622620831371206,0.282383663684233,-0.271287298257631,-0.2211224795582,0.0640181514619633,-0.530266706622715,0.561839119825335,0.201292863564365,0.083415385932617,-0.0556102572884113,-0.757506742583159,0.430583501006036,-0.157742197868059,-0.637792713729184,-0.0973372147780299,0.160092469711888
"2'-Deoxycytidine",0.137124876921101,-0.0152018493942378,0.0648957575238666,1,0.147776017808982,0.000654993792542489,0.0240592491116914,0.0361316837193373,-0.320908429299199,-0.243914551136607,-0.137338927180102,0.0525236525536196,-0.180534269446466,-0.0939595016909971,-0.021327967806841,-0.125471980821097,-0.116481869943063,-0.0363714200094182,0.261762061732095,0.118716554647031,0.194100774861938,-0.00798835566591036,-0.0213793398690012,0.00883599469155358,-0.0546641551436277,0.10261141315981,-0.126512265079841,-0.148285457425403,0.0293548525193715,-0.353992037330365,0.259035061432424,0.0466158654051971,0.00548824864078085,-0.21828845412903,0.186990025257931,0.0842801489789803,0.00900723489875423,-0.152767669848881,0.00469626268247785,-0.137668564578963,0.28169870285543,-0.050271843828931,-0.226739158354382,-0.348991823280106,-0.192448306862451,-0.135416755854275,0.0246628708420737,-0.0370820668693009,0.191009889121966,0.00817671989383107,0.339719166060191,0.166578192559613,-0.366085876963911,-0.172815617106897,-0.175371377199366,-0.18422021490646,-0.0189776959630121,-0.293968063701357,0.215462990710219,0.111862665353825,-0.22111391754784,0.523472751402029,-0.21847681835695,0.00888308574853375,-0.0967549980735477,0.0182841731238495,-0.2210154544287,0.267922428186138,0.0714456954492915,-0.257455370520998,0.133717196797808,-0.122184168842844,0.0592362686758851,-0.0974271158868102,0.0988997816687358,0.107166402671347,0.17113318207115,0.26312342137934,0.160935827732352,0.110291536452759,0.0136050344620917,-0.203583201335674,-0.352981720107881,0.147711802731281,-0.03948371077529,-0.21580547112462,-0.141054839676356,0.203638854403014,0.00758594117898883,0.182486407808553,-0.267674129885697,0.0254377327796567,0.0540605334132454,-0.0298257630891733,-0.21838263624299,-0.0771950854060534,-0.0631833554518601,-0.0586026799092427,0.157690825805899,0.0235155614538294,0.0387645019050473,-0.109092855002355,0.0918789331735091,0.0944175692452588,0.249287212637527,0.0433066484010446,-0.0272571599811636,-0.108484952266792,0.0207628751230789,0.0376642835737831,-0.135943319491417,0.0453786549081724,-0.138404897469926,-0.292615266064472,-0.235275482683334,0.0749389956761848,0.176728455841432,0.121550580076202,0.0575666766556788,0.0388672460293677,0.309002953893574,-0.15775932188878,-0.361406738302153,0.38151033862751,0.179301339954621,-0.0281262040327069,-0.130874609358277,0.194045121794597,0.19208442142215,0.316036645404341,-0.0657519585598699,-0.128258915193287,0.0595701870799264,-0.244274155571728,-0.151671732522796,-0.0195385076415942,0.0974998929748705,0.0475662485551607,0.143126846183484,0.0953379853589623,-0.12886253692367,0.0520698660045379,0.035784922299756,0.0102487264009589,0.056838905775076,-0.0286013956076887,0.105937754184683,0.218900637869772,0.0372789931075817,0.108300869044052,-0.0690526135536624,0.276942506100432,0.416006678368081,-0.32639667793998,0.296806370135708,0.20262425617535,-0.146817072648658,0.163307504602081,0.149077443383706,0.213001412731709,-0.121704696262682,0.21848966137249,-0.0231259899824479,-0.268581702983861,0.196866304208228,-0.357074361059977,-0.0715227535425318,0.240913566505415,-0.110762447022561,-0.111417440815103,0.220163534397877,-0.0499807354766899,-0.165131212808767,0.332415771223083,0.124782738987114,0.231876364570401,-0.0829787234042553,0.0248212680337343,0.150353182927351,0.0677811550151976,0.279502547198082,0.162849437047819,-0.00598484524166274,0.189288925039599,0.0608245215976711
"2-Aminoadipate",0.141786891562139,0.0883299798792757,-0.0191104071235926,0.147776017808982,1,0.136242989854018,-0.219752557900595,0.09738002482983,-0.17629607431825,-0.0524465944603793,-0.0116357720792842,0.157639453743739,-0.101994948413888,-0.151192259942635,0.0249368551735948,-0.0581831414016011,-0.254313112718866,-0.107025129500407,0.00744894901322831,-0.072896956205317,0.35269489276082,0.114534012586155,-0.0889635686459181,0.249625412046749,-0.0269146795667623,0.141735519499979,-0.135446722890535,-0.161089943918832,0.18677597499893,-0.112543345177448,0.197940836508412,0.151115201849394,0.0872083565221114,-0.0503189348859112,-0.0109636542660217,0.0384776745579862,0.117188235797765,-0.204495055439017,-0.101990667408708,-0.00831371205959159,0.12634102487264,-0.0702812620403271,0.0151932873838777,-0.122025771651184,-0.105625240806541,-0.0870585213408108,0.0417312384947986,0.0610171668307719,-0.0388073119568475,-0.151115201849394,0.0906674087075645,-0.0275910783852048,-0.169510681107924,-0.160743182499251,-0.0519542788646774,-0.00886168072263368,0.290500449505544,-0.0857228477246458,0.0120510295817458,0.0491074104199666,-0.266419795367952,0.250657134295133,-0.119054754056252,-0.0498437433109294,-0.213831927736633,0.14485209127103,-0.192259942634531,0.430078342394794,0.132342994135023,0.131747934415001,0.0584528447279421,-0.171445695449292,-0.0923412817329509,-0.197148850550109,0.0387730639154073,0.0436277237895458,0.21574981805728,0.249514105912068,-0.127436962198724,-0.211832698317565,0.0605120082195299,-0.0655635943319491,-0.0907744338370649,-0.139119825334989,-0.0560041097649728,-0.23417954535725,-0.182546341881074,0.0467485765657776,0.143837493043367,0.027633888437005,-0.17374887623614,-0.154287426687786,0.0852433751444839,-0.0650584357207072,-0.0147566248555161,0.176146239136949,-0.156235284044694,-0.0518943447921572,0.0617534997217347,0.0370863478744809,0.0149364270730768,-0.0688813733464617,-0.0159082152489405,-0.00514148722119954,0.221499208014042,-0.04736932231688,-0.0633631576694208,-0.160850207628751,-0.331961984674001,-0.182691896057194,-0.0163577207928422,0.0462048889079156,0.0884498480243161,-0.0843914551136607,-0.0213707778586412,-0.0560897298685731,0.253144398304722,0.11584400017124,-0.0319277366325613,-0.0116143670533841,0.20793698360375,-0.112808767498609,-0.160199494841389,-0.174934714671005,0.299400659274798,0.0884027569673359,-0.188150177661715,0.102893959501691,-0.0324671432852434,0.135206986600454,0.0949013228306006,0.00372019350143414,0.0298771351513335,-0.0432552763388844,0.0270302667066227,0.137972515946744,0.0272614409863436,0.121362215848281,0.0308061132753971,-0.043944518172867,-0.0135108523481313,-0.0724132026199752,0.0589794083650841,0.225651783038657,-0.030253863607175,0.110856629136521,0.224936855173595,0.0228348816302068,-0.0157498180572798,0.0704054111905475,0.131735091399461,0.0180144697975085,0.193278821867374,-0.0164219358705424,-0.00319362986429214,0.0454214649599726,-0.18943019821054,-0.0742583158525622,0.161372490260713,-0.030523566933516,0.0625797337214778,-0.0380581360503446,0.0781155015197568,-0.320326212594717,0.107517445096109,-0.130866047347917,0.133554518600968,0.0450789845455713,-0.103236439916092,-0.00437518729397663,0.0097906588466972,-0.204169699045336,0.00107025129500407,-0.0612740271415728,0.131054411575838,0.0803630292392654,-0.0536581189263239,-0.306823922256946,0.0241106211738516,0.0654394451817287,0.111310415685603,-0.17883899139518,-0.024988227235755,0.0150691382336573,0.686206601309988
"2-Aminoisobutyric Acid",0.466419795367952,0.482362258658333,-0.271390042381951,0.000654993792542489,0.136242989854018,1,-0.316490431953423,-0.00226893274540862,0.0577978509353996,0.370101459822766,0.259484566976326,0.958611241919603,0.290817243888865,-0.218168585983989,0.279292777944261,0.230660559099276,-0.415039171197397,-0.053944946273385,0.546286228006336,0.209914807996918,0.341131897769596,0.0525921486364999,-0.0479943490731624,0.24988227235755,-0.167597071792457,0.0921700415257502,-0.0870413973200908,-0.0664412003938525,0.451187978937454,-0.133194914165846,0.361659317607774,0.200582216704482,0.825707436105998,0.143537822680765,0.0330108309431054,-0.0516588895072563,0.199571899481998,-0.048687871912325,0.246722890534698,0.422869129671647,0.0789802645661201,-0.299593304507898,-0.134569116828631,-0.0706451474806284,-0.0955648786335031,0.271509910526992,0.501438417740485,0.466676655678753,-0.114409863435935,-0.0767926709191318,0.380795410762447,-0.111318977695963,0.0223168800034248,-0.0585427458367225,0.42886253692367,0.291001327111606,0.463906845327283,-0.104298129200736,0.0738516203604606,-0.0474677854360204,-0.476998159167773,-0.027886467742626,-0.0420009418211396,-0.0783509568046577,-0.347823108865962,0.0169570615180444,-0.571235926195471,-0.0265208270902008,0.205539620702941,0.426923241577122,-0.420497452801918,-0.0244060105312727,0.42357977653153,-0.10525707436106,-0.4420523138833,-0.42630249582602,-0.155413331050131,0.375431311271887,-0.335930476475877,-0.390787276852605,-0.156406524251894,-0.113694935570872,0.0637142000941821,-0.361821995804615,-0.427098762789503,-0.228177576094867,-0.0840104456526392,0.503797251594674,0.0592362686758851,0.146658675456997,0.0592576737017852,-0.0977096622286913,-0.32109251252194,-0.395697589794084,0.14739500834796,0.353165803330622,0.0648058564150863,-0.260267990924269,0.533400402414487,0.461295432167473,0.447557686544801,-0.241534312256518,0.17621901622501,-0.3210582644805,-0.20005993407252,-0.274433837064943,-0.643516417654865,-0.123181643049788,-0.0294319106126118,-0.158576993878163,0.423481313412389,0.537724217646303,-0.394396164219359,0.186570486750289,0.0869729012372105,-0.269806070465345,0.500971788175864,0.627950682820326,0.213823365726273,0.0569630549252965,0.265649214435549,-0.344034419281647,-0.113968919902393,-0.0933730039813348,0.277734492058735,-0.175508369365127,-0.458324414572542,0.262708163876878,0.490984203090886,0.446889849736718,-0.0946872725715998,0.117415129072306,0.0967935271201678,-0.162327154415857,0.0162721006892418,0.447176677083779,0.0667836808082538,0.547617620617321,0.208467828246072,-0.382195299456312,0.261560854488634,-0.0301083094310544,0.114778029881416,0.105043024102059,0.191009889121966,0.160751744509611,0.278119782524937,0.441675585427458,-0.265233956933088,0.265144055824308,0.259998287597928,-0.0576480157540991,0.348627937839805,0.354480071920887,0.18159595873111,-0.276458752515091,-0.512312170897727,-0.282666210026114,0.397816687358192,-0.177220771437133,0.231944860653281,-0.232274498052143,0.124491630634873,-0.381702983860611,-0.0816130827518301,-0.110681107924141,-0.269489276082024,-0.187653581060833,-0.065255361958988,0.532188877948542,-0.0516203604606362,0.245913780555674,-0.0501562566890706,0.0937839804786164,0.416708763217604,-0.102131940579648,-0.44749775247228,-0.0169356564921444,0.491938867246029,0.424290423391412,-0.308895928764074,0.0352112676056338,0.261252622115673,0.112397791001327,0.166235712145212
"2-Hydroxyglutarate",-0.362528361659318,-0.455481827133011,0.230532128943876,0.0240592491116914,-0.219752557900595,-0.316490431953423,1,-0.123361445267349,-0.0544201378483668,-0.231829273513421,-0.214405582430755,-0.250806969476433,-0.194995504944561,-0.0529260670405411,0.0514919303052357,-0.205702298899782,0.066843614880774,-0.0117599212295047,-0.106686930091185,0.11574981805728,-0.104918874951839,-0.134800291108352,0.131221370777859,0.0363757010145982,-0.300916135108523,-0.208609101417013,-0.176000684960829,-0.278706280234599,-0.0428014897898026,-0.015004923155957,-0.130985915492958,-0.123845198852691,-0.386463461620789,-0.211986814504046,0.2263067768312,0.191964553277109,-0.0895200993193202,-0.23674814846526,0.0688685303309217,-0.393835352540777,0.0328524337514448,0.126058478530759,-0.103694507470354,-0.0475748105655208,0.0505672331863522,-0.362053170084336,-0.419204589237553,-0.448199837321803,-0.0730639154073376,0.376591463675671,-0.392897812406353,-0.00637013570786421,-0.00978209683633717,-0.0650199066740871,-0.217873196626568,-0.439933216319192,-0.268577421978681,-0.0815231816430498,0.321751787319663,0.116987028554305,0.506168928464403,0.175170169955906,-0.0134423562652511,0.371659745708292,0.0082623399974314,-0.192264223639711,0.409461021447836,-0.0478573569074019,0.043687657862066,-0.222488120210625,0.0990838648914765,0.31840832227407,-0.222115672759964,-0.134834539149792,0.125270773577636,0.0865233956933088,0.292760820240593,-0.109161351085235,0.236705338413459,0.277969947343636,0.388621088231517,-0.0161308275183013,-0.162712444882058,0.264056680508583,0.353448349672503,0.338790187936127,0.093420095038315,-0.283077186523396,-0.242540348473822,-0.0940237167686973,-0.0254933858469969,0.303352027055953,0.164531872083565,0.372062160195214,-0.19743139689199,-0.186228006335888,0.163748448135622,0.263564364912882,-0.38692581018023,-0.399092426901837,-0.425283616593176,0.360156684789589,-0.0315510081767199,0.239821910184511,0.200158397191661,0.0918618091527891,0.204413716340597,0.370054368765786,0.359685774219787,0.350734192388373,-0.221606233143542,-0.236525536195899,0.037891176848324,-0.310788133053641,-0.0290380581360503,0.376822637955392,-0.114217218202834,-0.269360845926624,0.206425788775204,0.221400744894901,-0.31054411575838,-0.03421379339869,0.000530844642322017,0.270054368765786,-0.0712359261954707,0.104028425874395,0.127552549338585,-0.124543002697033,-0.14746778543602,-0.217222483839205,-0.100299670362601,-0.0223083179930648,0.112872982576309,-0.192645233100732,0.13685517359476,-0.452326726315339,-0.0475876535810608,-0.436020377584657,-0.0988612526221157,0.25519499978595,-0.29725587567961,0.357254163277538,-0.0749432766813648,-0.231953422663641,0.0666295646217732,0.0682777516160795,-0.289687058521341,-0.248182713301083,0.0870756453615309,-0.387756325185153,-0.322089986728884,0.113532257374031,-0.187974656449334,-0.26570058649771,-0.143349458452845,0.0622244102915364,0.359441756924526,0.377550408835995,-0.393128986686074,0.463778415171882,-0.0109508112504816,0.15531486793099,-0.301464103771566,0.0990881458966565,0.0750203347746051,-0.00798407466073034,0.15264352069866,0.255721563423092,-0.0732137505886382,-0.29996147095338,0.351894344792157,0.164617492187166,-0.277263581488934,0.231195684746779,-0.350468770067212,0.230848923327197,0.152138362087418,0.370683676527249,0.0490303523267263,-0.397619761119911,0.23152104114046,0.194918446851321,-0.0899439188321418,-0.0517916006678368,-0.151842972729997
"2-Hydroxyisobutyrate/2-Hydroxybutyrate",-0.0275525493385847,0.161402457296973,-0.321636200179802,0.0361316837193373,0.09738002482983,-0.00226893274540862,-0.123361445267349,1,0.258324414572542,-0.0248341110492744,0.119598441714114,-0.0557344064386318,0.24478787619333,-0.183107153559656,-0.107654437261869,0.340472622971874,-0.068688728113361,-0.179523952223982,-0.118802174750631,0.0769639111263325,-0.145006207457511,-0.0600839077015283,0.254150434522026,-0.246958345819598,2.99670362601139e-05,0.0544929149364271,0.329209298343251,0.240733764287855,-0.0954664155143628,0.254236054625626,-0.114170127145854,-0.0654822552335288,0.0761633631576694,-0.0379339869001242,-0.351513335331136,-0.337463076330322,-0.139877563251852,-0.11326683505287,-0.217256731880646,0.185936897983647,-0.194233486022518,-0.147758893788261,0.159805642364827,0.248512350699944,0.0192688043152532,0.276707050815531,-0.00832227406995163,0.189717025557601,-0.0848580846782825,-0.128100518001627,-0.101361359647245,-0.0157540990624599,0.246740014555418,0.146354724089216,0.267130442227835,0.269138233657263,-0.0201207243460765,0.227501177276424,-0.106245986557644,-0.269009803501862,-0.0333789973885868,0.121447835951881,0.288441286013956,-0.294528875379939,0.00487178389485851,-0.0878547883042938,0.0282161051414872,-0.0970032963739886,0.0482597713943234,0.0913009974742069,-0.0617706237424547,0.132064728798322,0.0909499550494456,-0.0958559869857443,-0.0356393681236354,-0.022376814075945,-0.0829102273213751,0.0451860096750717,-0.175268633075046,-0.191532171753928,-0.00719636970760735,-0.000398133481741513,0.313373860182371,-0.220865619247399,0.0620103600325356,-0.0872511665739115,-0.0852048460978638,-0.226092726572199,-0.0612611841260328,0.124401729526093,-0.0130099747420694,-0.0637270431097222,-0.144376899696049,0.00612611841260328,0.19203304935999,-0.0562481270602337,0.072374673573355,-0.17621473521983,-0.264942848580847,0.121824564407723,0.10532128943876,0.190624598655764,0.190568945588424,0.133417526435207,-0.0249839462305749,-0.233460336487007,-0.0102915364527591,0.110989340297102,-0.212680337343208,-0.0669121109636543,0.0397234470653709,-0.0997003296373989,0.00461920458923755,0.283873453486879,0.197808125347832,-0.0455969861723533,-0.0904276724174836,-0.0235754955263496,-0.137480200351042,-0.170461064257888,0.0653752301040284,0.0529089430198211,0.0754441542874267,-0.220454642750118,-0.309936213022818,-0.130181086519115,-0.0554390170812107,-0.0570829230703369,-0.132711160580504,-0.0582687615052014,0.28947728926752,-0.00165246799948628,-0.167267434393596,0.109478145468556,-0.0422235540905005,0.181831414016011,-0.193591335245516,0.153837921143885,0.0440772293334475,-0.225617534997217,0.256188192987714,0.0957275568303438,-0.167314525450576,-0.124281861381052,-0.157151419153217,-0.235729269232416,0.0912410634016867,0.0122351128044865,-0.117500749175907,0.12904662014641,0.0742497538422021,-0.376064900038529,-0.118810736760991,0.156166787961813,0.011571557001584,-0.0256646260541975,-0.0318806455755811,-0.297174536581189,0.214816558928036,-0.251654608502076,0.265285328995248,-0.0931760777430541,0.0571214521169571,0.198711417440815,-0.081047990068068,0.274579391241063,0.183145682606276,-0.242985573012543,-0.161676441628494,0.0828588552592149,-0.133267691253906,0.0349586883000128,0.3209940494028,-0.133349030352327,0.220428956719038,-0.308489233271972,-0.176826918960572,-0.246213450918276,-0.186626139817629,0.190975641080526,0.0335802046320476,-0.00881887067083351,0.055785778500792,0.0916391968834282,-0.0100389571471381
"2-Hydroxyphenylacetate",0.236482726144099,0.43944518172867,-0.605573868744381,-0.320908429299199,-0.17629607431825,0.0577978509353996,-0.0544201378483668,0.258324414572542,1,0.191767627038829,0.437749903677383,-0.115510081767199,0.630566376985316,-0.116259257673702,-0.202898240506871,0.47371890919988,-0.269771822423905,-0.101785179160067,-0.145061860524851,-0.0108095380795411,-0.148602251808725,-0.284485637227621,0.137231902050601,-0.0492743696219872,-0.120874181257759,-0.209461021447836,0.238002482983004,0.357720792842159,-0.0275140202919646,0.704957403998459,-0.404696262682478,-0.400988912196584,0.185209127103044,0.163012115244659,-0.490624598655764,-0.22891390898583,-0.157301254334518,0.0230960229461878,-0.299747420694379,0.552369536367139,-0.341624213365298,-0.299058178860396,0.422423905132925,0.738088103086605,-0.0466586754569973,0.727788004623486,0.375251509054326,0.472421764630335,-0.452395222398219,-0.108514919303052,-0.314208656192474,-0.332925210839505,0.820501733807098,0.309490988484096,0.627479772250524,0.593458624084935,0.0390170812106683,0.478727685260499,-0.313373860182371,-0.416815788347104,-0.0177319234556274,-0.166710903720193,0.623883727899311,-0.291506485722848,-0.262014641037716,-0.145999400659275,-0.119624127745195,-0.211995376514406,-0.0596600881887067,0.576099148079969,-0.507222055738687,0.243225309302624,0.22618690868616,-0.0673316494712959,-0.46054197525579,-0.436576908258059,-0.37633032235969,-0.0950254719808211,-0.515570015839719,-0.373355023759579,0.0830643435078557,0.0176719893831072,0.774211224795582,-0.530151119482855,-0.122804914593947,-0.193484310116015,0.151483368294876,-0.174181257759322,-0.0614837963953936,0.00615608544886339,0.402457296973329,-0.189695620531701,-0.366047347917291,-0.199606147523438,0.728297444239908,-0.0592919217432253,0.192431182841731,-0.302906802517231,-0.21063401686716,0.236076030651997,0.215552891818999,0.147600496596601,0.145875251509054,0.0166402671347232,-0.174446680080483,-0.267335930476476,-0.268675885097821,0.18695149621131,0.0428357378312428,-0.151316409092855,0.101232929491845,-0.12901665311015,-0.0622201292863564,0.654034847382165,0.337039256817501,-0.369733293377285,-0.0522796352583587,-0.0243417954535725,0.00109593732608416,-0.291784751059549,0.0930005565306734,0.228186138105227,0.533841345948029,-0.474784879489704,-0.238636071749647,-0.355845712573312,-0.200873325056723,-0.312397791001327,-0.179472580161822,0.0141101930733336,0.148978980264566,0.0522411062117385,-0.161085662913652,0.208947300826234,-0.104978809024359,0.443229590307804,-0.118648058564151,0.337578663470183,-0.0595830300954664,-0.601969262382807,0.513870456783253,-0.187602208998673,-0.258328695577722,-0.29734149578321,-0.27627466929235,-0.0729440472622972,0.059463161950426,0.0298428871098934,-0.261265465131213,0.423990753028811,0.045793912410634,-0.593467186095295,-0.257626610728199,0.699511965409478,0.0373389271801019,-0.350246157797851,-0.129620274840533,-0.590890020976925,0.192529645960872,-0.570169955905647,0.240969219572756,-0.412534783167088,0.076844042981292,0.182096836337172,-0.331152874694978,0.735759236268676,0.109174194100775,-0.597996489575752,0.314645318720836,0.40532557044394,-0.354612783081468,0.0391926024230489,0.311100646431782,-0.289091998801319,0.248859112119526,-0.655777216490432,-0.112466287084207,-0.0248512350699944,-0.183548097093197,0.511301853675243,-0.386377841517188,-0.0379125818742241,0.309936213022818,-0.0840147266578193,-0.111336101716683
"2-isoPropylmalic Acid",0.201502632818186,0.365242518943448,-0.343041226079884,-0.243914551136607,-0.0524465944603793,0.370101459822766,-0.231829273513421,-0.0248341110492744,0.191767627038829,1,0.358487092769382,0.346042210711075,0.40011986814504,-0.0201678154030566,-0.00619461449548354,0.321803159381823,-0.131409735005779,0.16851748790616,0.272293334474935,-0.109208442142215,-0.00185795624812706,-0.104062673915835,0.0514491202534355,0.157386874438118,0.015270345477118,-0.125001070251295,0.0346162078856115,0.0347103899995719,0.344205659488848,0.0907744338370649,-0.0963825506228863,-0.0148251209383963,0.470092897812406,0.351021019735434,-0.188702427329937,-0.221858812449163,0.145943747591935,0.13681236354296,0.241371634059677,0.253914979237125,-0.311019307333362,-0.160011130613468,0.156774690697376,0.15262639667794,0.0545785350400274,0.278115501519757,0.313301083094311,0.365259642964168,-0.315985273342181,-0.0605462562609701,0.0433837064942849,-0.372956890277837,0.176129115116229,0.0174493771137463,0.429093711203391,0.267036260113875,0.35260499165204,0.0190461920458924,-0.108771779613853,-0.248208399332163,-0.0262254377327797,-0.293766856457896,0.161411019307333,0.184682563465902,-0.0283745023331478,0.149120253435507,-0.240147266578193,-0.164309259814204,-0.000800547968663042,0.279322744980521,-0.536011815574297,0.198792756539235,0.296108566291365,-0.0664797294404726,-0.558157455370521,-0.553709490988484,-0.0350357463932531,0.0407423262982148,-0.257356907401858,-0.209418211396036,-0.0207115030609187,0.0590992765101246,0.224714242904234,-0.227402714157284,-0.314983518130057,-0.14484352926067,0.173128130485038,0.211199109550923,0.181065114088788,-0.0743610599768826,0.377995633374716,-0.147022560897299,-0.257211353225737,-0.303497581232073,0.194464660302239,0.198647202363115,0.325108095380795,-0.130052656363714,0.182024059249112,0.521345091827561,0.527543987328225,-0.223104584956548,0.103377713087033,-0.222436748148465,-0.227047390727343,-0.2315980992337,-0.414144441114774,-0.3052485123507,0.176094867074789,-0.182529217860354,0.423926537951111,0.295890235027184,-0.0528318849265808,0.262819470011559,0.194323387131298,-0.311413159809923,0.260238023888009,0.41306990881459,0.00800976069181044,0.196943362301468,0.00194357635172739,0.059476004965966,0.0691981677297829,-0.260781711545871,-0.034736076030652,-0.248413887580804,-0.306301639624984,-0.100209769253821,0.157502461577979,0.155978423733893,-0.0685774219786806,0.419465730553534,0.0161265465131213,-0.130925981420438,0.00131854959544501,0.364129457596644,-0.115227535425318,0.39220428956719,0.25004495055439,-0.389207585941179,0.293214606789674,-0.24993364441971,0.0370735048589409,0.0791985958303009,-0.046838477674558,0.251102358833854,-0.0171582687615052,0.403857185667195,-0.0685645789631406,0.254090500449506,0.207555974142729,-0.319315895372233,-0.0326769125390642,0.393265978851834,0.107050815531487,-0.396618005907787,-0.268162164476219,-0.370174236910827,0.245083265550751,-0.19729012372105,0.118999100988912,-0.181441842544629,0.106430069780384,-0.160944389742712,-0.236148807740057,0.109435335416756,-0.256012671775333,-0.358243075474121,0.213446637270431,0.510180230318079,-0.0843657690825806,0.0268718695149621,-0.0643820369022647,-0.101348516631705,0.274164133738602,-0.233965495098249,-0.294301982105398,0.172789931075817,0.128066269960187,0.279699473436363,-0.605787919003382,-0.0767841089087718,0.360747463504431,-0.0398818442570316,0.0306990881458967
"3-(4-Hydroxyphenyl)Propionate",0.458016182199581,0.625878676313198,-0.606130399417783,-0.137338927180102,-0.0116357720792842,0.259484566976326,-0.214405582430755,0.119598441714114,0.437749903677383,0.358487092769382,1,0.149796652253949,0.589862579733721,-0.219555631662314,-0.0879703754441543,0.556355152189734,-0.493111862665354,0.0203347746050773,0.0927308532043324,0.00702084849522668,0.0533242005222826,-0.0922513806241706,0.276822637955392,0.208938738815874,-0.129962755254934,-0.0289738430583501,0.378149749561197,0.365525065285329,0.417222483839205,0.245293034804572,-0.0472366111562995,-0.0648957575238666,0.479575324286142,0.218665182584871,-0.473530544971959,0.0511280448649343,-0.0109037201935014,-0.0320047947258016,-0.150160537694251,0.584588381351941,-0.0482726144098634,-0.391356650541547,0.266766556787534,0.283068624513036,-0.215004923155957,0.555023759578749,0.560208056851749,0.621409306905261,-0.53674814846526,-0.262609700757738,-0.180577079498266,-0.580307376171925,0.397174536581189,0.127441243203904,0.63673102444454,0.499182328010617,0.268654480071921,0.132415771223083,-0.0844556701913609,-0.475799477717368,-0.206614153003125,-0.032111819855302,0.297144569544929,0.0422963311785607,-0.394156427929278,-0.161218374074233,-0.252900381009461,-0.117158268761505,0.233995462134509,0.497889464446252,-0.632467143285243,0.268774348216961,0.40269703326341,-0.380011986814504,-0.62362258658333,-0.608741812577593,-0.221456397962242,0.147103899995719,-0.473042510381438,-0.441915321717539,-0.0725245087546556,-0.195954450104885,0.353949227278565,-0.521987242604564,-0.190350614324243,-0.187131298428871,-0.0266835052870414,0.0771180273128131,-0.125292178603536,0.140464060961514,0.299045335844856,-0.102290337771309,-0.498891219658376,-0.226469455028041,0.481947001155871,0.1894387602209,0.381985530202492,-0.372764245044737,-0.0666466886424933,0.558341538593262,0.551269318035875,0.0267305963440216,0.295543473607603,-0.106464317821825,-0.319345862408493,-0.317500749175906,-0.452836165931761,0.031842116528961,0.130279549638255,-0.112038186566206,0.414157284130314,0.355049445609829,-0.245913780555674,0.53415814033135,0.269463590050944,-0.345382935913352,0.379442613125562,0.227672417483625,0.0941350229033777,-0.115060576223297,0.26052057022989,0.0940836508412175,0.112487692110107,-0.22375529774391,-0.0745622672203433,-0.47625754527163,-0.456226722034334,-0.0567704096921957,0.101258615522925,0.36830343764716,0.141872511665739,0.156796095723276,0.0921486364998502,-0.107329080868188,-0.0402457296973329,0.610120296245558,-0.167943833212038,0.593163234727514,0.170174236910827,-0.612667494327668,0.573530544971959,-0.0430455070850636,0.0154843957361188,0.0115073419238837,-0.230005565306734,0.0712915792628109,0.103694507470354,0.199845883813519,-0.400599340725202,0.535528061988955,0.067888180144698,-0.481720107881331,-0.0256903120852776,0.508600539406653,0.211066398390342,-0.36320904148294,-0.301335673616165,-0.504062673915835,0.396540947814547,-0.409747848794897,0.357070080054797,-0.471475662485552,0.0247185239094139,-0.156612012500535,-0.242544629479002,0.261702127659574,0.0309388244359776,-0.490992765101246,0.0341667023417098,0.60261997517017,-0.177259300483754,0.230121152446594,-0.0378440857913438,-0.00675542617406567,0.407594503189349,-0.459304764758765,-0.12888822295475,0.0998116357720793,0.233828502932489,0.609991866090158,-0.480281690140845,0.110368594545999,0.566359861295432,0.121931589537223,-0.0831199965751959
"3-Aminoisobutyrate",0.382242390513293,0.361209812063873,-0.11848966137249,0.0525236525536196,0.157639453743739,0.958611241919603,-0.250806969476433,-0.0557344064386318,-0.115510081767199,0.346042210711075,0.149796652253949,1,0.14201378483668,-0.152485123506999,0.31313412389229,0.130360888736675,-0.314833682948756,-0.0257159981163577,0.585936897983647,0.197020420394709,0.368710133139261,0.125031037287555,-0.0846483154244617,0.279481142172182,-0.117868915621388,0.117487906160366,-0.18154030566377,-0.18156599169485,0.457292692324158,-0.285842715869686,0.438811592962027,0.271771051842973,0.758478530759022,0.0896485294747207,0.167930990196498,-0.0208442142214992,0.222890534697547,-0.0413930390855773,0.346260541975256,0.266912110963654,0.111965409478145,-0.175581146453187,-0.244205659488848,-0.22096836337172,-0.0527762318592406,0.0797979365555032,0.379446894130742,0.322235540905005,-0.0430241020591635,-0.0203604606361574,0.415951025300741,-0.0598184853803673,-0.12903805813605,-0.13696647972944,0.271531315552892,0.158050430241021,0.454497195941607,-0.222843443640567,0.145836722462434,0.043935956162507,-0.428228948157027,0.00235027184382893,-0.157177105184297,0.0333961214093069,-0.253949227278565,0.0873496296930519,-0.516802945331564,0.0441157583800676,0.183839205445439,0.298895500663556,-0.309816344877777,-0.0752943191061261,0.359471723960786,-0.0679438332120382,-0.344364056680509,-0.335005779356993,-0.0351299285072135,0.360726058478531,-0.186335031465388,-0.264630335202706,-0.115612825891519,-0.0718052998844129,-0.0995290894301982,-0.209221285157755,-0.402123378569288,-0.157455370520998,-0.095008347960101,0.524397448520913,0.109182756111135,0.120240592491117,-0.0116186480585642,-0.0339826191189691,-0.190175093111863,-0.358345819598442,0.0164561839119825,0.351521897341496,0.0345819598441714,-0.140862194443255,0.563521554861081,0.386245130356608,0.371518472537352,-0.239184040412689,0.154497195941607,-0.324311828417312,-0.143298086390685,-0.216807226336744,-0.563838349244403,-0.180114730938824,-0.0327496896271244,-0.0960785992551051,0.383933387559399,0.541046277665996,-0.346153516845755,0.0250353182927351,0.0274712102401644,-0.165251080953808,0.500843358020463,0.606138961428143,0.196814932146068,0.148520912710304,0.191634915878248,-0.39473436362858,-0.214589665653495,0.012380666980607,0.349860867331649,-0.100209769253821,-0.389083436790959,0.309700757737917,0.514182970161394,0.401815146196327,-0.141833982619119,0.142454728370221,0.116580333062203,-0.195821738944304,0.0558671175992123,0.309054325955734,0.0722205573868744,0.446037929705895,0.209028639924654,-0.233160666124406,0.129568902778372,0.00383578064129458,0.192722291193972,0.146337600068496,0.285140631020164,0.188150177661715,0.229782953037373,0.429675927907873,-0.1737146281947,0.1262639667794,0.238704567832527,0.0584571257331221,0.350597200222612,0.204640609615138,0.140425531914894,-0.208065413759151,-0.454287426687786,-0.140875037458795,0.329881416156514,-0.0318035874823409,0.134787448092812,-0.156415086262254,0.128755511794169,-0.410351470525279,-0.00356607731495355,-0.265105526777687,-0.293518558157455,-0.0477118027312813,-0.121195256646261,0.423250139132668,0.0269660516289225,0.216717325227964,-0.145049017509311,0.153337043537823,0.344971959416071,0.036576908258059,-0.435733550237596,0.0067639881844257,0.520891305278479,0.269484995076844,-0.211956847467785,0.0440900723489875,0.198972558756796,0.109174194100775,0.199460593347318
"3-Hydroxyisovaleric Acid",0.381407594503189,0.671360075345691,-0.700239736290081,-0.180534269446466,-0.101994948413888,0.290817243888865,-0.194995504944561,0.24478787619333,0.630566376985316,0.40011986814504,0.589862579733721,0.14201378483668,1,-0.303266406952352,-0.0874352497966523,0.727085919773963,-0.487109893402971,-0.173402114816559,0.189284644034419,0.0697589794083651,-0.148255490389143,-0.215766942078,0.241752643520699,0.00356179630977353,-0.108425018194272,-0.116892846440344,0.172421764630335,0.189648529474721,0.208300869044052,0.47358191703412,-0.253358448563723,-0.222582302324586,0.445258786763132,0.340763731324115,-0.527449805214264,-0.098694293420095,-0.0899824478787619,-0.0601823708206687,-0.0835523780983775,0.651187978937455,-0.226007106468599,-0.396040070208485,0.327385590136564,0.52632390085192,-0.129830044094353,0.752938910056081,0.471321546299071,0.69735861980393,-0.47634744638041,-0.148276895415043,-0.0854831114345648,-0.390380581360503,0.581741512907231,0.24470653709491,0.76581617363757,0.645802474420994,0.249137377456227,0.347878761933302,-0.214491202534355,-0.589978166873582,-0.19996575195856,-0.127445524209084,0.587619333019393,-0.213001412731709,-0.428211824136307,-0.241739800505159,-0.347613339612141,-0.222800633588767,0.126507984074661,0.513874737788433,-0.723087460935828,0.373902992422621,0.491395179588167,-0.269262382807483,-0.701408450704225,-0.67640738045293,-0.303591763346034,0.091831842116529,-0.558641208955863,-0.459458880945246,-0.00629307761462391,-0.0708549167344493,0.653251423434222,-0.55010916563209,-0.272567318806456,-0.231272742840019,0.149030352326726,-0.0323387131298429,-0.159912667494328,0.0626482298043581,0.441059120681536,-0.141602808339398,-0.499850164818699,-0.334470653709491,0.648803459052186,-0.000911854103343465,0.329513249711032,-0.358829573183784,-0.0929491844685132,0.535275482683334,0.543721905903506,0.0175178731966266,0.401815146196327,-0.184836679652382,-0.344586668949869,-0.304032706879575,-0.430930262425618,0.122102829744424,0.2211010745323,-0.0857613767712659,0.451363500149835,0.240425531914894,-0.225531914893617,0.723853760863051,0.493270259857014,-0.438002482983004,0.280016267819684,0.232689755554604,0.0678196840618177,-0.150434522025772,0.206819641251766,0.0861295432167473,0.314619632689756,-0.277306391540734,-0.240862194443255,-0.536084592662357,-0.441530031251338,-0.191275311443127,0.0646817072648658,0.267280277409136,0.23426088445567,0.144325527633888,-0.073945802474421,0.0982319448606533,-0.041324543002697,0.667605633802817,-0.258465687743482,0.626734877349202,0.0827775161607946,-0.727920715784066,0.745652639239693,-0.0843101160152404,-0.157177105184297,-0.195205274198382,-0.224367481484653,0.0163020677255019,0.179643820369023,0.161779185752815,-0.29218716554647,0.590688813733465,0.105561025728841,-0.599618990538978,-0.089203304935999,0.625108095380795,0.292760820240593,-0.449415642792928,-0.331401172995419,-0.63425232244531,0.421486364998502,-0.518648058564151,0.318981976968192,-0.518215677040969,0.0727813690654566,-0.00100175521212381,-0.225339269660516,0.495924483068625,0.0172096408236654,-0.609705038743097,0.124025001070251,0.586634701827989,-0.21311271886639,0.289687058521341,0.156153944946273,-0.0380238880089045,0.452801917890321,-0.653516845755383,-0.22116528961,0.174712102401644,0.108356522111392,0.639984588381352,-0.451817286698917,0.17098762789503,0.518806455755811,0.00185367524294704,-0.129894259172054
"3-Hydroxypropionic Acid",-0.235438160880175,-0.263701357078642,0.320647287983218,-0.0939595016909971,-0.151192259942635,-0.218168585983989,-0.0529260670405411,-0.183107153559656,-0.116259257673702,-0.0201678154030566,-0.219555631662314,-0.152485123506999,-0.303266406952352,1,-0.090260713215463,-0.27627895029753,0.682246671518473,0.494541718395479,-0.229949912239394,-0.17107752900381,-0.0614324243332334,0.0647630463632861,-0.0310073205188578,-0.073937240464061,0.306537094909885,0.0017380881030866,-0.13411533027955,-0.099477717368038,-0.193706922385376,-0.158367224624342,-0.272866989169057,-0.0320604477931418,-0.327180101887923,0.0285029324885483,0.148499507684404,-0.0498137762746693,-0.170225608972987,0.414662442741556,-0.0203005265636371,-0.359989725587568,-0.188466972045036,0.305766513977482,-0.00110021833126418,-0.150961085662914,0.372152061303994,-0.221567704096922,-0.226585042167901,-0.29217004152575,0.133798535896228,-0.0177961385333276,-0.0890320647287983,0.0658118926323901,-0.073958645489961,-0.0961599383535254,-0.29732865276767,-0.19739714885055,-0.0182199580461492,-0.103484738216533,-0.245545614110193,-0.00358748234085363,0.202945331563851,-0.1262853718053,-0.10780427244317,0.205805043024102,0.627954963825506,0.423502718438289,0.238092384091785,0.16041354510039,-0.42906802517231,-0.161500920416114,0.319178903206473,-0.160315081981249,-0.464433408964425,0.386450618605248,0.296930519285928,0.299118112932917,0.155605976283231,-0.22113104156856,0.360935827732352,0.375469840318507,0.0722719294490346,0.0534483496725031,-0.1474078513635,0.398163448777773,0.109311186266535,0.0814889336016097,0.236024658589837,-0.235540905004495,0.393664112333576,-0.297525579005951,-0.00353611027869344,-0.11833554518601,0.351954278864677,0.138880089044908,-0.188137334646175,-0.180923840917847,-0.0323344321246629,0.360935827732352,-0.052373817372319,-0.26039214007449,-0.250978209683634,0.0205787919003382,-0.245841003467614,0.101622500963226,0.0283573783124278,0.237189091998801,0.26576052057023,-0.217916006678368,-0.055781497495612,-0.103407680123293,-0.19735005779357,-0.258906631277024,0.555028040583929,-0.227531144312685,-0.260875893659831,0.0174536581189263,-0.285560169527805,-0.214769467871056,-0.102324585812749,-0.130288111648615,-0.0901194400445225,0.14471938011045,0.0213579348431012,-0.0232972301896485,0.0540819384391455,0.557374031422578,0.558666894986943,-0.332582730425104,-0.0882828888222955,-0.140853632432895,-0.220107881330536,0.210227321375059,-0.232625540476904,0.0913395265208271,-0.0773277965666338,-0.294186394965538,-0.0828716982747549,-0.360798835566591,-0.130767584228777,0.308711845541333,-0.196592319876707,-0.253140117299542,-0.127398433152104,0.0524765614966394,-0.0262040327068796,-0.035536623999315,-0.145618391198253,0.04474934714671,0.279690911426003,-0.198801318549595,0.0801575409906246,0.13148251209384,-0.225287897598356,-0.21583543816088,-0.208048289738431,0.094468941307419,0.296857742197868,0.0895843143970204,-0.310253007406139,0.059214863649985,-0.416195042596002,0.273252279635258,0.132664069523524,0.20259857014427,-0.00826662100261141,-0.160353611027869,-0.191459394665868,0.188916477588938,0.371235926195471,-0.356582045464275,-0.159839890406267,-0.371432852433751,0.209585170598056,-0.229958474249754,-0.331906331606661,0.135301168714414,0.0334603364870072,-0.0621601952138362,-0.432711160580504,-0.287007149278651,0.0384434265165461,-0.290787276852605,-0.211331820711503,-0.226704910312941,-0.103664540434094
"3-Methyl-3-Hydroxyglutaric Acid",0.0817800419538508,-0.110060362173038,0.142750117727642,-0.021327967806841,0.0249368551735948,0.279292777944261,0.0514919303052357,-0.107654437261869,-0.202898240506871,-0.00619461449548354,-0.0879703754441543,0.31313412389229,-0.0874352497966523,-0.090260713215463,1,-0.0736290080910998,-0.0651397748191275,0.144094353354168,0.208168157883471,0.229975598270474,0.119833896999015,0.140314225780213,0.118630934543431,0.181189263239008,-0.0829273513420951,-0.107055096536667,-0.0666937796994734,-0.0907487478059848,0.157185667194657,-0.280345905218545,0.15012200864763,0.268954150434522,0.0447022560897299,0.0787448092812192,0.172327582516375,0.0971531315552892,0.0525707436105998,-0.0588937882614838,-0.0293933815659917,0.0149235840575367,0.196519542788647,-0.0570144269874567,-0.0655421893060491,-0.202311742797209,-0.047630463632861,-0.16568346247699,-0.028425874395308,-0.137086347874481,-0.047891604948842,0.219444325527634,0.142788646774263,-0.0298985401772336,-0.141041996660816,-0.0599212295046877,-0.0212380666980607,-0.107294832826748,0.0798921186694636,-0.211879789374545,0.31322830600625,0.0780898154886767,-0.19736718181429,0.114820839933216,-0.199576180487178,0.16568774348217,-0.045254505757952,-0.0979151504773321,-0.0570700800547969,-0.031306990881459,0.0190119440044522,0.0606061903334903,-0.0600924697118884,0.033147823108866,0.0535810608330836,-0.0622201292863564,-0.0546769981591678,-0.0824735647930134,0.0788775204417997,0.0314268590264994,-0.0650841217517873,-0.16591463675671,-0.0271843828931033,-0.0783809238409179,-0.160730339483711,-0.0793741170426816,-0.062117385162036,0.239928935314012,-0.0258872383235584,0.10272271929449,-0.113356736161651,0.0906331606661244,-0.197093197482769,0.10004709105698,-0.128276039214007,-0.029483282674772,-0.186407808553448,0.0399332163191917,-0.000967507170683677,0.158551307847082,0.125215120510296,-0.098428871098934,-0.107684404298129,0.015514362772379,0.118981976968192,-0.222650798407466,-0.137304679138662,-0.0495997260156685,0.000873325056723319,-0.0687957532428614,-0.0379596729312042,0.195992979151505,0.0122779228562867,0.107294832826748,-0.065537908300869,-0.157027270002997,0.051842972729997,0.101339954621345,0.05261783466758,0.299353568217818,0.27622329723019,0.171462819470012,-0.0111648615094824,-0.276651397748191,-0.123100303951368,0.209358277323516,0.150207628751231,0.148375358534184,-0.141187550836937,0.0981077957104328,0.10525707436106,0.12357121452117,0.0295346547369322,0.018147180958089,0.218934885911212,-0.221824564407723,0.108103942805771,-0.150490175093112,-0.0671860952951753,0.00206344449676784,0.0237767027698104,0.035523780983775,-0.142792927779443,0.263067768312,0.0981292007363329,0.135656492144355,0.190530416541804,0.108831713686374,0.0576822637955392,0.192563894002312,-0.0535082837450233,-0.128216105141487,0.158033306220301,0.110582644805,0.00259428913908986,-0.0743054069095424,0.0499764544715099,-0.0982233828502932,-0.163941093368723,0.280144697975085,-0.112697461363928,0.277588937882615,0.193642707307676,-0.156025514790873,-0.202971017594931,-0.148854831114346,0.122072862708164,-0.246239136949356,-0.113986043923113,0.259291921743225,-0.197876621430712,0.0646859882700458,0.176668521768911,0.21580119011944,-0.0314739500834796,0.100329637398861,-0.101609657947686,0.250866903548953,-0.0292692324157712,-0.00198638640352755,0.188192987713515,-0.113369579177191,0.0667579947771737,0.1314696690783,0.0115330279549638,0.0746992593861039,0.141637056380838
"3HBA",0.27629179331307,0.470225608972987,-0.485697161693566,-0.125471980821097,-0.0581831414016011,0.230660559099276,-0.205702298899782,0.340472622971874,0.47371890919988,0.321803159381823,0.556355152189734,0.130360888736675,0.727085919773963,-0.27627895029753,-0.0736290080910998,1,-0.449492700886168,-0.145789631405454,0.0642536067468642,0.247626182627681,0.0116314910741042,-0.040275696733593,0.415450147694679,0.0322959030780427,-0.0647801703840062,-0.0842244959116401,0.282490688813733,0.220000856201036,0.137223340040241,0.298236225865833,-0.0764030994477503,-0.124114902179032,0.388813733464618,0.326007106468599,-0.573132411490218,-0.109640823665397,0.0530031251337814,-0.149270088616807,-0.0659488847981506,0.545323001840832,-0.1052699173766,-0.364788732394366,0.233648700714928,0.352836165931761,-0.0666766556787534,0.62117813262554,0.413994605933473,0.479695192431183,-0.485894087931846,-0.11577978509354,-0.154535724988227,-0.44202662785222,0.317188235797765,0.254548568003767,0.599785949740999,0.672725715998116,0.266090157969091,0.247677554689841,-0.260345049017509,-0.461107067939552,-0.195492101545443,-0.0459266235712145,0.567648443854617,-0.0296673658975127,-0.424170555246372,-0.0833896999015369,-0.156599169484995,-0.155537480200351,0.111725673188065,0.312046748576566,-0.579571043280962,0.349715313155529,0.376916820069352,-0.255430455070851,-0.562031765058436,-0.547150991052699,-0.345151761633632,0.053696647972944,-0.459767113318207,-0.380581360503446,-0.0996489575752387,-0.0929277794426131,0.49479857870628,-0.46060190932831,-0.247977225052442,-0.12379382679053,0.00492315595701871,-0.0158482811764202,-0.0141829701613939,0.0982362258658333,0.267905304165418,-0.158277323515561,-0.413498009332591,-0.303638854403014,0.488047433537395,0.0679438332120382,0.156941649899396,-0.287730639154073,-0.0665139774819127,0.571501348516632,0.512462006079027,0.083145682606276,0.264399160922985,-0.130292392653795,-0.0950768440429813,-0.260756025514791,-0.294194956975898,0.204529303480457,0.128327411276168,-0.112924354638469,0.325146624427416,0.129222141358791,-0.229423348602252,0.658435720707222,0.369891690568946,-0.24468941307419,0.333096451046706,0.254313112718866,-0.032642664497624,-0.0570486750288968,0.24483924825549,0.00821524894045122,0.143721905903506,-0.232963739886125,-0.0574938995676185,-0.405561025728841,-0.387246885568732,-0.055794340511152,-0.0161821995804615,0.279425489104842,0.149689627124449,0.14220643006978,-0.110959373260842,0.101053127274284,-0.00960657562395651,0.450879746564493,-0.191223939380967,0.518112932916649,0.119371548439574,-0.587503745879532,0.540626739158354,0.0180230318078685,-0.1420309088574,-0.174866218588125,-0.119011944004452,0.0807654437261869,0.158046149235841,0.153135836294362,-0.2210368594546,0.466616721606233,0.118112932916649,-0.606335887666424,-0.10782995847425,0.449244402585727,0.156235284044694,-0.364095209555204,-0.148906203176506,-0.441893916691639,0.295192431182842,-0.347073932959459,0.251175135921914,-0.457044394023717,0.0468085106382979,-0.112414915022047,-0.166192902093412,0.334701827989212,0.086313626439488,-0.408442142214992,0.00280833939809067,0.51043709062888,-0.149805214264309,0.248024316109422,0.135930476475877,-0.0439059891262468,0.339624983946231,-0.656714756624856,-0.198146324757053,0.0891604948841988,0.114688128772636,0.55264352069866,-0.378256774690697,0.0700329637398861,0.305972002226123,0.0498266192902093,-0.0406310201635344
"4-Guanidinobutanoate",-0.562883685089259,-0.578415171882358,0.548713557943405,-0.116481869943063,-0.254313112718866,-0.415039171197397,0.066843614880774,-0.068688728113361,-0.269771822423905,-0.131409735005779,-0.493111862665354,-0.314833682948756,-0.487109893402971,0.682246671518473,-0.0651397748191275,-0.449492700886168,1,0.299820197782439,-0.274001455541761,-0.169074018579563,-0.255661629350572,0.0969048332548482,-0.0371890919988013,-0.174485209127103,0.402059163491588,-0.0360717496468171,-0.101083094310544,-0.126811935442442,-0.410967935271202,-0.200946102144784,-0.219885269061176,-0.0253221456397962,-0.493283102872554,-0.129526092726572,0.33152104114046,-0.184661158440002,-0.122822038614667,0.369476433066484,0.0605590992765101,-0.626850464489062,-0.289687058521341,0.480701228648487,-0.0977396292649514,-0.227406995162464,0.454081938439145,-0.472473136692495,-0.558521340810822,-0.594999785949741,0.283342608844557,0.0917676270388287,-0.0280962369964468,0.235493813947515,-0.188295731837836,-0.082379382679053,-0.543195342266364,-0.425917205359818,-0.196699345006207,-0.0636457040113018,-0.0373046791386618,0.114388458410035,0.42117385162036,-0.174515176163363,-0.224500192645233,0.16057194229205,0.928712701742369,0.414816558928036,0.452968877092341,0.0349715313155529,-0.42906802517231,-0.450665696305493,0.566222869129672,-0.196609443897427,-0.533092170041526,0.497084635472409,0.552343850336059,0.53938096665097,0.253812235112804,-0.3211010745323,0.535010060362173,0.546183483882015,0.0618819298771352,0.190967079070166,-0.238978552164048,0.570264138019607,0.182871698274755,0.256736161650756,0.327115886810223,-0.310064643178218,0.36044351213665,-0.261667879618134,-0.102298899781669,0.0969262382807483,0.461869086861595,0.207731495355109,-0.32100689241834,-0.234419281647331,-0.0521854531443983,0.471856671946573,-0.167357335502376,-0.51041996660816,-0.485735690740186,0.0953422663641423,-0.268663042082281,0.21589109122822,0.0760135279763688,0.363992465430883,0.496981891348089,-0.179892118669464,-0.159176334603365,0.100522282631962,-0.309405368380496,-0.363504430840361,0.603112290765872,-0.354013442356265,-0.254621345091828,0.333965495098249,-0.543289524380325,-0.319773962926495,-0.0794126460893018,-0.0141958131769339,-0.408527762318592,0.104704824692838,0.043691938867246,0.0927693822509525,-0.102782653367011,0.598878376642836,0.762905090115159,-0.227835095680466,-0.16052485123507,-0.450991052699174,-0.12092127231474,0.153718052998844,-0.243880303095167,0.142343422235541,-0.0840061646474592,-0.585966865019907,-0.154377327796567,-0.625065285328995,-0.18165161179845,0.571244488205831,-0.425048161308275,-0.103454771180273,-0.130039813348174,0.00751316409092855,0.0733849907958389,-0.172417483625155,-0.338837278993108,-0.0791343807526007,0.42893959501691,-0.536568346247699,0.0341024872640096,0.268663042082281,-0.368260627595359,-0.429526092726572,-0.209769253820797,0.294156427929278,0.494272015069138,0.321559142086562,-0.409833468898497,0.232013356736162,-0.537561539449463,0.394160708934458,0.161762061732095,0.441833982619119,0.0453872169185325,-0.195744680851064,-0.172468855687315,0.293565649214436,0.19731580975213,-0.578813305364099,0.0451560426388116,-0.403989896827775,0.12633674386746,-0.257558114645319,-0.443131127188664,0.301571128901066,0.137844085791344,-0.154950982490689,-0.498976839761976,-0.622526649257246,0.261222655079413,-0.235061432424333,-0.31847681835695,-0.183475320005137,-0.145596986172353
"4-Hydroxybenzoic Acid",-0.0632261655036603,-0.100697803844343,0.115951025300741,-0.0363714200094182,-0.107025129500407,-0.053944946273385,-0.0117599212295047,-0.179523952223982,-0.101785179160067,0.16851748790616,0.0203347746050773,-0.0257159981163577,-0.173402114816559,0.494541718395479,0.144094353354168,-0.145789631405454,0.299820197782439,1,-0.0989040626739158,-0.203026670662272,-0.07369750417398,0.048418168585984,-0.0521383620874181,0.0996061475234385,0.142369108266621,-0.0842758679738003,-0.116584614067383,-0.085517359476005,0.0267776874010018,-0.157245601267178,-0.06317051243632,0.0160066783680808,-0.0937112033905561,-0.0527205787919003,0.0395479258529903,-0.0284815274626482,-0.0220899867288839,0.553666680936684,-0.175448435292607,-0.158816730168243,-0.0739629264951411,0.00785992551050987,0.0798921186694636,-0.104614923584058,0.144000171240207,-0.076570058649771,-0.041315980992337,-0.0866903548953294,-0.0786506271672589,0.130009846311914,-0.05790059505972,-0.106318763645704,-0.11570700800548,0.0516717325227963,-0.0786292221413588,-0.1315124791301,0.101215805471125,-0.0536067468641637,-0.138691724816987,-0.109790658846697,0.0326726315338842,-0.140601053127274,-0.114760905860696,0.262935057151419,0.304935998972559,0.265358106083308,0.0974656449334304,-0.0969348002911084,-0.197966522539492,-0.112423477032407,0.0185838434864506,-0.0309730724774177,-0.286377841517188,0.445656920244873,0.00735048589408793,0.00358320133567362,-0.00934971531315553,-0.167194657305535,0.1261997517017,0.0533670105740828,-0.0082880260285115,-0.103193629864292,-0.106772550194786,0.107504602080569,-0.0212038186566206,0.0245472837022133,0.126460893017681,-0.11313840489747,0.224667151847254,-0.314465516503275,0.0297701100218331,-0.0055010916563209,-0.01051414872212,0.010792414058821,-0.131255618819299,0.183702213279678,0.0782567746906974,0.310021833126418,-0.0137634316537523,-0.11046705766514,-0.0952523652553619,-0.087893317350914,-0.249518386917248,-0.0808938738815874,0.0505629521811721,-0.0320732908086819,0.10261141315981,-0.178128344535297,-0.0327454086219444,-0.242621687572242,-0.12371676869729,-0.105406909542361,0.35272485979708,-0.116952780512864,-0.118151461963269,0.00748747805984845,-0.149531229932788,0.0751658889507256,0.00875465559313327,0.0758422877691682,0.067365897512736,0.260088188706708,0.0455627381309131,-0.0338199409221285,0.04211224795582,0.362524080654138,0.295432167472923,-0.119782524936855,0.024478787619333,-0.0736033220600197,-0.0870114302838306,0.223117427972088,0.011044993364442,-0.113883299798793,-0.0370863478744809,-0.117749047476347,-0.0843143970204204,-0.133999743139689,0.100899011087803,-0.00510295817457939,-0.122680765443726,-0.146889849736718,0.0711331820711503,0.132283060062503,-0.057365469412218,0.346603022389657,0.0466586754569973,0.204537865490817,0.0378526478017038,-0.0736118840703797,-0.0108523481313412,0.01051414872212,-0.196408236653966,-0.169613425232245,-0.0514919303052357,-0.150468770067212,0.0540990624598656,0.0277366325613254,-0.119080440087332,0.0709319748276895,-0.104135451003896,0.063936812363543,-0.0634830258144612,0.139325313583629,-0.0573355023759579,-0.128361659317608,-0.197795282332292,0.151384905175735,0.480932402928208,-0.118836422792072,0.0430069780384434,-0.245447150991053,0.102268932745409,-0.12635386788818,-0.12115672759964,0.0526049916520399,0.0189862579733721,-0.0444882058307291,-0.174292563894002,-0.124791300997474,-0.18162592576737,-0.302012072434608,-0.0583115715570016,-0.260212337856929,0.149646817072649
"4-Pyridoxic Acid",0.358910912282204,0.266175778072691,-0.0986386403527548,0.261762061732095,0.00744894901322831,0.546286228006336,-0.106686930091185,-0.118802174750631,-0.145061860524851,0.272293334474935,0.0927308532043324,0.585936897983647,0.189284644034419,-0.229949912239394,0.208168157883471,0.0642536067468642,-0.274001455541761,-0.0989040626739158,1,0.218579562481271,0.0956676227578235,0.224037844085791,-0.163303223596901,0.199400659274798,-0.122612269360846,0.0712530502161908,-0.391108352241106,-0.419024787019992,0.337891176848324,-0.283012971445695,0.238529046620146,0.38432724003596,0.517136863735605,0.123459908386489,0.303745879532514,-0.10532985144912,0.185020762875123,-0.147814546855602,0.390085192003082,0.183916263538679,0.354574254034847,-0.0910227321375059,-0.507127873624727,-0.249856586326469,-0.0870071492786506,0.0100261141315981,0.192700886168072,0.22361830557815,0.00818956290937112,0.206083308360803,0.49472580161822,0.13691510766728,-0.101759493128987,-0.158636927950683,0.133721477802988,0.0605847853075902,0.18935742112248,-0.213968919902393,0.291510766728028,-0.0156513549381395,-0.376852604991652,0.071321546299071,-0.192328438717411,0.0731324114902179,-0.204405154330237,-0.107513164090929,-0.513789117684832,0.121357934843101,0.240947814546856,0.0660345049017509,-0.267746906973757,-0.0638126632133225,0.486322188449848,-0.174159852733422,-0.303745879532514,-0.309276938225095,-0.121871655464703,0.274562267220343,-0.0291365212551907,-0.128066269960187,-0.207406138961428,-0.0540605334132454,-0.199751701699559,-0.0387473778843272,-0.386343593475748,-0.139068453272828,0.0136606875294319,0.43937240464061,-0.0998972558756796,0.0938310715355966,0.0282931632347275,0.142951324971103,0.00294105055867118,-0.343721905903506,-0.0246971188835138,0.133884155999829,0.0401857956248127,-0.0327539706323045,0.490196498137763,0.268928464403442,0.326931803587482,-0.146911254762618,0.382229547497752,-0.413399546213451,-0.0978423733892718,-0.0346590179374117,-0.303673102444454,-0.214187251166574,0.143726186908686,0.208232372961171,0.375058863821225,0.495928764073805,-0.297230189648529,-0.0262639667793998,0.107222055738687,-0.0014469797508455,0.444920587353911,0.546513121280877,0.178261055695877,0.121396463889721,0.0541418725116657,-0.529962755254934,-0.166278522197012,0.231765058435721,0.236508412175179,-0.229752986001113,-0.250811250481613,0.183933387559399,0.399276510124577,0.386536238708849,-0.0369407936983604,0.123930818956291,0.220009418211396,-0.21323686801661,-0.104721948713558,0.198809880559955,-0.0946273384990796,0.381698702855431,0.130292392653795,-0.199481998373218,0.14736076030652,0.204007020848495,0.291232501391327,0.200629307761462,0.39725159467443,0.170842073718909,0.0886596172781369,0.309358277323516,-0.108523481313412,0.140815103386275,0.0624769895971574,0.259634402157627,0.356504987371035,0.0305406909542361,0.300329637398861,-0.193304507898455,-0.4632604135451,0.0845712573312214,0.312479130099747,0.0816002397362901,0.0324928293163235,-0.0714756624855516,-0.0194528875379939,-0.251423434222355,0.250640010274412,-0.286219444325528,-0.482028340254292,0.0917333789973886,-0.179810779571043,0.284481356222441,0.23410248726401,0.311717111177705,-0.3209726443769,0.304452245387217,0.31308275183013,0.212984288710989,-0.365931760777431,0.221469240977782,0.637236183055782,0.179207157840661,-0.116156513549381,0.349248683590907,0.207153559655807,0.0945759664369194,0.147763174793442
"5'-Methylthioadenosine",0.102898240506871,-0.0371291579262811,-0.0247741769767541,0.118716554647031,-0.072896956205317,0.209914807996918,0.11574981805728,0.0769639111263325,-0.0108095380795411,-0.109208442142215,0.00702084849522668,0.197020420394709,0.0697589794083651,-0.17107752900381,0.229975598270474,0.247626182627681,-0.169074018579563,-0.203026670662272,0.218579562481271,1,0.190800119868145,0.109456740442656,0.245023331478231,0.111070679395522,-0.192675200136992,-0.0219315895372233,0.0730724774176977,-0.0564835823451346,-0.0369921657605206,-0.208133909842031,0.0101673873025386,0.15775932188878,0.113836208741813,0.116905689455884,0.0207457511023588,0.0165503660259429,-0.169489276082024,-0.322535211267606,0.100505158611242,0.0735990410548397,0.254492914936427,-0.0507341923883728,-0.196523823793827,-0.151093796823494,-0.0347189520099319,0.0406310201635344,0.0691682006935228,-0.0162506956633418,0.0146966907829958,0.176518686587611,-0.00309516674515176,0.0545828160452074,-0.0782696177062374,0.00505586711759921,0.0412774519457169,0.100821952994563,0.0110963654266022,-0.150871184554133,0.109191318121495,0.122744980521426,-0.0817329508968706,0.342908514919303,0.0345990838648915,0.01578406609872,-0.184468513206901,-0.0983689370264138,-0.0361145596986172,0.218964852947472,-0.0544586668949869,-0.110043238152318,-0.0345648358234513,0.0687572241962413,-0.0387987499464874,-0.129654522881973,-0.0178089815488677,-0.0307675842287769,-0.0606104713386703,0.145215976711332,-0.0418082965880389,0.0183697932274498,0.0433537394580247,-0.0799092426901837,-0.0906674087075645,-0.00825805899225138,-0.00492315595701871,0.0521554861081382,-0.177383449633974,-0.0932831028725545,-0.0785136350014984,0.275880816815788,-0.151072391797594,-0.0400744894901323,0.0180101887923284,-0.0156770409692196,-0.0247870199922942,0.215077700244017,-0.0243931675157327,-0.195821738944304,-0.0819855302024916,0.0660730339483711,0.0584656877434822,0.340104456526392,0.0564536153088745,-0.07104756196755,0.00704653452630678,-0.155554604221071,0.0001840832227407,0.100295389357421,0.0253093026242562,0.156590607474635,0.0889678496510981,0.120775718138619,-0.0870542403356308,0.0428485808467828,-0.0680508583415386,0.170824949698189,0.233310501305707,0.0601652467999486,0.152005650926838,-0.0108309431054412,0.139124106340169,-0.258581274883343,-0.290333490303523,0.183235583715056,0.252125519071878,0.142908514919303,-0.093424376043495,-0.0751744509610857,-0.0163662828032022,0.292940622458153,0.00538550451646046,-0.127826533670106,-0.136127402714157,-0.154484352926067,0.00507299113831928,-0.0642621687572242,-0.0466886424932574,0.12114816558928,0.0301725245087547,-0.0475320005137206,0.0930519285928336,0.406314482640524,-0.143370863478745,-0.230729055182157,0.126880431525322,-0.0836636842330579,0.212021062545486,0.170358320133567,-0.0142899952908943,0.116691639196883,-0.0590479044479644,0.0669763260413545,-0.0250995333704354,-0.0141059120681536,0.00754741213236868,-0.00134851663170512,-0.0296031508198125,0.159373260841646,0.0780769724731367,0.13154244616636,0.178064129457597,-0.0454171839547926,-0.0587739201164433,-0.0904747634744638,0.111224795582003,-0.174463804101203,-0.0103899995718995,0.100804828973843,-0.263782696177062,0.0136307204931718,0.087636457040113,0.143486450618605,-0.0338627509739287,0.104400873325057,0.0952352412346419,-0.0554390170812107,-0.0614752343850336,0.041063401686716,0.230664840104457,0.149257245601267,0.232385804186823,0.104417997345777,-0.0185324714242904,0.28151890063787,0.00888736675371377
"5-Methylcytidine",0.362198724260456,0.0592277066655251,0.0348431011601524,0.194100774861938,0.35269489276082,0.341131897769596,-0.104918874951839,-0.145006207457511,-0.148602251808725,-0.00185795624812706,0.0533242005222826,0.368710133139261,-0.148255490389143,-0.0614324243332334,0.119833896999015,0.0116314910741042,-0.255661629350572,-0.07369750417398,0.0956676227578235,0.190800119868145,1,0.214431268461835,-0.0477460507727214,0.5368680166103,-0.185406053341325,-0.0704567832527077,-0.137009289781241,-0.0886382122522368,0.295684746778544,-0.233271972259086,0.282503531829274,0.256988740956377,0.215462990710219,-0.0259642964167987,0.114632475705296,0.117269574896186,0.186339312470568,-0.195847424975384,-0.0762661072819898,0.137749903677383,0.0958773920116443,-0.135296887709234,-0.130343764715955,-0.183646560212338,-0.111888351384905,-0.0847810265850422,0.271963697076073,0.0383235583715056,-0.0716897127445524,-0.13169228134766,0.120022261226936,-0.0918018750802689,-0.211704268162165,0.0297144569544929,-0.0202020634444968,0.0531401172995419,0.262125947172396,-0.169078299584742,0.151984245900938,0.23166659531658,-0.282576308917334,0.411327539706323,-0.240425531914894,0.124577250738473,-0.269866004537865,0.274348216961343,-0.120643006978038,0.379652382379383,0.0726101288582559,0.104640609615138,-0.0379682349415643,-0.00126717753328482,-0.0796181343379426,-0.134740357035832,-0.0524380324500193,-0.0539235412474849,0.0942677340639582,0.237655721563423,-0.156770409692196,-0.147985787062802,0.046307633032236,-0.10800547968663,-0.167853932103258,-0.147763174793442,-0.140934971531316,-0.0192431182841731,-0.03948371077529,0.280559955477546,0.258328695577722,0.0978380923840918,-0.139325313583629,-0.141577122308318,0.0654480071920887,-0.0762703882871698,-0.101750931118627,0.275585427458367,-0.0688813733464617,-0.05527205787919,0.261008604820412,0.347784579819342,0.282738987114174,-0.108977267862494,-0.0480285971146025,-0.142771522753543,0.200766299927223,0.108818870670834,-0.3211866946359,-0.211468812877264,-0.151072391797594,-0.0708763217603493,0.0370478188278608,0.16322188449848,-0.177327796566634,-0.158440001712402,-0.108998672888394,-0.101134466372704,0.375375658204546,0.206357292692324,0.170217046962627,-0.0375315724132026,0.276856885996832,-0.356796095723276,-0.200702084849523,0.0183355451860097,0.701267177533285,0.118211396035789,-0.211122051457682,0.128781197825249,0.210865191146881,0.384725373517702,-0.303754441542874,0.0488548311143457,0.283770709362558,-0.124585812748833,-0.0767841089087718,0.0451902906802517,0.2,0.148097093197483,0.125155186437776,0.00363457339783381,-0.0818100089901109,-0.0488163020677255,0.194190675970718,0.239821910184511,0.101905047305107,-0.047621901622501,0.00353182927351342,0.0325270773577636,-0.0272314739500835,0.0920630163962498,0.300308232372961,0.0507213493728327,0.212072434607646,0.0391754784023289,-0.108758936598313,0.0108523481313412,-0.220244873496297,0.103977053812235,0.0778714842244959,0.0211096365426602,0.0184639753414102,-0.0501348516631705,0.119482854574254,-0.48157027270003,-0.0167729782953037,-0.220270559527377,-0.0196027227192945,0.0793527120167815,-0.103527548268333,0.180607046534526,-0.186570486750289,-0.0338413459480286,-0.228306006250268,0.226987456654823,0.0646902692752258,0.0860696091442271,-0.156851748790616,-0.133854188963569,0.183128558585556,0.145554176120553,0.112658932317308,0.00148978980264566,-0.0271415728413031,0.0911126332462862,0.342737274712102
"5,6-Dihydrouracil",-0.0423862322873411,-0.0764287854788304,0.234068239222569,-0.00798835566591036,0.114534012586155,0.0525921486364999,-0.134800291108352,-0.0600839077015283,-0.284485637227621,-0.104062673915835,-0.0922513806241706,0.125031037287555,-0.215766942078,0.0647630463632861,0.140314225780213,-0.040275696733593,0.0969048332548482,0.048418168585984,0.224037844085791,0.109456740442656,0.214431268461835,1,0.000136992165760521,0.243289524380325,-0.0143584913737746,0.216824350357464,-0.222813476604307,-0.356937368894216,0.019996575195856,-0.343619161779186,0.278372361830558,0.698403185067854,0.0432724003596044,0.102157626610728,0.240639582173894,0.0493557087204076,0.268226379553919,-0.0669720450361745,0.0918960571942292,0.0541804015582859,0.22892247099619,0.244239907530288,-0.288625369236697,-0.344599511965409,0.143606318763646,-0.318040155828589,-0.10259000813391,-0.144488205830729,0.053675242947044,0.167618476818357,0.0982747549124534,0.09737146281947,-0.308921614795154,-0.209944775033178,-0.230352326726315,-0.135750674258316,0.185846996874866,-0.148426730596344,0.209264095209555,0.0979708035446723,-0.210017552121238,0.0131212808767499,-0.250931118626654,0.165238237938268,0.108223810950811,0.117543559227707,-0.156475020334775,0.334453529688771,0.129196455327711,-0.11586540519714,0.0608073975769511,-0.120172096408237,-0.0095252365255362,0.0800590778714842,0.0325442013784837,0.00643863179074447,0.13955220685817,0.0540391283873453,0.187109893402971,0.0353097307247742,-0.062883685089259,0.164227920715784,-0.28686587610771,0.178248212680337,-0.280491459394666,0.108484952266792,-0.00832227406995163,0.211177704525022,0.0817500749175906,-0.00430241020591635,-0.168902778372362,0.0124919731152875,0.406391540733764,-0.213510852348131,-0.207611627210069,0.115214692409778,-0.143430797551265,0.1842544629479,0.18950725630378,-0.0100518001626782,-0.0180958088959288,-0.135468127916435,0.169412217988784,-0.298591549295775,0.00939680637013571,0.240125861552292,0.135682178175436,-0.176634273727471,-0.188984973671818,0.275949312898669,-0.0184768183569502,0.0772593004837536,0.0950468770067212,-0.250961085662914,0.00253863607174965,0.240588210111734,0.114007448949013,0.22621259471724,-0.100325356393681,0.0649300055653067,-0.0948713557943405,-0.256556359433195,-0.232086133824222,0.135879104413716,0.275953593903849,0.19222569459309,0.244179973457768,0.196065756239565,0.0482854574254035,0.0759321888779485,0.0252878975983561,0.233944090072349,0.223151676013528,0.322064300697804,0.0567061946144955,-0.148037159124963,-0.0188492658076116,-0.0735647930133995,0.162168757224196,0.0665995975855131,-0.174245472837022,0.243837493043367,0.349188749518387,0.370717924568689,0.375867973800248,0.00544971959416071,-0.00731195684746778,-0.0986557643734749,0.108566291365213,-0.175636799520527,0.262661072819898,0.193895286613297,0.00211053555374802,-0.161483796395394,-0.0275354253178646,0.0120082195299456,-0.191750503018109,0.353225737403142,-0.0743995890235027,0.262549766685218,-0.0490046662956462,-0.0935099961470953,0.226593604178261,-0.111366068752943,0.219542788646774,-0.350378868958431,-0.20262425617535,0.279344150006421,-0.103711631491074,0.0211824136307205,0.110000428100518,0.147698959715741,-0.187657862066013,0.190209341153303,-0.119071878076972,0.240271415728413,0.0547925852990282,-0.130643435078556,0.16063615736975,-0.211922599426345,0.0995847424975384,0.193963782696177,-0.132201720964082,0.0272057879190034,0.113750588638212
"6-Methyladenosine",0.00551393467186095,0.0196070037244745,-0.181976968192132,-0.0213793398690012,-0.0889635686459181,-0.0479943490731624,0.131221370777859,0.254150434522026,0.137231902050601,0.0514491202534355,0.276822637955392,-0.0846483154244617,0.241752643520699,-0.0310073205188578,0.118630934543431,0.415450147694679,-0.0371890919988013,-0.0521383620874181,-0.163303223596901,0.245023331478231,-0.0477460507727214,0.000136992165760521,1,0.0114645318720836,-0.111002183312642,-0.0127830814675286,0.362254377327797,0.172644376899696,0.114080226037074,0.0474078513635001,-0.212491973115287,-0.119534226636414,0.00900295389357421,0.138824435977568,-0.450678539321033,0.215287469497838,-0.142360546256261,-0.116670234170983,-0.244877777302111,0.10005993407252,-0.152313883299799,-0.12904233914123,0.32362686758851,0.108133909842031,0.107423262982148,0.113403827218631,0.0962412774519457,-0.000672117813262554,-0.318194272015069,0.0640695235241235,-0.341568560297958,-0.381968406181771,0.12109679352712,0.0723404255319149,0.329316323472751,0.0778415171882358,0.161933301939295,0.00842929919945203,0.215287469497838,-0.388518344107196,0.164724517316666,0.241851106639839,0.28164304978809,0.274211224795582,-0.00593775418468256,-0.0693351598955435,0.130836080311657,-0.187182670491031,0.116242133652982,0.0782567746906974,-0.308176719893831,0.554715527205788,0.000312513378141188,-0.248764930005565,-0.285765657776446,-0.305505372661501,0.142420480328781,-0.00571514191532172,-0.157472494541718,-0.118703711631491,0.227728070550965,-0.0792628109080012,0.157070080054797,-0.161595102530074,0.0650969647673274,0.295693308788904,0.132317308103943,-0.327115886810223,-0.0463718481099362,0.0433237724217646,0.0633374716383407,0.0294233486022518,-0.24733079327026,0.0366496853461193,0.122518087246886,-0.101262896528105,0.394516032364399,-0.0250353182927351,-0.411554432980864,0.190196498137763,0.117192516802945,0.312800205488249,0.172755683034376,0.193638426302496,-0.121623357164262,-0.0955520356179631,-0.0443298086390684,0.226152660644719,0.182002654223212,0.22632390085192,0.152446594460379,0.0163791258187422,0.0109251252194015,0.20001712402072,0.198565863264695,0.116045207414701,0.0738516203604606,-0.0242262083137121,0.0586326469455028,-0.0707393295945888,0.0492700886168072,0.0220086476304636,-0.0163620017980222,0.0527805128644206,-0.169583458195984,-0.0541161864805856,-0.0536409949056038,-0.237981077957104,-0.0338713129842887,0.113592191446552,0.272079284215934,0.313352455156471,0.0693608459266236,-0.0532728284601224,0.0535254077657434,0.0111134894473222,-0.328254634188107,0.0767541418725117,0.113960357892033,-0.233986900124149,0.119975170169956,0.20008990110878,-0.0689241833982619,-0.0288796609443897,-0.282392225694593,-0.08948585127788,-0.104255319148936,0.0300184083222741,0.0139903249282932,0.0170640866475448,0.0934714671004752,-0.488026028511495,-0.31042424761334,0.0926623571214521,0.155991266749433,-0.151350657134295,0.0103471895200993,-0.126790530416542,-0.178115501519757,0.0609144227064515,0.201806584185967,-0.282691896057194,-0.0445952309602295,-0.0143028383064344,-0.109897683976198,0.0916220728627082,0.187824821268034,-0.138409178475106,-0.148084250181943,0.25778072691468,0.100547968663042,0.182002654223212,0.0312641808296588,0.132659788518344,-0.142994135022903,-0.246774262596858,0.0965109807782868,0.136487007149279,-0.093938096665097,0.0871698274754912,-0.0672331863521555,0.145721135322574,0.24223211610086,0.041833982619119,-0.279117256731881
"7-Methylguanine",0.315385932616978,0.100997474206944,-0.0672845584143157,0.00883599469155358,0.249625412046749,0.24988227235755,0.0363757010145982,-0.246958345819598,-0.0492743696219872,0.157386874438118,0.208938738815874,0.279481142172182,0.00356179630977353,-0.073937240464061,0.181189263239008,0.0322959030780427,-0.174485209127103,0.0996061475234385,0.199400659274798,0.111070679395522,0.5368680166103,0.243289524380325,0.0114645318720836,1,-0.227963525835866,-0.16048204118327,-0.240151547583373,-0.203249282931632,0.317624898326127,-0.250361744937711,0.210706793955221,0.277473350742754,0.195676184768184,0.0235797765315296,0.0972687186951496,0.1053769425061,0.183449633974057,-0.154398732822467,0.0336529817201079,0.117804700543688,0.0682777516160795,-0.0354381608801747,-0.111027869343722,-0.207076501562567,-0.077096622286913,-0.118870670833512,0.238426302495826,0.0723532685474549,-0.290080910997902,0.0272914080226037,0.0370050087760606,-0.261376771265893,-0.161911896913395,-0.0819298771351513,0.0425874395308018,-0.0282503531829274,0.141911040712359,-0.178111220514577,0.219714028853975,0.0427287127017424,-0.140648144184254,0.135155614538294,-0.202804058392911,0.305441157583801,-0.140596772122094,0.0555802902521512,-0.16570058649771,0.279686630420823,0.227873624727086,0.0887623614024573,-0.225720279121538,0.0534697546984032,0.00248726400958945,-0.22644805000214,-0.237056380838221,-0.259792799349287,0.121195256646261,0.241889635686459,-0.228228948157027,-0.281073676099148,0.104978809024359,-0.117791857528148,-0.108232372961171,-0.201511194828546,-0.21831842116529,-0.00960229461877649,0.147960101031722,0.24727514020292,0.0275354253178646,0.0499807354766899,-0.105775075987842,-0.0019221713258273,0.0158910912282204,-0.147788860824522,0.00553533969776103,0.273123849479858,0.191112633246286,0.0533113575067426,0.148516631705124,0.217106896699345,0.186703197910869,-0.124132026199752,0.113904704824693,-0.266766556787534,0.00432381523181643,0.211888351384905,-0.221387901879361,-0.270439659231988,-0.0468127916434779,0.114234342223554,0.104156856029796,0.211276167644163,0.0161565135493814,-0.0791515047733208,-0.0602765529346291,-0.0537009289781241,0.349368551735948,0.269155357677983,0.415184725373518,0.0619675499807355,0.109328310287255,-0.291904619204589,-0.142617406567062,-0.0663855473265123,0.51057408279464,0.0620274840532557,-0.079220000856201,0.103844342651655,0.246590179374117,0.382961599383535,-0.183393980906717,0.165298172010788,0.275478402328867,-0.128100518001627,0.0290680251723105,0.0864163705638084,-0.015009204161137,0.142968448991823,0.0671432852433751,-0.134659017937412,0.0288796609443897,0.0851620360460636,0.237283274112762,0.220540262853718,0.0987499464874353,0.199520527419838,-0.0749475576865448,0.0826148379639539,-0.15790915707008,0.0590864334945845,0.257356907401858,-0.0600368166445481,0.0321931589537223,0.00641722676484439,0.0852390941393039,-0.203446209169913,-0.247116743011259,0.0427073076758423,0.0907187807697247,0.0114088788047434,0.066317051243632,-0.183954792585299,0.0941050558671176,-0.385324714242904,-0.0280791129757267,-0.231097221627638,-0.130035532342994,0.00383578064129458,0.00690098035018622,0.246787105612398,-0.0082623399974314,0.148636499850165,-0.275127359904105,0.15524637184811,0.039988869386532,0.147604777601781,-0.162374245472837,-0.0190376300355323,0.266501134466373,0.0703026670662271,-0.0947557686544801,0.130425103814376,0.301232929491845,0.10270559527377,0.351594674429556
"Acetylcarnitine",-0.0777601780898155,-0.0359347574810566,0.258833854188964,-0.0546641551436277,-0.0269146795667623,-0.167597071792457,-0.300916135108523,2.99670362601139e-05,-0.120874181257759,0.015270345477118,-0.129962755254934,-0.117868915621388,-0.108425018194272,0.306537094909885,-0.0829273513420951,-0.0647801703840062,0.402059163491588,0.142369108266621,-0.122612269360846,-0.192675200136992,-0.185406053341325,-0.0143584913737746,-0.111002183312642,-0.227963525835866,1,0.0541632775375658,0.0331777901451261,0.0751701699559057,-0.275379939209726,-0.154338798749946,0.000492315595701871,-0.0365298172010788,-0.101151590393424,0.0222655079412646,0.185851277880046,-0.196716469026928,-0.0825805899225138,0.351830129714457,0.0514962113104157,-0.18944732223126,-0.151063829787234,0.217804700543688,-0.0711973971488506,-0.165983132839591,0.0520441799734578,-0.0763560083907702,-0.105419752557901,-0.0587225480542831,0.279451175135922,0.0070251295004067,0.272199152360974,0.141230360888737,-0.0447835951881502,-0.0241363072049317,-0.25265208270902,0.0326512265079841,-0.047621901622501,-0.0518558157455371,-0.28146324757053,-0.0258658332976583,0.0529474720664412,-0.196189905389786,-0.0466972045036174,-0.143970204203947,0.411023588338542,0.335309730724774,0.0535168457553834,-0.125022475277195,-0.364005308446423,-0.124812706023374,0.265079840746607,-0.322222697889464,-0.133931247056809,0.271441414444111,0.23687657862066,0.259463161950426,0.00243589194742926,-0.185641508626225,0.296134252322445,0.250789845455713,-0.180161821995805,0.0491545014769468,-0.106250267562824,0.253692366967764,-0.0789074874780598,0.0683548097093197,-0.0126760563380282,-0.0868787191232501,0.337792713729184,-0.257082923070337,-0.0309302624256175,0.138867246029368,-0.0421679010231602,-0.0833811378911768,-0.0116186480585642,0.0197825249368552,-0.117761890491887,0.219508540605334,0.116182199580461,-0.138477674557986,-0.113934671860953,-0.0239993150391712,-0.109593732608416,-0.022381095081125,0.110959373260842,0.141221798878377,0.310274412432039,-0.091052699173766,-0.210351470525279,-0.172700029967036,0.0496254120467486,0.0480585641508626,0.224059249111691,-0.0206686930091185,-0.104576394537437,0.0741341667023417,-0.181150734192388,-0.142583158525622,-0.364463376000685,-0.0324971103215035,-0.120732908086819,0.0297101759493129,-0.0541589965323858,-0.0205017338070979,-0.010270131426859,0.0920373303651697,0.139637826961771,-0.0132968020891305,-0.101438417740485,-0.223138832997988,0.0464660302238966,0.0105526777687401,-0.226996018665183,0.17102615694165,-0.052904662014641,-0.0495526349586883,-0.112059591592106,-0.0183869172481699,-0.262883685089259,0.262078856115416,-0.0196284087503746,-0.306143242433323,0.107329080868188,0.00527419838178004,-0.0172567318806456,0.0364185110663984,0.115317436534098,-0.0770837792713729,0.399036773834496,-0.10523566933516,0.04998929748705,0.170187079926367,-0.0992979151504773,-0.106181771479943,-0.154107624470226,0.176749860867332,0.173543387987499,-0.0361059976882572,0.0820711503060919,-0.118896356864592,-0.292688043152532,0.0286484866646689,-0.0105954878205403,0.117779014512608,0.115522924782739,-0.166552506528533,-0.138503360589066,0.242895671903763,0.0627167258872383,-0.22358833854189,0.00975641080525707,-0.401095937326084,0.103989896827775,-0.135613682092555,0.03946230574939,0.00754741213236868,-0.00506014812277923,-0.179095851705981,-0.285016481869943,-0.116987028554305,0.0722804914593947,-0.25005351256475,-0.125061004323815,-0.220912710304379,0.0347232330151119
"Acetylcholine",0.0392268504644891,0.0949312898668607,0.123982191018451,0.10261141315981,0.141735519499979,0.0921700415257502,-0.208609101417013,0.0544929149364271,-0.209461021447836,-0.125001070251295,-0.0289738430583501,0.117487906160366,-0.116892846440344,0.0017380881030866,-0.107055096536667,-0.0842244959116401,-0.0360717496468171,-0.0842758679738003,0.0712530502161908,-0.0219315895372233,-0.0704567832527077,0.216824350357464,-0.0127830814675286,-0.16048204118327,0.0541632775375658,1,0.0367567104756197,-0.152262511237639,-0.0119311614367053,-0.154064814418425,0.317226764844385,0.145395778928893,0.138302153345606,-0.0683205616678796,0.054732651226508,0.178166873581917,0.166924953979194,0.0174879061603665,0.0824221927308532,0.0768740100175521,0.227663855473265,-0.0933002268932746,-0.153247142429042,-0.14468941307419,0.136328609957618,-0.0905646645832442,-0.00509867716939938,0.0481356222441029,0.201177276424504,-0.0120553105869258,0.172378954578535,0.111807012286485,-0.167404426559356,-0.296057194229205,-0.0573483453914979,-0.0617278136906546,0.086326469455028,-0.159514534012586,-0.0409178475105955,0.0957018707992637,-0.284862365683462,-0.00937540134423563,-0.0796266963483026,-0.130343764715955,-0.0275996403955649,-0.0641637056380838,-0.271300141273171,0.0309259814204375,0.158585555888523,0.0076587182670491,0.140108737531572,-0.200269703326341,0.0567875337129158,-0.014217218202834,0.11318121494927,0.127501177276425,0.0173937240464061,0.274724945417184,0.139098420309089,0.0316152232544201,-0.168932745408622,-0.098424590093754,-0.165610685388929,0.0655892803630292,-0.133533113575067,-0.140763731324115,-0.24484352926067,0.266265679181472,-0.0636499850164819,-0.0630806113275397,-0.108296588038872,-0.0927479772250524,-0.0305107239179759,-0.135382507812834,-0.0823194486065328,0.00134423562652511,-0.188133053640995,-0.0574339654950982,0.249034633331906,-0.0361274027141573,-0.0276039214007449,-0.128609957618049,-0.0177276424504474,-0.104066954921015,-0.0114688128772636,0.00974356778971702,-0.117971659745708,0.158101802303181,-0.0712573312213708,-0.0555931332676913,0.0397962241534312,0.116362001798022,-0.120189220428957,-0.116062331435421,-0.0776745579862152,-0.0124662870842074,0.043935956162507,0.0475576865448007,-0.0207115030609187,-0.157630891733379,0.104041268889935,-0.0445609829187893,-0.162078856115416,0.0679267091913181,-0.159608716126547,0.0289310330065499,-0.0843443640566805,0.348816302067726,0.112115244659446,0.0357035832013357,0.204319534226636,-0.0441928164733079,0.0705680893873882,-0.0311657177105184,0.0532214563979622,0.0763303223596901,0.231182841731239,-0.00685817029838606,-0.00672117813262554,-0.0413373860182371,0.0289010659702898,0.0168842844299842,0.110711074960401,0.153632432895244,0.121542018065842,-0.133991181129329,0.380803972772807,-0.0421379339869001,-0.0929106554218931,-0.0719080440087333,-0.141619932360118,0.137711374630763,0.346264822980436,-0.00816815788347104,0.0716254976668522,0.0596772122094268,-0.128609957618049,0.0947514876493001,0.0811507341923884,0.0563637142000942,0.0261783466757995,0.107585941178989,-0.0507213493728327,-0.0841559998287598,0.14990795838863,-0.171355794340511,0.0430112590436234,0.0384819555631662,-0.160850207628751,0.0233015111948285,0.0483796395393638,0.028430155400488,0.0310116015240378,0.0983218459694336,0.073158097521298,0.2421807440387,0.141341667023417,-0.0523823793826791,0.233794254891048,-0.0294190675970718,0.0598184853803673,-0.00405839291065542,-0.187897598356094,-0.062892247099619,-0.0717667708377927
"Adenine",0.0740185795624813,0.237244745066142,-0.305984845241663,-0.126512265079841,-0.135446722890535,-0.0870413973200908,-0.176000684960829,0.329209298343251,0.238002482983004,0.0346162078856115,0.378149749561197,-0.18154030566377,0.172421764630335,-0.13411533027955,-0.0666937796994734,0.282490688813733,-0.101083094310544,-0.116584614067383,-0.391108352241106,0.0730724774176977,-0.137009289781241,-0.222813476604307,0.362254377327797,-0.240151547583373,0.0331777901451261,0.0367567104756197,1,0.783376856885997,0.0127402714157284,0.271591249625412,-0.150931118626654,-0.232514234342224,0.130664840104457,0.0326897555546042,-0.501485508797466,0.0973329337728499,-0.218023031807868,-0.0415599982875979,-0.371621216661672,0.320514576822638,-0.100406695492102,-0.33162806626996,0.369771822423905,0.256303780127574,-0.0373988612526221,0.362391369493557,0.235716426216876,0.266873581917034,-0.0998116357720793,-0.347596215591421,-0.185418896356865,-0.291570700800548,0.224286142386232,0.220244873496297,0.363902564322103,0.276779827903592,0.0594931289866861,0.116062331435421,-0.142394794297701,-0.221486364998502,0.0341367353054497,0.0139988869386532,0.221434992936341,-0.179160066783681,-0.0820283402542917,-0.161612226550794,0.0836037501605377,-0.357040113018537,0.00601053127274284,0.180354467228905,-0.173102444453958,0.157249882272358,0.121302281775761,-0.162010360032536,-0.141885354681279,-0.124298985401772,-0.161552292478274,0.042882828888223,-0.27114174408151,-0.22628965281048,-0.082636242989854,-0.166043066912111,0.233066484010446,-0.34218502504388,0.0783423947942977,0.135378226807654,-0.176715612825892,-0.259476004965966,-0.130741898197697,0.227150134851663,0.0583586626139818,-0.206181771479944,-0.444008733250567,0.00467913866175778,0.227740913566505,0.00656706194614495,0.226075602551479,-0.30781711545871,-0.348649342865705,0.209409649385676,0.190453358448564,0.307389014940708,-0.0224752771950854,0.123939380966651,-0.321764630335203,-0.267425831585256,-0.0934800291108352,0.211027869343722,-0.0945288753799392,-0.130476475876536,0.193347317950255,0.0221884498480243,-0.0834367909585171,0.354013442356265,0.0879874994648743,-0.0508883085748534,-0.0750674258315853,-0.0338413459480286,-0.00819384391455114,-0.196288368508926,0.174746350443084,0.307354766899268,0.0483239864720236,-0.103891433708635,-0.303660259428914,-0.170032963739886,-0.177400573654694,-0.171364356350871,-0.138481955563166,-0.000423819512821611,0.268791472237681,-0.0897555546042211,-0.146517402286057,0.0338413459480286,-0.0943019821053983,0.283822081424719,-0.0359090714499765,0.237848366796524,0.105976283231303,-0.268097949398519,0.205501091656321,-0.0427629607431825,-0.141722676484439,-0.111237638597543,-0.362250096322617,-0.187319662656792,0.171291579262811,0.0927651012457725,-0.141191831842117,0.258195984417141,8.99011087803416e-05,-0.414294276296074,-0.0845027612483411,0.206567061946145,0.0940322787790573,-0.137818399760264,-0.0082366539663513,-0.320180658418597,0.117316665953166,-0.262601138747378,0.225840147266578,-0.153983475320005,0.0290166531101503,0.122355409050045,-0.380491459394666,0.26039642107967,0.245875251509054,-0.411695706151804,-0.0604649171625498,0.275683890577508,-0.195346547369322,0.0306691211096365,0.261590821524894,-0.218078684875209,0.133319063316067,-0.332946615865405,0.0616550366025943,-0.150592919217432,-0.126760563380282,0.33945802474421,-0.212577593218888,-0.0961428143328053,0.180910997902307,0.184485637227621,-0.368663042082281
"Adenosine",0.209542360546256,0.308270902007791,-0.357451089515818,-0.148285457425403,-0.161089943918832,-0.0664412003938525,-0.278706280234599,0.240733764287855,0.357720792842159,0.0347103899995719,0.365525065285329,-0.18156599169485,0.189648529474721,-0.099477717368038,-0.0907487478059848,0.220000856201036,-0.126811935442442,-0.085517359476005,-0.419024787019992,-0.0564835823451346,-0.0886382122522368,-0.356937368894216,0.172644376899696,-0.203249282931632,0.0751701699559057,-0.152262511237639,0.783376856885997,1,-0.0378612098120639,0.330450789845456,-0.162601138747378,-0.401673873025386,0.076043495012629,0.0588681022304037,-0.492264223639711,-0.0329765829016653,-0.150854060533413,0.075260071064686,-0.412890106597029,0.309101417012715,-0.153872169185325,-0.195851705980564,0.433400402414487,0.345370092897812,-0.115343122565178,0.441915321717539,0.35801618219958,0.334984374331093,-0.15264780170384,-0.418553876450191,-0.177370606618434,-0.335904790444796,0.306819641251766,0.230750460208057,0.313570786420652,0.373915835438161,-0.0612911511622929,0.193210325784494,-0.321790316366283,-0.191206815360247,0.0151461963268976,-0.141046277665996,0.234851663170512,-0.269763260413545,-0.0918104370906289,-0.059467442955606,0.107063658547027,-0.30273984331521,-0.0945074703540391,0.253923541247485,-0.147900166959202,0.00468770067211781,0.0947172396078599,-0.0460336487007149,-0.115159039342438,-0.0936641123335759,-0.234928721263753,-0.0485166317051244,-0.281022304036988,-0.227184382893103,-0.131191403741599,-0.0094224924012158,0.319358705424034,-0.351915749818057,0.0775033177790145,-0.125754527162978,-0.14484352926067,-0.172648657904876,-0.0260756025514791,0.164026713472323,0.038940023117428,-0.210330065499379,-0.450973928678454,0.0118669463590051,0.28427158696862,0.0961299713172653,0.101130185367524,-0.354437261869087,-0.182983004409435,0.238503360589066,0.234885911211953,0.0617706237424547,-0.108609101417013,0.225112376385975,-0.274844813562224,-0.228109080011987,-0.0781882786078171,0.0539877563251851,-0.101524037844086,-0.28692581018023,0.0270131426859026,-0.0939937497324372,-0.139624983946231,0.379845027612483,0.0903334903035233,-0.222038614666724,-0.185525921486365,-0.0773021105355537,-0.149252964596087,-0.179254248897641,0.267592790787277,0.371912325013913,0.134594802859711,-0.242390513292521,-0.264626054197526,-0.251303566077315,-0.253396977610343,-0.1578620660131,-0.112633246286228,0.0460721777473351,0.102196155657348,-0.198261911896913,-0.187914722376814,0.0659702898240507,-0.159681493214607,0.347570529560341,0.0431996232715442,0.242805770794983,-0.00988484096065756,-0.230917419410077,0.237047818827861,-0.280457211353226,-0.265165460850208,-0.174121323686802,-0.462845156042639,-0.182610556958774,0.120420394708678,0.117410848067126,-0.199713172652939,0.396224153431226,0.00713643563508712,-0.354552849008947,-0.0311871227364185,0.295483539535083,0.00232458581274883,-0.0327025985701443,0.0257716511836979,-0.410942249240122,0.123215891091228,-0.454385889806927,0.189708463547241,-0.139231131469669,0.0928806883856329,0.142904233914123,-0.367597071792457,0.327291408022604,0.207521726101289,-0.396857742197868,0.0708934457810694,0.250520142129372,-0.431401172995419,-0.040528276039214,0.343580632732566,-0.36053341324543,0.109439616421936,-0.385598698574425,0.0206387259728584,-0.172139218288454,-0.26318763645704,0.436204460807398,-0.261565135493814,-0.156106853889293,0.195346547369322,0.122453872169185,-0.282079712316452
"Adenylosuccinate",0.491296716469027,0.468624513035661,-0.350357463932531,0.0293548525193715,0.18677597499893,0.451187978937454,-0.0428014897898026,-0.0954664155143628,-0.0275140202919646,0.344205659488848,0.417222483839205,0.457292692324158,0.208300869044052,-0.193706922385376,0.157185667194657,0.137223340040241,-0.410967935271202,0.0267776874010018,0.337891176848324,-0.0369921657605206,0.295684746778544,0.019996575195856,0.114080226037074,0.317624898326127,-0.275379939209726,-0.0119311614367053,0.0127402714157284,-0.0378612098120639,1,-0.0479258529902821,0.19464018151462,0.212658932317308,0.523823793826791,0.167746906973757,-0.175649642536067,0.165477974228349,0.152339569330879,-0.0430241020591635,0.0656834624769896,0.317085491673445,0.128267477203647,-0.36842758679738,0.0812406353011687,0.00377584656877435,-0.187358191703412,0.176163363157669,0.418142899952909,0.447022560897299,-0.368975555460422,-0.109413930390856,0.011318977695963,-0.395770366882144,-0.0202106254548568,-0.0955734406438632,0.401267177533285,0.0388201549723875,0.411554432980864,-0.11318121494927,0.219739714885055,-0.15013057065799,-0.23425660345049,0.0573312213707779,-0.0845926623571215,0.145986557643735,-0.317145425745965,-0.0569801789460165,-0.324054968106511,0.00348045721135323,0.350494456098292,0.326011387473779,-0.463988184425703,0.264377755897085,0.420497452801918,-0.322145639796224,-0.483445352968877,-0.487366753713772,0.0654266021661886,0.258966565349544,-0.303189348859112,-0.372520227749476,-0.0193929534654737,-0.279630977353483,0.0280277409135665,-0.350712787362473,-0.112380666980607,0.0197097478487949,0.00849779528233229,0.322089986728884,-0.0740228605676613,-0.00456355152189734,0.164437689969605,-0.220604477931418,-0.228635643649129,-0.0879232843871741,0.0709919089002098,0.137809837749904,0.310334346504559,-0.272473136692495,0.21302281775761,0.511391754784023,0.510972216276382,-0.172866989169057,0.184763902564322,-0.250537266150092,-0.262014641037716,-0.249359989725588,-0.481030866047348,-0.0698959715741256,0.159039342437604,-0.086065328139047,0.587640738045293,0.606074746350443,-0.255734406438632,0.10522282631962,0.225424889764117,-0.240391283873453,0.525553319919517,0.390149407080783,0.204062673915835,0.0227877905732266,0.209880559955478,-0.135356821781754,-0.0995590564664583,-0.0905817886039642,0.254047690397705,-0.29473864463376,-0.427723789545785,0.108900209769254,0.3737360332206,0.425086690354895,-0.0561196969048333,0.21846825634659,0.377387730639154,-0.226906117556402,0.0994220643006978,0.448388201549724,-0.00788133053640995,0.467267434393596,0.325112376385975,-0.309743567789717,0.216580333062203,-0.045267348773492,0.208129628836851,0.330647716083736,-0.0209769253820797,0.135485251937155,0.0238323558371506,0.148109936213023,-0.201125904362344,0.279108694721521,0.193920972644377,-0.249364270730768,0.254933858469969,0.164698831285586,0.175302881116486,-0.401772336144527,-0.491759065028469,-0.245751102358834,0.216537523010403,-0.0825249368551736,0.242874266877863,-0.215081981249197,-0.0335159895543474,-0.367314525450576,-0.196395393638426,-0.0439188321417869,-0.0760820240592491,-0.167357335502376,-0.0678582131084379,0.551513335331136,-0.072635814889336,0.259065028468684,-0.199195171026157,0.157172824179117,0.225300740613896,0.00446508840275697,-0.239132668350529,0.158547026841902,0.38161736375701,0.351273599041055,-0.401198681450405,0.122963311785607,0.372417483625155,0.013956076886853,0.0274069951624641
"Adipic Acid / 3-Methylglutaric Acid",0.0316708763217603,0.227813690654566,-0.496219872426046,-0.353992037330365,-0.112543345177448,-0.133194914165846,-0.015004923155957,0.254236054625626,0.704957403998459,0.0907744338370649,0.245293034804572,-0.285842715869686,0.47358191703412,-0.158367224624342,-0.280345905218545,0.298236225865833,-0.200946102144784,-0.157245601267178,-0.283012971445695,-0.208133909842031,-0.233271972259086,-0.343619161779186,0.0474078513635001,-0.250361744937711,-0.154338798749946,-0.154064814418425,0.271591249625412,0.330450789845456,-0.0479258529902821,1,-0.393090457639454,-0.438520484609786,0.00314225780213194,0.0400145554176121,-0.537381737231902,-0.186202320304808,-0.129376257545272,0.00851920030823237,-0.316725887238324,0.419829615993835,-0.301905047305107,-0.402786934372191,0.497546984031851,0.926961770623743,-0.109520955520356,0.599700329637399,0.187897598356094,0.293116143670534,-0.253324200522283,-0.156778971702556,-0.412209426773406,-0.154689841174708,0.725377798707136,0.46851320690098,0.453285671475662,0.426452331007321,0.0627038828716983,0.725061004323815,-0.275422749261527,-0.272053598184854,0.125035318292735,-0.222342566034505,0.60794982661929,-0.400753456911683,-0.197696819213151,-0.187144141444411,0.10273556231003,-0.250588638212252,-0.0802345990838649,0.431392610985059,-0.311507341923884,0.178817586369279,0.0330793270259857,-0.00855772935485252,-0.253204332377242,-0.235339697761034,-0.37100903292093,-0.152069866004538,-0.503630292392654,-0.330416541804016,0.0248854831114346,-0.104739072734278,0.853221456397962,-0.464180829658804,0.108763217603493,-0.130634873068196,0.181908472109251,-0.227749475576865,-0.132073290808682,-0.168894216362002,0.419709747848795,-0.238670319791087,-0.291086947215206,0.03158097521298,0.534903035232673,-0.176933944090072,0.0606404383749304,-0.241534312256518,-0.270050087760606,0.0796266963483026,0.0759835609401087,0.0553234299413502,-0.133627295689028,0.090791557857785,-0.0589794083650841,-0.235044308403613,-0.202435891947429,0.377139432338713,-0.0410120296245558,-0.301536880859626,-0.00690954236054626,-0.210916563209041,-0.108142471852391,0.579729440472623,0.273068196412518,-0.393214606789674,-0.214422706451475,-0.162579733721478,-0.0866561068538893,-0.331923455627381,-0.00786420651568988,0.362138790187936,0.724367481484653,-0.493167515732694,-0.36060619033349,-0.33940237167687,-0.16052913224025,-0.264266449762404,-0.343559227706666,-0.175401344235627,0.217629179331307,-0.0715056295218117,-0.0332291622072863,0.378047005436877,-0.0706622715013485,0.272164904319534,0.0543302367395865,0.145866689498694,-0.0353311357506743,-0.422607988355666,0.310128858255919,-0.20801832270217,-0.239128387345349,-0.17899738858684,-0.386570486750289,-0.192602423048932,-0.00353182927351342,-0.171428571428571,-0.223335759236269,0.289858298728541,0.0124063530116871,-0.552091271030438,-0.222680765443726,0.522479558200265,-0.101947857356907,-0.204460807397577,0.0407637313241149,-0.529324885483111,0.0277451945716854,-0.505526777687401,0.254968106511409,-0.259347574810566,0.00688813733464617,0.26830771865234,-0.435956162506957,0.977122308317993,0.300299670362601,-0.583222740699516,0.314315681321974,0.241097649728156,-0.310835224110621,-0.01053555374802,0.444441114773749,-0.39730296673659,0.0643135408193844,-0.520681536024659,-0.0119739714885055,-0.114204375187294,-0.264060961513763,0.3210582644805,-0.391643477888608,-0.22101973543388,0.0812577593218888,-0.293338755939895,-0.0975855130784708
"ADP",0.0720621601952138,-0.0262125947172396,0.25273770281262,0.259035061432424,0.197940836508412,0.361659317607774,-0.130985915492958,-0.114170127145854,-0.404696262682478,-0.0963825506228863,-0.0472366111562995,0.438811592962027,-0.253358448563723,-0.272866989169057,0.15012200864763,-0.0764030994477503,-0.219885269061176,-0.06317051243632,0.238529046620146,0.0101673873025386,0.282503531829274,0.278372361830558,-0.212491973115287,0.210706793955221,0.000492315595701871,0.317226764844385,-0.150931118626654,-0.162601138747378,0.19464018151462,-0.393090457639454,1,0.34476219016225,0.308283745023332,-0.156796095723276,0.319281647330793,0.211233357592363,0.625754527162978,-0.0875979279934929,0.261021447835952,-0.033935528061989,0.340562524080654,0.0426088445567019,-0.400312513378141,-0.388788047433537,-0.0708377927137292,-0.253508283745023,0.077105184297273,-0.0711074960400702,0.0892803630292393,0.0542317736204461,0.314071664026713,0.082627680979494,-0.500265422321161,-0.229915664197954,-0.281343379425489,-0.0663641423006122,0.0842630249582602,-0.348139903249283,0.145648358234513,0.266723746735734,-0.393210325784494,-0.0229419067597072,-0.395483539535083,0.0990838648914765,-0.187833383278394,0.0712830172524509,-0.183090029538936,0.153782268076544,0.205402628537181,-0.0635044308403613,0.148216961342523,-0.377606061903335,0.20262853718053,-0.0566762275782354,0.111905475405625,0.109157070080055,0.0283745023331478,0.281223511280449,0.0782953037373175,-0.0467442955605976,-0.195766085876964,-0.0658375786634702,-0.361595102530074,0.0577807269146796,-0.223233015111948,-0.112457725073847,-0.345121794597371,0.693779699473436,0.0509953337043538,0.0301297144569545,-0.315043452202577,0.094477503317779,0.00149407080782568,-0.160670405411191,-0.250541547155272,0.350678539321033,-0.301849394237767,0.031058692581018,0.598899781668736,0.103309217004153,0.0494541718395479,-0.314837963953936,-0.0618219958046149,-0.206768269189606,0.172323301511195,-0.0335031465388073,-0.170148550879747,-0.0906374416713044,-0.152112676056338,-0.0311785607260585,-0.0989939637826962,0.209088573997175,-0.314247185239094,-0.272965452288197,-0.162061732094696,0.0770024401729526,0.308527762318592,0.255708720407552,0.0472622971873796,0.195958731110065,0.133477460507727,-0.256295218117214,-0.379750845498523,0.254094781454686,0.352780512864421,-0.00468770067211781,-0.211562994991224,0.897204503617449,0.419016225009632,0.191108352241106,-0.185320433237724,-0.118896356864592,0.21057408279464,-0.217522154201807,0.196528104799007,-0.0554304550708506,0.325668907059378,-0.019731152874695,0.153555374802004,0.184982233828503,-0.214576822637955,0.0312342137933987,0.384682563465902,0.18158739672075,0.355062288625369,0.107354766899268,0.210317222483839,-0.0509996147095338,-0.232398647202363,-0.167609914807997,-0.0247998630078342,0.289674215505801,0.398728541461535,-0.209525236525536,0.0640866475448435,0.112106682649086,-0.165032749689627,0.251282161051415,0.0687957532428614,0.194053683804957,-0.0629179331306991,0.0849222997559827,-0.0537437390299242,-0.414572541632775,0.141628494370478,-0.417813262554048,0.0388629650241877,0.273937240464061,-0.278500791985958,0.0748020035104243,0.187246885568732,0.123078898925468,-0.299392097264438,0.242643092598142,0.0557643734748919,0.325553319919517,-0.0496553790830087,-0.0937368894216362,0.460349330022689,-0.0916520398989683,0.0226722034333662,0.0461620788561154,-0.125279335587996,0.0562866561068539,0.243353739458025
"Agmatine",0.0734748919046192,-0.00761590821524894,0.187867631319834,0.0466158654051971,0.151115201849394,0.200582216704482,-0.123845198852691,-0.0654822552335288,-0.400988912196584,-0.0148251209383963,-0.0648957575238666,0.271771051842973,-0.222582302324586,-0.0320604477931418,0.268954150434522,-0.124114902179032,-0.0253221456397962,0.0160066783680808,0.38432724003596,0.15775932188878,0.256988740956377,0.698403185067854,-0.119534226636414,0.277473350742754,-0.0365298172010788,0.145395778928893,-0.232514234342224,-0.401673873025386,0.212658932317308,-0.438520484609786,0.34476219016225,1,0.157052956034077,0.0887794854231774,0.333978338113789,0.0657433965495098,0.266663812663213,-0.195774647887324,0.207538850122009,0.0833340468341967,0.369733293377285,0.153050216190762,-0.395796052913224,-0.446401815146196,0.0585855558885226,-0.287987499464874,-0.0345905218545314,-0.0692452587867631,0.121426430925981,0.194387602208999,0.280637013570786,0.161890491887495,-0.375200136992166,-0.218219958046149,-0.188989254676998,-0.158966565349544,0.155092255661629,-0.298411747078214,0.280923840917848,0.173992893531401,-0.253885012200865,0.0359090714499765,-0.344329808639068,0.202829744423991,0.00546256260970076,-0.0137891176848324,-0.209735005779357,0.314551136606875,0.168183569502119,-0.124337514448392,0.0245515647073933,-0.0749047476347446,0.122372533070765,-0.0998544458238795,0.00296673658975127,-0.0239864720236311,0.125249368551736,0.138481955563166,0.132360118155743,-0.00478616379125819,-0.149389956761848,0.0828203262125947,-0.411477374887624,0.134440686673231,-0.254732651226508,0.140459779956334,-0.0322060019692624,0.329997003296374,-0.0694507470354039,-0.00803544672289053,-0.118558157455371,0.0424761333961214,0.311640053084464,-0.169562053170084,-0.277396292649514,0.256008390770153,-0.024213365298172,0.158144612354981,0.279973457767884,0.069729012372105,0.0853418382636243,-0.133212038186566,0.237848366796524,-0.35525921486365,-0.0744466800804829,0.0740057365469412,0.0775589708463547,-0.233597328652768,-0.139042767241748,0.276891134038272,0.170131426859026,0.266972045036174,-0.00434950126289653,-0.299071021875936,0.00785564450532985,0.233212038186566,0.278749090286399,0.267395864548996,0.0504516460464917,0.129907102187594,-0.0661586540519714,-0.332103257844942,-0.332616978466544,0.178042724431697,0.353020249154501,0.135772079284216,0.123429941350229,0.248927608202406,0.172301896485295,0.151136606875294,-0.122167044822124,0.171492786506272,0.254056252408065,-0.0069994434693266,-0.00867331649471296,-0.0696519542788647,-0.0508797465644933,0.00956376557215634,0.164270730767584,0.087366753713772,-0.0635814889336016,0.263615736975042,0.405030181086519,0.374082794640182,0.384387174108481,0.0429384819555632,0.0135921914465516,0.064476219016225,0.0185581574553705,-0.122432467143285,0.227479772250524,0.309906245986558,0.103022389657091,-0.192777944261313,-0.0173295089687059,-0.0277023845198853,-0.300299670362601,0.343263838349244,0.0462947900166959,0.333794254891048,0.0441928164733079,-0.0114944989083437,0.0541418725116657,-0.184768183569502,0.174553705209983,-0.464497624042125,-0.281921315124791,0.305984845241663,-0.246996874866219,0.0722419624127745,0.15257930562096,0.216220728627082,-0.323939380966651,0.283501006036217,0.0288282888822295,0.287097050387431,-0.0965281047990068,-0.054741213236868,0.369955905646646,-0.159702898240507,0.0726657819255961,0.27370606618434,-0.0106725459137806,0.0485251937154844,0.154848238366368
"Alanine",0.562378526478017,0.65793484310116,-0.454612783081468,0.00548824864078085,0.0872083565221114,0.825707436105998,-0.386463461620789,0.0761633631576694,0.185209127103044,0.470092897812406,0.479575324286142,0.758478530759022,0.445258786763132,-0.327180101887923,0.0447022560897299,0.388813733464618,-0.493283102872554,-0.0937112033905561,0.517136863735605,0.113836208741813,0.215462990710219,0.0432724003596044,0.00900295389357421,0.195676184768184,-0.101151590393424,0.138302153345606,0.130664840104457,0.076043495012629,0.523823793826791,0.00314225780213194,0.308283745023332,0.157052956034077,1,0.171317265293891,-0.13429513249711,-0.0898497367181814,0.157412560469198,-0.0383877734492059,0.219902393081896,0.601982105398348,0.0657134295132497,-0.388163020677255,-0.0534654736932232,0.0482169613425232,-0.207230617749047,0.457575238666039,0.632625540476904,0.655614538293591,-0.226901836551222,-0.181150734192388,0.296879147223768,-0.248893360160966,0.137570101459823,-0.0332848152746265,0.615313155528918,0.409101417012715,0.496446765700586,-0.0399589023502719,0.0154715527205788,-0.26049060319363,-0.474052827603921,-0.0761890491887495,0.0365512222269789,-0.0752258230232459,-0.390791557857785,0.00175521212380667,-0.627569673359305,-0.10788133053641,0.334851663170512,0.508155314867931,-0.578594974099919,0.0344321246628708,0.564480500021405,-0.244406866732309,-0.587880474335374,-0.577439102701314,-0.228532899524808,0.399811635772079,-0.410959373260842,-0.459309045763945,-0.179622415343123,-0.182006935228392,0.184036131683719,-0.472742840018836,-0.490166531101503,-0.265122650798407,-0.0924782738987114,0.478308146752858,0.0436619718309859,0.154912453444069,0.174802003510424,-0.155691596386832,-0.391566419795368,-0.483432509953337,0.298655764373475,0.340425531914894,0.242981292007363,-0.418194272015069,0.432805342694465,0.605685174879062,0.60777858641209,-0.212958602679909,0.276600025686031,-0.388912196583758,-0.282186737445952,-0.320887024273299,-0.658825292178604,-0.0856243846055054,-0.0264951410591207,-0.179267091913181,0.566436919388672,0.654758337257588,-0.423207329080868,0.341418725116657,0.180491459394666,-0.258525621816002,0.528301725245088,0.682786078171155,0.0771565563594332,0.0308232372961171,0.33165803330622,-0.19746564493343,-0.0903120852776232,-0.180940964938568,0.179356993021962,-0.36320904148294,-0.532783937668565,0.228712701742369,0.424846954064814,0.49742711588681,-0.00808681878505073,0.21582687615052,0.11320690098035,-0.103673102444454,0.0299713172652939,0.648242647373603,-0.0187293976625712,0.687448092812192,0.351795881673017,-0.530613468042296,0.433194914165846,-0.0686716040926409,0.167798279035918,0.137090628879661,0.131354081938439,0.180799691767627,0.270058649770966,0.423515561453829,-0.244102915364528,0.446821353653838,0.325831585256218,-0.213660687529432,0.332231688000342,0.457408279464018,0.259972601566848,-0.348422449591164,-0.559107838520485,-0.480615608544886,0.498099233700073,-0.32635814889336,0.21586540519714,-0.305573868744381,0.203651697418554,-0.359411789888266,-0.141821139603579,0.0105483967635601,-0.27644162849437,-0.386549081724389,-0.066573911554433,0.721272314739501,-0.0691981677297829,0.2736290080911,-0.066043066912111,0.0583543816088017,0.525767370178518,-0.280311657177105,-0.441380196070037,-0.00986343593475748,0.483372575880817,0.612658932317308,-0.512864420565949,0.0873453486878719,0.466235712145212,0.129320604477931,0.035010060362173
"Allantoin",0.229688770923413,0.282486407808553,-0.273410676826919,-0.21828845412903,-0.0503189348859112,0.143537822680765,-0.211986814504046,-0.0379339869001242,0.163012115244659,0.351021019735434,0.218665182584871,0.0896485294747207,0.340763731324115,0.0285029324885483,0.0787448092812192,0.326007106468599,-0.129526092726572,-0.0527205787919003,0.123459908386489,0.116905689455884,-0.0259642964167987,0.102157626610728,0.138824435977568,0.0235797765315296,0.0222655079412646,-0.0683205616678796,0.0326897555546042,0.0588681022304037,0.167746906973757,0.0400145554176121,-0.156796095723276,0.0887794854231774,0.171317265293891,1,-0.231101502632818,-0.12361830557815,0.00357035832013357,-0.0546769981591678,0.141208955862837,0.288180144697975,-0.0820026542232116,-0.0716725887238324,0.101536880859626,0.0542703026670662,-0.0791258187422407,0.187687829102273,0.260880174665011,0.277563251851535,-0.202358833854189,-0.108639068453273,0.00468770067211781,-0.191356650541547,0.162699601866518,0.053957789288925,0.306592747977225,0.306665525065285,0.204824692837878,0.0285500235455285,-0.127265721991524,-0.24214649599726,-0.0702341709833469,-0.139663512992851,0.137595787490903,0.00187508026884713,-0.103360589066313,-0.113378141187551,-0.260340768012329,0.050794126460893,-0.0999315039171197,0.254000599340725,-0.395145340125861,0.212945759664369,0.24991652039899,-0.157609486707479,-0.424864078085534,-0.416332034761762,-0.0341495783209898,-0.10779571043281,-0.192957746478873,-0.202440172952609,-0.0602465858983689,0.0831114345648358,0.154510038957147,-0.209007234898754,-0.209645104670577,0.0685089258958003,0.0314739500834796,0.0762917933130699,-0.101121623357164,-0.0183055781497496,0.238567575666767,-0.202397362900809,0.00671261612226551,-0.20798407466073,0.206738302153346,0.0318977695963012,0.243567789717026,-0.151573269403656,0.0606361573697504,0.378278179716597,0.361655036602594,-0.111113489447322,0.180611327539706,-0.194254891048418,-0.324915450147695,-0.0806969476433066,-0.0216105141487221,-0.134402157626611,0.150913994605933,-0.0193116143670534,0.417834667579948,0.314932146067897,0.00650712787362473,0.222051457682264,0.133438931461107,-0.303099447750332,0.277387730639154,0.166775118797894,-0.0759450318934886,0.0096322616550366,-0.0877349201592534,0.0175007491759065,-0.060259428913909,-0.188818014469798,-0.034740357035832,-0.19990153688086,-0.0846697204503618,-0.150896870585213,-0.0299499122393938,0.12636671090372,0.0394409007234899,0.169587739201164,-0.0610813819084721,0.130669121109637,0.064484781026585,0.268988398475962,-0.169377969947344,0.305068710133139,0.123211610086048,-0.258928036302924,0.237728498651483,-0.10786848752087,0.0559527377028126,0.0362601138747378,-0.0522239821910185,0.0831414016010959,-0.0156556359433195,0.0802431610942249,0.173954364484781,0.246782824607218,0.189982447878762,-0.237356051200822,-0.149364270730768,0.272866989169057,0.0941821139603579,-0.305625240806541,-0.272070722205574,-0.197666852176891,0.143336615437305,-0.217547840232887,0.153093026242562,-0.337240464060962,0.0174236910826662,-0.127766599597586,-0.126148379639539,0.0206344449676784,-0.144034419281647,-0.201177276424504,0.0178774776317479,0.318237082066869,-0.204340939252536,0.172545913780556,0.0151847253735177,0.109520955520356,0.144120039385248,-0.216974185538764,-0.0846055053726615,0.139094139303909,0.0232758251637484,0.238507641594246,-0.228785478830429,0.0585384648315425,0.22370820668693,0.0173337899738859,-0.0930904576394538
"Alpha-Ketoglutaric Acid",-0.240215762661073,-0.459077871484224,0.574301125904362,0.186990025257931,-0.0109636542660217,0.0330108309431054,0.2263067768312,-0.351513335331136,-0.490624598655764,-0.188702427329937,-0.473530544971959,0.167930990196498,-0.527449805214264,0.148499507684404,0.172327582516375,-0.573132411490218,0.33152104114046,0.0395479258529903,0.303745879532514,0.0207457511023588,0.114632475705296,0.240639582173894,-0.450678539321033,0.0972687186951496,0.185851277880046,0.054732651226508,-0.501485508797466,-0.492264223639711,-0.175649642536067,-0.537381737231902,0.319281647330793,0.333978338113789,-0.13429513249711,-0.231101502632818,1,0.0279335587996061,0.17887323943662,0.00663555802902522,0.375465559313327,-0.47095766085877,0.219833896999015,0.47637741341667,-0.616571771051843,-0.582858855259215,0.0852219701185838,-0.640190076629993,-0.39738002482983,-0.483479601010317,0.397191660601909,0.327946401815146,0.365439445181729,0.416225009632262,-0.410231602380239,-0.375756667665568,-0.610882315167601,-0.505107239179759,-0.224388886510553,-0.39739286784537,0.282627680979494,0.391335245515647,0.014735219829616,0.0122308317993065,-0.518579562481271,0.186343593475748,0.30527419838178,0.130125433451774,-0.0219059035061432,0.212988569716169,-0.0596044351213665,-0.355858555588852,0.408579134380753,-0.410993621302282,-0.180071920887024,0.1895671903763,0.363846911254763,0.349115972430327,0.314752343850336,0.0685046448906203,0.572729997003296,0.482550622886254,0.126966051628922,0.199764544715099,-0.574528019178903,0.590038100946102,-0.095778928892504,0.0927693822509525,-0.000475191574981806,0.28158311571557,0.0641208955862837,-0.0149150220471767,-0.311070679395522,0.39198595830301,0.418810736760992,-0.0291750503018109,-0.482700458067554,0.0411961128472965,-0.181210668264909,0.408073975769511,0.321580547112462,-0.49736290080911,-0.467571385761377,-0.0152146924097778,-0.0025001070251295,-0.0973072477417698,0.242527505458282,0.220510295817458,0.201339954621345,-0.244265593561368,0.0129885697161694,0.303446209169913,-0.247031122907659,-0.0315980992337001,0.167002012072435,-0.642411918318421,-0.272391797594075,0.458260199494841,-0.0357121452116957,-0.0411918318421165,0.118613810522711,0.241050558671176,-0.335724988227236,-0.300766299927223,-0.304807568817158,0.466428357378312,0.309679352712017,0.389922513806242,0.288338541889636,0.282058307290552,0.111866946359005,-0.165233956933088,-0.311862665353825,-0.0815488676741299,0.0337856928806884,-0.195611969690483,0.0552977439102701,-0.477571813861895,0.0818999100988912,-0.401138747377884,-0.167194657305535,0.567635600839077,-0.446594460379297,0.170533841345948,0.164001027441243,0.0143627723789546,0.482011216233572,0.0591634915878248,-0.0897855216404812,0.0284387174108481,0.204139732009076,-0.545459994006593,-0.10779142942763,0.779399803073762,0.114058821011173,-0.420797123164519,-0.152339569330879,0.315253221456398,0.094216362001798,0.611092084421422,-0.107179245686887,0.484566976326041,-0.338053855045165,0.314765186865876,-0.00973072477417698,-0.0625583286955777,0.335104242476133,-0.554779742283488,-0.329761548011473,0.584468513206901,-0.118789331735091,-0.454308831713686,0.308681878505073,-0.0699730296673659,-0.406096151376343,0.190076629992722,-0.153379853589623,0.533520270559527,-0.0434992936341453,0.120497452801918,0.228083393980907,-0.566642407637313,0.400342480414401,0.144047262297187,-0.212256517830387,0.0468855687315382,0.156975897940836
"Aminolevulinate",-0.0671304422278351,-0.0866903548953294,0.236307204931718,0.0842801489789803,0.0384776745579862,-0.0516588895072563,0.191964553277109,-0.337463076330322,-0.22891390898583,-0.221858812449163,0.0511280448649343,-0.0208442142214992,-0.098694293420095,-0.0498137762746693,0.0971531315552892,-0.109640823665397,-0.184661158440002,-0.0284815274626482,-0.10532985144912,0.0165503660259429,0.117269574896186,0.0493557087204076,0.215287469497838,0.1053769425061,-0.196716469026928,0.178166873581917,0.0973329337728499,-0.0329765829016653,0.165477974228349,-0.186202320304808,0.211233357592363,0.0657433965495098,-0.0898497367181814,-0.12361830557815,0.0279335587996061,1,0.188047433537395,-0.0595573440643863,-0.182036902264652,-0.0651868658761077,0.25539192602423,-0.0304636328609958,-0.0222483839205445,-0.164356350871185,0.094207799991438,-0.164647459223426,-0.0744509610856629,-0.138529046620146,-0.119217432253093,0.163512992850721,-0.0806541375915065,-0.204426559356137,-0.216935656492144,-0.217111177704525,-0.122899096707907,-0.247587653581061,-0.00936255832869558,-0.248627937839805,0.293051928592834,0.0166531101502633,-0.0419538507641594,0.115557172824179,-0.172691467956676,0.303129414786592,-0.256731880645576,-0.142287769168201,0.00244445395778929,-0.101678154030566,0.22888394194957,-0.0487392439744852,-0.02895671903763,0.18410034676142,0.0345263067768312,-0.254081938439146,-0.055524637184811,-0.0520784280148979,0.212320732908087,0.148216961342523,0.0579262810908001,0.0775803758722548,0.153182927351342,-0.0934457810693951,-0.212239393809666,0.108129628836851,-0.0233314782310887,0.306781112205146,-0.0801404169699045,0.0827518301297145,-0.140185795624813,0.0566933515989554,-0.142617406567062,0.11318549595445,-0.103274968962712,-0.018686587610771,-0.237852647801704,-0.0172824179117257,0.0758722548054283,0.124761333961214,-0.0145425745965153,-0.0892803630292393,-0.147043965923199,0.0752857570957661,0.0322616550366026,0.0453272828460122,0.0472879832184597,0.182345134637613,-0.0366625283616593,0.114345648358235,0.300261141315981,0.250562952181172,0.0171925168029453,0.0589109122822039,-0.187786292221414,-0.208848837707094,0.0138576137677127,0.18145468556017,0.159574468085106,-0.0725501947857357,0.262284344364057,-0.0167344492486836,0.141872511665739,-0.0910098891219658,-0.116841474378184,0.376921101074532,0.13160666124406,0.0152917505030181,-0.106725459137806,0.204229633117856,0.120232030480757,0.0698360375016054,0.0500363885440301,0.0254891048418169,0.283475320005137,-0.145310158825292,0.151479087289696,-0.0957061518044437,0.0360075345691168,-0.0407423262982148,0.024735647930134,0.0408108223810951,-0.0964596087161265,0.123494156427929,0.165298172010788,0.149484138875808,-0.046329038058136,-0.00476903977053812,0.156847467785436,-0.191258187422407,-0.166668093668393,-0.120570229889978,-0.0529603150819812,0.0713557943405112,0.0372533070765016,-0.128323130270988,0.109726443768997,-0.00277837236183056,-0.0742882828888223,0.230506442912796,-0.259972601566848,0.276951068110792,-0.00363885440301383,-0.0277152275354253,-0.237844085791344,-0.233130699088146,0.0837450233314782,-0.178136906545657,0.129701613938953,0.172049317179674,-0.127967806841046,0.0780213194057965,0.0786120981206387,0.20536409949056,-0.280795410762447,0.2579904961685,-0.248756367995205,0.192585299028212,0.30785136350015,0.309092855002355,0.233991181129329,-0.106271672588724,0.0603322060019693,0.25254077657434,0.0185196284087504,0.0683847767455799,-0.177203647416413
"AMP",-0.0516888565435164,-0.0610214478359519,0.226563637142001,0.00900723489875423,0.117188235797765,0.199571899481998,-0.0895200993193202,-0.139877563251852,-0.157301254334518,0.145943747591935,-0.0109037201935014,0.222890534697547,-0.0899824478787619,-0.170225608972987,0.0525707436105998,0.0530031251337814,-0.122822038614667,-0.0220899867288839,0.185020762875123,-0.169489276082024,0.186339312470568,0.268226379553919,-0.142360546256261,0.183449633974057,-0.0825805899225138,0.166924953979194,-0.218023031807868,-0.150854060533413,0.152339569330879,-0.129376257545272,0.625754527162978,0.266663812663213,0.157412560469198,0.00357035832013357,0.17887323943662,0.188047433537395,1,0.018947728926752,0.101986386403528,0.00833083608031166,0.158696862023203,0.0946102144783595,-0.228288882229547,-0.107607346204889,0.21567704096922,-0.158624084935143,-0.0288839419495698,-0.123254420137848,-0.137831242775804,0.161646474592234,0.0979665225394923,-0.112723147395008,-0.256205317008434,-0.184048974699259,-0.221713258273043,-0.0158225951453401,0.0502247527719509,-0.124971103215035,0.0383963354595659,0.145327282846012,-0.185007919859583,-0.266796523823794,-0.123875165888951,0.19733721477803,-0.101202962455585,0.107466073033948,-0.0828631362643949,0.0343850336058907,0.219885269061176,0.0393895286613297,-0.0142300612183741,-0.124594374759193,0.259959758551308,-0.067635600839077,-0.0600539406652682,-0.0502161907615908,0.00891305278479387,0.00408407894173552,0.0392696605162892,-0.0352027055952738,-0.162691039856158,0.232278779057323,-0.127317094053684,0.0280662699601867,-0.30788133053641,-0.0555888522625112,-0.0239864720236311,0.674468085106383,0.0800419538507642,-0.154039128387345,-0.0780170384006165,0.148443854617064,0.0320861338242219,-0.256877434821696,-0.19734149578321,0.0947643306648401,-0.289002097692538,0.17644590949955,0.5262211567276,0.122179887837664,0.0569416498993964,-0.445275910783852,0.058949441328824,-0.065263923969348,0.158504216790102,0.0900980350186224,-0.174279720878462,-0.107731495355109,0.0710689669934501,0.102127659574468,-0.0727128729825763,-0.0364013870456783,-0.274027141572841,-0.166757994777174,0.127680979493985,0.0230788989254677,0.163397405710861,0.277314953551094,-0.0369193886724603,0.241363072049317,-0.107650156256689,-0.211991095509226,-0.0345477118027313,0.101686716040926,0.17094053683805,-0.160319362986429,-0.130985915492958,0.665345263067768,0.114465516503275,-0.0366454043409393,-0.188098805599555,0.0612740271415728,0.278423733892718,0.0047904447964382,0.0642835737831243,-0.117830386574768,0.249094567404427,-0.0604135451003896,-0.00882315167601353,0.0220300526563637,-0.180692666638127,-0.0229290637441671,0.213763431653752,0.189113403827219,0.335673616165076,0.112119525664626,-0.0707478916049488,-0.119607003724475,-0.311494498908344,-0.218048717838949,0.039740571086091,0.0854531443983047,0.240100175521212,-0.0308317993064772,-0.0899439188321418,-0.119016225009632,-0.187178389485851,0.22901237210497,-0.137304679138662,0.20272271929449,-0.0893274540862194,-0.0362515518643778,-0.0642578877520442,-0.15274626482298,0.0307718652339569,-0.129761548011473,-0.0666038785906931,0.14202234684704,-0.0495740399845884,0.165114088788047,0.0784793869600582,0.175272914080226,-0.296733593047648,0.0181343379425489,-0.152921786035361,0.250190504730511,0.0179117256731881,0.0954706965195428,0.353820797123165,-0.153165803330622,-0.240485465987414,0.155820026542232,-0.164437689969605,-0.153859326169785,0.219666937796995
"Anthranilic Acid",-0.109405368380496,0.0030780427244317,0.12638811592962,-0.152767669848881,-0.204495055439017,-0.048687871912325,-0.23674814846526,-0.11326683505287,0.0230960229461878,0.13681236354296,-0.0320047947258016,-0.0413930390855773,-0.0601823708206687,0.414662442741556,-0.0588937882614838,-0.149270088616807,0.369476433066484,0.553666680936684,-0.147814546855602,-0.322535211267606,-0.195847424975384,-0.0669720450361745,-0.116670234170983,-0.154398732822467,0.351830129714457,0.0174879061603665,-0.0415599982875979,0.075260071064686,-0.0430241020591635,0.00851920030823237,-0.0875979279934929,-0.195774647887324,-0.0383877734492059,-0.0546769981591678,0.00663555802902522,-0.0595573440643863,0.018947728926752,1,-0.198296159938354,-0.124487349629693,-0.289087717796139,0.191467956676228,0.16051200821953,0.0367139004238195,0.194948413887581,0.0430669121109637,-0.0330493599897256,-0.000881887067083351,0.0529860011130613,-0.0307076501562567,0.076052057022989,-0.0116400530844642,-0.0262982148208399,-0.00122008647630464,-0.0914593946658675,-0.00958517059805642,0.0361402457296973,0.0619290209341153,-0.238841559998288,-0.110908001198681,-0.0052356693351599,-0.335031465388073,-0.0162378526478017,-0.0963525835866261,0.389734149578321,0.308262339997431,0.0229504687700672,-0.280684104627767,-0.208626225437733,-0.0348302581446124,0.0569544929149364,-0.155961299713173,-0.101506913823366,0.507080782567747,0.0441286013956077,0.059732865276767,-0.069998715698446,-0.30789845455713,0.136067468641637,0.0627167258872383,-0.0849351427715228,0.196814932146068,0.0858041868230661,0.0714157284130314,-0.146016524679995,-0.0157155700158397,0.223288668179288,-0.00494456098291879,0.300363885440301,-0.33674814846526,0.075529774391027,0.0714028853974913,-0.0756881715826876,-0.146752857570958,0.0425574724945417,0.0703240720921272,-0.0671390042381951,0.256445053298514,0.146132111819855,-0.0289652810479901,-0.003420523138833,-0.206143242433323,-0.14730938824436,0.020531700843358,0.017376600025686,0.0412945759664369,0.0302153345605548,-0.235138490517574,-0.092354124748491,-0.194331949141658,-0.0175735262639668,-0.0788133053640995,0.272156342309174,0.0320176377413417,-0.0989682777516161,-0.0749389956761848,-0.36832484267306,0.00729911383192774,-0.205916349158782,0.0260670405411191,-0.0316066612440601,0.239642107966951,0.289417355195,-0.086061047133867,-0.075264352069866,0.179220000856201,0.230185367524295,-0.0778672032193159,-0.0159210582644805,-0.228687015711289,-0.0789074874780598,0.134025429170769,-0.112774519457169,0.180705509653667,-0.0816730168243504,-0.0155015197568389,-0.033169228134766,-0.061047133867032,-0.205916349158782,0.0305064429127959,-0.0190076629992722,-0.388873667537138,0.02895671903763,0.0385675756667666,-0.137497324371762,0.197183098591549,-0.028695577721649,0.0205702298899782,0.147180958088959,-0.0937454514319962,0.127441243203904,-0.0481912753114431,-0.0959330450789845,-0.0286185196284088,-0.0884027569673359,-0.0941949569758979,-0.0153730896014384,-0.139012800205488,-0.0776959630121152,-0.177370606618434,-0.272229119397234,-0.00504730510723918,0.05263923969348,0.234397876621431,-0.0481784322959031,0.037625754527163,-0.159775675328567,-0.0532214563979622,0.430690526135537,-0.0549381394751488,-0.0952138362087418,-0.304388030309517,0.18161736375701,-0.273898711417441,-0.121918746521683,-0.0528618519628409,0.039727728070551,-0.102037758465688,-0.342279207157841,-0.130925981420438,-0.216302067725502,-0.248824864078086,-0.127085919773963,-0.325733122137078,-0.0463333190633161
"Arabitol/Xylitol",-0.126067040541119,-0.141667023417098,0.227954963825506,0.00469626268247785,-0.101990667408708,0.246722890534698,0.0688685303309217,-0.217256731880646,-0.299747420694379,0.241371634059677,-0.150160537694251,0.346260541975256,-0.0835523780983775,-0.0203005265636371,-0.0293933815659917,-0.0659488847981506,0.0605590992765101,-0.175448435292607,0.390085192003082,0.100505158611242,-0.0762661072819898,0.0918960571942292,-0.244877777302111,0.0336529817201079,0.0514962113104157,0.0824221927308532,-0.371621216661672,-0.412890106597029,0.0656834624769896,-0.316725887238324,0.261021447835952,0.207538850122009,0.219902393081896,0.141208955862837,0.375465559313327,-0.182036902264652,0.101986386403528,-0.198296159938354,1,-0.218057279849309,0.137296117128302,0.187285414615352,-0.522393938096665,-0.328712701742369,-0.0499079583886297,-0.298163448777773,-0.116259257673702,-0.149265807611627,0.24464660302239,0.116901408450704,0.254664155143628,0.27112033905561,-0.2420737189092,-0.230279549638255,-0.149235840575367,-0.164964253606747,0.0672802774091357,-0.288137334646175,0.031311271886639,0.232565606404384,0.0808210967935271,-0.228776916820069,-0.208433580204632,0.182781797165975,0.0821910184511323,0.0899781668735819,-0.0970332634102487,0.193432938053855,-0.0439916092298472,-0.146632989425917,0.0561154158996532,-0.127984930861766,0.0948970418254206,-0.00848495226679224,0.0185110663983903,0.0066569630549253,0.0520784280148979,0.146470311229077,0.367216062331435,0.343533541675585,-0.169039770538122,0.0123892289909671,-0.319940922128516,0.375003210753885,-0.0455798621516332,0.014217218202834,-0.0833169228134766,0.325497666852177,0.0669806070465345,0.145759664369194,-0.0274840532557044,0.0164690269275226,0.262973586198039,-0.00534697546984032,-0.212885825591849,0.0655079412646089,0.0033948371077529,-0.0420908429299199,0.307294832826748,0.0276981035147053,0.0324157712230832,-0.174703540391284,-0.048422449591164,-0.145935185581575,-0.0139946059334732,0.00725630378012757,-0.0445952309602295,-0.0756282375101674,0.195440729483283,0.011575838006764,0.177349201592534,0.309739286784537,-0.0598270473907273,-0.240151547583373,-0.0698231944860653,0.0432167472922642,0.292632390085192,0.159163491587825,-0.0585598698574425,0.277199366411233,-0.228571428571429,-0.247874480928122,-0.318571000470911,0.134830258144612,0.0820797123164519,-0.0060276552934629,-0.0046577336358577,0.280752600710647,0.241298856971617,0.0605762232972302,-0.11842544629479,0.0964681707264866,-0.0869172481698703,-0.164463376000685,0.351329252108395,-0.155558885226251,0.0843358020463205,-0.032886681792885,0.135566591035575,0.295757523866604,-0.144120039385248,0.0596001541161865,0.0836594032278779,-0.00250866903548953,0.375666766556787,0.0557130014127317,-0.0505843572070722,0.0818314140160109,0.143225309302624,-0.17622757823537,-0.024213365298172,0.371612654651312,0.135224110621174,-0.146487435249797,-0.0028169014084507,0.124320390427672,0.107350485894088,0.21579690911426,0.0888180144697975,0.308861680722634,-0.108758936598313,0.217410848067126,-0.0335630806113275,-0.169681921315125,0.197521298000771,-0.348807740057365,-0.221203818656621,0.207504602080569,-0.270829230703369,-0.128353097307248,0.278320989768398,0.104323815231816,-0.29744423990753,0.160760306519971,0.0863393124705681,0.181955563166231,-0.211528746949784,0.256975897940837,0.309135665054155,-0.182276638554733,0.0273213750588638,-0.0439744852091271,0.054741213236868,0.213784836679652,0.0170512436320048
"Arginine",0.644954835395351,0.780071920887024,-0.688552592148636,-0.137668564578963,-0.00831371205959159,0.422869129671647,-0.393835352540777,0.185936897983647,0.552369536367139,0.253914979237125,0.584588381351941,0.266912110963654,0.651187978937455,-0.359989725587568,0.0149235840575367,0.545323001840832,-0.626850464489062,-0.158816730168243,0.183916263538679,0.0735990410548397,0.137749903677383,0.0541804015582859,0.10005993407252,0.117804700543688,-0.18944732223126,0.0768740100175521,0.320514576822638,0.309101417012715,0.317085491673445,0.419829615993835,-0.033935528061989,0.0833340468341967,0.601982105398348,0.288180144697975,-0.47095766085877,-0.0651868658761077,0.00833083608031166,-0.124487349629693,-0.218057279849309,1,0.0701571128901066,-0.571925168029453,0.297773877306392,0.453097307247742,-0.333944090072349,0.738910056081168,0.686228006335888,0.802423048931889,-0.317368038015326,-0.221469240977782,0.045524209084293,-0.28940879318464,0.49209298343251,0.233117856072606,0.762404212509097,0.678607817115459,0.330750460208057,0.29992722291194,-0.119958046149236,-0.305924911169143,-0.49994006592748,-0.06053341324543,0.374789160494884,-0.366008818870671,-0.559446037929706,-0.249659660088189,-0.5525707436106,-0.0893231730810394,0.2157027270003,0.636165931760777,-0.661351085234813,0.161137034975812,0.531803587482341,-0.264758765358106,-0.632158910912282,-0.610830943105441,-0.467896742155058,0.242801489789803,-0.678303865747678,-0.639308189562909,-0.162339997431397,-0.186373560512008,0.556890277837236,-0.728190419110407,-0.352086990025258,-0.237219059035061,-0.082118241363072,0.241440130142557,-0.188458410034676,0.168898497367182,0.310967935271202,-0.291104071235926,-0.468547454942421,-0.395667622757824,0.529997003296374,0.131713686373561,0.178646346162079,-0.523858041868231,0.13147395008348,0.582229547497752,0.595171026156942,-0.111443126846183,0.302264651740229,-0.37110321503489,-0.371539877563252,-0.319615565734835,-0.513455199280791,0.117830386574768,-0.069746136392825,-0.179228562866561,0.446183483882016,0.388214392739415,-0.425048161308275,0.633610171668308,0.329282075431311,-0.522149920801404,0.324483068624513,0.349526948927608,0.0415000642150777,-0.269985872682906,0.353414101631063,0.0106254548568004,0.219880988055996,-0.354955263495869,-0.0496082880260285,-0.537634316537523,-0.537634316537523,0.00327068795753243,0.104640609615138,0.394036559784237,0.191887495183869,0.0249325741684147,0.194481784322959,0.203043794682992,-0.0908086818785051,0.767507170683676,0.0501391326683505,0.71589109122822,0.201866518258487,-0.790701656749005,0.621991523609744,-0.0806113275397063,0.0593989468727257,0.129645960871613,-0.139209726443769,-0.049749561196969,0.307551693137549,0.171753927822253,-0.386001113061347,0.648850550109166,0.250999614709534,-0.517085491673445,0.150344620916991,0.672674343935956,0.135309730724774,-0.433961214093069,-0.565465131212809,-0.575311443126846,0.482897384305835,-0.543096879147224,0.43431225651783,-0.566068752943191,0.132283060062503,-0.174960400702085,-0.311657177105184,0.433075046020806,0.0477760178089815,-0.575671047561968,0.0777216490431953,0.764951410591207,-0.314876493000557,0.311164861509482,0.215351684575538,-0.047883042938482,0.507046534526307,-0.516023802388801,-0.24485209127103,-0.104430840361317,0.238143756153945,0.770161393895287,-0.489053469754698,0.109353996318336,0.420313369579177,0.0667109037201935,-0.0807012286484867
"Argininosuccinate",0.246230574938996,-0.0463376000684961,0.19733721477803,0.28169870285543,0.12634102487264,0.0789802645661201,0.0328524337514448,-0.194233486022518,-0.341624213365298,-0.311019307333362,-0.0482726144098634,0.111965409478145,-0.226007106468599,-0.188466972045036,0.196519542788647,-0.1052699173766,-0.289687058521341,-0.0739629264951411,0.354574254034847,0.254492914936427,0.0958773920116443,0.22892247099619,-0.152313883299799,0.0682777516160795,-0.151063829787234,0.227663855473265,-0.100406695492102,-0.153872169185325,0.128267477203647,-0.301905047305107,0.340562524080654,0.369733293377285,0.0657134295132497,-0.0820026542232116,0.219833896999015,0.25539192602423,0.158696862023203,-0.289087717796139,0.137296117128302,0.0701571128901066,1,-0.187246885568732,-0.340922128515776,-0.308240934971531,-0.335630806113275,-0.130960229461878,0.10250866903549,-0.0779999143798964,0.218802174750631,0.269283787833383,0.196322616550366,0.202427329937069,-0.328113361017167,-0.136696776403099,-0.196532385804187,-0.161890491887495,-0.109914807996918,-0.304816130827518,0.198925467699816,0.30799691767627,-0.40776146239137,0.0935314011729954,-0.276608587696391,0.0580247442099405,-0.258354381608802,-0.181373346461749,-0.105441157583801,0.17621045421465,0.19219144655165,-0.114829401943576,0.126743439359562,-0.191673444924868,0.104769039770538,-0.16570486750289,0.110736760991481,0.104088359946916,-0.240091613510852,0.261633631576694,0.14483496725031,0.056573483453915,-0.334629050901152,-0.310723917975941,-0.366531101502633,0.113784836679652,0.0858384348645062,0.0256046919816773,-0.332920929834325,0.295560597628323,-0.21065542189306,0.0585127788004624,-0.268127916434779,0.021315124791301,0.115103386275097,0.0989982447878762,-0.268149321460679,0.126764844385462,-0.351872939766257,-0.0814118755083694,0.329808639068453,-0.0940708078256775,-0.0812577593218888,-0.0864634616207886,0.02105398347532,-0.238152318164305,0.174716383406824,0.0401472665781926,0.0651354938139475,0.158645489961043,0.101827989211867,0.0927265721991524,0.00811678582131084,0.201018879232844,-0.335587996061475,-0.258341538593262,-0.149454171839548,0.169352283916264,0.333477460507727,0.154805428314568,0.0904062673915836,-0.0629607431824993,0.240648144184254,-0.321636200179802,-0.283787833383278,0.309032920929834,0.27361188407038,-0.0318121494927009,-0.138541889635686,0.337073504858941,0.0355451860096751,0.305496810651141,-0.0454043409392525,-0.314730938824436,0.328584271586969,-0.158529902821182,0.0381309131384049,-0.101648186994306,0.275743824650028,0.0593347317950255,0.0369108266621003,0.0846354724089216,-0.196014384177405,0.283047219487136,0.222411062117385,0.282109679352712,0.239025643221028,0.0429770110021833,0.237214778029881,-0.0930562095980136,-0.157185667194657,0.0156641979536795,-0.140331349800933,0.410385718566719,0.395654779742283,-0.283453914979237,-0.0147908728969562,0.0163876878291023,-0.125681750074918,0.393587054240336,-0.0199751701699559,0.367755468984117,0.188745237381737,0.100629307761462,-0.312941478659189,-0.135934757481057,0.191639196883428,-0.32902093411533,0.00321931589537223,0.4525065285329,-0.308527762318592,0.00806113275397063,0.293878162592577,0.209538079541076,-0.177991352369536,0.279100132711161,-0.0288240078770495,0.273016824350357,-0.0775889378826148,0.148011473093882,0.580632732565606,0.0340982062588296,0.0425103814375615,0.124187679267092,-0.205740827946402,0.0407637313241149,0.151496211310416
"Asparagine",-0.478243931675157,-0.462845156042639,0.50261997517017,-0.050271843828931,-0.0702812620403271,-0.299593304507898,0.126058478530759,-0.147758893788261,-0.299058178860396,-0.160011130613468,-0.391356650541547,-0.175581146453187,-0.396040070208485,0.305766513977482,-0.0570144269874567,-0.364788732394366,0.480701228648487,0.00785992551050987,-0.0910227321375059,-0.0507341923883728,-0.135296887709234,0.244239907530288,-0.12904233914123,-0.0354381608801747,0.217804700543688,-0.0933002268932746,-0.33162806626996,-0.195851705980564,-0.36842758679738,-0.402786934372191,0.0426088445567019,0.153050216190762,-0.388163020677255,-0.0716725887238324,0.47637741341667,-0.0304636328609958,0.0946102144783595,0.191467956676228,0.187285414615352,-0.571925168029453,-0.187246885568732,1,-0.277862922214136,-0.424093497153132,0.331812149492701,-0.541722676484439,-0.433164947129586,-0.501935014341367,0.236559784237339,0.176163363157669,0.0414101631062974,0.282773235155615,-0.319358705424034,-0.344235626525108,-0.571582687615052,-0.32111391754784,-0.285200565092684,-0.278145468556017,-0.0331820711503061,0.182717582088274,0.352390941393039,-0.178672032193159,-0.3052913224025,0.23934671860953,0.41568988398476,0.22636242989854,0.228177576094867,0.193176077743054,-0.130288111648615,-0.378543602037758,0.347673273684661,-0.2158953722334,-0.278261055695877,0.208767498608673,0.324384605505373,0.296789246114988,0.467935271201678,-0.226653538250781,0.560995761804872,0.504084078941735,0.296502418767927,0.750849779528233,-0.386998587268291,0.581210668264909,-0.0607003724474507,0.0648572284772465,0.124590093754013,-0.0949312898668607,0.174562267220343,-0.0271972259086433,-0.298916905689456,0.350220471766771,0.533618733678668,-0.00457211353225737,-0.280131854959545,-0.00106168928464403,-0.136384263024958,0.484682563465902,-0.0249454171839548,-0.391185410334347,-0.396673658975127,0.0476047776017809,0.0238837278993108,0.264514748062845,0.142471852390941,0.21834838820155,0.45781497495612,-0.349432766813648,0.00296673658975127,0.350288967849651,-0.342510381437562,-0.288235797765315,0.420441799734578,-0.470486750288968,-0.109084292991995,0.409675071706837,-0.283834924440259,-0.237844085791344,-0.335994691553577,0.388796609443897,-0.3474506614153,0.0455670191360932,-0.199486279378398,0.231799306477161,0.0647544843529261,0.383411104927437,0.497230189648529,0.0107624470225609,-0.108810308660473,-0.342300612183741,-0.206879575324286,0.0743653409820626,-0.328331692281348,0.0552121238066698,0.148208399332163,-0.481818571000471,-0.141786891562139,-0.476642835737831,-0.279553919260242,0.504529303480457,-0.339106982319449,0.0269061175564022,0.0708549167344493,-0.200209769253821,0.158058992251381,0.114414144441115,-0.299576180487178,-0.12116528961,0.302427329937069,-0.465602123378569,0.0233186352155486,0.399019649813776,-0.22902093411533,-0.343195342266364,-0.11302709876279,0.338940023117428,0.274369621987243,0.374382465002783,-0.305783637998202,0.304991652039899,-0.463354595659061,0.19736290080911,0.214923584057537,0.170533841345948,0.330480756881716,-0.414367053384135,-0.12110963654266,0.401596814932146,-0.0716811507341924,-0.490958517059806,0.102812620403271,-0.164698831285586,-0.252108395051158,-0.0126760563380282,-0.361239779100133,0.222119953765144,0.237291836123122,0.0549509824906888,-0.267930990196498,-0.586313626439488,0.367087632176035,0.103125133781412,-0.160833083608031,0.0598612954321675,0.00159253392696605
"Aspartic Acid",0.127762318592405,0.332133224881202,-0.495312299327882,-0.226739158354382,0.0151932873838777,-0.134569116828631,-0.103694507470354,0.159805642364827,0.422423905132925,0.156774690697376,0.266766556787534,-0.244205659488848,0.327385590136564,-0.00110021833126418,-0.0655421893060491,0.233648700714928,-0.0977396292649514,0.0798921186694636,-0.507127873624727,-0.196523823793827,-0.130343764715955,-0.288625369236697,0.32362686758851,-0.111027869343722,-0.0711973971488506,-0.153247142429042,0.369771822423905,0.433400402414487,0.0812406353011687,0.497546984031851,-0.400312513378141,-0.395796052913224,-0.0534654736932232,0.101536880859626,-0.616571771051843,-0.0222483839205445,-0.228288882229547,0.16051200821953,-0.522393938096665,0.297773877306392,-0.340922128515776,-0.277862922214136,1,0.518999100988912,-0.149372832741128,0.450481613082752,0.266809366839334,0.342523224453102,-0.282837450233315,-0.307577379168629,-0.474797722505244,-0.379095851705981,0.406490003852905,0.335416755854275,0.450468770067212,0.237886895843144,0.152943191061261,0.389888265764802,-0.17116743011259,-0.283680808253778,0.123138832997988,-0.0143841774048547,0.411699987156984,-0.18693009118541,-0.0748319705466844,-0.0883256988740956,0.10005137206216,-0.219696904833255,-0.0548011473093882,0.34998929748705,-0.299833040797979,0.296789246114988,-0.0839933216319192,-0.0737445952309602,-0.259231987670705,-0.253302795496383,0.0321803159381823,-0.132809623699645,-0.471642621687572,-0.375482683334047,0.283976197611199,-0.061051414872212,0.566843614880774,-0.470555246371848,0.23433794254891,-0.0963868316280663,0.170508155314868,-0.33155957018708,-0.0410077486193758,-0.174956119696905,0.278303865747678,-0.321332248812021,-0.35530630592063,0.153880731195685,0.406117556402243,-0.133597328652768,0.215000642150777,-0.296215591420866,-0.386437775589708,0.163303223596901,0.164548996104285,-0.0291322402500107,-0.0879318463975342,0.164120895586284,-0.261860524851235,-0.180213194057965,-0.179712316451903,0.172130656278094,-0.0696091442270645,-0.293959501690997,0.0806027655293463,-0.0972430326640695,0.0483496725031037,0.475701014598228,0.151235069994435,-0.344582387944689,-0.137266150092042,-0.138019607003724,-0.108236653966351,-0.151543302367396,0.204965966008819,0.536332890962798,0.350926837621474,-0.468864249325742,-0.330870328353097,-0.204028425874395,-0.15791343807526,-0.398133481741513,-0.238314996361146,-0.00633160666124406,0.16577764459095,0.101669592020206,-0.000244017295260927,0.239021362215848,-0.0630634873068196,0.343199623271544,0.00346333319063316,0.178500791985958,0.0203818656620575,-0.397829530373732,0.285637227621045,-0.297195941607089,-0.263410248726401,-0.0201549723875166,-0.605869258101802,-0.0533541675585427,0.00671689712744552,0.021845969433623,-0.0261783466757995,0.317252450875466,0.133169228134766,-0.633948371077529,-0.206571342951325,0.345669763260414,0.0303822937625755,-0.190016695920202,-0.0337000727770881,-0.543225309302624,0.0399160922984717,-0.355627381309131,0.323541247484909,-0.309114260028255,0.135921914465516,0.150310372875551,-0.431996232715442,0.533319063316067,0.396438203690226,-0.474254034847382,0.317440815103386,0.308540605334132,-0.28693009118541,-0.0847981506057622,0.398296159938353,-0.309067168971274,0.0622158482811764,-0.408596258401473,0.159124962541205,-0.177627466929235,-0.393925253649557,0.336572627252879,-0.325921486364998,-0.211935442441885,0.203082323729612,-0.199520527419838,-0.181857100047091
"Azelaic Acid",0.096832056166788,0.280328781197825,-0.528374502333148,-0.348991823280106,-0.122025771651184,-0.0706451474806284,-0.0475748105655208,0.248512350699944,0.738088103086605,0.15262639667794,0.283068624513036,-0.22096836337172,0.52632390085192,-0.150961085662914,-0.202311742797209,0.352836165931761,-0.227406995162464,-0.104614923584058,-0.249856586326469,-0.151093796823494,-0.183646560212338,-0.344599511965409,0.108133909842031,-0.207076501562567,-0.165983132839591,-0.14468941307419,0.256303780127574,0.345370092897812,0.00377584656877435,0.926961770623743,-0.388788047433537,-0.446401815146196,0.0482169613425232,0.0542703026670662,-0.582858855259215,-0.164356350871185,-0.107607346204889,0.0367139004238195,-0.328712701742369,0.453097307247742,-0.308240934971531,-0.424093497153132,0.518999100988912,1,-0.0475063144826405,0.62894387602209,0.241568560297958,0.344445395778929,-0.333978338113789,-0.100273984331521,-0.426075602551479,-0.24462091699131,0.729671646902693,0.456171068966993,0.512329294918447,0.44996361145597,0.104794725801618,0.694948413887581,-0.294477503317779,-0.31318549595445,0.0808810308660473,-0.205864977096622,0.643366582473565,-0.339021362215848,-0.222479558200265,-0.147853075902222,0.061843400830515,-0.251877220771437,-0.0422877691682007,0.476865448007192,-0.387191232501391,0.214863649985016,0.101065970289824,-0.0146324757052956,-0.334359347574811,-0.312569031208528,-0.351778757652297,-0.125022475277195,-0.527646731452545,-0.355032321589109,0.021589109122822,-0.116528961000043,0.863859754270303,-0.49733293377285,0.0564279292777944,-0.123930818956291,0.177310672545914,-0.208664754484353,-0.0925681750074917,-0.174176976754142,0.433871312984289,-0.276043495012629,-0.331221370777859,-0.0248640780855345,0.567010574082795,-0.127916434778886,0.106511408878805,-0.263654266021662,-0.256445053298514,0.155019478573569,0.142835737831243,0.040780855344835,-0.0975940750888309,0.0769339440900724,-0.0969348002911084,-0.2422235540905,-0.245245943747592,0.347210925125219,0.00462348559441757,-0.31576266107282,0.0343465045592705,-0.185868401900766,-0.115266064471938,0.627835095680466,0.371698274754912,-0.44204375187294,-0.180101887923284,-0.110779571043281,-0.0606490003852905,-0.326349586883,0.043944518172867,0.311002183312642,0.688261483796395,-0.53169228134766,-0.330352326726315,-0.352433751444839,-0.197517016995591,-0.270670833511709,-0.287366753713772,-0.120583072905518,0.243246714328524,-0.0169699045335845,-0.0189177618904919,0.329380538550452,-0.073423519842459,0.314816558928036,0.00494884198809881,0.219662656791815,0.0093411533027955,-0.501001755212124,0.361393895286613,-0.217145425745965,-0.247185239094139,-0.176043495012629,-0.387366753713772,-0.181715826876151,0.056856029795796,-0.14462091699131,-0.254441542874267,0.348816302067726,0.0497538422021491,-0.598154886767413,-0.251431996232715,0.558679738002483,-0.0391540733764288,-0.276552934629051,-0.0138533327625326,-0.554176120553106,0.0617663427372747,-0.528618519628409,0.260387859069309,-0.337848366796524,-0.0465002782653367,0.232741127616764,-0.426627852219701,0.954206087589366,0.251517616336316,-0.604730510723918,0.307059377541847,0.308557729354853,-0.307658718267049,-0.00897726786249411,0.469309473864463,-0.399178047005437,0.103750160537694,-0.54995076844043,-0.00132711160580504,-0.0809067168971274,-0.252181172139218,0.381976968192132,-0.43416670234171,-0.208981548867674,0.133785692880688,-0.295038314996361,-0.0811250481613083
"betaAlanine",-0.421957275568303,-0.297739629264951,0.293283102872554,-0.192448306862451,-0.105625240806541,-0.0955648786335031,0.0505672331863522,0.0192688043152532,-0.0466586754569973,0.0545785350400274,-0.215004923155957,-0.0527762318592406,-0.129830044094353,0.372152061303994,-0.047630463632861,-0.0666766556787534,0.454081938439145,0.144000171240207,-0.0870071492786506,-0.0347189520099319,-0.111888351384905,0.143606318763646,0.107423262982148,-0.077096622286913,0.0520441799734578,0.136328609957618,-0.0373988612526221,-0.115343122565178,-0.187358191703412,-0.109520955520356,-0.0708377927137292,0.0585855558885226,-0.207230617749047,-0.0791258187422407,0.0852219701185838,0.094207799991438,0.21567704096922,0.194948413887581,-0.0499079583886297,-0.333944090072349,-0.335630806113275,0.331812149492701,-0.149372832741128,-0.0475063144826405,1,-0.213545100389571,-0.445186009675072,-0.323481313412389,-0.0957104328096237,0.212213707778586,-0.113480885311871,-0.048940451217946,-0.0551992807911298,-0.178256774690697,-0.2000642150777,-0.172901237210497,0.00196498137762747,-0.0445909499550494,-0.0461278308146753,-0.134971531315553,0.236007534569117,-0.104935998972559,0.0388458410034676,0.259651526178347,0.398377499036774,0.137732779656663,0.196528104799007,0.0136178774776317,-0.0610214478359519,-0.154801147309388,0.174669292349844,0.117419410077486,-0.0980478616379126,0.179849308617663,0.154754056252408,0.163457339783381,0.214409863435935,-0.19481998373218,0.184965109807783,0.162014641037716,0.108998672888394,0.425728841131898,-0.0721563423091742,0.205702298899782,-0.236628280320219,0.222081424718524,0.143653409820626,-0.189284644034419,0.107538850122009,-0.125758808168158,0.0433494584528447,0.00114302838306434,0.207496040070208,-0.233687229761548,-0.111207671561283,-0.165353825078128,0.017629179331307,0.385358962284344,-0.11589965323858,-0.201810865191147,-0.223506999443469,0.282983004409435,0.048936170212766,0.0569373688942164,-0.021589109122822,0.192718010188792,0.178047005436877,-0.0742583158525622,0.00224752771950854,0.262554047690398,-0.107183526692067,-0.366073033948371,0.399721734663299,-0.174750631448264,0.157416841474378,0.300629307761462,-0.227385590136564,-0.0776574339654951,0.0333276253264266,0.0367395864548996,-0.324825549038914,-0.0147138148037159,0.0354424418853547,0.0453058778201122,-0.113964638897213,0.350460208056852,0.330818956290937,-0.0758636927950683,-0.0407680123292949,-0.348058564150863,0.0862793783980479,0.268808596258401,-0.251885782781797,0.00636585470268419,-0.100903292092983,-0.299661800590779,-0.280084763902564,-0.288359946915536,-0.117663427372747,0.0800847639025643,-0.175683890577508,0.0928464403441928,-0.132372961171283,-0.143041226079884,0.187353910698232,-0.0449077443383707,-0.0382850293248855,-0.0104627766599598,0.00605762232972302,-0.314598227663855,-0.0240378440857913,-0.0523952223982191,-0.312033905561026,-0.107170683676527,-0.0190932831028726,0.0208399332163192,0.162605419752558,0.17624898326127,-0.266244274155572,0.123481313412389,-0.235866261398176,0.203120852776232,0.00723061774904748,0.200770580932403,-0.00639154073376429,-0.0872896956205317,-0.192414058821011,0.0694293420095038,0.155965580718353,-0.168812877263581,-0.0389143370863479,-0.136611156299499,0.0290423391412304,-0.163688514063102,-0.268110792414059,0.158110364313541,0.198801318549595,0.000231174279720878,-0.211614367053384,-0.364908600539407,0.099225138062417,0.0433580204632048,-0.21829273513421,-0.0793612740271416,-0.0595402200436662
"Betaine",0.500402414486922,0.725356393681236,-0.73417526435207,-0.135416755854275,-0.0870585213408108,0.271509910526992,-0.362053170084336,0.276707050815531,0.727788004623486,0.278115501519757,0.555023759578749,0.0797979365555032,0.752938910056081,-0.221567704096922,-0.16568346247699,0.62117813262554,-0.472473136692495,-0.076570058649771,0.0100261141315981,0.0406310201635344,-0.0847810265850422,-0.318040155828589,0.113403827218631,-0.118870670833512,-0.0763560083907702,-0.0905646645832442,0.362391369493557,0.441915321717539,0.176163363157669,0.599700329637399,-0.253508283745023,-0.287987499464874,0.457575238666039,0.187687829102273,-0.640190076629993,-0.164647459223426,-0.158624084935143,0.0430669121109637,-0.298163448777773,0.738910056081168,-0.130960229461878,-0.541722676484439,0.450481613082752,0.62894387602209,-0.213545100389571,1,0.61315552891819,0.773847339355281,-0.369968748662186,-0.249000385290466,-0.105526777687401,-0.341838263624299,0.590757309816345,0.320613039941778,0.767494327668136,0.70269275225823,0.240934971531316,0.445665482255234,-0.365546470311229,-0.41306134680423,-0.292760820240593,-0.133682948756368,0.582422192730853,-0.401378483667965,-0.416314910741042,-0.114294276296074,-0.298368937026414,-0.238597542703027,0.00982918789331735,0.526156941649899,-0.561205531058693,0.180029110835224,0.403685945459994,-0.113361017166831,-0.522098548739244,-0.483278393766856,-0.522929063744167,0.0988698146324757,-0.630900295389357,-0.523866603878591,-0.133704353782268,-0.203822937625755,0.739847596215591,-0.65782353696648,-0.160276552934629,-0.331392610985059,0.00569801789460165,-0.0439916092298472,-0.0231987670705082,0.0522710732479986,0.405770794982662,-0.378594974099919,-0.524628622800634,-0.236594032278779,0.675307162121666,0.0134808853118712,0.151158011901194,-0.512603279249968,-0.013694935570872,0.510145982276639,0.523220172096408,-0.0284900894730083,0.143409392525365,-0.146568774348217,-0.258666894986943,-0.397786720321932,-0.447035403912839,0.133310501305707,0.00414829401943576,-0.37380452930348,0.323455627381309,0.163752729140802,-0.278466543944518,0.784798150605762,0.329564621773192,-0.558020463204761,0.163992465430883,0.159788518344107,-0.0579862151633204,-0.321995804614924,0.417749047476347,0.230960229461878,0.406656963054925,-0.457391155443298,-0.170863478744809,-0.458170298386061,-0.47907444668008,-0.209812063872597,0.0170512436320048,0.330245301596815,0.129997003296374,0.0186609015796909,-0.104259600154116,0.137925424889764,-0.145408621944433,0.742801489789803,-0.0171967978081253,0.639282503531829,0.0801532599854446,-0.73674386746008,0.689678496510981,-0.279934928721264,-0.230330921700415,-0.136028939595017,-0.314936427073077,-0.0511622929063744,0.291172567318806,0.224457382593433,-0.318613810522711,0.739278222526649,0.0923498437433109,-0.628502932488548,0.0515604263881159,0.629367695534912,0.20267990924269,-0.367841089087718,-0.293681236354296,-0.766830771865234,0.398142043751873,-0.666364142300612,0.291493642707308,-0.398411747078214,0.0989126246842759,0.0277280705509654,-0.391446551650327,0.614559698617235,0.103561796309774,-0.633841345948029,0.276133396121409,0.596639410933687,-0.369339440900723,0.0513463761291151,0.438867246029368,-0.256911682863136,0.452348131341239,-0.69462733849908,-0.220052228263196,-0.0620874181257759,-0.0395436448478103,0.814966394109337,-0.520797123164519,-0.0914422706451475,0.351372062160195,-0.0400616464745922,-0.124478787619333
"Biopterin",0.770931974827689,0.712337856928807,-0.598279035917633,0.0246628708420737,0.0417312384947986,0.501438417740485,-0.419204589237553,-0.00832227406995163,0.375251509054326,0.313301083094311,0.560208056851749,0.379446894130742,0.471321546299071,-0.226585042167901,-0.028425874395308,0.413994605933473,-0.558521340810822,-0.041315980992337,0.192700886168072,0.0691682006935228,0.271963697076073,-0.10259000813391,0.0962412774519457,0.238426302495826,-0.105419752557901,-0.00509867716939938,0.235716426216876,0.35801618219958,0.418142899952909,0.187897598356094,0.077105184297273,-0.0345905218545314,0.632625540476904,0.260880174665011,-0.39738002482983,-0.0744509610856629,-0.0288839419495698,-0.0330493599897256,-0.116259257673702,0.686228006335888,0.10250866903549,-0.433164947129586,0.266809366839334,0.241568560297958,-0.445186009675072,0.61315552891819,1,0.711849822338285,-0.243876022089987,-0.262853718052999,0.0616850036388544,-0.338969990153688,0.250477332077572,0.2000214050259,0.642429042339141,0.554647031122908,0.382709020077914,0.0975255790059506,-0.204602080568518,-0.220553105869258,-0.417624898326127,-0.0245772507384734,0.15515647073933,-0.167956676227578,-0.48407466073034,0.0245215976711332,-0.409812063872597,-0.0565135493813948,0.22881972687187,0.48150177661715,-0.575568303437647,0.0523181643049788,0.327578235369665,-0.233203476176206,-0.566582473564793,-0.546410377156556,-0.352009931932018,0.280696947643307,-0.557660858769639,-0.555811464531872,-0.154634188107368,-0.248743524979665,0.322646517402286,-0.616635986129543,-0.231409735005779,-0.351025300740614,-0.00481184982233829,0.260828802602851,0.0797808125347832,0.0780384434265165,0.164904319534227,-0.281758636927951,-0.457695106811079,-0.253063059206302,0.421666167216062,0.309846311914037,0.169279506828203,-0.561920458923755,0.269181043709063,0.660135279763689,0.661650755597414,-0.292307033691511,0.113836208741813,-0.264339226850465,-0.26049916520399,-0.269699045335845,-0.53953508283745,-0.0908343679095852,-0.0234770324072092,-0.343542103685946,0.405098677169399,0.48155314867931,-0.416430497880902,0.480170384006165,0.105689455884242,-0.491596386831628,0.426786249411362,0.400522282631962,-0.0296331178560726,-0.17639453743739,0.635476689926795,0.0422535211267606,0.0523310073205189,-0.396189905389785,0.193287383877735,-0.393051928592834,-0.50522282631962,-0.0453786549081724,0.177177961385333,0.650772721434993,0.0138148037159125,0.0387388158739672,0.141238922899097,-0.0303908557729355,-0.103112290765872,0.677939980307376,0.10802260370735,0.684875208699003,0.286668949869429,-0.599790230746179,0.482910227321375,-0.281266321332249,0.0935442441885355,0.1473222312599,-0.267768311999658,0.111687144141444,0.246341881073676,0.352322445310159,-0.223361445267349,0.719478573569074,0.210188792328439,-0.36308489233272,0.238845841003468,0.479549638255062,0.236332890962798,-0.357292692324158,-0.451513335331136,-0.5474292563894,0.39745280191789,-0.483351170854917,0.274853375572584,-0.418588124491631,0.139252536495569,-0.261770623742455,-0.265396635129929,0.18675456997303,-0.00372447450661415,-0.392872126375273,0.111336101716683,0.669446466030224,-0.270345477118027,0.19213579348431,0.0813605034462092,0.00662271501348517,0.386382122522368,-0.429928507213494,-0.248645061860525,-0.0679395522068582,0.233926966051629,0.805030181086519,-0.531067254591378,-0.0304165418040156,0.452027055952738,0.0178817586369279,0.0310158825292179
"Cadaverine",0.716901408450704,0.966000256860311,-0.799828759792799,-0.0370820668693009,0.0610171668307719,0.466676655678753,-0.448199837321803,0.189717025557601,0.472421764630335,0.365259642964168,0.621409306905261,0.322235540905005,0.69735861980393,-0.29217004152575,-0.137086347874481,0.479695192431183,-0.594999785949741,-0.0866903548953294,0.22361830557815,-0.0162506956633418,0.0383235583715056,-0.144488205830729,-0.000672117813262554,0.0723532685474549,-0.0587225480542831,0.0481356222441029,0.266873581917034,0.334984374331093,0.447022560897299,0.293116143670534,-0.0711074960400702,-0.0692452587867631,0.655614538293591,0.277563251851535,-0.483479601010317,-0.138529046620146,-0.123254420137848,-0.000881887067083351,-0.149265807611627,0.802423048931889,-0.0779999143798964,-0.501935014341367,0.342523224453102,0.344445395778929,-0.323481313412389,0.773847339355281,0.711849822338285,1,-0.321529175050302,-0.345489961042853,0.158791044137163,-0.329217860353611,0.404336658247356,0.129941350229034,0.780363029239265,0.615090543259557,0.368714414144441,0.217616336315767,-0.251187978937454,-0.380577079498266,-0.426165503660259,-0.0596129971317265,0.337745622672203,-0.38949441328824,-0.499079583886296,-0.190243589194743,-0.616344877777302,-0.145275910783852,0.179168628794041,0.581279164347789,-0.619714028853975,0.117376600025686,0.603536110278693,-0.232304465088403,-0.612813048503789,-0.576814075945032,-0.308656192473993,0.280696947643307,-0.595355109379682,-0.586061047133867,-0.126131255618819,-0.20791985958303,0.480422963311786,-0.656016952780513,-0.288347103899996,-0.398231944860653,-0.024739928935314,0.172648657904876,-0.120583072905518,0.149689627124449,0.31829701613939,-0.353675242947044,-0.541127616764416,-0.334436405668051,0.581304850378869,0.184412860139561,0.267113318207115,-0.608934457810694,0.130052656363714,0.657498180572798,0.7158097521298,-0.178612098120639,0.322877691682007,-0.297576951068111,-0.462840875037459,-0.38690868615951,-0.569275225823023,-0.0253735177019564,-0.0153816516117985,-0.321871655464703,0.583809238409179,0.544462519799649,-0.32626824778458,0.640489746992594,0.287482340853632,-0.602752686330751,0.36039642107967,0.3526135536624,0.00705081553148679,-0.191801875080269,0.466081595958731,0.123532685474549,0.142583158525622,-0.391408022603707,-0.080525707436106,-0.543914551136607,-0.58407894173552,-0.0911040712359262,0.277708806027655,0.477691682006935,0.112650370306948,0.0293719765400916,0.00399845883813519,0.0554047690397705,-0.0942506100432382,0.978085534483497,-0.0166017380881031,0.848011473093882,0.19986728883942,-0.752331007320519,0.778547883042938,-0.237437390299242,-0.0450490175093112,0.0362215848281176,-0.253829359133525,0.0669677640309945,0.351115201849394,0.332552763388844,-0.306198895500664,0.788556873153817,0.139971745365812,-0.494935570872041,0.271270174236911,0.626041354510039,0.304529303480457,-0.403981334817415,-0.575332848152746,-0.766308489233272,0.651920030823237,-0.670799263667109,0.333297658290167,-0.427098762789503,0.199152360974357,-0.18152318164305,-0.27106040498309,0.306952352412346,-0.0293034804572114,-0.589755554604221,0.148572284772465,0.692923498437433,-0.358713986043923,0.179665225394923,0.223023245858127,-0.0597114602508669,0.669651954278865,-0.488492658076116,-0.259416070893446,-0.0594931289866861,0.158341538593262,0.863324628622801,-0.477704525022475,0.0654266021661886,0.546615865405197,0.101845113232587,-0.118686587610771
"cAMP",-0.26315766942078,-0.341144740785136,0.427830814675286,0.191009889121966,-0.0388073119568475,-0.114409863435935,-0.0730639154073376,-0.0848580846782825,-0.452395222398219,-0.315985273342181,-0.53674814846526,-0.0430241020591635,-0.47634744638041,0.133798535896228,-0.047891604948842,-0.485894087931846,0.283342608844557,-0.0786506271672589,0.00818956290937112,0.0146966907829958,-0.0716897127445524,0.053675242947044,-0.318194272015069,-0.290080910997902,0.279451175135922,0.201177276424504,-0.0998116357720793,-0.15264780170384,-0.368975555460422,-0.253324200522283,0.0892803630292393,0.121426430925981,-0.226901836551222,-0.202358833854189,0.397191660601909,-0.119217432253093,-0.137831242775804,0.0529860011130613,0.24464660302239,-0.317368038015326,0.218802174750631,0.236559784237339,-0.282837450233315,-0.333978338113789,-0.0957104328096237,-0.369968748662186,-0.243876022089987,-0.321529175050302,1,-0.0596001541161865,0.351239350999615,0.861496639410934,-0.321850250438803,-0.0958602679909243,-0.46852176891134,-0.330896014384177,-0.220137848366797,-0.162840875037459,-0.0250652853289952,0.575135921914465,-0.0185453144398305,0.0638897213065628,-0.279609572327582,-0.322483839205445,0.258457125733122,0.0490217903163663,0.0733507427543987,0.0920501733807098,-0.263709919089002,-0.356111134894473,0.577610342908515,-0.448289738430583,-0.28412175178732,0.321743225309303,0.571591249625412,0.577212209426773,0.0124406010531273,-0.0150777002440173,0.445768226379554,0.417145425745965,-0.14476219016225,0.0841388758080397,-0.404473650413117,0.433777130870328,0.26050344620917,0.0362558328695578,-0.125018194272015,0.0458923755297744,0.0121195256646261,0.030270987627895,-0.297927993492872,0.118986257973372,0.292636671090372,0.256616293505715,-0.378055567447237,-0.0508198124919731,-0.463410248726401,0.0728584271586969,0.201952138362087,-0.337561539449463,-0.314915022047177,-0.0399503403399118,-0.249518386917248,0.0521512051029582,0.14462519799649,0.119024787019992,0.234718952009932,0.0658418596686502,-0.177914294276296,-0.0680422963311786,-0.173992893531401,-0.0110064643178218,0.0940836508412175,-0.406691211096365,-0.390877177961385,0.150515861124192,-0.196870585213408,-0.270366882143927,-0.223040369878848,-0.00422535211267606,-0.145733978338114,-0.106900980350186,-0.146474592234257,0.280645575581146,0.0243974485209127,0.275936469883129,0.240232886681793,0.0893445781069395,-0.0321803159381823,-0.243606318763646,-0.0909884840960658,-0.351372062160195,-0.175307162121666,0.0145725416327754,-0.0454086219444326,-0.332000513720622,0.378047005436877,-0.295774647887324,-0.236362857999058,0.459874138447707,-0.346025086690355,-0.0235540905004495,-4.70910569801789e-05,-0.0267990924269018,0.0698017894601652,-0.112474849094567,0.062365683462477,-0.0610043238152318,0.307329080868188,-0.322749261526606,-0.187555117941693,0.584566976326041,0.237398861252622,-0.370443940237168,-0.266227150134852,0.384391455113661,0.112924354638469,0.314863649985016,-0.121867374459523,0.329804358063273,-0.203013827646731,0.345776788389914,-0.00232458581274883,0.168641637056381,0.248268333404683,-0.3106040498309,0.109640823665397,0.322359690055225,-0.158315852562182,-0.485585855558885,0.174853375572584,-0.304126888993536,0.0639967464360632,-0.0322659360417826,-0.16050772721435,0.378201121623357,0.147938696005822,-0.137587225480543,0.00148550879746564,-0.351813005693737,0.437099190890021,-0.197692538207971,-0.488946444625198,0.0170854916734449,0.0295474977524723
"Carnitine",-0.159356136820926,-0.339732009075731,0.341149021790316,0.00817671989383107,-0.151115201849394,-0.0767926709191318,0.376591463675671,-0.128100518001627,-0.108514919303052,-0.0605462562609701,-0.262609700757738,-0.0203604606361574,-0.148276895415043,-0.0177961385333276,0.219444325527634,-0.11577978509354,0.0917676270388287,0.130009846311914,0.206083308360803,0.176518686587611,-0.13169228134766,0.167618476818357,0.0640695235241235,0.0272914080226037,0.0070251295004067,-0.0120553105869258,-0.347596215591421,-0.418553876450191,-0.109413930390856,-0.156778971702556,0.0542317736204461,0.194387602208999,-0.181150734192388,-0.108639068453273,0.327946401815146,0.163512992850721,0.161646474592234,-0.0307076501562567,0.116901408450704,-0.221469240977782,0.269283787833383,0.176163363157669,-0.307577379168629,-0.100273984331521,0.212213707778586,-0.249000385290466,-0.262853718052999,-0.345489961042853,-0.0596001541161865,1,-0.0481955563166231,0.0397833811378912,-0.148666466886425,-0.138349244402586,-0.232390085192003,-0.241414444111477,-0.134603364870071,-0.105479686630421,0.204161137034976,0.103206472879832,0.133644419709748,-0.0184425703155101,-0.0356436491288154,0.380953807954108,0.0837792713729184,-0.0567875337129158,0.127158696862023,-0.10009846311914,0.0357421122479558,-0.280157540990625,0.0674814846525964,0.161265465131213,-0.0219273085320433,0.116563209041483,0.0583929106554219,0.0416327753756582,0.0579476861167002,-0.103463333190633,0.229800077058093,0.174164133738602,0.129466158654052,0.0883899139517959,-0.151748790616037,0.213926109850593,-0.0675157326940366,0.345391497923713,0.066047347917291,-0.00488462691039856,-0.0783809238409179,-0.133473179502547,-0.136504131169999,0.244094353354168,0.158440001712402,-0.0451774476647117,-0.195599126674943,-0.00261569416498994,-0.0516802945331564,0.375508369365127,-0.0201763774134167,-0.270824949698189,-0.298129200736333,0.159891262468428,-0.0124063530116871,-0.169741855387645,0.330266706622715,0.108917333789974,0.276073462048889,0.121897341495783,0.209696476732737,0.253157241320262,-0.0931717967378741,-0.104199666081596,0.017094053683805,-0.220266278522197,0.068945588424162,0.318990538978552,-0.0187336786677512,0.0206943790401986,0.0372490260713215,0.0336230146838478,-0.198904062673916,-0.219979451175136,-0.0403870028682735,0.237150562952181,0.0784579819341581,0.132531358362944,0.126572199152361,0.11303994177833,-0.119615565734835,-0.129586026799092,0.0823836636842331,0.0579648101374203,0.25790915707008,-0.116635986129543,0.13165375230104,-0.377229333447493,-0.114551136606875,-0.157583800676399,-0.0556744723661116,0.0485423177362045,-0.232355837150563,0.317363757010146,0.31569416498994,0.089216147951539,0.230378012757395,0.108056851748791,0.104088359946916,-0.162631105783638,0.0551778757652297,-0.333849907958389,-0.0869600582216705,0.134770324072092,-0.187854788304294,-0.259403227877906,0.00888308574853375,-0.0830900295389357,0.10270131426859,0.420908429299199,-0.234063958217389,0.376933944090072,0.0268162164476219,0.0241234641893917,-0.464989939637827,0.0146795667622758,0.17883899139518,-0.122047176677084,-0.0731880645575581,0.490372019350143,0.0417826105569588,-0.121730382293763,0.312089558628366,-0.022372533070765,-0.11584400017124,0.251153730896014,-0.203895714713815,0.218108651911469,0.0814632475705296,0.255802902521512,0.154762618262768,-0.334051115201849,0.109636542660217,0.0432852433751445,-0.190658846697204,-0.109058606960914,0.037103471895201
"Carnosine",0.253996318335545,0.171869514962113,0.163363157669421,0.339719166060191,0.0906674087075645,0.380795410762447,-0.392897812406353,-0.101361359647245,-0.314208656192474,0.0433837064942849,-0.180577079498266,0.415951025300741,-0.0854831114345648,-0.0890320647287983,0.142788646774263,-0.154535724988227,-0.0280962369964468,-0.05790059505972,0.49472580161822,-0.00309516674515176,0.120022261226936,0.0982747549124534,-0.341568560297958,0.0370050087760606,0.272199152360974,0.172378954578535,-0.185418896356865,-0.177370606618434,0.011318977695963,-0.412209426773406,0.314071664026713,0.280637013570786,0.296879147223768,0.00468770067211781,0.365439445181729,-0.0806541375915065,0.0979665225394923,0.076052057022989,0.254664155143628,0.045524209084293,0.196322616550366,0.0414101631062974,-0.474797722505244,-0.426075602551479,-0.113480885311871,-0.105526777687401,0.0616850036388544,0.158791044137163,0.351239350999615,-0.0481955563166231,1,0.359968320561668,-0.3000642150777,-0.2420951239351,-0.166073033948371,0.0475705295603408,0.0491973115287469,-0.309876278950298,0.0537737060661843,0.177049531229933,-0.518228520056509,0.000958945160323644,-0.288895072563038,-0.277075217261013,0.0261269746136393,0.108977267862494,-0.496159938353525,-0.00882315167601353,-0.0267134723233015,-0.104662014641038,0.1316409092855,-0.409362558328696,0.345631234213793,0.138678881801447,0.0906460036816644,0.105813605034462,-0.130211053555375,0.269069737574382,0.169168200693523,0.0333961214093069,-0.391472237681408,-0.00700800547968663,-0.293604178261056,0.11569844599512,-0.406421507770024,-0.193578492229976,-0.132471424290423,0.477922856286656,0.115338841559998,0.255717282417912,-0.272580161821996,0.129556059762832,-0.0732223125989983,-0.348555160751744,-0.164275011772764,0.187940408407894,-0.167888180144698,0.018160023973629,0.573320775718139,0.138045293034805,0.189177618904919,-0.252913224025001,0.136564065242519,-0.233652981720108,0.0537908300869044,-0.00467485765657776,-0.10002568603108,-0.345245943747592,-0.135082837450233,-0.00559099276510125,0.17375315724132,0.322278350956805,-0.158465687743482,-0.187191232501391,-0.169707607346205,-0.0422149920801404,0.13408536324329,0.335746393253136,0.150674258315853,0.0220300526563637,0.0803287811978253,-0.393274540862194,-0.217440815103386,0.306588466972045,0.266218588124492,-0.00388287169827475,-0.102358833854189,0.299156641979537,0.42360974356779,0.185020762875123,-0.161869086861595,-0.208262339997431,-0.0830729055182157,-0.124799863007834,-0.168200693522839,0.164167986643264,0.0528490089473008,0.235891947429256,-0.113519414358491,0.0686630420822809,0.0107239179759408,-0.071574125604692,0.15000642150777,0.113938952866133,0.205860696091442,0.0944946273384991,0.166376985316152,0.319260242304893,0.0174065670619461,0.0215591420865619,0.134530587782011,0.424363200479473,0.514401301425575,-0.0644291279592448,0.158855259214864,0.134877349201593,-0.328186138105227,0.0761376771265893,0.379887837664284,-0.0151033862750974,-0.212200864763046,0.142848580846783,0.0645575581146453,-0.245031893488591,0.25001926452331,-0.424628622800634,-0.39724303266407,0.175431311271887,-0.180885311871227,-0.0345220257716512,0.0854831114345648,-0.0355494670148551,-0.1263923969348,0.170306948071407,0.350747035403913,0.187597927993493,-0.325339269660516,-0.0643905989126247,0.263465901793741,0.0249668222098549,0.18428442998416,0.112406353011687,0.0056851748790616,0.248229804358063,0.114238623228734
"cGMP",-0.301369921657605,-0.366972045036174,0.4000642150777,0.166578192559613,-0.0275910783852048,-0.111318977695963,-0.00637013570786421,-0.0157540990624599,-0.332925210839505,-0.372956890277837,-0.580307376171925,-0.0598184853803673,-0.390380581360503,0.0658118926323901,-0.0298985401772336,-0.44202662785222,0.235493813947515,-0.106318763645704,0.13691510766728,0.0545828160452074,-0.0918018750802689,0.09737146281947,-0.381968406181771,-0.261376771265893,0.141230360888737,0.111807012286485,-0.291570700800548,-0.335904790444796,-0.395770366882144,-0.154689841174708,0.082627680979494,0.161890491887495,-0.248893360160966,-0.191356650541547,0.416225009632262,-0.204426559356137,-0.112723147395008,-0.0116400530844642,0.27112033905561,-0.28940879318464,0.202427329937069,0.282773235155615,-0.379095851705981,-0.24462091699131,-0.048940451217946,-0.341838263624299,-0.338969990153688,-0.329217860353611,0.861496639410934,0.0397833811378912,0.359968320561668,1,-0.222372533070765,-0.0139903249282932,-0.445254505757952,-0.283590907144998,-0.264763046363286,-0.0366239993150392,-0.0480071920887024,0.51305706579905,-0.046059334731795,0.0724474506614153,-0.21842544629479,-0.367935271201678,0.199126674943277,-0.00329637398861253,0.0218716554647031,0.129671646902693,-0.232629821482084,-0.312179459737146,0.540836508412175,-0.403977053812235,-0.221533456055482,0.326739158354382,0.541872511665739,0.540609615137634,-0.0336572627252879,-0.0319106126118413,0.37886467742626,0.3474292563894,-0.116760135279764,0.143293805385505,-0.293471467100475,0.390491887495184,0.191322402500107,0.0273342180744039,-0.0799263667109037,0.048413887580804,-0.0340768012329295,0.0937411704268162,-0.30517145425746,0.154343079755126,0.369138233657263,0.20252579305621,-0.298317564964254,-0.0551265037030695,-0.489109122822039,0.117029838606105,0.185256218160024,-0.400569373688942,-0.3789203304936,0.0258915193287384,-0.177606061903335,0.0200779142942763,0.21308703283531,0.0621559142086562,0.295025471980821,0.0864848666466887,-0.178646346162079,0.0162806626996019,-0.242518943447922,-0.0801318549595445,0.134500620745751,-0.380932402928208,-0.290496168500364,0.167421550580076,-0.215227535425318,-0.239826191189691,-0.198257630891733,-0.00249154501476947,-0.23676527248598,-0.145181728669892,-0.0392696605162892,0.296618005907787,0.0270816387687829,0.292640952095552,0.29988869386532,0.132783937668565,-0.0274968962712445,-0.305856415086262,-0.0700886168072263,-0.339102701314269,-0.210685388929321,0.0726058478530759,-0.0314097350057794,-0.361034290851492,0.276955349115972,-0.309987585084978,-0.287148422449591,0.400646431782182,-0.319183184211653,0.12362258658333,0.0282631961984674,-0.119178903206473,0.18939166916392,-0.0566933515989554,0.0384776745579862,-0.143970204203947,0.209923370007278,-0.350879746564493,-0.208763217603493,0.543901708121067,0.152784793869601,-0.311815574296845,-0.223528404469369,0.370657990496169,0.0786120981206387,0.32358833854189,-0.108900209769254,0.290132283060063,-0.185264780170384,0.37118455413331,-0.0254462947900167,0.228344535296888,0.304169699045336,-0.206100432381523,0.0691382336572627,0.323143114003168,-0.167374459523096,-0.538541889635686,0.188154458666895,-0.242737274712102,0.0584999357849223,0.000774861937582945,-0.128246072177747,0.322603707350486,0.101485508797466,-0.136585470268419,0.00588210111734235,-0.408202405924911,0.491553576779828,-0.137523010402843,-0.489965323858042,0.0579434051115202,0.130870328353097
"Cholecalciferol",0.153324200522283,0.362305749389957,-0.577871484224496,-0.366085876963911,-0.169510681107924,0.0223168800034248,-0.00978209683633717,0.246740014555418,0.820501733807098,0.176129115116229,0.397174536581189,-0.12903805813605,0.581741512907231,-0.073958645489961,-0.141041996660816,0.317188235797765,-0.188295731837836,-0.11570700800548,-0.101759493128987,-0.0782696177062374,-0.211704268162165,-0.308921614795154,0.12109679352712,-0.161911896913395,-0.0447835951881502,-0.167404426559356,0.224286142386232,0.306819641251766,-0.0202106254548568,0.725377798707136,-0.500265422321161,-0.375200136992166,0.137570101459823,0.162699601866518,-0.410231602380239,-0.216935656492144,-0.256205317008434,-0.0262982148208399,-0.2420737189092,0.49209298343251,-0.328113361017167,-0.319358705424034,0.406490003852905,0.729671646902693,-0.0551992807911298,0.590757309816345,0.250477332077572,0.404336658247356,-0.321850250438803,-0.148666466886425,-0.3000642150777,-0.222372533070765,1,0.32092127231474,0.577139432338713,0.505967721220943,0.0595573440643863,0.517273855901366,-0.228314568260628,-0.406177490474763,0.0547583372575881,-0.14202234684704,0.577259300483754,-0.340729483282675,-0.174052827603921,-0.177400573654694,-0.107487478059848,-0.172053598184854,-0.0761590821524894,0.644959116400531,-0.471839547925853,0.263735605120082,0.134740357035832,-0.125146624427416,-0.421516332034762,-0.410788133053641,-0.288415599982876,-0.113883299798793,-0.452861851962841,-0.327710946530245,0.0765486536238709,-0.0455584571257331,0.739642107966951,-0.466522539492273,-0.0104927436962199,-0.104417997345777,0.167708377927137,-0.248268333404683,-0.114739500834796,-0.0243161094224924,0.472233400402415,-0.13671390042382,-0.33420095038315,-0.0828032021918746,0.547827389871142,-0.154009161351085,0.287413844770752,-0.255670191360932,-0.270268419024787,0.122000085620104,0.127959244830686,0.190992765101246,0.176129115116229,0.0707521726101289,-0.267532856714757,-0.235853418382636,-0.221914465516503,0.269035489532942,0.0394323387131298,-0.106250267562824,0.166668093668393,-0.0489618562438461,-0.00437090628879661,0.627094481784323,0.420908429299199,-0.347904447964382,-0.0643135408193844,-0.117252450875466,0.00246157797850935,-0.305068710133139,-0.0651654608502076,0.199443469326598,0.541547155272058,-0.433631576694208,-0.359745708292307,-0.330848923327197,-0.182135365383792,-0.391848966137249,-0.19741427287127,-0.0945545614110193,0.255623100303951,0.094481784322959,-0.124936855173595,0.22644805000214,-0.12110535553748,0.379288496939081,-0.187841945288754,0.309991866090158,-0.0486065328139047,-0.525236525536196,0.462036046063616,-0.140262853718053,-0.278303865747678,-0.256911682863136,-0.306314482640524,-0.185564450532985,0.044475362815189,0.00764587525150905,-0.197945117513592,0.359309045763945,-0.0047904447964382,-0.471775332848153,-0.289948199837322,0.728468684447108,-0.0014726657819256,-0.233404683419667,-0.10004709105698,-0.529817201078813,0.219872426045636,-0.491091228220386,0.261158440001712,-0.370897726786249,-0.00246585898368937,0.262250096322617,-0.297756753285671,0.732903805813605,0.105933473179503,-0.589246114987799,0.230455070850636,0.316717325227964,-0.314705252793356,0.052896100004281,0.300907573098163,-0.284789588595402,0.257237039256818,-0.551367781155015,-0.0919859583030095,-0.0259728584271587,-0.15517787576523,0.410980778286742,-0.315582858855259,0.00303095166745152,0.349342865704867,-0.111426002825463,-0.158906631277024
"Cholesteryl Sulfate",0.077096622286913,0.0635600839077015,-0.311956847467785,-0.172815617106897,-0.160743182499251,-0.0585427458367225,-0.0650199066740871,0.146354724089216,0.309490988484096,0.0174493771137463,0.127441243203904,-0.13696647972944,0.24470653709491,-0.0961599383535254,-0.0599212295046877,0.254548568003767,-0.082379382679053,0.0516717325227963,-0.158636927950683,0.00505586711759921,0.0297144569544929,-0.209944775033178,0.0723404255319149,-0.0819298771351513,-0.0241363072049317,-0.296057194229205,0.220244873496297,0.230750460208057,-0.0955734406438632,0.46851320690098,-0.229915664197954,-0.218219958046149,-0.0332848152746265,0.053957789288925,-0.375756667665568,-0.217111177704525,-0.184048974699259,-0.00122008647630464,-0.230279549638255,0.233117856072606,-0.136696776403099,-0.344235626525108,0.335416755854275,0.456171068966993,-0.178256774690697,0.320613039941778,0.2000214050259,0.129941350229034,-0.0958602679909243,-0.138349244402586,-0.2420951239351,-0.0139903249282932,0.32092127231474,1,0.298347532000514,0.266894986942934,0.0427115886810223,0.50265422321161,-0.185367524294704,-0.128511494498908,0.00569373688942164,0.00495312299327882,0.264805856415086,-0.184400017124021,-0.0885055010916563,-0.0665182584870928,0.213018536752429,-0.122411062117385,-0.123468470396849,0.127424119183184,-0.159403227877906,0.193073333618734,-0.0739672075003211,0.108236653966351,-0.120501733807098,-0.112868701571129,-0.357001583971917,-0.226114131598099,-0.360828802602851,-0.221464959972602,-0.0903377713087033,-0.201930733336187,0.396104285286185,-0.312530502161908,0.180589922513806,0.09211010745323,0.126589323173081,-0.2156813219744,-0.0409221285157755,-0.0994349073162378,0.195209555203562,-0.139098420309089,-0.169352283916264,0.129688770923413,0.233618733678668,-0.0565435164176549,0.0345776788389914,-0.1525707436106,-0.194503189348859,0.143957361188407,0.131058692581018,0.0716982747549125,-0.139809067168971,-0.0562438460550537,-0.042904233914123,-0.104884626910399,-0.0791857528147609,0.253435506656963,-0.0683590907144998,-0.224949698189135,0.0449462733849908,-0.0448135622244103,-0.022881972687187,0.343276681364784,0.0864506186052485,-0.220951239351,-0.0772678624941136,-0.0320518857827818,-0.0787790573226594,-0.182589151932874,0.087353910698232,0.121854531443983,0.359972601566848,-0.27636457040113,-0.112658932317308,-0.135570872040755,-0.0437818399760264,-0.213420951239351,-0.127989211866946,-0.0174065670619461,0.150704225352113,-0.0494242048032878,-0.0159124962541205,0.255888522625112,-0.0935442441885355,0.0736375701014598,-0.0094224924012158,0.14727085919774,0.111849822338285,-0.21302709876279,0.109080011986815,-0.022107110749604,-0.05790915707008,-0.09474720664412,-0.226863307504602,-0.0940408407894174,-0.0539877563251851,-0.0890620317650584,-0.00695663341752644,0.207179245686887,-0.00151547583372576,-0.317659146367567,-0.249398518772208,0.200907573098163,-0.0469497838092384,-0.102453015968149,0.0696562352840447,-0.275534055396207,-0.00125433451774477,-0.215398775632519,0.211374630763303,-0.196630848923327,-0.0656791814718096,0.168269189605719,-0.244950554390171,0.472944047262297,0.183590907144998,-0.280898154886767,0.141825420608759,0.102962455584571,-0.157305535339698,-0.0273128130485038,0.22882400787705,-0.182597713943234,0.0346204888907916,-0.365328139047048,-0.109871997945118,-0.129847168115073,-0.185239094139304,0.211828417312385,-0.17099190890021,-0.209627980649857,0.0133310501305707,-0.17376600025686,-0.0126846183483882
"Choline",0.550644291279592,0.755657348345391,-0.819264523310073,-0.175371377199366,-0.0519542788646774,0.42886253692367,-0.217873196626568,0.267130442227835,0.627479772250524,0.429093711203391,0.63673102444454,0.271531315552892,0.76581617363757,-0.29732865276767,-0.0212380666980607,0.599785949740999,-0.543195342266364,-0.0786292221413588,0.133721477802988,0.0412774519457169,-0.0202020634444968,-0.230352326726315,0.329316323472751,0.0425874395308018,-0.25265208270902,-0.0573483453914979,0.363902564322103,0.313570786420652,0.401267177533285,0.453285671475662,-0.281343379425489,-0.188989254676998,0.615313155528918,0.306592747977225,-0.610882315167601,-0.122899096707907,-0.221713258273043,-0.0914593946658675,-0.149235840575367,0.762404212509097,-0.196532385804187,-0.571582687615052,0.450468770067212,0.512329294918447,-0.2000642150777,0.767494327668136,0.642429042339141,0.780363029239265,-0.46852176891134,-0.232390085192003,-0.166073033948371,-0.445254505757952,0.577139432338713,0.298347532000514,1,0.569587739201164,0.423130270987628,0.301635343978766,-0.0804572113532257,-0.563602893959502,-0.185774219786806,0.0120467485765658,0.47637741341667,-0.1631961984674,-0.486198039299628,-0.303942805770795,-0.402782653367011,-0.282721863093454,0.23160238023888,0.62889250395993,-0.792688043152532,0.486574767755469,0.492426901836551,-0.334975812320733,-0.766625283616593,-0.738477674557986,-0.262164476219016,0.168791472237681,-0.693809666509697,-0.601429855730125,0.0671775332848153,-0.216117984502761,0.598416028083394,-0.717355194999786,-0.193201763774134,-0.120544543858898,0.0634059677212209,-0.0715184725373518,-0.232146067896742,0.101202962455585,0.435600839077015,-0.289096279806499,-0.560366454043409,-0.264048118498223,0.631987670705082,0.0364099490560384,0.496048632218845,-0.495937326084165,-0.160199494841389,0.596292649514106,0.60789417355195,0.0947300826234,0.362207286270816,-0.217171111777045,-0.473132411490218,-0.408985829872854,-0.532056166787962,0.140301382764673,0.137398861252622,-0.140511152018494,0.596900552249668,0.425870114302838,-0.242266364142301,0.685637227621045,0.41046277665996,-0.429239265379511,0.34201806584186,0.36582473564793,0.0559356136820926,-0.166599597585513,0.316653110150263,0.158598398904063,0.25790915707008,-0.404195385076416,-0.231777901451261,-0.507448949013228,-0.493749732437176,-0.283389699901537,0.11847253735177,0.343400830515005,0.295573440643863,0.267759749989297,0.0245044736504131,-0.0016310629735862,0.0117727642450447,0.762262939338157,-0.23947942977011,0.731075816601738,0.309987585084978,-0.812509097136007,0.667986643263838,-0.0296759279078728,-0.0607303394837108,-0.0696690782995847,-0.251877220771437,0.071843828931033,0.167862494113618,0.283736461321118,-0.242527505458282,0.622111391754784,0.167391583543816,-0.70522282631962,-0.0487049959330451,0.663521554861081,0.311323258701143,-0.518125775932189,-0.44724945417184,-0.749252964596087,0.4158953722334,-0.514983518130057,0.498685731409735,-0.530420822809196,0.0775161607945546,-0.0805043024102059,-0.343071193116144,0.476801232929492,0.0421935870542403,-0.65529774391027,0.106845327282846,0.733640138704568,-0.189772678624941,0.30257716511837,0.160148122779229,-0.0232629821482084,0.473235155614538,-0.630356607731495,-0.230669121109637,0.0685303309217004,0.115180444368338,0.748679309901965,-0.508549167344493,0.10532557044394,0.591155443298086,0.0326683505287041,-0.181792884969391
"Citraconic Acid",0.41588252921786,0.591741941007749,-0.527809409649386,-0.18422021490646,-0.00886168072263368,0.291001327111606,-0.439933216319192,0.269138233657263,0.593458624084935,0.267036260113875,0.499182328010617,0.158050430241021,0.645802474420994,-0.19739714885055,-0.107294832826748,0.672725715998116,-0.425917205359818,-0.1315124791301,0.0605847853075902,0.100821952994563,0.0531401172995419,-0.135750674258316,0.0778415171882358,-0.0282503531829274,0.0326512265079841,-0.0617278136906546,0.276779827903592,0.373915835438161,0.0388201549723875,0.426452331007321,-0.0663641423006122,-0.158966565349544,0.409101417012715,0.306665525065285,-0.505107239179759,-0.247587653581061,-0.0158225951453401,-0.00958517059805642,-0.164964253606747,0.678607817115459,-0.161890491887495,-0.32111391754784,0.237886895843144,0.44996361145597,-0.172901237210497,0.70269275225823,0.554647031122908,0.615090543259557,-0.330896014384177,-0.241414444111477,0.0475705295603408,-0.283590907144998,0.505967721220943,0.266894986942934,0.569587739201164,1,0.214957832098977,0.292568175007492,-0.401348516631705,-0.345977995633375,-0.374403870028683,-0.161436705338413,0.470345477118027,-0.353863607174965,-0.398985401772336,-0.00871184554133311,-0.300890449077443,-0.0741041996660816,-0.0470824949698189,0.507573098163449,-0.500526563637142,0.0239308189562909,0.364861509482427,-0.0940579648101374,-0.478556445053298,-0.446457468213537,-0.492589580033392,0.0390128002054882,-0.547506314482641,-0.489194742925639,-0.175148764930006,-0.00640438374930434,0.587893317350914,-0.574403870028683,-0.30536409949056,-0.32631105783638,0.00993193201763774,0.0575495526349587,0.0725844428271758,0.0797594075088831,0.261278308146753,-0.221666167216062,-0.396956205317008,-0.341739800505159,0.555036602594289,0.197658290166531,0.0535339697761034,-0.360139560768868,0.0837450233314782,0.573967207500321,0.570559527377028,-0.0336272956890278,0.158932317308104,-0.130292392653795,-0.130853204332377,-0.311948285457425,-0.32883685089259,0.0190247870199923,-0.108454985230532,-0.292615266064472,0.232993706922385,0.124983946230575,-0.202923926537951,0.718892075859412,0.252913224025001,-0.499263667109037,0.168204974528019,0.222530930262426,-0.0885140631020164,-0.236028939595017,0.311961128472965,0.0714970675114517,0.284498480243161,-0.395089687058521,-0.0102829744423991,-0.37631747934415,-0.370722205573869,-0.0568774348216961,0.0222398219101845,0.261907615908215,0.12635814889336,-0.00580504302410206,-0.156560640438375,0.140669549210155,-0.198630078342395,0.576009246971189,-0.0921700415257502,0.573898711417441,0.00461492358405754,-0.617038400616465,0.585534483496725,-0.234920159253393,-0.0889764116614581,-0.145918061560854,-0.212059591592106,0.0212980007705809,0.231084378612098,0.214987799135237,-0.254878205402629,0.571248769211011,0.171664026713472,-0.516627424119183,0.0180829658803887,0.631752215420181,0.140104456526392,-0.311550151975684,-0.269998715698446,-0.568859968320562,0.446701485508797,-0.640339911811293,0.209114260028255,-0.433742882828888,0.147750331777901,-0.0751872939766257,-0.204345220257717,0.424941136178775,0.0813904704824693,-0.504846097863778,0.166770837792714,0.509837749903677,-0.412526221156728,0.0347917290979922,0.26045635515219,-0.172687186951496,0.466638126632133,-0.655447579091571,-0.255079412646089,-0.133824221927309,-0.019478573569074,0.649736718181429,-0.385067853932103,-0.0869044051543302,0.260349330022689,-0.0154244616635986,0.0727299970032964
"Citrulline",0.316015240378441,0.397187379596729,-0.302769810351471,-0.0189776959630121,0.290500449505544,0.463906845327283,-0.268577421978681,-0.0201207243460765,0.0390170812106683,0.35260499165204,0.268654480071921,0.454497195941607,0.249137377456227,-0.0182199580461492,0.0798921186694636,0.266090157969091,-0.196699345006207,0.101215805471125,0.18935742112248,0.0110963654266022,0.262125947172396,0.185846996874866,0.161933301939295,0.141911040712359,-0.047621901622501,0.086326469455028,0.0594931289866861,-0.0612911511622929,0.411554432980864,0.0627038828716983,0.0842630249582602,0.155092255661629,0.496446765700586,0.204824692837878,-0.224388886510553,-0.00936255832869558,0.0502247527719509,0.0361402457296973,0.0672802774091357,0.330750460208057,-0.109914807996918,-0.285200565092684,0.152943191061261,0.104794725801618,0.00196498137762747,0.240934971531316,0.382709020077914,0.368714414144441,-0.220137848366797,-0.134603364870071,0.0491973115287469,-0.264763046363286,0.0595573440643863,0.0427115886810223,0.423130270987628,0.214957832098977,1,0.0704054111905475,0.000526563637142001,-0.264009589451603,-0.157074361059977,0.0347960101031722,0.0619461449548354,0.0957189948199837,-0.158465687743482,0.139017081210668,-0.351042424761334,0.0719808210967935,0.125638940023117,0.373971488505501,-0.397692538207971,0.134629050901152,0.174506614153003,-0.0783381137891177,-0.420728627081639,-0.40785564450533,0.124650027826534,0.300226893274541,-0.290782995847425,-0.332390085192003,0.0950896870585213,-0.119071878076972,0.182096836337172,-0.310942249240122,-0.334825977139432,-0.0901922171325827,0.153097307247742,0.162481270602337,0.155451860096751,-0.0657690825805899,0.128010616892846,-0.332569887409564,-0.190534697546984,-0.361697846654394,0.213960357892033,0.134406438631791,0.275927907872769,-0.210929406224582,0.158273042510381,0.409490988484096,0.389224709961899,-0.101442698745665,0.0600496596600882,-0.192396934800291,-0.196737874052828,-0.232903805813605,-0.407042253521127,-0.111430283830643,-0.150494456098292,-0.214829401943576,0.364707393295946,0.3631105783638,-0.046568774348217,0.228554304550709,0.10532985144912,-0.253974913309645,0.323087460935828,0.530489318892076,0.0041054839676356,-0.0288882229547498,0.220060790273556,0.0336187336786678,0.0888565435164177,-0.319093283102873,0.142484695406481,-0.0134766043066912,-0.253268547454942,-0.0669292349843743,0.226649257245601,0.279964895757524,0.0673958645489961,0.372152061303994,0.112402072006507,0.0988698146324757,-0.00217475063144826,0.370225608972987,-0.133687229761548,0.454719808210968,0.32899952908943,-0.407581660173809,0.238499079583886,-0.149462733849908,0.161218374074233,0.256530673402115,-0.0826704910312941,0.151444839248255,0.169386531957704,0.358230232458581,0.0856029795796053,0.243058350100604,0.416588895072563,-0.324615779785094,0.00975641080525707,0.304054111905475,0.241337386018237,-0.315916777259301,-0.372464574682135,-0.374652168329124,0.21850250438803,-0.205535339697761,0.0853033092170041,-0.301515475833726,0.191908900209769,-0.277875765229676,-0.165195427886468,0.0492529645960872,-0.0636628280320219,-0.256427929277794,0.161762061732095,0.403313498009333,-0.0140802260370735,0.0484481356222441,0.0369193886724603,0.00145554176120553,0.21054839676356,-0.170118583843486,-0.160781711545871,-0.151680294533156,0.0825163748448136,0.321554861081382,-0.363671390042382,-0.138661757780727,0.311734235198425,-0.107346204888908,0.137604349501263
"Creatine",-0.0567661286870157,0.148041440130143,-0.365242518943448,-0.293968063701357,-0.0857228477246458,-0.104298129200736,-0.0815231816430498,0.227501177276424,0.478727685260499,0.0190461920458924,0.132415771223083,-0.222843443640567,0.347878761933302,-0.103484738216533,-0.211879789374545,0.247677554689841,-0.0636457040113018,-0.0536067468641637,-0.213968919902393,-0.150871184554133,-0.169078299584742,-0.148426730596344,0.00842929919945203,-0.178111220514577,-0.0518558157455371,-0.159514534012586,0.116062331435421,0.193210325784494,-0.11318121494927,0.725061004323815,-0.348139903249283,-0.298411747078214,-0.0399589023502719,0.0285500235455285,-0.39739286784537,-0.248627937839805,-0.124971103215035,0.0619290209341153,-0.288137334646175,0.29992722291194,-0.304816130827518,-0.278145468556017,0.389888265764802,0.694948413887581,-0.0445909499550494,0.445665482255234,0.0975255790059506,0.217616336315767,-0.162840875037459,-0.105479686630421,-0.309876278950298,-0.0366239993150392,0.517273855901366,0.50265422321161,0.301635343978766,0.292568175007492,0.0704054111905475,1,-0.231384048974699,-0.178316708763218,0.0659617278136907,-0.159737146281947,0.444937711374631,-0.364073804529303,-0.089729868573141,-0.0896999015368809,0.0528318849265808,-0.217051243632005,-0.0969390812962884,0.246979750845499,-0.168727257159981,0.119303052356693,-0.0395650498737104,0.155524637184811,-0.128216105141487,-0.106511408878805,-0.345900937540134,-0.23675242947044,-0.404893188920759,-0.253516845755383,-0.0390641722676484,-0.0749347146710048,0.649569758979408,-0.339950340339912,0.0338841559998288,-0.119602722719294,0.204781882786078,-0.184999357849223,-0.0452502247527719,-0.141153302795496,0.346162078856115,-0.137193373003981,-0.220189220428957,-0.0195171026156942,0.416760135279764,-0.0905518215677041,-0.0514277152275354,-0.108613382422193,-0.18150177661715,0.00918703711631491,0.0322787790573227,-0.037116314910741,-0.126602166188621,0.0283659403227878,0.0123207329080868,-0.123258701143028,-0.1210582644805,0.325677469069738,-0.155969861723533,-0.298137762746693,-0.0624127745194572,-0.223014683847767,-0.0337171967978081,0.484233057922,0.176604306691211,-0.251290723061775,-0.250524423134552,-0.173033948371078,-0.0864720236311486,-0.296934800291108,-0.00976925382079712,0.259077871484224,0.563684233057922,-0.393655550323216,-0.281189263239009,-0.247942977011002,-0.0337771308703284,-0.228040583929107,-0.251128044864934,-0.216790102316024,0.239106982319449,-0.0337642878547883,-0.065525065285329,0.45791343807526,-0.141504345220258,0.164822980435806,0.0192816473307933,0.0680166103000985,-0.000329637398861253,-0.308797465644933,0.181981249197312,-0.0957361188407038,-0.147108181000899,-0.135502375957875,-0.26041782610557,-0.155948456697633,-0.00900723489875423,-0.13147395008348,-0.0808895928764074,0.195457853504003,0.0513592191446552,-0.393539963183355,-0.241226079883557,0.350498737103472,0.00749175906502847,-0.136418511066398,0.024996789246115,-0.408699002525793,0.0946829915664198,-0.445935185581575,0.146209169913096,-0.176925382079712,0.0935099961470953,0.324166274241192,-0.315480114730939,0.747985787062802,0.172909799220857,-0.46570486750289,0.318267049103129,0.0709062887966094,-0.260952951753072,-0.0587011430283831,0.451594674429556,-0.319384391455114,0.11062117385162,-0.409512393509996,-0.0292949184468513,-0.217984502761248,-0.286566205745109,0.185072134937283,-0.247519157498181,-0.241761205531059,-0.0222911939723447,-0.222419624127745,0.0226807654437262
"Cystathionine",-0.074480928121923,-0.203056637698532,0.136328609957618,0.215462990710219,0.0120510295817458,0.0738516203604606,0.321751787319663,-0.106245986557644,-0.313373860182371,-0.108771779613853,-0.0844556701913609,0.145836722462434,-0.214491202534355,-0.245545614110193,0.31322830600625,-0.260345049017509,-0.0373046791386618,-0.138691724816987,0.291510766728028,0.109191318121495,0.151984245900938,0.209264095209555,0.215287469497838,0.219714028853975,-0.28146324757053,-0.0409178475105955,-0.142394794297701,-0.321790316366283,0.219739714885055,-0.275422749261527,0.145648358234513,0.280923840917848,0.0154715527205788,-0.127265721991524,0.282627680979494,0.293051928592834,0.0383963354595659,-0.238841559998288,0.031311271886639,-0.119958046149236,0.198925467699816,-0.0331820711503061,-0.17116743011259,-0.294477503317779,-0.0461278308146753,-0.365546470311229,-0.204602080568518,-0.251187978937454,-0.0250652853289952,0.204161137034976,0.0537737060661843,-0.0480071920887024,-0.228314568260628,-0.185367524294704,-0.0804572113532257,-0.401348516631705,0.000526563637142001,-0.231384048974699,1,0.0129714456954493,-0.0165032749689627,0.338130913138405,-0.383736461321118,0.323335759236269,-0.00358748234085363,-0.246962626824778,-0.0765315296031508,-0.00630592063016396,0.371424290423391,-0.15516075174451,-0.0722719294490346,0.209854873924397,0.0794083650841217,-0.306644120039385,-0.0870585213408108,-0.110800976069181,0.306040498309003,0.148118498223383,0.0356436491288154,0.0164904319534227,0.195372233400402,-0.0807055096536667,-0.330133995462135,0.0640438374930434,-0.0209341153302795,0.35531058692581,0.00634873068196413,0.0941607089344578,-0.275534055396207,0.0531743653409821,-0.0535254077657434,0.33164947129586,0.0403441928164733,0.0267305963440216,-0.284793869600582,-0.138011044993364,0.243786120981206,0.190894301982105,-0.00876749860867332,-0.142253521126761,-0.148953294233486,0.111100646431782,0.309979023074618,-0.122265507941265,-0.0371634059677212,0.159463161950426,-0.0650755597414273,-0.0284001883642279,0.155075131640909,0.54724945417184,0.0789417355195,0.172045036174494,-0.1843400830515,-0.312115244659446,-0.0843700500877606,0.359998287597928,0.118048717838949,0.132950896870585,0.416987028554305,0.146444625197997,-0.203775846568774,-0.329453315638512,-0.191741941007749,0.378594974099919,0.11059548782054,-0.0451774476647117,0.0221756068324843,0.0994948413887581,0.199486279378398,0.0244274155571728,0.0510167387302539,0.227171539877563,0.519123250139133,-0.225484823836637,0.147930133995462,-0.219949484138876,-0.158987970375444,-0.137891176848324,0.243807526007106,0.159805642364827,-0.246059334731795,0.43933387559399,0.317838948585128,0.325292178603536,0.180298814161565,-0.0259600154116186,-0.325429170769297,-0.103814375615394,0.0983475320005137,-0.301866518258487,0.14996789246115,0.196596600881887,0.0294918446851321,-0.256941649899396,0.230219615565735,-0.0292863564364913,-0.190838648914765,0.332604135451004,-0.134487777730211,0.40254719808211,0.162130228177576,-0.0883085748533756,-0.0780769724731367,-0.182619118969134,0.0474335373945802,-0.261813433794255,-0.103977053812235,0.187948970418254,-0.330275268633075,0.0667066227150135,0.415069138233657,0.359625840147267,-0.455939894687273,0.514551136606875,-0.127471210240164,0.389943918832142,0.00790273556231003,0.192414058821011,0.355901365640652,-0.235202705595274,0.199833040797979,0.484892332719723,0.105051586112419,0.0908215248940451,-0.0565221113917548
"Cysteinyl-Glycine (Cys-Gly)",-0.1790701656749,-0.393595616250696,0.50003424804144,0.111862665353825,0.0491074104199666,-0.0474677854360204,0.116987028554305,-0.269009803501862,-0.416815788347104,-0.248208399332163,-0.475799477717368,0.043935956162507,-0.589978166873582,-0.00358748234085363,0.0780898154886767,-0.461107067939552,0.114388458410035,-0.109790658846697,-0.0156513549381395,0.122744980521426,0.23166659531658,0.0979708035446723,-0.388518344107196,0.0427287127017424,-0.0258658332976583,0.0957018707992637,-0.221486364998502,-0.191206815360247,-0.15013057065799,-0.272053598184854,0.266723746735734,0.173992893531401,-0.26049060319363,-0.24214649599726,0.391335245515647,0.0166531101502633,0.145327282846012,-0.110908001198681,0.232565606404384,-0.305924911169143,0.30799691767627,0.182717582088274,-0.283680808253778,-0.31318549595445,-0.134971531315553,-0.41306134680423,-0.220553105869258,-0.380577079498266,0.575135921914465,0.103206472879832,0.177049531229933,0.51305706579905,-0.406177490474763,-0.128511494498908,-0.563602893959502,-0.345977995633375,-0.264009589451603,-0.178316708763218,0.0129714456954493,1,0.0400273984331521,0.0364013870456783,-0.301673873025386,-0.103420523138833,0.0919046192045892,0.130848923327197,0.140631020163534,0.22356265251081,-0.219542788646774,-0.347870199922942,0.550918275611114,-0.37099618990539,-0.239988869386532,0.234063958217389,0.548379639539364,0.538832997987927,0.00276552934629051,-0.0539963183355452,0.373273684661158,0.325078128344535,-0.127723789545785,0.073419238837279,-0.429342009503832,0.359236268675885,0.257207072220557,0.0434693265978852,-0.124744209940494,0.266073033948371,0.09210154544287,0.0525065285328995,-0.272391797594075,-0.00668693009118541,0.325656064043838,0.299507684404298,-0.458452844727942,0.0181985530202492,-0.554552849008947,0.0688813733464617,0.315955306305921,-0.238486236568346,-0.247026841902479,-0.203390556102573,-0.420852776231859,0.0623100303951368,0.26047776017809,0.104533584485637,0.114054540005993,0.0506357292692324,-0.0859754270302667,-0.121674729226422,-0.275542617406567,-0.0975726700629308,-0.130827518301297,-0.440194357635173,-0.29222569459309,0.0357635172738559,-0.0369279506828203,-0.240040241448692,-0.0798878376642836,0.0793099019649814,-0.110360032535639,-0.209084292991995,-0.180859625840147,0.225523352883257,0.264223639710604,0.21059120681536,0.0450532985144912,0.286604734791729,0.00673830215334561,-0.10263281818571,-0.30249582601995,-0.41324543002697,0.0808039727728071,-0.0407380452930348,-0.0215462990710219,-0.416931375486964,0.748572284772465,-0.336332890962798,-0.187550836936513,0.503326341024873,-0.420369022646517,-0.0231131469669078,0.0116785821310844,0.0324157712230832,0.193599897255876,-0.164651740228606,0.056064043837493,-0.141692709448178,0.0735305449719594,-0.28149749561197,-0.263996746436063,0.521738944304123,0.388291450832656,-0.381702983860611,-0.310788133053641,0.305060148122779,0.170341196112847,0.509829187893317,-0.188167301682435,0.430044094353354,-0.17380452930348,0.35521640481185,-0.0853632432895244,-0.0358876664240764,0.178218245644077,-0.299708891647759,0.133567361616508,0.385812748833426,-0.166685217689113,-0.367412988569716,0.0654908172438889,-0.282935913352455,-0.013412389228991,-0.0232158910912282,-0.201875080268847,0.505946316195043,0.0888137334646175,-0.0613553662399931,0.141427287127017,-0.353122993278822,0.340382721863093,-0.234877349201593,-0.544582387944689,0.0539620702941051,0.141911040712359
"Cystine",-0.499464874352498,-0.43937240464061,0.185179160066784,-0.22111391754784,-0.266419795367952,-0.476998159167773,0.506168928464403,-0.0333789973885868,-0.0177319234556274,-0.0262254377327797,-0.206614153003125,-0.428228948157027,-0.19996575195856,0.202945331563851,-0.19736718181429,-0.195492101545443,0.42117385162036,0.0326726315338842,-0.376852604991652,-0.0817329508968706,-0.282576308917334,-0.210017552121238,0.164724517316666,-0.140648144184254,0.0529474720664412,-0.284862365683462,0.0341367353054497,0.0151461963268976,-0.23425660345049,0.125035318292735,-0.393210325784494,-0.253885012200865,-0.474052827603921,-0.0702341709833469,0.014735219829616,-0.0419538507641594,-0.185007919859583,-0.0052356693351599,0.0808210967935271,-0.49994006592748,-0.40776146239137,0.352390941393039,0.123138832997988,0.0808810308660473,0.236007534569117,-0.292760820240593,-0.417624898326127,-0.426165503660259,-0.0185453144398305,0.133644419709748,-0.518228520056509,-0.046059334731795,0.0547583372575881,0.00569373688942164,-0.185774219786806,-0.374403870028683,-0.157074361059977,0.0659617278136907,-0.0165032749689627,0.0400273984331521,1,-0.0659446037929706,0.0938139475148765,0.338259343293805,0.346170640866475,-0.0245130356607731,0.525544757909157,-0.132364399160923,-0.211079241405882,-0.27118027312813,0.15801618219958,0.357716511836979,-0.356552078428015,-0.00152403784408579,0.180093325912924,0.149317179673787,0.414016010959373,-0.364904319534227,0.261205531058693,0.358041868230661,0.394194956975898,0.230857485337557,-0.0609829187893317,0.30002568603108,0.360169527805129,0.305068710133139,0.319230275268633,-0.496373988612526,-0.0572070722205574,-0.166723746735734,0.116554647031123,0.13424376043495,0.188496939081296,0.356856029795796,-0.103557515304594,-0.244342651654609,0.282841731238495,0.26830343764716,-0.536606875294319,-0.316456183911983,-0.329752986001113,0.241033434650456,-0.170071492786506,0.415403056637699,-0.0927522582302325,0.088411318977696,0.349830900295389,0.111789888265765,0.182721863093454,0.177588937882615,-0.174138447707522,-0.30267562823751,0.309627980649857,-0.159788518344107,0.0405924911169143,0.236414230061218,-0.273834496339741,-0.414084507042254,-0.18691724816987,0.115385932616978,-0.42363542959887,0.303210753885012,0.104045549895115,-0.011323258701143,-0.346508840275697,0.1158525621816,0.369039770538122,-0.376903977053812,-0.309358277323516,-0.459240549681065,0.0312984288710989,0.225977139432339,-0.16320476047776,0.00347189520099319,0.096579476861167,-0.416293505715142,-0.196322616550366,-0.427394152146924,-0.0344150006421508,0.338931461107068,-0.233794254891048,0.0385889806926666,-0.0997731067254591,-0.233100732051886,-0.144077229333447,-0.105668050858342,-0.399644676570059,-0.220103600325356,0.287803416242134,-0.339757695106811,-0.147788860824522,-0.0580846782824607,-0.480816815788347,-0.222269788946445,-0.11322402500107,0.173915835438161,0.566856457896314,0.14204375187294,-0.390205060148123,0.189233271972259,-0.15798193415814,0.183590907144998,-0.0252921786035361,0.319076159082152,-0.0712273641851107,0.113797679695192,0.116130827518301,0.090534697546984,0.130994477503318,-0.377678838991395,0.11836979322745,-0.08421593390128,-0.0578535040027398,-0.0460850207628751,-0.409961899053898,0.0930776146239137,0.354081938439146,0.16048632218845,-0.374802003510424,-0.414007448949013,0.147108181000899,-0.0279635258358663,-0.00309516674515176,-0.0927608202405925,-0.292658076116272
"Cytidine",0.122762104542146,-0.0561368209255533,-0.0371205959159211,0.523472751402029,0.250657134295133,-0.027886467742626,0.175170169955906,0.121447835951881,-0.166710903720193,-0.293766856457896,-0.032111819855302,0.00235027184382893,-0.127445524209084,-0.1262853718053,0.114820839933216,-0.0459266235712145,-0.174515176163363,-0.140601053127274,0.071321546299071,0.342908514919303,0.411327539706323,0.0131212808767499,0.241851106639839,0.135155614538294,-0.196189905389786,-0.00937540134423563,0.0139988869386532,-0.141046277665996,0.0573312213707779,-0.222342566034505,-0.0229419067597072,0.0359090714499765,-0.0761890491887495,-0.139663512992851,0.0122308317993065,0.115557172824179,-0.266796523823794,-0.335031465388073,-0.228776916820069,-0.06053341324543,0.0935314011729954,-0.178672032193159,-0.0143841774048547,-0.205864977096622,-0.104935998972559,-0.133682948756368,-0.0245772507384734,-0.0596129971317265,0.0638897213065628,-0.0184425703155101,0.000958945160323644,0.0724474506614153,-0.14202234684704,0.00495312299327882,0.0120467485765658,-0.161436705338413,0.0347960101031722,-0.159737146281947,0.338130913138405,0.0364013870456783,-0.0659446037929706,1,-0.0664326383834924,0.0742754398732823,-0.195766085876964,-0.161924739928935,-0.0253949227278565,0.227514020291965,0.0897769596301212,-0.12642236397106,0.109824906888137,0.190890020976925,-0.122920501733807,-0.260071064685988,0.120750032107539,0.112406353011687,0.267862494113618,0.166920672974014,-0.121426430925981,-0.0956847467785436,0.268667323087461,-0.265362387088488,-0.230476475876536,-0.0859839890406267,0.143507855644505,0.152027055952738,-0.107076501562567,-0.199143798963997,-0.166389828331692,0.218010188792328,-0.133173509139946,-0.0347746050772721,0.0182756111134894,0.130241020591635,-0.104948841988099,-0.0852861851962841,0.0832741127616764,-0.148709276938225,-0.270071492786506,0.00672974014298557,-0.00177661714970675,0.344175692452588,0.151008176719894,0.0476689926794811,0.0777216490431953,-0.0419153217175393,-0.0224196241277452,0.102808339398091,-0.0794340511152018,0.200590778714842,0.0204460807397577,0.0797679695192431,-0.0374844813562224,-0.142745836722462,-0.185162036046064,0.136495569159639,0.184776745579862,-0.0263923969348003,0.201755212123807,-0.0899481998373218,0.178526478017038,-0.244205659488848,-0.285585855558885,0.268667323087461,0.157224196241277,0.114003167943833,-0.0769339440900724,-0.145220257716512,0.00442227835095681,0.223245858127488,0.114153003125134,-0.0297187379596729,0.146847039684918,-0.282118241363072,-0.0616935656492144,-0.0380238880089045,-0.0754313112718866,0.0175478402328867,0.0887537993920973,-0.026580761162721,-0.0332676912539064,0.383389699901537,0.0515604263881159,0.0120082195299456,-0.00802260370735049,-0.105578149749561,0.0422021490646004,0.0225394922727856,0.0782781797165975,0.000136992165760521,-0.0720279121537737,0.0323215891091228,0.0762275782353697,-0.151342095123935,0.0813048503788689,0.116781540305664,-0.0911896913395265,0.164848666466886,0.0501177276424504,0.188595402200437,0.141521469240978,0.0622757823536967,-0.108908771779614,-0.229393381565992,0.13679523952224,-0.209285500235455,0.211789888265765,0.145939466586755,-0.247681835695021,-0.0250395992979152,0.175602551479087,-0.0141487221199538,-0.177670276981035,0.436114559698617,0.0558457125733122,0.210912282203861,0.234581959844171,-0.0842887109893403,0.0927651012457725,0.0578064129457597,0.462185881244916,0.189669934500621,-0.0212980007705809,0.232398647202363,0.0762104542146496
"D-Leucic Acid",0.0667836808082538,0.303450490175093,-0.455498951153731,-0.21847681835695,-0.119054754056252,-0.0420009418211396,-0.0134423562652511,0.288441286013956,0.623883727899311,0.161411019307333,0.297144569544929,-0.157177105184297,0.587619333019393,-0.10780427244317,-0.199576180487178,0.567648443854617,-0.224500192645233,-0.114760905860696,-0.192328438717411,0.0345990838648915,-0.240425531914894,-0.250931118626654,0.28164304978809,-0.202804058392911,-0.0466972045036174,-0.0796266963483026,0.221434992936341,0.234851663170512,-0.0845926623571215,0.60794982661929,-0.395483539535083,-0.344329808639068,0.0365512222269789,0.137595787490903,-0.518579562481271,-0.172691467956676,-0.123875165888951,-0.0162378526478017,-0.208433580204632,0.374789160494884,-0.276608587696391,-0.3052913224025,0.411699987156984,0.643366582473565,0.0388458410034676,0.582422192730853,0.15515647073933,0.337745622672203,-0.279609572327582,-0.0356436491288154,-0.288895072563038,-0.21842544629479,0.577259300483754,0.264805856415086,0.47637741341667,0.470345477118027,0.0619461449548354,0.444937711374631,-0.383736461321118,-0.301673873025386,0.0938139475148765,-0.0664326383834924,1,-0.259086433494585,-0.211113489447322,-0.148144184254463,-0.0263024958260199,-0.213977481912753,-0.161625069566334,0.346478873239437,-0.398193415814033,0.291258187422407,0.145789631405454,-0.0162250096322617,-0.344496767841089,-0.339081296288369,-0.21056980178946,-0.133914123036089,-0.337283274112762,-0.249556915963868,0.101168714414144,-0.0648443854617064,0.682910227321375,-0.355986985744253,0.00146838477674558,-0.149753842202149,0.116289224709962,-0.258893788261484,-0.0979964895757524,-0.0591420865619247,0.399169484995077,-0.203788689584314,-0.296331178560726,-0.0819684061817715,0.562857999058179,-0.116486150948243,0.129645960871613,-0.217590650284687,-0.297666852176891,0.166770837792714,0.143495012628965,0.119748276895415,0.067631319833897,0.107067939552207,-0.0779870713643563,-0.288942163620018,-0.156004109764973,0.354698403185068,0.104940279977739,-0.184708249496982,0.105072991138319,-0.15270773577636,-0.027621045421465,0.561762061732095,0.416075174450961,-0.28955434736076,0.0358919474292564,-0.130442227835096,-0.0780256004109765,-0.194387602208999,0.00175521212380667,0.251902906802517,0.435266920672974,-0.409392525364956,-0.326983175649643,-0.307217774733507,-0.199477717368038,-0.288085962584015,-0.321905903506143,-0.0754141872511666,0.208146752857571,-0.00714927865062717,-0.279198595830301,0.211789888265765,-0.100265422321161,0.313022817757609,-0.0766813647844514,0.258632646945503,-0.0845669763260413,-0.487948970418254,0.484387174108481,-0.129556059762832,-0.336307204931718,-0.364942848580847,-0.332462862280063,-0.073158097521298,0.140536838049574,0.0338841559998288,-0.159116400530845,0.301190119440045,-0.0590650284686844,-0.567361616507556,-0.204721948713558,0.480422963311786,-0.0565649214435549,-0.229945631234214,-0.0253307076501563,-0.471839547925853,0.183471038999957,-0.332993706922385,0.23947942977011,-0.272828460122437,-0.0436405668050858,0.149385675756668,-0.233451774476647,0.641782610556959,0.258517059805642,-0.429303480457211,0.23682948756368,0.268119354424419,-0.209362558328696,-0.016306348730682,0.362909371120339,-0.246568774348217,0.240583929106554,-0.608377927137292,-0.0385889806926666,0.0274241191831842,-0.172819898112077,0.324042125090971,-0.264930005565307,-0.101528318849266,0.167866775118798,-0.141183269831756,-0.141632775375658
"DCDP",-0.166462605419753,-0.329376257545272,0.302072006507128,0.00888308574853375,-0.0498437433109294,-0.0783509568046577,0.371659745708292,-0.294528875379939,-0.291506485722848,0.184682563465902,0.0422963311785607,0.0333961214093069,-0.213001412731709,0.205805043024102,0.16568774348217,-0.0296673658975127,0.16057194229205,0.262935057151419,0.0731324114902179,0.01578406609872,0.124577250738473,0.165238237938268,0.274211224795582,0.305441157583801,-0.143970204203947,-0.130343764715955,-0.179160066783681,-0.269763260413545,0.145986557643735,-0.400753456911683,0.0990838648914765,0.202829744423991,-0.0752258230232459,0.00187508026884713,0.186343593475748,0.303129414786592,0.19733721477803,-0.0963525835866261,0.182781797165975,-0.366008818870671,0.0580247442099405,0.23934671860953,-0.18693009118541,-0.339021362215848,0.259651526178347,-0.401378483667965,-0.167956676227578,-0.38949441328824,-0.322483839205445,0.380953807954108,-0.277075217261013,-0.367935271201678,-0.340729483282675,-0.184400017124021,-0.1631961984674,-0.353863607174965,0.0957189948199837,-0.364073804529303,0.323335759236269,-0.103420523138833,0.338259343293805,0.0742754398732823,-0.259086433494585,1,0.14469369407937,0.126495141059121,0.235943319491417,0.0747848794897042,0.178410890877178,-0.212586155229248,-0.0930433665824736,0.300950383149964,-0.107607346204889,-0.191288154458667,-0.122723575495526,-0.153088745237382,0.423455627381309,-0.081309131384049,0.229663084892333,0.223532685474549,0.26852604991652,0.07895457853504,-0.396673658975127,0.281403313498009,-0.0650327496896271,0.346329038058136,0.146401815146196,-0.0276124834111049,0.0777045250224753,-0.122167044822124,-0.0849222997559827,0.191386617577807,0.197221627638169,-0.0032621259471724,-0.287122736418511,0.0008947300826234,0.301237210497025,0.367918147180958,-0.102885397491331,-0.0458966565349544,-0.0926709191318121,0.0973457767883899,0.0572712872982576,0.0125476261826277,0.0510980778286742,0.164009589451603,0.0761890491887495,-0.122792071578407,0.323203048075688,0.335575153045935,-0.0274712102401644,-0.017898882657648,0.114401301425575,-0.357622329723019,0.0156427929277794,0.361355366239993,0.172370392568175,0.190380581360503,0.106511408878805,0.335468127916435,-0.111969690483325,-0.122252664925725,-0.281767198938311,0.227488334260884,0.185465987413845,0.212453444068667,0.175846568774348,0.00663983903420523,0.0638725972858427,0.0408407894173552,-0.104173980050516,0.466702341709833,0.26583757866347,-0.28433152104114,0.197778158311572,-0.352467999486279,-0.286189477289268,-0.24219786805942,0.259535939038486,0.177850079198596,-0.238053855045165,0.225373517701956,0.300445224538722,0.218592405496811,0.209328310287255,0.243298086390685,-0.288103086604735,0.00651568988398476,0.111926880431525,-0.302140502590008,0.0917205359818485,0.068153602465859,-0.246962626824778,-0.28407894173552,0.104490774433837,-0.0797850935399632,0.175649642536067,0.348944732223126,-0.369489276082024,0.46585898368937,-0.152425189434479,0.0167601352797637,-0.12095980136136,-0.182066869300912,0.111678582131084,-0.379695192431183,-0.190175093111863,0.345168885654352,-0.0962369964467657,-0.0208313712059592,0.319071878076973,0.159591592105826,-0.469228134766043,0.304071235926196,-0.365169741855388,0.250875465559313,0.11846397534141,0.356123977910013,0.155918489661372,-0.307560255147909,-0.0636585470268419,0.161282589151933,0.117817543559228,0.00919131812149493,-0.0269703326341025
"Deoxycarnitine",-0.458709705038743,-0.482195299456312,0.47629179331307,-0.0967549980735477,-0.213831927736633,-0.347823108865962,0.0082623399974314,0.00487178389485851,-0.262014641037716,-0.0283745023331478,-0.394156427929278,-0.253949227278565,-0.428211824136307,0.627954963825506,-0.045254505757952,-0.424170555246372,0.928712701742369,0.304935998972559,-0.204405154330237,-0.184468513206901,-0.269866004537865,0.108223810950811,-0.00593775418468256,-0.140596772122094,0.411023588338542,-0.0275996403955649,-0.0820283402542917,-0.0918104370906289,-0.317145425745965,-0.197696819213151,-0.187833383278394,0.00546256260970076,-0.390791557857785,-0.103360589066313,0.30527419838178,-0.256731880645576,-0.101202962455585,0.389734149578321,0.0821910184511323,-0.559446037929706,-0.258354381608802,0.41568988398476,-0.0748319705466844,-0.222479558200265,0.398377499036774,-0.416314910741042,-0.48407466073034,-0.499079583886296,0.258457125733122,0.0837792713729184,0.0261269746136393,0.199126674943277,-0.174052827603921,-0.0885055010916563,-0.486198039299628,-0.398985401772336,-0.158465687743482,-0.089729868573141,-0.00358748234085363,0.0919046192045892,0.346170640866475,-0.195766085876964,-0.211113489447322,0.14469369407937,1,0.43935956162507,0.379874994648744,0.0549424204803288,-0.366869300911854,-0.398544458238794,0.500984631191404,-0.206361573697504,-0.436118840703797,0.46057194229205,0.485714285714286,0.470615180444368,0.243011259043623,-0.266603878590693,0.502786934372191,0.452112676056338,0.0190162250096323,0.160726058478531,-0.215501519756839,0.495320861338242,0.141731238494799,0.177567532856715,0.331131469669078,-0.228811164861509,0.382366539663513,-0.213643563508712,-0.120758594117899,0.0928378783338328,0.387131298428871,0.159476004965966,-0.296044351213665,-0.231970546684361,-0.0217261012885826,0.397641166145811,-0.096048632218845,-0.421340810822381,-0.396759279078728,0.0290594631619504,-0.250952523652554,0.172986857314097,0.0238366368423306,0.286091014170127,0.409769253820797,-0.231833554518601,-0.188424161993236,0.0342608844556702,-0.241872511665739,-0.286103857185667,0.535425317864635,-0.346350443084036,-0.19740999186609,0.249291493642707,-0.511528746949784,-0.256667665567875,-0.0805471124620061,-0.0243888865105527,-0.39214863649985,0.0586412089558628,0.0419495697589794,0.082379382679053,-0.121512051029582,0.512697461363928,0.644034419281647,-0.176861167002012,-0.093420095038315,-0.369703326341025,-0.0920073633289096,0.16324328952438,-0.177088060276553,0.133246286228006,-0.102042039470868,-0.490440515433024,-0.146555931332677,-0.514649599726016,-0.169737574382465,0.494965537908301,-0.369412217988784,-0.141744081510339,-0.124410291536453,0.0941478659189178,0.020792842159339,-0.185209127103044,-0.29207157840661,-0.0268847125305022,0.367738344963397,-0.464155143627724,0.0661158440001712,0.237865490817244,-0.28419880988056,-0.379815060576223,-0.189652810479901,0.311862665353825,0.428609957618049,0.262528361659318,-0.316486150948243,0.191682006935228,-0.473971488505501,0.370110021833126,0.172241962412775,0.368838563294662,0.0248597970803545,-0.196695064001027,-0.178136906545657,0.253538250781283,0.142356265251081,-0.486168072263367,0.0135707864206516,-0.419675499807355,0.16852176891134,-0.277400573654694,-0.367960957232758,0.298685731409735,0.0512864420565949,-0.180157540990625,-0.449428485808468,-0.550888308574853,0.197183098591549,-0.248555160751745,-0.236367139004238,-0.125942891390899,-0.135861980392996
"Deoxyguanosine",-0.0691039856158226,-0.206430069780384,0.330866047347917,0.0182841731238495,0.14485209127103,0.0169570615180444,-0.192264223639711,-0.0878547883042938,-0.145999400659275,0.149120253435507,-0.161218374074233,0.0873496296930519,-0.241739800505159,0.423502718438289,-0.0979151504773321,-0.0833896999015369,0.414816558928036,0.265358106083308,-0.107513164090929,-0.0983689370264138,0.274348216961343,0.117543559227707,-0.0693351598955435,0.0555802902521512,0.335309730724774,-0.0641637056380838,-0.161612226550794,-0.059467442955606,-0.0569801789460165,-0.187144141444411,0.0712830172524509,-0.0137891176848324,0.00175521212380667,-0.113378141187551,0.130125433451774,-0.142287769168201,0.107466073033948,0.308262339997431,0.0899781668735819,-0.249659660088189,-0.181373346461749,0.22636242989854,-0.0883256988740956,-0.147853075902222,0.137732779656663,-0.114294276296074,0.0245215976711332,-0.190243589194743,0.0490217903163663,-0.0567875337129158,0.108977267862494,-0.00329637398861253,-0.177400573654694,-0.0665182584870928,-0.303942805770795,-0.00871184554133311,0.139017081210668,-0.0896999015368809,-0.246962626824778,0.130848923327197,-0.0245130356607731,-0.161924739928935,-0.148144184254463,0.126495141059121,0.43935956162507,1,0.170238451988527,0.223365726272529,-0.250991052699174,-0.141444411147737,0.219037630035532,-0.302418767926709,-0.373487734920159,0.345639796224153,0.209144227064515,0.194135022903378,0.030801832270217,0.00925125219401515,0.226580761162721,0.220891305278479,-0.078428014897898,0.080525707436106,-0.0762061732094696,0.232835309730725,-0.0559784237338927,-0.177473350742754,0.126585042167901,0.0501690997046106,0.978329551778758,-0.0424376043495013,-0.149043195342266,-0.0979793655550323,0.236225865833298,-0.00334774605077272,-0.155053726615009,0.0799434907316238,-0.206909542360546,0.125763089173338,0.237505886382122,0.0457425403484738,0.00475619675499807,-0.223875165888951,-0.426670662271501,0.0348131341238923,0.37631319833897,0.101832270217047,0.0256046919816773,-0.340780855344835,-0.24475790915707,-0.381852819041911,-0.217671989383107,-0.172811336101717,0.187743482169613,-0.168928464403442,-0.125364955691596,-0.0139175478402329,-0.137197654009161,0.00564236482726144,-0.207350485894088,0.0312770238451988,0.12895243803245,-0.0772164904319534,0.0322916220728627,-0.123870884883771,0.436217303822938,0.404281005180016,0.186476304636329,-0.0122051457682264,0.0454428699858727,0.108883085748534,-0.360349330022689,0.220266278522197,-0.0861637912581874,0.119632689755555,-0.103467614195813,-0.190894301982105,0.0967849651098078,-0.166531101502633,-0.0861637912581874,0.248195556316623,-0.208484952266792,-0.504430840361317,-0.136559784237339,0.187105612397791,-0.0246757138576138,0.0233400402414487,0.00682392225694593,0.201275739543645,0.222847724645747,-0.0502375957874909,0.229782953037373,0.122723575495526,-0.000851920030823237,-0.110137420266279,-0.203189348859112,0.230998758508498,0.243323772421765,0.0465345263067768,-0.147985787062802,0.0108480671261612,-0.49468299156642,0.164848666466886,0.248439573611884,-0.0819298771351513,-0.00148550879746564,-0.158037587225481,-0.132839590735905,0.16839333875594,0.158872383235584,-0.178380923840918,-0.15254505757952,-0.528383064343508,0.12378954578535,-0.298184853803673,-0.170221327967807,-0.0372918361231217,-0.159788518344107,-0.227676698488805,-0.31849822338285,-0.0805043024102059,-0.0738173723190205,-0.445691168286314,-0.184061817714799,-0.0211139175478402,0.280114730938824
"DHAP/D-GA3P",-0.538015325998545,-0.635669335159896,0.389267520013699,-0.2210154544287,-0.192259942634531,-0.571235926195471,0.409461021447836,0.0282161051414872,-0.119624127745195,-0.240147266578193,-0.252900381009461,-0.516802945331564,-0.347613339612141,0.238092384091785,-0.0570700800547969,-0.156599169484995,0.452968877092341,0.0974656449334304,-0.513789117684832,-0.0361145596986172,-0.120643006978038,-0.156475020334775,0.130836080311657,-0.16570058649771,0.0535168457553834,-0.271300141273171,0.0836037501605377,0.107063658547027,-0.324054968106511,0.10273556231003,-0.183090029538936,-0.209735005779357,-0.627569673359305,-0.260340768012329,-0.0219059035061432,0.00244445395778929,-0.0828631362643949,0.0229504687700672,-0.0970332634102487,-0.5525707436106,-0.105441157583801,0.228177576094867,0.10005137206216,0.061843400830515,0.196528104799007,-0.298368937026414,-0.409812063872597,-0.616344877777302,0.0733507427543987,0.127158696862023,-0.496159938353525,0.0218716554647031,-0.107487478059848,0.213018536752429,-0.402782653367011,-0.300890449077443,-0.351042424761334,0.0528318849265808,-0.0765315296031508,0.140631020163534,0.525544757909157,-0.0253949227278565,-0.0263024958260199,0.235943319491417,0.379874994648744,0.170238451988527,1,-0.0192645233100732,-0.284918018750803,-0.431431140031679,0.461689284644034,0.0832355837150563,-0.614902179031637,0.192807911297573,0.500188364227921,0.476103429085149,0.098685731409735,-0.40525279335588,0.225763089173338,0.32636242989854,0.125596129971317,0.0433494584528447,-0.0633246286228006,0.317059805642365,0.633867031979109,0.30522282631962,0.122124234770324,-0.483372575880817,0.123006121837407,-0.188329979879276,-0.0511708549167345,0.136225865833298,0.233644419709748,0.621927308532043,-0.243178218245644,-0.140416969904534,-0.154424418853547,0.320403270687958,-0.458097521298001,-0.401785179160067,-0.446650113446637,0.265216832912368,-0.442878547883043,0.361406738302153,0.235921914465517,0.215458709705039,0.431204246757139,0.148662185881245,-0.0200522282631962,0.0150263281818571,-0.424744209940494,-0.5209940494028,0.250712787362473,-0.182768954150435,-0.0868658761077101,0.333152104114046,-0.405548182713301,-0.508694721520613,-0.133554518600968,0.055528918189991,-0.217916006678368,0.182683334046834,0.127689541504345,0.0295004066954921,-0.0923412817329509,0.322334004024145,0.370028682734706,-0.172999700329637,-0.38166017380881,-0.330977353482598,-0.0832826747720365,-0.0624555845712573,-0.0658461406738302,-0.0338113789117685,0.034992936341453,-0.614088788047434,0.0103600325356394,-0.629363414529732,-0.166573911554433,0.495676184768184,-0.423845198852691,0.0279292777944261,-0.140211481655893,-0.122094267734064,-0.112145211695706,-0.166103000984631,-0.349552634958688,-0.301605376942506,0.127415557172824,-0.375024615779785,-0.270473907273428,0.0296545228819727,-0.360858769639111,-0.38418168585984,-0.383278393766856,0.376677083779271,0.791938867246029,0.327689541504345,-0.599336444197097,0.3052699173766,-0.150194785735691,0.298428871098934,-0.13683804957404,0.338058136050345,0.0148679309901965,0.0965966008818871,0.300603621730382,0.285632946615865,-0.0194057964810137,-0.478312427758038,0.0352455156470739,-0.232398647202363,0.0469455028040584,-0.203270687957532,-0.588830857485337,0.0855002354552849,0.301322830600625,-0.0264352069866005,-0.404101202962456,-0.442951324971103,0.212962883685089,-0.259814204375187,-0.368675885097821,-0.161059976882572,-0.0687229761548011
"Dimethylarginine (A/SDMA)",0.046581617363757,-0.115240378440858,0.103737317522154,0.267922428186138,0.430078342394794,-0.0265208270902008,-0.0478573569074019,-0.0970032963739886,-0.211995376514406,-0.164309259814204,-0.117158268761505,0.0441157583800676,-0.222800633588767,0.16041354510039,-0.031306990881459,-0.155537480200351,0.0349715313155529,-0.0969348002911084,0.121357934843101,0.218964852947472,0.379652382379383,0.334453529688771,-0.187182670491031,0.279686630420823,-0.125022475277195,0.0309259814204375,-0.357040113018537,-0.30273984331521,0.00348045721135323,-0.250588638212252,0.153782268076544,0.314551136606875,-0.10788133053641,0.050794126460893,0.212988569716169,-0.101678154030566,0.0343850336058907,-0.280684104627767,0.193432938053855,-0.0893231730810394,0.17621045421465,0.193176077743054,-0.219696904833255,-0.251877220771437,0.0136178774776317,-0.238597542703027,-0.0565135493813948,-0.145275910783852,0.0920501733807098,-0.10009846311914,-0.00882315167601353,0.129671646902693,-0.172053598184854,-0.122411062117385,-0.282721863093454,-0.0741041996660816,0.0719808210967935,-0.217051243632005,-0.00630592063016396,0.22356265251081,-0.132364399160923,0.227514020291965,-0.213977481912753,0.0747848794897042,0.0549424204803288,0.223365726272529,-0.0192645233100732,1,-0.0934372190590351,-0.0957446808510638,0.20785136350015,-0.285513078470825,-0.312817329508969,-0.0545143199623272,0.191065542189306,0.173333618733679,0.21573697504174,0.0523481313412389,0.117145425745965,0.0464360631876365,0.088942163620018,0.0326126974613639,-0.236071749646817,0.127830814675286,0.0662828032021919,-0.248777773021105,-0.0603065199708892,0.0735219829615994,0.187212637527291,0.109645104670577,-0.0780598484524166,-0.280559955477546,0.564831542446166,0.105021619076159,-0.130797551265037,0.0184768183569502,-0.122042895671904,-0.0521982961599384,0.107183526692067,-0.0509054325955734,-0.0406353011687144,-0.0859026499422064,-0.0759707179245687,-0.0530031251337814,0.0767455798621516,0.174236910826662,0.0804058392910655,-0.266907829958474,-0.336345733978338,-0.0351598955434736,-0.201322830600625,-0.049467014855088,0.250648572284772,-0.219589879703754,-0.113570786420652,-0.0481142172182028,0.181428999529089,-0.0838049574039985,-0.0848152746264823,-0.00839933216319192,0.0916477588937883,-0.242638811592962,-0.289614281433281,-0.0753242861423862,0.37366325613254,0.277036688214393,0.0809067168971274,0.0220428956719038,-0.0338627509739287,0.273894430412261,-0.114820839933216,-0.00475191574981806,-0.0422877691682007,-0.00997046106425789,-0.0683890577507599,-0.122890534697547,0.0897084635472409,-0.10787704953123,0.134620488890792,0.159094995504945,-0.125369236696776,-0.0409007234898754,0.00232030480756882,0.16844042981292,0.149479857870628,-0.206425788775204,0.0350229033777131,0.0780427244316966,0.0873367866775119,0.0862280063358877,0.0377370606618434,0.223211610086048,0.0807269146795668,-0.17891604948842,-0.140404126888994,0.364797294404726,0.0712658932317308,0.221850250438803,0.00832227406995163,0.135566591035575,-0.169181043709063,0.147737488762361,0.243152532214564,-0.29998287597928,0.227505458281605,-0.28148465259643,0.0393852476561497,0.158829573183784,-0.069206729740143,-0.176869729012372,-0.163885440301383,-0.196583757866347,-0.0557044394023717,-0.022894815702727,-0.0502333147823109,0.186185196284088,-0.0429641679866433,-0.304092640952096,-0.0274583672246243,-0.0159467442955606,0.259771394323387,-0.0816088017466501,-0.0197054668436149,0.14748062845156,0.372413202619975
"Dimethylglycine",0.222081424718524,0.196686501990667,-0.148871955135066,0.0714456954492915,0.132342994135023,0.205539620702941,0.043687657862066,0.0482597713943234,-0.0596600881887067,-0.000800547968663042,0.233995462134509,0.183839205445439,0.126507984074661,-0.42906802517231,0.0190119440044522,0.111725673188065,-0.42906802517231,-0.197966522539492,0.240947814546856,-0.0544586668949869,0.0726101288582559,0.129196455327711,0.116242133652982,0.227873624727086,-0.364005308446423,0.158585555888523,0.00601053127274284,-0.0945074703540391,0.350494456098292,-0.0802345990838649,0.205402628537181,0.168183569502119,0.334851663170512,-0.0999315039171197,-0.0596044351213665,0.22888394194957,0.219885269061176,-0.208626225437733,-0.0439916092298472,0.2157027270003,0.19219144655165,-0.130288111648615,-0.0548011473093882,-0.0422877691682007,-0.0610214478359519,0.00982918789331735,0.22881972687187,0.179168628794041,-0.263709919089002,0.0357421122479558,-0.0267134723233015,-0.232629821482084,-0.0761590821524894,-0.123468470396849,0.23160238023888,-0.0470824949698189,0.125638940023117,-0.0969390812962884,0.371424290423391,-0.219542788646774,-0.211079241405882,0.0897769596301212,-0.161625069566334,0.178410890877178,-0.366869300911854,-0.250991052699174,-0.284918018750803,-0.0934372190590351,1,0.116010959373261,-0.341782610556959,0.162913652125519,0.359112119525665,-0.505873539106982,-0.348422449591164,-0.359878419452888,0.0251252194015155,0.42356693351599,-0.228755511794169,-0.375902221841688,-0.00617749047476347,-0.0576180487178389,-0.0697975084549852,-0.292371248769211,-0.237878333832784,0.0523995034033991,-0.186159510253007,0.214264309259814,-0.254621345091828,0.157545271629779,-0.040254291707693,0.23959501690997,-0.153187208356522,-0.229693051928593,-0.0633417526435207,-0.00762447022560897,0.190367738344963,-0.0992337000727771,0.0777773021105356,0.171942292050173,0.171531315552892,-0.0191189691339527,0.3894387602209,-0.188895072563038,-0.0628023459908387,0.119705466843615,-0.148910484181686,0.0446209169913096,0.0788175863692795,0.289014940708078,0.203720193501434,0.267678410890877,-0.388167301682435,0.00529988441286014,0.235052870413973,0.087105612397791,0.231084378612098,0.331914893617021,0.212598998244788,0.154831114345648,0.132090414829402,-0.188809452459437,-0.172789931075817,-0.0185153474035704,-0.0267348773492016,-0.287752044179973,-0.217115458709705,0.209983304079798,0.170075773791686,0.249094567404427,0.16050344620917,0.177469069737574,0.425964296416799,-0.0594974099918661,0.185769938781626,0.179780812534783,-0.153084464232202,0.240262853718053,0.20515004923156,-0.26311485936898,0.0964210796695064,0.266509696476733,0.248555160751745,0.254360203775847,0.109764972815617,0.203899995718995,-0.0303865747677555,-0.127788004623486,-0.219174622201293,0.0956975897940837,0.0714114474078514,-0.0846611584400017,0.16050344620917,0.00082623399974314,0.35782353696648,-0.208279464018151,-0.355862836594032,0.0110321503489019,0.154441542874267,-0.0351427715227535,0.200201207243461,-0.261787747763175,-0.0675414187251167,-0.265311015026328,0.125185153474036,-0.078693437219059,-0.0382293762575453,-0.146834196669378,-0.379425489104842,0.347964382036902,0.241953850764159,0.552065584999358,-0.317483625155186,0.255738687443812,0.137150562952181,0.0734492058735391,-0.0352883256988741,0.088959287640738,0.442831456826063,0.177280705509654,-0.12115672759964,0.47886895843144,0.271578406609872,0.155914208656192,-0.00244017295260927
"Ergocalciferol",0.429958474249754,0.585692880688386,-0.563876878291023,-0.257455370520998,0.131747934415001,0.426923241577122,-0.222488120210625,0.0913009974742069,0.576099148079969,0.279322744980521,0.497889464446252,0.298895500663556,0.513874737788433,-0.161500920416114,0.0606061903334903,0.312046748576566,-0.450665696305493,-0.112423477032407,0.0660345049017509,-0.110043238152318,0.104640609615138,-0.11586540519714,0.0782567746906974,0.0887623614024573,-0.124812706023374,0.0076587182670491,0.180354467228905,0.253923541247485,0.326011387473779,0.431392610985059,-0.0635044308403613,-0.124337514448392,0.508155314867931,0.254000599340725,-0.355858555588852,-0.0487392439744852,0.0393895286613297,-0.0348302581446124,-0.146632989425917,0.636165931760777,-0.114829401943576,-0.378543602037758,0.34998929748705,0.476865448007192,-0.154801147309388,0.526156941649899,0.48150177661715,0.581279164347789,-0.356111134894473,-0.280157540990625,-0.104662014641038,-0.312179459737146,0.644959116400531,0.127424119183184,0.62889250395993,0.507573098163449,0.373971488505501,0.246979750845499,-0.15516075174451,-0.347870199922942,-0.27118027312813,-0.12642236397106,0.346478873239437,-0.212586155229248,-0.398544458238794,-0.141444411147737,-0.431431140031679,-0.0957446808510638,0.116010959373261,1,-0.575551179416927,0.131234213793399,0.395633374716383,-0.265311015026328,-0.568183569502119,-0.545323001840832,-0.172657219915236,0.140177233614453,-0.579309901964981,-0.53672246243418,0.0489789802645661,-0.0671989383107154,0.545194571685432,-0.602320304807569,-0.259287640738045,-0.20264994220643,0.0460721777473351,0.157309816344878,-0.0961941863949655,0.00862194443255276,0.325052442313455,-0.178273898711417,-0.409953337043538,-0.307496040070208,0.491129757267006,0.028678453700929,0.203236439916092,-0.319855302024915,0.0799392097264438,0.353362729568903,0.332261655036603,-0.0443683376856886,0.268941307418982,-0.0830686245130357,-0.308557729354853,-0.293578492229976,-0.529830044094353,0.124658589836894,-0.0438888651055268,-0.143182499250824,0.296921957275568,0.263384562695321,-0.220437518729398,0.473513420951239,0.306686930091185,-0.433143542103686,0.230720493171797,0.283830643435079,0.0633974057108609,-0.134504901750931,0.0978124063530117,0.0305963440215763,0.2790701656749,-0.369938781625926,-0.0580889592876407,-0.384421422149921,-0.443991609229847,-0.0531829273513421,0.131007320518858,0.206228862536924,0.124448820583073,0.131362643948799,0.0560854488633931,0.150708506357293,-0.0941735519499979,0.579618134337943,-0.0164818699430626,0.52111819855302,0.0242690183655122,-0.572194871355794,0.412119525664626,-0.200308232372961,-0.0329765829016653,-0.0061047133867032,-0.117689113403827,0.0776788389913952,0.114289995290894,0.137060661843401,-0.326696348302581,0.375979279934929,0.241149021790316,-0.432925210839505,-0.00114302838306434,0.808086818785051,0.0337086347874481,-0.386279378398048,-0.475499807354767,-0.571501348516632,0.272537351770196,-0.473945802474421,0.303112290765872,-0.472520227749476,0.159501690997046,-0.0706237424547284,-0.273868744381181,0.432561325399204,0.0196369707607346,-0.52885825591849,0.11568560297958,0.627582516374845,-0.306143242433323,0.215043452202577,0.134581959844171,-0.126687786292221,0.306738302153346,-0.385316152232544,-0.15265208270902,-0.0699516246414658,0.103643135408194,0.512016781540306,-0.476672802774091,0.0540391283873453,0.391245344406867,-0.0844556701913609,0.0171283017252451
"Erythrose-4-Phosphate",-0.460803116571771,-0.616700201207243,0.678389485851278,0.133717196797808,0.0584528447279421,-0.420497452801918,0.0990838648914765,-0.0617706237424547,-0.507222055738687,-0.536011815574297,-0.632467143285243,-0.309816344877777,-0.723087460935828,0.319178903206473,-0.0600924697118884,-0.579571043280962,0.566222869129672,0.0185838434864506,-0.267746906973757,-0.0345648358234513,-0.0379682349415643,0.0608073975769511,-0.308176719893831,-0.225720279121538,0.265079840746607,0.140108737531572,-0.173102444453958,-0.147900166959202,-0.463988184425703,-0.311507341923884,0.148216961342523,0.0245515647073933,-0.578594974099919,-0.395145340125861,0.408579134380753,-0.02895671903763,-0.0142300612183741,0.0569544929149364,0.0561154158996532,-0.661351085234813,0.126743439359562,0.347673273684661,-0.299833040797979,-0.387191232501391,0.174669292349844,-0.561205531058693,-0.575568303437647,-0.619714028853975,0.577610342908515,0.0674814846525964,0.1316409092855,0.540836508412175,-0.471839547925853,-0.159403227877906,-0.792688043152532,-0.500526563637142,-0.397692538207971,-0.168727257159981,-0.0722719294490346,0.550918275611114,0.15801618219958,0.109824906888137,-0.398193415814033,-0.0930433665824736,0.500984631191404,0.219037630035532,0.461689284644034,0.20785136350015,-0.341782610556959,-0.575551179416927,1,-0.460901579690911,-0.510672545913781,0.425305021619076,0.988171582687615,0.991164005308446,0.112950040669549,-0.205813605034462,0.551774476647117,0.503655978423734,-0.135519499978595,0.0484652596429642,-0.493351598955435,0.582387944689413,0.426700629307761,0.105976283231303,-0.109974742069438,-0.1210368594546,0.17094053683805,-0.0969990153688086,-0.358427158696862,0.101785179160067,0.453902136221585,0.449484138875808,-0.514641037715656,-0.117796138533328,-0.557348345391498,0.304366625283617,0.0127573954364485,-0.578757652296759,-0.558225951453401,0.029470439659232,-0.443276681364784,0.215351684575538,0.356689070593775,0.348824864078086,0.526533670105741,-0.0117299541932446,-0.322509525236526,-0.0343122565178304,-0.50796695064001,-0.385046448906203,0.261154158996532,-0.530878890363457,-0.467832527077358,0.341508626225438,-0.476852604991652,-0.476989597157413,-0.156860310800976,-0.0375058863821225,-0.198022175606832,-0.0751316409092855,-0.197170255576009,0.27639881844257,0.0676826918960572,0.51324114902179,0.433387559398947,0.143469326597885,-0.144436833768569,-0.346945502804058,-0.174429556059763,-0.396481013742027,-0.141688428442998,0.0114003167943833,-0.0974913309645105,-0.603467614195813,0.278432295903078,-0.648024316109423,-0.302072006507128,0.756016952780513,-0.546966907829958,0.0327025985701443,-0.100368166445481,-0.00757309816344878,0.198886938653196,-0.232629821482084,-0.0611498779913524,-0.249051757352626,0.277571813861895,-0.501318549595445,-0.298381780041954,0.567365897512736,0.090787276852605,-0.577631747934415,-0.372113532257374,0.561847681835695,0.536230146838478,0.536611156299499,-0.358093240292821,0.336534098206259,-0.431341238922899,0.694875636799521,-0.0148379639539364,0.243593475748106,0.300406695492102,-0.344321246628708,0.0774690697375744,0.517034119611285,-0.104717667708378,-0.754642750117728,0.0422749261526606,-0.419354424418854,0.107050815531487,-0.105582430754741,-0.379947771736804,0.576060619033349,0.242818613810523,-0.288865105526778,-0.289986728883942,-0.58946444625198,0.585264780170384,-0.252176891134038,-0.69224281861381,-0.0636371420009418,0.0970332634102487
"Ethanolamine",0.0156684789588595,0.11316409092855,-0.2893959501691,-0.122184168842844,-0.171445695449292,-0.0244060105312727,0.31840832227407,0.132064728798322,0.243225309302624,0.198792756539235,0.268774348216961,-0.0752943191061261,0.373902992422621,-0.160315081981249,0.033147823108866,0.349715313155529,-0.196609443897427,-0.0309730724774177,-0.0638126632133225,0.0687572241962413,-0.00126717753328482,-0.120172096408237,0.554715527205788,0.0534697546984032,-0.322222697889464,-0.200269703326341,0.157249882272358,0.00468770067211781,0.264377755897085,0.178817586369279,-0.377606061903335,-0.0749047476347446,0.0344321246628708,0.212945759664369,-0.410993621302282,0.18410034676142,-0.124594374759193,-0.155961299713173,-0.127984930861766,0.161137034975812,-0.191673444924868,-0.2158953722334,0.296789246114988,0.214863649985016,0.117419410077486,0.180029110835224,0.0523181643049788,0.117376600025686,-0.448289738430583,0.161265465131213,-0.409362558328696,-0.403977053812235,0.263735605120082,0.193073333618734,0.486574767755469,0.0239308189562909,0.134629050901152,0.119303052356693,0.209854873924397,-0.37099618990539,0.357716511836979,0.190890020976925,0.291258187422407,0.300950383149964,-0.206361573697504,-0.302418767926709,0.0832355837150563,-0.285513078470825,0.162913652125519,0.131234213793399,-0.460901579690911,1,0.184879489704183,-0.392315595701871,-0.428537180529988,-0.453632432895244,0.132753970632304,-0.163966779399803,-0.268196412517659,-0.174806284515604,0.259771394323387,-0.0160152403784409,0.191660601909328,-0.261303994177833,0.0738559013656407,0.381120767156128,0.24221499208014,-0.30529988441286,-0.290059505972002,-0.02106254548568,0.343524979665225,-0.0267434393595616,-0.227265721991524,0.0479729440472623,0.157305535339698,-0.177088060276553,0.527603921400745,-0.0185667194657306,-0.466916391968834,0.267019136093155,0.228263196198467,0.243336615437305,0.291669163919688,0.0275140202919646,-0.249616850036389,-0.0691767627038829,-0.126144098634359,0.21832698317565,0.388441286013956,0.245793912410634,0.377233614452674,0.114324243332334,-0.0426773406395822,0.219315895372233,0.352211139175478,0.0243674814846526,0.196451046705766,0.059737146281947,0.042630249582602,0.0177704525022475,-0.0475619675499807,0.0366882143927394,0.098672888394195,-0.0484695406481442,-0.283590907144998,-0.266239993150392,-0.124320390427672,-0.340746607303395,-0.0428485808467828,-0.0488248640780855,0.245425745965153,0.433944090072349,0.198886938653196,-0.0902136221584828,0.103985615822595,0.119799648957575,-0.375238666038786,0.184040412688899,0.256235284044694,-0.358808168157883,0.195671903763004,0.243995890235027,0.0240720921272315,-0.0144013014255747,-0.129230703369151,-0.017907444668008,-0.213861894772893,-0.0990324928293163,0.0242304893188921,0.100286827347061,0.0658332976582902,-0.520103600325356,-0.30799691767627,0.179605291322402,0.158354381608802,-0.351406310201635,-0.055785778500792,-0.167674129885697,-0.0693094738644634,0.0388073119568475,0.372956890277837,-0.206250267562824,-0.164039556487863,-0.0129971317265294,-0.225917205359818,0.202808339398091,0.0876578620660131,-0.173072477417698,-0.0388030309516675,0.325741684147438,0.0369964467657006,0.312757395436448,-0.101613938952866,0.289147651868659,-0.0175135921914466,-0.229556059762832,0.0741598527334218,0.314915022047177,-5.13720621601952e-05,0.125579005950597,-0.153825078128345,0.275195855986986,0.306207457511024,-0.00631020163534398,-0.294327668136478
"FAD",0.463401686716041,0.616961342523225,-0.425095252365255,0.0592362686758851,-0.0923412817329509,0.42357977653153,-0.222115672759964,0.0909499550494456,0.22618690868616,0.296108566291365,0.40269703326341,0.359471723960786,0.491395179588167,-0.464433408964425,0.0535810608330836,0.376916820069352,-0.533092170041526,-0.286377841517188,0.486322188449848,-0.0387987499464874,-0.0796181343379426,-0.0095252365255362,0.000312513378141188,0.00248726400958945,-0.133931247056809,0.0567875337129158,0.121302281775761,0.0947172396078599,0.420497452801918,0.0330793270259857,0.20262853718053,0.122372533070765,0.564480500021405,0.24991652039899,-0.180071920887024,0.0345263067768312,0.259959758551308,-0.101506913823366,0.0948970418254206,0.531803587482341,0.104769039770538,-0.278261055695877,-0.0839933216319192,0.101065970289824,-0.0980478616379126,0.403685945459994,0.327578235369665,0.603536110278693,-0.28412175178732,-0.0219273085320433,0.345631234213793,-0.221533456055482,0.134740357035832,-0.0739672075003211,0.492426901836551,0.364861509482427,0.174506614153003,-0.0395650498737104,0.0794083650841217,-0.239988869386532,-0.356552078428015,-0.122920501733807,0.145789631405454,-0.107607346204889,-0.436118840703797,-0.373487734920159,-0.614902179031637,-0.312817329508969,0.359112119525665,0.395633374716383,-0.510672545913781,0.184879489704183,1,-0.343105441157584,-0.538888651055268,-0.506832484267306,-0.187709234128173,0.225690312085278,-0.283119996575196,-0.34219358705424,-0.193882443597757,0.0166017380881031,0.170161393895287,-0.354347360760306,-0.454980949526949,-0.070529560340768,-0.0657048675028897,0.441542874266878,-0.332295903078043,0.204255319148936,0.129252108395051,0.0128258915193287,-0.391754784023289,-0.470747891604949,0.282970161393895,-0.00978209683633717,0.18681878505073,-0.287186951496211,0.302945331563851,0.529444753628152,0.55530630592063,-0.142429042339141,0.557001583971917,-0.25010916563209,-0.33691510766728,-0.211961128472965,-0.393467186095295,-0.020518857827818,0.261064257887752,0.161355366239993,0.534787448092812,0.484605505372662,-0.450695663341753,0.329320604477931,0.383231302709876,-0.243520698660045,0.393004837535853,0.469596301211524,0.105894944132882,0.0241277451945717,0.060255147908729,-0.208296588038872,-0.00347189520099319,0.0791729097992209,-0.0691853247142429,-0.65779356993022,-0.496403955648786,0.272331863521555,0.398630078342395,0.202204717667708,0.0949098848409607,0.0140631020163534,0.104734791729098,-0.0331178560726058,-0.00313369579177191,0.595637655721563,-0.083419666937797,0.645776788389914,0.112479130099747,-0.495723275825164,0.432775375658205,0.0916092298471681,0.157519585598699,-0.00795838862965024,0.167404426559356,0.106631277023845,0.114589665653495,0.111250481613083,-0.328494370478188,0.325168029453316,0.0879532514234342,-0.235142771522754,0.323973629008091,0.371732522796353,0.350678539321033,-0.433635857699388,-0.594571685431739,-0.307444668008048,0.462018922042896,-0.255584571257331,0.208403613168372,-0.323489875422749,-0.0439659231987671,-0.214435549467015,-0.0405582430754741,0.0465987413844771,-0.247540562524081,-0.292435463846911,-0.157331221370778,0.594391883214179,-0.00465345263067768,0.433203476176206,-0.135489532942335,0.198869814632476,0.500941821139604,-0.157883471039,-0.280525707436106,0.267044822124235,0.466933515989554,0.421910184511323,-0.340151547583373,0.447823108865962,0.374001455541761,0.160118155742968,-0.215441585684319
"Fructose",-0.271766770837793,-0.278445138918618,0.302328866817929,-0.0974271158868102,-0.197148850550109,-0.10525707436106,-0.134834539149792,-0.0958559869857443,-0.0673316494712959,-0.0664797294404726,-0.380011986814504,-0.0679438332120382,-0.269262382807483,0.386450618605248,-0.0622201292863564,-0.255430455070851,0.497084635472409,0.445656920244873,-0.174159852733422,-0.129654522881973,-0.134740357035832,0.0800590778714842,-0.248764930005565,-0.22644805000214,0.271441414444111,-0.014217218202834,-0.162010360032536,-0.0460336487007149,-0.322145639796224,-0.00855772935485252,-0.0566762275782354,-0.0998544458238795,-0.244406866732309,-0.157609486707479,0.1895671903763,-0.254081938439146,-0.067635600839077,0.507080782567747,-0.00848495226679224,-0.264758765358106,-0.16570486750289,0.208767498608673,-0.0737445952309602,-0.0146324757052956,0.179849308617663,-0.113361017166831,-0.233203476176206,-0.232304465088403,0.321743225309303,0.116563209041483,0.138678881801447,0.326739158354382,-0.125146624427416,0.108236653966351,-0.334975812320733,-0.0940579648101374,-0.0783381137891177,0.155524637184811,-0.306644120039385,0.234063958217389,-0.00152403784408579,-0.260071064685988,-0.0162250096322617,-0.191288154458667,0.46057194229205,0.345639796224153,0.192807911297573,-0.0545143199623272,-0.505873539106982,-0.265311015026328,0.425305021619076,-0.392315595701871,-0.343105441157584,1,0.41843828931033,0.442493257416841,-0.192499678924612,-0.343435078556445,0.318720835652211,0.309191318121495,-0.15795624812706,0.141619932360118,-0.0118669463590051,0.319011944004452,0.062639667793998,-0.0417826105569588,0.144411147737489,-0.0705723703925682,0.322453872169185,-0.231880645575581,-0.0275525493385847,-0.0178089815488677,0.214007448949013,0.0632004794725802,-0.0926580761162721,0.0690782995847425,-0.400663555802903,0.196969048332548,0.130348045721135,-0.254749775247228,-0.24474934714671,-0.129744423990753,-0.399105269917377,0.0314953551093797,0.202975298600111,0.0407637313241149,0.219204589237553,-0.0530673402114817,-0.214641037715656,-0.239834753200051,-0.297846654394452,-0.287319662656792,0.298300440943534,-0.109191318121495,-0.256475020334775,0.0176548653623871,-0.408660473479173,-0.187901879361274,-0.194481784322959,-0.0652853289952481,-0.15793912410634,0.133237724217646,0.14470225608973,6.4215077700244e-05,0.049475576865448,0.390128002054883,0.339299627552549,-0.00938824435977567,-0.0181428999529089,-0.28945588424162,-0.165024187679267,-0.209118541033435,-0.249711032150349,0.221717539278223,-0.156761847681836,-0.26833340468342,0.199700329637399,-0.290949955049446,-0.15523352883257,0.285941178988827,-0.264112333575924,-0.199036773834496,-0.122847724645747,-0.122744980521426,0.107680123292949,-0.0129928507213494,-0.0201935014341367,0.0333533113575067,0.211627210068924,-0.218125775932189,-0.0741598527334218,0.228434436405668,-0.127287127017424,-0.187704953122993,-0.262305749389957,0.095534911597243,0.209786377841517,0.106639839034205,-0.192401215805471,0.00804400873325057,-0.351427715227535,0.265225394922728,0.148863393124706,0.38145040455499,0.0577464788732394,0.0139774819127531,-0.117046962626825,0.130827518301297,0.465388073119568,-0.378124063530117,-0.14471081810009,-0.471355794340511,0.340917847510595,-0.254946701485509,-0.190063786977182,0.0592491116914251,-0.0203947086775975,-0.200616464745922,-0.378624941136179,-0.293398690012415,0.0940065927479772,-0.419791086947215,-0.468889935356822,-0.250764159424633,0.0850592919217432
"G1P/F1P/F6P",-0.466162935057151,-0.622089986728884,0.645802474420994,0.0988997816687358,0.0387730639154073,-0.4420523138833,0.125270773577636,-0.0356393681236354,-0.46054197525579,-0.558157455370521,-0.62362258658333,-0.344364056680509,-0.701408450704225,0.296930519285928,-0.0546769981591678,-0.562031765058436,0.552343850336059,0.00735048589408793,-0.303745879532514,-0.0178089815488677,-0.0524380324500193,0.0325442013784837,-0.285765657776446,-0.237056380838221,0.23687657862066,0.11318121494927,-0.141885354681279,-0.115159039342438,-0.483445352968877,-0.253204332377242,0.111905475405625,0.00296673658975127,-0.587880474335374,-0.424864078085534,0.363846911254763,-0.055524637184811,-0.0600539406652682,0.0441286013956077,0.0185110663983903,-0.632158910912282,0.110736760991481,0.324384605505373,-0.259231987670705,-0.334359347574811,0.154754056252408,-0.522098548739244,-0.566582473564793,-0.612813048503789,0.571591249625412,0.0583929106554219,0.0906460036816644,0.541872511665739,-0.421516332034762,-0.120501733807098,-0.766625283616593,-0.478556445053298,-0.420728627081639,-0.128216105141487,-0.0870585213408108,0.548379639539364,0.180093325912924,0.120750032107539,-0.344496767841089,-0.122723575495526,0.485714285714286,0.209144227064515,0.500188364227921,0.191065542189306,-0.348422449591164,-0.568183569502119,0.988171582687615,-0.428537180529988,-0.538888651055268,0.41843828931033,1,0.989010659702898,0.0786377841517188,-0.224200522282632,0.508425018194272,0.47100903292093,-0.128139047048247,0.0371462819470012,-0.443242433323344,0.537711374630763,0.462965024187679,0.0995205274198382,-0.107281989811208,-0.166650969647673,0.165148336829488,-0.0824778457981934,-0.341889635686459,0.0885140631020164,0.437681407594503,0.48162592576737,-0.481437561539449,-0.120052228263196,-0.551586112419196,0.281155015197568,-0.030784708249497,-0.587756325185154,-0.565456569202449,0.0596643691938867,-0.464334945845284,0.218686587610771,0.350969647673274,0.329106554218931,0.524654308831714,0.0255576009246971,-0.35260927265722,-0.049736718181429,-0.532184596943362,-0.420095038314996,0.251419153217175,-0.492551050986772,-0.451551864377756,0.340421250909714,-0.495933045078985,-0.506507127873625,-0.159505972002226,-0.0549852305321289,-0.187319662656792,-0.0532599854445824,-0.157399717453658,0.235844856372276,0.0412303608887367,0.517701956419367,0.431358362943619,0.106763988184426,-0.178393766856458,-0.349818057279849,-0.172310458495655,-0.408223810950811,-0.143739029924226,0.0183911982533499,-0.0991908900209769,-0.599627552549339,0.284596943362301,-0.664822980435806,-0.308382208142472,0.735271201678154,-0.525613253992037,0.0323515561453829,-0.127218630934543,-0.0279121537737061,0.159214863649985,-0.258264480500021,-0.0661586540519714,-0.261252622115673,0.259398946872726,-0.479493985187722,-0.298737103471895,0.52892675200137,0.069472152061304,-0.55529774391027,-0.386694635900509,0.582006935228392,0.57365897512736,0.512851577550409,-0.365041311699987,0.311421721820283,-0.399387816259258,0.686557643734749,-0.0179288496939081,0.260101031722248,0.27103471895201,-0.286613296802089,0.118926323900852,0.479254248897641,-0.099469155357678,-0.749030352326726,0.0320433237724218,-0.418853546812792,0.157750759878419,-0.13145682606276,-0.380666980607047,0.535339697761034,0.254116186480586,-0.325399203733037,-0.317376600025686,-0.56570486750289,0.58676741298857,-0.266967764030994,-0.685157755040884,-0.0540605334132454,0.0792456868872811
"G6P",-0.443897427115887,-0.585367524294704,0.625968577421979,0.107166402671347,0.0436277237895458,-0.42630249582602,0.0865233956933088,-0.022376814075945,-0.436576908258059,-0.553709490988484,-0.608741812577593,-0.335005779356993,-0.67640738045293,0.299118112932917,-0.0824735647930134,-0.547150991052699,0.53938096665097,0.00358320133567362,-0.309276938225095,-0.0307675842287769,-0.0539235412474849,0.00643863179074447,-0.305505372661501,-0.259792799349287,0.259463161950426,0.127501177276425,-0.124298985401772,-0.0936641123335759,-0.487366753713772,-0.235339697761034,0.109157070080055,-0.0239864720236311,-0.577439102701314,-0.416332034761762,0.349115972430327,-0.0520784280148979,-0.0502161907615908,0.059732865276767,0.0066569630549253,-0.610830943105441,0.104088359946916,0.296789246114988,-0.253302795496383,-0.312569031208528,0.163457339783381,-0.483278393766856,-0.546410377156556,-0.576814075945032,0.577212209426773,0.0416327753756582,0.105813605034462,0.540609615137634,-0.410788133053641,-0.112868701571129,-0.738477674557986,-0.446457468213537,-0.40785564450533,-0.106511408878805,-0.110800976069181,0.538832997987927,0.149317179673787,0.112406353011687,-0.339081296288369,-0.153088745237382,0.470615180444368,0.194135022903378,0.476103429085149,0.173333618733679,-0.359878419452888,-0.545323001840832,0.991164005308446,-0.453632432895244,-0.506832484267306,0.442493257416841,0.989010659702898,1,0.0556102572884113,-0.228331692281348,0.495350828374502,0.468585983989041,-0.14200522282632,0.0341795453572499,-0.420403270687958,0.527552549338585,0.449753842202149,0.0835309730724774,-0.109020077914294,-0.158208827432681,0.152425189434479,-0.0907658718267049,-0.331212808767499,0.0813605034462092,0.406027655293463,0.459039342437604,-0.453606746864164,-0.127094481784323,-0.571582687615052,0.268200693522839,-0.0167943833212038,-0.571218802174751,-0.548456697632604,0.0621987242604564,-0.451252194015155,0.218125775932189,0.3474720664412,0.322804914593947,0.506284515604264,0.0340468341966694,-0.34474078513635,-0.0647502033477461,-0.511370349758123,-0.410145982276639,0.247981506057622,-0.467267434393596,-0.451243632004795,0.308386489147652,-0.505967721220943,-0.506014812277923,-0.161445267348773,-0.0797808125347832,-0.175153045935186,-0.0439744852091271,-0.141208955862837,0.238503360589066,0.0418254206087589,0.489806926666381,0.408844556701914,0.114469797508455,-0.168881373346462,-0.354818271330108,-0.162759535939038,-0.432646945502804,-0.168641637056381,0.0318292735134209,-0.12372533070765,-0.566064471938011,0.295064001027441,-0.62635386788818,-0.32371248769211,0.711353225737403,-0.50800119868145,0.0226636414230061,-0.141765486536239,-0.0493128986686074,0.164895757523867,-0.25795624812706,-0.042360546256261,-0.253688085962584,0.246114987799135,-0.46048204118327,-0.317860353611028,0.513874737788433,0.0807654437261869,-0.530463632860996,-0.390324928293163,0.553028811164861,0.545695449291494,0.479314182970161,-0.346003681664455,0.279601010317223,-0.396232715441586,0.670208484952267,-0.0076587182670491,0.280119011944004,0.270388287169827,-0.266783680808254,0.11315124791301,0.46064900038529,-0.0794426131255619,-0.738880089044908,0.00994049402799777,-0.432069009803502,0.162763816944218,-0.145952309602295,-0.36052057022989,0.514097350057794,0.249762404212509,-0.31836123121709,-0.319333019392953,-0.540010274412432,0.579849308617663,-0.271574125604692,-0.698822723575495,-0.0727385590136564,0.0840147266578193
"gamma-Aminobutyrate",-0.266389828331692,-0.245528490089473,0.212907230617749,0.17113318207115,0.21574981805728,-0.155413331050131,0.292760820240593,-0.0829102273213751,-0.37633032235969,-0.0350357463932531,-0.221456397962242,-0.0351299285072135,-0.303591763346034,0.155605976283231,0.0788775204417997,-0.345151761633632,0.253812235112804,-0.00934971531315553,-0.121871655464703,-0.0606104713386703,0.0942677340639582,0.13955220685817,0.142420480328781,0.121195256646261,0.00243589194742926,0.0173937240464061,-0.161552292478274,-0.234928721263753,0.0654266021661886,-0.37100903292093,0.0283745023331478,0.125249368551736,-0.228532899524808,-0.0341495783209898,0.314752343850336,0.212320732908087,0.00891305278479387,-0.069998715698446,0.0520784280148979,-0.467896742155058,-0.240091613510852,0.467935271201678,0.0321803159381823,-0.351778757652297,0.214409863435935,-0.522929063744167,-0.352009931932018,-0.308656192473993,0.0124406010531273,0.0579476861167002,-0.130211053555375,-0.0336572627252879,-0.288415599982876,-0.357001583971917,-0.262164476219016,-0.492589580033392,0.124650027826534,-0.345900937540134,0.306040498309003,0.00276552934629051,0.414016010959373,0.267862494113618,-0.21056980178946,0.423455627381309,0.243011259043623,0.030801832270217,0.098685731409735,0.21573697504174,0.0251252194015155,-0.172657219915236,0.112950040669549,0.132753970632304,-0.187709234128173,-0.192499678924612,0.0786377841517188,0.0556102572884113,1,0.0107538850122009,0.278470824949698,0.223524123464189,0.723357164262169,0.275636799520527,-0.343387987499465,0.322766385547327,0.0744552420908429,0.176715612825892,0.189297487049959,-0.139004238195128,-0.0216490431953423,-0.0161008604820412,-0.183685089258958,0.133584485637228,0.251539021362216,0.111233357592363,-0.23431653752301,-0.13935956162507,0.302375957874909,0.285046448906203,-0.246859882700458,-0.267883899139518,-0.273393552806199,0.0827133010830943,0.105775075987842,0.264904319534227,-0.0845798193415814,0.11830129714457,0.118031593818229,-0.275315724132026,-0.0111819855302025,0.316267819684062,-0.056569202448735,-0.0177533284815275,0.32091699130956,-0.424508754655593,-0.0106126118412603,0.332916648829145,-0.0331735091399461,-0.0655550323215891,-0.00496168500363885,0.306061903334903,-0.259257673701785,0.0775632518515347,-0.254689841174708,0.196519542788647,0.0143413673530545,0.264737360332206,0.223870884883771,-0.0954193244573826,0.00415257502461578,-0.194164989939638,-0.0462476989597157,0.289956761847682,-0.0447579091570701,-0.176013527976369,0.121503489019222,-0.239115544329809,-0.238627509739287,-0.275075987841945,0.0741941007748619,0.286219444325528,-0.214020291964553,0.0888222954749775,0.135189862579734,0.0238494798578706,-0.00940108737531572,0.0421293719765401,-0.219118969133953,0.02367823965067,0.270752172610129,-0.390919988013186,0.0974998929748705,0.0890663127702385,-0.154878205402629,-0.249086005394067,0.0646431782182457,0.246388972130656,0.0899824478787619,0.21320261997517,-0.176694207799991,0.341196112847297,-0.179609572327583,0.1211438845841,0.14482640523995,-0.192247099618991,0.168770067211781,-0.375611113489447,0.0367609914807997,0.284070379725159,-0.117757609486707,-0.218703711631491,0.14480071920887,-0.0362643948799178,-0.314153003125134,0.232039042767242,-0.204816130827518,0.34218502504388,0.314212937197654,0.0091313840489747,-0.142544629479002,-0.433340468341967,0.318095808895929,0.182644805000214,0.156029795796053,0.0796224153431226,-0.080786848752087
"Glucoronate",0.393762575452716,0.289978166873582,-0.132681193544244,0.26312342137934,0.249514105912068,0.375431311271887,-0.109161351085235,0.0451860096750717,-0.0950254719808211,0.0407423262982148,0.147103899995719,0.360726058478531,0.091831842116529,-0.22113104156856,0.0314268590264994,0.053696647972944,-0.3211010745323,-0.167194657305535,0.274562267220343,0.145215976711332,0.237655721563423,0.0540391283873453,-0.00571514191532172,0.241889635686459,-0.185641508626225,0.274724945417184,0.042882828888223,-0.0485166317051244,0.258966565349544,-0.152069866004538,0.281223511280449,0.138481955563166,0.399811635772079,-0.10779571043281,0.0685046448906203,0.148216961342523,0.00408407894173552,-0.30789845455713,0.146470311229077,0.242801489789803,0.261633631576694,-0.226653538250781,-0.132809623699645,-0.125022475277195,-0.19481998373218,0.0988698146324757,0.280696947643307,0.280696947643307,-0.0150777002440173,-0.103463333190633,0.269069737574382,-0.0319106126118413,-0.113883299798793,-0.226114131598099,0.168791472237681,0.0390128002054882,0.300226893274541,-0.23675242947044,0.148118498223383,-0.0539963183355452,-0.364904319534227,0.166920672974014,-0.133914123036089,-0.081309131384049,-0.266603878590693,0.00925125219401515,-0.40525279335588,0.0523481313412389,0.42356693351599,0.140177233614453,-0.205813605034462,-0.163966779399803,0.225690312085278,-0.343435078556445,-0.224200522282632,-0.228331692281348,0.0107538850122009,1,-0.108870242732994,-0.121289438760221,-0.0556744723661116,-0.282443597756753,-0.0506143242433323,-0.0878119782524937,-0.264399160922985,-0.230313797679695,-0.278085534483497,0.271445695449291,0.034736076030652,0.326165503660259,-0.357433965495098,-0.119808210967935,-0.194897041825421,-0.259304764758765,-0.00762875123078899,0.120253435506657,0.0678282460721777,-0.291151162292906,0.214863649985016,0.1999571899482,0.180397277280706,0.015266064471938,0.111610086048204,-0.122214135879104,0.0441842544629479,-0.116700201207243,-0.285016481869943,-0.00989768397619761,0.0467699815916777,-0.0618733678667751,0.140960657562396,0.312877263581489,-0.311083522411062,-0.024487349629693,-0.0135065713429513,-0.188355665910356,0.316871441414444,0.337082066869301,0.356316623143114,-0.119821053983475,0.415047733207757,-0.173526263966779,-0.225514790872897,0.0481912753114431,0.21315980992337,-0.0274540862194443,-0.247972944047262,0.238708848837707,0.404863221884498,0.478111220514577,-0.0123121708977268,0.00494027997773877,0.157147138148037,-0.202354552849009,0.21328824007877,0.306280234599084,0.0509867716939938,0.341508626225438,0.10538122351128,-0.235022903377713,0.151496211310416,0.0529431910612612,-0.0233100732051886,0.179939209726444,-0.0186994306263111,0.0229633117856073,0.373470610899439,0.167374459523096,-0.314337086347874,0.225407765743397,0.17624470225609,0.0506913823365726,0.333357592362687,0.0443084036131684,0.289682777516161,-0.10515433023674,-0.344877777302111,-0.109722162763817,0.32893103300655,-0.108215248940451,0.116631705124363,-0.12355837150563,0.0119568474677854,-0.348602251808725,-0.051055267776874,-0.149317179673787,0.0233700072777088,-0.0304379468299157,-0.221524894045122,0.225155186437776,0.115069138233657,0.181369065456569,-0.091831842116529,0.104075516931375,0.310963654266022,0.0245472837022133,-0.265311015026328,0.0607474635044308,0.400873325056723,0.311973971488506,-0.0268076544372619,0.0985658632646945,0.225818742240678,0.311396035789203,0.084742497538422
"Glucosamine",-0.45528918189991,-0.569596301211524,0.663495868830001,0.160935827732352,-0.127436962198724,-0.335930476475877,0.236705338413459,-0.175268633075046,-0.515570015839719,-0.257356907401858,-0.473042510381438,-0.186335031465388,-0.558641208955863,0.360935827732352,-0.0650841217517873,-0.459767113318207,0.535010060362173,0.1261997517017,-0.0291365212551907,-0.0418082965880389,-0.156770409692196,0.187109893402971,-0.157472494541718,-0.228228948157027,0.296134252322445,0.139098420309089,-0.27114174408151,-0.281022304036988,-0.303189348859112,-0.503630292392654,0.0782953037373175,0.132360118155743,-0.410959373260842,-0.192957746478873,0.572729997003296,0.0579262810908001,0.0392696605162892,0.136067468641637,0.367216062331435,-0.678303865747678,0.14483496725031,0.560995761804872,-0.471642621687572,-0.527646731452545,0.184965109807783,-0.630900295389357,-0.557660858769639,-0.595355109379682,0.445768226379554,0.229800077058093,0.169168200693523,0.37886467742626,-0.452861851962841,-0.360828802602851,-0.693809666509697,-0.547506314482641,-0.290782995847425,-0.404893188920759,0.0356436491288154,0.373273684661158,0.261205531058693,-0.121426430925981,-0.337283274112762,0.229663084892333,0.502786934372191,0.226580761162721,0.225763089173338,0.117145425745965,-0.228755511794169,-0.579309901964981,0.551774476647117,-0.268196412517659,-0.283119996575196,0.318720835652211,0.508425018194272,0.495350828374502,0.278470824949698,-0.108870242732994,1,0.844449676784109,-0.0519671218802175,0.238884370050088,-0.604251038143756,0.899178047005437,0.112025343550666,0.179215719851021,-0.0281989811207672,-0.000445224538721692,0.159129243546385,-0.106237424547284,-0.355477546127831,0.226546513121281,0.52375529774391,0.155045164604649,-0.516113703497581,-0.110291536452759,-0.200226893274541,0.36051200821953,0.0949441328824008,-0.467083351170855,-0.458855259214864,-0.0180016267819684,-0.157262725287898,0.282315167601353,0.258568431867803,0.253816516117985,0.464668864249326,-0.0438760220899867,0.232206001969262,0.18425018194272,-0.303018108651911,-0.211986814504046,0.301232929491845,-0.595372233400402,-0.215505800762019,0.400967507170684,-0.219187465216833,-0.245061860524851,-0.214058821011173,0.182054026285372,-0.321259471723961,-0.050798407466073,-0.325407765743397,0.447925852990282,0.0416199323601181,0.407174964681707,0.461483796395394,0.135587996061475,-0.0875123078898925,-0.341761205531059,-0.186065328139047,-0.114277152275354,-0.177344920587354,-0.0472622971873796,0.130960229461878,-0.574074232629821,0.0798064985658633,-0.527539706323045,-0.147977225052442,0.692392653795111,-0.464013870456783,0.0738430583501006,-0.0448392482554904,-0.0900595059720022,0.248632218844985,-0.0701485508797466,-0.149355708720408,-0.166749432766814,0.358735391069823,-0.5262639667794,-0.193518558157455,0.659326169784665,0.018952009931932,-0.573449205873539,-0.224774176976754,0.325955734406439,0.328635643649129,0.567498608673316,-0.300762018922043,0.571749646817073,-0.444038700286827,0.451753071621217,-0.100389571471381,0.198039299627553,0.348255490389143,-0.517410848067126,-0.211777045250225,0.581330536409949,-0.127406995162464,-0.643743310929406,0.264921443554947,-0.230142557472495,-0.232351556145383,0.0497709662228691,-0.318258487092769,0.417423691082666,0.0729526092726572,0.285620103600325,-0.0516931375486964,-0.636559784237339,0.383826362429899,-0.0440472622971874,-0.362070294105056,-0.0146067896742155,-0.0725673188064558
"Glucose",-0.489040626739158,-0.575906502846868,0.588398475962156,0.110291536452759,-0.211832698317565,-0.390787276852605,0.277969947343636,-0.191532171753928,-0.373355023759579,-0.209418211396036,-0.441915321717539,-0.264630335202706,-0.459458880945246,0.375469840318507,-0.16591463675671,-0.380581360503446,0.546183483882015,0.0533670105740828,-0.128066269960187,0.0183697932274498,-0.147985787062802,0.0353097307247742,-0.118703711631491,-0.281073676099148,0.250789845455713,0.0316152232544201,-0.22628965281048,-0.227184382893103,-0.372520227749476,-0.330416541804016,-0.0467442955605976,-0.00478616379125819,-0.459309045763945,-0.202440172952609,0.482550622886254,0.0775803758722548,-0.0352027055952738,0.0627167258872383,0.343533541675585,-0.639308189562909,0.056573483453915,0.504084078941735,-0.375482683334047,-0.355032321589109,0.162014641037716,-0.523866603878591,-0.555811464531872,-0.586061047133867,0.417145425745965,0.174164133738602,0.0333961214093069,0.3474292563894,-0.327710946530245,-0.221464959972602,-0.601429855730125,-0.489194742925639,-0.332390085192003,-0.253516845755383,0.0164904319534227,0.325078128344535,0.358041868230661,-0.0956847467785436,-0.249556915963868,0.223532685474549,0.452112676056338,0.220891305278479,0.32636242989854,0.0464360631876365,-0.375902221841688,-0.53672246243418,0.503655978423734,-0.174806284515604,-0.34219358705424,0.309191318121495,0.47100903292093,0.468585983989041,0.223524123464189,-0.121289438760221,0.844449676784109,1,0.0323044650884028,0.222685046448906,-0.448734962969305,0.931024444539578,0.211083522411062,0.165580718352669,0.00656706194614495,-0.111186266535383,0.182841731238495,-0.0778072691467957,-0.314148722119954,0.204542146495997,0.491288154458667,0.2525921486365,-0.42893103300655,-0.140827946401815,-0.198672888394195,0.291729097992209,-0.0364441970974785,-0.436546941221799,-0.437360332206002,0.0909371120339056,-0.189986728883942,0.386621858812449,0.289318892075859,0.180303095166745,0.366381266321332,0.0302367395864549,0.383132839590736,0.182465002782653,-0.311798450276125,-0.277379168628794,0.30275268633075,-0.506644120039385,-0.253302795496383,0.342711588681022,-0.243841774048547,-0.340468341966694,-0.18149321460679,0.161552292478274,-0.295731837835524,0.0169099704610643,-0.203501862237253,0.46043066912111,0.0329594588809452,0.36582045464275,0.471193116143671,0.0279292777944261,-0.117166830771865,-0.37630891733379,-0.222526649257246,-0.0856072605847853,-0.238623228734107,-0.0670576651397748,0.16849608288026,-0.568924183398262,0.0708335117085492,-0.540035960443512,-0.148837707093626,0.658684019007663,-0.393920972644377,0.0770324072092127,-0.17624042125091,-0.190633160666124,0.186095295175307,-0.127860781711546,-0.214016010959373,-0.199071021875936,0.301001755212124,-0.497555546042211,-0.152797636885141,0.595385076415942,-0.108176719893831,-0.456573483453915,-0.294177832955178,0.267862494113618,0.396553790830087,0.456988740956377,-0.333344749347147,0.521379339869001,-0.437330365169742,0.392658076116272,-0.0714371334389315,0.27095337985359,0.191921743225309,-0.32640952095552,-0.122796352583587,0.519354424418853,-0.0725758808168158,-0.652814760905861,0.257712230831799,-0.262558328695578,-0.214683847767456,-0.0219658375786635,-0.339928935314012,0.258983689370264,0.0903035232672632,0.414932146067897,-0.119217432253093,-0.582349415642793,0.361368209255533,-0.0750931118626654,-0.369660516289225,-0.00912282203861467,-0.127137291836123
"Glutamic acid",-0.156761847681836,-0.11568560297958,-0.0968748662185881,0.0136050344620917,0.0605120082195299,-0.156406524251894,0.388621088231517,-0.00719636970760735,0.0830643435078557,-0.0207115030609187,-0.0725245087546556,-0.115612825891519,-0.00629307761462391,0.0722719294490346,-0.0271843828931033,-0.0996489575752387,0.0618819298771352,-0.0082880260285115,-0.207406138961428,0.0433537394580247,0.046307633032236,-0.062883685089259,0.227728070550965,0.104978809024359,-0.180161821995805,-0.168932745408622,-0.082636242989854,-0.131191403741599,-0.0193929534654737,0.0248854831114346,-0.195766085876964,-0.149389956761848,-0.179622415343123,-0.0602465858983689,0.126966051628922,0.153182927351342,-0.162691039856158,-0.0849351427715228,-0.169039770538122,-0.162339997431397,-0.334629050901152,0.296502418767927,0.283976197611199,0.021589109122822,0.108998672888394,-0.133704353782268,-0.154634188107368,-0.126131255618819,-0.14476219016225,0.129466158654052,-0.391472237681408,-0.116760135279764,0.0765486536238709,-0.0903377713087033,0.0671775332848153,-0.175148764930006,0.0950896870585213,-0.0390641722676484,0.195372233400402,-0.127723789545785,0.394194956975898,0.268667323087461,0.101168714414144,0.26852604991652,0.0190162250096323,-0.078428014897898,0.125596129971317,0.088942163620018,-0.00617749047476347,0.0489789802645661,-0.135519499978595,0.259771394323387,-0.193882443597757,-0.15795624812706,-0.128139047048247,-0.14200522282632,0.723357164262169,-0.0556744723661116,-0.0519671218802175,0.0323044650884028,1,0.259672931204247,0.0846697204503618,0.0266920672974014,0.122432467143285,0.0880260285114945,0.228254634188107,-0.305894944132882,-0.087627895029753,0.0151119482854574,0.00437090628879661,0.0793955220685817,0.108566291365213,0.0993364441970975,0.110792414058821,-0.182747549124534,0.347091056980179,0.13408964424847,-0.42368680166103,-0.220189220428957,-0.235857699387816,0.314332805342694,0.088407037972516,0.204216790102316,-0.0388629650241877,-0.0654694122179888,-0.0115030609187037,-0.107487478059848,0.002106254548568,0.24735647930134,-0.102414486921529,-0.138011044993364,0.271895200993193,-0.0982619118969134,0.0731067254591378,0.216648829145083,-0.0368851406310202,-0.149770966222869,0.0334517744766471,0.159574468085106,-0.191065542189306,0.248157027270003,0.0396506699773107,0.0312941478659189,-0.0393167515732694,0.167134723233015,0.12894815702727,-0.278149749561197,-0.129778672032193,-0.167883899139518,-0.0167858213108438,0.233246286228006,-0.0875593989468727,-0.0796010103172225,0.0350699944346933,-0.10270987627895,-0.217359476004966,-0.148071407166403,0.00649000385290466,-0.0309645104670577,-0.0477888608245216,0.0824179117256732,0.00566805085834154,-0.16327753756582,-0.147553405539621,0.0901023160238024,-0.160790273556231,0.0873282246671518,0.136362857999058,-0.219093283102873,0.0321246628708421,-0.237617192516803,-0.355092255661629,0.0402885397491331,6.84960828802603e-05,0.0889336016096579,0.0760905860696091,-0.0462177319234556,-0.175829444753628,0.124714242904234,-0.00244873496296931,-0.131105783637998,0.158504216790102,-0.0963483025814461,-0.0252194015154758,0.0347917290979922,0.229277794426131,0.0254676998159168,0.131743653409821,-0.0172010788133054,0.0480885311871227,-0.0493514277152275,-0.132792499678925,0.108639068453273,-0.149852305321289,-0.0394366197183099,0.295624812706023,0.00833083608031166,-0.204340939252536,-0.198210539834753,0.201733807097907,0.119067597071792,0.22885825591849,0.0390384862365683,-0.100680679823623
"Glutamine",-0.316952780512864,-0.178179716597457,0.196797808125348,-0.203583201335674,-0.0655635943319491,-0.113694935570872,-0.0161308275183013,-0.000398133481741513,0.0176719893831072,0.0590992765101246,-0.195954450104885,-0.0718052998844129,-0.0708549167344493,0.0534483496725031,-0.0783809238409179,-0.0929277794426131,0.190967079070166,-0.103193629864292,-0.0540605334132454,-0.0799092426901837,-0.10800547968663,0.164227920715784,-0.0792628109080012,-0.117791857528148,0.0491545014769468,-0.098424590093754,-0.166043066912111,-0.0094224924012158,-0.279630977353483,-0.104739072734278,-0.0658375786634702,0.0828203262125947,-0.182006935228392,0.0831114345648358,0.199764544715099,-0.0934457810693951,0.232278779057323,0.196814932146068,0.0123892289909671,-0.186373560512008,-0.310723917975941,0.750849779528233,-0.061051414872212,-0.116528961000043,0.425728841131898,-0.203822937625755,-0.248743524979665,-0.20791985958303,0.0841388758080397,0.0883899139517959,-0.00700800547968663,0.143293805385505,-0.0455584571257331,-0.201930733336187,-0.216117984502761,-0.00640438374930434,-0.119071878076972,-0.0749347146710048,-0.0807055096536667,0.073419238837279,0.230857485337557,-0.265362387088488,-0.0648443854617064,0.07895457853504,0.160726058478531,0.080525707436106,0.0433494584528447,0.0326126974613639,-0.0576180487178389,-0.0671989383107154,0.0484652596429642,-0.0160152403784409,0.0166017380881031,0.141619932360118,0.0371462819470012,0.0341795453572499,0.275636799520527,-0.282443597756753,0.238884370050088,0.222685046448906,0.259672931204247,1,-0.0584614067383022,0.235125647502033,-0.262365683462477,-0.00553962070294105,0.139757695106811,-0.0259428913908986,0.0456526392396935,-0.00810394280577079,-0.0815959587311101,0.232664069523524,0.277516160794555,-0.254698403185068,-0.0503060918703712,-0.0106896699345006,-0.128066269960187,0.290110878034162,0.016850036388544,-0.106665525065285,-0.12360118155743,0.0207585941178989,0.19217004152575,0.21567704096922,-0.0090800119868145,0.0526734877349202,0.16567061946145,-0.253863607174965,0.0358919474292564,0.312093839633546,-0.173825934329381,-0.308549167344492,0.211802731281305,-0.189935356821782,0.166282803202192,0.199169484995077,-0.238982833169228,-0.106990881458967,-0.360833083608031,0.338190847210925,-0.353850764159425,0.0578021319405796,0.0263581488933602,0.0485508797465645,-0.0899738858684019,0.0703754441542874,0.179939209726444,-0.0382550622886254,-0.142570315510082,-0.388681022304037,-0.0905989126246843,0.0554004880345905,-0.282032621259472,0.174896185624385,-0.0161522325442014,-0.195243803245002,-0.0851491930305236,-0.198334688984974,-0.28673744595231,0.119521383620874,-0.0975940750888309,-0.0396078599255105,-0.0560083907701528,-0.256179630977354,0.0901237210497025,0.0678325270773578,-0.224474506614153,-0.0359304764758765,0.109820625882957,-0.25258786763132,0.0970461064257888,0.101065970289824,-0.214016010959373,0.0312470568089387,-0.137116314910741,0.0603792970589494,-0.0180958088959288,0.0983175649642536,-0.165315296031508,0.0991566419795368,-0.214401301425575,-0.0811592962027484,0.227479772250524,0.233601609657948,0.112500535125648,-0.108437861209812,-0.100946102144784,0.0551093796823494,0.0438203690226465,-0.147596215591421,-0.103767284558414,-0.0460935827732352,-0.138066698060705,-0.0954150434522026,-0.191099790230746,-0.0151376343165375,0.169031208527762,0.0587867631319834,-0.212847296545229,-0.312359261954707,0.122381095081125,0.177999914379896,-0.116790102316024,0.0116058050430241,0.00521854531443983
"Glutaric Acid",0.195796052913224,0.422672203433366,-0.622603707350486,-0.352981720107881,-0.0907744338370649,0.0637142000941821,-0.162712444882058,0.313373860182371,0.774211224795582,0.224714242904234,0.353949227278565,-0.0995290894301982,0.653251423434222,-0.1474078513635,-0.160730339483711,0.49479857870628,-0.238978552164048,-0.106772550194786,-0.199751701699559,-0.0906674087075645,-0.167853932103258,-0.28686587610771,0.157070080054797,-0.108232372961171,-0.106250267562824,-0.165610685388929,0.233066484010446,0.319358705424034,0.0280277409135665,0.853221456397962,-0.361595102530074,-0.411477374887624,0.184036131683719,0.154510038957147,-0.574528019178903,-0.212239393809666,-0.127317094053684,0.0858041868230661,-0.319940922128516,0.556890277837236,-0.366531101502633,-0.386998587268291,0.566843614880774,0.863859754270303,-0.0721563423091742,0.739847596215591,0.322646517402286,0.480422963311786,-0.404473650413117,-0.151748790616037,-0.293604178261056,-0.293471467100475,0.739642107966951,0.396104285286185,0.598416028083394,0.587893317350914,0.182096836337172,0.649569758979408,-0.330133995462135,-0.429342009503832,-0.0609829187893317,-0.230476475876536,0.682910227321375,-0.396673658975127,-0.215501519756839,-0.0762061732094696,-0.0633246286228006,-0.236071749646817,-0.0697975084549852,0.545194571685432,-0.493351598955435,0.191660601909328,0.170161393895287,-0.0118669463590051,-0.443242433323344,-0.420403270687958,-0.343387987499465,-0.0506143242433323,-0.604251038143756,-0.448734962969305,0.0846697204503618,-0.0584614067383022,1,-0.57640309944775,-0.0897898026456612,-0.249107410419967,0.204169699045336,-0.158277323515561,-0.0110963654266022,-0.0549552634958688,0.39998715698446,-0.275349972173466,-0.40261569416499,-0.169399374973244,0.641286013956077,-0.0604649171625498,0.160319362986429,-0.304182542060876,-0.184922299755983,0.249167344492487,0.239958902350272,0.0283873453486879,0.0391241063401687,-0.0156770409692196,-0.141427287127017,-0.278201121623357,-0.321323686801661,0.224602936769553,-0.081844257031551,-0.279498266192902,0.0953465473693223,-0.113587910441372,-0.0401429855730125,0.737865490817244,0.369489276082024,-0.452035617963098,-0.0893873881587397,-0.0306006250267563,0.0281304850378869,-0.352797636885141,0.0877306391540734,0.295218117213922,0.644227064514748,-0.551354938139475,-0.23164947129586,-0.312500535125648,-0.223044650884028,-0.259583030095466,-0.190282118241363,8.13390984203091e-05,0.164189391669164,0.0161650755597414,-0.166501134466373,0.359608716126547,-0.0899353568217817,0.452857570957661,-0.0825763089173338,0.338747377884327,-0.0662999272229119,-0.604653452630678,0.501164433408964,-0.246945502804058,-0.290641722676484,-0.222149920801404,-0.363684233057922,-0.13949655379083,0.0885996832056167,0.029735861980393,-0.293167515732694,0.425814461235498,0.162746692923498,-0.680992337000728,-0.244295560597628,0.645331563851192,-0.0279378398047862,-0.287032835309731,-0.111062117385162,-0.669724731366925,0.213326769125391,-0.624328952438032,0.269476433066484,-0.440031679438332,0.109623699644677,0.149291493642707,-0.420587353910698,0.888437005008776,0.180949526948928,-0.65251509054326,0.345819598441714,0.408793184639753,-0.383963354595659,0.0234984374331093,0.509045763945374,-0.411999657519586,0.248692152917505,-0.707376171925168,-0.109199880131855,-0.146962626824778,-0.269275225823023,0.474318249925082,-0.462121666167216,-0.159540220043666,0.275174450961086,-0.169536367139004,-0.0888051714542575
"Glyceraldehyde",-0.517325227963526,-0.632235969005523,0.689746992593861,0.147711802731281,-0.139119825334989,-0.361821995804615,0.264056680508583,-0.220865619247399,-0.530151119482855,-0.227402714157284,-0.521987242604564,-0.209221285157755,-0.55010916563209,0.398163448777773,-0.0793741170426816,-0.46060190932831,0.570264138019607,0.107504602080569,-0.0387473778843272,-0.00825805899225138,-0.147763174793442,0.178248212680337,-0.161595102530074,-0.201511194828546,0.253692366967764,0.0655892803630292,-0.34218502504388,-0.351915749818057,-0.350712787362473,-0.464180829658804,0.0577807269146796,0.134440686673231,-0.472742840018836,-0.209007234898754,0.590038100946102,0.108129628836851,0.0280662699601867,0.0714157284130314,0.375003210753885,-0.728190419110407,0.113784836679652,0.581210668264909,-0.470555246371848,-0.49733293377285,0.205702298899782,-0.65782353696648,-0.616635986129543,-0.656016952780513,0.433777130870328,0.213926109850593,0.11569844599512,0.390491887495184,-0.466522539492273,-0.312530502161908,-0.717355194999786,-0.574403870028683,-0.310942249240122,-0.339950340339912,0.0640438374930434,0.359236268675885,0.30002568603108,-0.0859839890406267,-0.355986985744253,0.281403313498009,0.495320861338242,0.232835309730725,0.317059805642365,0.127830814675286,-0.292371248769211,-0.602320304807569,0.582387944689413,-0.261303994177833,-0.354347360760306,0.319011944004452,0.537711374630763,0.527552549338585,0.322766385547327,-0.0878119782524937,0.899178047005437,0.931024444539578,0.0266920672974014,0.235125647502033,-0.57640309944775,1,0.17636028939595,0.174386746007963,0.0148465259642964,-0.0545571300141273,0.179339869001242,-0.114153003125134,-0.357228477246458,0.274703540391284,0.560657562395651,0.238280748319705,-0.542253521126761,-0.113536538379211,-0.243362301468385,0.411190547540563,0.040515433023674,-0.505479686630421,-0.497598356094011,0.0251295004066955,-0.196827775161608,0.328588552592149,0.319589879703754,0.259022218416884,0.445870970503874,-0.0706965195427886,0.287448092812192,0.222800633588767,-0.351449120253435,-0.258375786634702,0.329967036260114,-0.619773962926495,-0.269309473864463,0.43144398304722,-0.230429384819556,-0.283085748533756,-0.148807740057365,0.232000513720622,-0.320724346076459,-0.0523823793826791,-0.275760948670748,0.513784836679652,0.0906117556402243,0.46061047133867,0.52092555331992,0.100984631191404,-0.0506785393210326,-0.350922556616294,-0.229752986001113,-0.0575067425831585,-0.189661372490261,-0.0816387687829102,0.152095552035618,-0.632908086818785,0.048418168585984,-0.601905047305107,-0.1316623143114,0.73682948756368,-0.477190804400873,0.113870456783253,-0.0745965152617835,-0.10002996703626,0.276167644162849,-0.0575067425831585,-0.206828203262126,-0.172622971873796,0.312316451902907,-0.570110021833126,-0.16568774348217,0.685962584014727,-0.038687443811807,-0.562087418125776,-0.245447150991053,0.343606318763646,0.391245344406867,0.579322744980521,-0.368577421978681,0.607748619375829,-0.491343807526007,0.479108694721521,-0.0580932402928208,0.200941821139604,0.348901922171326,-0.472062160195214,-0.198197696819213,0.631842116528961,-0.151783038657477,-0.701468384776746,0.298540177233614,-0.217894601652468,-0.290932831028726,0.0413673530544972,-0.388312855858556,0.410933687229762,0.0969904533584486,0.343606318763646,-0.071312984288711,-0.689036345733978,0.408056851748791,-0.0313283959073591,-0.411777045250225,-0.0266792242818614,-0.0469455028040584
"Glycerol-3-P",-0.264253606746864,-0.315184725373518,0.0740870756453615,-0.03948371077529,-0.0560041097649728,-0.427098762789503,0.353448349672503,0.0620103600325356,-0.122804914593947,-0.314983518130057,-0.190350614324243,-0.402123378569288,-0.272567318806456,0.109311186266535,-0.062117385162036,-0.247977225052442,0.182871698274755,-0.0212038186566206,-0.386343593475748,-0.00492315595701871,-0.140934971531316,-0.280491459394666,0.0650969647673274,-0.21831842116529,-0.0789074874780598,-0.133533113575067,0.0783423947942977,0.0775033177790145,-0.112380666980607,0.108763217603493,-0.223233015111948,-0.254732651226508,-0.490166531101503,-0.209645104670577,-0.095778928892504,-0.0233314782310887,-0.30788133053641,-0.146016524679995,-0.0455798621516332,-0.352086990025258,0.0858384348645062,-0.0607003724474507,0.23433794254891,0.0564279292777944,-0.236628280320219,-0.160276552934629,-0.231409735005779,-0.288347103899996,0.26050344620917,-0.0675157326940366,-0.406421507770024,0.191322402500107,-0.0104927436962199,0.180589922513806,-0.193201763774134,-0.30536409949056,-0.334825977139432,0.0338841559998288,-0.0209341153302795,0.257207072220557,0.360169527805129,0.143507855644505,0.00146838477674558,-0.0650327496896271,0.141731238494799,-0.0559784237338927,0.633867031979109,0.0662828032021919,-0.237878333832784,-0.259287640738045,0.426700629307761,0.0738559013656407,-0.454980949526949,0.062639667793998,0.462965024187679,0.449753842202149,0.0744552420908429,-0.264399160922985,0.112025343550666,0.211083522411062,0.122432467143285,-0.262365683462477,-0.0897898026456612,0.17636028939595,1,0.159972601566848,-0.00314225780213194,-0.420775718138619,-0.0766556787533713,-0.0643435078556445,0.0547198082109679,-0.058949441328824,0.17368038015326,0.967224624341795,-0.160105312727428,-0.267237467357336,-0.130403698788476,-0.0305107239179759,-0.419470011558714,-0.305479686630421,-0.29216576052057,0.11325399203733,-0.384541290294961,0.295723275825164,0.0509011515903934,0.0842758679738003,0.223828074831971,0.237026413801961,-0.0192816473307933,-0.134072520227749,-0.211126332462862,-0.153842202149065,0.072901237210497,-0.0762489832612697,-0.187563679952053,0.0665054154715527,-0.222706451474806,-0.542771522753543,-0.11847253735177,-0.0558414315681322,-0.0693394409007235,0.158328695577722,0.0522753542531786,-0.0141444411147738,-0.17882614837964,0.105038743096879,0.129166488291451,-0.236572627252879,-0.213356736161651,-0.110000428100518,-0.0401943576351727,-0.196934800291108,0.0157498180572798,-0.103000984631191,0.030001284301554,-0.297200222612269,0.212247955820027,-0.368286313626439,-0.0285243375144484,0.393938096665097,-0.200500877606062,-0.0284429984160281,-0.185954022004367,-0.0493813947514876,-0.204370906288797,-0.237308960143842,-0.240643863179074,-0.217817543559228,0.133349030352327,-0.131439702042039,-0.41318977695963,0.0669763260413545,-0.0518857827817972,-0.292632390085192,-0.258880945245944,0.361830557814975,0.547198082109679,0.119512821610514,-0.339620702941051,0.238777344920587,0.057112890106597,0.299242262083137,-0.141149021790316,0.220197782439317,0.0171839547925853,0.0788946444625198,0.454385889806927,0.175367096194186,-0.0919388672460294,-0.367648443854617,0.0123977910013271,-0.157241320261997,0.167425831585256,-0.0895415043452203,-0.330322359690055,0.1525493385847,0.225852990282118,-0.0600410976497282,-0.238725972858427,-0.174356778971703,0.253101588252922,-0.205578149749561,-0.23946230574939,-0.0580761162721007,-0.159326169784665
"Glycerophosphocholine",-0.318840703797252,-0.386489147651869,0.351192259942634,-0.21580547112462,-0.23417954535725,-0.228177576094867,0.338790187936127,-0.0872511665739115,-0.193484310116015,-0.14484352926067,-0.187131298428871,-0.157455370520998,-0.231272742840019,0.0814889336016097,0.239928935314012,-0.12379382679053,0.256736161650756,0.0245472837022133,-0.139068453272828,0.0521554861081382,-0.0192431182841731,0.108484952266792,0.295693308788904,-0.00960229461877649,0.0683548097093197,-0.140763731324115,0.135378226807654,-0.125754527162978,0.0197097478487949,-0.130634873068196,-0.112457725073847,0.140459779956334,-0.265122650798407,0.0685089258958003,0.0927693822509525,0.306781112205146,-0.0555888522625112,-0.0157155700158397,0.014217218202834,-0.237219059035061,0.0256046919816773,0.0648572284772465,-0.0963868316280663,-0.123930818956291,0.222081424718524,-0.331392610985059,-0.351025300740614,-0.398231944860653,0.0362558328695578,0.345391497923713,-0.193578492229976,0.0273342180744039,-0.104417997345777,0.09211010745323,-0.120544543858898,-0.32631105783638,-0.0901922171325827,-0.119602722719294,0.35531058692581,0.0434693265978852,0.305068710133139,0.152027055952738,-0.149753842202149,0.346329038058136,0.177567532856715,-0.177473350742754,0.30522282631962,-0.248777773021105,0.0523995034033991,-0.20264994220643,0.105976283231303,0.381120767156128,-0.070529560340768,-0.0417826105569588,0.0995205274198382,0.0835309730724774,0.176715612825892,-0.230313797679695,0.179215719851021,0.165580718352669,0.0880260285114945,-0.00553962070294105,-0.249107410419967,0.174386746007963,0.159972601566848,1,0.0939723447065371,-0.294400445224539,-0.224594374759193,-0.173008262339997,0.0116914251466244,0.169009803501862,0.111027869343722,0.157883471039,-0.274994648743525,-0.201271458538465,0.164720236311486,0.340678111220515,-0.327377028126204,-0.218575281476091,-0.258504216790102,0.390256432210283,0.0614538293591335,-0.0037630035532343,-0.0499379254248898,0.209212723147395,0.295273770281262,0.241855387645019,0.205424033563081,0.390175093111863,0.226563637142001,0.0774262596857742,0.0997645447150991,-0.192465430883171,0.0114645318720836,0.385025043880303,-0.0798064985658633,-0.139761976111991,0.0489104841816859,0.0769639111263325,-0.383873453486879,-0.189036345733978,-0.0472494541718396,0.277773021105356,-0.0698874095637656,0.16061475234385,0.214405582430755,-0.112033905561026,-0.133944090072349,-0.313348174151291,0.233961214093069,0.200565092683762,0.25780213194058,-0.0256046919816773,0.269947343636286,-0.395530630592063,-0.170580932402928,-0.203048075688172,0.0534055396207029,0.231264180829659,-0.309991866090158,0.348824864078086,0.258666894986943,0.100316794383321,0.134573397833811,-0.0136264394879918,-0.218138618947729,-0.396117128301725,0.315766942078,-0.450999614709534,-0.0161950425960015,0.00565092683762147,-0.376608587696391,-0.298107795710433,-0.0504302410205916,-0.138379211438846,0.121820283402543,0.353234299413502,-0.388484096065756,0.413742026627852,-0.00079198595830301,-0.0185966865019907,-0.362027484053256,0.179639539363843,0.0272657219915236,-0.142917076929663,0.0738473393552806,0.244013014255747,-0.229479001669592,-0.0951967121880218,0.29473436362858,0.0987713515133353,-0.203557515304594,0.276908258058992,-0.361667879618134,0.248512350699944,0.206691211096365,0.229526092726572,0.00649856586326469,-0.403733036516974,0.179939209726444,0.130840361316837,-0.174605077272143,-0.121978680594204,-0.243987328224667
"Glycine",-0.0892375529774391,-0.0266578192559613,-0.0451260756025515,-0.141054839676356,-0.182546341881074,-0.0840104456526392,0.093420095038315,-0.0852048460978638,0.151483368294876,0.173128130485038,-0.0266835052870414,-0.095008347960101,0.149030352326726,0.236024658589837,-0.0258872383235584,0.00492315595701871,0.327115886810223,0.126460893017681,0.0136606875294319,-0.177383449633974,-0.03948371077529,-0.00832227406995163,0.132317308103943,0.147960101031722,-0.0126760563380282,-0.24484352926067,-0.176715612825892,-0.14484352926067,0.00849779528233229,0.181908472109251,-0.345121794597371,-0.0322060019692624,-0.0924782738987114,0.0314739500834796,-0.000475191574981806,-0.0801404169699045,-0.0239864720236311,0.223288668179288,-0.0833169228134766,-0.082118241363072,-0.332920929834325,0.124590093754013,0.170508155314868,0.177310672545914,0.143653409820626,0.00569801789460165,-0.00481184982233829,-0.024739928935314,-0.125018194272015,0.066047347917291,-0.132471424290423,-0.0799263667109037,0.167708377927137,0.126589323173081,0.0634059677212209,0.00993193201763774,0.153097307247742,0.204781882786078,0.00634873068196413,-0.124744209940494,0.319230275268633,-0.107076501562567,0.116289224709962,0.146401815146196,0.331131469669078,0.126585042167901,0.122124234770324,-0.0603065199708892,-0.186159510253007,0.0460721777473351,-0.109974742069438,0.24221499208014,-0.0657048675028897,0.144411147737489,-0.107281989811208,-0.109020077914294,0.189297487049959,-0.278085534483497,-0.0281989811207672,0.00656706194614495,0.228254634188107,0.139757695106811,0.204169699045336,0.0148465259642964,-0.00314225780213194,0.0939723447065371,1,-0.145960871612655,0.114384177404855,-0.305903506143242,0.250913994605933,0.0768611670020121,0.0280748319705467,-0.00241448692152917,0.185748533755726,-0.154629907102188,0.173449205873539,0.205458281604521,-0.111819855302025,-0.0520013699216576,-0.0316023802388801,-0.104747634744638,0.13163662828032,0.0912667494327668,-0.152095552035618,0.162074575110236,-0.085273342180744,-0.10788561154159,0.047112462006079,0.13941521469241,0.0100732051885783,-0.0790230746179203,0.270777858641209,0.0603279249967892,0.0699858726829059,-0.0280791129757267,-0.183603750160538,0.0177704525022475,0.126948927608202,-0.0506228862536924,-0.15782781797166,0.0108395051158012,0.535206986600454,-0.0669549210154544,0.00803544672289053,0.0798921186694636,0.241885354681279,-0.375384220214906,-0.0167344492486836,-0.087889036345734,-0.146037929705895,0.286253692366968,-0.0110663983903421,0.158311571557002,-0.24724945417184,-0.0404854659874138,-0.134950126289653,-0.0706579904961685,-0.0477674557986215,-0.0558457125733122,0.0714242904233914,-0.0698959715741256,-0.0253435506656963,-0.0169484995076844,-0.122792071578407,-0.0652810479900681,-0.374609358277324,0.118181428999529,0.087105612397791,-0.0877648871955135,0.162519799648958,-0.186330750460208,-0.251701699559056,0.0804700543687658,-0.0229247827389871,-0.109940494027998,0.0659274797722505,-0.0868273470610899,-0.201652467999486,-0.0227535425317865,-0.22890106597029,-0.0617449377113746,0.311498779913524,0.306721178132626,-0.0602465858983689,0.190055224966822,-0.153713771993664,-0.124367481484653,0.371938011044993,0.0207029410505587,-0.17374887623614,-0.0319362986429214,0.0203304935998973,-0.120373303651697,-0.230502161907616,-0.0106254548568004,0.0487906160366454,0.0256046919816773,-0.224157712230832,-0.129376257545272,-0.189866860738901,0.0877905732265936,0.124264737360332,-0.297683976197611,-0.116494712958603
"GMP",0.292538207971232,0.210929406224582,0.0490560383578064,0.203638854403014,0.0467485765657776,0.503797251594674,-0.283077186523396,-0.226092726572199,-0.174181257759322,0.211199109550923,0.0771180273128131,0.524397448520913,-0.0323387131298429,-0.235540905004495,0.10272271929449,-0.0158482811764202,-0.310064643178218,-0.11313840489747,0.43937240464061,-0.0932831028725545,0.280559955477546,0.211177704525022,-0.327115886810223,0.24727514020292,-0.0868787191232501,0.266265679181472,-0.259476004965966,-0.172648657904876,0.322089986728884,-0.227749475576865,0.693779699473436,0.329997003296374,0.478308146752858,0.0762917933130699,0.28158311571557,0.0827518301297145,0.674468085106383,-0.00494456098291879,0.325497666852177,0.241440130142557,0.295560597628323,-0.0949312898668607,-0.33155957018708,-0.208664754484353,-0.189284644034419,-0.0439916092298472,0.260828802602851,0.172648657904876,0.0458923755297744,-0.00488462691039856,0.477922856286656,0.048413887580804,-0.248268333404683,-0.2156813219744,-0.0715184725373518,0.0575495526349587,0.162481270602337,-0.184999357849223,0.0941607089344578,0.266073033948371,-0.496373988612526,-0.199143798963997,-0.258893788261484,-0.0276124834111049,-0.228811164861509,0.0501690997046106,-0.483372575880817,0.0735219829615994,0.214264309259814,0.157309816344878,-0.1210368594546,-0.30529988441286,0.441542874266878,-0.0705723703925682,-0.166650969647673,-0.158208827432681,-0.139004238195128,0.271445695449291,-0.000445224538721692,-0.111186266535383,-0.305894944132882,-0.0259428913908986,-0.158277323515561,-0.0545571300141273,-0.420775718138619,-0.294400445224539,-0.145960871612655,1,0.0480414401301426,0.0813819084721092,-0.11841260327925,0.0212209426773406,-0.0643606318763646,-0.353807954107624,-0.130403698788476,0.206815360246586,-0.218665182584871,-0.125989982447879,0.845271629778672,0.310732479986301,0.28671604092641,-0.638610385718567,0.0454300269703326,-0.293150391711974,0.0420779999143799,-0.0624341795453573,-0.416297786720322,-0.211558713986044,0.0329294918446851,-0.0845712573312214,0.0749646817072649,0.303172224838392,-0.456072605847853,-0.122265507941265,-0.0713343893146111,-0.235074275439873,0.362143071193116,0.433045078984546,0.121858812449163,0.101738088103087,0.0721263752729141,-0.287118455413331,-0.165126931803588,0.133113575067426,0.305102958174579,-0.256830343764716,-0.3000642150777,0.729586026799092,0.432150348901922,0.249394237767028,-0.32364399160923,-0.0916220728627082,0.295196712188022,-0.0500620745751102,0.0343893146110707,0.159069309473864,0.40791985958303,0.185042167901023,0.0804743353739458,-0.0402243246714329,-0.010004709105698,-0.123900851920031,0.302902521512051,0.262297187379597,0.31306990881459,0.060790273556231,0.109067168971274,0.112757395436448,-0.291844685132069,0.0268162164476219,0.169022646517402,0.241786891562139,0.559480285971146,0.115407337642879,0.0593561368209256,-0.0884541290294961,-0.433087889036346,0.0797979365555032,0.202885397491331,0.0525065285328995,-0.0146881287726358,-0.0405839291065542,0.0159895543473608,-0.399691767627039,0.0386574767755469,-0.230994477503318,-0.204811849822338,0.0334603364870072,-0.130189648529475,0.305680893873882,-0.0129286356436491,0.168581702983861,-0.248563722762105,0.168282032621259,0.183869172481699,0.199229419067597,-0.245010488462691,0.075786634701828,0.535087118455413,0.0957232758251638,-0.266188621088232,0.129329166488291,0.0303908557729355,0.0687615052014213,0.130035532342994
"Guanine",-0.0279849308617663,-0.133537394580247,0.263427372747121,0.00758594117898883,0.143837493043367,0.0592362686758851,-0.242540348473822,-0.0612611841260328,-0.0614837963953936,0.181065114088788,-0.125292178603536,0.109182756111135,-0.159912667494328,0.393664112333576,-0.113356736161651,-0.0141829701613939,0.36044351213665,0.224667151847254,-0.0998972558756796,-0.0785136350014984,0.258328695577722,0.0817500749175906,-0.0463718481099362,0.0275354253178646,0.337792713729184,-0.0636499850164819,-0.130741898197697,-0.0260756025514791,-0.0740228605676613,-0.132073290808682,0.0509953337043538,-0.0694507470354039,0.0436619718309859,-0.101121623357164,0.0641208955862837,-0.140185795624813,0.0800419538507642,0.300363885440301,0.0669806070465345,-0.188458410034676,-0.21065542189306,0.174562267220343,-0.0410077486193758,-0.0925681750074917,0.107538850122009,-0.0231987670705082,0.0797808125347832,-0.120583072905518,0.0121195256646261,-0.0783809238409179,0.115338841559998,-0.0340768012329295,-0.114739500834796,-0.0409221285157755,-0.232146067896742,0.0725844428271758,0.155451860096751,-0.0452502247527719,-0.275534055396207,0.09210154544287,-0.0572070722205574,-0.166389828331692,-0.0979964895757524,0.0777045250224753,0.382366539663513,0.978329551778758,0.123006121837407,0.187212637527291,-0.254621345091828,-0.0961941863949655,0.17094053683805,-0.290059505972002,-0.332295903078043,0.322453872169185,0.165148336829488,0.152425189434479,-0.0216490431953423,0.034736076030652,0.159129243546385,0.182841731238495,-0.087627895029753,0.0456526392396935,-0.0110963654266022,0.179339869001242,-0.0766556787533713,-0.224594374759193,0.114384177404855,0.0480414401301426,1,-0.0187936127402714,-0.13673530544972,-0.123498437433109,0.167061946144955,-0.0251551864377756,-0.0758679738002483,0.0691767627038829,-0.20266278522197,0.0748576565777645,0.246560212337857,0.0943447921571985,0.0550194785735691,-0.232077571813862,-0.416362001798022,0.0375658204546428,0.362147352198296,0.0818314140160109,-0.0154373046791387,-0.341928164733079,-0.239248255490389,-0.41047990068068,-0.191420865619247,-0.155049445609829,0.144920587353911,-0.0801147309388244,-0.109319748276895,-0.0766043066912111,-0.123549809495269,0.032116100860482,-0.206742583158526,-0.00773149535510938,0.190003852904662,-0.0617749047476347,0.069463590050944,-0.151881501776617,0.408972986857314,0.353332762532643,0.142989854017723,-0.0284900894730083,0.0606404383749304,0.154445823879447,-0.322389657091485,0.229371976540092,-0.0903292092983433,0.133627295689028,-0.0974827689541504,-0.122351128044865,0.0877563251851535,-0.0958174579391241,-0.0725801618219958,0.174493771137463,-0.129834325099533,-0.532240250010703,-0.138392054454386,0.180829658803887,-0.0495012628965281,0.0149150220471767,0.0557172824179117,0.21584828117642,0.203784408579134,0.0202962455584571,0.247155272057879,0.0637441671304422,0.00856201036003254,-0.0373860182370821,-0.134594802859711,0.208660473479173,0.224534440686673,-0.0267948114217218,-0.100766299927223,-0.0745408621944433,-0.470512436320048,0.132497110321503,0.256059762832313,-0.0937026413801961,-0.00809966180059078,-0.101738088103087,-0.120574510895158,0.109268376214735,0.169189605719423,-0.127103043794683,-0.180658418596687,-0.521447835951881,0.166252836165932,-0.314255747249454,-0.114863649985016,-0.0948199837321803,-0.188882229547498,-0.232432895243803,-0.316160794554561,0.0019478573569074,-0.104118326983176,-0.452446594460379,-0.153649556915964,-0.0086048204118327,0.26589751273599
"Guanosine",0.116743011259044,0.103989896827775,-0.153482597713943,0.182486407808553,0.027633888437005,0.146658675456997,-0.0940237167686973,0.124401729526093,0.00615608544886339,-0.0743610599768826,0.140464060961514,0.120240592491117,0.0626482298043581,-0.297525579005951,0.0906331606661244,0.0982362258658333,-0.261667879618134,-0.314465516503275,0.0938310715355966,0.275880816815788,0.0978380923840918,-0.00430241020591635,0.0433237724217646,0.0499807354766899,-0.257082923070337,-0.0630806113275397,0.227150134851663,0.164026713472323,-0.00456355152189734,-0.168894216362002,0.0301297144569545,-0.00803544672289053,0.154912453444069,-0.0183055781497496,-0.0149150220471767,0.0566933515989554,-0.154039128387345,-0.33674814846526,0.145759664369194,0.168898497367182,0.0585127788004624,-0.0271972259086433,-0.174956119696905,-0.174176976754142,-0.125758808168158,0.0522710732479986,0.0780384434265165,0.149689627124449,0.030270987627895,-0.133473179502547,0.255717282417912,0.0937411704268162,-0.0243161094224924,-0.0994349073162378,0.101202962455585,0.0797594075088831,-0.0657690825805899,-0.141153302795496,0.0531743653409821,0.0525065285328995,-0.166723746735734,0.218010188792328,-0.0591420865619247,-0.122167044822124,-0.213643563508712,-0.0424376043495013,-0.188329979879276,0.109645104670577,0.157545271629779,0.00862194443255276,-0.0969990153688086,-0.02106254548568,0.204255319148936,-0.231880645575581,-0.0824778457981934,-0.0907658718267049,-0.0161008604820412,0.326165503660259,-0.106237424547284,-0.0778072691467957,0.0151119482854574,-0.00810394280577079,-0.0549552634958688,-0.114153003125134,-0.0643435078556445,-0.173008262339997,-0.305903506143242,0.0813819084721092,-0.0187936127402714,1,-0.331020163534398,-0.0651783038657477,-0.0956847467785436,-0.0630549252964596,-0.01578406609872,-0.0210967935271202,0.0923241577122308,-0.346975469840319,-0.0414144441114774,0.142450447365041,0.118626653538251,0.174485209127103,0.126148379639539,-0.0359347574810566,-0.147039684918019,-0.212992850721349,-0.155969861723533,-0.137458795325142,-0.0692495397919431,0.101241491502205,-0.0514876493000557,0.0422064300697804,-0.143015540048803,0.00911426002825463,0.0652467999486279,-0.0312641808296588,0.174853375572584,0.0823536966479729,0.180731195684747,-0.0553063059206302,0.0915278907487478,-0.131020163534398,-0.257087204075517,0.184378612098121,0.0425574724945417,-0.0750717068367653,-0.147561967549981,0.0982019778243932,0.234607645875251,0.224089216147952,0.00716640267134723,-0.112115244659446,-0.154985230532129,-0.177854360203776,0.0886039642107967,0.160190932831029,-0.00572370392568175,0.198707136435635,0.0376856885996832,-0.1158525621816,0.0785735690740186,0.183449633974057,-0.106117556402243,-0.0938353525407766,0.0784965109807783,-0.150777002440173,0.125656064043837,0.281711545870971,-0.337882614837964,0.170867759749989,-0.00207200650712787,0.0117599212295047,0.15533199195171,0.063932531358363,0.168795753242861,0.278736247270859,-0.0788475534055396,0.0129243546384691,0.263401686716041,-0.0393167515732694,0.12891390898583,-0.0702855430455071,0.070533841345948,-0.291973115287469,0.0472837022132797,-0.145442869985873,0.0985102101973543,-0.0710946530245302,-0.297808125347832,0.043422235540905,-0.0563851192259943,0.0983389699901537,-0.0172053598184854,0.0691168286313626,0.236534098206259,-0.11580119011944,0.0323215891091228,-0.0572884113189777,0.112620403270688,0.192902093411533,0.27371890919988,0.15527205787919,0.301832270217047,0.960058221670448,-0.138751658889507
"Histamine",-0.00210197354338799,0.295192431182842,-0.400244017295261,-0.267674129885697,-0.17374887623614,0.0592576737017852,-0.0254933858469969,-0.0130099747420694,0.402457296973329,0.377995633374716,0.299045335844856,-0.0116186480585642,0.441059120681536,-0.00353611027869344,-0.197093197482769,0.267905304165418,-0.102298899781669,0.0297701100218331,0.0282931632347275,-0.151072391797594,-0.139325313583629,-0.168902778372362,0.0633374716383407,-0.105775075987842,-0.0309302624256175,-0.108296588038872,0.0583586626139818,0.038940023117428,0.164437689969605,0.419709747848795,-0.315043452202577,-0.118558157455371,0.174802003510424,0.238567575666767,-0.311070679395522,-0.142617406567062,-0.0780170384006165,0.075529774391027,-0.0274840532557044,0.310967935271202,-0.268127916434779,-0.298916905689456,0.278303865747678,0.433871312984289,0.0433494584528447,0.405770794982662,0.164904319534227,0.31829701613939,-0.297927993492872,-0.136504131169999,-0.272580161821996,-0.30517145425746,0.472233400402415,0.195209555203562,0.435600839077015,0.261278308146753,0.128010616892846,0.346162078856115,-0.0535254077657434,-0.272391797594075,0.116554647031123,-0.133173509139946,0.399169484995077,-0.0849222997559827,-0.120758594117899,-0.149043195342266,-0.0511708549167345,-0.0780598484524166,-0.040254291707693,0.325052442313455,-0.358427158696862,0.343524979665225,0.129252108395051,-0.0275525493385847,-0.341889635686459,-0.331212808767499,-0.183685089258958,-0.357433965495098,-0.355477546127831,-0.314148722119954,0.00437090628879661,-0.0815959587311101,0.39998715698446,-0.357228477246458,0.0547198082109679,0.0116914251466244,0.250913994605933,-0.11841260327925,-0.13673530544972,-0.331020163534398,1,-0.123536966479729,-0.158992251380624,0.0186651825848709,0.331991951710262,-0.0733250567233186,0.27885183441072,-0.0609914807996918,-0.12905946316195,0.205642364827261,0.250982490688814,-0.0676912539064172,0.121636200179802,-0.176955349115972,-0.334885911211953,-0.0852776231859241,-0.177794426131256,0.107029410505587,0.00553105869258102,-0.0959373260841646,0.31305278479387,0.147048246928379,-0.061042852861852,0.436281518900638,0.261325399203733,-0.181891348088531,0.152074147009718,-0.0706836765272486,-0.0141144740785136,0.0322616550366026,-0.173183783552378,0.193069052613554,0.335382507812834,-0.380247442099405,-0.295564878633503,-0.370872040755169,-0.168680166103001,-0.308493514277152,-0.153568217817544,-0.0793056209598014,0.124637184810994,0.265096964767327,0.0444239907530288,0.110783852048461,-0.191219658375787,0.302281775760949,-0.0875722419624128,0.172832741127617,0.259767113318207,-0.294481784322959,0.371736803801533,-0.165550751316409,-0.0055781497495612,-0.0493985187722077,-0.0989725587567961,0.000971788175863693,-0.169737574382465,0.0689926794811422,0.0614581103643135,0.282131084378612,-0.110047519157498,-0.370469626268248,-0.171390042381951,0.349013228306006,0.023412817329509,-0.25539192602423,-0.0515047733207757,-0.344209940494028,0.119384391455114,-0.267832527077358,0.101438417740485,-0.125322145639796,0.119915236097436,0.0771522753542532,-0.245481399032493,0.423391412303609,-0.0822680765443726,-0.522822038614667,0.27375315724132,0.388334260884456,-0.155490389143371,0.125814461235498,0.0855087974656449,0.0226978894644463,0.190406267391584,-0.26843186780256,-0.033426088445567,-0.05001070251295,-0.0242433323344321,0.276094867074789,-0.398000770580932,0.0622543773277966,0.223207329080868,-0.32907230617749,-0.180298814161565
"Histidine",-0.309683633717197,-0.342596001541162,0.367845370092898,0.0254377327796567,-0.154287426687786,-0.0977096622286913,0.303352027055953,-0.0637270431097222,-0.189695620531701,-0.147022560897299,-0.102290337771309,-0.0339826191189691,-0.141602808339398,-0.11833554518601,0.10004709105698,-0.158277323515561,0.0969262382807483,-0.0055010916563209,0.142951324971103,-0.0400744894901323,-0.141577122308318,0.0124919731152875,0.0294233486022518,-0.0019221713258273,0.138867246029368,-0.0927479772250524,-0.206181771479944,-0.210330065499379,-0.220604477931418,-0.238670319791087,0.094477503317779,0.0424761333961214,-0.155691596386832,-0.202397362900809,0.39198595830301,0.11318549595445,0.148443854617064,0.0714028853974913,0.0164690269275226,-0.291104071235926,0.021315124791301,0.350220471766771,-0.321332248812021,-0.276043495012629,0.00114302838306434,-0.378594974099919,-0.281758636927951,-0.353675242947044,0.118986257973372,0.244094353354168,0.129556059762832,0.154343079755126,-0.13671390042382,-0.139098420309089,-0.289096279806499,-0.221666167216062,-0.332569887409564,-0.137193373003981,0.33164947129586,-0.00668693009118541,0.13424376043495,-0.0347746050772721,-0.203788689584314,0.191386617577807,0.0928378783338328,-0.0979793655550323,0.136225865833298,-0.280559955477546,0.23959501690997,-0.178273898711417,0.101785179160067,-0.0267434393595616,0.0128258915193287,-0.0178089815488677,0.0885140631020164,0.0813605034462092,0.133584485637228,-0.119808210967935,0.226546513121281,0.204542146495997,0.0793955220685817,0.232664069523524,-0.275349972173466,0.274703540391284,-0.058949441328824,0.169009803501862,0.0768611670020121,0.0212209426773406,-0.123498437433109,-0.0651783038657477,-0.123536966479729,1,-0.0506828203262126,-0.0272057879190034,-0.210107453230018,0.0752129800077058,-0.0941221798878377,0.540023117427972,-0.0204717667708378,-0.325287897598356,-0.327809409649386,0.133815659916948,0.216314910741042,0.176826918960572,0.260383578064129,0.242972729997003,0.238507641594246,-0.0349800933259129,0.175512650370307,0.453105869258102,-0.187114174408151,-0.0847039684918019,-0.0994391883214179,-0.265644933430369,-0.0866732308746094,0.477336358576994,-0.150926837621474,-0.0618819298771352,0.161051414872212,0.391176848323986,-0.382995847424975,-0.185650070636585,-0.0353953508283745,0.466376985316152,-0.00708078256774691,-0.0713986043923113,0.141431568132197,0.147810265850422,0.00473907273427801,-0.2947086775975,-0.0618605248512351,-0.031054411575838,0.101635343978766,-0.161192688043153,-0.0451346376129115,-0.356534954407295,-0.19209726443769,-0.26849180187508,-0.277747335074275,0.284605505372661,-0.2052913224025,0.256988740956377,0.217213921828845,-0.082370820668693,0.204525022475277,0.324731366924954,-0.369198167729783,-0.1789845455713,0.041851106639839,-0.474091356650542,-0.182430754741213,0.339654950982491,-0.100787704953123,-0.187238323558371,-0.030001284301554,0.0858598398904063,0.077623185924055,0.386138105227107,-0.172241962412775,0.285645789631405,-0.165122650798407,-0.0532642664497624,-0.0850378868958431,0.0870328353097307,0.439993150391712,-0.229110835224111,-0.199370692238538,0.267973800248298,-0.264210796695064,-0.254993792542489,0.414354210368595,0.255704439402372,-0.458675456997303,0.214161565135494,-0.164750203347746,0.203959929791515,0.0425317864634616,0.240934971531316,0.199340725202277,-0.438987114174408,0.258178860396421,0.399576180487178,-0.106524251894345,-0.0499507684404298,0.0358962284344364
"Homoarginine",-0.367682691896057,-0.536409949056038,0.48423733892718,0.0540605334132454,0.0852433751444839,-0.32109251252194,0.164531872083565,-0.144376899696049,-0.366047347917291,-0.257211353225737,-0.498891219658376,-0.190175093111863,-0.499850164818699,0.351954278864677,-0.128276039214007,-0.413498009332591,0.461869086861595,-0.01051414872212,0.00294105055867118,0.0180101887923284,0.0654480071920887,0.406391540733764,-0.24733079327026,0.0158910912282204,-0.0421679010231602,-0.0305107239179759,-0.444008733250567,-0.450973928678454,-0.228635643649129,-0.291086947215206,0.00149407080782568,0.311640053084464,-0.391566419795368,0.00671261612226551,0.418810736760992,-0.103274968962712,0.0320861338242219,-0.0756881715826876,0.262973586198039,-0.468547454942421,0.115103386275097,0.533618733678668,-0.35530630592063,-0.331221370777859,0.207496040070208,-0.524628622800634,-0.457695106811079,-0.541127616764416,0.292636671090372,0.158440001712402,-0.0732223125989983,0.369138233657263,-0.33420095038315,-0.169352283916264,-0.560366454043409,-0.396956205317008,-0.190534697546984,-0.220189220428957,0.0403441928164733,0.325656064043838,0.188496939081296,0.0182756111134894,-0.296331178560726,0.197221627638169,0.387131298428871,0.236225865833298,0.233644419709748,0.564831542446166,-0.153187208356522,-0.409953337043538,0.453902136221585,-0.227265721991524,-0.391754784023289,0.214007448949013,0.437681407594503,0.406027655293463,0.251539021362216,-0.194897041825421,0.52375529774391,0.491288154458667,0.108566291365213,0.277516160794555,-0.40261569416499,0.560657562395651,0.17368038015326,0.111027869343722,0.0280748319705467,-0.0643606318763646,0.167061946144955,-0.0956847467785436,-0.158992251380624,-0.0506828203262126,1,0.229984160280834,-0.401930733336187,-0.153101588252922,-0.186651825848709,0.242553191489362,-0.00178089815488677,-0.344051543302367,-0.322372533070765,-0.00882743268119354,-0.163632860995762,0.037891176848324,0.242869985872683,0.351988526906118,0.447116743011259,-0.204747634744638,-0.0388115929620275,0.185174879061604,-0.308283745023332,-0.224885483111435,0.374763474463804,-0.487114174408151,-0.171569844599512,0.243477888608245,-0.112256517830387,-0.212140930690526,-0.256851748790616,0.132724003596044,-0.295209555203562,-0.0980093325912924,-0.19475576865448,0.0883342608844557,0.227047390727343,0.475294319106126,0.562254377327797,-0.0269917376600026,-0.233682948756368,-0.185084977952823,-0.260790273556231,0.0224752771950854,-0.0947086775974999,0.177695963012115,0.150520142129372,-0.544368337685689,0.0353696647972944,-0.521884498480243,-0.0145425745965153,0.535292606704054,-0.437493043366583,0.0607431824992508,0.0202063444496768,0.0520013699216576,0.338781625925767,-0.11045849565478,-0.285478830429385,-0.239984588381352,0.417967378740528,-0.398458838135194,0.0377798707136436,0.423447065370949,-0.130694807140717,-0.398338969990154,-0.288663898283317,0.31848109936213,0.292491116914251,0.450669977310673,-0.370212765957447,0.403685945459994,-0.37627038828717,0.376647116743011,0.113005693736889,0.109152789074875,0.241517188235798,-0.325206558499936,-0.0630549252964596,0.387255447579092,-0.0435806327325656,-0.462939338156599,0.0483111434564836,-0.229500406695492,-0.122595145340126,0.000847639025643221,-0.393728327411276,0.304910312941479,0.0927608202405925,0.00943961642193587,-0.17101331392611,-0.502187593646988,0.344098634359348,-0.0547155272057879,-0.333075046020806,-0.0480414401301426,0.138717410848067
"Homocitrulline",-0.263774134166702,-0.35785778500792,0.139064172267648,-0.0298257630891733,-0.0650584357207072,-0.395697589794084,0.372062160195214,0.00612611841260328,-0.199606147523438,-0.303497581232073,-0.226469455028041,-0.358345819598442,-0.334470653709491,0.138880089044908,-0.029483282674772,-0.303638854403014,0.207731495355109,0.010792414058821,-0.343721905903506,-0.0156770409692196,-0.0762703882871698,-0.213510852348131,0.0366496853461193,-0.147788860824522,-0.0833811378911768,-0.135382507812834,0.00467913866175778,0.0118669463590051,-0.0879232843871741,0.03158097521298,-0.160670405411191,-0.169562053170084,-0.483432509953337,-0.20798407466073,-0.0291750503018109,-0.018686587610771,-0.256877434821696,-0.146752857570958,-0.00534697546984032,-0.395667622757824,0.0989982447878762,-0.00457211353225737,0.153880731195685,-0.0248640780855345,-0.233687229761548,-0.236594032278779,-0.253063059206302,-0.334436405668051,0.256616293505715,-0.0451774476647117,-0.348555160751744,0.20252579305621,-0.0828032021918746,0.129688770923413,-0.264048118498223,-0.341739800505159,-0.361697846654394,-0.0195171026156942,0.0267305963440216,0.299507684404298,0.356856029795796,0.130241020591635,-0.0819684061817715,-0.0032621259471724,0.159476004965966,-0.00334774605077272,0.621927308532043,0.105021619076159,-0.229693051928593,-0.307496040070208,0.449484138875808,0.0479729440472623,-0.470747891604949,0.0632004794725802,0.48162592576737,0.459039342437604,0.111233357592363,-0.259304764758765,0.155045164604649,0.2525921486365,0.0993364441970975,-0.254698403185068,-0.169399374973244,0.238280748319705,0.967224624341795,0.157883471039,-0.00241448692152917,-0.353807954107624,-0.0251551864377756,-0.0630549252964596,0.0186651825848709,-0.0272057879190034,0.229984160280834,1,-0.233203476176206,-0.222899096707907,-0.130403698788476,0.021854531443983,-0.353255704439402,-0.297028982405069,-0.281818571000471,0.0347788860824522,-0.391489361702128,0.269026927522582,0.0717068367652725,0.0990753028811165,0.233635857699388,0.161706408664754,-0.00874609358277324,-0.107097906588467,-0.236204460807398,-0.138974271158868,0.0739800505158611,-0.153474035703583,-0.219118969133953,0.085530202491545,-0.210103172224838,-0.510398561582259,-0.088428442998416,-0.0362087418125776,-0.0780855344834967,0.115069138233657,0.00779571043280962,0.0383235583715056,-0.108964424846954,0.153003125133781,0.177704525022475,-0.188612526221157,-0.156830343764716,-0.0873239436619718,-0.108035446722891,-0.155961299713173,0.0624042125090971,-0.144025857271287,0.0403142257802132,-0.340656706194614,0.202037758465688,-0.418678025600411,-0.000295389357421122,0.453949227278565,-0.236495569159639,-0.015518643777559,-0.112727428400188,0.00322359690055225,-0.147613339612141,-0.239047048246928,-0.291018451132326,-0.226024230489319,0.13151676013528,-0.174446680080483,-0.370542403356308,0.129260670405411,-0.0109080011986815,-0.344398304721949,-0.24748490945674,0.393694079369836,0.546688642493257,0.195192431182842,-0.355665910355752,0.283941949569759,0.0142685902649942,0.338070979065885,-0.150665696305493,0.167592790787277,0.0453401258615523,-0.00100603621730382,0.391390898582987,0.245104670576651,-0.114187251166574,-0.389755554604221,0.0227064514748063,-0.140708078256775,0.0889079155785779,-0.0256475020334775,-0.353315638511923,0.219482854574254,0.199075302881116,-0.0403570358320134,-0.210274412432039,-0.229830044094353,0.27101331392611,-0.180414401301426,-0.25528918189991,-0.0379425489104842,-0.144445395778929
"Hydrocinnamic Acid",0.349651098077829,0.565435164176549,-0.640121580547113,-0.21838263624299,-0.0147566248555161,0.14739500834796,-0.19743139689199,0.19203304935999,0.728297444239908,0.194464660302239,0.481947001155871,0.0164561839119825,0.648803459052186,-0.188137334646175,-0.186407808553448,0.488047433537395,-0.32100689241834,-0.131255618819299,-0.0246971188835138,-0.0247870199922942,-0.101750931118627,-0.207611627210069,0.122518087246886,0.00553533969776103,-0.0116186480585642,-0.0823194486065328,0.227740913566505,0.28427158696862,0.0709919089002098,0.534903035232673,-0.250541547155272,-0.277396292649514,0.298655764373475,0.206738302153346,-0.482700458067554,-0.237852647801704,-0.19734149578321,0.0425574724945417,-0.212885825591849,0.529997003296374,-0.268149321460679,-0.280131854959545,0.406117556402243,0.567010574082795,-0.111207671561283,0.675307162121666,0.421666167216062,0.581304850378869,-0.378055567447237,-0.195599126674943,-0.164275011772764,-0.298317564964254,0.547827389871142,0.233618733678668,0.631987670705082,0.555036602594289,0.213960357892033,0.416760135279764,-0.284793869600582,-0.458452844727942,-0.103557515304594,-0.104948841988099,0.562857999058179,-0.287122736418511,-0.296044351213665,-0.155053726615009,-0.243178218245644,-0.130797551265037,-0.0633417526435207,0.491129757267006,-0.514641037715656,0.157305535339698,0.282970161393895,-0.0926580761162721,-0.481437561539449,-0.453606746864164,-0.23431653752301,-0.00762875123078899,-0.516113703497581,-0.42893103300655,0.110792414058821,-0.0503060918703712,0.641286013956077,-0.542253521126761,-0.160105312727428,-0.274994648743525,0.185748533755726,-0.130403698788476,-0.0758679738002483,-0.01578406609872,0.331991951710262,-0.210107453230018,-0.401930733336187,-0.233203476176206,1,0.0689969604863222,0.200727770880603,-0.324007877049531,-0.134436405668051,0.302144783595188,0.315373089601438,0.105903506143242,0.170191360931547,-0.107299113831928,-0.230412260798836,-0.302838306434351,-0.332518515347404,0.124316109422492,-0.0838948585127788,-0.212551907187808,0.238323558371506,0.100547968663042,-0.0585727128729826,0.635840575367096,0.237784151718824,-0.353161522325442,0.0680936683933388,0.139239693480029,0.00232030480756882,-0.213652125519072,0.198142043751873,0.209773534825977,0.441846825634659,-0.405513934671861,-0.11833982619119,-0.364570401130185,-0.287593646988313,-0.256975897940837,-0.0490089473008262,0.143387987499465,0.213720621601952,0.0229633117856073,-0.198591549295775,0.140442655935614,-0.170114302838306,0.568984117470782,-0.161012885825592,0.474292563894002,-0.00916991309559485,-0.623096022946188,0.541898197696819,-0.183740742326298,-0.0560212337856929,-0.167584228776917,-0.256723318635216,0.0556958773920116,0.150545828160452,0.114332805342694,-0.187079926366711,0.455957018707993,0.114906460036817,-0.593390128002055,-0.17360332206002,0.53671390042382,0.19202020634445,-0.280187508026885,-0.20521426430926,-0.660049659660088,0.318262768097949,-0.599066740870756,0.230656278094097,-0.472263367438675,0.205959159210583,0.0116143670533841,-0.199666081595959,0.562438460550537,0.13934671860953,-0.533130699088146,0.299704610642579,0.433674386746008,-0.266222869129672,0.0192688043152532,0.258285885525921,-0.183107153559656,0.36040498309003,-0.607418981976968,-0.109490988484096,-0.123545528490089,-0.115608544886339,0.542253521126761,-0.332736846611584,-0.062905090115159,0.36318335545186,-0.0924354638469113,-0.024735647930134
"Hypotaurine",0.200432381523182,0.175247228049146,-0.048422449591164,-0.0771950854060534,0.176146239136949,0.353165803330622,-0.186228006335888,-0.0562481270602337,-0.0592919217432253,0.198647202363115,0.1894387602209,0.351521897341496,-0.000911854103343465,-0.180923840917847,0.0399332163191917,0.0679438332120382,-0.234419281647331,0.183702213279678,0.133884155999829,0.215077700244017,0.275585427458367,0.115214692409778,-0.101262896528105,0.273123849479858,0.0197825249368552,0.00134423562652511,0.00656706194614495,0.0961299713172653,0.137809837749904,-0.176933944090072,0.350678539321033,0.256008390770153,0.340425531914894,0.0318977695963012,0.0411961128472965,-0.0172824179117257,0.0947643306648401,0.0703240720921272,0.0655079412646089,0.131713686373561,0.126764844385462,-0.00106168928464403,-0.133597328652768,-0.127916434778886,-0.165353825078128,0.0134808853118712,0.309846311914037,0.184412860139561,-0.0508198124919731,-0.00261569416498994,0.187940408407894,-0.0551265037030695,-0.154009161351085,-0.0565435164176549,0.0364099490560384,0.197658290166531,0.134406438631791,-0.0905518215677041,-0.138011044993364,0.0181985530202492,-0.244342651654609,-0.0852861851962841,-0.116486150948243,0.0008947300826234,-0.231970546684361,0.0799434907316238,-0.140416969904534,0.0184768183569502,-0.00762447022560897,0.028678453700929,-0.117796138533328,-0.177088060276553,-0.00978209683633717,0.0690782995847425,-0.120052228263196,-0.127094481784323,-0.13935956162507,0.120253435506657,-0.110291536452759,-0.140827946401815,-0.182747549124534,-0.0106896699345006,-0.0604649171625498,-0.113536538379211,-0.267237467357336,-0.201271458538465,-0.154629907102188,0.206815360246586,0.0691767627038829,-0.0210967935271202,-0.0733250567233186,0.0752129800077058,-0.153101588252922,-0.222899096707907,0.0689969604863222,1,-0.0198253349886553,-0.0463504430840361,0.22638811592962,0.262729568902778,0.25533199195171,-0.0845241662742412,-0.0623442784365769,-0.184721092512522,0.082893103300655,-0.172781369065457,-0.102979579605291,-0.173650413117,-0.17895457853504,-0.197136007534569,0.05264352069866,0.205565306734021,-0.0414315681321974,-0.00709790658846697,-0.0750374587953251,0.0514790872896956,0.249698189134809,0.223485594417569,0.0356350871184554,0.105950597200223,0.273423519842459,0.0386531957703669,-0.202316023802389,-0.0940964938567576,0.362819470011559,0.0603150819812492,-0.134569116828631,0.222008647630464,0.0742369108266621,0.145400059934073,-0.169112547626183,-0.0943747591934586,-0.114563979622415,-0.212748833426088,0.0225394922727856,0.166976326041355,0.0172139218288454,0.192324157712231,0.128241791172567,-0.0898925467699816,0.106010531272743,0.0104927436962199,0.205646645832441,-0.0622201292863564,0.0169913095594846,0.288043152532215,0.282546341881074,0.195385076415942,-0.125737403142258,0.126901836551222,0.0452973158097521,0.0910698231944861,0.0272057879190034,0.0812449163063487,-0.0639068453272828,-0.112710304379468,-0.194931289866861,-0.0502461577978509,0.333892718010189,-0.154895329423349,0.165589280363029,-0.0469711888351385,0.0288882229547498,-0.169981591677726,0.0732223125989983,-0.15009632261655,-0.129350571514192,-0.0472152061303994,0.0330493599897256,0.116486150948243,-0.0272785650070637,0.0387174108480671,-0.179314182970161,0.0348687871912325,0.350515861124192,-0.172738559013656,-0.21050130570658,-0.130395136778116,0.208998672888394,0.145875251509054,-0.154343079755126,-0.110133139261099,0.0882828888222955,-0.00356607731495355,0.353529688770923
"Hypoxanthine",0.169142514662443,0.278505072991138,-0.438083822081425,-0.0631833554518601,-0.156235284044694,0.0648058564150863,0.163748448135622,0.072374673573355,0.192431182841731,0.325108095380795,0.381985530202492,0.0345819598441714,0.329513249711032,-0.0323344321246629,-0.000967507170683677,0.156941649899396,-0.0521854531443983,0.0782567746906974,0.0401857956248127,-0.0243931675157327,-0.0688813733464617,-0.143430797551265,0.394516032364399,0.191112633246286,-0.117761890491887,-0.188133053640995,0.226075602551479,0.101130185367524,0.310334346504559,0.0606404383749304,-0.301849394237767,-0.024213365298172,0.242981292007363,0.243567789717026,-0.181210668264909,0.0758722548054283,-0.289002097692538,-0.0671390042381951,0.0033948371077529,0.178646346162079,-0.351872939766257,-0.136384263024958,0.215000642150777,0.106511408878805,0.017629179331307,0.151158011901194,0.169279506828203,0.267113318207115,-0.463410248726401,-0.0516802945331564,-0.167888180144698,-0.489109122822039,0.287413844770752,0.0345776788389914,0.496048632218845,0.0535339697761034,0.275927907872769,-0.0514277152275354,0.243786120981206,-0.554552849008947,0.282841731238495,0.0832741127616764,0.129645960871613,0.301237210497025,-0.0217261012885826,-0.206909542360546,-0.154424418853547,-0.122042895671904,0.190367738344963,0.203236439916092,-0.557348345391498,0.527603921400745,0.18681878505073,-0.400663555802903,-0.551586112419196,-0.571582687615052,0.302375957874909,0.0678282460721777,-0.200226893274541,-0.198672888394195,0.347091056980179,-0.128066269960187,0.160319362986429,-0.243362301468385,-0.130403698788476,0.164720236311486,0.173449205873539,-0.218665182584871,-0.20266278522197,0.0923241577122308,0.27885183441072,-0.0941221798878377,-0.186651825848709,-0.130403698788476,0.200727770880603,-0.0198253349886553,1,-0.0874052827603921,-0.384930861766343,0.2579904961685,0.274014298557301,0.207521726101289,0.337060661843401,-0.00244445395778929,-0.487422406781112,-0.125501947857357,-0.14743353739458,-0.112325013913267,0.209426773406396,0.20780855344835,0.41053555374802,0.30787276852605,0.146007962669635,0.233901280020549,0.308236653966351,-0.0452159767113318,0.213771993664112,0.158713986043923,0.192294190675971,-0.0039727728070551,-0.057356907401858,0.21065114088788,-0.0530887452373817,-0.152125519071878,-0.226007106468599,-0.158255918489661,-0.00342908514919303,-0.367044822124235,0.111122051457682,0.129097992208571,0.199580461492358,0.511836979322745,0.0237510167387303,-0.194361916177919,0.0831242775803759,0.295243803245002,-0.59220857057237,0.26852176891134,0.351611798450276,-0.328357378312428,0.320660130998759,0.087619333019393,0.0777558970846355,-0.0101588252921786,-0.220009418211396,0.00864763046363286,-0.161119910955092,0.234415000642151,0.0632261655036603,0.193672674343936,0.244522453872169,-0.401472665781926,-0.315510081767199,0.219333019392953,0.380405839291066,-0.194884198809881,-0.148409606575624,-0.329958474249754,0.224393167515733,-0.169895971574126,0.194477503317779,-0.248323986472024,0.0267990924269018,-0.164703112290766,-0.250858341538593,0.0767113318207115,-0.122706451474806,-0.329324885483111,0.0451175135921914,0.32901237210497,0.0325870114302838,0.281240635301169,-0.174194100774862,0.20791557857785,0.225844428271758,-0.270499593304508,-0.0930604906031936,0.185508797465645,-0.0191874652168329,0.220805685174879,-0.198557301254335,0.281929877135151,0.809050044950554,0.141774048546599,-0.36842758679738
"Imidazoleacetic Acid",-0.5315552891819,-0.564155143627724,0.573500577935699,-0.0586026799092427,-0.0518943447921572,-0.260267990924269,0.263564364912882,-0.17621473521983,-0.302906802517231,-0.130052656363714,-0.372764245044737,-0.140862194443255,-0.358829573183784,0.360935827732352,0.158551307847082,-0.287730639154073,0.471856671946573,0.310021833126418,-0.0327539706323045,-0.195821738944304,-0.05527205787919,0.1842544629479,-0.0250353182927351,0.0533113575067426,0.219508540605334,-0.0574339654950982,-0.30781711545871,-0.354437261869087,-0.272473136692495,-0.241534312256518,0.031058692581018,0.158144612354981,-0.418194272015069,-0.151573269403656,0.408073975769511,0.124761333961214,0.17644590949955,0.256445053298514,-0.0420908429299199,-0.523858041868231,-0.0814118755083694,0.484682563465902,-0.296215591420866,-0.263654266021662,0.385358962284344,-0.512603279249968,-0.561920458923755,-0.608934457810694,0.0728584271586969,0.375508369365127,0.018160023973629,0.117029838606105,-0.255670191360932,-0.1525707436106,-0.495937326084165,-0.360139560768868,-0.210929406224582,-0.108613382422193,0.190894301982105,0.0688813733464617,0.26830343764716,-0.148709276938225,-0.217590650284687,0.367918147180958,0.397641166145811,0.125763089173338,0.320403270687958,-0.0521982961599384,-0.0992337000727771,-0.319855302024915,0.304366625283617,-0.0185667194657306,-0.287186951496211,0.196969048332548,0.281155015197568,0.268200693522839,0.285046448906203,-0.291151162292906,0.36051200821953,0.291729097992209,0.13408964424847,0.290110878034162,-0.304182542060876,0.411190547540563,-0.0305107239179759,0.340678111220515,0.205458281604521,-0.125989982447879,0.0748576565777645,-0.346975469840319,-0.0609914807996918,0.540023117427972,0.242553191489362,0.021854531443983,-0.324007877049531,-0.0463504430840361,-0.0874052827603921,1,-0.0542917076929663,-0.454595659060747,-0.485962584014727,0.138593261697847,-0.0424119183184212,0.111417440815103,0.31830557814975,0.371569844599512,0.409974742069438,-0.168209255533199,-0.0219615565734835,0.306781112205146,-0.320548824864078,-0.352108395051158,0.347857356907402,-0.437445952309602,-0.111237638597543,0.479361274027142,-0.296134252322445,-0.173290808681879,0.0530416541804016,0.280898154886767,-0.426978894644463,-0.0834881630206773,0.059732865276767,0.295098249068881,0.0776017808981549,0.357686544800719,0.477862922214136,0.0137677126589323,-0.109161351085235,-0.412864420565949,-0.11312984288711,0.18696862023203,0.028417312384948,-0.022625112376386,-0.0116443340896442,-0.592379810779571,-0.1948371077529,-0.517522154201807,-0.213750588638212,0.420090757309816,-0.448812021062545,0.0663812663213322,0.265276766984888,0.0243632004794726,0.206318763645704,0.225013913266835,-0.306524251894345,-0.208442142214992,0.22104970247014,-0.616597457082923,-0.0523181643049788,0.265306734021148,-0.230223896570915,-0.390359176334603,-0.0772250524423135,0.128314568260628,0.267806841046278,0.461847681835695,-0.409486707478916,0.354360203775847,-0.361235498094953,0.165448007192089,-0.0483625155186438,0.100911854103343,0.222535211267606,-0.244162849437048,-0.219743995890235,0.378316708763218,0.014726657819256,-0.431893488591121,0.270572370392568,-0.0823322916220729,-0.222539492272786,0.0978594974099919,-0.413506571342951,0.324328952438032,0.0649813776274669,0.0298600111306135,-0.111807012286485,-0.678338113789118,0.275041739800505,0.0887752044179973,-0.296078599255105,-0.295128216105142,0.0751744509610857
"IMP",0.318095808895929,0.174356778971703,0.144436833768569,0.157690825805899,0.0617534997217347,0.533400402414487,-0.38692581018023,-0.264942848580847,-0.21063401686716,0.182024059249112,-0.0666466886424933,0.563521554861081,-0.0929491844685132,-0.052373817372319,0.125215120510296,-0.0665139774819127,-0.167357335502376,-0.0137634316537523,0.490196498137763,-0.0819855302024916,0.261008604820412,0.18950725630378,-0.411554432980864,0.148516631705124,0.116182199580461,0.249034633331906,-0.348649342865705,-0.182983004409435,0.21302281775761,-0.270050087760606,0.598899781668736,0.279973457767884,0.432805342694465,0.0606361573697504,0.321580547112462,-0.0145425745965153,0.5262211567276,0.146132111819855,0.307294832826748,0.13147395008348,0.329808639068453,-0.0249454171839548,-0.386437775589708,-0.256445053298514,-0.11589965323858,-0.013694935570872,0.269181043709063,0.130052656363714,0.201952138362087,-0.0201763774134167,0.573320775718139,0.185256218160024,-0.270268419024787,-0.194503189348859,-0.160199494841389,0.0837450233314782,0.158273042510381,-0.18150177661715,-0.00876749860867332,0.315955306305921,-0.536606875294319,-0.270071492786506,-0.297666852176891,-0.102885397491331,-0.096048632218845,0.237505886382122,-0.458097521298001,0.107183526692067,0.0777773021105356,0.0799392097264438,0.0127573954364485,-0.466916391968834,0.302945331563851,0.130348045721135,-0.030784708249497,-0.0167943833212038,-0.246859882700458,0.214863649985016,0.0949441328824008,-0.0364441970974785,-0.42368680166103,0.016850036388544,-0.184922299755983,0.040515433023674,-0.419470011558714,-0.327377028126204,-0.111819855302025,0.845271629778672,0.246560212337857,-0.0414144441114774,-0.12905946316195,-0.0204717667708378,-0.00178089815488677,-0.353255704439402,-0.134436405668051,0.22638811592962,-0.384930861766343,-0.0542917076929663,1,0.25532771094653,0.249539791943148,-0.609195599126675,-0.0177019564193673,-0.313947514876493,0.119114688128773,0.0180401558285886,-0.317731923455627,-0.244081510338628,-0.0798535896228434,-0.174532300184083,0.0455670191360932,0.263829787234043,-0.345477118027313,-0.137005008776061,-0.15526349586883,-0.236975041739801,0.26042638811593,0.398240506871013,0.0185239094139304,0.0254676998159168,0.16042210711075,-0.375221542018066,-0.111729954193245,0.075251509054326,0.410026114131598,-0.0767455798621516,-0.223489875422749,0.583685089258958,0.44486921529175,0.259886981463248,-0.356290937112034,-0.117166830771865,0.158093240292821,0.00803544672289053,-0.062622543773278,0.107547412132369,0.403797251594674,0.181720107881331,-0.0244573825934329,0.0534868787191233,-0.0564664583244146,-0.255396207029411,0.22905090115159,0.240258572712873,0.295483539535083,0.0808767498608673,0.167661286870157,0.172473136692495,-0.109764972815617,0.0678239650669977,0.158187422406781,0.357035832013357,0.556719037630035,0.0336444197097478,0.0193201763774134,-0.0276595744680851,-0.35536623999315,0.0645532771094653,0.160828802602851,-0.0217646303352027,-0.164934286570487,0.0173166659531658,0.0510381437561539,-0.291617791857528,0.114230061218374,-0.282901665311015,-0.30520142129372,0.12103257844942,-0.0325185153474036,0.176933944090072,-0.0514534012586155,0.0131341238922899,-0.111130613468042,0.0783595188150178,0.140596772122094,0.212954321674729,-0.309264095209555,-0.0273470610899439,0.41588252921786,0.101164433408964,-0.216147951539021,0.0083950511580119,-0.131961984674001,-0.0563936812363543,0.23417526435207
"Indole-2-Carboxylic Acid",0.613382422192731,0.659244830686245,-0.544394023716769,0.0235155614538294,0.0370863478744809,0.461295432167473,-0.399092426901837,0.121824564407723,0.236076030651997,0.521345091827561,0.558341538593262,0.386245130356608,0.535275482683334,-0.26039214007449,-0.098428871098934,0.571501348516632,-0.51041996660816,-0.11046705766514,0.268928464403442,0.0660730339483711,0.347784579819342,-0.0100518001626782,0.190196498137763,0.217106896699345,-0.138477674557986,-0.0361274027141573,0.209409649385676,0.238503360589066,0.511391754784023,0.0796266963483026,0.103309217004153,0.069729012372105,0.605685174879062,0.378278179716597,-0.49736290080911,-0.0892803630292393,0.122179887837664,-0.0289652810479901,0.0276981035147053,0.582229547497752,-0.0940708078256775,-0.391185410334347,0.163303223596901,0.155019478573569,-0.201810865191147,0.510145982276639,0.660135279763689,0.657498180572798,-0.337561539449463,-0.270824949698189,0.138045293034805,-0.400569373688942,0.122000085620104,0.143957361188407,0.596292649514106,0.573967207500321,0.409490988484096,0.00918703711631491,-0.142253521126761,-0.238486236568346,-0.316456183911983,0.00672974014298557,0.166770837792714,-0.0458966565349544,-0.421340810822381,0.0457425403484738,-0.401785179160067,-0.0509054325955734,0.171942292050173,0.353362729568903,-0.578757652296759,0.267019136093155,0.529444753628152,-0.254749775247228,-0.587756325185154,-0.571218802174751,-0.267883899139518,0.1999571899482,-0.467083351170855,-0.436546941221799,-0.220189220428957,-0.106665525065285,0.249167344492487,-0.505479686630421,-0.305479686630421,-0.218575281476091,-0.0520013699216576,0.310732479986301,0.0943447921571985,0.142450447365041,0.205642364827261,-0.325287897598356,-0.344051543302367,-0.297028982405069,0.302144783595188,0.262729568902778,0.2579904961685,-0.454595659060747,0.25532771094653,1,0.967806841046278,-0.240151547583373,0.19744852091271,-0.202936769553491,-0.261393895286613,-0.249736718181429,-0.543781839976026,-0.191326683505287,0.109011515903934,-0.254022004366625,0.582019778243932,0.504995933045079,-0.370756453615309,0.488681022304037,0.245849565477974,-0.546089301768055,0.533194914165846,0.428203262125947,-0.0452973158097521,-0.106588466972045,0.43959073590479,-0.116999871569845,-0.0735048589408793,-0.248366796523824,0.177854360203776,-0.48678025600411,-0.504563551521897,0.0306391540733764,0.351517616336316,0.523194486065328,-0.0244916306348731,0.189759835609401,0.110980778286742,-0.0722505244231346,-0.0511194828545743,0.631983389699902,-0.013677811550152,0.71847253735177,0.305693736889422,-0.555524637184811,0.512239393809667,-0.254188963568646,0.0949612569031209,0.138049574039985,-0.169690483325485,0.0306605590992765,0.0939851877220771,0.234864506186052,-0.184746778543602,0.632771094653025,0.26062331435421,-0.444150006421508,0.25252365255362,0.423301511194829,0.289695620531701,-0.426165503660259,-0.474844813562224,-0.495089687058521,0.45253649556916,-0.420210625454857,0.226764844385462,-0.360135279763688,0.0839933216319192,-0.354544286998587,-0.254428699858727,0.0935570872040755,-0.025788775204418,-0.451380624170555,0.00204203947086776,0.676493000556531,-0.281732950896871,0.168889935356822,-0.0164433408964425,0.11847253735177,0.453504002739843,-0.391669163919688,-0.329838606104713,0.0827347061089944,0.219371548439574,0.679361274027142,-0.471424290423391,0.0504730510723918,0.398304721948714,0.123421379339869,-0.0356094010873753
"Indole-3-Carboxylic Acid",0.651577550408836,0.714855087974656,-0.579429770110022,0.0387645019050473,0.0149364270730768,0.447557686544801,-0.425283616593176,0.10532128943876,0.215552891818999,0.527543987328225,0.551269318035875,0.371518472537352,0.543721905903506,-0.250978209683634,-0.107684404298129,0.512462006079027,-0.485735690740186,-0.0952523652553619,0.326931803587482,0.0584656877434822,0.282738987114174,-0.0180958088959288,0.117192516802945,0.186703197910869,-0.113934671860953,-0.0276039214007449,0.190453358448564,0.234885911211953,0.510972216276382,0.0759835609401087,0.0494541718395479,0.0853418382636243,0.60777858641209,0.361655036602594,-0.467571385761377,-0.147043965923199,0.0569416498993964,-0.003420523138833,0.0324157712230832,0.595171026156942,-0.0812577593218888,-0.396673658975127,0.164548996104285,0.142835737831243,-0.223506999443469,0.523220172096408,0.661650755597414,0.7158097521298,-0.314915022047177,-0.298129200736333,0.189177618904919,-0.3789203304936,0.127959244830686,0.131058692581018,0.60789417355195,0.570559527377028,0.389224709961899,0.0322787790573227,-0.148953294233486,-0.247026841902479,-0.329752986001113,-0.00177661714970675,0.143495012628965,-0.0926709191318121,-0.396759279078728,0.00475619675499807,-0.446650113446637,-0.0406353011687144,0.171531315552892,0.332261655036603,-0.558225951453401,0.228263196198467,0.55530630592063,-0.24474934714671,-0.565456569202449,-0.548456697632604,-0.273393552806199,0.180397277280706,-0.458855259214864,-0.437360332206002,-0.235857699387816,-0.12360118155743,0.239958902350272,-0.497598356094011,-0.29216576052057,-0.258504216790102,-0.0316023802388801,0.28671604092641,0.0550194785735691,0.118626653538251,0.250982490688814,-0.327809409649386,-0.322372533070765,-0.281818571000471,0.315373089601438,0.25533199195171,0.274014298557301,-0.485962584014727,0.249539791943148,0.967806841046278,1,-0.270820668693009,0.227997773877306,-0.239723447065371,-0.316139389528661,-0.241166145811036,-0.529496125690312,-0.234744638041012,0.0841645618391198,-0.262053170084336,0.61580547112462,0.547155272057879,-0.364245044736504,0.514037415985273,0.214504045549895,-0.54730510723918,0.487195513506571,0.445956590607475,-0.0458410034676142,-0.103527548268333,0.452382379382679,-0.100513720621602,-0.0628622800633589,-0.259976882572028,0.134363628579991,-0.50518001626782,-0.50519714028854,-0.0299755982704739,0.33152104114046,0.531306990881459,-0.00467057665139775,0.160002568603108,0.0925467699815917,-0.0636242989854018,-0.0925296459608716,0.687936127402714,-0.0371420009418211,0.73944090072349,0.307401857956248,-0.55514362772379,0.563525835866261,-0.262913652125519,0.0782524936855174,0.143096879147224,-0.151731666595317,0.0308660473479173,0.0880388715270345,0.28428014897898,-0.153367010574083,0.672674343935956,0.23164519029068,-0.414739500834796,0.295620531700843,0.428751230788989,0.307740057365469,-0.407453230018408,-0.480243161094225,-0.522072862708164,0.516237852647802,-0.462339997431397,0.221340810822381,-0.318040155828589,0.115304593518558,-0.321392182884541,-0.219106126118413,0.0825848709276938,-0.0997602637099191,-0.466094438974271,0.0236268675885098,0.67096194186395,-0.278171154587097,0.173941521469241,0.0121452116957062,0.0925339269660516,0.51312128087675,-0.370354039128387,-0.348777773021105,0.0568217817543559,0.206113275397063,0.7051628922471,-0.471257331221371,0.06579476861167,0.428151890063787,0.10796695064001,-0.0636542660216619
"Inosine",-0.233271972259086,-0.208510638297872,0.0295004066954921,-0.109092855002355,-0.0688813733464617,-0.241534312256518,0.360156684789589,0.190624598655764,0.147600496596601,-0.223104584956548,0.0267305963440216,-0.239184040412689,0.0175178731966266,0.0205787919003382,0.015514362772379,0.083145682606276,0.0953422663641423,-0.087893317350914,-0.146911254762618,0.340104456526392,-0.108977267862494,-0.135468127916435,0.312800205488249,-0.124132026199752,-0.0239993150391712,-0.128609957618049,0.307389014940708,0.0617706237424547,-0.172866989169057,0.0553234299413502,-0.314837963953936,-0.133212038186566,-0.212958602679909,-0.111113489447322,-0.0152146924097778,0.0752857570957661,-0.445275910783852,-0.206143242433323,-0.174703540391284,-0.111443126846183,-0.0864634616207886,0.0476047776017809,-0.0291322402500107,0.040780855344835,0.282983004409435,-0.0284900894730083,-0.292307033691511,-0.178612098120639,-0.0399503403399118,0.159891262468428,-0.252913224025001,0.0258915193287384,0.190992765101246,0.0716982747549125,0.0947300826234,-0.0336272956890278,-0.101442698745665,-0.037116314910741,0.111100646431782,-0.203390556102573,0.241033434650456,0.344175692452588,0.119748276895415,0.0973457767883899,0.0290594631619504,-0.223875165888951,0.265216832912368,-0.0859026499422064,-0.0191189691339527,-0.0443683376856886,0.029470439659232,0.243336615437305,-0.142429042339141,-0.129744423990753,0.0596643691938867,0.0621987242604564,0.0827133010830943,0.015266064471938,-0.0180016267819684,0.0909371120339056,0.314332805342694,0.0207585941178989,0.0283873453486879,0.0251295004066955,0.11325399203733,0.390256432210283,-0.104747634744638,-0.638610385718567,-0.232077571813862,0.174485209127103,-0.0676912539064172,0.133815659916948,-0.00882743268119354,0.0347788860824522,0.105903506143242,-0.0845241662742412,0.207521726101289,0.138593261697847,-0.609195599126675,-0.240151547583373,-0.270820668693009,1,0.138272186309345,0.1211866946359,0.0209555203561796,-0.0922556616293506,0.249026071321546,0.306079027355623,0.0364870071492786,0.316952780512864,0.0365298172010788,-0.153011687144141,0.309623699644677,0.00622886253692367,0.087906160366454,0.387131298428871,-0.0858255918489661,-0.219949484138876,0.127162977867203,-0.0445267348773492,-0.183663684233058,0.00935827732351556,-0.0188621088231517,0.195971574125605,-0.110265850421679,0.23163234727514,0.128417312384948,-0.351175135921914,-0.219499978594974,-0.211755640224325,0.240716640267135,0.0130656278094097,-0.232193158953722,-0.183436790958517,0.0375058863821225,-0.177832955177876,-0.385774219786806,-0.0662100261141316,-0.151384905175735,-0.03946658675457,-0.0393766856457896,0.419645532771095,-0.149779528233229,-0.321858812449163,-0.0338370649428486,0.0184982233828503,0.048944732223126,-0.0817072648657905,0.0637612911511623,-0.187653581060833,-0.241388758080397,-0.116969904533584,-0.437908300869044,-0.0732351556145383,-0.0452801917890321,-0.00053940665268205,0.201738088103087,0.0839291065542189,-0.0690568945588424,0.0877263581488934,0.111053555374802,-0.048675028896785,-0.161813433794255,0.193308788903635,0.0141829701613939,0.0617920287683548,0.156851748790616,0.0291536452759108,-0.11854531443983,-0.174408151033863,0.20797551265037,-0.0295860267990924,-0.0387987499464874,-0.000890449077443384,-0.0251423434222355,-0.119666937796995,0.150190504730511,0.0576737017851792,-0.101190119440045,-0.136294361916178,0.360362173038229,0.0703497581232073,-0.0213836208741813,0.164994220643007,-0.0971702555760093
"iso-Leucine /allo-isoLeucine",0.245909499550494,0.396412517659146,-0.351153730896014,0.0918789331735091,-0.0159082152489405,0.17621901622501,-0.0315510081767199,0.190568945588424,0.145875251509054,0.103377713087033,0.295543473607603,0.154497195941607,0.401815146196327,-0.245841003467614,0.118981976968192,0.264399160922985,-0.268663042082281,-0.249518386917248,0.382229547497752,0.0564536153088745,-0.0480285971146025,0.169412217988784,0.172755683034376,0.113904704824693,-0.109593732608416,-0.0177276424504474,-0.0224752771950854,-0.108609101417013,0.184763902564322,-0.133627295689028,-0.0618219958046149,0.237848366796524,0.276600025686031,0.180611327539706,-0.0025001070251295,0.0322616550366026,0.058949441328824,-0.14730938824436,-0.048422449591164,0.302264651740229,0.02105398347532,0.0238837278993108,-0.0879318463975342,-0.0975940750888309,0.048936170212766,0.143409392525365,0.113836208741813,0.322877691682007,-0.249518386917248,-0.0124063530116871,0.136564065242519,-0.177606061903335,0.176129115116229,-0.139809067168971,0.362207286270816,0.158932317308104,0.0600496596600882,-0.126602166188621,0.309979023074618,-0.420852776231859,-0.170071492786506,0.151008176719894,0.067631319833897,0.0572712872982576,-0.250952523652554,-0.426670662271501,-0.442878547883043,-0.0759707179245687,0.3894387602209,0.268941307418982,-0.443276681364784,0.291669163919688,0.557001583971917,-0.399105269917377,-0.464334945845284,-0.451252194015155,0.105775075987842,0.111610086048204,-0.157262725287898,-0.189986728883942,0.088407037972516,0.19217004152575,0.0391241063401687,-0.196827775161608,-0.384541290294961,0.0614538293591335,0.13163662828032,0.0454300269703326,-0.416362001798022,0.126148379639539,0.121636200179802,0.216314910741042,-0.163632860995762,-0.391489361702128,0.170191360931547,-0.0623442784365769,0.337060661843401,-0.0424119183184212,-0.0177019564193673,0.19744852091271,0.227997773877306,0.138272186309345,1,-0.140725202277495,-0.403715912496254,0.00893873881587397,-0.126837621473522,-0.0752943191061261,0.184417141144741,0.681364784451389,0.361423862322873,0.294481784322959,-0.0483710775290038,0.137069223853761,0.326058478530759,0.0811807012286485,0.245661201250054,0.290294961256903,0.186497709662229,0.0733550237595788,-0.0784622629393382,-0.241474378183998,-0.119148936170213,0.148020035104242,-0.111109208442142,-0.333177790145126,-0.146410377156556,-0.0720878462262939,0.180123292949184,0.129102273213751,0.166094438974271,0.20536838049574,0.0108480671261612,-0.0488462691039856,-0.00690098035018622,0.339243974485209,-0.442818613810523,0.391938867246029,0.072622971873796,-0.327424119183184,0.348401044565264,0.450254719808211,0.106275953593904,-0.110903720193501,0.254334517744766,0.0444025857271287,-0.172113532257374,0.0696733593047648,-0.155409050044951,0.157198510210197,0.109204161137035,-0.129825763089173,-0.0427287127017424,0.213562224410292,0.285324714242904,-0.349171625497667,-0.505419752557901,-0.129958474249754,0.325326426644976,-0.0947514876493001,0.158876664240764,-0.40001712402072,0.11321546299071,0.0331435421036859,0.132548482383664,-0.117941692709448,-0.276617149706751,-0.177122308317993,-0.159642964167987,0.339612140930691,0.138546170640866,0.577100903292093,-0.313352455156471,0.367789717025558,0.324393167515733,-0.0825035318292735,-0.08947300826234,0.208262339997431,0.308073975769511,0.193214606789674,-0.0085534483496725,0.798886938653196,0.437308960143842,0.123130270987628,-0.148867674129886
"isoValeric Acid /3-Oxobutanoic Acid/4-Oxobutanoic Acid",-0.334817415129072,-0.285692880688386,0.133130699088146,0.0944175692452588,-0.00514148722119954,-0.3210582644805,0.239821910184511,0.133417526435207,0.0166402671347232,-0.222436748148465,-0.106464317821825,-0.324311828417312,-0.184836679652382,0.101622500963226,-0.222650798407466,-0.130292392653795,0.21589109122822,-0.0808938738815874,-0.413399546213451,-0.07104756196755,-0.142771522753543,-0.298591549295775,0.193638426302496,-0.266766556787534,-0.022381095081125,-0.104066954921015,0.123939380966651,0.225112376385975,-0.250537266150092,0.090791557857785,-0.206768269189606,-0.35525921486365,-0.388912196583758,-0.194254891048418,-0.0973072477417698,0.0453272828460122,-0.065263923969348,0.020531700843358,-0.145935185581575,-0.37110321503489,-0.238152318164305,0.264514748062845,0.164120895586284,0.0769339440900724,0.0569373688942164,-0.146568774348217,-0.264339226850465,-0.297576951068111,0.0521512051029582,-0.169741855387645,-0.233652981720108,0.0200779142942763,0.0707521726101289,-0.0562438460550537,-0.217171111777045,-0.130292392653795,-0.192396934800291,0.0283659403227878,-0.122265507941265,0.0623100303951368,0.415403056637699,0.0476689926794811,0.107067939552207,0.0125476261826277,0.172986857314097,0.0348131341238923,0.361406738302153,-0.0530031251337814,-0.188895072563038,-0.0830686245130357,0.215351684575538,0.0275140202919646,-0.25010916563209,0.0314953551093797,0.218686587610771,0.218125775932189,0.264904319534227,-0.122214135879104,0.282315167601353,0.386621858812449,0.204216790102316,0.21567704096922,-0.0156770409692196,0.328588552592149,0.295723275825164,-0.0037630035532343,0.0912667494327668,-0.293150391711974,0.0375658204546428,-0.0359347574810566,-0.176955349115972,0.176826918960572,0.037891176848324,0.269026927522582,-0.107299113831928,-0.184721092512522,-0.00244445395778929,0.111417440815103,-0.313947514876493,-0.202936769553491,-0.239723447065371,0.1211866946359,-0.140725202277495,1,0.174181257759322,0.00812534783167088,0.168941307418982,0.0979964895757524,0.216152232544201,0.0294918446851321,-0.328130485037887,-0.407688685303309,0.133528832569887,-0.0359690055224967,-0.0925210839505116,0.0334560554818271,-0.278667751187979,-0.35521212380667,-0.128524337514448,0.0948028597114602,-0.118870670833512,0.180243161094225,0.0792542488976412,0.0934072520227749,-0.240768012329295,0.0563380281690141,0.190406267391584,-0.159043623442784,-0.207414700971788,-0.294533156385119,-0.00744466800804829,-0.175332848152746,-0.275324286142386,-0.0147609058606961,-0.0816173637570101,-0.259591592105826,0.00410976497281562,-0.293021961556573,-0.218228520056509,0.24739928935314,-0.120685817029839,-0.107029410505587,-0.352275354253179,-0.31845541333105,-0.324868359090714,-0.114696690782996,-0.291634915878248,-0.116105141487221,0.0169913095594846,-0.205603835780641,-0.142600282546342,0.049479857870628,-0.0867802560041098,-0.0449034633331906,-0.102448734962969,0.194199237981078,0.30000428100518,0.023417098334689,-0.224491630634873,0.14222783509568,-0.20259000813391,0.143524979665225,-0.0104627766599598,0.299481998373218,0.000483753585341838,0.0946359005094396,0.218104370906289,0.0511836979322745,-0.0401729526092727,-0.364566120125005,0.0152789074874781,-0.139038486236568,0.0147138148037159,-0.174232629821482,-0.249128815445867,-0.0485594417569245,0.130613468042296,0.14484352926067,-0.311207671561283,-0.240489746992594,0.188963568645918,-0.06843186780256,-0.0851577550408836,-0.0476561496639411,-0.121298000770581
"Kynurenic Acid",-0.2472794212081,-0.487931846397534,0.487409563765572,0.249287212637527,0.221499208014042,-0.20005993407252,0.200158397191661,-0.0249839462305749,-0.174446680080483,-0.227047390727343,-0.319345862408493,-0.143298086390685,-0.344586668949869,0.0283573783124278,-0.137304679138662,-0.0950768440429813,0.0760135279763688,0.0505629521811721,-0.0978423733892718,0.00704653452630678,0.200766299927223,0.00939680637013571,-0.121623357164262,0.00432381523181643,0.110959373260842,-0.0114688128772636,-0.321764630335203,-0.274844813562224,-0.262014641037716,-0.0589794083650841,0.172323301511195,-0.0744466800804829,-0.282186737445952,-0.324915450147695,0.242527505458282,0.0472879832184597,0.158504216790102,0.017376600025686,-0.0139946059334732,-0.371539877563252,0.174716383406824,0.142471852390941,-0.261860524851235,-0.0969348002911084,-0.021589109122822,-0.258666894986943,-0.26049916520399,-0.462840875037459,0.14462519799649,0.330266706622715,0.0537908300869044,0.21308703283531,-0.267532856714757,-0.042904233914123,-0.473132411490218,-0.130853204332377,-0.196737874052828,0.0123207329080868,-0.0371634059677212,0.26047776017809,-0.0927522582302325,0.0777216490431953,-0.0779870713643563,0.0510980778286742,0.0238366368423306,0.37631319833897,0.235921914465517,0.0767455798621516,-0.0628023459908387,-0.308557729354853,0.356689070593775,-0.249616850036389,-0.33691510766728,0.202975298600111,0.350969647673274,0.3474720664412,-0.0845798193415814,0.0441842544629479,0.258568431867803,0.289318892075859,-0.0388629650241877,-0.0090800119868145,-0.141427287127017,0.319589879703754,0.0509011515903934,-0.0499379254248898,-0.152095552035618,0.0420779999143799,0.362147352198296,-0.147039684918019,-0.334885911211953,0.260383578064129,0.242869985872683,0.0717068367652725,-0.230412260798836,0.082893103300655,-0.487422406781112,0.31830557814975,0.119114688128773,-0.261393895286613,-0.316139389528661,0.0209555203561796,-0.403715912496254,0.174181257759322,1,0.199216576052057,0.258940879318464,0.0612055310586926,-0.003947086775975,-0.188805171454257,-0.474784879489704,-0.418082965880389,-0.000145554176120553,-0.311999657519586,-0.324872640095895,0.267644162849437,-0.163427372747121,-0.108677597499893,-0.0651526178346676,0.0885269061175564,0.0367053384134595,-0.195479258529903,0.0488805171454258,0.155105098677169,0.391532171753928,0.264138019607004,0.103651697418554,0.232886681792885,-0.181745793912411,-0.133383278393767,-0.238451988526906,-0.219050473051072,0.055006635558029,0.0451089515818314,-0.0184810993621302,-0.474814846525964,0.201451260756026,-0.348366796523824,-0.303989896827775,0.305085834153859,-0.403215034890192,-0.0872597285842716,-0.0352112676056338,-0.0248041440130143,0.0724046406096151,0.225480542831457,0.033956933087889,-0.199058178860396,0.147643306648401,-0.340476903977054,-0.0514876493000557,0.264942848580847,0.0548439573611884,-0.273898711417441,-0.29213151247913,0.164784451389186,0.229166488291451,0.33675242947044,-0.262083137120596,0.27102187593647,-0.161218374074233,0.26309773534826,-0.254741213236868,-0.0890106597028982,0.220047947258016,-0.0562095980136136,0.0754227492615266,0.421276595744681,0.00557386874438118,-0.361402457296973,0.190868615951025,-0.341645618391198,-0.0481827133010831,-0.0508711845541333,-0.224324671432852,0.0735562310030395,-0.125018194272015,0.0265165460850208,-0.0879575324286142,-0.33952652082709,0.204610642578878,-0.300642150777002,-0.546645832441457,-0.183826362429899,0.486275097392868
"L-2-Aminobutyric Acid",-0.186977182242391,-0.339659231987671,0.408840275696734,0.0433066484010446,-0.04736932231688,-0.274433837064943,0.0918618091527891,-0.233460336487007,-0.267335930476476,-0.2315980992337,-0.317500749175906,-0.216807226336744,-0.304032706879575,0.237189091998801,-0.0495997260156685,-0.260756025514791,0.363992465430883,-0.0320732908086819,-0.0346590179374117,-0.155554604221071,0.108818870670834,0.240125861552292,-0.0955520356179631,0.211888351384905,0.141221798878377,0.00974356778971702,-0.267425831585256,-0.228109080011987,-0.249359989725588,-0.235044308403613,-0.0335031465388073,0.0740057365469412,-0.320887024273299,-0.0806969476433066,0.220510295817458,0.182345134637613,0.0900980350186224,0.0412945759664369,0.00725630378012757,-0.319615565734835,0.0401472665781926,0.21834838820155,-0.180213194057965,-0.2422235540905,0.192718010188792,-0.397786720321932,-0.269699045335845,-0.38690868615951,0.119024787019992,0.108917333789974,-0.00467485765657776,0.0621559142086562,-0.235853418382636,-0.104884626910399,-0.408985829872854,-0.311948285457425,-0.232903805813605,-0.123258701143028,0.159463161950426,0.104533584485637,0.088411318977696,-0.0419153217175393,-0.288942163620018,0.164009589451603,0.286091014170127,0.101832270217047,0.215458709705039,0.174236910826662,0.119705466843615,-0.293578492229976,0.348824864078086,-0.0691767627038829,-0.211961128472965,0.0407637313241149,0.329106554218931,0.322804914593947,0.11830129714457,-0.116700201207243,0.253816516117985,0.180303095166745,-0.0654694122179888,0.0526734877349202,-0.278201121623357,0.259022218416884,0.0842758679738003,0.209212723147395,0.162074575110236,-0.0624341795453573,0.0818314140160109,-0.212992850721349,-0.0852776231859241,0.242972729997003,0.351988526906118,0.0990753028811165,-0.302838306434351,-0.172781369065457,-0.125501947857357,0.371569844599512,0.0180401558285886,-0.249736718181429,-0.241166145811036,-0.0922556616293506,0.00893873881587397,0.00812534783167088,0.199216576052057,1,0.335981848538037,-0.11044137163406,-0.0838306434350786,0.272207714371334,-0.167070508155315,-0.132719722590864,0.0674301125904362,-0.287332505672332,-0.161697846654394,0.225026756282375,-0.189991009889122,-0.115591420865619,0.0732308746093583,0.0358619803929963,-0.125035318292735,-0.291617791857528,-0.099738858684019,0.0588381351941436,0.148996104285286,0.142386232287341,0.317132582730425,-0.0382122522368252,-0.0736332890962798,-0.0674686416370564,-0.0622715013485166,-0.0153902136221585,0.184357207072221,0.229564621773192,-0.0868872811336102,-0.37113318207115,-0.0267776874010018,-0.305830729055182,-0.116653110150263,0.354668436148808,-0.310402842587439,-0.0267477203647416,0.125754527162978,0.222911939723447,0.158748234085363,-0.0808596258401473,-0.284755340553962,-0.345631234213793,0.327055952737703,-0.270598056423648,0.0895586283659403,0.243841774048547,-0.108502076287512,-0.317727642450447,-0.0669163919688343,0.177734492058735,0.215171882357978,0.365096964767327,-0.293133267691254,0.125848709276938,-0.32381951282161,0.186412089558628,0.0491116914251466,0.0273513420951239,0.309512393509996,-0.248978980264566,-0.200556530673402,0.221366496853461,-0.0104499336444197,-0.218836422792072,0.020005137206216,0.0795410762447023,-0.105916349158782,0.0734534868787191,-0.314161565135494,0.390620317650584,0.0347874480928122,-0.0900509439616422,-0.084738216533242,-0.316524679994863,0.232098976839762,0.214405582430755,-0.197123164519029,-0.191964553277109,-0.0300997474206944
"L-Kynurenine",-0.447532000513721,-0.565422321161009,0.502834025429171,-0.0272571599811636,-0.0633631576694208,-0.643516417654865,0.204413716340597,-0.0102915364527591,-0.268675885097821,-0.414144441114774,-0.452836165931761,-0.563838349244403,-0.430930262425618,0.26576052057023,0.000873325056723319,-0.294194956975898,0.496981891348089,0.10261141315981,-0.303673102444454,0.0001840832227407,-0.3211866946359,0.135682178175436,-0.0443298086390684,-0.221387901879361,0.310274412432039,-0.117971659745708,-0.0934800291108352,-0.0781882786078171,-0.481030866047348,-0.202435891947429,-0.170148550879747,0.0775589708463547,-0.658825292178604,-0.0216105141487221,0.201339954621345,-0.0366625283616593,-0.174279720878462,0.0302153345605548,-0.0445952309602295,-0.513455199280791,0.0651354938139475,0.45781497495612,-0.179712316451903,-0.245245943747592,0.178047005436877,-0.447035403912839,-0.53953508283745,-0.569275225823023,0.234718952009932,0.276073462048889,-0.10002568603108,0.295025471980821,-0.221914465516503,-0.0791857528147609,-0.532056166787962,-0.32883685089259,-0.407042253521127,-0.1210582644805,-0.0650755597414273,0.114054540005993,0.349830900295389,-0.0224196241277452,-0.156004109764973,0.0761890491887495,0.409769253820797,0.0256046919816773,0.431204246757139,0.0804058392910655,-0.148910484181686,-0.529830044094353,0.526533670105741,-0.126144098634359,-0.393467186095295,0.219204589237553,0.524654308831714,0.506284515604264,0.118031593818229,-0.285016481869943,0.464668864249326,0.366381266321332,-0.0115030609187037,0.16567061946145,-0.321323686801661,0.445870970503874,0.223828074831971,0.295273770281262,-0.085273342180744,-0.416297786720322,-0.0154373046791387,-0.155969861723533,-0.177794426131256,0.238507641594246,0.447116743011259,0.233635857699388,-0.332518515347404,-0.102979579605291,-0.14743353739458,0.409974742069438,-0.317731923455627,-0.543781839976026,-0.529496125690312,0.249026071321546,-0.126837621473522,0.168941307418982,0.258940879318464,0.335981848538037,1,0.0154544286998587,-0.110685388929321,0.238486236568346,-0.35793484310116,-0.36579904961685,0.429175050301811,-0.347159553063059,-0.143276681364784,0.458808168157884,-0.395248084250182,-0.411866946359005,-0.24205659488848,0.0405753670961942,-0.329997003296374,0.135579434051115,-0.135733550237596,0.191626353867888,-0.115171882357978,0.380945245943748,0.563423091741941,-0.124072092127231,-0.38949013228306,-0.458101802303181,0.0896014384177405,-0.152382379382679,-0.190496168500364,0.111040712359262,0.0267348773492016,-0.562305749389957,-0.241735519499979,-0.498493086176634,-0.229508968705852,0.488625369236697,-0.398403185067854,0.208065413759151,0.0150862622543773,-0.131229932788219,0.0683162806626996,0.0169570615180444,-0.128567147566249,-0.341196112847297,0.431015882529218,-0.395778928892504,-0.224864078085534,0.269266663812663,-0.374442399075303,-0.510287255447579,-0.183458195984417,0.293158953722334,0.443169656235284,0.487054240335631,-0.352908943019821,0.241123335759236,-0.262228691296716,0.305727984930862,-0.196969048332548,0.31839976026371,0.343101160152404,-0.224453101588253,0.0218630934543431,0.428635643649129,-0.0720107881330536,-0.620916991309559,0.172237681407595,-0.160678967421551,-0.00773149535510938,-6.84960828802603e-05,-0.358191703411961,0.210985059291922,0.221674729226422,-0.0979194314825121,-0.339196883428229,-0.537480200351042,0.491587824821268,-0.0149407080782568,-0.352313883299799,-0.106725459137806,0.0238023888008904
"Lactate",-0.13431653752301,-0.0616293505715142,-0.025275054582816,-0.108484952266792,-0.160850207628751,-0.123181643049788,0.370054368765786,0.110989340297102,0.18695149621131,-0.3052485123507,0.031842116528961,-0.180114730938824,0.122102829744424,-0.217916006678368,-0.0687957532428614,0.204529303480457,-0.179892118669464,-0.178128344535297,-0.214187251166574,0.100295389357421,-0.211468812877264,-0.176634273727471,0.226152660644719,-0.270439659231988,-0.091052699173766,0.158101802303181,0.211027869343722,0.0539877563251851,-0.0698959715741256,0.377139432338713,-0.0906374416713044,-0.233597328652768,-0.0856243846055054,-0.134402157626611,-0.244265593561368,0.114345648358235,-0.107731495355109,-0.235138490517574,-0.0756282375101674,0.117830386574768,0.158645489961043,-0.349432766813648,0.172130656278094,0.347210925125219,-0.0742583158525622,0.133310501305707,-0.0908343679095852,-0.0253735177019564,0.0658418596686502,0.121897341495783,-0.345245943747592,0.0864848666466887,0.269035489532942,0.253435506656963,0.140301382764673,0.0190247870199923,-0.111430283830643,0.325677469069738,-0.0284001883642279,0.0506357292692324,0.111789888265765,0.102808339398091,0.354698403185068,-0.122792071578407,-0.231833554518601,-0.340780855344835,0.148662185881245,-0.266907829958474,0.0446209169913096,0.124658589836894,-0.0117299541932446,0.21832698317565,-0.020518857827818,-0.0530673402114817,0.0255576009246971,0.0340468341966694,-0.275315724132026,-0.00989768397619761,-0.0438760220899867,0.0302367395864549,-0.107487478059848,-0.253863607174965,0.224602936769553,-0.0706965195427886,0.237026413801961,0.241855387645019,-0.10788561154159,-0.211558713986044,-0.341928164733079,-0.137458795325142,0.107029410505587,-0.0349800933259129,-0.204747634744638,0.161706408664754,0.124316109422492,-0.173650413117,-0.112325013913267,-0.168209255533199,-0.244081510338628,-0.191326683505287,-0.234744638041012,0.306079027355623,-0.0752943191061261,0.0979964895757524,0.0612055310586926,-0.11044137163406,0.0154544286998587,1,0.213575067425832,-0.0163662828032022,0.00865619247399289,-0.0571385761376771,-0.203202191874652,0.160370735048589,0.1104756196755,0.01316409092855,-0.0566334175264352,-0.209114260028255,-0.0217817543559228,-0.12623828074832,-0.0765443726186909,0.0591806156085449,0.155554604221071,0.0145297315809752,-0.27630891733379,-0.18153174365341,-0.161834838820155,0.0256260970075774,-0.199464874352498,-0.181792884969391,0.332689755554604,-0.243413673530545,0.0564493343036945,0.164566120125005,0.0796909114260028,-0.0380881030866047,0.19205445438589,-0.0441243203904277,-0.0790744466800805,-0.117085491673445,0.0193458624084935,0.287174108480671,-0.166595316580333,-0.22107110749604,-0.072104970247014,-0.0877220771437134,0.18147180958089,-0.369249539791943,-0.0722890534697547,-0.0557515304593519,-0.283449633974057,-0.113840489746993,-0.114148722119954,0.0746906973757438,-0.149633974057109,-0.145027612483411,0.111524465944604,-0.0214478359518815,-0.107615908215249,0.0956162506956633,0.221482083993322,-0.0982405068710133,-0.272961171283017,0.237398861252622,-0.0812748833426089,0.383941949569759,0.359600154116186,-0.0583586626139818,-0.0848666466886425,-0.0173038229376258,0.167948114217218,0.110201635343979,0.14203947086776,-0.00628451560426388,-0.0617320946958346,-0.0996746436063188,0.145806755426174,0.171796737874053,0.103929962755255,0.0258058992251381,2.14050259000813e-05,-0.0782995847424975,-0.215347403570358,-0.19211010745323,-0.171775332848153
"Lactose/Trehalose",-0.0170041525750246,-0.0212894387602209,0.0139689199023931,0.0207628751230789,-0.331961984674001,-0.0294319106126118,0.359685774219787,-0.212680337343208,0.0428357378312428,0.176094867074789,0.130279549638255,-0.0327496896271244,0.2211010745323,-0.055781497495612,-0.0379596729312042,0.128327411276168,-0.159176334603365,-0.0327454086219444,0.143726186908686,0.0253093026242562,-0.151072391797594,-0.188984973671818,0.182002654223212,-0.0468127916434779,-0.210351470525279,-0.0712573312213708,-0.0945288753799392,-0.101524037844086,0.159039342437604,-0.0410120296245558,-0.152112676056338,-0.139042767241748,-0.0264951410591207,0.150913994605933,0.0129885697161694,0.300261141315981,0.0710689669934501,-0.092354124748491,0.195440729483283,-0.069746136392825,0.101827989211867,0.00296673658975127,-0.0696091442270645,0.00462348559441757,0.00224752771950854,0.00414829401943576,-0.0234770324072092,-0.0153816516117985,-0.177914294276296,0.209696476732737,-0.135082837450233,-0.178646346162079,0.0394323387131298,-0.0683590907144998,0.137398861252622,-0.108454985230532,-0.150494456098292,-0.155969861723533,0.155075131640909,-0.0859754270302667,0.182721863093454,-0.0794340511152018,0.104940279977739,0.323203048075688,-0.188424161993236,-0.24475790915707,-0.0200522282631962,-0.336345733978338,0.0788175863692795,-0.0438888651055268,-0.322509525236526,0.388441286013956,0.261064257887752,-0.214641037715656,-0.35260927265722,-0.34474078513635,-0.0111819855302025,0.0467699815916777,0.232206001969262,0.383132839590736,0.002106254548568,0.0358919474292564,-0.081844257031551,0.287448092812192,-0.0192816473307933,0.205424033563081,0.047112462006079,0.0329294918446851,-0.239248255490389,-0.0692495397919431,0.00553105869258102,0.175512650370307,-0.0388115929620275,-0.00874609358277324,-0.0838948585127788,-0.17895457853504,0.209426773406396,-0.0219615565734835,-0.0798535896228434,0.109011515903934,0.0841645618391198,0.0364870071492786,0.184417141144741,0.216152232544201,-0.003947086775975,-0.0838306434350786,-0.110685388929321,0.213575067425832,1,0.248824864078086,0.205710860910142,0.083411104927437,-0.146461749218717,-0.0407337642878548,0.170075773791686,-0.0265079840746607,0.239727728070551,0.0396121409306905,0.104015582858855,0.181814289995291,-0.0607645875251509,0.0140502590008134,-0.023147395008348,0.33163234727514,-0.108489233271972,-0.246144954835395,-0.103343465045593,-0.0132625540476904,0.0569116828631363,0.00795410762447023,-0.0401857956248127,0.0947600496596601,0.0989811207671561,-0.201228648486665,0.270054368765786,-0.0274883342608845,-0.0320604477931418,0.041842544629479,0.00855772935485252,-0.0353782268076544,0.0991009889121966,0.157618048717839,-0.134406438631791,-0.215428742668779,0.00621601952138362,0.125827304251038,-0.128010616892846,-0.138075260071065,-0.0806798236225866,-0.0322959030780427,-0.141140459779956,0.0729140802260371,0.0303865747677555,0.0435977567532857,0.123220172096408,-0.373025386360717,-0.0926537951110921,0.0781283445352969,-0.130823237296117,0.326007106468599,0.103728755511794,-0.0817201078813305,-0.365961727813691,0.0972515946744296,-0.0566976326041354,-0.0153516845755383,-0.110291536452759,0.110116015240378,-0.104289567190376,0.0685560169527805,0.252399503403399,0.252202577165118,-0.361719251680295,0.201917890320647,-0.103056637698532,-0.084459951196541,-0.0471338670319791,0.966924953979194,0.296438203690226,-0.033961214093069,-0.202290337771309,0.248204118326983,0.108091099790231,-0.0374844813562224,-0.276814075945032
"Leucine /D-Norleucine",-0.20530844642322,-0.241885354681279,0.156954492914936,0.0376642835737831,-0.182691896057194,-0.158576993878163,0.350734192388373,-0.0669121109636543,-0.151316409092855,-0.182529217860354,-0.112038186566206,-0.0960785992551051,-0.0857613767712659,-0.103407680123293,0.195992979151505,-0.112924354638469,0.100522282631962,-0.242621687572242,0.208232372961171,0.156590607474635,-0.0708763217603493,0.275949312898669,0.22632390085192,0.114234342223554,-0.172700029967036,-0.0555931332676913,-0.130476475876536,-0.28692581018023,-0.086065328139047,-0.301536880859626,-0.0311785607260585,0.276891134038272,-0.179267091913181,-0.0193116143670534,0.303446209169913,0.250562952181172,0.102127659574468,-0.194331949141658,0.011575838006764,-0.179228562866561,0.0927265721991524,0.350288967849651,-0.293959501690997,-0.31576266107282,0.262554047690398,-0.37380452930348,-0.343542103685946,-0.321871655464703,-0.0680422963311786,0.253157241320262,-0.00559099276510125,0.0162806626996019,-0.106250267562824,-0.224949698189135,-0.140511152018494,-0.292615266064472,-0.214829401943576,-0.298137762746693,0.54724945417184,-0.121674729226422,0.177588937882615,0.200590778714842,-0.184708249496982,0.335575153045935,0.0342608844556702,-0.381852819041911,0.0150263281818571,-0.0351598955434736,0.289014940708078,-0.143182499250824,-0.0343122565178304,0.245793912410634,0.161355366239993,-0.239834753200051,-0.049736718181429,-0.0647502033477461,0.316267819684062,-0.0618733678667751,0.18425018194272,0.182465002782653,0.24735647930134,0.312093839633546,-0.279498266192902,0.222800633588767,-0.134072520227749,0.390175093111863,0.13941521469241,-0.0845712573312214,-0.41047990068068,0.101241491502205,-0.0959373260841646,0.453105869258102,0.185174879061604,-0.107097906588467,-0.212551907187808,-0.197136007534569,0.20780855344835,0.306781112205146,-0.174532300184083,-0.254022004366625,-0.262053170084336,0.316952780512864,0.681364784451389,0.0294918446851321,-0.188805171454257,0.272207714371334,0.238486236568346,-0.0163662828032022,0.248824864078086,1,0.00188792328438717,-0.0127103043794683,0.0845841003467614,-0.293103300654994,0.0969390812962884,0.499803073761719,0.00696519542788647,0.0200993193201764,0.245113232587011,0.18947728926752,-0.424316109422492,-0.252502247527719,-0.191583543816088,0.46307633032236,-0.0558970846354724,0.0154801147309388,0.254856800376728,-0.0285114944989083,0.0362601138747378,-0.14746778543602,0.0739672075003211,0.151196540947815,0.0801703840061646,-0.104816130827518,0.0517188235797765,-0.293407252022775,-0.39212723147395,-0.199058178860396,-0.0246157797850935,0.144441114773749,-0.171569844599512,0.675718138618948,0.193972344706537,-0.112800205488249,0.385067853932103,-0.0225266492572456,-0.424658589836894,-0.19743995890235,0.00556530673402115,-0.3789845455713,-0.00100603621730382,0.183556659103558,-0.243606318763646,-0.179716597457083,0.10524423134552,-0.0462476989597157,-0.0790958517059806,0.401121623357164,-0.221923027526863,0.360058221670448,-0.0571985102101974,-0.111759921229505,0.00196498137762747,0.126109850592919,0.25000642150777,-0.292679481142172,-0.200843358020463,0.209790658846697,-0.28158311571557,-0.0633802816901408,0.381069395093968,0.512838734534869,-0.53160666124406,0.442780084763903,-0.230574938995676,0.275718138618948,0.198672888394195,0.300714927865063,0.256800376728456,-0.374951838691725,0.310154544286999,0.814058821011173,0.106434350785564,0.119230275268633,-0.252176891134038
"Linoleic Acid",0.473179502547198,0.599374973243718,-0.412586155229248,-0.135943319491417,-0.0163577207928422,0.423481313412389,-0.221606233143542,0.0397234470653709,0.101232929491845,0.423926537951111,0.414157284130314,0.383933387559399,0.451363500149835,-0.19735005779357,0.0122779228562867,0.325146624427416,-0.309405368380496,-0.12371676869729,0.375058863821225,0.0889678496510981,0.0370478188278608,-0.0184768183569502,0.152446594460379,0.104156856029796,0.0496254120467486,0.0397962241534312,0.193347317950255,0.0270131426859026,0.587640738045293,-0.00690954236054626,-0.0989939637826962,0.170131426859026,0.566436919388672,0.417834667579948,-0.247031122907659,0.0171925168029453,-0.0727128729825763,-0.0175735262639668,0.177349201592534,0.446183483882016,0.00811678582131084,-0.342510381437562,0.0806027655293463,0.0343465045592705,-0.107183526692067,0.323455627381309,0.405098677169399,0.583809238409179,-0.173992893531401,-0.0931717967378741,0.17375315724132,-0.242518943447922,0.166668093668393,0.0449462733849908,0.596900552249668,0.232993706922385,0.364707393295946,-0.0624127745194572,0.0789417355195,-0.275542617406567,-0.174138447707522,0.0204460807397577,0.105072991138319,-0.0274712102401644,-0.241872511665739,-0.217671989383107,-0.424744209940494,-0.201322830600625,0.203720193501434,0.296921957275568,-0.50796695064001,0.377233614452674,0.534787448092812,-0.297846654394452,-0.532184596943362,-0.511370349758123,-0.056569202448735,0.140960657562396,-0.303018108651911,-0.311798450276125,-0.102414486921529,-0.173825934329381,0.0953465473693223,-0.351449120253435,-0.211126332462862,0.226563637142001,0.0100732051885783,0.0749646817072649,-0.191420865619247,-0.0514876493000557,0.31305278479387,-0.187114174408151,-0.308283745023332,-0.236204460807398,0.238323558371506,0.05264352069866,0.41053555374802,-0.320548824864078,0.0455670191360932,0.582019778243932,0.61580547112462,0.0365298172010788,0.361423862322873,-0.328130485037887,-0.474784879489704,-0.167070508155315,-0.35793484310116,0.00865619247399289,0.205710860910142,0.00188792328438717,1,0.821747506314483,-0.228250353182927,0.346162078856115,0.301327111605805,-0.217659146367567,0.46580333062203,0.399023930818956,0.00898154886767413,-0.00245301596814932,0.151534740357036,-0.193766856457896,-0.0629564621773192,-0.133194914165846,-0.0296802089130528,-0.414735219829616,-0.388077400573655,-0.153812235112805,0.202414486921529,0.311186266535383,0.245134637612912,0.240690954236055,0.156993021961557,-0.05525921486365,0.106014812277923,0.572400359604435,-0.223378569288069,0.701673873025386,0.252793355879961,-0.453135836294362,0.486472023631149,0.00909713600753457,0.169968748662186,0.198279035917633,-0.0755768654480072,0.114611070679396,0.118202834025429,0.119701185838435,0.0985487392439745,0.371308703283531,0.180221756068325,-0.295915921058264,0.108356522111392,0.293137548696434,0.254129029496126,-0.484888051714543,-0.479048760649,-0.393034804572114,0.404456526392397,-0.202307461792029,0.245631234213793,-0.314465516503275,-0.065533627295689,-0.162254377327797,-0.139766257117171,-0.0117556402243247,-0.143490731623785,-0.269429342009504,-0.145725416327754,0.579990581788604,0.000368166445481399,0.256924525878676,-0.120026542232116,0.179690911426003,0.421948713557943,-0.160028254634188,-0.248897641166146,0.194537437390299,0.319405796481014,0.455631662314311,-0.3264138019607,0.155982704739073,0.415368808596258,-0.0296630848923327,-0.190025257930562
"Linolenic Acid",0.56316623143114,0.570777858641209,-0.311040712359262,0.0453786549081724,0.0462048889079156,0.537724217646303,-0.236525536195899,-0.0997003296373989,-0.12901665311015,0.295890235027184,0.355049445609829,0.541046277665996,0.240425531914894,-0.258906631277024,0.107294832826748,0.129222141358791,-0.363504430840361,-0.105406909542361,0.495928764073805,0.120775718138619,0.16322188449848,0.0772593004837536,0.0163791258187422,0.211276167644163,0.0480585641508626,0.116362001798022,0.0221884498480243,-0.0939937497324372,0.606074746350443,-0.210916563209041,0.209088573997175,0.266972045036174,0.654758337257588,0.314932146067897,-0.0315980992337001,0.0589109122822039,-0.0364013870456783,-0.0788133053640995,0.309739286784537,0.388214392739415,0.201018879232844,-0.288235797765315,-0.0972430326640695,-0.185868401900766,-0.366073033948371,0.163752729140802,0.48155314867931,0.544462519799649,-0.0110064643178218,-0.104199666081596,0.322278350956805,-0.0801318549595445,-0.0489618562438461,-0.0448135622244103,0.425870114302838,0.124983946230575,0.3631105783638,-0.223014683847767,0.172045036174494,-0.0975726700629308,-0.30267562823751,0.0797679695192431,-0.15270773577636,-0.017898882657648,-0.286103857185667,-0.172811336101717,-0.5209940494028,-0.049467014855088,0.267678410890877,0.263384562695321,-0.385046448906203,0.114324243332334,0.484605505372662,-0.287319662656792,-0.420095038314996,-0.410145982276639,-0.0177533284815275,0.312877263581489,-0.211986814504046,-0.277379168628794,-0.138011044993364,-0.308549167344492,-0.113587910441372,-0.258375786634702,-0.153842202149065,0.0774262596857742,-0.0790230746179203,0.303172224838392,-0.155049445609829,0.0422064300697804,0.147048246928379,-0.0847039684918019,-0.224885483111435,-0.138974271158868,0.100547968663042,0.205565306734021,0.30787276852605,-0.352108395051158,0.263829787234043,0.504995933045079,0.547155272057879,-0.153011687144141,0.294481784322959,-0.407688685303309,-0.418082965880389,-0.132719722590864,-0.36579904961685,-0.0571385761376771,0.083411104927437,-0.0127103043794683,0.821747506314483,1,-0.360940108737532,0.158602679909243,0.0875722419624128,-0.231906331606661,0.556209598013614,0.450828374502333,0.0514491202534355,0.0601780898154887,0.238344963397406,-0.251967121880217,-0.243413673530545,-0.00504302410205916,0.160143841774049,-0.35531486793099,-0.401922171325827,0.0898625797337215,0.406027655293463,0.479519671218802,0.103424804144013,0.146688642493257,0.255909927651012,-0.185906930947386,0.155614538293591,0.538430583501006,-0.0683933387559399,0.653619589879704,0.341881073676099,-0.288073119568475,0.365084121751787,0.048165589280363,0.372057879190034,0.307735776360289,0.0657391155443298,0.169258101802303,0.125638940023117,0.150404554989512,0.0619247399289353,0.345211695706152,0.153653837921144,-0.0491545014769468,0.279489704182542,0.167408707564536,0.28682734706109,-0.290932831028726,-0.498377499036774,-0.27114174408151,0.413592191446552,-0.149818057279849,0.137882614837964,-0.25514790872897,0.0109251252194015,-0.355597414272871,0.0439830472194871,-0.229949912239394,-0.147750331777901,-0.0999058178860397,-0.240857913438075,0.517997345776788,0.0806798236225866,0.304554989511537,-0.246791386617578,0.321923027526863,0.413429513249711,0.0391027013142686,-0.247206644120039,0.100214050259001,0.484001883642279,0.431379767969519,-0.206126118412603,0.179926366710904,0.423203048075688,0.0720107881330536,-0.116695920202063
"Lysine",-0.388732394366197,-0.342767241748362,0.175486964339227,-0.138404897469926,0.0884498480243161,-0.394396164219359,0.037891176848324,0.00461920458923755,-0.0622201292863564,-0.0528318849265808,-0.245913780555674,-0.346153516845755,-0.225531914893617,0.555028040583929,-0.065537908300869,-0.229423348602252,0.603112290765872,0.35272485979708,-0.297230189648529,-0.0870542403356308,-0.177327796566634,0.0950468770067212,0.0109251252194015,0.0161565135493814,0.224059249111691,-0.120189220428957,-0.0834367909585171,-0.139624983946231,-0.255734406438632,-0.108142471852391,-0.314247185239094,-0.00434950126289653,-0.423207329080868,0.00650712787362473,0.167002012072435,-0.187786292221414,-0.274027141572841,0.272156342309174,-0.0598270473907273,-0.425048161308275,-0.335587996061475,0.420441799734578,0.0483496725031037,-0.115266064471938,0.399721734663299,-0.278466543944518,-0.416430497880902,-0.32626824778458,0.0940836508412175,0.017094053683805,-0.158465687743482,0.134500620745751,-0.00437090628879661,-0.022881972687187,-0.242266364142301,-0.202923926537951,-0.046568774348217,-0.0337171967978081,-0.1843400830515,-0.130827518301297,0.309627980649857,-0.0374844813562224,-0.027621045421465,0.114401301425575,0.535425317864635,0.187743482169613,0.250712787362473,0.250648572284772,-0.388167301682435,-0.220437518729398,0.261154158996532,-0.0426773406395822,-0.450695663341753,0.298300440943534,0.251419153217175,0.247981506057622,0.32091699130956,-0.311083522411062,0.301232929491845,0.30275268633075,0.271895200993193,0.211802731281305,-0.0401429855730125,0.329967036260114,0.072901237210497,0.0997645447150991,0.270777858641209,-0.456072605847853,0.144920587353911,-0.143015540048803,-0.061042852861852,-0.0994391883214179,0.374763474463804,0.0739800505158611,-0.0585727128729826,-0.0414315681321974,0.146007962669635,0.347857356907402,-0.345477118027313,-0.370756453615309,-0.364245044736504,0.309623699644677,-0.0483710775290038,0.133528832569887,-0.000145554176120553,0.0674301125904362,0.429175050301811,-0.203202191874652,-0.146461749218717,0.0845841003467614,-0.228250353182927,-0.360940108737532,1,-0.178547883042938,-0.0812235112804486,0.257078642065157,-0.310270131426859,-0.300946102144784,-0.0791643477888608,-0.0503060918703712,-0.289952480842502,0.254338798749946,0.0308403613168372,-0.0685645789631406,-0.0141572841303138,0.627860781711546,0.629838606104713,-0.364013870456783,-0.218917761890492,-0.402988141615651,-0.0322188449848024,0.198189134808853,-0.494194956975898,0.0440387002868273,-0.023947942977011,-0.303176505843572,-0.354227492615266,-0.357112890106597,-0.146457468213537,0.229564621773192,-0.164724517316666,0.00788561154158996,-0.159257673701785,-0.250503018108652,-0.0348002911083522,0.00619461449548354,-0.0966394109336872,0.0620916991309559,0.315514362772379,-0.309503831499636,-0.0254420137848367,0.0397576951068111,-0.483513849051757,-0.22632390085192,-0.158979408365084,0.0966736589751274,0.237236183055781,0.0967378740528276,-0.156290937112034,0.104340939252536,-0.231812149492701,0.184798150605762,0.135365383792114,0.287088488377071,0.0596900552249668,-0.104884626910399,-0.0695449291493643,0.107102187593647,0.293856757566677,-0.489237552977439,-0.0616165075559741,-0.440117299541932,0.106190333490304,-0.278650627167259,-0.183038657476776,-0.0137291836123122,0.135010060362173,-0.140536838049574,-0.519499978594974,-0.435074275439873,0.21048846269104,-0.209692195727557,-0.0540605334132454,-0.0856928806883856,0.129200736332891
"Maleic Acid",0.335228391626354,0.599456312342138,-0.683834924440259,-0.292615266064472,-0.0843914551136607,0.186570486750289,-0.310788133053641,0.283873453486879,0.654034847382165,0.262819470011559,0.53415814033135,0.0250353182927351,0.723853760863051,-0.227531144312685,-0.157027270002997,0.658435720707222,-0.354013442356265,-0.116952780512864,-0.0262639667793998,0.0428485808467828,-0.158440001712402,-0.250961085662914,0.20001712402072,-0.0791515047733208,-0.0206686930091185,-0.116062331435421,0.354013442356265,0.379845027612483,0.10522282631962,0.579729440472623,-0.272965452288197,-0.299071021875936,0.341418725116657,0.222051457682264,-0.642411918318421,-0.208848837707094,-0.166757994777174,0.0320176377413417,-0.240151547583373,0.633610171668308,-0.258341538593262,-0.470486750288968,0.475701014598228,0.627835095680466,-0.174750631448264,0.784798150605762,0.480170384006165,0.640489746992594,-0.406691211096365,-0.220266278522197,-0.187191232501391,-0.380932402928208,0.627094481784323,0.343276681364784,0.685637227621045,0.718892075859412,0.228554304550709,0.484233057922,-0.312115244659446,-0.440194357635173,-0.159788518344107,-0.142745836722462,0.561762061732095,-0.357622329723019,-0.346350443084036,-0.168928464403442,-0.182768954150435,-0.219589879703754,0.00529988441286014,0.473513420951239,-0.530878890363457,0.219315895372233,0.329320604477931,-0.109191318121495,-0.492551050986772,-0.467267434393596,-0.424508754655593,-0.024487349629693,-0.595372233400402,-0.506644120039385,-0.0982619118969134,-0.189935356821782,0.737865490817244,-0.619773962926495,-0.0762489832612697,-0.192465430883171,0.0603279249967892,-0.122265507941265,-0.0801147309388244,0.00911426002825463,0.436281518900638,-0.265644933430369,-0.487114174408151,-0.153474035703583,0.635840575367096,-0.00709790658846697,0.233901280020549,-0.437445952309602,-0.137005008776061,0.488681022304037,0.514037415985273,0.00622886253692367,0.137069223853761,-0.0359690055224967,-0.311999657519586,-0.287332505672332,-0.347159553063059,0.160370735048589,-0.0407337642878548,-0.293103300654994,0.346162078856115,0.158602679909243,-0.178547883042938,1,0.325566162935057,-0.48675028896785,0.107016567490047,0.0819427201506914,-0.0182627680979494,-0.341808296588039,0.235335416755854,0.183090029538936,0.361000042810052,-0.467652724859797,-0.240896442484695,-0.457472494541718,-0.337386018237082,-0.23696219872426,-0.0311057836379982,0.182811764202235,0.264138019607004,0.0395350828374502,-0.119880988055996,0.167250310372876,-0.11830129714457,0.614123036088874,-0.157600924697119,0.557108609101417,0.0608245215976711,-0.655075131640909,0.669587739201164,-0.204627766599598,-0.164900038529047,-0.117800419538508,-0.313463761291151,-0.103018108651911,0.146607303394837,0.101943576351727,-0.235712145211696,0.608322274069952,0.0885354681279164,-0.650661415300313,-0.103972772807055,0.593471467100475,0.21046705766514,-0.360828802602851,-0.161175564022432,-0.670576651397748,0.38955862836594,-0.648953294233486,0.290157969091143,-0.461355366239993,0.0387388158739672,0.0667109037201935,-0.314769467871056,0.611652896100004,0.126097007577379,-0.643186780256004,0.228207543131127,0.525185153474036,-0.338824435977568,0.0885055010916563,0.42097692538208,-0.251123763859754,0.425300740613896,-0.670730767584229,-0.13420095038315,-0.111742797208785,-0.0918960571942292,0.671557001583972,-0.459249111691425,-0.0930476475876536,0.387846226293934,-0.0697204503617449,-0.116340596772122
"Margaric Acid",0.128597114602509,0.274403870028683,-0.30525279335588,-0.235275482683334,-0.0213707778586412,0.0869729012372105,-0.0290380581360503,0.197808125347832,0.337039256817501,0.194323387131298,0.269463590050944,0.0274712102401644,0.493270259857014,-0.260875893659831,0.051842972729997,0.369891690568946,-0.254621345091828,-0.118151461963269,0.107222055738687,-0.0680508583415386,-0.108998672888394,0.00253863607174965,0.198565863264695,-0.0602765529346291,-0.104576394537437,-0.0776745579862152,0.0879874994648743,0.0903334903035233,0.225424889764117,0.273068196412518,-0.162061732094696,0.00785564450532985,0.180491459394666,0.133438931461107,-0.272391797594075,0.0138576137677127,0.127680979493985,-0.0989682777516161,-0.0698231944860653,0.329282075431311,-0.149454171839548,-0.109084292991995,0.151235069994435,0.371698274754912,0.157416841474378,0.329564621773192,0.105689455884242,0.287482340853632,-0.390877177961385,0.068945588424162,-0.169707607346205,-0.290496168500364,0.420908429299199,0.0864506186052485,0.41046277665996,0.252913224025001,0.10532985144912,0.176604306691211,-0.0843700500877606,-0.29222569459309,0.0405924911169143,-0.185162036046064,0.416075174450961,0.0156427929277794,-0.19740999186609,-0.125364955691596,-0.0868658761077101,-0.113570786420652,0.235052870413973,0.306686930091185,-0.467832527077358,0.352211139175478,0.383231302709876,-0.256475020334775,-0.451551864377756,-0.451243632004795,-0.0106126118412603,-0.0135065713429513,-0.215505800762019,-0.253302795496383,0.0731067254591378,0.166282803202192,0.369489276082024,-0.269309473864463,-0.187563679952053,0.0114645318720836,0.0699858726829059,-0.0713343893146111,-0.109319748276895,0.0652467999486279,0.261325399203733,-0.0866732308746094,-0.171569844599512,-0.219118969133953,0.237784151718824,-0.0750374587953251,0.308236653966351,-0.111237638597543,-0.15526349586883,0.245849565477974,0.214504045549895,0.087906160366454,0.326058478530759,-0.0925210839505116,-0.324872640095895,-0.161697846654394,-0.143276681364784,0.1104756196755,0.170075773791686,0.0969390812962884,0.301327111605805,0.0875722419624128,-0.0812235112804486,0.325566162935057,1,-0.121396463889721,0.220882743268119,0.0530245301596815,-0.102435891947429,-0.0508283745023331,-0.0742668778629222,0.0469412217988784,0.14480071920887,-0.17884327240036,-0.243871741084807,-0.37630035532343,-0.216867160409264,-0.0473479172909799,-0.073153816516118,-0.040793698360375,0.246136392825035,0.276163363157669,0.0198082109679353,0.0862280063358877,0.0782824607217775,0.257729354852519,-0.257421122479558,0.305483967635601,0.067374459523096,-0.375825163748448,0.328554304550709,0.0573954364484781,-0.0648657904876065,-0.107504602080569,-0.0290509011515904,-0.134950126289653,0.135391069823194,-0.0710133139261099,-0.305120082195299,0.237647159553063,0.026058478530759,-0.375816601738088,-0.152446594460379,0.304263881159296,0.138832997987928,-0.188304293848196,-0.175123078898925,-0.19727299970033,0.227608202405925,-0.154441542874267,0.216109422492401,-0.289699901536881,-0.0938096665096965,0.0677255019478574,-0.0743567789717026,0.311396035789203,-0.00368594545999401,-0.261967549980735,-0.0916434778886082,0.31567275996404,-0.143422235540905,0.243049788090244,0.00240592491116914,-0.0954321674729226,0.244462519799649,-0.348272614409863,-0.0638083822081425,0.146213450918276,0.0904062673915836,0.225536195898797,-0.230476475876536,0.212051029581746,0.355905646645832,0.0308103942805771,-0.0714242904233914
"Methionine",-0.479630977353483,-0.570255576009247,0.499156641979537,0.0749389956761848,-0.0560897298685731,-0.269806070465345,0.376822637955392,-0.0455969861723533,-0.369733293377285,-0.311413159809923,-0.345382935913352,-0.165251080953808,-0.438002482983004,0.0174536581189263,0.101339954621345,-0.24468941307419,0.333965495098249,0.00748747805984845,-0.0014469797508455,0.170824949698189,-0.101134466372704,0.240588210111734,0.116045207414701,-0.0537009289781241,0.0741341667023417,-0.0124662870842074,-0.0508883085748534,-0.222038614666724,-0.240391283873453,-0.393214606789674,0.0770024401729526,0.233212038186566,-0.258525621816002,-0.303099447750332,0.458260199494841,0.18145468556017,0.0230788989254677,-0.0749389956761848,0.0432167472922642,-0.522149920801404,0.169352283916264,0.409675071706837,-0.344582387944689,-0.44204375187294,0.300629307761462,-0.558020463204761,-0.491596386831628,-0.602752686330751,0.150515861124192,0.318990538978552,-0.0422149920801404,0.167421550580076,-0.347904447964382,-0.220951239351,-0.429239265379511,-0.499263667109037,-0.253974913309645,-0.251290723061775,0.359998287597928,0.0357635172738559,0.236414230061218,0.136495569159639,-0.28955434736076,0.361355366239993,0.249291493642707,-0.0139175478402329,0.333152104114046,-0.0481142172182028,0.087105612397791,-0.433143542103686,0.341508626225438,0.0243674814846526,-0.243520698660045,0.0176548653623871,0.340421250909714,0.308386489147652,0.332916648829145,-0.188355665910356,0.400967507170684,0.342711588681022,0.216648829145083,0.199169484995077,-0.452035617963098,0.43144398304722,0.0665054154715527,0.385025043880303,-0.0280791129757267,-0.235074275439873,-0.0766043066912111,-0.0312641808296588,-0.181891348088531,0.477336358576994,0.243477888608245,0.085530202491545,-0.353161522325442,0.0514790872896956,-0.0452159767113318,0.479361274027142,-0.236975041739801,-0.546089301768055,-0.54730510723918,0.387131298428871,0.0811807012286485,0.0334560554818271,0.267644162849437,0.225026756282375,0.458808168157884,0.01316409092855,-0.0265079840746607,0.499803073761719,-0.217659146367567,-0.231906331606661,0.257078642065157,-0.48675028896785,-0.121396463889721,1,-0.158221670448221,-0.0882400787704953,0.0375743824650028,0.311845541333105,-0.342822894815703,-0.102324585812749,-0.22619547069652,0.428699858726829,0.0817029838606105,0.357296973329338,0.36842758679738,0.0187122736418511,-0.228532899524808,-0.348020035104242,0.00345905218545314,0.0459094995504945,-0.0342608844556702,-0.135951881501777,0.0158953722334004,-0.57619761119911,-0.26590607474635,-0.487769168200694,-0.066843614880774,0.461676441628494,-0.442330579220001,0.452943191061261,0.120214906460037,-0.081056552078428,0.298998244787876,0.169763260413545,-0.20008133909842,-0.0586412089558628,0.264052399503403,-0.602384519885269,-0.153054497195942,0.376501562566891,-0.232822466715185,-0.471771051842973,-0.116999871569845,0.274900466629565,0.291236782396507,0.589991009889122,-0.350520142129372,0.574609358277324,-0.124273299370692,0.288145896656535,-0.0720621601952138,0.126486579048761,0.335022903377713,-0.390393424376044,-0.198561582259515,0.465940322787791,-0.250824093497153,-0.393993749732437,0.459065028468684,0.100586497709662,-0.399366411233358,0.192735134209512,-0.319761119910955,0.285817029838606,0.175945031893489,0.0477417697675414,0.0783038657476776,-0.602140502590008,0.38685303309217,0.246551650327497,-0.226734877349202,0.0269874566548226,0.0101417012714585
"Myristic Acid",0.434547711802731,0.375589708463547,-0.303386275097393,0.176728455841432,0.253144398304722,0.500971788175864,-0.114217218202834,-0.0904276724174836,-0.0522796352583587,0.260238023888009,0.379442613125562,0.500843358020463,0.280016267819684,-0.285560169527805,0.05261783466758,0.333096451046706,-0.543289524380325,-0.149531229932788,0.444920587353911,0.233310501305707,0.375375658204546,0.114007448949013,0.0738516203604606,0.349368551735948,-0.181150734192388,0.043935956162507,-0.0750674258315853,-0.185525921486365,0.525553319919517,-0.214422706451475,0.308527762318592,0.278749090286399,0.528301725245088,0.277387730639154,-0.0357121452116957,0.159574468085106,0.163397405710861,-0.36832484267306,0.292632390085192,0.324483068624513,0.333477460507727,-0.283834924440259,-0.137266150092042,-0.180101887923284,-0.227385590136564,0.163992465430883,0.426786249411362,0.36039642107967,-0.196870585213408,-0.0187336786677512,0.13408536324329,-0.215227535425318,-0.0643135408193844,-0.0772678624941136,0.34201806584186,0.168204974528019,0.323087460935828,-0.250524423134552,0.118048717838949,-0.0369279506828203,-0.273834496339741,0.184776745579862,0.0358919474292564,0.172370392568175,-0.511528746949784,-0.137197654009161,-0.405548182713301,0.181428999529089,0.231084378612098,0.230720493171797,-0.476852604991652,0.196451046705766,0.393004837535853,-0.408660473479173,-0.495933045078985,-0.505967721220943,-0.0331735091399461,0.316871441414444,-0.219187465216833,-0.243841774048547,-0.0368851406310202,-0.238982833169228,-0.0893873881587397,-0.230429384819556,-0.222706451474806,-0.0798064985658633,-0.183603750160538,0.362143071193116,-0.123549809495269,0.174853375572584,0.152074147009718,-0.150926837621474,-0.112256517830387,-0.210103172224838,0.0680936683933388,0.249698189134809,0.213771993664112,-0.296134252322445,0.26042638811593,0.533194914165846,0.487195513506571,-0.0858255918489661,0.245661201250054,-0.278667751187979,-0.163427372747121,-0.189991009889122,-0.395248084250182,-0.0566334175264352,0.239727728070551,0.00696519542788647,0.46580333062203,0.556209598013614,-0.310270131426859,0.107016567490047,0.220882743268119,-0.158221670448221,1,0.347549124534441,0.138931461107068,0.0524209084292992,0.234470653709491,-0.192670919131812,-0.343700500877606,0.00629307761462391,0.328699858726829,-0.320227749475577,-0.40777002440173,0.206173209469583,0.284066098719979,0.481724388886511,-0.0218588124491631,0.16836337171968,0.135198424590094,-0.284853803673102,0.180431525322146,0.348585127788005,0.0365383792114388,0.497649728156171,0.361723532685475,-0.290059505972002,0.252266792242819,0.107722933344749,0.254621345091828,0.100291108352241,0.0866261398176292,0.115206130399418,0.181060833083608,0.174172695748962,-0.18412175178732,0.339723447065371,0.076591463675671,-0.0584571257331221,0.248833426088446,0.119041911040712,0.286236568346248,-0.273988612526221,-0.430086904405154,-0.0948799178047005,0.383436790958517,0.0587610771009033,0.293094738644634,-0.227436962198724,-0.11578406609872,-0.467738344963397,-0.0455841431568132,-0.209144227064515,-0.0254591378055567,-0.0646731452545058,-0.168089387388159,0.455755811464532,0.108634787448093,0.295350828374502,-0.316665953165803,0.368145040455499,0.384044693694079,-0.114474078513635,-0.251149449890834,0.240335630806113,0.604691981677298,0.392465430883171,-0.198527334218074,0.182362258658333,0.362823751016739,0.207526007106469,0.143328053426945
"N-Ac-Alanine",0.430690526135537,0.398086390684533,-0.213707778586412,0.121550580076202,0.11584400017124,0.627950682820326,-0.269360845926624,-0.0235754955263496,-0.0243417954535725,0.41306990881459,0.227672417483625,0.606138961428143,0.232689755554604,-0.214769467871056,0.299353568217818,0.254313112718866,-0.319773962926495,0.0751658889507256,0.546513121280877,0.0601652467999486,0.206357292692324,0.22621259471724,-0.0242262083137121,0.269155357677983,-0.142583158525622,0.0475576865448007,-0.0338413459480286,-0.0773021105355537,0.390149407080783,-0.162579733721478,0.255708720407552,0.267395864548996,0.682786078171155,0.166775118797894,-0.0411918318421165,-0.0725501947857357,0.277314953551094,0.00729911383192774,0.159163491587825,0.349526948927608,0.154805428314568,-0.237844085791344,-0.138019607003724,-0.110779571043281,-0.0776574339654951,0.159788518344107,0.400522282631962,0.3526135536624,-0.270366882143927,0.0206943790401986,0.335746393253136,-0.239826191189691,-0.117252450875466,-0.0320518857827818,0.36582473564793,0.222530930262426,0.530489318892076,-0.173033948371078,0.132950896870585,-0.240040241448692,-0.414084507042254,-0.0263923969348003,-0.130442227835096,0.190380581360503,-0.256667665567875,0.00564236482726144,-0.508694721520613,-0.0838049574039985,0.331914893617021,0.283830643435079,-0.476989597157413,0.059737146281947,0.469596301211524,-0.187901879361274,-0.506507127873625,-0.506014812277923,-0.0655550323215891,0.337082066869301,-0.245061860524851,-0.340468341966694,-0.149770966222869,-0.106990881458967,-0.0306006250267563,-0.283085748533756,-0.542771522753543,-0.139761976111991,0.0177704525022475,0.433045078984546,0.032116100860482,0.0823536966479729,-0.0706836765272486,-0.0618819298771352,-0.212140930690526,-0.510398561582259,0.139239693480029,0.223485594417569,0.158713986043923,-0.173290808681879,0.398240506871013,0.428203262125947,0.445956590607475,-0.219949484138876,0.290294961256903,-0.35521212380667,-0.108677597499893,-0.115591420865619,-0.411866946359005,-0.209114260028255,0.0396121409306905,0.0200993193201764,0.399023930818956,0.450828374502333,-0.300946102144784,0.0819427201506914,0.0530245301596815,-0.0882400787704953,0.347549124534441,1,0.107367609914808,0.235652211139176,0.267918147180958,-0.238815873967207,-0.0582088274326812,-0.0576522967592791,0.214080226037073,-0.184879489704183,-0.312500535125648,0.172764245044737,0.306524251894345,0.405603835780641,0.0138105227107325,0.23679523952224,0.24727085919774,-0.0595188150177662,0.0183911982533499,0.34987799135237,-0.142788646774263,0.506943790401986,0.338079541076245,-0.411562994991224,0.179493985187722,0.100946102144784,0.287105612397791,0.300184083222741,0.221524894045122,0.415617106896699,0.0853418382636243,0.38428014897898,-0.10521854531444,0.219589879703754,0.421233785692881,-0.128584271586969,0.268556016952781,0.211961128472965,0.315261783466758,-0.399837321803159,-0.527651012457725,-0.16581189263239,0.256569202448735,-0.0983346889849737,0.183372575880817,-0.2579904961685,0.0723532685474549,-0.33696647972944,0.0122607988355666,-0.157275568303438,-0.387161265465131,-0.0735990410548397,-0.0223425660345049,0.540237167686973,0.159069309473864,0.318793612740271,-0.201280020548825,0.13934671860953,0.260880174665011,-0.0267562823751017,-0.38685731409735,0.0620660130998759,0.411640053084464,0.325938610385719,-0.422526649257246,0.14467228905347,0.299310758166017,0.0454942420480329,0.171664026713472
"N-Ac-Arginine",0.0913609315467272,0.000500877606061903,-0.0794254891048418,0.0575666766556788,-0.0319277366325613,0.213823365726273,0.206425788775204,-0.137480200351042,0.00109593732608416,0.00800976069181044,0.0941350229033777,0.196814932146068,0.0678196840618177,-0.102324585812749,0.27622329723019,-0.032642664497624,-0.0794126460893018,0.00875465559313327,0.178261055695877,0.152005650926838,0.170217046962627,-0.100325356393681,0.0586326469455028,0.415184725373518,-0.364463376000685,-0.0207115030609187,-0.00819384391455114,-0.149252964596087,0.204062673915835,-0.0866561068538893,0.0472622971873796,0.0504516460464917,0.0771565563594332,-0.0759450318934886,0.118613810522711,0.262284344364057,-0.0369193886724603,-0.205916349158782,-0.0585598698574425,0.0415000642150777,0.0904062673915836,-0.335994691553577,-0.108236653966351,-0.0606490003852905,0.0333276253264266,-0.0579862151633204,-0.0296331178560726,0.00705081553148679,-0.223040369878848,0.0372490260713215,0.150674258315853,-0.198257630891733,0.00246157797850935,-0.0787790573226594,0.0559356136820926,-0.0885140631020164,0.0041054839676356,-0.0864720236311486,0.416987028554305,-0.0798878376642836,-0.18691724816987,0.201755212123807,-0.0780256004109765,0.106511408878805,-0.0805471124620061,-0.207350485894088,-0.133554518600968,-0.0848152746264823,0.212598998244788,0.0633974057108609,-0.156860310800976,0.042630249582602,0.105894944132882,-0.194481784322959,-0.159505972002226,-0.161445267348773,-0.00496168500363885,0.356316623143114,-0.214058821011173,-0.18149321460679,0.0334517744766471,-0.360833083608031,0.0281304850378869,-0.148807740057365,-0.11847253735177,0.0489104841816859,0.126948927608202,0.121858812449163,-0.206742583158526,0.180731195684747,-0.0141144740785136,0.161051414872212,-0.256851748790616,-0.088428442998416,0.00232030480756882,0.0356350871184554,0.192294190675971,0.0530416541804016,0.0185239094139304,-0.0452973158097521,-0.0458410034676142,0.127162977867203,0.186497709662229,-0.128524337514448,-0.0651526178346676,0.0732308746093583,-0.24205659488848,-0.0217817543559228,0.104015582858855,0.245113232587011,0.00898154886767413,0.0514491202534355,-0.0791643477888608,-0.0182627680979494,-0.102435891947429,0.0375743824650028,0.138931461107068,0.107367609914808,1,-0.138070979065885,-0.0178089815488677,-0.264634616207886,0.0419495697589794,0.213904704824693,0.198030737617193,0.0647202363114859,-0.00754741213236868,0.0377755897084636,0.318001626781968,0.199079583886297,-0.10800547968663,-0.0791258187422407,0.172828460122437,-0.319966608159596,-0.148722119953765,0.0138661757780727,-0.0741427287127017,0.00879318463975341,0.00203775846568774,-0.0903805813605034,0.0382036902264652,0.237047818827861,-0.0380966650969648,0.0454043409392525,0.0570358320133567,-0.00480328781197825,-0.0221327967806841,0.19216147951539,-0.365229675927908,-0.0690654565692024,-0.0100518001626782,0.0181257759321889,0.0482298043580633,0.0239265379511109,0.214944989083437,-0.164626054197526,-0.174301125904362,0.147724645746821,0.0825634659017938,0.0596044351213665,0.104516460464917,-0.111276167644163,-0.101224367481485,-0.195950169099705,-0.0582345134637613,-0.0487777730211054,-0.147039684918019,-0.114795153902136,-0.0193843914551137,0.119320176377413,0.109259814204375,0.300911854103343,-0.173547668992679,0.187833383278394,0.106584185966865,0.141183269831756,-0.108506357292692,0.116370563808382,0.35787062802346,-0.0178261055695877,0.0611670020120724,0.308185281904191,0.187165546470311,0.193034804572114,-0.0270217046962627
"N-Ac-L-Glutamine",-0.281339098420309,-0.174510895158183,0.203626011387474,0.0388672460293677,-0.0116143670533841,0.0569630549252965,0.221400744894901,-0.170461064257888,-0.291784751059549,0.196943362301468,-0.115060576223297,0.148520912710304,-0.150434522025772,-0.130288111648615,0.171462819470012,-0.0570486750288968,-0.0141958131769339,0.0758422877691682,0.121396463889721,-0.0108309431054412,-0.0375315724132026,0.0649300055653067,-0.0707393295945888,0.0619675499807355,-0.0324971103215035,-0.157630891733379,-0.196288368508926,-0.179254248897641,0.0227877905732266,-0.331923455627381,0.195958731110065,0.129907102187594,0.0308232372961171,0.0096322616550366,0.241050558671176,-0.0167344492486836,0.241363072049317,0.0260670405411191,0.277199366411233,-0.269985872682906,-0.0629607431824993,0.388796609443897,-0.151543302367396,-0.326349586883,0.0367395864548996,-0.321995804614924,-0.17639453743739,-0.191801875080269,-0.00422535211267606,0.0336230146838478,0.0220300526563637,-0.00249154501476947,-0.305068710133139,-0.182589151932874,-0.166599597585513,-0.236028939595017,-0.0288882229547498,-0.296934800291108,0.146444625197997,0.0793099019649814,0.115385932616978,-0.0899481998373218,-0.194387602208999,0.335468127916435,-0.0243888865105527,0.0312770238451988,0.055528918189991,-0.00839933216319192,0.154831114345648,-0.134504901750931,-0.0375058863821225,0.0177704525022475,0.0241277451945717,-0.0652853289952481,-0.0549852305321289,-0.0797808125347832,0.306061903334903,-0.119821053983475,0.182054026285372,0.161552292478274,0.159574468085106,0.338190847210925,-0.352797636885141,0.232000513720622,-0.0558414315681322,0.0769639111263325,-0.0506228862536924,0.101738088103087,-0.00773149535510938,-0.0553063059206302,0.0322616550366026,0.391176848323986,0.132724003596044,-0.0362087418125776,-0.213652125519072,0.105950597200223,-0.0039727728070551,0.280898154886767,0.0254676998159168,-0.106588466972045,-0.103527548268333,-0.0445267348773492,0.0733550237595788,0.0948028597114602,0.0885269061175564,0.0358619803929963,0.0405753670961942,-0.12623828074832,0.181814289995291,0.18947728926752,-0.00245301596814932,0.0601780898154887,-0.0503060918703712,-0.341808296588039,-0.0508283745023331,0.311845541333105,0.0524209084292992,0.235652211139176,-0.138070979065885,1,-0.241260327924997,0.0388372789931076,-0.183667965238238,0.138456269532086,0.0190932831028726,-0.0399374973243718,-0.0741898197696819,0.137591506485723,-0.00521854531443983,-0.114080226037074,-0.166128687015711,0.12375101673873,0.0232030480756882,-0.12891818999101,0.213318207115031,-0.163936812363543,0.0103215034890192,-0.138392054454386,0.0812106682649086,0.208523481313412,-0.159291921743225,0.0697632604135451,0.074990367738345,-0.0496596600881887,0.219315895372233,0.609388244359776,-0.235519499978595,0.107684404298129,0.209923370007278,-0.250460208056852,-0.0617021276595745,0.21839119825335,-0.00469198167729783,-0.141953850764159,-0.03422235540905,-0.0190162250096323,-0.021841688428443,0.202170469626268,-0.163016396249839,0.396151376343165,-0.161770623742455,0.0513763431653752,0.0998287597927994,-0.161774904747635,0.230964510467058,-0.334907316237853,-0.119666937796995,0.179202876835481,-0.220951239351,-0.0492658076116272,0.40524423134552,0.142818613810523,-0.425424889764117,0.057643734748919,-0.125801618219958,0.204422278350957,0.0180144697975085,0.204105483967636,0.165161179845028,-0.262549766685218,0.00122864848666467,0.167721220942677,0.0310372875551179,0.00229461877648872,0.0756325185153474
"N-Ac-Phenylalanine",0.587525150905433,0.470020120724346,-0.298856971616936,0.309002953893574,0.20793698360375,0.265649214435549,-0.31054411575838,0.0653752301040284,0.0930005565306734,0.00194357635172739,0.26052057022989,0.191634915878248,0.206819641251766,-0.0901194400445225,-0.0111648615094824,0.24483924825549,-0.408527762318592,0.067365897512736,0.0541418725116657,0.139124106340169,0.276856885996832,-0.0948713557943405,0.0492700886168072,0.109328310287255,-0.120732908086819,0.104041268889935,0.174746350443084,0.267592790787277,0.209880559955478,-0.00786420651568988,0.133477460507727,-0.0661586540519714,0.33165803330622,-0.0877349201592534,-0.335724988227236,0.141872511665739,-0.107650156256689,-0.0316066612440601,-0.228571428571429,0.353414101631063,0.240648144184254,-0.3474506614153,0.204965966008819,0.043944518172867,-0.324825549038914,0.417749047476347,0.635476689926795,0.466081595958731,-0.145733978338114,-0.198904062673916,0.0803287811978253,-0.23676527248598,-0.0651654608502076,0.087353910698232,0.316653110150263,0.311961128472965,0.220060790273556,-0.00976925382079712,-0.203775846568774,-0.110360032535639,-0.42363542959887,0.178526478017038,0.00175521212380667,-0.111969690483325,-0.39214863649985,0.12895243803245,-0.217916006678368,0.0916477588937883,0.132090414829402,0.0978124063530117,-0.198022175606832,-0.0475619675499807,0.060255147908729,-0.15793912410634,-0.187319662656792,-0.175153045935186,-0.259257673701785,0.415047733207757,-0.321259471723961,-0.295731837835524,-0.191065542189306,-0.353850764159425,0.0877306391540734,-0.320724346076459,-0.0693394409007235,-0.383873453486879,-0.15782781797166,0.0721263752729141,0.190003852904662,0.0915278907487478,-0.173183783552378,-0.382995847424975,-0.295209555203562,-0.0780855344834967,0.198142043751873,0.273423519842459,-0.057356907401858,-0.426978894644463,0.16042210711075,0.43959073590479,0.452382379382679,-0.183663684233058,-0.0784622629393382,-0.118870670833512,0.0367053384134595,-0.125035318292735,-0.329997003296374,-0.0765443726186909,-0.0607645875251509,-0.424316109422492,0.151534740357036,0.238344963397406,-0.289952480842502,0.235335416755854,-0.0742668778629222,-0.342822894815703,0.234470653709491,0.267918147180958,-0.0178089815488677,-0.241260327924997,1,-0.0388800890449077,-0.100393852476562,-0.208639068453273,0.257596643691939,-0.0973500577935699,-0.373997174536581,-0.00364741641337386,0.157142857142857,0.678171154587097,-0.012363542959887,-0.0630206772550195,0.0767370178517916,-0.119303052356693,0.00498309002953894,0.453949227278565,0.149017509311186,0.453739458024744,0.226152660644719,-0.365109807782867,0.315176163363158,-0.233096451046706,-0.0707050815531487,0.16582045464275,-0.290954236054626,0.00166103000984631,0.434843101160152,0.251346376129115,-0.200440943533542,0.64737360332206,0.106789674215506,-0.178398047861638,0.398005051586112,0.101626781968406,0.244402585727129,-0.125052442313455,-0.196369707607346,-0.341795453572499,0.290564664583244,-0.305620959801361,0.13432938053855,-0.103501862237253,0.0545656920244873,-0.256740442655936,-0.090787276852605,0.00496596600881887,0.101391326683505,-0.0841688428442998,0.0748961856243846,0.305813605034462,-0.202170469626268,0.00708934457810694,0.184909456740443,-0.0437133438931461,0.272374673573355,-0.243495012628965,-0.190453358448564,-0.106203176505844,0.0647716083736461,0.659270516717325,-0.234701827989212,-0.175375658204546,0.14995504944561,0.0601010317222484,0.124157712230832
"N-Acetyl-Aspartate (NAA)",-0.165182584870928,0.0819641251765915,-0.276167644162849,-0.15775932188878,-0.112808767498609,-0.344034419281647,-0.03421379339869,0.0529089430198211,0.228186138105227,0.059476004965966,0.0940836508412175,-0.39473436362858,0.0861295432167473,0.14471938011045,-0.276651397748191,0.00821524894045122,0.104704824692838,0.260088188706708,-0.529962755254934,-0.258581274883343,-0.356796095723276,-0.256556359433195,0.0220086476304636,-0.291904619204589,0.0297101759493129,-0.0445609829187893,0.307354766899268,0.371912325013913,-0.135356821781754,0.362138790187936,-0.256295218117214,-0.332103257844942,-0.19746564493343,0.0175007491759065,-0.300766299927223,-0.0910098891219658,-0.211991095509226,0.239642107966951,-0.247874480928122,0.0106254548568004,-0.321636200179802,0.0455670191360932,0.536332890962798,0.311002183312642,-0.0147138148037159,0.230960229461878,0.0422535211267606,0.123532685474549,-0.106900980350186,-0.219979451175136,-0.393274540862194,-0.145181728669892,0.199443469326598,0.121854531443983,0.158598398904063,0.0714970675114517,0.0336187336786678,0.259077871484224,-0.329453315638512,-0.209084292991995,0.303210753885012,-0.244205659488848,0.251902906802517,-0.122252664925725,0.0586412089558628,-0.0772164904319534,0.182683334046834,-0.242638811592962,-0.188809452459437,0.0305963440215763,-0.0751316409092855,0.0366882143927394,-0.208296588038872,0.133237724217646,-0.0532599854445824,-0.0439744852091271,0.0775632518515347,-0.173526263966779,-0.050798407466073,0.0169099704610643,0.248157027270003,0.0578021319405796,0.295218117213922,-0.0523823793826791,0.158328695577722,-0.189036345733978,0.0108395051158012,-0.287118455413331,-0.0617749047476347,-0.131020163534398,0.193069052613554,-0.185650070636585,-0.0980093325912924,0.115069138233657,0.209773534825977,0.0386531957703669,0.21065114088788,-0.0834881630206773,-0.375221542018066,-0.116999871569845,-0.100513720621602,0.00935827732351556,-0.241474378183998,0.180243161094225,-0.195479258529903,-0.291617791857528,0.135579434051115,0.0591806156085449,0.0140502590008134,-0.252502247527719,-0.193766856457896,-0.251967121880217,0.254338798749946,0.183090029538936,0.0469412217988784,-0.102324585812749,-0.192670919131812,-0.238815873967207,-0.264634616207886,0.0388372789931076,-0.0388800890449077,1,0.195590564664583,-0.278753371291579,-0.399773106725459,0.00701228648486665,0.173239436619718,-0.232925210839505,-0.309127103043795,-0.265623528404469,0.0699345006207457,0.0449848024316109,-0.287970375444154,0.130724774176977,0.0778329551778758,0.13159381822852,-0.0290765871826705,-0.134042553191489,0.116931375486964,-0.0741684147437818,0.121550580076202,-0.193193201763774,-0.139916092298472,-0.262506956633417,-0.419517102615694,0.0873881587396721,0.0411704268162164,0.0338584699687487,0.0108951581831414,0.117971659745708,-0.0764501905047305,-0.313986043923113,-0.283158525621816,0.116563209041483,0.0744124320390428,-0.00905432595573441,0.166077314953551,-0.332711160580504,-0.0100261141315981,-0.242814332805343,0.088154458666895,0.0433580204632048,0.125035318292735,0.269044051543302,-0.362716725887238,0.355927051671733,0.246684361488077,-0.305693736889422,0.369557772164904,-0.084485637227621,-0.134898754227493,-0.176167644162849,0.218686587610771,-0.279541076244702,0.0135665054154716,-0.344364056680509,0.244929149364271,-0.0412603279249968,-0.401943576351727,0.037099190890021,-0.187645019050473,-0.27102187593647,0.13414957832099,-0.123267263153388,-0.215381651611798
"N-AcetylGlycine",-0.0738644633760007,0.103638854403014,-0.231366924953979,-0.361406738302153,-0.160199494841389,-0.113968919902393,0.000530844642322017,0.0754441542874267,0.533841345948029,0.0691981677297829,0.112487692110107,-0.214589665653495,0.314619632689756,0.0213579348431012,-0.123100303951368,0.143721905903506,0.043691938867246,0.0455627381309131,-0.166278522197012,-0.290333490303523,-0.200702084849523,-0.232086133824222,-0.0163620017980222,-0.142617406567062,-0.0541589965323858,-0.162078856115416,0.0483239864720236,0.134594802859711,-0.0995590564664583,0.724367481484653,-0.379750845498523,-0.332616978466544,-0.0903120852776232,-0.060259428913909,-0.304807568817158,-0.116841474378184,-0.0345477118027313,0.289417355195,-0.318571000470911,0.219880988055996,-0.283787833383278,-0.199486279378398,0.350926837621474,0.688261483796395,0.0354424418853547,0.406656963054925,0.0523310073205189,0.142583158525622,-0.146474592234257,-0.0403870028682735,-0.217440815103386,-0.0392696605162892,0.541547155272058,0.359972601566848,0.25790915707008,0.284498480243161,0.0888565435164177,0.563684233057922,-0.191741941007749,-0.180859625840147,0.104045549895115,-0.285585855558885,0.435266920672974,-0.281767198938311,0.0419495697589794,0.0322916220728627,0.127689541504345,-0.289614281433281,-0.172789931075817,0.2790701656749,-0.197170255576009,0.098672888394195,-0.00347189520099319,0.14470225608973,-0.157399717453658,-0.141208955862837,-0.254689841174708,-0.225514790872897,-0.325407765743397,-0.203501862237253,0.0396506699773107,0.0263581488933602,0.644227064514748,-0.275760948670748,0.0522753542531786,-0.0472494541718396,0.535206986600454,-0.165126931803588,0.069463590050944,-0.257087204075517,0.335382507812834,-0.0353953508283745,-0.19475576865448,0.00779571043280962,0.441846825634659,-0.202316023802389,-0.0530887452373817,0.059732865276767,-0.111729954193245,-0.0735048589408793,-0.0628622800633589,-0.0188621088231517,-0.119148936170213,0.0792542488976412,0.0488805171454258,-0.099738858684019,-0.135733550237596,0.155554604221071,-0.023147395008348,-0.191583543816088,-0.0629564621773192,-0.243413673530545,0.0308403613168372,0.361000042810052,0.14480071920887,-0.22619547069652,-0.343700500877606,-0.0582088274326812,0.0419495697589794,-0.183667965238238,-0.100393852476562,0.195590564664583,1,-0.325536195898797,-0.202431610942249,-0.125523352883257,0.0343422235540905,-0.27885183441072,-0.227672417483625,-0.232227406995162,0.0306220300526564,0.00950811250481613,0.00988055995547754,0.33959073590479,-0.190282118241363,0.115171882357978,0.0354724089216148,0.0280448649342866,-0.214863649985016,-0.311207671561283,0.211413159809923,-0.261201250053513,-0.177499036773834,-0.0689027783723618,-0.309983304079798,-0.0172738559013656,-0.103857185667195,-0.0310073205188578,-0.116036645404341,0.0375230104028426,0.0417526435206987,-0.402054882486408,-0.182820326212595,0.382803202191875,-0.134800291108352,-0.138777344920587,0.0541718395479258,-0.338944304122608,-0.157643734748919,-0.304460807397577,0.00935399631833555,-0.224393167515733,0.0174365340982063,0.33685089258958,-0.24471509910527,0.722560897298686,0.159852733421807,-0.362721006892418,0.391386617577807,0.116588895072563,-0.207628751230789,-0.13693651269318,0.306858170298386,-0.401348516631705,-0.128421593390128,-0.318707992636671,0.0261012885825592,-0.0846782824607218,-0.263350314653881,0.0766642407637313,-0.304546427501177,-0.175260071064686,-0.0276124834111049,-0.371621216661672,-0.0587311100646432
"n-Glycylproline",-0.235027184382893,-0.362622543773278,0.472605847853076,0.38151033862751,-0.174934714671005,-0.0933730039813348,0.270054368765786,-0.220454642750118,-0.474784879489704,-0.260781711545871,-0.22375529774391,0.012380666980607,-0.277306391540734,-0.0232972301896485,0.209358277323516,-0.232963739886125,0.0927693822509525,-0.0338199409221285,0.231765058435721,0.183235583715056,0.0183355451860097,0.135879104413716,0.0527805128644206,-0.0663855473265123,-0.0205017338070979,0.0679267091913181,-0.103891433708635,-0.242390513292521,-0.0905817886039642,-0.493167515732694,0.254094781454686,0.178042724431697,-0.180940964938568,-0.188818014469798,0.466428357378312,0.376921101074532,0.101686716040926,-0.086061047133867,0.134830258144612,-0.354955263495869,0.309032920929834,0.231799306477161,-0.468864249325742,-0.53169228134766,0.0453058778201122,-0.457391155443298,-0.396189905389785,-0.391408022603707,0.280645575581146,0.237150562952181,0.306588466972045,0.296618005907787,-0.433631576694208,-0.27636457040113,-0.404195385076416,-0.395089687058521,-0.319093283102873,-0.393655550323216,0.378594974099919,0.225523352883257,-0.011323258701143,0.268667323087461,-0.409392525364956,0.227488334260884,0.082379382679053,-0.123870884883771,0.0295004066954921,-0.0753242861423862,-0.0185153474035704,-0.369938781625926,0.27639881844257,-0.0484695406481442,0.0791729097992209,6.4215077700244e-05,0.235844856372276,0.238503360589066,0.196519542788647,0.0481912753114431,0.447925852990282,0.46043066912111,0.0312941478659189,0.0485508797465645,-0.551354938139475,0.513784836679652,-0.0141444411147738,0.277773021105356,-0.0669549210154544,0.133113575067426,-0.151881501776617,0.184378612098121,-0.380247442099405,0.466376985316152,0.0883342608844557,0.0383235583715056,-0.405513934671861,-0.0940964938567576,-0.152125519071878,0.295098249068881,0.075251509054326,-0.248366796523824,-0.259976882572028,0.195971574125605,0.148020035104242,0.0934072520227749,0.155105098677169,0.0588381351941436,0.191626353867888,0.0145297315809752,0.33163234727514,0.46307633032236,-0.133194914165846,-0.00504302410205916,-0.0685645789631406,-0.467652724859797,-0.17884327240036,0.428699858726829,0.00629307761462391,-0.0576522967592791,0.213904704824693,0.138456269532086,-0.208639068453273,-0.278753371291579,-0.325536195898797,1,0.127959244830686,0.114298557301254,0.0987114174408151,0.286437775589708,0.250237595787491,-0.106344449676784,-0.0630463632860996,-0.104525022475277,0.0891091228220386,-0.336392825035318,-0.0415214692409778,-0.383971916606019,0.0285200565092684,-0.259030780427244,-0.107513164090929,0.364908600539407,-0.379682349415643,0.444248469540648,0.142887109893403,-0.062357121452117,0.334376471595531,-0.0131940579648101,-0.070007277708806,-0.0697761034290851,-0.0719851021019735,-0.413399546213451,-0.270139988869387,0.493968063701357,0.159732865276767,-0.42636242989854,0.0426131255618819,0.195346547369322,0.0473864463376001,0.594023716768697,-0.216922813476604,0.565589280363029,-0.185975427030267,0.235249796652254,-0.154146153516846,-0.0227749475576865,0.317252450875466,-0.505038743096879,-0.143006978038443,0.486103857185667,-0.327261440986344,-0.318922042895672,0.400856201036003,0.136367139004238,-0.453277109465302,0.407675842287769,-0.223348602251809,0.409268376214735,0.144342651654608,0.415146196326898,0.350134851663171,-0.43955220685817,0.456466458324415,0.348101374202663,-0.246192045892376,0.237073504858941,-0.139873282246672
"N2,N2-Dimethylguanosine",0.310672545913781,-0.0783338327839377,0.211344663727043,0.179301339954621,0.299400659274798,0.277734492058735,-0.0712359261954707,-0.309936213022818,-0.238636071749647,-0.034736076030652,-0.0745622672203433,0.349860867331649,-0.240862194443255,0.0540819384391455,0.150207628751231,-0.0574938995676185,-0.102782653367011,0.04211224795582,0.236508412175179,0.252125519071878,0.701267177533285,0.275953593903849,-0.169583458195984,0.51057408279464,-0.010270131426859,-0.159608716126547,-0.303660259428914,-0.264626054197526,0.254047690397705,-0.36060619033349,0.352780512864421,0.353020249154501,0.179356993021962,-0.034740357035832,0.309679352712017,0.13160666124406,0.17094053683805,-0.075264352069866,0.0820797123164519,-0.0496082880260285,0.27361188407038,0.0647544843529261,-0.330870328353097,-0.330352326726315,-0.113964638897213,-0.170863478744809,0.193287383877735,-0.080525707436106,0.0243974485209127,0.0784579819341581,0.266218588124492,0.0270816387687829,-0.359745708292307,-0.112658932317308,-0.231777901451261,-0.0102829744423991,0.142484695406481,-0.281189263239009,0.11059548782054,0.264223639710604,-0.346508840275697,0.157224196241277,-0.326983175649643,0.185465987413845,-0.121512051029582,0.436217303822938,-0.0923412817329509,0.37366325613254,-0.0267348773492016,-0.0580889592876407,0.0676826918960572,-0.283590907144998,-0.0691853247142429,0.049475576865448,0.0412303608887367,0.0418254206087589,0.0143413673530545,0.21315980992337,0.0416199323601181,0.0329594588809452,-0.0393167515732694,-0.0899738858684019,-0.23164947129586,0.0906117556402243,-0.17882614837964,-0.0698874095637656,0.00803544672289053,0.305102958174579,0.408972986857314,0.0425574724945417,-0.295564878633503,-0.00708078256774691,0.227047390727343,-0.108964424846954,-0.11833982619119,0.362819470011559,-0.226007106468599,0.0776017808981549,0.410026114131598,0.177854360203776,0.134363628579991,-0.110265850421679,-0.111109208442142,-0.240768012329295,0.391532171753928,0.148996104285286,-0.115171882357978,-0.27630891733379,-0.108489233271972,-0.0558970846354724,-0.0296802089130528,0.160143841774049,-0.0141572841303138,-0.240896442484695,-0.243871741084807,0.0817029838606105,0.328699858726829,0.214080226037073,0.198030737617193,0.0190932831028726,0.257596643691939,-0.399773106725459,-0.202431610942249,0.127959244830686,1,0.289276082024059,-0.0290894301982105,0.17635600839077,0.228198981120767,0.400479472580162,-0.493355879960615,-0.0753499721734663,0.0469155357677983,-0.0633289096279806,-0.0563337471638341,-0.0807226336743867,0.176458752515091,0.058675456997303,-0.00417398005051586,0.165383792114388,-0.180902435891947,-0.0704225352112676,0.205471124620061,0.141174707821396,0.22377670276981,0.187161265465131,0.0366710903720193,0.108390770152832,0.0570443940237168,0.0201549723875166,0.24201806584186,0.26570058649771,0.182927351342095,-0.116451902906803,-0.125262211567276,-0.00630163962498395,-0.152266792242819,0.203634573397834,-0.00861338242219273,0.11303994177833,-0.211451688856544,-0.0106896699345006,0.149034633331906,-0.404670576651398,0.142386232287341,-0.34463804101203,-0.191271030437947,0.280774005736547,-0.0011044993364442,0.0250995333704354,-0.0607346204888908,-0.140442655935614,-0.244000171240207,0.0783124277580376,-0.0171582687615052,0.0844899182328011,-0.27372747121024,-0.0360332206001969,0.190782995847425,0.021306562780941,0.0669934500620746,-0.0533327625326427,-0.112975726700629,0.047883042938482,0.437625754527163
"N6-Acetyl-Lysine",-0.362417055524637,-0.562040327068796,0.527411276167644,-0.0281262040327069,0.0884027569673359,-0.175508369365127,0.104028425874395,-0.130181086519115,-0.355845712573312,-0.248413887580804,-0.47625754527163,-0.100209769253821,-0.536084592662357,0.557374031422578,0.148375358534184,-0.405561025728841,0.598878376642836,0.362524080654138,-0.229752986001113,0.142908514919303,0.118211396035789,0.19222569459309,-0.0541161864805856,0.0620274840532557,0.0920373303651697,0.0289310330065499,-0.170032963739886,-0.251303566077315,-0.29473864463376,-0.33940237167687,-0.00468770067211781,0.135772079284216,-0.36320904148294,-0.19990153688086,0.389922513806242,0.0152917505030181,-0.160319362986429,0.179220000856201,-0.0060276552934629,-0.537634316537523,-0.0318121494927009,0.383411104927437,-0.204028425874395,-0.352433751444839,0.350460208056852,-0.458170298386061,-0.393051928592834,-0.543914551136607,0.275936469883129,0.132531358362944,-0.00388287169827475,0.292640952095552,-0.330848923327197,-0.135570872040755,-0.507448949013228,-0.37631747934415,-0.0134766043066912,-0.247942977011002,-0.0451774476647117,0.21059120681536,0.1158525621816,0.114003167943833,-0.307217774733507,0.212453444068667,0.512697461363928,0.404281005180016,0.322334004024145,0.277036688214393,-0.287752044179973,-0.384421422149921,0.51324114902179,-0.266239993150392,-0.65779356993022,0.390128002054883,0.517701956419367,0.489806926666381,0.264737360332206,-0.0274540862194443,0.407174964681707,0.36582045464275,0.167134723233015,0.0703754441542874,-0.312500535125648,0.46061047133867,0.105038743096879,0.16061475234385,0.0798921186694636,-0.256830343764716,0.353332762532643,-0.0750717068367653,-0.370872040755169,-0.0713986043923113,0.475294319106126,0.153003125133781,-0.364570401130185,0.0603150819812492,-0.158255918489661,0.357686544800719,-0.0767455798621516,-0.48678025600411,-0.50518001626782,0.23163234727514,-0.333177790145126,0.0563380281690141,0.264138019607004,0.142386232287341,0.380945245943748,-0.18153174365341,-0.246144954835395,0.0154801147309388,-0.414735219829616,-0.35531486793099,0.627860781711546,-0.457472494541718,-0.37630035532343,0.357296973329338,-0.320227749475577,-0.184879489704183,0.0647202363114859,-0.0399374973243718,-0.0973500577935699,0.00701228648486665,-0.125523352883257,0.114298557301254,0.289276082024059,1,0.626105569587739,-0.123014683847767,-0.0654522881972687,-0.161342523224453,-0.25257930562096,0.0334817415129072,-0.239963183355452,-0.0668650199066741,0.0485894087931846,-0.533421807440387,-0.0627937839804786,-0.548820583072906,-0.152129800077058,0.469326597885183,-0.430656278094096,0.0624898326126975,-0.120206344449677,-0.0267905304165418,0.131824992508241,-0.0104370906288797,0.00205916349158782,0.0596429641679866,0.279913523695364,-0.438126632133225,0.0321203818656621,0.325519071878077,-0.233503146538807,-0.39731580975213,-0.232612697461364,0.303827218630935,0.353777987071364,0.38685303309217,-0.385436020377585,0.325334988655336,-0.340755169313755,0.383274112761676,0.058949441328824,0.142810051800163,0.155725844428272,-0.340797979365555,-0.0570743610599769,0.399657519585599,0.0763859754270303,-0.56055481827133,0.0489746992593861,-0.398274754912453,0.0723018964852948,-0.139672075003211,-0.415167601352798,0.26059762832313,0.171706836765272,-0.209353996318336,-0.337921143884584,-0.501733807097907,0.395654779742283,-0.301554004880346,-0.363542959886981,-0.016045207414701,0.187662143071193
"N6-Trimethyllysine",-0.517453658118926,-0.576082024059249,0.442732993706922,-0.130874609358277,-0.188150177661715,-0.458324414572542,0.127552549338585,-0.0554390170812107,-0.200873325056723,-0.306301639624984,-0.456226722034334,-0.389083436790959,-0.441530031251338,0.558666894986943,-0.141187550836937,-0.387246885568732,0.762905090115159,0.295432167472923,-0.250811250481613,-0.093424376043495,-0.211122051457682,0.244179973457768,-0.0536409949056038,-0.079220000856201,0.139637826961771,-0.0843443640566805,-0.177400573654694,-0.253396977610343,-0.427723789545785,-0.16052913224025,-0.211562994991224,0.123429941350229,-0.532783937668565,-0.0846697204503618,0.288338541889636,-0.106725459137806,-0.130985915492958,0.230185367524295,-0.0046577336358577,-0.537634316537523,-0.138541889635686,0.497230189648529,-0.15791343807526,-0.197517016995591,0.330818956290937,-0.47907444668008,-0.50522282631962,-0.58407894173552,0.240232886681793,0.126572199152361,-0.102358833854189,0.29988869386532,-0.182135365383792,-0.0437818399760264,-0.493749732437176,-0.370722205573869,-0.253268547454942,-0.0337771308703284,0.0221756068324843,0.0450532985144912,0.369039770538122,-0.0769339440900724,-0.199477717368038,0.175846568774348,0.644034419281647,0.186476304636329,0.370028682734706,0.0809067168971274,-0.217115458709705,-0.443991609229847,0.433387559398947,-0.124320390427672,-0.496403955648786,0.339299627552549,0.431358362943619,0.408844556701914,0.223870884883771,-0.247972944047262,0.461483796395394,0.471193116143671,0.12894815702727,0.179939209726444,-0.223044650884028,0.52092555331992,0.129166488291451,0.214405582430755,0.241885354681279,-0.3000642150777,0.142989854017723,-0.147561967549981,-0.168680166103001,0.141431568132197,0.562254377327797,0.177704525022475,-0.287593646988313,-0.134569116828631,-0.00342908514919303,0.477862922214136,-0.223489875422749,-0.504563551521897,-0.50519714028854,0.128417312384948,-0.146410377156556,0.190406267391584,0.103651697418554,0.317132582730425,0.563423091741941,-0.161834838820155,-0.103343465045593,0.254856800376728,-0.388077400573655,-0.401922171325827,0.629838606104713,-0.337386018237082,-0.216867160409264,0.36842758679738,-0.40777002440173,-0.312500535125648,-0.00754741213236868,-0.0741898197696819,-0.373997174536581,0.173239436619718,0.0343422235540905,0.0987114174408151,-0.0290894301982105,0.626105569587739,1,-0.223459908386489,-0.202453015968149,-0.446149235840575,-0.120835652211139,0.122852005650927,-0.230985915492958,0.18149749561197,-0.00169527805128644,-0.588578278179717,-0.261535168457554,-0.652853289952481,-0.100458067554262,0.471527034547712,-0.370529560340768,0.13683376856886,0.0482083993321632,-0.00993193201763774,0.0849351427715228,-0.0613682092555332,-0.37105612397791,-0.230870328353097,0.305458281604521,-0.539830472194871,0.0504002739843315,0.234697546984032,-0.422655079412646,-0.420839933216319,-0.109559484566976,0.227278565007064,0.37626610728199,0.375037458795325,-0.403758722548054,0.243195342266364,-0.38951581831414,0.272670062930776,0.114431268461835,0.389973885868402,0.0587011430283831,-0.159899824478788,-0.0991780470054369,0.301125904362344,0.114114474078514,-0.601065970289824,0.113489447322231,-0.197838092384092,-0.0535082837450233,-0.049736718181429,-0.448897641166146,0.192444025857271,0.232903805813605,-0.105976283231303,-0.355665910355752,-0.618596686501991,0.355623100303951,-0.0495397919431483,-0.249304336658247,-0.0895843143970204,-0.0943276681364784
"NAD",-0.0320518857827818,-0.0804315253221456,0.278710561239779,0.194045121794597,0.102893959501691,0.262708163876878,-0.124543002697033,-0.0570829230703369,-0.312397791001327,-0.100209769253821,-0.0567704096921957,0.309700757737917,-0.191275311443127,-0.332582730425104,0.0981077957104328,-0.055794340511152,-0.227835095680466,-0.119782524936855,0.183933387559399,-0.0751744509610857,0.128781197825249,0.196065756239565,-0.237981077957104,0.103844342651655,-0.0132968020891305,0.348816302067726,-0.171364356350871,-0.1578620660131,0.108900209769254,-0.264266449762404,0.897204503617449,0.248927608202406,0.228712701742369,-0.150896870585213,0.282058307290552,0.204229633117856,0.665345263067768,-0.0778672032193159,0.280752600710647,0.00327068795753243,0.337073504858941,0.0107624470225609,-0.398133481741513,-0.270670833511709,-0.0758636927950683,-0.209812063872597,-0.0453786549081724,-0.0911040712359262,0.0893445781069395,0.11303994177833,0.299156641979537,0.132783937668565,-0.391848966137249,-0.213420951239351,-0.283389699901537,-0.0568774348216961,-0.0669292349843743,-0.228040583929107,0.0994948413887581,0.286604734791729,-0.376903977053812,-0.145220257716512,-0.288085962584015,0.00663983903420523,-0.176861167002012,-0.0122051457682264,-0.172999700329637,0.0220428956719038,0.209983304079798,-0.0531829273513421,0.143469326597885,-0.340746607303395,0.272331863521555,-0.00938824435977567,0.106763988184426,0.114469797508455,-0.0954193244573826,0.238708848837707,0.135587996061475,0.0279292777944261,-0.278149749561197,-0.0382550622886254,-0.259583030095466,0.100984631191404,-0.236572627252879,-0.112033905561026,-0.375384220214906,0.729586026799092,-0.0284900894730083,0.0982019778243932,-0.308493514277152,0.147810265850422,-0.0269917376600026,-0.188612526221157,-0.256975897940837,0.222008647630464,-0.367044822124235,0.0137677126589323,0.583685089258958,0.0306391540733764,-0.0299755982704739,-0.351175135921914,-0.0720878462262939,-0.159043623442784,0.232886681792885,-0.0382122522368252,-0.124072092127231,0.0256260970075774,-0.0132625540476904,-0.0285114944989083,-0.153812235112805,0.0898625797337215,-0.364013870456783,-0.23696219872426,-0.0473479172909799,0.0187122736418511,0.206173209469583,0.172764245044737,0.0377755897084636,0.137591506485723,-0.00364741641337386,-0.232925210839505,-0.27885183441072,0.286437775589708,0.17635600839077,-0.123014683847767,-0.223459908386489,1,0.360101031722248,0.0254377327796567,-0.128524337514448,-0.187529431910613,0.233259129243546,-0.130703369151077,0.243024102059163,-0.0867973800248298,0.379652382379383,-0.0629264951410591,0.0271287298257631,0.174245472837022,-0.226653538250781,0.0607132154629907,0.290902863992465,0.111832698317565,0.392328438717411,0.0480885311871227,0.219106126118413,-0.175020334774605,-0.338306434350786,-0.226760563380282,-0.0664882914508327,0.282499250824093,0.385555888522625,-0.152134081082238,-0.0253178646346162,0.0941521469240978,-0.147583372575881,0.275658204546428,0.04473650413117,0.193865319577037,0.00298386061047134,0.0985573012543345,-0.177948542317736,-0.315467271715399,0.166873581917034,-0.278295303737318,0.0567875337129158,0.2474292563894,-0.29725587567961,0.0555888522625112,0.171762489832613,0.116207885611542,-0.231358362943619,0.176009246971189,0.0520356179630977,0.276724174836252,-0.0350143413673531,0.0369193886724603,0.431756496425361,-0.159351855815746,0.00116015240378441,0.0371890919988013,-0.188004623485594,0.100526563637142,0.194353354167559
"NADH",0.322869129671647,0.296100004281005,-0.1156599169485,0.19208442142215,-0.0324671432852434,0.490984203090886,-0.14746778543602,-0.132711160580504,-0.179472580161822,0.157502461577979,0.101258615522925,0.514182970161394,0.0646817072648658,-0.0882828888222955,0.10525707436106,-0.0161821995804615,-0.16052485123507,0.024478787619333,0.399276510124577,-0.0163662828032022,0.210865191146881,0.0482854574254035,-0.0338713129842887,0.246590179374117,-0.101438417740485,0.112115244659446,-0.138481955563166,-0.112633246286228,0.3737360332206,-0.343559227706666,0.419016225009632,0.172301896485295,0.424846954064814,-0.0299499122393938,0.111866946359005,0.120232030480757,0.114465516503275,-0.0159210582644805,0.241298856971617,0.104640609615138,0.0355451860096751,-0.108810308660473,-0.238314996361146,-0.287366753713772,-0.0407680123292949,0.0170512436320048,0.177177961385333,0.277708806027655,-0.0321803159381823,-0.119615565734835,0.42360974356779,-0.0274968962712445,-0.19741427287127,-0.127989211866946,0.11847253735177,0.0222398219101845,0.226649257245601,-0.251128044864934,0.199486279378398,0.00673830215334561,-0.309358277323516,0.00442227835095681,-0.321905903506143,0.0638725972858427,-0.093420095038315,0.0454428699858727,-0.38166017380881,-0.0338627509739287,0.170075773791686,0.131007320518858,-0.144436833768569,-0.0428485808467828,0.398630078342395,-0.0181428999529089,-0.178393766856458,-0.168881373346462,0.00415257502461578,0.404863221884498,-0.0875123078898925,-0.117166830771865,-0.129778672032193,-0.142570315510082,-0.190282118241363,-0.0506785393210326,-0.213356736161651,-0.133944090072349,-0.0167344492486836,0.432150348901922,0.0606404383749304,0.234607645875251,-0.153568217817544,0.00473907273427801,-0.233682948756368,-0.156830343764716,-0.0490089473008262,0.0742369108266621,0.111122051457682,-0.109161351085235,0.44486921529175,0.351517616336316,0.33152104114046,-0.219499978594974,0.180123292949184,-0.207414700971788,-0.181745793912411,-0.0736332890962798,-0.38949013228306,-0.199464874352498,0.0569116828631363,0.0362601138747378,0.202414486921529,0.406027655293463,-0.218917761890492,-0.0311057836379982,-0.073153816516118,-0.228532899524808,0.284066098719979,0.306524251894345,0.318001626781968,-0.00521854531443983,0.157142857142857,-0.309127103043795,-0.227672417483625,0.250237595787491,0.228198981120767,-0.0654522881972687,-0.202453015968149,0.360101031722248,1,0.38160023973629,-0.175782353696648,0.164356350871185,0.131071535596558,-0.279168628794041,-0.0194186394965538,0.282734706108994,0.0327411276167644,0.275302881116486,0.161847681835695,-0.0829487563679952,0.0799820197782439,-0.0173166659531658,0.155995547754613,0.161976111991096,0.209687914722377,0.00977781583115716,0.0419367267434394,0.238118070122865,-0.253007406138961,0.13167515732694,0.0734534868787191,0.0819726871869515,0.343062631105784,0.0335630806113275,0.378483667965238,-0.0378226807654437,-0.33426088445567,-0.112693180358748,0.177451945716854,-0.0733250567233186,-0.0857314097350058,-0.0404683419666938,0.145567019136093,-0.340155828588553,0.0417440815103386,-0.340322787790573,-0.191318121494927,-0.0141829701613939,-0.134355066569631,0.217479344150006,-0.0277580375872255,0.186150948242647,-0.169964467657006,0.274339654950983,0.172631533884156,0.188244359775675,-0.226841902478702,0.0891219658375787,0.326752001369922,0.177259300483754,-0.0146367567104756,0.238969990153688,0.228751230788989,0.263727043109722,-0.102962455584571
"Neopterin",0.699610428528619,0.498540177233614,-0.367156128258915,0.316036645404341,0.135206986600454,0.446889849736718,-0.217222483839205,-0.0582687615052014,0.0141101930733336,0.155978423733893,0.36830343764716,0.401815146196327,0.267280277409136,-0.140853632432895,0.12357121452117,0.279425489104842,-0.450991052699174,-0.0736033220600197,0.386536238708849,0.292940622458153,0.384725373517702,0.0759321888779485,0.113592191446552,0.382961599383535,-0.223138832997988,0.0357035832013357,-0.000423819512821611,0.0460721777473351,0.425086690354895,-0.175401344235627,0.191108352241106,0.151136606875294,0.49742711588681,0.12636671090372,-0.165233956933088,0.0698360375016054,-0.0366454043409393,-0.228687015711289,0.0605762232972302,0.394036559784237,0.305496810651141,-0.342300612183741,-0.00633160666124406,-0.120583072905518,-0.348058564150863,0.330245301596815,0.650772721434993,0.477691682006935,-0.243606318763646,-0.129586026799092,0.185020762875123,-0.305856415086262,-0.0945545614110193,-0.0174065670619461,0.343400830515005,0.261907615908215,0.279964895757524,-0.216790102316024,0.0244274155571728,-0.10263281818571,-0.459240549681065,0.223245858127488,-0.0754141872511666,0.0408407894173552,-0.369703326341025,0.108883085748534,-0.330977353482598,0.273894430412261,0.249094567404427,0.206228862536924,-0.346945502804058,-0.0488248640780855,0.202204717667708,-0.28945588424162,-0.349818057279849,-0.354818271330108,-0.194164989939638,0.478111220514577,-0.341761205531059,-0.37630891733379,-0.167883899139518,-0.388681022304037,8.13390984203091e-05,-0.350922556616294,-0.110000428100518,-0.313348174151291,-0.087889036345734,0.249394237767028,0.154445823879447,0.224089216147952,-0.0793056209598014,-0.2947086775975,-0.185084977952823,-0.0873239436619718,0.143387987499465,0.145400059934073,0.129097992208571,-0.412864420565949,0.259886981463248,0.523194486065328,0.531306990881459,-0.211755640224325,0.129102273213751,-0.294533156385119,-0.133383278393767,-0.0674686416370564,-0.458101802303181,-0.181792884969391,0.00795410762447023,-0.14746778543602,0.311186266535383,0.479519671218802,-0.402988141615651,0.182811764202235,-0.040793698360375,-0.348020035104242,0.481724388886511,0.405603835780641,0.199079583886297,-0.114080226037074,0.678171154587097,-0.265623528404469,-0.232227406995162,-0.106344449676784,0.400479472580162,-0.161342523224453,-0.446149235840575,0.0254377327796567,0.38160023973629,1,-0.124487349629693,0.042373389271801,0.2314910741042,-0.186459180615609,-0.0237039256817501,0.469219572755683,0.0922770666552507,0.51040284258744,0.263894002311743,-0.340348473821653,0.323297230189649,-0.11050130570658,0.0483111434564836,0.273932959458881,-0.050524423134552,0.0249796652253949,0.206781112205146,0.359912667494328,-0.229992722291194,0.620450361744938,0.214144441114774,-0.108549167344492,0.41853247142429,0.142625968577422,0.331229932788219,-0.0993621302281776,-0.300620745751102,-0.25522924782739,0.286651825848709,-0.211473093882444,0.109242690183655,-0.185975427030267,0.138297872340426,-0.44743781839976,-0.0385547326512265,-0.170011558713986,-0.0744167130442228,-0.0995119654094781,-0.0953508283745023,0.485055010916563,-0.121546299071022,0.213968919902393,-0.0242732993706922,0.154642750117728,0.252241106211739,-0.0980093325912924,-0.28695577721649,0.0126974613639283,0.29999143798964,0.657643734748919,-0.22894815702727,0.0989939637826962,0.387255447579092,0.222218416884284,0.0230189648529475
"Niacinamide",-0.018952009931932,0.158559869857443,-0.186013956076887,-0.0657519585598699,0.0949013228306006,-0.0946872725715998,-0.100299670362601,0.28947728926752,0.148978980264566,-0.0685774219786806,0.141872511665739,-0.141833982619119,0.23426088445567,-0.220107881330536,0.0295346547369322,0.149689627124449,-0.12092127231474,-0.0870114302838306,-0.0369407936983604,0.00538550451646046,-0.303754441542874,0.0252878975983561,0.272079284215934,-0.183393980906717,0.0464660302238966,0.204319534226636,0.268791472237681,0.102196155657348,-0.0561196969048333,0.217629179331307,-0.185320433237724,-0.122167044822124,-0.00808681878505073,0.0394409007234899,-0.311862665353825,0.0500363885440301,-0.188098805599555,-0.0789074874780598,-0.11842544629479,0.191887495183869,-0.0454043409392525,-0.206879575324286,0.16577764459095,0.243246714328524,0.0862793783980479,0.129997003296374,0.0138148037159125,0.112650370306948,-0.0909884840960658,0.0823836636842331,-0.161869086861595,-0.0700886168072263,0.255623100303951,0.150704225352113,0.295573440643863,0.12635814889336,0.0673958645489961,0.239106982319449,0.0510167387302539,-0.30249582601995,0.0312984288710989,0.114153003125134,0.208146752857571,-0.104173980050516,-0.0920073633289096,-0.360349330022689,-0.0832826747720365,-0.114820839933216,0.16050344620917,0.124448820583073,-0.174429556059763,0.245425745965153,0.0949098848409607,-0.165024187679267,-0.172310458495655,-0.162759535939038,-0.0462476989597157,-0.0123121708977268,-0.186065328139047,-0.222526649257246,-0.0167858213108438,-0.0905989126246843,0.164189391669164,-0.229752986001113,-0.0401943576351727,0.233961214093069,-0.146037929705895,-0.32364399160923,-0.322389657091485,0.00716640267134723,0.124637184810994,-0.0618605248512351,-0.260790273556231,-0.108035446722891,0.213720621601952,-0.169112547626183,0.199580461492358,-0.11312984288711,-0.356290937112034,-0.0244916306348731,-0.00467057665139775,0.240716640267135,0.166094438974271,-0.00744466800804829,-0.238451988526906,-0.0622715013485166,0.0896014384177405,0.332689755554604,-0.0401857956248127,0.0739672075003211,0.245134637612912,0.103424804144013,-0.0322188449848024,0.264138019607004,0.246136392825035,0.00345905218545314,-0.0218588124491631,0.0138105227107325,-0.10800547968663,-0.166128687015711,-0.012363542959887,0.0699345006207457,0.0306220300526564,-0.0630463632860996,-0.493355879960615,-0.25257930562096,-0.120835652211139,-0.128524337514448,-0.175782353696648,-0.124487349629693,1,0.121640481184982,0.0916434778886082,0.068166445481399,0.00829658803887153,0.138392054454386,-0.312200864763046,0.235391069823194,0.195470696519543,-0.342822894815703,0.139826191189691,0.254668436148808,0.149274369621987,0.104289567190376,-0.165576437347489,-0.0771265893231731,0.261933301939295,-0.168620232030481,-0.0300184083222741,0.0941521469240978,-0.0454300269703326,-0.275153045935186,-0.233370435378227,0.0753799392097264,0.282572027912154,-0.11573269403656,-0.115368808596258,-0.129667365897513,0.170105740827946,-0.122008647630464,0.256774690697376,-0.225904362344278,-0.235198424590094,0.104713386703198,0.0215334560554818,0.220527419838178,0.187388158739672,-0.110783852048461,-0.132488548311143,0.116841474378184,0.187178389485851,0.130275268633075,0.129654522881973,0.099469155357678,0.134021148165589,-0.0726615009204161,0.169211010745323,-0.0841731238494799,-0.0107710090329209,0.100830515004923,0.0394879917804701,-0.00752172610128858,0.10793698360375,-0.0104970247013999,-0.0337557258444283
"Nicotinic Acid",-0.0910869472152061,0.0689841174707821,-0.0719080440087333,-0.128258915193287,0.00372019350143414,0.117415129072306,-0.0223083179930648,-0.00165246799948628,0.0522411062117385,0.419465730553534,0.156796095723276,0.142454728370221,0.144325527633888,0.210227321375059,0.018147180958089,0.14220643006978,0.153718052998844,0.223117427972088,0.123930818956291,-0.127826533670106,0.0488548311143457,0.233944090072349,0.313352455156471,0.165298172010788,0.0105526777687401,-0.0441928164733079,-0.0897555546042211,-0.198261911896913,0.21846825634659,-0.0715056295218117,-0.118896356864592,0.171492786506272,0.21582687615052,0.169587739201164,-0.0815488676741299,0.0254891048418169,0.0612740271415728,0.134025429170769,0.0964681707264866,0.0249325741684147,-0.314730938824436,0.0743653409820626,0.101669592020206,-0.0169699045335845,0.268808596258401,0.0186609015796909,0.0387388158739672,0.0293719765400916,-0.351372062160195,0.0579648101374203,-0.208262339997431,-0.339102701314269,0.094481784322959,-0.0494242048032878,0.267759749989297,-0.00580504302410206,0.372152061303994,-0.0337642878547883,0.227171539877563,-0.41324543002697,0.225977139432339,-0.0297187379596729,-0.00714927865062717,0.466702341709833,0.16324328952438,0.220266278522197,-0.0624555845712573,-0.00475191574981806,0.177469069737574,0.131362643948799,-0.396481013742027,0.433944090072349,0.0140631020163534,-0.209118541033435,-0.408223810950811,-0.432646945502804,0.289956761847682,0.00494027997773877,-0.114277152275354,-0.0856072605847853,0.233246286228006,0.0554004880345905,0.0161650755597414,-0.0575067425831585,-0.196934800291108,0.200565092683762,0.286253692366968,-0.0916220728627082,0.229371976540092,-0.112115244659446,0.265096964767327,-0.031054411575838,0.0224752771950854,-0.155961299713173,0.0229633117856073,-0.0943747591934586,0.511836979322745,0.18696862023203,-0.117166830771865,0.189759835609401,0.160002568603108,0.0130656278094097,0.20536838049574,-0.175332848152746,-0.219050473051072,-0.0153902136221585,-0.152382379382679,-0.243413673530545,0.0947600496596601,0.151196540947815,0.240690954236055,0.146688642493257,0.198189134808853,0.0395350828374502,0.276163363157669,0.0459094995504945,0.16836337171968,0.23679523952224,-0.0791258187422407,0.12375101673873,-0.0630206772550195,0.0449848024316109,0.00950811250481613,-0.104525022475277,-0.0753499721734663,0.0334817415129072,0.122852005650927,-0.187529431910613,0.164356350871185,0.042373389271801,0.121640481184982,1,0.188334260884456,-0.0258829573183784,0.183017252450875,0.0463804101202962,-0.440853632432895,0.0675071706836765,0.377546127830815,-0.186583329765829,0.0662100261141316,-0.023429941350229,0.217599212295047,0.2736932231688,0.0593861038571857,0.0919345862408494,-0.199028211824136,0.115355965580718,0.11065970289824,0.00472194871355794,0.352814760905861,-0.281767198938311,-0.276480157540991,0.055785778500792,0.257613767712659,-0.180166103000985,-0.0951153730896014,-0.143191061261184,-0.0506186052485123,0.0277837236183056,-0.00830943105441158,-0.166355580290252,0.163350314653881,-0.115625668907059,-0.128532899524808,-0.056847467785436,-0.159989725587568,-0.0828160452074147,0.0568217817543559,0.246851320690098,0.130788989254677,0.110732479986301,-0.171920887024273,0.109533798535896,-0.0656963054925297,-0.0648144184254463,0.0474849094567404,0.105929192174323,-0.0414615351684576,0.0131041568560298,-0.271642621687572,0.122980435806327,0.339205445438589,-0.0254505757951967,-0.0635900509439616
"o-Phosphoethanolamine",0.211481655892804,0.0481955563166231,0.0626953208613382,0.0595701870799264,0.0298771351513335,0.0967935271201678,0.112872982576309,-0.167267434393596,-0.161085662913652,0.0161265465131213,0.0921486364998502,0.116580333062203,-0.073945802474421,-0.232625540476904,0.218934885911212,-0.110959373260842,-0.243880303095167,0.011044993364442,0.220009418211396,-0.136127402714157,0.283770709362558,0.223151676013528,0.0693608459266236,0.275478402328867,-0.226996018665183,0.0705680893873882,-0.146517402286057,-0.187914722376814,0.377387730639154,-0.0332291622072863,0.21057408279464,0.254056252408065,0.11320690098035,-0.0610813819084721,0.0337856928806884,0.283475320005137,0.278423733892718,-0.112774519457169,-0.0869172481698703,0.194481784322959,0.328584271586969,-0.328331692281348,-0.000244017295260927,-0.0189177618904919,-0.251885782781797,-0.104259600154116,0.141238922899097,0.00399845883813519,-0.175307162121666,0.25790915707008,-0.0830729055182157,-0.210685388929321,-0.124936855173595,-0.0159124962541205,0.0245044736504131,-0.156560640438375,0.112402072006507,-0.065525065285329,0.519123250139133,0.0808039727728071,-0.16320476047776,0.146847039684918,-0.279198595830301,0.26583757866347,-0.177088060276553,-0.0861637912581874,-0.0658461406738302,-0.0422877691682007,0.425964296416799,0.0560854488633931,-0.141688428442998,0.198886938653196,0.104734791729098,-0.249711032150349,-0.143739029924226,-0.168641637056381,-0.0447579091570701,0.157147138148037,-0.177344920587354,-0.238623228734107,-0.0875593989468727,-0.282032621259472,-0.166501134466373,-0.189661372490261,0.0157498180572798,0.25780213194058,-0.0110663983903421,0.295196712188022,-0.0903292092983433,-0.154985230532129,0.0444239907530288,0.101635343978766,-0.0947086775974999,0.0624042125090971,-0.198591549295775,-0.114563979622415,0.0237510167387303,0.028417312384948,0.158093240292821,0.110980778286742,0.0925467699815917,-0.232193158953722,0.0108480671261612,-0.275324286142386,0.055006635558029,0.184357207072221,-0.190496168500364,0.0564493343036945,0.0989811207671561,0.0801703840061646,0.156993021961557,0.255909927651012,-0.494194956975898,-0.119880988055996,0.0198082109679353,-0.0342608844556702,0.135198424590094,0.24727085919774,0.172828460122437,0.0232030480756882,0.0767370178517916,-0.287970375444154,0.00988055995547754,0.0891091228220386,0.0469155357677983,-0.239963183355452,-0.230985915492958,0.233259129243546,0.131071535596558,0.2314910741042,0.0916434778886082,0.188334260884456,1,-0.0632347275140203,0.0707222055738687,-0.00395136778115501,0.146230574938996,0.075790915707008,0.224637184810994,-0.0936084592662357,-0.106862451303566,0.0831199965751959,0.459060747463504,0.737801275739544,0.0619932360118156,0.0103300654993793,-0.0859497409991866,-0.230630592063016,-0.0819427201506914,-0.0590650284686844,0.163397405710861,-0.0123549809495269,0.199653238580419,-0.0904576394537437,0.0970589494413288,-0.160670405411191,-0.214140160109594,0.229239265379511,-0.165388073119568,0.187148422449591,0.223815231816431,-0.17902307461792,-0.23944518172867,-0.262339997431397,-0.0578235369664797,-0.0431311271886639,0.0188364227920716,0.152476561496639,-0.200894730082623,0.331966265679181,0.182867417269575,0.277225052442313,-0.271488505501092,0.38686587610771,-0.162571171711118,0.372289053469755,0.0240849351427715,0.111366068752943,0.392944903463333,0.0360674686416371,-0.151222226978895,0.161826276809795,-0.0188792328438717,-0.142869985872683,0.0343679095851706
"Ornithine",-0.080268847125305,0.0364870071492786,-0.0495954450104885,-0.244274155571728,-0.0432552763388844,-0.162327154415857,-0.192645233100732,0.109478145468556,0.208947300826234,-0.130925981420438,-0.107329080868188,-0.195821738944304,0.0982319448606533,0.0913395265208271,-0.221824564407723,0.101053127274284,0.142343422235541,-0.113883299798793,-0.21323686801661,-0.154484352926067,-0.124585812748833,0.322064300697804,-0.0532728284601224,-0.128100518001627,0.17102615694165,-0.0311657177105184,0.0338413459480286,0.0659702898240507,-0.226906117556402,0.378047005436877,-0.217522154201807,-0.0069994434693266,-0.103673102444454,0.130669121109637,-0.195611969690483,-0.145310158825292,0.0047904447964382,0.180705509653667,-0.164463376000685,0.203043794682992,-0.158529902821182,0.0552121238066698,0.239021362215848,0.329380538550452,0.00636585470268419,0.137925424889764,-0.0303908557729355,0.0554047690397705,0.0145725416327754,-0.116635986129543,-0.124799863007834,0.0726058478530759,0.22644805000214,0.255888522625112,-0.0016310629735862,0.140669549210155,0.0988698146324757,0.45791343807526,-0.225484823836637,-0.0407380452930348,0.00347189520099319,-0.282118241363072,0.211789888265765,-0.28433152104114,0.133246286228006,0.119632689755555,-0.0338113789117685,-0.00997046106425789,-0.0594974099918661,0.150708506357293,0.0114003167943833,-0.0902136221584828,-0.0331178560726058,0.221717539278223,0.0183911982533499,0.0318292735134209,-0.176013527976369,-0.202354552849009,-0.0472622971873796,-0.0670576651397748,-0.0796010103172225,0.174896185624385,0.359608716126547,-0.0816387687829102,-0.103000984631191,-0.0256046919816773,0.158311571557002,-0.0500620745751102,0.133627295689028,-0.177854360203776,0.110783852048461,-0.161192688043153,0.177695963012115,-0.144025857271287,0.140442655935614,-0.212748833426088,-0.194361916177919,-0.022625112376386,0.00803544672289053,-0.0722505244231346,-0.0636242989854018,-0.183436790958517,-0.0488462691039856,-0.0147609058606961,0.0451089515818314,0.229564621773192,0.111040712359262,0.164566120125005,-0.201228648486665,-0.104816130827518,-0.05525921486365,-0.185906930947386,0.0440387002868273,0.167250310372876,0.0862280063358877,-0.135951881501777,-0.284853803673102,-0.0595188150177662,-0.319966608159596,-0.12891818999101,-0.119303052356693,0.130724774176977,0.33959073590479,-0.336392825035318,-0.0633289096279806,-0.0668650199066741,0.18149749561197,-0.130703369151077,-0.279168628794041,-0.186459180615609,0.068166445481399,-0.0258829573183784,-0.0632347275140203,1,-0.0426473736033221,0.031062973586198,0.0958816730168243,-0.018939166916392,-0.130699088145897,-0.0443940237167687,0.0416456183911982,-0.191737660002569,-0.0622500963226165,0.0488077400573655,-0.0541204674857657,-0.132017637741342,-0.045515647073933,-0.275195855986986,0.219778243931675,0.030536409949056,0.289824050687101,-0.189207585941179,-0.163718481099362,0.225968577421979,-0.200248298300441,-0.0469455028040584,-0.0105013057065799,-0.205710860910142,-0.0916991309559485,-0.247857356907402,-0.0659360417826106,-0.172053598184854,0.318224239051329,0.277781583115716,-0.131328395907359,0.37883042938482,0.00788133053640995,-0.22889250395993,0.184956547797423,0.0271372918361231,-0.241872511665739,-0.0474206943790402,0.365328139047048,-0.317534997217347,-0.116070893445781,-0.212714585384648,-0.0113403827218631,-0.218922042895672,-0.354848238366368,-0.000903292092983432,-0.151059548782054,-0.124440258572713,-0.149248683590907,-0.237249026071322,-0.075538336401387
"Orotate",-0.128117642022347,-0.119046192045892,0.0997773877306392,-0.151671732522796,0.0270302667066227,0.0162721006892418,0.13685517359476,-0.0422235540905005,-0.104978809024359,0.00131854959544501,-0.0402457296973329,0.0558671175992123,-0.041324543002697,-0.0773277965666338,0.108103942805771,-0.00960657562395651,-0.0840061646474592,-0.0370863478744809,-0.104721948713558,0.00507299113831928,-0.0767841089087718,0.0567061946144955,0.0535254077657434,0.0290680251723105,-0.052904662014641,0.0532214563979622,-0.0943019821053983,-0.159681493214607,0.0994220643006978,-0.0706622715013485,0.196528104799007,-0.00867331649471296,0.0299713172652939,0.064484781026585,0.0552977439102701,0.151479087289696,0.0642835737831243,-0.0816730168243504,0.351329252108395,-0.0908086818785051,0.0381309131384049,0.148208399332163,-0.0630634873068196,-0.073423519842459,-0.100903292092983,-0.145408621944433,-0.103112290765872,-0.0942506100432382,-0.0454086219444326,0.13165375230104,-0.168200693522839,-0.0314097350057794,-0.12110535553748,-0.0935442441885355,0.0117727642450447,-0.198630078342395,-0.00217475063144826,-0.141504345220258,0.147930133995462,-0.0215462990710219,0.096579476861167,-0.0616935656492144,-0.100265422321161,0.197778158311572,-0.102042039470868,-0.103467614195813,0.034992936341453,-0.0683890577507599,0.185769938781626,-0.0941735519499979,-0.0974913309645105,0.103985615822595,-0.00313369579177191,-0.156761847681836,-0.0991908900209769,-0.12372533070765,0.121503489019222,0.21328824007877,0.130960229461878,0.16849608288026,0.0350699944346933,-0.0161522325442014,-0.0899353568217817,0.152095552035618,0.030001284301554,0.269947343636286,-0.24724945417184,0.0343893146110707,-0.0974827689541504,0.0886039642107967,-0.191219658375787,-0.0451346376129115,0.150520142129372,0.0403142257802132,-0.170114302838306,0.0225394922727856,0.0831242775803759,-0.0116443340896442,-0.062622543773278,-0.0511194828545743,-0.0925296459608716,0.0375058863821225,-0.00690098035018622,-0.0816173637570101,-0.0184810993621302,-0.0868872811336102,0.0267348773492016,0.0796909114260028,0.270054368765786,0.0517188235797765,0.106014812277923,0.155614538293591,-0.023947942977011,-0.11830129714457,0.0782824607217775,0.0158953722334004,0.180431525322146,0.0183911982533499,-0.148722119953765,0.213318207115031,0.00498309002953894,0.0778329551778758,-0.190282118241363,-0.0415214692409778,-0.0563337471638341,0.0485894087931846,-0.00169527805128644,0.243024102059163,-0.0194186394965538,-0.0237039256817501,0.00829658803887153,0.183017252450875,0.0707222055738687,-0.0426473736033221,1,-0.0893402971017595,0.0187336786677512,-0.053683804957404,0.137856928806884,0.148773492015925,-0.0698403185067854,0.15531914893617,0.082370820668693,-0.020274840532557,0.112012500535126,0.0453658118926324,0.0209683633717197,-0.333216319191746,0.0684661158440002,-0.153371291579263,0.0853546812791643,0.0347018279892119,-0.0543302367395865,-0.0851149449890834,-0.013412389228991,-0.0510937968234942,0.0624298985401772,0.0416584614067383,-0.0559612997131727,0.174463804101203,0.2000856201036,-0.0631148593689798,-0.233909842030909,-0.0708463547240892,-0.0107239179759408,-0.0671347232330151,0.210265850421679,0.0975084549852305,-0.25535339697761,-0.0463761291151162,0.198604392311315,0.139269660516289,-0.111678582131084,0.0886681792884969,-0.0459779956333747,-0.012367823965067,0.066055909927651,0.27630463632861,0.0753927822252665,-0.0969433623014684,-0.0126803373432082,-0.0411404597799563,0.0840190076629993,0.134449248683591,-0.0431097221627638
"Oxalacetate",0.703245001926452,0.959604435121366,-0.79217432253093,-0.0195385076415942,0.137972515946744,0.447176677083779,-0.452326726315339,0.181831414016011,0.443229590307804,0.364129457596644,0.610120296245558,0.309054325955734,0.667605633802817,-0.294186394965538,-0.150490175093112,0.450879746564493,-0.585966865019907,-0.117749047476347,0.198809880559955,-0.0642621687572242,0.0451902906802517,-0.148037159124963,0.0111134894473222,0.0864163705638084,-0.0495526349586883,0.0763303223596901,0.283822081424719,0.347570529560341,0.448388201549724,0.272164904319534,-0.0554304550708506,-0.0696519542788647,0.648242647373603,0.268988398475962,-0.477571813861895,-0.0957061518044437,-0.117830386574768,-0.0155015197568389,-0.155558885226251,0.767507170683676,-0.101648186994306,-0.481818571000471,0.343199623271544,0.314816558928036,-0.299661800590779,0.742801489789803,0.677939980307376,0.978085534483497,-0.332000513720622,-0.377229333447493,0.164167986643264,-0.361034290851492,0.379288496939081,0.0736375701014598,0.762262939338157,0.576009246971189,0.370225608972987,0.164822980435806,-0.219949484138876,-0.416931375486964,-0.416293505715142,-0.0380238880089045,0.313022817757609,-0.352467999486279,-0.490440515433024,-0.190894301982105,-0.614088788047434,-0.122890534697547,0.179780812534783,0.579618134337943,-0.603467614195813,0.119799648957575,0.595637655721563,-0.26833340468342,-0.599627552549339,-0.566064471938011,-0.239115544329809,0.306280234599084,-0.574074232629821,-0.568924183398262,-0.10270987627895,-0.195243803245002,0.452857570957661,-0.632908086818785,-0.297200222612269,-0.395530630592063,-0.0404854659874138,0.159069309473864,-0.122351128044865,0.160190932831029,0.302281775760949,-0.356534954407295,-0.544368337685689,-0.340656706194614,0.568984117470782,0.166976326041355,0.295243803245002,-0.592379810779571,0.107547412132369,0.631983389699902,0.687936127402714,-0.177832955177876,0.339243974485209,-0.259591592105826,-0.474814846525964,-0.37113318207115,-0.562305749389957,-0.0380881030866047,-0.0274883342608845,-0.293407252022775,0.572400359604435,0.538430583501006,-0.303176505843572,0.614123036088874,0.257729354852519,-0.57619761119911,0.348585127788005,0.34987799135237,0.0138661757780727,-0.163936812363543,0.453949227278565,0.13159381822852,0.115171882357978,-0.383971916606019,-0.0807226336743867,-0.533421807440387,-0.588578278179717,-0.0867973800248298,0.282734706108994,0.469219572755683,0.138392054454386,0.0463804101202962,-0.00395136778115501,0.031062973586198,-0.0893402971017595,1,-0.0504730510723918,0.824478787619333,0.216314910741042,-0.735540905004495,0.771497067511452,-0.248259771394323,-0.0318121494927009,0.0625882957318378,-0.252104114045978,0.0768055139346719,0.337531572413203,0.333884155999829,-0.294070807825677,0.772310458495655,0.160302238965709,-0.490500449505544,0.274035703583201,0.611044993364442,0.310295817457939,-0.378573569074019,-0.572096408236654,-0.779892118669464,0.632514234342224,-0.661916177918575,0.290568945588424,-0.418746521683291,0.229166488291451,-0.233271972259086,-0.264994220643007,0.280119011944004,-0.0306990881458967,-0.579382679053042,0.131739372404641,0.6895457853504,-0.346885568731538,0.164120895586284,0.189032064728798,-0.0519585598698574,0.646157797850935,-0.452878975983561,-0.236692495397919,-0.0727471210240164,0.13676527248598,0.846076458752515,-0.456004109764973,0.0809024358919474,0.574202662785222,0.126871869514962,-0.116195042596002
"Oxidized Glutathione",0.0296545228819727,-0.0498993963782696,0.15009204161137,0.0974998929748705,0.0272614409863436,0.0667836808082538,-0.0475876535810608,-0.193591335245516,-0.118648058564151,-0.115227535425318,-0.167943833212038,0.0722205573868744,-0.258465687743482,-0.0828716982747549,-0.0671860952951753,-0.191223939380967,-0.154377327796567,-0.0843143970204204,-0.0946273384990796,-0.0466886424932574,0.2,-0.0188492658076116,-0.328254634188107,-0.015009204161137,-0.112059591592106,0.231182841731239,-0.0359090714499765,0.0431996232715442,-0.00788133053640995,0.0543302367395865,0.325668907059378,-0.0508797465644933,-0.0187293976625712,-0.169377969947344,0.0818999100988912,0.0360075345691168,0.249094567404427,-0.033169228134766,0.0843358020463205,0.0501391326683505,0.275743824650028,-0.141786891562139,0.00346333319063316,0.00494884198809881,-0.280084763902564,-0.0171967978081253,0.10802260370735,-0.0166017380881031,0.378047005436877,-0.114551136606875,0.0528490089473008,0.276955349115972,-0.187841945288754,-0.0094224924012158,-0.23947942977011,-0.0921700415257502,-0.133687229761548,0.0192816473307933,-0.158987970375444,0.748572284772465,-0.196322616550366,-0.0754313112718866,-0.0766813647844514,-0.286189477289268,-0.146555931332677,0.0967849651098078,0.0103600325356394,0.0897084635472409,-0.153084464232202,-0.0164818699430626,0.278432295903078,-0.375238666038786,-0.083419666937797,0.199700329637399,0.284596943362301,0.295064001027441,-0.238627509739287,0.0509867716939938,0.0798064985658633,0.0708335117085492,-0.217359476004966,-0.0851491930305236,-0.0825763089173338,0.048418168585984,0.212247955820027,-0.170580932402928,-0.134950126289653,0.40791985958303,0.0877563251851535,-0.00572370392568175,-0.0875722419624128,-0.19209726443769,0.0353696647972944,0.202037758465688,-0.161012885825592,0.0172139218288454,-0.59220857057237,-0.1948371077529,0.403797251594674,-0.013677811550152,-0.0371420009418211,-0.385774219786806,-0.442818613810523,0.00410976497281562,0.201451260756026,-0.0267776874010018,-0.241735519499979,0.19205445438589,-0.0320604477931418,-0.39212723147395,-0.223378569288069,-0.0683933387559399,-0.354227492615266,-0.157600924697119,-0.257421122479558,-0.26590607474635,0.0365383792114388,-0.142788646774263,-0.0741427287127017,0.0103215034890192,0.149017509311186,-0.0290765871826705,0.0354724089216148,0.0285200565092684,0.176458752515091,-0.0627937839804786,-0.261535168457554,0.379652382379383,0.0327411276167644,0.0922770666552507,-0.312200864763046,-0.440853632432895,0.146230574938996,0.0958816730168243,0.0187336786677512,-0.0504730510723918,1,-0.125823023245858,-0.0963397405710861,0.188398475962156,-0.185577293548525,-0.274639325313584,-0.0919816772978295,0.0309302624256175,0.0316922813476604,-0.150772721434993,0.197157412560469,-0.0705937754184683,-0.169998715698446,0.0296973329337728,-0.261239779100133,0.246590179374117,0.528190419110407,-0.0643863179074447,-0.289057750759878,0.0955648786335031,-0.0048675028896785,0.146735733550238,-0.0892974870499593,0.163949655379083,-0.00712359261954707,0.135904790444796,0.0304165418040156,-0.0482726144098634,-0.0610985059291922,0.0214649599726016,0.258444282717582,0.0283873453486879,0.0203518986257973,-0.0224281861381052,-0.114054540005993,-0.212671775332848,0.148383920544544,-0.158118926323901,-0.082370820668693,0.245378654908172,0.0430626311057836,-0.0382250952523653,0.179609572327583,0.0282631961984674,-0.0620232030480757,-0.311665739115544,-0.428421593390128,-0.0431739372404641,0.0570358320133567
"Palmitic Acid",0.728216105141487,0.850250438803031,-0.671916606019093,0.0475662485551607,0.121362215848281,0.547617620617321,-0.436020377584657,0.153837921143885,0.337578663470183,0.39220428956719,0.593163234727514,0.446037929705895,0.626734877349202,-0.360798835566591,0.00206344449676784,0.518112932916649,-0.625065285328995,-0.133999743139689,0.381698702855431,0.12114816558928,0.148097093197483,-0.0735647930133995,0.0767541418725117,0.142968448991823,-0.0183869172481699,-0.00685817029838606,0.237848366796524,0.242805770794983,0.467267434393596,0.145866689498694,-0.019731152874695,0.00956376557215634,0.687448092812192,0.305068710133139,-0.401138747377884,-0.0407423262982148,-0.0604135451003896,-0.061047133867032,-0.032886681792885,0.71589109122822,0.0593347317950255,-0.476642835737831,0.178500791985958,0.219662656791815,-0.288359946915536,0.639282503531829,0.684875208699003,0.848011473093882,-0.295774647887324,-0.157583800676399,0.235891947429256,-0.309987585084978,0.309991866090158,0.14727085919774,0.731075816601738,0.573898711417441,0.454719808210968,0.0680166103000985,-0.137891176848324,-0.336332890962798,-0.427394152146924,0.0175478402328867,0.258632646945503,-0.24219786805942,-0.514649599726016,-0.166531101502633,-0.629363414529732,-0.10787704953123,0.240262853718053,0.52111819855302,-0.648024316109423,0.184040412688899,0.645776788389914,-0.290949955049446,-0.664822980435806,-0.62635386788818,-0.275075987841945,0.341508626225438,-0.527539706323045,-0.540035960443512,-0.148071407166403,-0.198334688984974,0.338747377884327,-0.601905047305107,-0.368286313626439,-0.203048075688172,-0.0706579904961685,0.185042167901023,-0.0958174579391241,0.198707136435635,0.172832741127617,-0.26849180187508,-0.521884498480243,-0.418678025600411,0.474292563894002,0.192324157712231,0.26852176891134,-0.517522154201807,0.181720107881331,0.71847253735177,0.73944090072349,-0.0662100261141316,0.391938867246029,-0.293021961556573,-0.348366796523824,-0.305830729055182,-0.498493086176634,-0.0441243203904277,0.041842544629479,-0.199058178860396,0.701673873025386,0.653619589879704,-0.357112890106597,0.557108609101417,0.305483967635601,-0.487769168200694,0.497649728156171,0.506943790401986,0.00879318463975341,-0.138392054454386,0.453739458024744,-0.134042553191489,0.0280448649342866,-0.259030780427244,0.058675456997303,-0.548820583072906,-0.652853289952481,-0.0629264951410591,0.275302881116486,0.51040284258744,0.235391069823194,0.0675071706836765,0.075790915707008,-0.018939166916392,-0.053683804957404,0.824478787619333,-0.125823023245858,1,0.217547840232887,-0.741268889935357,0.632599854445824,-0.114088788047434,0.072096408236654,0.0914765186865876,-0.158127488334261,0.133117856072606,0.389652810479901,0.331790744466801,-0.202307461792029,0.711019307333362,0.193274540862194,-0.416413373860182,0.217886039642108,0.518232801061689,0.345781069395094,-0.455404769039771,-0.626191189691339,-0.601331392610985,0.644261312556188,-0.516824350357464,0.33681664454814,-0.498570144269875,0.00910997902307462,-0.277499036773835,-0.12095980136136,0.157142857142857,-0.0778072691467957,-0.426948927608202,0.042356265251081,0.691069823194486,-0.19465302453016,0.208917333789974,0.0943233871312984,0.046311914037416,0.654595659060747,-0.421850250438803,-0.372511665739116,0.0182841731238495,0.302889678496511,0.791138319277366,-0.399349287212638,0.116687358191703,0.516490431953423,0.137484481356222,0.00206772550194786
"Pantothenate",0.143726186908686,0.200736332890963,-0.301558285885526,0.143126846183484,0.0308061132753971,0.208467828246072,-0.0988612526221157,0.0440772293334475,-0.0595830300954664,0.25004495055439,0.170174236910827,0.209028639924654,0.0827775161607946,-0.130767584228777,0.0237767027698104,0.119371548439574,-0.18165161179845,0.100899011087803,0.130292392653795,0.0301725245087547,0.125155186437776,0.162168757224196,0.113960357892033,0.0671432852433751,-0.262883685089259,-0.00672117813262554,0.105976283231303,-0.00988484096065756,0.325112376385975,-0.0353311357506743,0.153555374802004,0.164270730767584,0.351795881673017,0.123211610086048,-0.167194657305535,0.024735647930134,-0.00882315167601353,-0.205916349158782,0.135566591035575,0.201866518258487,0.0369108266621003,-0.279553919260242,0.0203818656620575,0.0093411533027955,-0.117663427372747,0.0801532599854446,0.286668949869429,0.19986728883942,-0.236362857999058,-0.0556744723661116,-0.113519414358491,-0.287148422449591,-0.0486065328139047,0.111849822338285,0.309987585084978,0.00461492358405754,0.32899952908943,-0.000329637398861253,0.243807526007106,-0.187550836936513,-0.0344150006421508,0.0887537993920973,-0.0845669763260413,0.259535939038486,-0.169737574382465,-0.0861637912581874,-0.166573911554433,0.134620488890792,0.20515004923156,0.0242690183655122,-0.302072006507128,0.256235284044694,0.112479130099747,-0.15523352883257,-0.308382208142472,-0.32371248769211,0.0741941007748619,0.10538122351128,-0.147977225052442,-0.148837707093626,0.00649000385290466,-0.28673744595231,-0.0662999272229119,-0.1316623143114,-0.0285243375144484,0.0534055396207029,-0.0477674557986215,0.0804743353739458,-0.0725801618219958,0.0376856885996832,0.259767113318207,-0.277747335074275,-0.0145425745965153,-0.000295389357421122,-0.00916991309559485,0.128241791172567,0.351611798450276,-0.213750588638212,-0.0244573825934329,0.305693736889422,0.307401857956248,-0.151384905175735,0.072622971873796,-0.218228520056509,-0.303989896827775,-0.116653110150263,-0.229508968705852,-0.0790744466800805,0.00855772935485252,-0.0246157797850935,0.252793355879961,0.341881073676099,-0.146457468213537,0.0608245215976711,0.067374459523096,-0.066843614880774,0.361723532685475,0.338079541076245,0.00203775846568774,0.0812106682649086,0.226152660644719,0.116931375486964,-0.214863649985016,-0.107513164090929,-0.00417398005051586,-0.152129800077058,-0.100458067554262,0.0271287298257631,0.161847681835695,0.263894002311743,0.195470696519543,0.377546127830815,0.224637184810994,-0.130699088145897,0.137856928806884,0.216314910741042,-0.0963397405710861,0.217547840232887,1,-0.183569502119098,0.0627338499079584,0.110912282203861,0.292632390085192,0.274322530930262,0.0895971574125605,-0.0107067939552207,-0.0277323515561454,0.156085448863393,0.0169442185025044,0.288847981506058,0.133134980093326,-0.150648572284772,-0.0218160023973629,-0.0242818613810523,0.381321974399589,-0.143649128815446,-0.168898497367182,-0.141230360888737,0.144436833768569,-0.00485465987413845,0.130686245130357,-0.0499336444197098,0.143135408193844,-0.269343721905903,-0.183107153559656,-0.0343807526007106,-0.0447236611156299,-0.17096194186395,0.00503018108651911,0.322509525236526,0.0916135108523481,0.269146795667623,-0.168834282289482,0.262712444882058,0.140892161479515,-0.0501091656320904,-0.0983946230574939,-0.0194914165846141,0.206451474806285,0.270345477118027,-0.243747591934586,0.106036217303823,0.30525279335588,0.0903420523138833,-0.125930048375359
"PEP",-0.542690183655122,-0.744419709747849,0.735288325698874,0.0953379853589623,-0.043944518172867,-0.382195299456312,0.25519499978595,-0.225617534997217,-0.601969262382807,-0.389207585941179,-0.612667494327668,-0.233160666124406,-0.727920715784066,0.308711845541333,0.035523780983775,-0.587503745879532,0.571244488205831,-0.00510295817457939,-0.199481998373218,-0.0475320005137206,0.00363457339783381,0.0665995975855131,-0.233986900124149,-0.134659017937412,0.262078856115416,-0.0413373860182371,-0.268097949398519,-0.230917419410077,-0.309743567789717,-0.422607988355666,0.184982233828503,0.087366753713772,-0.530613468042296,-0.258928036302924,0.567635600839077,0.0408108223810951,0.0220300526563637,0.0305064429127959,0.295757523866604,-0.790701656749005,0.0846354724089216,0.504529303480457,-0.397829530373732,-0.501001755212124,0.0800847639025643,-0.73674386746008,-0.599790230746179,-0.752331007320519,0.459874138447707,0.0485423177362045,0.0686630420822809,0.400646431782182,-0.525236525536196,-0.21302709876279,-0.812509097136007,-0.617038400616465,-0.407581660173809,-0.308797465644933,0.159805642364827,0.503326341024873,0.338931461107068,-0.026580761162721,-0.487948970418254,0.177850079198596,0.494965537908301,0.248195556316623,0.495676184768184,0.159094995504945,-0.26311485936898,-0.572194871355794,0.756016952780513,-0.358808168157883,-0.495723275825164,0.285941178988827,0.735271201678154,0.711353225737403,0.286219444325528,-0.235022903377713,0.692392653795111,0.658684019007663,-0.0309645104670577,0.119521383620874,-0.604653452630678,0.73682948756368,0.393938096665097,0.231264180829659,-0.0558457125733122,-0.0402243246714329,0.174493771137463,-0.1158525621816,-0.294481784322959,0.284605505372661,0.535292606704054,0.453949227278565,-0.623096022946188,-0.0898925467699816,-0.328357378312428,0.420090757309816,0.0534868787191233,-0.555524637184811,-0.55514362772379,-0.03946658675457,-0.327424119183184,0.24739928935314,0.305085834153859,0.354668436148808,0.488625369236697,-0.117085491673445,-0.0353782268076544,0.144441114773749,-0.453135836294362,-0.288073119568475,0.229564621773192,-0.655075131640909,-0.375825163748448,0.461676441628494,-0.290059505972002,-0.411562994991224,-0.0903805813605034,0.208523481313412,-0.365109807782867,-0.0741684147437818,-0.311207671561283,0.364908600539407,0.165383792114388,0.469326597885183,0.471527034547712,0.174245472837022,-0.0829487563679952,-0.340348473821653,-0.342822894815703,-0.186583329765829,-0.0936084592662357,-0.0443940237167687,0.148773492015925,-0.735540905004495,0.188398475962156,-0.741268889935357,-0.183569502119098,1,-0.632788218673745,0.0240506871013314,-0.0094481784322959,-0.0481356222441029,0.26572199152361,-0.132227406995162,-0.354813990324928,-0.280191789032065,0.383351170854917,-0.606498565863265,-0.16588466972045,0.673063915407338,0.0129842887109893,-0.613476604306691,-0.314593946658675,0.532749689627124,0.548075688171583,0.626923241577122,-0.440485465987414,0.511032150348902,-0.43960785992551,0.563470182798921,-0.0279635258358663,0.146894130741898,0.311336101716683,-0.456286656106854,-0.0691168286313626,0.561269746136393,-0.23432938053855,-0.723793826790531,0.182238109508112,-0.206785393210326,-0.191219658375787,0.0636028939595017,-0.464694550280406,0.5209298343251,0.156937368894216,0.0289224709961899,-0.19476433066484,-0.716439059891262,0.499045335844856,-0.0824007877049531,-0.479665225394923,-0.0353140117299542,0.0217303822937626
"Phenylacetic Acid",0.463585769938782,0.774626482298044,-0.661222655079413,-0.12886253692367,-0.0135108523481313,0.261560854488634,-0.29725587567961,0.256188192987714,0.513870456783253,0.293214606789674,0.573530544971959,0.129568902778372,0.745652639239693,-0.196592319876707,-0.142792927779443,0.540626739158354,-0.425048161308275,-0.122680765443726,0.14736076030652,0.0930519285928336,-0.0818100089901109,-0.174245472837022,0.119975170169956,0.0288796609443897,-0.0196284087503746,0.0289010659702898,0.205501091656321,0.237047818827861,0.216580333062203,0.310128858255919,-0.214576822637955,-0.0635814889336016,0.433194914165846,0.237728498651483,-0.446594460379297,-0.0964596087161265,-0.180692666638127,-0.0190076629992722,-0.144120039385248,0.621991523609744,-0.196014384177405,-0.339106982319449,0.285637227621045,0.361393895286613,-0.175683890577508,0.689678496510981,0.482910227321375,0.778547883042938,-0.346025086690355,-0.232355837150563,0.0107239179759408,-0.319183184211653,0.462036046063616,0.109080011986815,0.667986643263838,0.585534483496725,0.238499079583886,0.181981249197312,-0.246059334731795,-0.420369022646517,-0.233794254891048,-0.0332676912539064,0.484387174108481,-0.238053855045165,-0.369412217988784,-0.208484952266792,-0.423845198852691,-0.125369236696776,0.0964210796695064,0.412119525664626,-0.546966907829958,0.195671903763004,0.432775375658205,-0.264112333575924,-0.525613253992037,-0.50800119868145,-0.214020291964553,0.151496211310416,-0.464013870456783,-0.393920972644377,-0.0477888608245216,-0.0975940750888309,0.501164433408964,-0.477190804400873,-0.200500877606062,-0.309991866090158,0.0714242904233914,-0.010004709105698,-0.129834325099533,0.0785735690740186,0.371736803801533,-0.2052913224025,-0.437493043366583,-0.236495569159639,0.541898197696819,0.106010531272743,0.320660130998759,-0.448812021062545,-0.0564664583244146,0.512239393809667,0.563525835866261,-0.0393766856457896,0.348401044565264,-0.120685817029839,-0.403215034890192,-0.310402842587439,-0.398403185067854,0.0193458624084935,0.0991009889121966,-0.171569844599512,0.486472023631149,0.365084121751787,-0.164724517316666,0.669587739201164,0.328554304550709,-0.442330579220001,0.252266792242819,0.179493985187722,0.0382036902264652,-0.159291921743225,0.315176163363158,0.121550580076202,0.211413159809923,-0.379682349415643,-0.180902435891947,-0.430656278094096,-0.370529560340768,-0.226653538250781,0.0799820197782439,0.323297230189649,0.139826191189691,0.0662100261141316,-0.106862451303566,0.0416456183911982,-0.0698403185067854,0.771497067511452,-0.185577293548525,0.632599854445824,0.0627338499079584,-0.632788218673745,1,-0.169831756496425,-0.124003596044351,-0.0963868316280663,-0.293702641380196,-0.00339911811293292,0.238931461107068,0.23408108223811,-0.208814589665653,0.642694464660302,0.0966736589751274,-0.458718267049103,0.0661886210882315,0.570495312299328,0.289169056894559,-0.344085791343808,-0.382328010616893,-0.651988526906118,0.544590949955049,-0.544282717582088,0.229834325099533,-0.414743781839976,0.0887709234128173,-0.0654651312128088,-0.143828931033007,0.327565392354125,-0.01315124791301,-0.525043880303095,0.0788860824521598,0.497564108052571,-0.326071321546299,0.158701143028383,0.185864120895586,-0.0834881630206773,0.55795624812706,-0.509705038743097,-0.170700800547969,0.0448435292606704,0.0634915878248213,0.675786634701828,-0.353833640138705,0.10787704953123,0.527809409649386,0.0561196969048333,-0.177447664711674
"Phenylalanine",-0.14462091699131,-0.217950254719808,0.0869600582216705,0.0520698660045379,-0.0724132026199752,-0.0301083094310544,0.357254163277538,0.0957275568303438,-0.187602208998673,-0.24993364441971,-0.0430455070850636,0.00383578064129458,-0.0843101160152404,-0.253140117299542,0.263067768312,0.0180230318078685,-0.103454771180273,-0.146889849736718,0.204007020848495,0.406314482640524,-0.0488163020677255,0.243837493043367,0.20008990110878,0.0851620360460636,-0.306143242433323,0.0168842844299842,-0.0427629607431825,-0.280457211353226,-0.045267348773492,-0.20801832270217,0.0312342137933987,0.263615736975042,-0.0686716040926409,-0.10786848752087,0.170533841345948,0.123494156427929,-0.0229290637441671,-0.388873667537138,0.0596001541161865,-0.0806113275397063,0.283047219487136,0.0269061175564022,-0.297195941607089,-0.217145425745965,0.0928464403441928,-0.279934928721264,-0.281266321332249,-0.237437390299242,-0.0235540905004495,0.317363757010146,-0.071574125604692,0.12362258658333,-0.140262853718053,-0.022107110749604,-0.0296759279078728,-0.234920159253393,-0.149462733849908,-0.0957361188407038,0.43933387559399,-0.0231131469669078,0.0385889806926666,0.383389699901537,-0.129556059762832,0.225373517701956,-0.141744081510339,-0.504430840361317,0.0279292777944261,-0.0409007234898754,0.266509696476733,-0.200308232372961,0.0327025985701443,0.243995890235027,0.0916092298471681,-0.199036773834496,0.0323515561453829,0.0226636414230061,0.0888222954749775,0.0529431910612612,0.0738430583501006,0.0770324072092127,0.0824179117256732,-0.0396078599255105,-0.246945502804058,0.113870456783253,-0.0284429984160281,0.348824864078086,-0.0698959715741256,-0.123900851920031,-0.532240250010703,0.183449633974057,-0.165550751316409,0.256988740956377,0.0607431824992508,-0.015518643777559,-0.183740742326298,0.0104927436962199,0.087619333019393,0.0663812663213322,-0.255396207029411,-0.254188963568646,-0.262913652125519,0.419645532771095,0.450254719808211,-0.107029410505587,-0.0872597285842716,-0.0267477203647416,0.208065413759151,0.287174108480671,0.157618048717839,0.675718138618948,0.00909713600753457,0.048165589280363,0.00788561154158996,-0.204627766599598,0.0573954364484781,0.452943191061261,0.107722933344749,0.100946102144784,0.237047818827861,0.0697632604135451,-0.233096451046706,-0.193193201763774,-0.261201250053513,0.444248469540648,-0.0704225352112676,0.0624898326126975,0.13683376856886,0.0607132154629907,-0.0173166659531658,-0.11050130570658,0.254668436148808,-0.023429941350229,0.0831199965751959,-0.191737660002569,0.15531914893617,-0.248259771394323,-0.274639325313584,-0.114088788047434,0.110912282203861,0.0240506871013314,-0.169831756496425,1,0.174566548225523,-0.143161094224924,0.390342052313883,0.00617320946958346,-0.0904833254848238,-0.175876535810608,-0.166325613253992,-0.280521426430926,-0.156299499122394,0.139839034205231,-0.154240335630806,-0.238053855045165,0.05525493385847,-0.0742882828888223,-0.0414016010959373,0.392328438717411,-0.0605890663127702,0.357117171111777,0.25538336401387,0.0123036088873668,-0.173547668992679,0.102431610942249,0.196314054540006,-0.187503745879533,-0.0487435249796652,0.237882614837964,-0.328250353182927,-0.117085491673445,0.435292606704054,0.468949869429342,-0.345198852690612,0.391900338199409,-0.0445310158825292,0.232184596943362,0.124397448520913,0.194490346333319,0.370769296630849,-0.250575795196712,0.338803030951667,0.487931846397534,-0.0523952223982191,0.187850507299114,-0.0366668093668393
"Phosphorylcholine",0.117226764844385,0.0232972301896485,0.106721178132626,0.035784922299756,0.0589794083650841,0.114778029881416,-0.0749432766813648,-0.167314525450576,-0.258328695577722,0.0370735048589409,0.0154843957361188,0.192722291193972,-0.157177105184297,-0.127398433152104,0.0981292007363329,-0.1420309088574,-0.130039813348174,0.0711331820711503,0.291232501391327,-0.143370863478745,0.194190675970718,0.349188749518387,-0.0689241833982619,0.237283274112762,0.107329080868188,0.110711074960401,-0.141722676484439,-0.265165460850208,0.208129628836851,-0.239128387345349,0.384682563465902,0.405030181086519,0.167798279035918,0.0559527377028126,0.164001027441243,0.165298172010788,0.213763431653752,0.02895671903763,0.0836594032278779,0.0593989468727257,0.222411062117385,0.0708549167344493,-0.263410248726401,-0.247185239094139,-0.132372961171283,-0.230330921700415,0.0935442441885355,-0.0450490175093112,-4.70910569801789e-05,0.31569416498994,0.15000642150777,0.0282631961984674,-0.278303865747678,-0.05790915707008,-0.0607303394837108,-0.0889764116614581,0.161218374074233,-0.147108181000899,0.317838948585128,0.0116785821310844,-0.0997731067254591,0.0515604263881159,-0.336307204931718,0.300445224538722,-0.124410291536453,-0.136559784237339,-0.140211481655893,0.00232030480756882,0.248555160751745,-0.0329765829016653,-0.100368166445481,0.0240720921272315,0.157519585598699,-0.122847724645747,-0.127218630934543,-0.141765486536239,0.135189862579734,-0.0233100732051886,-0.0448392482554904,-0.17624042125091,0.00566805085834154,-0.0560083907701528,-0.290641722676484,-0.0745965152617835,-0.185954022004367,0.258666894986943,-0.0253435506656963,0.302902521512051,-0.138392054454386,-0.106117556402243,-0.0055781497495612,0.217213921828845,0.0202063444496768,-0.112727428400188,-0.0560212337856929,0.205646645832441,0.0777558970846355,0.265276766984888,0.22905090115159,0.0949612569031209,0.0782524936855174,-0.149779528233229,0.106275953593904,-0.352275354253179,-0.0352112676056338,0.125754527162978,0.0150862622543773,-0.166595316580333,-0.134406438631791,0.193972344706537,0.169968748662186,0.372057879190034,-0.159257673701785,-0.164900038529047,-0.0648657904876065,0.120214906460037,0.254621345091828,0.287105612397791,-0.0380966650969648,0.074990367738345,-0.0707050815531487,-0.139916092298472,-0.177499036773834,0.142887109893403,0.205471124620061,-0.120206344449677,0.0482083993321632,0.290902863992465,0.155995547754613,0.0483111434564836,0.149274369621987,0.217599212295047,0.459060747463504,-0.0622500963226165,0.082370820668693,-0.0318121494927009,-0.0919816772978295,0.072096408236654,0.292632390085192,-0.0094481784322959,-0.124003596044351,0.174566548225523,1,0.472104970247014,0.207410419966608,0.215167601352798,-0.0677383449633974,-0.218613810522711,0.0735861980392996,-0.169446466030224,0.192272785650071,0.0535425317864635,0.0169142514662443,-0.178158311571557,0.251898625797337,-0.0597713943233871,-0.210270131426859,0.180572798493086,0.00950811250481613,0.0619803929962755,0.0201549723875166,-0.152052741983818,-0.0701399888693865,-0.326893274540862,0.164056680508583,-0.268877092341282,-0.0624213365298172,0.217372319020506,-0.14481784322959,0.191913181214949,0.191780470054369,0.167644162849437,-0.385097820968363,0.526473736033221,-0.00517573526263967,0.283256988740956,0.0569716169356565,-0.0754698403185068,0.309876278950298,-0.123267263153388,-0.025793056209598,0.146226293933816,0.0625240806541376,-0.0598912624684276,0.0509610856629137
"Phosphoserine",0.234718952009932,0.100192645233101,0.126169784665439,0.0102487264009589,0.225651783038657,0.105043024102059,-0.231953422663641,-0.124281861381052,-0.29734149578321,0.0791985958303009,0.0115073419238837,0.146337600068496,-0.195205274198382,0.0524765614966394,0.135656492144355,-0.174866218588125,0.00751316409092855,0.132283060062503,0.200629307761462,-0.230729055182157,0.239821910184511,0.370717924568689,-0.0288796609443897,0.220540262853718,0.00527419838178004,0.153632432895244,-0.111237638597543,-0.174121323686802,0.330647716083736,-0.17899738858684,0.18158739672075,0.374082794640182,0.137090628879661,0.0362601138747378,0.0143627723789546,0.149484138875808,0.189113403827219,0.0385675756667666,-0.00250866903548953,0.129645960871613,0.282109679352712,-0.200209769253821,-0.0201549723875166,-0.176043495012629,-0.143041226079884,-0.136028939595017,0.1473222312599,0.0362215848281176,-0.0267990924269018,0.089216147951539,0.113938952866133,-0.119178903206473,-0.256911682863136,-0.09474720664412,-0.0696690782995847,-0.145918061560854,0.256530673402115,-0.135502375957875,0.325292178603536,0.0324157712230832,-0.233100732051886,0.0120082195299456,-0.364942848580847,0.218592405496811,0.0941478659189178,0.187105612397791,-0.122094267734064,0.16844042981292,0.254360203775847,-0.0061047133867032,-0.00757309816344878,-0.0144013014255747,-0.00795838862965024,-0.122744980521426,-0.0279121537737061,-0.0493128986686074,0.0238494798578706,0.179939209726444,-0.0900595059720022,-0.190633160666124,-0.16327753756582,-0.256179630977354,-0.222149920801404,-0.10002996703626,-0.0493813947514876,0.100316794383321,-0.0169484995076844,0.262297187379597,0.180829658803887,-0.0938353525407766,-0.0493985187722077,-0.082370820668693,0.0520013699216576,0.00322359690055225,-0.167584228776917,-0.0622201292863564,-0.0101588252921786,0.0243632004794726,0.240258572712873,0.138049574039985,0.143096879147224,-0.321858812449163,-0.110903720193501,-0.31845541333105,-0.0248041440130143,0.222911939723447,-0.131229932788219,-0.22107110749604,-0.215428742668779,-0.112800205488249,0.198279035917633,0.307735776360289,-0.250503018108652,-0.117800419538508,-0.107504602080569,-0.081056552078428,0.100291108352241,0.300184083222741,0.0454043409392525,-0.0496596600881887,0.16582045464275,-0.262506956633417,-0.0689027783723618,-0.062357121452117,0.141174707821396,-0.0267905304165418,-0.00993193201763774,0.111832698317565,0.161976111991096,0.273932959458881,0.104289567190376,0.2736932231688,0.737801275739544,0.0488077400573655,-0.020274840532557,0.0625882957318378,0.0309302624256175,0.0914765186865876,0.274322530930262,-0.0481356222441029,-0.0963868316280663,-0.143161094224924,0.472104970247014,1,0.00569801789460165,0.0253264266449762,-0.0320005137206216,-0.067635600839077,0.062887966094439,0.0036046063615737,0.384031850678539,0.0111391754784023,0.203185067853932,-0.154022004366625,0.0951110920844214,-0.000800547968663042,-0.172353268547455,0.117398005051586,-0.0981848538036731,0.0712915792628109,0.0102316023802389,-0.0990838648914765,0.0320304807568817,-0.324384605505373,-0.0232544201378484,-0.190423391412304,-0.0577892889250396,0.202842587439531,-0.114923584057537,0.239089858298729,0.0646303352027056,0.0539791943148251,-0.103142257802132,0.175260071064686,-0.14995933045079,0.349719594160709,0.00413973200907573,-0.188377070936256,0.185055010916563,0.0530630592063016,-0.130784708249497,-0.0741256046919817,-0.011314696690783,-0.0526991737660003,0.114983518130057
"Phosphotyrosine",-0.155841431568132,-0.219735433879875,0.349368551735948,0.056838905775076,-0.030253863607175,0.191009889121966,0.0666295646217732,-0.157151419153217,-0.27627466929235,-0.046838477674558,-0.230005565306734,0.285140631020164,-0.224367481484653,-0.0262040327068796,0.190530416541804,-0.119011944004452,0.0733849907958389,-0.057365469412218,0.39725159467443,0.126880431525322,0.101905047305107,0.375867973800248,-0.282392225694593,0.0987499464874353,-0.0172567318806456,0.121542018065842,-0.362250096322617,-0.462845156042639,-0.0209769253820797,-0.386570486750289,0.355062288625369,0.384387174108481,0.131354081938439,-0.0522239821910185,0.482011216233572,-0.046329038058136,0.335673616165076,-0.137497324371762,0.375666766556787,-0.139209726443769,0.239025643221028,0.158058992251381,-0.605869258101802,-0.387366753713772,0.187353910698232,-0.314936427073077,-0.267768311999658,-0.253829359133525,0.0698017894601652,0.230378012757395,0.205860696091442,0.18939166916392,-0.306314482640524,-0.226863307504602,-0.251877220771437,-0.212059591592106,-0.0826704910312941,-0.26041782610557,0.180298814161565,0.193599897255876,-0.144077229333447,-0.00802260370735049,-0.332462862280063,0.209328310287255,0.020792842159339,-0.0246757138576138,-0.112145211695706,0.149479857870628,0.109764972815617,-0.117689113403827,0.198886938653196,-0.129230703369151,0.167404426559356,0.107680123292949,0.159214863649985,0.164895757523867,-0.00940108737531572,-0.0186994306263111,0.248632218844985,0.186095295175307,-0.147553405539621,0.0901237210497025,-0.363684233057922,0.276167644162849,-0.204370906288797,0.134573397833811,-0.122792071578407,0.31306990881459,-0.0495012628965281,0.0784965109807783,-0.0989725587567961,0.204525022475277,0.338781625925767,-0.147613339612141,-0.256723318635216,0.0169913095594846,-0.220009418211396,0.206318763645704,0.295483539535083,-0.169690483325485,-0.151731666595317,-0.0338370649428486,0.254334517744766,-0.324868359090714,0.0724046406096151,0.158748234085363,0.0683162806626996,-0.072104970247014,0.00621601952138362,0.385067853932103,-0.0755768654480072,0.0657391155443298,-0.0348002911083522,-0.313463761291151,-0.0290509011515904,0.298998244787876,0.0866261398176292,0.221524894045122,0.0570358320133567,0.219315895372233,-0.290954236054626,-0.419517102615694,-0.309983304079798,0.334376471595531,0.22377670276981,0.131824992508241,0.0849351427715228,0.392328438717411,0.209687914722377,-0.050524423134552,-0.165576437347489,0.0593861038571857,0.0619932360118156,-0.0541204674857657,0.112012500535126,-0.252104114045978,0.0316922813476604,-0.158127488334261,0.0895971574125605,0.26572199152361,-0.293702641380196,0.390342052313883,0.207410419966608,0.00569801789460165,1,0.0698745665482255,-0.111203390556103,-0.0513035660773149,-0.0364356350871185,-0.304088359946916,-0.0792585299028212,0.38946444625198,0.0892375529774391,-0.200877606061903,-0.124234770324072,0.00281262040327069,-0.0393381565991695,0.411995376514406,-0.0783252707735776,0.29206729740143,-0.176552934629051,0.185769938781626,0.050785564450533,-0.0653966351299285,0.360276552934629,-0.390997046106426,-0.391146881287726,0.304546427501177,-0.171188835138491,-0.0930348045721135,0.227535425317865,0.216888565435164,-0.295915921058264,0.228764073804529,-0.0656021233785693,0.367023417098335,-0.0773534825977139,0.102465858983689,0.345430026970333,-0.271437133438931,0.144984802431611,0.313986043923113,-0.221884498480243,0.0893959501690997,0.111134894473222
"Pipecolate",0.0292692324157712,0.0701827989211867,0.0324286142386232,-0.0286013956076887,0.110856629136521,0.160751744509611,0.0682777516160795,-0.235729269232416,-0.0729440472622972,0.251102358833854,0.0712915792628109,0.188150177661715,0.0163020677255019,-0.035536623999315,0.108831713686374,0.0807654437261869,-0.172417483625155,0.346603022389657,0.170842073718909,-0.0836636842330579,-0.047621901622501,0.00544971959416071,-0.08948585127788,0.199520527419838,0.0364185110663984,-0.133991181129329,-0.187319662656792,-0.182610556958774,0.135485251937155,-0.192602423048932,0.107354766899268,0.0429384819555632,0.180799691767627,0.0831414016010959,0.0591634915878248,-0.00476903977053812,0.112119525664626,0.197183098591549,0.0557130014127317,-0.049749561196969,0.0429770110021833,0.114414144441115,-0.0533541675585427,-0.181715826876151,-0.0449077443383707,-0.0511622929063744,0.111687144141444,0.0669677640309945,-0.112474849094567,0.108056851748791,0.0944946273384991,-0.0566933515989554,-0.185564450532985,-0.0940408407894174,0.071843828931033,0.0212980007705809,0.151444839248255,-0.155948456697633,-0.0259600154116186,-0.164651740228606,-0.105668050858342,-0.105578149749561,-0.073158097521298,0.243298086390685,-0.185209127103044,0.0233400402414487,-0.166103000984631,-0.206425788775204,0.203899995718995,0.0776788389913952,-0.232629821482084,-0.017907444668008,0.106631277023845,-0.0129928507213494,-0.258264480500021,-0.25795624812706,0.0421293719765401,0.0229633117856073,-0.0701485508797466,-0.127860781711546,0.0901023160238024,0.0678325270773578,-0.13949655379083,-0.0575067425831585,-0.237308960143842,-0.0136264394879918,-0.0652810479900681,0.060790273556231,0.0149150220471767,-0.150777002440173,0.000971788175863693,0.324731366924954,-0.11045849565478,-0.239047048246928,0.0556958773920116,0.288043152532215,0.00864763046363286,0.225013913266835,0.0808767498608673,0.0306605590992765,0.0308660473479173,0.0184982233828503,0.0444025857271287,-0.114696690782996,0.225480542831457,-0.0808596258401473,0.0169570615180444,-0.0877220771437134,0.125827304251038,-0.0225266492572456,0.114611070679396,0.169258101802303,0.00619461449548354,-0.103018108651911,-0.134950126289653,0.169763260413545,0.115206130399418,0.415617106896699,-0.00480328781197825,0.609388244359776,0.00166103000984631,0.0873881587396721,-0.0172738559013656,-0.0131940579648101,0.187161265465131,-0.0104370906288797,-0.0613682092555332,0.0480885311871227,0.00977781583115716,0.0249796652253949,-0.0771265893231731,0.0919345862408494,0.0103300654993793,-0.132017637741342,0.0453658118926324,0.0768055139346719,-0.150772721434993,0.133117856072606,-0.0107067939552207,-0.132227406995162,-0.00339911811293292,0.00617320946958346,0.215167601352798,0.0253264266449762,0.0698745665482255,1,-0.0204632047604778,0.178505072991138,0.136679652382379,-0.0546213450918276,0.0124705680893874,-0.00727342780084764,-0.0335930476475877,0.000988912196583758,0.0867502889678496,-0.323995034033991,-0.234975812320733,-0.0385761376771266,-0.00499165203989897,0.0670576651397748,-0.0365340982062588,-0.113690654565692,-0.0585812748833426,-0.208557729354853,0.172271929449035,-0.196142814332805,-0.167939552206858,0.143024102059163,0.0960700372447451,0.126923241577122,0.386463461620789,0.0808767498608673,-0.293099019649814,0.0544286998587268,0.0292777944261313,0.00325356393681236,-0.080521426430926,0.154942420480329,0.15254505757952,-0.0370863478744809,-0.196951924311828,-0.0236439916092299,0.0593432938053855,-0.137064942848581,0.316117984502761
"Proline",0.280328781197825,0.330801832270217,-0.120086476304636,0.105937754184683,0.224936855173595,0.278119782524937,-0.289687058521341,0.0912410634016867,0.059463161950426,-0.0171582687615052,0.103694507470354,0.229782953037373,0.179643820369023,-0.145618391198253,0.0576822637955392,0.158046149235841,-0.338837278993108,0.0466586754569973,0.0886596172781369,0.212021062545486,0.00353182927351342,-0.00731195684746778,-0.104255319148936,-0.0749475576865448,0.115317436534098,0.380803972772807,0.171291579262811,0.120420394708678,0.0238323558371506,-0.00353182927351342,0.210317222483839,0.0135921914465516,0.270058649770966,-0.0156556359433195,-0.0897855216404812,0.156847467785436,-0.0707478916049488,-0.028695577721649,-0.0505843572070722,0.307551693137549,0.237214778029881,-0.299576180487178,0.00671689712744552,0.056856029795796,-0.0382850293248855,0.291172567318806,0.246341881073676,0.351115201849394,0.062365683462477,0.104088359946916,0.166376985316152,0.0384776745579862,0.044475362815189,-0.0539877563251851,0.167862494113618,0.231084378612098,0.169386531957704,-0.00900723489875423,-0.325429170769297,0.056064043837493,-0.399644676570059,0.0422021490646004,0.140536838049574,-0.288103086604735,-0.29207157840661,0.00682392225694593,-0.349552634958688,0.0350229033777131,-0.0303865747677555,0.114289995290894,-0.0611498779913524,-0.213861894772893,0.114589665653495,-0.0201935014341367,-0.0661586540519714,-0.042360546256261,-0.219118969133953,0.373470610899439,-0.149355708720408,-0.214016010959373,-0.160790273556231,-0.224474506614153,0.0885996832056167,-0.206828203262126,-0.240643863179074,-0.218138618947729,-0.374609358277324,0.109067168971274,0.0557172824179117,0.125656064043837,-0.169737574382465,-0.369198167729783,-0.285478830429385,-0.291018451132326,0.150545828160452,0.282546341881074,-0.161119910955092,-0.306524251894345,0.167661286870157,0.0939851877220771,0.0880388715270345,0.048944732223126,-0.172113532257374,-0.291634915878248,0.033956933087889,-0.284755340553962,-0.128567147566249,0.18147180958089,-0.128010616892846,-0.424658589836894,0.118202834025429,0.125638940023117,-0.0966394109336872,0.146607303394837,0.135391069823194,-0.20008133909842,0.181060833083608,0.0853418382636243,-0.0221327967806841,-0.235519499978595,0.434843101160152,0.0411704268162164,-0.103857185667195,-0.070007277708806,0.0366710903720193,0.00205916349158782,-0.37105612397791,0.219106126118413,0.0419367267434394,0.206781112205146,0.261933301939295,-0.199028211824136,-0.0859497409991866,-0.045515647073933,0.0209683633717197,0.337531572413203,0.197157412560469,0.389652810479901,-0.0277323515561454,-0.354813990324928,0.238931461107068,-0.0904833254848238,-0.0677383449633974,-0.0320005137206216,-0.111203390556103,-0.0204632047604778,1,0.201583971916606,-0.216541804015583,0.319654094781455,-0.106001969262383,-0.0311015026328182,0.21309131384049,0.148161308275183,0.0984802431610942,-0.0659103557515305,-0.213296802089131,-0.137343208185282,0.393441500064215,-0.175414187251167,0.216439059891262,-0.0411533027954964,-0.221888779485423,-0.203039513677812,0.0249325741684147,0.00559527377028126,0.110030395136778,-0.0217817543559228,0.0148379639539364,0.134462091699131,-0.105124363200479,-0.230574938995676,0.283119996575196,-0.13413673530545,0.409970461064258,-0.145545614110193,-0.0537951110920844,-0.127852219701186,0.180662699601867,0.345948028597115,-0.0636200179802218,-0.310150263281819,-0.0402885397491331,0.0969519243118284,0.190393424376044
"Pseudouridine",0.269022646517402,0.335861980392996,-0.311002183312642,0.218900637869772,0.0228348816302068,0.441675585427458,-0.248182713301083,0.0122351128044865,0.0298428871098934,0.403857185667195,0.199845883813519,0.429675927907873,0.161779185752815,0.04474934714671,0.192563894002312,0.153135836294362,-0.0791343807526007,0.204537865490817,0.309358277323516,0.170358320133567,0.0325270773577636,-0.0986557643734749,0.0300184083222741,0.0826148379639539,-0.0770837792713729,-0.0421379339869001,0.0927651012457725,0.117410848067126,0.148109936213023,-0.171428571428571,-0.0509996147095338,0.064476219016225,0.423515561453829,0.0802431610942249,0.0284387174108481,-0.191258187422407,-0.119607003724475,0.0205702298899782,0.0818314140160109,0.171753927822253,-0.0930562095980136,-0.12116528961,0.021845969433623,-0.14462091699131,-0.0104627766599598,0.224457382593433,0.352322445310159,0.332552763388844,-0.0610043238152318,-0.162631105783638,0.319260242304893,-0.143970204203947,0.00764587525150905,-0.0890620317650584,0.283736461321118,0.214987799135237,0.358230232458581,-0.13147395008348,-0.103814375615394,-0.141692709448178,-0.220103600325356,0.0225394922727856,0.0338841559998288,0.00651568988398476,-0.0268847125305022,0.201275739543645,-0.301605376942506,0.0780427244316966,-0.127788004623486,0.137060661843401,-0.249051757352626,-0.0990324928293163,0.111250481613083,0.0333533113575067,-0.261252622115673,-0.253688085962584,0.02367823965067,0.167374459523096,-0.166749432766814,-0.199071021875936,0.0873282246671518,-0.0359304764758765,0.029735861980393,-0.172622971873796,-0.217817543559228,-0.396117128301725,0.118181428999529,0.112757395436448,0.21584828117642,0.281711545870971,0.0689926794811422,-0.1789845455713,-0.239984588381352,-0.226024230489319,0.114332805342694,0.195385076415942,0.234415000642151,-0.208442142214992,0.172473136692495,0.234864506186052,0.28428014897898,-0.0817072648657905,0.0696733593047648,-0.116105141487221,-0.199058178860396,-0.345631234213793,-0.341196112847297,-0.369249539791943,-0.138075260071065,-0.19743995890235,0.119701185838435,0.150404554989512,0.0620916991309559,0.101943576351727,-0.0710133139261099,-0.0586412089558628,0.174172695748962,0.38428014897898,0.19216147951539,0.107684404298129,0.251346376129115,0.0338584699687487,-0.0310073205188578,-0.0697761034290851,0.108390770152832,0.0596429641679866,-0.230870328353097,-0.175020334774605,0.238118070122865,0.359912667494328,-0.168620232030481,0.115355965580718,-0.230630592063016,-0.275195855986986,-0.333216319191746,0.333884155999829,-0.0705937754184683,0.331790744466801,0.156085448863393,-0.280191789032065,0.23408108223811,-0.175876535810608,-0.218613810522711,-0.067635600839077,-0.0513035660773149,0.178505072991138,0.201583971916606,1,-0.0889036345733978,0.329568902778372,0.0548996104285286,-0.0491844685132069,0.175615394494627,0.193998030737617,0.18696433922685,-0.0167130442227835,-0.211995376514406,-0.240725202277495,0.297063230446509,-0.078410890877178,0.00145982276638555,-0.0385590136564065,0.276882572027912,-0.179892118669464,-0.0558328695577722,-0.159634402157627,-0.322256945930905,-0.170777858641209,0.220206344449677,0.229551778757652,-0.0841431568132197,-0.0625840147266578,0.0655935613682092,-0.12627680979494,0.315989554347361,-0.171497067511452,-0.268149321460679,-0.116974185538764,0.0885440301382765,0.333254848238366,-0.194319106126118,-0.0495611969690483,0.380684104627767,0.280876749860867,0.043944518172867
"Putrescine",-0.227222911939723,-0.293745451431996,0.306023374288283,0.0372789931075817,-0.0157498180572798,-0.265233956933088,0.0870756453615309,-0.117500749175907,-0.261265465131213,-0.0685645789631406,-0.400599340725202,-0.1737146281947,-0.29218716554647,0.279690911426003,-0.0535082837450233,-0.2210368594546,0.42893959501691,0.0378526478017038,-0.108523481313412,-0.0142899952908943,-0.0272314739500835,0.108566291365213,0.0139903249282932,-0.15790915707008,0.399036773834496,-0.0929106554218931,-0.141191831842117,-0.199713172652939,-0.201125904362344,-0.223335759236269,-0.232398647202363,0.0185581574553705,-0.244102915364528,0.173954364484781,0.204139732009076,-0.166668093668393,-0.311494498908344,0.147180958088959,0.143225309302624,-0.386001113061347,-0.157185667194657,0.302427329937069,-0.0261783466757995,-0.254441542874267,0.00605762232972302,-0.318613810522711,-0.223361445267349,-0.306198895500664,0.307329080868188,0.0551778757652297,0.0174065670619461,0.209923370007278,-0.197945117513592,-0.00695663341752644,-0.242527505458282,-0.254878205402629,0.0856029795796053,-0.0808895928764074,0.0983475320005137,0.0735305449719594,0.287803416242134,0.0782781797165975,-0.159116400530845,0.111926880431525,0.367738344963397,0.222847724645747,0.127415557172824,0.0873367866775119,-0.219174622201293,-0.326696348302581,0.277571813861895,0.0242304893188921,-0.328494370478188,0.211627210068924,0.259398946872726,0.246114987799135,0.270752172610129,-0.314337086347874,0.358735391069823,0.301001755212124,0.136362857999058,0.109820625882957,-0.293167515732694,0.312316451902907,0.133349030352327,0.315766942078,0.087105612397791,-0.291844685132069,0.203784408579134,-0.337882614837964,0.0614581103643135,0.041851106639839,0.417967378740528,0.13151676013528,-0.187079926366711,-0.125737403142258,0.0632261655036603,0.22104970247014,-0.109764972815617,-0.184746778543602,-0.153367010574083,0.0637612911511623,-0.155409050044951,0.0169913095594846,0.147643306648401,0.327055952737703,0.431015882529218,-0.0722890534697547,-0.0806798236225866,0.00556530673402115,0.0985487392439745,0.0619247399289353,0.315514362772379,-0.235712145211696,-0.305120082195299,0.264052399503403,-0.18412175178732,-0.10521854531444,-0.365229675927908,0.209923370007278,-0.200440943533542,0.0108951581831414,-0.116036645404341,-0.0719851021019735,0.0570443940237168,0.279913523695364,0.305458281604521,-0.338306434350786,-0.253007406138961,-0.229992722291194,-0.0300184083222741,0.11065970289824,-0.0819427201506914,0.219778243931675,0.0684661158440002,-0.294070807825677,-0.169998715698446,-0.202307461792029,0.0169442185025044,0.383351170854917,-0.208814589665653,-0.166325613253992,0.0735861980392996,0.062887966094439,-0.0364356350871185,0.136679652382379,-0.216541804015583,-0.0889036345733978,1,-0.248859112119526,0.145297315809752,0.198981120767156,-0.236427073076758,-0.262357121452117,-0.0736033220600197,0.10005137206216,0.201083094310544,0.12376814075945,-0.220065071278736,0.166398390342052,-0.3106254548568,0.194216362001798,0.0467014855087975,0.0811378911768483,0.207761462391369,-0.25523352883257,-0.0942762960743183,0.221306562780941,0.0273085320433238,-0.305017338070979,0.132210282974442,-0.296626567918147,-0.0308788903634573,0.100607902735562,-0.210848067126161,0.136508412175179,-0.00611755640224325,-0.0687871912325014,-0.354454385889807,-0.294096493856758,0.236564065242519,-0.154313112718866,-0.162887966094439,-0.282623399974314,-0.0108908771779614
"Pyridoxamine",0.665272485979708,0.755507513164091,-0.709276938225095,0.108300869044052,0.0704054111905475,0.265144055824308,-0.387756325185153,0.12904662014641,0.423990753028811,0.254090500449506,0.535528061988955,0.1262639667794,0.590688813733465,-0.198801318549595,-0.128216105141487,0.466616721606233,-0.536568346247699,-0.0736118840703797,0.140815103386275,0.116691639196883,0.0920630163962498,-0.175636799520527,0.0170640866475448,0.0590864334945845,-0.10523566933516,-0.0719080440087333,0.258195984417141,0.396224153431226,0.279108694721521,0.289858298728541,-0.167609914807997,-0.122432467143285,0.446821353653838,0.246782824607218,-0.545459994006593,-0.120570229889978,-0.218048717838949,-0.0937454514319962,-0.17622757823537,0.648850550109166,0.0156641979536795,-0.465602123378569,0.317252450875466,0.348816302067726,-0.314598227663855,0.739278222526649,0.719478573569074,0.788556873153817,-0.322749261526606,-0.333849907958389,0.0215591420865619,-0.350879746564493,0.359309045763945,0.207179245686887,0.622111391754784,0.571248769211011,0.243058350100604,0.195457853504003,-0.301866518258487,-0.28149749561197,-0.339757695106811,0.000136992165760521,0.301190119440045,-0.302140502590008,-0.464155143627724,-0.0502375957874909,-0.375024615779785,0.0862280063358877,0.0956975897940837,0.375979279934929,-0.501318549595445,0.100286827347061,0.325168029453316,-0.218125775932189,-0.479493985187722,-0.46048204118327,-0.390919988013186,0.225407765743397,-0.5262639667794,-0.497555546042211,-0.219093283102873,-0.25258786763132,0.425814461235498,-0.570110021833126,-0.131439702042039,-0.450999614709534,-0.0877648871955135,0.0268162164476219,0.0202962455584571,0.170867759749989,0.282131084378612,-0.474091356650542,-0.398458838135194,-0.174446680080483,0.455957018707993,0.126901836551222,0.193672674343936,-0.616597457082923,0.0678239650669977,0.632771094653025,0.672674343935956,-0.187653581060833,0.157198510210197,-0.205603835780641,-0.340476903977054,-0.270598056423648,-0.395778928892504,-0.0557515304593519,-0.0322959030780427,-0.3789845455713,0.371308703283531,0.345211695706152,-0.309503831499636,0.608322274069952,0.237647159553063,-0.602384519885269,0.339723447065371,0.219589879703754,-0.0690654565692024,-0.250460208056852,0.64737360332206,0.117971659745708,0.0375230104028426,-0.413399546213451,0.0201549723875166,-0.438126632133225,-0.539830472194871,-0.226760563380282,0.13167515732694,0.620450361744938,0.0941521469240978,0.00472194871355794,-0.0590650284686844,0.030536409949056,-0.153371291579263,0.772310458495655,0.0296973329337728,0.711019307333362,0.288847981506058,-0.606498565863265,0.642694464660302,-0.280521426430926,-0.169446466030224,0.0036046063615737,-0.304088359946916,-0.0546213450918276,0.319654094781455,0.329568902778372,-0.248859112119526,1,0.0831756496425361,-0.401027441243204,0.243430797551265,0.428331692281348,0.322295474977525,-0.265195427886468,-0.336041782610557,-0.633344749347147,0.512230831799307,-0.610651140887881,0.241024872640096,-0.29736290080911,0.15002782653367,-0.176163363157669,-0.240553962070294,0.298321845969434,-0.000693522839162635,-0.498745665482255,0.177053812235113,0.539791943148251,-0.41325827304251,0.104062673915835,0.330078342394794,-0.118558157455371,0.50009418211396,-0.48686159510253,-0.245160323643992,-0.0883000128430155,0.0170683676527249,0.916785821310844,-0.420381865662057,-0.0222697889464446,0.456423648272614,0.135288325698874,-0.0381223511280449
"Pyroglutamic Acid",0.211862665353825,0.167481484652596,-0.0849308617663427,-0.0690526135536624,0.131735091399461,0.259998287597928,-0.322089986728884,0.0742497538422021,0.045793912410634,0.207555974142729,0.067888180144698,0.238704567832527,0.105561025728841,0.0801575409906246,0.158033306220301,0.118112932916649,0.0341024872640096,-0.0108523481313412,0.0624769895971574,-0.0590479044479644,0.300308232372961,0.262661072819898,0.0934714671004752,0.257356907401858,0.04998929748705,-0.141619932360118,8.99011087803416e-05,0.00713643563508712,0.193920972644377,0.0124063530116871,-0.0247998630078342,0.227479772250524,0.325831585256218,0.189982447878762,-0.10779142942763,-0.0529603150819812,0.039740571086091,0.127441243203904,-0.024213365298172,0.250999614709534,-0.140331349800933,0.0233186352155486,0.133169228134766,0.0497538422021491,-0.0240378440857913,0.0923498437433109,0.210188792328439,0.139971745365812,-0.187555117941693,-0.0869600582216705,0.134530587782011,-0.208763217603493,-0.0047904447964382,-0.00151547583372576,0.167391583543816,0.171664026713472,0.416588895072563,0.0513592191446552,0.14996789246115,-0.263996746436063,-0.147788860824522,-0.0720279121537737,-0.0590650284686844,0.0917205359818485,0.0661158440001712,0.229782953037373,-0.270473907273428,0.0377370606618434,0.0714114474078514,0.241149021790316,-0.298381780041954,0.0658332976582902,0.0879532514234342,-0.0741598527334218,-0.298737103471895,-0.317860353611028,0.0974998929748705,0.17624470225609,-0.193518558157455,-0.152797636885141,0.0321246628708421,0.0970461064257888,0.162746692923498,-0.16568774348217,-0.41318977695963,-0.0161950425960015,0.162519799648958,0.169022646517402,0.247155272057879,-0.00207200650712787,-0.110047519157498,-0.182430754741213,0.0377798707136436,-0.370542403356308,0.114906460036817,0.0452973158097521,0.244522453872169,-0.0523181643049788,0.158187422406781,0.26062331435421,0.23164519029068,-0.241388758080397,0.109204161137035,-0.142600282546342,-0.0514876493000557,0.0895586283659403,-0.224864078085534,-0.283449633974057,-0.141140459779956,-0.00100603621730382,0.180221756068325,0.153653837921144,-0.0254420137848367,0.0885354681279164,0.026058478530759,-0.153054497195942,0.076591463675671,0.421233785692881,-0.0100518001626782,-0.0617021276595745,0.106789674215506,-0.0764501905047305,0.0417526435206987,-0.270139988869387,0.24201806584186,0.0321203818656621,0.0504002739843315,-0.0664882914508327,0.0734534868787191,0.214144441114774,-0.0454300269703326,0.352814760905861,0.163397405710861,0.289824050687101,0.0853546812791643,0.160302238965709,-0.261239779100133,0.193274540862194,0.133134980093326,-0.16588466972045,0.0966736589751274,-0.156299499122394,0.192272785650071,0.384031850678539,-0.0792585299028212,0.0124705680893874,-0.106001969262383,0.0548996104285286,0.145297315809752,0.0831756496425361,1,-0.199708891647759,-0.10000428100518,0.23424376043495,0.0880431525322146,-0.179870713643563,-0.28942591720536,-0.277751616079455,0.0916606019093283,-0.230609187037116,-0.00661415300312513,-0.258658332976583,0.262322873410677,-0.210766728027741,-0.187152703454771,0.0380538550451646,-0.197153131555289,-0.120630163962498,0.0561368209255533,0.342356265251081,-0.166531101502633,0.0566120125005351,0.0837493043366583,-0.0283102872554476,0.0602166188621088,-0.198030737617193,-0.233507427543987,-0.132133224881202,-0.148529474720664,0.15011344663727,-0.275247228049146,-0.010261569416499,0.265071278736247,-0.0163834068239223,0.0734920159253393
"Pyruvate",-0.26052913224025,-0.475825163748448,0.62097692538208,0.276942506100432,0.0180144697975085,-0.0576480157540991,0.113532257374031,-0.376064900038529,-0.593467186095295,-0.319315895372233,-0.481720107881331,0.0584571257331221,-0.599618990538978,0.13148251209384,0.110582644805,-0.606335887666424,0.268663042082281,0.01051414872212,0.259634402157627,0.0669763260413545,0.0507213493728327,0.193895286613297,-0.488026028511495,-0.0600368166445481,0.170187079926367,0.137711374630763,-0.414294276296074,-0.354552849008947,-0.249364270730768,-0.552091271030438,0.289674215505801,0.309906245986558,-0.213660687529432,-0.237356051200822,0.779399803073762,0.0713557943405112,0.0854531443983047,-0.0481912753114431,0.371612654651312,-0.517085491673445,0.410385718566719,0.399019649813776,-0.633948371077529,-0.598154886767413,-0.0523952223982191,-0.628502932488548,-0.36308489233272,-0.494935570872041,0.584566976326041,0.134770324072092,0.424363200479473,0.543901708121067,-0.471775332848153,-0.317659146367567,-0.70522282631962,-0.516627424119183,-0.324615779785094,-0.393539963183355,0.196596600881887,0.521738944304123,-0.0580846782824607,0.0323215891091228,-0.567361616507556,0.068153602465859,0.237865490817244,0.122723575495526,0.0296545228819727,0.223211610086048,-0.0846611584400017,-0.432925210839505,0.567365897512736,-0.520103600325356,-0.235142771522754,0.228434436405668,0.52892675200137,0.513874737788433,0.0890663127702385,0.0506913823365726,0.659326169784665,0.595385076415942,-0.237617192516803,0.101065970289824,-0.680992337000728,0.685962584014727,0.0669763260413545,0.00565092683762147,-0.186330750460208,0.241786891562139,0.0637441671304422,0.0117599212295047,-0.370469626268248,0.339654950982491,0.423447065370949,0.129260670405411,-0.593390128002055,0.0910698231944861,-0.401472665781926,0.265306734021148,0.357035832013357,-0.444150006421508,-0.414739500834796,-0.116969904533584,-0.129825763089173,0.049479857870628,0.264942848580847,0.243841774048547,0.269266663812663,-0.113840489746993,0.0729140802260371,0.183556659103558,-0.295915921058264,-0.0491545014769468,0.0397576951068111,-0.650661415300313,-0.375816601738088,0.376501562566891,-0.0584571257331221,-0.128584271586969,0.0181257759321889,0.21839119825335,-0.178398047861638,-0.313986043923113,-0.402054882486408,0.493968063701357,0.26570058649771,0.325519071878077,0.234697546984032,0.282499250824093,0.0819726871869515,-0.108549167344492,-0.275153045935186,-0.281767198938311,-0.0123549809495269,-0.189207585941179,0.0347018279892119,-0.490500449505544,0.246590179374117,-0.416413373860182,-0.150648572284772,0.673063915407338,-0.458718267049103,0.139839034205231,0.0535425317864635,0.0111391754784023,0.38946444625198,-0.00727342780084764,-0.0311015026328182,-0.0491844685132069,0.198981120767156,-0.401027441243204,-0.199708891647759,1,0.280414401301426,-0.473898711417441,-0.164891476518687,0.374707821396464,0.143186780256004,0.638426302495826,-0.108198124919731,0.522167044822124,-0.350455927051672,0.434843101160152,-0.0712016781540306,0.0269018365512222,0.424478787619333,-0.577447664711674,-0.306879575324286,0.573958645489961,-0.250931118626654,-0.566355580290252,0.305184297273,-0.0795239522239822,-0.33685517359476,0.149693908129629,-0.159904105483968,0.564904319534227,0.0115030609187037,0.166625283616593,0.261488077400574,-0.481227792285629,0.404572113532257,0.08946444625198,-0.389896827775162,0.067644162849437,0.164082366539663
"Reduced Glutathione",0.384528447279421,0.29732865276767,0.016045207414701,0.416006678368081,0.193278821867374,0.348627937839805,-0.187974656449334,-0.118810736760991,-0.257626610728199,-0.0326769125390642,-0.0256903120852776,0.350597200222612,-0.089203304935999,-0.225287897598356,0.00259428913908986,-0.10782995847425,-0.368260627595359,-0.196408236653966,0.356504987371035,-0.0250995333704354,0.212072434607646,0.00211053555374802,-0.31042424761334,0.0321931589537223,-0.0992979151504773,0.346264822980436,-0.0845027612483411,-0.0311871227364185,0.254933858469969,-0.222680765443726,0.398728541461535,0.103022389657091,0.332231688000342,-0.149364270730768,0.114058821011173,0.0372533070765016,0.240100175521212,-0.0959330450789845,0.135224110621174,0.150344620916991,0.395654779742283,-0.22902093411533,-0.206571342951325,-0.251431996232715,-0.312033905561026,0.0515604263881159,0.238845841003468,0.271270174236911,0.237398861252622,-0.187854788304294,0.514401301425575,0.152784793869601,-0.289948199837322,-0.249398518772208,-0.0487049959330451,0.0180829658803887,0.00975641080525707,-0.241226079883557,0.0294918446851321,0.388291450832656,-0.480816815788347,0.0762275782353697,-0.204721948713558,-0.246962626824778,-0.28419880988056,-0.000851920030823237,-0.360858769639111,0.0807269146795668,0.16050344620917,-0.00114302838306434,0.090787276852605,-0.30799691767627,0.323973629008091,-0.127287127017424,0.069472152061304,0.0807654437261869,-0.154878205402629,0.333357592362687,0.018952009931932,-0.108176719893831,-0.355092255661629,-0.214016010959373,-0.244295560597628,-0.038687443811807,-0.0518857827817972,-0.376608587696391,-0.251701699559056,0.559480285971146,0.00856201036003254,0.15533199195171,-0.171390042381951,-0.100787704953123,-0.130694807140717,-0.0109080011986815,-0.17360332206002,0.0272057879190034,-0.315510081767199,-0.230223896570915,0.556719037630035,0.25252365255362,0.295620531700843,-0.437908300869044,-0.0427287127017424,-0.0867802560041098,0.0548439573611884,-0.108502076287512,-0.374442399075303,-0.114148722119954,0.0303865747677555,-0.243606318763646,0.108356522111392,0.279489704182542,-0.483513849051757,-0.103972772807055,-0.152446594460379,-0.232822466715185,0.248833426088446,0.268556016952781,0.0482298043580633,-0.00469198167729783,0.398005051586112,-0.283158525621816,-0.182820326212595,0.159732865276767,0.182927351342095,-0.233503146538807,-0.422655079412646,0.385555888522625,0.343062631105784,0.41853247142429,-0.233370435378227,-0.276480157540991,0.199653238580419,-0.163718481099362,-0.0543302367395865,0.274035703583201,0.528190419110407,0.217886039642108,-0.0218160023973629,0.0129842887109893,0.0661886210882315,-0.154240335630806,0.0169142514662443,0.203185067853932,0.0892375529774391,-0.0335930476475877,0.21309131384049,0.175615394494627,-0.236427073076758,0.243430797551265,-0.10000428100518,0.280414401301426,1,-0.024996789246115,0.100338199409221,0.115163320347618,-0.254852519371548,0.0137891176848324,0.282619118969134,0.0472665781925596,0.00741898197696819,0.170842073718909,0.0124234770324072,-0.333186352155486,0.08948585127788,-0.256432210282974,-0.0963568645918062,0.0778029881416157,-0.273076758422878,0.131807868487521,-0.00776574339654951,0.0469455028040584,-0.0580290252151205,0.105698017894602,0.245220257716512,0.257763602893959,-0.224406010531273,0.0461406738302153,0.404833254848238,0.258225951453401,-0.0506999443469327,0.0106340168671604,-0.098150605762233,0.135219829615994,0.0521811721392183
"Retinol",0.400659274797723,0.601048846269104,-0.613395265208271,-0.32639667793998,-0.0164219358705424,0.354480071920887,-0.26570058649771,0.156166787961813,0.699511965409478,0.393265978851834,0.508600539406653,0.204640609615138,0.625108095380795,-0.21583543816088,-0.0743054069095424,0.449244402585727,-0.429526092726572,-0.169613425232245,0.0305406909542361,-0.0141059120681536,0.0391754784023289,-0.161483796395394,0.0926623571214521,0.00641722676484439,-0.106181771479943,-0.00816815788347104,0.206567061946145,0.295483539535083,0.164698831285586,0.522479558200265,-0.209525236525536,-0.192777944261313,0.457408279464018,0.272866989169057,-0.420797123164519,-0.128323130270988,-0.0308317993064772,-0.0286185196284088,-0.146487435249797,0.672674343935956,-0.283453914979237,-0.343195342266364,0.345669763260414,0.558679738002483,-0.107170683676527,0.629367695534912,0.479549638255062,0.626041354510039,-0.370443940237168,-0.259403227877906,-0.0644291279592448,-0.311815574296845,0.728468684447108,0.200907573098163,0.663521554861081,0.631752215420181,0.304054111905475,0.350498737103472,-0.256941649899396,-0.381702983860611,-0.222269788946445,-0.151342095123935,0.480422963311786,-0.28407894173552,-0.379815060576223,-0.110137420266279,-0.38418168585984,-0.17891604948842,0.00082623399974314,0.808086818785051,-0.577631747934415,0.179605291322402,0.371732522796353,-0.187704953122993,-0.55529774391027,-0.530463632860996,-0.249086005394067,0.0443084036131684,-0.573449205873539,-0.456573483453915,0.0402885397491331,0.0312470568089387,0.645331563851192,-0.562087418125776,-0.292632390085192,-0.298107795710433,0.0804700543687658,0.115407337642879,-0.0373860182370821,0.063932531358363,0.349013228306006,-0.187238323558371,-0.398338969990154,-0.344398304721949,0.53671390042382,0.0812449163063487,0.219333019392953,-0.390359176334603,0.0336444197097478,0.423301511194829,0.428751230788989,-0.0732351556145383,0.213562224410292,-0.0449034633331906,-0.273898711417441,-0.317727642450447,-0.510287255447579,0.0746906973757438,0.0435977567532857,-0.179716597457083,0.293137548696434,0.167408707564536,-0.22632390085192,0.593471467100475,0.304263881159296,-0.471771051842973,0.119041911040712,0.211961128472965,0.0239265379511109,-0.141953850764159,0.101626781968406,0.116563209041483,0.382803202191875,-0.42636242989854,-0.116451902906803,-0.39731580975213,-0.420839933216319,-0.152134081082238,0.0335630806113275,0.142625968577422,0.0753799392097264,0.055785778500792,-0.0904576394537437,0.225968577421979,-0.0851149449890834,0.611044993364442,-0.0643863179074447,0.518232801061689,-0.0242818613810523,-0.613476604306691,0.570495312299328,-0.238053855045165,-0.178158311571557,-0.154022004366625,-0.200877606061903,0.000988912196583758,0.148161308275183,0.193998030737617,-0.262357121452117,0.428331692281348,0.23424376043495,-0.473898711417441,-0.024996789246115,1,0.00525279335587996,-0.325364955691596,-0.35539192602423,-0.637287555117942,0.333314782310887,-0.545999400659275,0.289866860738901,-0.423275825163748,0.16855601695278,-0.0159124962541205,-0.278453700928978,0.537047818827861,-0.0107624470225609,-0.621623357164262,0.124050687101331,0.586570486750289,-0.411845541333105,0.138314996361146,0.177263581488934,-0.188287169827475,0.379592448306862,-0.574005736546941,-0.146769981591678,0.00446508840275697,0.00723061774904748,0.550995333704354,-0.469266663812663,0.0355066569630549,0.406832484267306,-0.03947942977011,-0.0740999186609016
"Riboflavin",0.216576052057023,0.330262425617535,-0.317209640823665,0.296806370135708,-0.00319362986429214,0.18159595873111,-0.143349458452845,0.011571557001584,0.0373389271801019,0.107050815531487,0.211066398390342,0.140425531914894,0.292760820240593,-0.208048289738431,0.0499764544715099,0.156235284044694,-0.209769253820797,-0.0514919303052357,0.300329637398861,0.00754741213236868,-0.108758936598313,-0.0275354253178646,0.155991266749433,0.0852390941393039,-0.154107624470226,0.0716254976668522,0.0940322787790573,0.00232458581274883,0.175302881116486,-0.101947857356907,0.0640866475448435,-0.0173295089687059,0.259972601566848,0.0941821139603579,-0.152339569330879,0.109726443768997,-0.0899439188321418,-0.0884027569673359,-0.0028169014084507,0.135309730724774,-0.0147908728969562,-0.11302709876279,0.0303822937625755,-0.0391540733764288,-0.0190932831028726,0.20267990924269,0.236332890962798,0.304529303480457,-0.266227150134852,0.00888308574853375,0.158855259214864,-0.223528404469369,-0.0014726657819256,-0.0469497838092384,0.311323258701143,0.140104456526392,0.241337386018237,0.00749175906502847,0.230219615565735,-0.310788133053641,-0.11322402500107,0.0813048503788689,-0.0565649214435549,0.104490774433837,-0.189652810479901,-0.203189348859112,-0.383278393766856,-0.140404126888994,0.35782353696648,0.0337086347874481,-0.372113532257374,0.158354381608802,0.350678539321033,-0.262305749389957,-0.386694635900509,-0.390324928293163,0.0646431782182457,0.289682777516161,-0.224774176976754,-0.294177832955178,6.84960828802603e-05,-0.137116314910741,-0.0279378398047862,-0.245447150991053,-0.258880945245944,-0.0504302410205916,-0.0229247827389871,0.0593561368209256,-0.134594802859711,0.168795753242861,0.023412817329509,-0.030001284301554,-0.288663898283317,-0.24748490945674,0.19202020634445,-0.0639068453272828,0.380405839291066,-0.0772250524423135,0.0193201763774134,0.289695620531701,0.307740057365469,-0.0452801917890321,0.285324714242904,-0.102448734962969,-0.29213151247913,-0.0669163919688343,-0.183458195984417,-0.149633974057109,0.123220172096408,0.10524423134552,0.254129029496126,0.28682734706109,-0.158979408365084,0.21046705766514,0.138832997987928,-0.116999871569845,0.286236568346248,0.315261783466758,0.214944989083437,-0.03422235540905,0.244402585727129,0.0744124320390428,-0.134800291108352,0.0426131255618819,-0.125262211567276,-0.232612697461364,-0.109559484566976,-0.0253178646346162,0.378483667965238,0.331229932788219,0.282572027912154,0.257613767712659,0.0970589494413288,-0.200248298300441,-0.013412389228991,0.310295817457939,-0.289057750759878,0.345781069395094,0.381321974399589,-0.314593946658675,0.289169056894559,0.05525493385847,0.251898625797337,0.0951110920844214,-0.124234770324072,0.0867502889678496,0.0984802431610942,0.18696433922685,-0.0736033220600197,0.322295474977525,0.0880431525322146,-0.164891476518687,0.100338199409221,0.00525279335587996,1,-0.185371805299884,-0.299567618476818,-0.196236996446766,0.325364955691596,-0.210197354338799,0.0415086262254377,-0.177327796566634,0.0206087589365983,-0.208309431054412,-0.0558029025215121,-0.101036003253564,-0.109178475105955,-0.218061560854489,-0.0467657005864977,0.220788561154159,0.188672460293677,0.249779528233229,-0.115253221456398,0.338880089044908,0.291382336572627,-0.0415514362772379,-0.0827004580675543,0.0932017637741342,0.213395265208271,0.291172567318806,-0.057117171111777,0.261676441628494,0.436581189263239,0.203493300226893,-0.170486750288968
"Ribose-5-P",-0.299546213450918,-0.40261569416499,0.364467657005865,0.20262425617535,0.0454214649599726,-0.276458752515091,0.0622244102915364,-0.0256646260541975,-0.350246157797851,-0.396618005907787,-0.36320904148294,-0.208065413759151,-0.449415642792928,0.094468941307419,-0.0982233828502932,-0.364095209555204,0.294156427929278,-0.150468770067212,-0.193304507898455,-0.00134851663170512,0.0108523481313412,0.0120082195299456,-0.151350657134295,-0.203446209169913,0.176749860867332,0.0596772122094268,-0.137818399760264,-0.0327025985701443,-0.401772336144527,-0.204460807397577,0.112106682649086,-0.0277023845198853,-0.348422449591164,-0.305625240806541,0.315253221456398,-0.00277837236183056,-0.119016225009632,-0.0941949569758979,0.124320390427672,-0.433961214093069,0.0163876878291023,0.338940023117428,-0.190016695920202,-0.276552934629051,0.0208399332163192,-0.367841089087718,-0.357292692324158,-0.403981334817415,0.384391455113661,-0.0830900295389357,0.134877349201593,0.370657990496169,-0.233404683419667,-0.102453015968149,-0.518125775932189,-0.311550151975684,-0.315916777259301,-0.136418511066398,-0.0292863564364913,0.305060148122779,0.173915835438161,0.116781540305664,-0.229945631234214,-0.0797850935399632,0.311862665353825,0.230998758508498,0.376677083779271,0.364797294404726,-0.208279464018151,-0.386279378398048,0.561847681835695,-0.351406310201635,-0.433635857699388,0.095534911597243,0.582006935228392,0.553028811164861,0.246388972130656,-0.10515433023674,0.325955734406439,0.267862494113618,0.0889336016096579,0.0603792970589494,-0.287032835309731,0.343606318763646,0.361830557814975,-0.138379211438846,-0.109940494027998,-0.0884541290294961,0.208660473479173,0.278736247270859,-0.25539192602423,0.0858598398904063,0.31848109936213,0.393694079369836,-0.280187508026885,-0.112710304379468,-0.194884198809881,0.128314568260628,-0.0276595744680851,-0.426165503660259,-0.407453230018408,-0.00053940665268205,-0.349171625497667,0.194199237981078,0.164784451389186,0.177734492058735,0.293158953722334,-0.145027612483411,-0.373025386360717,-0.0462476989597157,-0.484888051714543,-0.290932831028726,0.0966736589751274,-0.360828802602851,-0.188304293848196,0.274900466629565,-0.273988612526221,-0.399837321803159,-0.164626054197526,-0.0190162250096323,-0.125052442313455,-0.00905432595573441,-0.138777344920587,0.195346547369322,-0.00630163962498395,0.303827218630935,0.227278565007064,0.0941521469240978,-0.0378226807654437,-0.0993621302281776,-0.11573269403656,-0.180166103000985,-0.160670405411191,-0.0469455028040584,-0.0510937968234942,-0.378573569074019,0.0955648786335031,-0.455404769039771,-0.143649128815446,0.532749689627124,-0.344085791343808,-0.0742882828888223,-0.0597713943233871,-0.000800547968663042,0.00281262040327069,-0.323995034033991,-0.0659103557515305,-0.0167130442227835,0.10005137206216,-0.265195427886468,-0.179870713643563,0.374707821396464,0.115163320347618,-0.325364955691596,-0.185371805299884,1,0.612453444068667,0.32098548739244,-0.197234470653709,0.205085834153859,-0.254355922770667,0.434830258144612,0.115064857228477,-0.0835866261398176,0.29989725587568,-0.233447493471467,0.1316837193373,0.334372190590351,-0.232950896870585,-0.52631533884156,-0.0362772378954579,-0.275217261012886,0.0131084378612098,-0.0357249882272358,-0.24477931418297,0.215017766171497,0.262643948799178,-0.32098120638726,-0.233961214093069,-0.335348259771394,0.572571599811636,-0.113425232244531,-0.166843614880774,0.311605805043024,-0.0794340511152018
"Ribulose 5-Phosphate",-0.535403912838735,-0.603741598527334,0.43167515732694,-0.146817072648658,-0.18943019821054,-0.512312170897727,0.359441756924526,-0.0318806455755811,-0.129620274840533,-0.268162164476219,-0.301335673616165,-0.454287426687786,-0.331401172995419,0.296857742197868,-0.163941093368723,-0.148906203176506,0.494272015069138,0.0540990624598656,-0.4632604135451,-0.0296031508198125,-0.220244873496297,-0.191750503018109,0.0103471895200993,-0.247116743011259,0.173543387987499,-0.128609957618049,-0.0082366539663513,0.0257716511836979,-0.491759065028469,0.0407637313241149,-0.165032749689627,-0.300299670362601,-0.559107838520485,-0.272070722205574,0.094216362001798,-0.0742882828888223,-0.187178389485851,-0.0153730896014384,0.107350485894088,-0.565465131212809,-0.125681750074918,0.274369621987243,-0.0337000727770881,-0.0138533327625326,0.162605419752558,-0.293681236354296,-0.451513335331136,-0.575332848152746,0.112924354638469,0.10270131426859,-0.328186138105227,0.0786120981206387,-0.10004709105698,0.0696562352840447,-0.44724945417184,-0.269998715698446,-0.372464574682135,0.024996789246115,-0.190838648914765,0.170341196112847,0.566856457896314,-0.0911896913395265,-0.0253307076501563,0.175649642536067,0.428609957618049,0.243323772421765,0.791938867246029,0.0712658932317308,-0.355862836594032,-0.475499807354767,0.536230146838478,-0.055785778500792,-0.594571685431739,0.209786377841517,0.57365897512736,0.545695449291494,0.0899824478787619,-0.344877777302111,0.328635643649129,0.396553790830087,0.0760905860696091,-0.0180958088959288,-0.111062117385162,0.391245344406867,0.547198082109679,0.121820283402543,0.0659274797722505,-0.433087889036346,0.224534440686673,-0.0788475534055396,-0.0515047733207757,0.077623185924055,0.292491116914251,0.546688642493257,-0.20521426430926,-0.194931289866861,-0.148409606575624,0.267806841046278,-0.35536623999315,-0.474844813562224,-0.480243161094225,0.201738088103087,-0.505419752557901,0.30000428100518,0.229166488291451,0.215171882357978,0.443169656235284,0.111524465944604,-0.0926537951110921,-0.0790958517059806,-0.479048760649,-0.498377499036774,0.237236183055781,-0.161175564022432,-0.175123078898925,0.291236782396507,-0.430086904405154,-0.527651012457725,-0.174301125904362,-0.021841688428443,-0.196369707607346,0.166077314953551,0.0541718395479258,0.0473864463376001,-0.152266792242819,0.353777987071364,0.37626610728199,-0.147583372575881,-0.33426088445567,-0.300620745751102,-0.115368808596258,-0.0951153730896014,-0.214140160109594,-0.0105013057065799,0.0624298985401772,-0.572096408236654,-0.0048675028896785,-0.626191189691339,-0.168898497367182,0.548075688171583,-0.382328010616893,-0.0414016010959373,-0.210270131426859,-0.172353268547455,-0.0393381565991695,-0.234975812320733,-0.213296802089131,-0.211995376514406,0.201083094310544,-0.336041782610557,-0.28942591720536,0.143186780256004,-0.254852519371548,-0.35539192602423,-0.299567618476818,0.612453444068667,1,0.306331606661244,-0.462909371120339,0.214880774005737,-0.296767841089088,0.450580076201892,-0.0368680166103001,0.237428828288882,0.103296373988613,0.032903805813605,0.147099618990539,0.290979922085706,-0.00183227021704696,-0.574206943790402,0.0387345348687872,-0.297118883513849,0.14197953679524,-0.200650712787362,-0.458855259214864,0.0609529517530716,0.272571599811636,-0.0829787234042553,-0.42894387602209,-0.414118755083694,0.301725245087547,-0.315343122565178,-0.314671004751916,-0.036315766942078,-0.129312042467571
"S-Adenosylmethionine (SAM)",-0.442467571385761,-0.736602594289139,0.763316066612441,0.163307504602081,-0.0742583158525622,-0.282666210026114,0.377550408835995,-0.297174536581189,-0.590890020976925,-0.370174236910827,-0.504062673915835,-0.140875037458795,-0.63425232244531,0.0895843143970204,0.280144697975085,-0.441893916691639,0.321559142086562,0.0277366325613254,0.0845712573312214,0.159373260841646,0.103977053812235,0.353225737403142,-0.126790530416542,0.0427073076758423,-0.0361059976882572,0.0947514876493001,-0.320180658418597,-0.410942249240122,-0.245751102358834,-0.529324885483111,0.251282161051415,0.343263838349244,-0.480615608544886,-0.197666852176891,0.611092084421422,0.230506442912796,0.22901237210497,-0.139012800205488,0.21579690911426,-0.575311443126846,0.393587054240336,0.374382465002783,-0.543225309302624,-0.554176120553106,0.17624898326127,-0.766830771865234,-0.5474292563894,-0.766308489233272,0.314863649985016,0.420908429299199,0.0761376771265893,0.32358833854189,-0.529817201078813,-0.275534055396207,-0.749252964596087,-0.568859968320562,-0.374652168329124,-0.408699002525793,0.332604135451004,0.509829187893317,0.14204375187294,0.164848666466886,-0.471839547925853,0.348944732223126,0.262528361659318,0.0465345263067768,0.327689541504345,0.221850250438803,0.0110321503489019,-0.571501348516632,0.536611156299499,-0.167674129885697,-0.307444668008048,0.106639839034205,0.512851577550409,0.479314182970161,0.21320261997517,-0.109722162763817,0.567498608673316,0.456988740956377,-0.0462177319234556,0.0983175649642536,-0.669724731366925,0.579322744980521,0.119512821610514,0.353234299413502,-0.0868273470610899,0.0797979365555032,-0.0267948114217218,0.0129243546384691,-0.344209940494028,0.386138105227107,0.450669977310673,0.195192431182842,-0.660049659660088,-0.0502461577978509,-0.329958474249754,0.461847681835695,0.0645532771094653,-0.495089687058521,-0.522072862708164,0.0839291065542189,-0.129958474249754,0.023417098334689,0.33675242947044,0.365096964767327,0.487054240335631,-0.0214478359518815,0.0781283445352969,0.401121623357164,-0.393034804572114,-0.27114174408151,0.0967378740528276,-0.670576651397748,-0.19727299970033,0.589991009889122,-0.0948799178047005,-0.16581189263239,0.147724645746821,0.202170469626268,-0.341795453572499,-0.332711160580504,-0.338944304122608,0.594023716768697,0.203634573397834,0.38685303309217,0.375037458795325,0.275658204546428,-0.112693180358748,-0.25522924782739,-0.129667365897513,-0.143191061261184,0.229239265379511,-0.205710860910142,0.0416584614067383,-0.779892118669464,0.146735733550238,-0.601331392610985,-0.141230360888737,0.626923241577122,-0.651988526906118,0.392328438717411,0.180572798493086,0.117398005051586,0.411995376514406,-0.0385761376771266,-0.137343208185282,-0.240725202277495,0.12376814075945,-0.633344749347147,-0.277751616079455,0.638426302495826,0.0137891176848324,-0.637287555117942,-0.196236996446766,0.32098548739244,0.306331606661244,1,-0.419380110449934,0.739890406267392,-0.198356094010874,0.371437133438931,-0.287443811807012,0.000714927865062717,0.422890534697547,-0.542951324971103,-0.10000428100518,0.681792884969391,-0.307457511023588,-0.527805128644206,0.396677939980307,0.0364185110663984,-0.422911939723447,0.300856201036003,-0.44465944603793,0.641876792670919,0.234659017937412,0.151808724688557,0.240429812920074,-0.713031379767969,0.512654651312128,0.161192688043153,-0.492422620831371,0.0714371334389315,0.110038957147138
"S-Methylcysteine",0.475649642536068,0.653782268076544,-0.501339954621345,0.149077443383706,0.161372490260713,0.397816687358192,-0.393128986686074,0.214816558928036,0.192529645960872,0.245083265550751,0.396540947814547,0.329881416156514,0.421486364998502,-0.310253007406139,-0.112697461363928,0.295192431182842,-0.409833468898497,-0.119080440087332,0.312479130099747,0.0780769724731367,0.0778714842244959,-0.0743995890235027,-0.178115501519757,0.0907187807697247,0.0820711503060919,0.0811507341923884,0.117316665953166,0.123215891091228,0.216537523010403,0.0277451945716854,0.0687957532428614,0.0462947900166959,0.498099233700073,0.143336615437305,-0.107179245686887,-0.259972601566848,-0.137304679138662,-0.0776959630121152,0.0888180144697975,0.482897384305835,-0.0199751701699559,-0.305783637998202,0.0399160922984717,0.0617663427372747,-0.266244274155572,0.398142043751873,0.39745280191789,0.651920030823237,-0.121867374459523,-0.234063958217389,0.379887837664284,-0.108900209769254,0.219872426045636,-0.00125433451774477,0.4158953722334,0.446701485508797,0.21850250438803,0.0946829915664198,-0.134487777730211,-0.188167301682435,-0.390205060148123,0.0501177276424504,0.183471038999957,-0.369489276082024,-0.316486150948243,-0.147985787062802,-0.599336444197097,0.00832227406995163,0.154441542874267,0.272537351770196,-0.358093240292821,-0.0693094738644634,0.462018922042896,-0.192401215805471,-0.365041311699987,-0.346003681664455,-0.176694207799991,0.32893103300655,-0.300762018922043,-0.333344749347147,-0.175829444753628,-0.165315296031508,0.213326769125391,-0.368577421978681,-0.339620702941051,-0.388484096065756,-0.201652467999486,0.202885397491331,-0.100766299927223,0.263401686716041,0.119384391455114,-0.172241962412775,-0.370212765957447,-0.355665910355752,0.318262768097949,0.333892718010189,0.224393167515733,-0.409486707478916,0.160828802602851,0.45253649556916,0.516237852647802,-0.0690568945588424,0.325326426644976,-0.224491630634873,-0.262083137120596,-0.293133267691254,-0.352908943019821,-0.107615908215249,-0.130823237296117,-0.221923027526863,0.404456526392397,0.413592191446552,-0.156290937112034,0.38955862836594,0.227608202405925,-0.350520142129372,0.383436790958517,0.256569202448735,0.0825634659017938,-0.163016396249839,0.290564664583244,-0.0100261141315981,-0.157643734748919,-0.216922813476604,-0.00861338242219273,-0.385436020377585,-0.403758722548054,0.04473650413117,0.177451945716854,0.286651825848709,0.170105740827946,-0.0506186052485123,-0.165388073119568,-0.0916991309559485,-0.0559612997131727,0.632514234342224,-0.0892974870499593,0.644261312556188,0.144436833768569,-0.440485465987414,0.544590949955049,-0.0605890663127702,0.00950811250481613,-0.0981848538036731,-0.0783252707735776,-0.00499165203989897,0.393441500064215,0.297063230446509,-0.220065071278736,0.512230831799307,0.0916606019093283,-0.108198124919731,0.282619118969134,0.333314782310887,0.325364955691596,-0.197234470653709,-0.462909371120339,-0.419380110449934,1,-0.494550280405839,0.238169442185025,-0.216995590564665,0.095774647887324,-0.24462091699131,-0.0684361488077401,0.0470525279335588,-0.149077443383706,-0.349282931632347,-0.00295389357421122,0.309050044950554,-0.143413673530545,0.113519414358491,0.085799905817886,0.0759835609401087,0.952048460978638,-0.317706237424547,-0.403788689584314,-0.14201378483668,0.224834111049274,0.542600282546342,-0.15796481013742,0.0699773106725459,0.432394366197183,0.250725630378013,0.0869514962113104
"SAH",-0.449381394751488,-0.633477460507727,0.605625240806541,0.213001412731709,-0.030523566933516,-0.177220771437133,0.463778415171882,-0.251654608502076,-0.570169955905647,-0.19729012372105,-0.409747848794897,-0.0318035874823409,-0.518648058564151,0.059214863649985,0.277588937882615,-0.347073932959459,0.232013356736162,0.0709319748276895,0.0816002397362901,0.13154244616636,0.0211096365426602,0.262549766685218,0.0609144227064515,0.0114088788047434,-0.118896356864592,0.0563637142000942,-0.262601138747378,-0.454385889806927,-0.0825249368551736,-0.505526777687401,0.194053683804957,0.333794254891048,-0.32635814889336,-0.217547840232887,0.484566976326041,0.276951068110792,0.20272271929449,-0.177370606618434,0.308861680722634,-0.543096879147224,0.367755468984117,0.304991652039899,-0.355627381309131,-0.528618519628409,0.123481313412389,-0.666364142300612,-0.483351170854917,-0.670799263667109,0.329804358063273,0.376933944090072,-0.0151033862750974,0.290132283060063,-0.491091228220386,-0.215398775632519,-0.514983518130057,-0.640339911811293,-0.205535339697761,-0.445935185581575,0.40254719808211,0.430044094353354,0.189233271972259,0.188595402200437,-0.332993706922385,0.46585898368937,0.191682006935228,0.0108480671261612,0.3052699173766,0.135566591035575,-0.0351427715227535,-0.473945802474421,0.336534098206259,0.0388073119568475,-0.255584571257331,0.00804400873325057,0.311421721820283,0.279601010317223,0.341196112847297,-0.108215248940451,0.571749646817073,0.521379339869001,0.124714242904234,0.0991566419795368,-0.624328952438032,0.607748619375829,0.238777344920587,0.413742026627852,-0.0227535425317865,0.0525065285328995,-0.0745408621944433,-0.0393167515732694,-0.267832527077358,0.285645789631405,0.403685945459994,0.283941949569759,-0.599066740870756,-0.154895329423349,-0.169895971574126,0.354360203775847,-0.0217646303352027,-0.420210625454857,-0.462339997431397,0.0877263581488934,-0.0947514876493001,0.14222783509568,0.27102187593647,0.125848709276938,0.241123335759236,0.0956162506956633,0.326007106468599,0.360058221670448,-0.202307461792029,-0.149818057279849,0.104340939252536,-0.648953294233486,-0.154441542874267,0.574609358277324,0.0587610771009033,-0.0983346889849737,0.0596044351213665,0.396151376343165,-0.305620959801361,-0.242814332805343,-0.304460807397577,0.565589280363029,0.11303994177833,0.325334988655336,0.243195342266364,0.193865319577037,-0.0733250567233186,-0.211473093882444,-0.122008647630464,0.0277837236183056,0.187148422449591,-0.247857356907402,0.174463804101203,-0.661916177918575,0.163949655379083,-0.516824350357464,-0.00485465987413845,0.511032150348902,-0.544282717582088,0.357117171111777,0.0619803929962755,0.0712915792628109,0.29206729740143,0.0670576651397748,-0.175414187251167,-0.078410890877178,0.166398390342052,-0.610651140887881,-0.230609187037116,0.522167044822124,0.0472665781925596,-0.545999400659275,-0.210197354338799,0.205085834153859,0.214880774005737,0.739890406267392,-0.494550280405839,1,-0.0824393167515733,0.292401215805471,-0.284031850678539,0.0265422321161009,0.285872682905946,-0.514187251166574,-0.00751316409092855,0.642895671903763,-0.343610599768826,-0.396797808125348,0.554304550708506,0.0146153516845755,-0.474660730339484,0.259861295432167,-0.485106382978723,0.496493856757567,0.222432467143285,0.378659189177619,0.281959844171411,-0.645545614110193,0.327214349929363,0.114499764544715,-0.348028597114603,0.0302838306434351,0.0444111477374888
"Sarcosine",0.267849651098078,0.304567832527077,-0.485761376771266,-0.121704696262682,0.0625797337214778,0.231944860653281,-0.0109508112504816,0.265285328995248,0.240969219572756,0.118999100988912,0.357070080054797,0.134787448092812,0.318981976968192,-0.416195042596002,0.193642707307676,0.251175135921914,-0.537561539449463,-0.104135451003896,0.0324928293163235,0.178064129457597,0.0184639753414102,-0.0490046662956462,0.201806584185967,0.066317051243632,-0.292688043152532,0.0261783466757995,0.225840147266578,0.189708463547241,0.242874266877863,0.254968106511409,-0.0629179331306991,0.0441928164733079,0.21586540519714,0.153093026242562,-0.338053855045165,-0.00363885440301383,-0.0893274540862194,-0.272229119397234,-0.108758936598313,0.43431225651783,0.188745237381737,-0.463354595659061,0.323541247484909,0.260387859069309,-0.235866261398176,0.291493642707308,0.274853375572584,0.333297658290167,-0.203013827646731,0.0268162164476219,-0.212200864763046,-0.185264780170384,0.261158440001712,0.211374630763303,0.498685731409735,0.209114260028255,0.0853033092170041,0.146209169913096,0.162130228177576,-0.17380452930348,-0.15798193415814,0.141521469240978,0.23947942977011,-0.152425189434479,-0.473971488505501,-0.49468299156642,-0.150194785735691,-0.169181043709063,0.200201207243461,0.303112290765872,-0.431341238922899,0.372956890277837,0.208403613168372,-0.351427715227535,-0.399387816259258,-0.396232715441586,-0.179609572327583,0.116631705124363,-0.444038700286827,-0.437330365169742,-0.00244873496296931,-0.214401301425575,0.269476433066484,-0.491343807526007,0.057112890106597,-0.00079198595830301,-0.22890106597029,-0.0146881287726358,-0.470512436320048,0.12891390898583,0.101438417740485,-0.165122650798407,-0.37627038828717,0.0142685902649942,0.230656278094097,0.165589280363029,0.194477503317779,-0.361235498094953,-0.164934286570487,0.226764844385462,0.221340810822381,0.111053555374802,0.158876664240764,-0.20259000813391,-0.161218374074233,-0.32381951282161,-0.262228691296716,0.221482083993322,0.103728755511794,-0.0571985102101974,0.245631234213793,0.137882614837964,-0.231812149492701,0.290157969091143,0.216109422492401,-0.124273299370692,0.293094738644634,0.183372575880817,0.104516460464917,-0.161770623742455,0.13432938053855,0.088154458666895,0.00935399631833555,-0.185975427030267,-0.211451688856544,-0.340755169313755,-0.38951581831414,0.00298386061047134,-0.0857314097350058,0.109242690183655,0.256774690697376,-0.00830943105441158,0.223815231816431,-0.0659360417826106,0.2000856201036,0.290568945588424,-0.00712359261954707,0.33681664454814,0.130686245130357,-0.43960785992551,0.229834325099533,0.25538336401387,0.0201549723875166,0.0102316023802389,-0.176552934629051,-0.0365340982062588,0.216439059891262,0.00145982276638555,-0.3106254548568,0.241024872640096,-0.00661415300312513,-0.350455927051672,0.00741898197696819,0.289866860738901,0.0415086262254377,-0.254355922770667,-0.296767841089088,-0.198356094010874,0.238169442185025,-0.0824393167515733,1,-0.302410205916349,-0.306562780940965,-0.0702042039470868,-0.262798064985659,0.263851192259943,0.211704268162165,-0.217954535724988,-0.0999229419067597,0.395367952395222,-0.00463632860995762,0.318241363072049,0.0591634915878248,0.119358705424034,0.279164347788861,-0.25797765315296,-0.0471681150734192,0.0766128687015711,0.262575452716298,0.320852776231859,-0.204640609615138,0.0622757823536967,0.202388800890449,0.0830343764715955,0.0592491116914251
"Sedoheptulose 7-Phosphate",-0.364193672674344,-0.450764159424633,0.481865662057451,0.21848966137249,-0.0380581360503446,-0.232274498052143,0.15531486793099,-0.0931760777430541,-0.412534783167088,-0.181441842544629,-0.471475662485552,-0.156415086262254,-0.518215677040969,0.273252279635258,-0.156025514790873,-0.457044394023717,0.394160708934458,0.063936812363543,-0.0714756624855516,-0.0454171839547926,-0.0501348516631705,-0.0935099961470953,-0.282691896057194,-0.183954792585299,0.0286484866646689,0.107585941178989,-0.153983475320005,-0.139231131469669,-0.215081981249197,-0.259347574810566,0.0849222997559827,-0.0114944989083437,-0.305573868744381,-0.337240464060962,0.314765186865876,-0.0277152275354253,-0.0362515518643778,-0.00504730510723918,0.217410848067126,-0.566068752943191,0.100629307761462,0.19736290080911,-0.309114260028255,-0.337848366796524,0.203120852776232,-0.398411747078214,-0.418588124491631,-0.427098762789503,0.345776788389914,0.0241234641893917,0.142848580846783,0.37118455413331,-0.370897726786249,-0.196630848923327,-0.530420822809196,-0.433742882828888,-0.301515475833726,-0.176925382079712,-0.0883085748533756,0.35521640481185,0.183590907144998,0.0622757823536967,-0.272828460122437,0.0167601352797637,0.370110021833126,0.164848666466886,0.298428871098934,0.147737488762361,-0.261787747763175,-0.472520227749476,0.694875636799521,-0.206250267562824,-0.323489875422749,0.265225394922728,0.686557643734749,0.670208484952267,0.1211438845841,-0.12355837150563,0.451753071621217,0.392658076116272,-0.131105783637998,-0.0811592962027484,-0.440031679438332,0.479108694721521,0.299242262083137,-0.0185966865019907,-0.0617449377113746,-0.0405839291065542,0.132497110321503,-0.0702855430455071,-0.125322145639796,-0.0532642664497624,0.376647116743011,0.338070979065885,-0.472263367438675,-0.0469711888351385,-0.248323986472024,0.165448007192089,0.0173166659531658,-0.360135279763688,-0.318040155828589,-0.048675028896785,-0.40001712402072,0.143524979665225,0.26309773534826,0.186412089558628,0.305727984930862,-0.0982405068710133,-0.0817201078813305,-0.111759921229505,-0.314465516503275,-0.25514790872897,0.184798150605762,-0.461355366239993,-0.289699901536881,0.288145896656535,-0.227436962198724,-0.2579904961685,-0.111276167644163,0.0513763431653752,-0.103501862237253,0.0433580204632048,-0.224393167515733,0.235249796652254,-0.0106896699345006,0.383274112761676,0.272670062930776,0.0985573012543345,-0.0404683419666938,-0.185975427030267,-0.225904362344278,-0.166355580290252,-0.17902307461792,-0.172053598184854,-0.0631148593689798,-0.418746521683291,0.135904790444796,-0.498570144269875,-0.0499336444197098,0.563470182798921,-0.414743781839976,0.0123036088873668,-0.152052741983818,-0.0990838648914765,0.185769938781626,-0.113690654565692,-0.0411533027954964,-0.0385590136564065,0.194216362001798,-0.29736290080911,-0.258658332976583,0.434843101160152,0.170842073718909,-0.423275825163748,-0.177327796566634,0.434830258144612,0.450580076201892,0.371437133438931,-0.216995590564665,0.292401215805471,-0.302410205916349,1,-0.044462519799649,0.108964424846954,0.151085234813134,-0.298360375016054,-0.0812748833426089,0.348533755725844,-0.0442313455199281,-0.524251894344792,-0.00271843828931033,-0.295059720022261,0.0545828160452074,-0.0266321332248812,-0.206451474806285,0.425300740613896,0.0312770238451988,-0.0752258230232459,-0.161997517016996,-0.404987371034719,0.285192003082324,-0.216533242005223,-0.403728755511794,-0.0193415814033135,0.00812962883685089
"Serine",0.0582387944689413,0.210723917975941,-0.158281604520741,-0.0231259899824479,0.0781155015197568,0.124491630634873,-0.301464103771566,0.0571214521169571,0.076844042981292,0.106430069780384,0.0247185239094139,0.128755511794169,0.0727813690654566,0.132664069523524,-0.202971017594931,0.0468085106382979,0.161762061732095,-0.0634830258144612,-0.0194528875379939,-0.0587739201164433,0.119482854574254,0.226593604178261,-0.0445952309602295,0.0941050558671176,-0.0105954878205403,-0.0507213493728327,0.0290166531101503,0.0928806883856329,-0.0335159895543474,0.00688813733464617,-0.0537437390299242,0.0541418725116657,0.203651697418554,0.0174236910826662,-0.00973072477417698,-0.237844085791344,-0.0642578877520442,0.05263923969348,-0.0335630806113275,0.132283060062503,-0.312941478659189,0.214923584057537,0.135921914465516,-0.0465002782653367,0.00723061774904748,0.0989126246842759,0.139252536495569,0.199152360974357,-0.00232458581274883,-0.464989939637827,0.0645575581146453,-0.0254462947900167,-0.00246585898368937,-0.0656791814718096,0.0775161607945546,0.147750331777901,0.191908900209769,0.0935099961470953,-0.0780769724731367,-0.0853632432895244,-0.0252921786035361,-0.108908771779614,-0.0436405668050858,-0.12095980136136,0.172241962412775,0.248439573611884,-0.13683804957404,0.243152532214564,-0.0675414187251167,0.159501690997046,-0.0148379639539364,-0.164039556487863,-0.0439659231987671,0.148863393124706,-0.0179288496939081,-0.0076587182670491,0.14482640523995,0.0119568474677854,-0.100389571471381,-0.0714371334389315,0.158504216790102,0.227479772250524,0.109623699644677,-0.0580932402928208,-0.141149021790316,-0.362027484053256,0.311498779913524,0.0159895543473608,0.256059762832313,0.070533841345948,0.119915236097436,-0.0850378868958431,0.113005693736889,-0.150665696305493,0.205959159210583,0.0288882229547498,0.0267990924269018,-0.0483625155186438,0.0510381437561539,0.0839933216319192,0.115304593518558,-0.161813433794255,0.11321546299071,-0.0104627766599598,-0.254741213236868,0.0491116914251466,-0.196969048332548,-0.272961171283017,-0.365961727813691,0.00196498137762747,-0.065533627295689,0.0109251252194015,0.135365383792114,0.0387388158739672,-0.0938096665096965,-0.0720621601952138,-0.11578406609872,0.0723532685474549,-0.101224367481485,0.0998287597927994,0.0545656920244873,0.125035318292735,0.0174365340982063,-0.154146153516846,0.149034633331906,0.058949441328824,0.114431268461835,-0.177948542317736,0.145567019136093,0.138297872340426,-0.235198424590094,0.163350314653881,-0.23944518172867,0.318224239051329,-0.233909842030909,0.229166488291451,0.0304165418040156,0.00910997902307462,0.143135408193844,-0.0279635258358663,0.0887709234128173,-0.173547668992679,-0.0701399888693865,0.0320304807568817,0.050785564450533,-0.0585812748833426,-0.221888779485423,0.276882572027912,0.0467014855087975,0.15002782653367,0.262322873410677,-0.0712016781540306,0.0124234770324072,0.16855601695278,0.0206087589365983,0.115064857228477,-0.0368680166103001,-0.287443811807012,0.095774647887324,-0.284031850678539,-0.306562780940965,-0.044462519799649,1,-0.000205488248640781,-0.0868658761077101,0.00362173038229376,-0.182773235155615,-0.297551265037031,0.164035275482683,0.0889935356821782,-0.304884626910399,-0.0189006378697718,0.0667965238237938,-0.206896699345006,0.0516203604606362,-0.117209640823665,-0.089203304935999,-0.345314439830472,-0.207217774733507,0.145151761633632,-0.0637955391926024,0.0712444882058307,0.166017380881031,0.0703326341024873,-0.0687101331392611
"Sorbitol",-0.344907744338371,-0.200774861937583,0.0852433751444839,-0.268581702983861,-0.320326212594717,-0.381702983860611,0.0990881458966565,0.198711417440815,0.182096836337172,-0.160944389742712,-0.156612012500535,-0.410351470525279,-0.00100175521212381,0.20259857014427,-0.148854831114346,-0.112414915022047,0.441833982619119,0.139325313583629,-0.251423434222355,-0.0904747634744638,-0.48157027270003,-0.111366068752943,-0.0143028383064344,-0.385324714242904,0.117779014512608,-0.0841559998287598,0.122355409050045,0.142904233914123,-0.367314525450576,0.26830771865234,-0.414572541632775,-0.184768183569502,-0.359411789888266,-0.127766599597586,-0.0625583286955777,-0.233130699088146,-0.15274626482298,0.234397876621431,-0.169681921315125,-0.174960400702085,-0.135934757481057,0.170533841345948,0.150310372875551,0.232741127616764,0.200770580932403,0.0277280705509654,-0.261770623742455,-0.18152318164305,0.168641637056381,0.0146795667622758,-0.245031893488591,0.228344535296888,0.262250096322617,0.168269189605719,-0.0805043024102059,-0.0751872939766257,-0.277875765229676,0.324166274241192,-0.182619118969134,-0.0358876664240764,0.319076159082152,-0.229393381565992,0.149385675756668,-0.182066869300912,0.368838563294662,-0.0819298771351513,0.338058136050345,-0.29998287597928,-0.265311015026328,-0.0706237424547284,0.243593475748106,-0.0129971317265294,-0.214435549467015,0.38145040455499,0.260101031722248,0.280119011944004,-0.192247099618991,-0.348602251808725,0.198039299627553,0.27095337985359,-0.0963483025814461,0.233601609657948,0.149291493642707,0.200941821139604,0.220197782439317,0.179639539363843,0.306721178132626,-0.399691767627039,-0.0937026413801961,-0.291973115287469,0.0771522753542532,0.0870328353097307,0.109152789074875,0.167592790787277,0.0116143670533841,-0.169981591677726,-0.164703112290766,0.100911854103343,-0.291617791857528,-0.354544286998587,-0.321392182884541,0.193308788903635,0.0331435421036859,0.299481998373218,-0.0890106597028982,0.0273513420951239,0.31839976026371,0.237398861252622,0.0972515946744296,0.126109850592919,-0.162254377327797,-0.355597414272871,0.287088488377071,0.0667109037201935,0.0677255019478574,0.126486579048761,-0.467738344963397,-0.33696647972944,-0.195950169099705,-0.161774904747635,-0.256740442655936,0.269044051543302,0.33685089258958,-0.0227749475576865,-0.404670576651398,0.142810051800163,0.389973885868402,-0.315467271715399,-0.340155828588553,-0.44743781839976,0.104713386703198,-0.115625668907059,-0.262339997431397,0.277781583115716,-0.0708463547240892,-0.233271972259086,-0.0482726144098634,-0.277499036773835,-0.269343721905903,0.146894130741898,-0.0654651312128088,0.102431610942249,-0.326893274540862,-0.324384605505373,-0.0653966351299285,-0.208557729354853,-0.203039513677812,-0.179892118669464,0.0811378911768483,-0.176163363157669,-0.210766728027741,0.0269018365512222,-0.333186352155486,-0.0159124962541205,-0.208309431054412,-0.0835866261398176,0.237428828288882,0.000714927865062717,-0.24462091699131,0.0265422321161009,-0.0702042039470868,0.108964424846954,-0.000205488248640781,1,-0.103643135408194,0.278363799820198,0.00245301596814932,-0.0819341581403314,0.223352883256989,-0.324598655764373,-0.0617877477631748,-0.104075516931375,0.231910612611841,-0.310304379468299,-0.245464275011773,-0.0767627038828717,0.14727514020292,0.0678796181343379,-0.32374673573355,-0.226537951110921,0.00548824864078085,-0.0455755811464532,-0.283560940108738,-0.316259257673702,-0.130771865233957
"Spermidine",-0.148764930005565,-0.23958645489961,0.38693009118541,0.196866304208228,0.107517445096109,-0.0816130827518301,0.0750203347746051,-0.081047990068068,-0.331152874694978,-0.236148807740057,-0.242544629479002,-0.00356607731495355,-0.225339269660516,-0.00826662100261141,0.122072862708164,-0.166192902093412,0.0453872169185325,-0.0573355023759579,0.250640010274412,0.111224795582003,-0.0167729782953037,0.219542788646774,-0.109897683976198,-0.0280791129757267,0.115522924782739,0.14990795838863,-0.380491459394666,-0.367597071792457,-0.196395393638426,-0.435956162506957,0.141628494370478,0.174553705209983,-0.141821139603579,-0.126148379639539,0.335104242476133,0.0837450233314782,0.0307718652339569,-0.0481784322959031,0.197521298000771,-0.311657177105184,0.191639196883428,0.330480756881716,-0.431996232715442,-0.426627852219701,-0.00639154073376429,-0.391446551650327,-0.265396635129929,-0.27106040498309,0.248268333404683,0.17883899139518,0.25001926452331,0.304169699045336,-0.297756753285671,-0.244950554390171,-0.343071193116144,-0.204345220257717,-0.165195427886468,-0.315480114730939,0.0474335373945802,0.178218245644077,-0.0712273641851107,0.13679523952224,-0.233451774476647,0.111678582131084,0.0248597970803545,-0.00148550879746564,0.0148679309901965,0.227505458281605,0.125185153474036,-0.273868744381181,0.300406695492102,-0.225917205359818,-0.0405582430754741,0.0577464788732394,0.27103471895201,0.270388287169827,0.168770067211781,-0.051055267776874,0.348255490389143,0.191921743225309,-0.0252194015154758,0.112500535125648,-0.420587353910698,0.348901922171326,0.0171839547925853,0.0272657219915236,-0.0602465858983689,0.0386574767755469,-0.00809966180059078,0.0472837022132797,-0.245481399032493,0.439993150391712,0.241517188235798,0.0453401258615523,-0.199666081595959,0.0732223125989983,-0.250858341538593,0.222535211267606,0.114230061218374,-0.254428699858727,-0.219106126118413,0.0141829701613939,0.132548482383664,0.000483753585341838,0.220047947258016,0.309512393509996,0.343101160152404,-0.0812748833426089,-0.0566976326041354,0.25000642150777,-0.139766257117171,0.0439830472194871,0.0596900552249668,-0.314769467871056,-0.0743567789717026,0.335022903377713,-0.0455841431568132,0.0122607988355666,-0.0582345134637613,0.230964510467058,-0.090787276852605,-0.362716725887238,-0.24471509910527,0.317252450875466,0.142386232287341,0.155725844428272,0.0587011430283831,0.166873581917034,0.0417440815103386,-0.0385547326512265,0.0215334560554818,-0.128532899524808,-0.0578235369664797,-0.131328395907359,-0.0107239179759408,-0.264994220643007,-0.0610985059291922,-0.12095980136136,-0.183107153559656,0.311336101716683,-0.143828931033007,0.196314054540006,0.164056680508583,-0.0232544201378484,0.360276552934629,0.172271929449035,0.0249325741684147,-0.0558328695577722,0.207761462391369,-0.240553962070294,-0.187152703454771,0.424478787619333,0.08948585127788,-0.278453700928978,-0.0558029025215121,0.29989725587568,0.103296373988613,0.422890534697547,-0.0684361488077401,0.285872682905946,-0.262798064985659,0.151085234813134,-0.0868658761077101,-0.103643135408194,1,-0.438614666723747,-0.132394366197183,0.413729183612312,-0.315488676741299,-0.314294276296074,0.209503831499636,0.0118241363072049,-0.279930647716084,0.191292435463847,-0.0451860096750717,0.293150391711974,0.0945031893488591,0.0309645104670577,0.0759236268675885,-0.302063444496768,0.413438075260071,0.225168029453316,-0.182366539663513,0.0653837921143885,0.169621987242605
"Suberic Acid",0.0405796481013742,0.236555503232159,-0.508660473479173,-0.357074361059977,-0.130866047347917,-0.110681107924141,-0.00798407466073034,0.274579391241063,0.735759236268676,0.109435335416756,0.261702127659574,-0.265105526777687,0.495924483068625,-0.160353611027869,-0.246239136949356,0.334701827989212,-0.195744680851064,-0.128361659317608,-0.286219444325528,-0.174463804101203,-0.220270559527377,-0.350378868958431,0.0916220728627082,-0.231097221627638,-0.166552506528533,-0.171355794340511,0.26039642107967,0.327291408022604,-0.0439188321417869,0.977122308317993,-0.417813262554048,-0.464497624042125,0.0105483967635601,0.0206344449676784,-0.554779742283488,-0.178136906545657,-0.129761548011473,0.037625754527163,-0.348807740057365,0.433075046020806,-0.32902093411533,-0.414367053384135,0.533319063316067,0.954206087589366,-0.0872896956205317,0.614559698617235,0.18675456997303,0.306952352412346,-0.3106040498309,-0.122047176677084,-0.424628622800634,-0.206100432381523,0.732903805813605,0.472944047262297,0.476801232929492,0.424941136178775,0.0492529645960872,0.747985787062802,-0.261813433794255,-0.299708891647759,0.113797679695192,-0.209285500235455,0.641782610556959,-0.379695192431183,-0.196695064001027,-0.158037587225481,0.0965966008818871,-0.28148465259643,-0.078693437219059,0.432561325399204,-0.344321246628708,0.202808339398091,0.0465987413844771,0.0139774819127531,-0.286613296802089,-0.266783680808254,-0.375611113489447,-0.149317179673787,-0.517410848067126,-0.32640952095552,0.0347917290979922,-0.108437861209812,0.888437005008776,-0.472062160195214,0.0788946444625198,-0.142917076929663,0.190055224966822,-0.230994477503318,-0.101738088103087,-0.145442869985873,0.423391412303609,-0.229110835224111,-0.325206558499936,-0.00100603621730382,0.562438460550537,-0.15009632261655,0.0767113318207115,-0.244162849437048,-0.282901665311015,0.0935570872040755,0.0825848709276938,0.0617920287683548,-0.117941692709448,0.0946359005094396,-0.0562095980136136,-0.248978980264566,-0.224453101588253,0.383941949569759,-0.0153516845755383,-0.292679481142172,-0.0117556402243247,-0.229949912239394,-0.104884626910399,0.611652896100004,0.311396035789203,-0.390393424376044,-0.209144227064515,-0.157275568303438,-0.0487777730211054,-0.334907316237853,0.00496596600881887,0.355927051671733,0.722560897298686,-0.505038743096879,-0.34463804101203,-0.340797979365555,-0.159899824478788,-0.278295303737318,-0.340322787790573,-0.170011558713986,0.220527419838178,-0.056847467785436,-0.0431311271886639,0.37883042938482,-0.0671347232330151,0.280119011944004,0.0214649599726016,0.157142857142857,-0.0343807526007106,-0.456286656106854,0.327565392354125,-0.187503745879533,-0.268877092341282,-0.190423391412304,-0.390997046106426,-0.196142814332805,0.00559527377028126,-0.159634402157627,-0.25523352883257,0.298321845969434,0.0380538550451646,-0.577447664711674,-0.256432210282974,0.537047818827861,-0.101036003253564,-0.233447493471467,0.032903805813605,-0.542951324971103,0.0470525279335588,-0.514187251166574,0.263851192259943,-0.298360375016054,0.00362173038229376,0.278363799820198,-0.438614666723747,1,0.280923840917848,-0.597071792456869,0.329363414529732,0.26062759535939,-0.314880774005736,-0.0153131555289182,0.460952951753072,-0.408343679095852,0.0884840960657562,-0.566145811036431,-0.00670405411190548,-0.0946359005094396,-0.282233828502932,0.335998972558757,-0.405950597200223,-0.214803715912496,0.0982019778243932,-0.270251295004067,-0.0960400702084849
"Succinate",-0.102277494755769,-0.0632176034933002,-0.0987114174408151,-0.0715227535425318,0.133554518600968,-0.269489276082024,0.15264352069866,0.183145682606276,0.109174194100775,-0.256012671775333,0.0309388244359776,-0.293518558157455,0.0172096408236654,-0.191459394665868,-0.113986043923113,0.086313626439488,-0.172468855687315,-0.197795282332292,-0.482028340254292,-0.0103899995718995,-0.0196027227192945,-0.20262425617535,0.187824821268034,-0.130035532342994,-0.138503360589066,0.0430112590436234,0.245875251509054,0.207521726101289,-0.0760820240592491,0.300299670362601,0.0388629650241877,-0.281921315124791,-0.27644162849437,-0.144034419281647,-0.329761548011473,0.129701613938953,-0.0666038785906931,-0.159775675328567,-0.221203818656621,0.0477760178089815,0.00321931589537223,-0.12110963654266,0.396438203690226,0.251517616336316,-0.192414058821011,0.103561796309774,-0.00372447450661415,-0.0293034804572114,0.109640823665397,-0.0731880645575581,-0.39724303266407,0.0691382336572627,0.105933473179503,0.183590907144998,0.0421935870542403,0.0813904704824693,-0.0636628280320219,0.172909799220857,-0.103977053812235,0.133567361616508,0.116130827518301,0.211789888265765,0.258517059805642,-0.190175093111863,-0.178136906545657,-0.132839590735905,0.300603621730382,0.0393852476561497,-0.0382293762575453,0.0196369707607346,0.0774690697375744,0.0876578620660131,-0.247540562524081,-0.117046962626825,0.118926323900852,0.11315124791301,0.0367609914807997,0.0233700072777088,-0.211777045250225,-0.122796352583587,0.229277794426131,-0.100946102144784,0.180949526948928,-0.198197696819213,0.454385889806927,0.0738473393552806,-0.153713771993664,-0.204811849822338,-0.120574510895158,0.0985102101973543,-0.0822680765443726,-0.199370692238538,-0.0630549252964596,0.391390898582987,0.13934671860953,-0.129350571514192,-0.122706451474806,-0.219743995890235,-0.30520142129372,-0.025788775204418,-0.0997602637099191,0.156851748790616,-0.276617149706751,0.218104370906289,0.0754227492615266,-0.200556530673402,0.0218630934543431,0.359600154116186,-0.110291536452759,-0.200843358020463,-0.143490731623785,-0.147750331777901,-0.0695449291493643,0.126097007577379,-0.00368594545999401,-0.198561582259515,-0.0254591378055567,-0.387161265465131,-0.147039684918019,-0.119666937796995,0.101391326683505,0.246684361488077,0.159852733421807,-0.143006978038443,-0.191271030437947,-0.0570743610599769,-0.0991780470054369,0.0567875337129158,-0.191318121494927,-0.0744167130442228,0.187388158739672,-0.159989725587568,0.0188364227920716,0.00788133053640995,0.210265850421679,-0.0306990881458967,0.258444282717582,-0.0778072691467957,-0.0447236611156299,-0.0691168286313626,-0.01315124791301,-0.0487435249796652,-0.0624213365298172,-0.0577892889250396,-0.391146881287726,-0.167939552206858,0.110030395136778,-0.322256945930905,-0.0942762960743183,-0.000693522839162635,-0.197153131555289,-0.306879575324286,-0.0963568645918062,-0.0107624470225609,-0.109178475105955,0.1316837193373,0.147099618990539,-0.10000428100518,-0.149077443383706,-0.00751316409092855,0.211704268162165,-0.0812748833426089,-0.182773235155615,0.00245301596814932,-0.132394366197183,0.280923840917848,1,-0.0702084849522668,-0.0451646046491716,-0.0517316665953166,-0.0686159510253007,-0.192268504644891,0.207508883085749,-0.0411533027954964,-0.151633203476176,-0.109580889592876,0.404495055439017,-0.174455242090843,-0.180401558285886,0.0374288282888822,0.156106853889293,-0.249064600368166,-0.109773534825977,0.0495141059120682,-0.0310244445395779
"Succinylcarnitine",-0.204636328609958,-0.52894815702727,0.696228434436406,0.240913566505415,0.0450789845455713,-0.187653581060833,0.255721563423092,-0.242985573012543,-0.597996489575752,-0.358243075474121,-0.490992765101246,-0.0477118027312813,-0.609705038743097,0.188916477588938,0.259291921743225,-0.408442142214992,0.293565649214436,0.151384905175735,0.0917333789973886,0.100804828973843,0.0793527120167815,0.279344150006421,-0.138409178475106,0.00383578064129458,0.242895671903763,0.0384819555631662,-0.411695706151804,-0.396857742197868,-0.167357335502376,-0.583222740699516,0.273937240464061,0.305984845241663,-0.386549081724389,-0.201177276424504,0.584468513206901,0.172049317179674,0.14202234684704,-0.0532214563979622,0.207504602080569,-0.575671047561968,0.4525065285329,0.401596814932146,-0.474254034847382,-0.604730510723918,0.0694293420095038,-0.633841345948029,-0.392872126375273,-0.589755554604221,0.322359690055225,0.490372019350143,0.175431311271887,0.323143114003168,-0.589246114987799,-0.280898154886767,-0.65529774391027,-0.504846097863778,-0.256427929277794,-0.46570486750289,0.187948970418254,0.385812748833426,0.090534697546984,0.145939466586755,-0.429303480457211,0.345168885654352,0.253538250781283,0.16839333875594,0.285632946615865,0.158829573183784,-0.146834196669378,-0.52885825591849,0.517034119611285,-0.173072477417698,-0.292435463846911,0.130827518301297,0.479254248897641,0.46064900038529,0.284070379725159,-0.0304379468299157,0.581330536409949,0.519354424418853,0.0254676998159168,0.0551093796823494,-0.65251509054326,0.631842116528961,0.175367096194186,0.244013014255747,-0.124367481484653,0.0334603364870072,0.109268376214735,-0.0710946530245302,-0.522822038614667,0.267973800248298,0.387255447579092,0.245104670576651,-0.533130699088146,-0.0472152061303994,-0.329324885483111,0.378316708763218,0.12103257844942,-0.451380624170555,-0.466094438974271,0.0291536452759108,-0.177122308317993,0.0511836979322745,0.421276595744681,0.221366496853461,0.428635643649129,-0.0583586626139818,0.110116015240378,0.209790658846697,-0.269429342009504,-0.0999058178860397,0.107102187593647,-0.643186780256004,-0.261967549980735,0.465940322787791,-0.0646731452545058,-0.0735990410548397,-0.114795153902136,0.179202876835481,-0.0841688428442998,-0.305693736889422,-0.362721006892418,0.486103857185667,0.280774005736547,0.399657519585599,0.301125904362344,0.2474292563894,-0.0141829701613939,-0.0995119654094781,-0.110783852048461,-0.0828160452074147,0.152476561496639,-0.22889250395993,0.0975084549852305,-0.579382679053042,0.0283873453486879,-0.426948927608202,-0.17096194186395,0.561269746136393,-0.525043880303095,0.237882614837964,0.217372319020506,0.202842587439531,0.304546427501177,0.143024102059163,-0.0217817543559228,-0.170777858641209,0.221306562780941,-0.498745665482255,-0.120630163962498,0.573958645489961,0.0778029881416157,-0.621623357164262,-0.218061560854489,0.334372190590351,0.290979922085706,0.681792884969391,-0.349282931632347,0.642895671903763,-0.217954535724988,0.348533755725844,-0.297551265037031,-0.0819341581403314,0.413729183612312,-0.597071792456869,-0.0702084849522668,1,-0.246924097778158,-0.503189348859112,0.38158311571557,-0.148191275311443,-0.320690098035019,0.280902435891947,-0.394194956975898,0.531058692581018,0.167597071792457,0.174198381780042,0.0922727856500706,-0.546530245301597,0.45013057065799,-0.0278779057322659,-0.429667365897513,-0.0111691425146624,0.192542488976412
"Sucrose",0.00481184982233829,0.123917975940751,-0.212410634016867,-0.110762447022561,-0.103236439916092,-0.065255361958988,-0.0732137505886382,-0.161676441628494,0.314645318720836,0.213446637270431,0.0341667023417098,-0.121195256646261,0.124025001070251,0.371235926195471,-0.197876621430712,0.00280833939809067,0.19731580975213,0.480932402928208,-0.179810779571043,-0.263782696177062,-0.103527548268333,-0.103711631491074,-0.148084250181943,0.00690098035018622,0.0627167258872383,-0.160850207628751,-0.0604649171625498,0.0708934457810694,-0.0678582131084379,0.314315681321974,-0.278500791985958,-0.246996874866219,-0.066573911554433,0.0178774776317479,-0.118789331735091,-0.127967806841046,-0.0495740399845884,0.430690526135537,-0.270829230703369,0.0777216490431953,-0.308527762318592,-0.0716811507341924,0.317440815103386,0.307059377541847,0.155965580718353,0.276133396121409,0.111336101716683,0.148572284772465,-0.158315852562182,0.0417826105569588,-0.180885311871227,-0.167374459523096,0.230455070850636,0.141825420608759,0.106845327282846,0.166770837792714,0.161762061732095,0.318267049103129,-0.330275268633075,-0.166685217689113,0.130994477503318,-0.247681835695021,0.23682948756368,-0.0962369964467657,0.142356265251081,0.158872383235584,-0.0194057964810137,-0.069206729740143,-0.379425489104842,0.11568560297958,-0.104717667708378,-0.0388030309516675,-0.157331221370778,0.465388073119568,-0.099469155357678,-0.0794426131255619,-0.117757609486707,-0.221524894045122,-0.127406995162464,-0.0725758808168158,0.131743653409821,0.0438203690226465,0.345819598441714,-0.151783038657477,-0.0919388672460294,-0.229479001669592,0.371938011044993,-0.130189648529475,0.169189605719423,-0.297808125347832,0.27375315724132,-0.264210796695064,-0.0435806327325656,-0.114187251166574,0.299704610642579,0.0330493599897256,0.0451175135921914,0.014726657819256,-0.0325185153474036,0.00204203947086776,0.0236268675885098,-0.11854531443983,-0.159642964167987,-0.0401729526092727,0.00557386874438118,-0.0104499336444197,-0.0720107881330536,-0.0848666466886425,-0.104289567190376,-0.28158311571557,-0.145725416327754,-0.240857913438075,0.293856757566677,0.228207543131127,-0.0916434778886082,-0.250824093497153,-0.168089387388159,-0.0223425660345049,-0.0193843914551137,-0.220951239351,0.0748961856243846,0.369557772164904,0.391386617577807,-0.327261440986344,-0.0011044993364442,0.0763859754270303,0.114114474078514,-0.29725587567961,-0.134355066569631,-0.0953508283745023,-0.132488548311143,0.0568217817543559,-0.200894730082623,0.184956547797423,-0.25535339697761,0.131739372404641,0.0203518986257973,0.042356265251081,0.00503018108651911,-0.23432938053855,0.0788860824521598,-0.328250353182927,-0.14481784322959,-0.114923584057537,-0.171188835138491,0.0960700372447451,0.0148379639539364,0.220206344449677,0.0273085320433238,0.177053812235113,0.0561368209255533,-0.250931118626654,-0.273076758422878,0.124050687101331,-0.0467657005864977,-0.232950896870585,-0.00183227021704696,-0.307457511023588,-0.00295389357421122,-0.343610599768826,-0.0999229419067597,-0.0442313455199281,0.164035275482683,0.223352883256989,-0.315488676741299,0.329363414529732,-0.0451646046491716,-0.246924097778158,1,0.066304208228092,-0.300603621730382,-0.294982661929021,0.37636885140631,-0.305963440215763,0.00571514191532172,-0.19473436362858,-0.0258487092769382,-0.143559227706666,-0.359124962541205,0.127145853846483,-0.316871441414444,-0.277828674172696,0.00228605676612869,-0.324016439059891,0.0374502333147823
"Taurine",0.575919345862408,0.703951367781155,-0.622620831371206,-0.111417440815103,-0.00437518729397663,0.532188877948542,-0.29996147095338,0.0828588552592149,0.40532557044394,0.510180230318079,0.60261997517017,0.423250139132668,0.586634701827989,-0.356582045464275,0.0646859882700458,0.51043709062888,-0.578813305364099,-0.118836422792072,0.284481356222441,0.0136307204931718,0.180607046534526,0.0211824136307205,0.25778072691468,0.246787105612398,-0.22358833854189,0.0233015111948285,0.275683890577508,0.250520142129372,0.551513335331136,0.241097649728156,0.0748020035104243,0.0722419624127745,0.721272314739501,0.318237082066869,-0.454308831713686,0.0780213194057965,0.165114088788047,-0.0549381394751488,-0.128353097307248,0.764951410591207,0.00806113275397063,-0.490958517059806,0.308540605334132,0.308557729354853,-0.168812877263581,0.596639410933687,0.669446466030224,0.692923498437433,-0.485585855558885,-0.121730382293763,-0.0345220257716512,-0.538541889635686,0.316717325227964,0.102962455584571,0.733640138704568,0.509837749903677,0.403313498009333,0.0709062887966094,0.0667066227150135,-0.367412988569716,-0.377678838991395,-0.0250395992979152,0.268119354424419,-0.0208313712059592,-0.486168072263367,-0.178380923840918,-0.478312427758038,-0.176869729012372,0.347964382036902,0.627582516374845,-0.754642750117728,0.325741684147438,0.594391883214179,-0.378124063530117,-0.749030352326726,-0.738880089044908,-0.218703711631491,0.225155186437776,-0.643743310929406,-0.652814760905861,-0.0172010788133054,-0.147596215591421,0.408793184639753,-0.701468384776746,-0.367648443854617,-0.0951967121880218,0.0207029410505587,0.305680893873882,-0.127103043794683,0.043422235540905,0.388334260884456,-0.254993792542489,-0.462939338156599,-0.389755554604221,0.433674386746008,0.116486150948243,0.32901237210497,-0.431893488591121,0.176933944090072,0.676493000556531,0.67096194186395,-0.174408151033863,0.339612140930691,-0.364566120125005,-0.361402457296973,-0.218836422792072,-0.620916991309559,-0.0173038229376258,0.0685560169527805,-0.0633802816901408,0.579990581788604,0.517997345776788,-0.489237552977439,0.525185153474036,0.31567275996404,-0.393993749732437,0.455755811464532,0.540237167686973,0.119320176377413,-0.0492658076116272,0.305813605034462,-0.084485637227621,0.116588895072563,-0.318922042895672,0.0250995333704354,-0.56055481827133,-0.601065970289824,0.0555888522625112,0.217479344150006,0.485055010916563,0.116841474378184,0.246851320690098,0.331966265679181,0.0271372918361231,-0.0463761291151162,0.6895457853504,-0.0224281861381052,0.691069823194486,0.322509525236526,-0.723793826790531,0.497564108052571,-0.117085491673445,0.191913181214949,0.239089858298729,-0.0930348045721135,0.126923241577122,0.134462091699131,0.229551778757652,-0.305017338070979,0.539791943148251,0.342356265251081,-0.566355580290252,0.131807868487521,0.586570486750289,0.220788561154159,-0.52631533884156,-0.574206943790402,-0.527805128644206,0.309050044950554,-0.396797808125348,0.395367952395222,-0.524251894344792,0.0889935356821782,-0.324598655764373,-0.314294276296074,0.26062759535939,-0.0517316665953166,-0.503189348859112,0.066304208228092,1,-0.200586497709662,0.354039128387345,0.0081852819041911,0.0741427287127017,0.353255704439402,-0.338666038785907,-0.214204375187294,0.0369836037501605,0.32363971060405,0.686313626439488,-0.650905432595573,0.192491116914251,0.497148850550109,-0.000376728455841432,-0.130386574767755
"Thiamine",-0.272554475790916,-0.331294147865919,0.282383663684233,0.220163534397877,0.0097906588466972,-0.0516203604606362,0.351894344792157,-0.133267691253906,-0.354612783081468,-0.0843657690825806,-0.177259300483754,0.0269660516289225,-0.21311271886639,-0.159839890406267,0.176668521768911,-0.149805214264309,0.0451560426388116,0.0430069780384434,0.23410248726401,0.087636457040113,-0.186570486750289,0.110000428100518,0.100547968663042,-0.0082623399974314,0.00975641080525707,0.0483796395393638,-0.195346547369322,-0.431401172995419,-0.072635814889336,-0.310835224110621,0.187246885568732,0.15257930562096,-0.0691981677297829,-0.204340939252536,0.308681878505073,0.0786120981206387,0.0784793869600582,-0.0952138362087418,0.278320989768398,-0.314876493000557,0.293878162592577,0.102812620403271,-0.28693009118541,-0.307658718267049,-0.0389143370863479,-0.369339440900723,-0.270345477118027,-0.358713986043923,0.174853375572584,0.312089558628366,0.0854831114345648,0.188154458666895,-0.314705252793356,-0.157305535339698,-0.189772678624941,-0.412526221156728,-0.0140802260370735,-0.260952951753072,0.415069138233657,0.0654908172438889,0.11836979322745,0.175602551479087,-0.209362558328696,0.319071878076973,0.0135707864206516,-0.15254505757952,0.0352455156470739,-0.163885440301383,0.241953850764159,-0.306143242433323,0.0422749261526606,0.0369964467657006,-0.00465345263067768,-0.14471081810009,0.0320433237724218,0.00994049402799777,0.14480071920887,0.115069138233657,0.264921443554947,0.257712230831799,0.0480885311871227,-0.103767284558414,-0.383963354595659,0.298540177233614,0.0123977910013271,0.29473436362858,-0.17374887623614,-0.0129286356436491,-0.180658418596687,-0.0563851192259943,-0.155490389143371,0.414354210368595,0.0483111434564836,0.0227064514748063,-0.266222869129672,-0.0272785650070637,0.0325870114302838,0.270572370392568,-0.0514534012586155,-0.281732950896871,-0.278171154587097,0.20797551265037,0.138546170640866,0.0152789074874781,0.190868615951025,0.020005137206216,0.172237681407595,0.167948114217218,0.252399503403399,0.381069395093968,0.000368166445481399,0.0806798236225866,-0.0616165075559741,-0.338824435977568,-0.143422235540905,0.459065028468684,0.108634787448093,0.159069309473864,0.109259814204375,0.40524423134552,-0.202170469626268,-0.134898754227493,-0.207628751230789,0.400856201036003,-0.0607346204888908,0.0489746992593861,0.113489447322231,0.171762489832613,-0.0277580375872255,-0.121546299071022,0.187178389485851,0.130788989254677,0.182867417269575,-0.241872511665739,0.198604392311315,-0.346885568731538,-0.114054540005993,-0.19465302453016,0.0916135108523481,0.182238109508112,-0.326071321546299,0.435292606704054,0.191780470054369,0.0646303352027056,0.227535425317865,0.386463461620789,-0.105124363200479,-0.0841431568132197,0.132210282974442,-0.41325827304251,-0.166531101502633,0.305184297273,-0.00776574339654951,-0.411845541333105,0.188672460293677,-0.0362772378954579,0.0387345348687872,0.396677939980307,-0.143413673530545,0.554304550708506,-0.00463632860995762,-0.00271843828931033,-0.304884626910399,-0.0617877477631748,0.209503831499636,-0.314880774005736,-0.0686159510253007,0.38158311571557,-0.300603621730382,-0.200586497709662,1,0.224102059163492,-0.460794554561411,0.332608416456184,-0.142296331178561,0.29208870242733,0.0961171283017252,0.291776189049189,0.387790573226594,-0.375675328567148,0.211884070379725,0.208972986857314,-0.0770666552506529,-0.0195085406053341,0.0717881758636928
"Threonine",0.185615822595145,0.232043323772422,-0.271287298257631,-0.0499807354766899,-0.204169699045336,0.245913780555674,0.164617492187166,0.0349586883000128,0.0391926024230489,0.0268718695149621,0.230121152446594,0.216717325227964,0.289687058521341,-0.371432852433751,0.21580119011944,0.248024316109422,-0.403989896827775,-0.245447150991053,0.311717111177705,0.143486450618605,-0.0338413459480286,0.147698959715741,0.182002654223212,0.148636499850165,-0.401095937326084,0.028430155400488,0.0306691211096365,-0.040528276039214,0.259065028468684,-0.01053555374802,0.123078898925468,0.216220728627082,0.2736290080911,0.172545913780556,-0.0699730296673659,0.20536409949056,0.175272914080226,-0.304388030309517,0.104323815231816,0.311164861509482,0.209538079541076,-0.164698831285586,-0.0847981506057622,-0.00897726786249411,-0.136611156299499,0.0513463761291151,0.19213579348431,0.179665225394923,-0.304126888993536,-0.022372533070765,-0.0355494670148551,-0.242737274712102,0.052896100004281,-0.0273128130485038,0.30257716511837,0.0347917290979922,0.0484481356222441,-0.0587011430283831,0.359625840147267,-0.282935913352455,-0.08421593390128,-0.0141487221199538,-0.016306348730682,0.159591592105826,-0.419675499807355,-0.528383064343508,-0.232398647202363,-0.196583757866347,0.552065584999358,0.215043452202577,-0.419354424418854,0.312757395436448,0.433203476176206,-0.471355794340511,-0.418853546812792,-0.432069009803502,-0.0362643948799178,0.181369065456569,-0.230142557472495,-0.262558328695578,-0.0493514277152275,-0.0460935827732352,0.0234984374331093,-0.217894601652468,-0.157241320261997,0.0987713515133353,-0.0319362986429214,0.168581702983861,-0.521447835951881,0.0983389699901537,0.125814461235498,0.255704439402372,-0.229500406695492,-0.140708078256775,0.0192688043152532,0.0387174108480671,0.281240635301169,-0.0823322916220729,0.0131341238922899,0.168889935356822,0.173941521469241,-0.0295860267990924,0.577100903292093,-0.139038486236568,-0.341645618391198,0.0795410762447023,-0.160678967421551,0.110201635343979,0.252202577165118,0.512838734534869,0.256924525878676,0.304554989511537,-0.440117299541932,0.0885055010916563,0.243049788090244,0.100586497709662,0.295350828374502,0.318793612740271,0.300911854103343,0.142818613810523,0.00708934457810694,-0.176167644162849,-0.13693651269318,0.136367139004238,-0.140442655935614,-0.398274754912453,-0.197838092384092,0.116207885611542,0.186150948242647,0.213968919902393,0.130275268633075,0.110732479986301,0.277225052442313,-0.0474206943790402,0.139269660516289,0.164120895586284,-0.212671775332848,0.208917333789974,0.269146795667623,-0.206785393210326,0.158701143028383,0.468949869429342,0.167644162849437,0.0539791943148251,0.216888565435164,0.0808767498608673,-0.230574938995676,-0.0625840147266578,-0.296626567918147,0.104062673915835,0.0566120125005351,-0.0795239522239822,0.0469455028040584,0.138314996361146,0.249779528233229,-0.275217261012886,-0.297118883513849,0.0364185110663984,0.113519414358491,0.0146153516845755,0.318241363072049,-0.295059720022261,-0.0189006378697718,-0.104075516931375,0.0118241363072049,-0.0153131555289182,-0.192268504644891,-0.148191275311443,-0.294982661929021,0.354039128387345,0.224102059163492,1,-0.355854274583672,0.373166659531658,0.112217988783766,0.0098420309088574,-0.0900466629564622,0.256984459951197,0.503035232672632,0.1683162806627,-0.140237167686973,0.698989682777516,0.341401601095937,0.0889635686459181,-0.26580761162721
"Trigonelline",0.0228562866561069,0.146538807311957,-0.2211224795582,-0.165131212808767,0.00107025129500407,-0.0501562566890706,-0.277263581488934,0.3209940494028,0.311100646431782,-0.0643820369022647,-0.0378440857913438,-0.145049017509311,0.156153944946273,0.209585170598056,-0.0314739500834796,0.135930476475877,0.12633674386746,0.102268932745409,-0.3209726443769,-0.0338627509739287,-0.228306006250268,-0.187657862066013,0.0312641808296588,-0.275127359904105,0.103989896827775,0.0310116015240378,0.261590821524894,0.343580632732566,-0.199195171026157,0.444441114773749,-0.299392097264438,-0.323939380966651,-0.066043066912111,0.0151847253735177,-0.406096151376343,-0.280795410762447,-0.296733593047648,0.18161736375701,-0.29744423990753,0.215351684575538,-0.177991352369536,-0.252108395051158,0.398296159938353,0.469309473864463,0.0290423391412304,0.438867246029368,0.0813605034462092,0.223023245858127,0.0639967464360632,-0.11584400017124,-0.1263923969348,0.0584999357849223,0.300907573098163,0.22882400787705,0.160148122779229,0.26045635515219,0.0369193886724603,0.451594674429556,-0.455939894687273,-0.013412389228991,-0.0578535040027398,-0.177670276981035,0.362909371120339,-0.469228134766043,0.16852176891134,0.12378954578535,0.0469455028040584,-0.0557044394023717,-0.317483625155186,0.134581959844171,0.107050815531487,-0.101613938952866,-0.135489532942335,0.340917847510595,0.157750759878419,0.162763816944218,-0.314153003125134,-0.091831842116529,-0.232351556145383,-0.214683847767456,-0.132792499678925,-0.138066698060705,0.509045763945374,-0.290932831028726,0.167425831585256,-0.203557515304594,0.0203304935998973,-0.248563722762105,0.166252836165932,-0.0172053598184854,0.0855087974656449,-0.458675456997303,-0.122595145340126,0.0889079155785779,0.258285885525921,-0.179314182970161,-0.174194100774862,-0.222539492272786,-0.111130613468042,-0.0164433408964425,0.0121452116957062,-0.0387987499464874,-0.313352455156471,0.0147138148037159,-0.0481827133010831,-0.105916349158782,-0.00773149535510938,0.14203947086776,-0.361719251680295,-0.53160666124406,-0.120026542232116,-0.246791386617578,0.106190333490304,0.42097692538208,0.00240592491116914,-0.399366411233358,-0.316665953165803,-0.201280020548825,-0.173547668992679,-0.425424889764117,0.184909456740443,0.218686587610771,0.306858170298386,-0.453277109465302,-0.244000171240207,0.0723018964852948,-0.0535082837450233,-0.231358362943619,-0.169964467657006,-0.0242732993706922,0.129654522881973,-0.171920887024273,-0.271488505501092,0.365328139047048,-0.111678582131084,0.189032064728798,0.148383920544544,0.0943233871312984,-0.168834282289482,-0.191219658375787,0.185864120895586,-0.345198852690612,-0.385097820968363,-0.103142257802132,-0.295915921058264,-0.293099019649814,0.283119996575196,0.0655935613682092,-0.0308788903634573,0.330078342394794,0.0837493043366583,-0.33685517359476,-0.0580290252151205,0.177263581488934,-0.115253221456398,0.0131084378612098,0.14197953679524,-0.422911939723447,0.085799905817886,-0.474660730339484,0.0591634915878248,0.0545828160452074,0.0667965238237938,0.231910612611841,-0.279930647716084,0.460952951753072,0.207508883085749,-0.320690098035019,0.37636885140631,0.0081852819041911,-0.460794554561411,-0.355854274583672,1,-0.536546941221799,0.0963354595659061,-0.276514405582431,-0.0533413245430027,-0.431238494798579,-0.514739500834796,0.278770495312299,-0.150592919217432,-0.516447621901623,-0.128074831970547,-0.0913866175778073,-0.0375016053769425
"Tryptophan",0.140318506785393,0.00367310244445396,0.0640181514619633,0.332415771223083,-0.0612740271415728,0.0937839804786164,0.231195684746779,-0.133349030352327,-0.289091998801319,-0.101348516631705,-0.00675542617406567,0.153337043537823,-0.0380238880089045,-0.229958474249754,0.100329637398861,-0.0439059891262468,-0.257558114645319,-0.12635386788818,0.304452245387217,0.104400873325057,0.226987456654823,0.190209341153303,0.132659788518344,0.15524637184811,-0.135613682092555,0.0983218459694336,-0.218078684875209,-0.36053341324543,0.157172824179117,-0.39730296673659,0.242643092598142,0.283501006036217,0.0583543816088017,0.109520955520356,0.190076629992722,0.2579904961685,0.0181343379425489,-0.273898711417441,0.160760306519971,-0.047883042938482,0.279100132711161,-0.0126760563380282,-0.309067168971274,-0.399178047005437,-0.163688514063102,-0.256911682863136,0.00662271501348517,-0.0597114602508669,-0.0322659360417826,0.251153730896014,0.170306948071407,0.000774861937582945,-0.284789588595402,-0.182597713943234,-0.0232629821482084,-0.172687186951496,0.00145554176120553,-0.319384391455114,0.514551136606875,-0.0232158910912282,-0.0460850207628751,0.436114559698617,-0.246568774348217,0.304071235926196,-0.277400573654694,-0.298184853803673,-0.203270687957532,-0.022894815702727,0.255738687443812,-0.126687786292221,-0.105582430754741,0.289147651868659,0.198869814632476,-0.254946701485509,-0.13145682606276,-0.145952309602295,0.232039042767242,0.104075516931375,0.0497709662228691,-0.0219658375786635,0.108639068453273,-0.0954150434522026,-0.411999657519586,0.0413673530544972,-0.0895415043452203,0.276908258058992,-0.120373303651697,0.168282032621259,-0.314255747249454,0.0691168286313626,0.0226978894644463,0.214161565135494,0.000847639025643221,-0.0256475020334775,-0.183107153559656,0.0348687871912325,0.20791557857785,0.0978594974099919,0.0783595188150178,0.11847253735177,0.0925339269660516,-0.000890449077443384,0.367789717025558,-0.174232629821482,-0.0508711845541333,0.0734534868787191,-6.84960828802603e-05,-0.00628451560426388,0.201917890320647,0.442780084763903,0.179690911426003,0.321923027526863,-0.278650627167259,-0.251123763859754,-0.0954321674729226,0.192735134209512,0.368145040455499,0.13934671860953,0.187833383278394,0.057643734748919,-0.0437133438931461,-0.279541076244702,-0.401348516631705,0.407675842287769,0.0783124277580376,-0.139672075003211,-0.049736718181429,0.176009246971189,0.274339654950983,0.154642750117728,0.099469155357678,0.109533798535896,0.38686587610771,-0.317534997217347,0.0886681792884969,-0.0519585598698574,-0.158118926323901,0.046311914037416,0.262712444882058,0.0636028939595017,-0.0834881630206773,0.391900338199409,0.526473736033221,0.175260071064686,0.228764073804529,0.0544286998587268,-0.13413673530545,-0.12627680979494,0.100607902735562,-0.118558157455371,-0.0283102872554476,0.149693908129629,0.105698017894602,-0.188287169827475,0.338880089044908,-0.0357249882272358,-0.200650712787362,0.300856201036003,0.0759835609401087,0.259861295432167,0.119358705424034,-0.0266321332248812,-0.206896699345006,-0.310304379468299,0.191292435463847,-0.408343679095852,-0.0411533027954964,0.280902435891947,-0.305963440215763,0.0741427287127017,0.332608416456184,0.373166659531658,-0.536546941221799,1,0.0826747720364742,0.258324414572542,0.103964210796695,0.23691510766728,0.425977139432339,-0.0861081381908472,0.278098377499037,0.511473093882444,0.11039428057708,0.120711503060919,-0.140892161479515
"Tyrosine",0.457600924697119,0.654274583672246,-0.530266706622715,0.124782738987114,0.131054411575838,0.416708763217604,-0.350468770067212,0.220428956719038,0.248859112119526,0.274164133738602,0.407594503189349,0.344971959416071,0.452801917890321,-0.331906331606661,-0.101609657947686,0.339624983946231,-0.443131127188664,-0.12115672759964,0.31308275183013,0.0952352412346419,0.0646902692752258,-0.119071878076972,-0.142994135022903,0.039988869386532,0.03946230574939,0.073158097521298,0.133319063316067,0.109439616421936,0.225300740613896,0.0643135408193844,0.0557643734748919,0.0288282888822295,0.525767370178518,0.144120039385248,-0.153379853589623,-0.248756367995205,-0.152921786035361,-0.121918746521683,0.0863393124705681,0.507046534526307,-0.0288240078770495,-0.361239779100133,0.0622158482811764,0.103750160537694,-0.268110792414059,0.452348131341239,0.386382122522368,0.669651954278865,-0.16050772721435,-0.203895714713815,0.350747035403913,-0.128246072177747,0.257237039256818,0.0346204888907916,0.473235155614538,0.466638126632133,0.21054839676356,0.11062117385162,-0.127471210240164,-0.201875080268847,-0.409961899053898,0.0558457125733122,0.240583929106554,-0.365169741855388,-0.367960957232758,-0.170221327967807,-0.588830857485337,-0.0502333147823109,0.137150562952181,0.306738302153346,-0.379947771736804,-0.0175135921914466,0.500941821139604,-0.190063786977182,-0.380666980607047,-0.36052057022989,-0.204816130827518,0.310963654266022,-0.318258487092769,-0.339928935314012,-0.149852305321289,-0.191099790230746,0.248692152917505,-0.388312855858556,-0.330322359690055,-0.361667879618134,-0.230502161907616,0.183869172481699,-0.114863649985016,0.236534098206259,0.190406267391584,-0.164750203347746,-0.393728327411276,-0.353315638511923,0.36040498309003,0.350515861124192,0.225844428271758,-0.413506571342951,0.140596772122094,0.453504002739843,0.51312128087675,-0.0251423434222355,0.324393167515733,-0.249128815445867,-0.224324671432852,-0.314161565135494,-0.358191703411961,-0.0617320946958346,-0.103056637698532,-0.230574938995676,0.421948713557943,0.413429513249711,-0.183038657476776,0.425300740613896,0.244462519799649,-0.319761119910955,0.384044693694079,0.260880174665011,0.106584185966865,-0.125801618219958,0.272374673573355,0.0135665054154716,-0.128421593390128,-0.223348602251809,-0.0171582687615052,-0.415167601352798,-0.448897641166146,0.0520356179630977,0.172631533884156,0.252241106211739,0.134021148165589,-0.0656963054925297,-0.162571171711118,-0.116070893445781,-0.0459779956333747,0.646157797850935,-0.082370820668693,0.654595659060747,0.140892161479515,-0.464694550280406,0.55795624812706,-0.0445310158825292,-0.00517573526263967,-0.14995933045079,-0.0656021233785693,0.0292777944261313,0.409970461064258,0.315989554347361,-0.210848067126161,0.50009418211396,0.0602166188621088,-0.159904105483968,0.245220257716512,0.379592448306862,0.291382336572627,-0.24477931418297,-0.458855259214864,-0.44465944603793,0.952048460978638,-0.485106382978723,0.279164347788861,-0.206451474806285,0.0516203604606362,-0.245464275011773,-0.0451860096750717,0.0884840960657562,-0.151633203476176,-0.394194956975898,0.00571514191532172,0.353255704439402,-0.142296331178561,0.112217988783766,0.0963354595659061,0.0826747720364742,1,-0.36314910741042,-0.429543216747292,-0.114105912068154,0.232539920373304,0.549197311528747,-0.185436020377585,0.0694892760820241,0.407701528318849,0.210103172224838,0.0750246157797851
"UDP-GlcNAc",-0.238999957189948,-0.422295474977525,0.561839119825335,0.231876364570401,0.0803630292392654,-0.102131940579648,0.230848923327197,-0.308489233271972,-0.655777216490432,-0.233965495098249,-0.459304764758765,0.036576908258059,-0.653516845755383,0.135301168714414,0.250866903548953,-0.656714756624856,0.301571128901066,0.0526049916520399,0.212984288710989,-0.0554390170812107,0.0860696091442271,0.240271415728413,-0.246774262596858,0.147604777601781,0.00754741213236868,0.2421807440387,-0.332946615865405,-0.385598698574425,0.00446508840275697,-0.520681536024659,0.325553319919517,0.287097050387431,-0.280311657177105,-0.216974185538764,0.533520270559527,0.192585299028212,0.250190504730511,-0.0528618519628409,0.181955563166231,-0.516023802388801,0.273016824350357,0.222119953765144,-0.408596258401473,-0.54995076844043,0.158110364313541,-0.69462733849908,-0.429928507213494,-0.488492658076116,0.378201121623357,0.218108651911469,0.187597927993493,0.322603707350486,-0.551367781155015,-0.365328139047048,-0.630356607731495,-0.655447579091571,-0.170118583843486,-0.409512393509996,0.389943918832142,0.505946316195043,0.0930776146239137,0.210912282203861,-0.608377927137292,0.250875465559313,0.298685731409735,-0.0372918361231217,0.0855002354552849,0.186185196284088,0.0734492058735391,-0.385316152232544,0.576060619033349,-0.229556059762832,-0.157883471039,0.0592491116914251,0.535339697761034,0.514097350057794,0.34218502504388,0.0245472837022133,0.417423691082666,0.258983689370264,-0.0394366197183099,-0.0151376343165375,-0.707376171925168,0.410933687229762,0.1525493385847,0.248512350699944,-0.0106254548568004,0.199229419067597,-0.0948199837321803,-0.11580119011944,-0.26843186780256,0.203959929791515,0.304910312941479,0.219482854574254,-0.607418981976968,-0.172738559013656,-0.270499593304508,0.324328952438032,0.212954321674729,-0.391669163919688,-0.370354039128387,-0.119666937796995,-0.0825035318292735,-0.0485594417569245,0.0735562310030395,0.390620317650584,0.210985059291922,-0.0996746436063188,-0.084459951196541,0.275718138618948,-0.160028254634188,0.0391027013142686,-0.0137291836123122,-0.670730767584229,-0.348272614409863,0.285817029838606,-0.114474078513635,-0.0267562823751017,0.141183269831756,0.204422278350957,-0.243495012628965,-0.344364056680509,-0.318707992636671,0.409268376214735,0.0844899182328011,0.26059762832313,0.192444025857271,0.276724174836252,0.188244359775675,-0.0980093325912924,-0.0726615009204161,-0.0648144184254463,0.372289053469755,-0.212714585384648,-0.012367823965067,-0.452878975983561,0.245378654908172,-0.421850250438803,-0.0501091656320904,0.5209298343251,-0.509705038743097,0.232184596943362,0.283256988740956,0.349719594160709,0.367023417098335,0.00325356393681236,-0.145545614110193,-0.171497067511452,0.136508412175179,-0.48686159510253,-0.198030737617193,0.564904319534227,0.257763602893959,-0.574005736546941,-0.0415514362772379,0.215017766171497,0.0609529517530716,0.641876792670919,-0.317706237424547,0.496493856757567,-0.25797765315296,0.425300740613896,-0.117209640823665,-0.0767627038828717,0.293150391711974,-0.566145811036431,-0.109580889592876,0.531058692581018,-0.19473436362858,-0.338666038785907,0.29208870242733,0.0098420309088574,-0.276514405582431,0.258324414572542,-0.36314910741042,1,0.243965923198767,-0.0353996318335545,0.22898240506871,-0.531722248383921,0.372036474164134,0.137578663470183,-0.39724731366925,-0.0309217004152575,0.0656877434821696
"UDP-Glucose",-0.352279635258359,-0.255824307547412,0.201292863564365,-0.0829787234042553,-0.0536581189263239,-0.44749775247228,0.152138362087418,-0.176826918960572,-0.112466287084207,-0.294301982105398,-0.12888822295475,-0.435733550237596,-0.22116528961,0.0334603364870072,-0.0292692324157712,-0.198146324757053,0.137844085791344,0.0189862579733721,-0.365931760777431,-0.0614752343850336,-0.156851748790616,0.0547925852990282,0.0965109807782868,-0.162374245472837,-0.00506014812277923,0.141341667023417,0.0616550366025943,0.0206387259728584,-0.239132668350529,-0.0119739714885055,-0.0496553790830087,-0.0965281047990068,-0.441380196070037,-0.0846055053726615,-0.0434992936341453,0.30785136350015,0.0179117256731881,0.039727728070551,-0.211528746949784,-0.24485209127103,-0.0775889378826148,0.237291836123122,0.159124962541205,-0.00132711160580504,0.198801318549595,-0.220052228263196,-0.248645061860525,-0.259416070893446,0.147938696005822,0.0814632475705296,-0.325339269660516,0.101485508797466,-0.0919859583030095,-0.109871997945118,-0.230669121109637,-0.255079412646089,-0.160781711545871,-0.0292949184468513,0.00790273556231003,0.0888137334646175,0.354081938439146,0.234581959844171,-0.0385889806926666,0.11846397534141,0.0512864420565949,-0.159788518344107,0.301322830600625,-0.0429641679866433,-0.0352883256988741,-0.15265208270902,0.242818613810523,0.0741598527334218,-0.280525707436106,-0.0203947086775975,0.254116186480586,0.249762404212509,0.314212937197654,-0.265311015026328,0.0729526092726572,0.0903035232672632,0.295624812706023,0.169031208527762,-0.109199880131855,0.0969904533584486,0.225852990282118,0.206691211096365,0.0487906160366454,-0.245010488462691,-0.188882229547498,0.0323215891091228,-0.033426088445567,0.0425317864634616,0.0927608202405925,0.199075302881116,-0.109490988484096,-0.21050130570658,-0.0930604906031936,0.0649813776274669,-0.309264095209555,-0.329838606104713,-0.348777773021105,0.150190504730511,-0.08947300826234,0.130613468042296,-0.125018194272015,0.0347874480928122,0.221674729226422,0.145806755426174,-0.0471338670319791,0.198672888394195,-0.248897641166146,-0.247206644120039,0.135010060362173,-0.13420095038315,-0.0638083822081425,0.175945031893489,-0.251149449890834,-0.38685731409735,-0.108506357292692,0.0180144697975085,-0.190453358448564,0.244929149364271,0.0261012885825592,0.144342651654608,-0.27372747121024,0.171706836765272,0.232903805813605,-0.0350143413673531,-0.226841902478702,-0.28695577721649,0.169211010745323,0.0474849094567404,0.0240849351427715,-0.0113403827218631,0.066055909927651,-0.236692495397919,0.0430626311057836,-0.372511665739116,-0.0983946230574939,0.156937368894216,-0.170700800547969,0.124397448520913,0.0569716169356565,0.00413973200907573,-0.0773534825977139,-0.080521426430926,-0.0537951110920844,-0.268149321460679,-0.00611755640224325,-0.245160323643992,-0.233507427543987,0.0115030609187037,-0.224406010531273,-0.146769981591678,-0.0827004580675543,0.262643948799178,0.272571599811636,0.234659017937412,-0.403788689584314,0.222432467143285,-0.0471681150734192,0.0312770238451988,-0.089203304935999,0.14727514020292,0.0945031893488591,-0.00670405411190548,0.404495055439017,0.167597071792457,-0.0258487092769382,-0.214204375187294,0.0961171283017252,-0.0900466629564622,-0.0533413245430027,0.103964210796695,-0.429543216747292,0.243965923198767,1,-0.0490217903163663,-0.208185281904191,-0.289935356821782,0.296553790830087,0.056059762832313,-0.18413887580804,0.0680037672845584,-0.184442827175821
"UMP",-0.0289909670790702,-0.060272271929449,0.083415385932617,0.0248212680337343,-0.306823922256946,-0.0169356564921444,0.370683676527249,-0.246213450918276,-0.0248512350699944,0.172789931075817,0.0998116357720793,0.0067639881844257,0.174712102401644,-0.0621601952138362,-0.00198638640352755,0.0891604948841988,-0.154950982490689,-0.0444882058307291,0.221469240977782,0.041063401686716,-0.133854188963569,-0.130643435078556,0.136487007149279,-0.0190376300355323,-0.179095851705981,-0.0523823793826791,-0.150592919217432,-0.172139218288454,0.158547026841902,-0.114204375187294,-0.0937368894216362,-0.054741213236868,-0.00986343593475748,0.139094139303909,0.120497452801918,0.309092855002355,0.0954706965195428,-0.102037758465688,0.256975897940837,-0.104430840361317,0.148011473093882,0.0549509824906888,-0.177627466929235,-0.0809067168971274,0.000231174279720878,-0.0620874181257759,-0.0679395522068582,-0.0594931289866861,-0.137587225480543,0.255802902521512,-0.0643905989126247,-0.136585470268419,-0.0259728584271587,-0.129847168115073,0.0685303309217004,-0.133824221927309,-0.151680294533156,-0.217984502761248,0.192414058821011,-0.0613553662399931,0.16048632218845,-0.0842887109893403,0.0274241191831842,0.356123977910013,-0.180157540990625,-0.227676698488805,-0.0264352069866005,-0.304092640952096,0.088959287640738,-0.0699516246414658,-0.288865105526778,0.314915022047177,0.267044822124235,-0.200616464745922,-0.325399203733037,-0.31836123121709,0.0091313840489747,0.0607474635044308,0.285620103600325,0.414932146067897,0.00833083608031166,0.0587867631319834,-0.146962626824778,0.343606318763646,-0.0600410976497282,0.229526092726572,0.0256046919816773,0.075786634701828,-0.232432895243803,-0.0572884113189777,-0.05001070251295,0.240934971531316,0.00943961642193587,-0.0403570358320134,-0.123545528490089,-0.130395136778116,0.185508797465645,0.0298600111306135,-0.0273470610899439,0.0827347061089944,0.0568217817543559,0.0576737017851792,0.208262339997431,0.14484352926067,0.0265165460850208,-0.0900509439616422,-0.0979194314825121,0.171796737874053,0.966924953979194,0.300714927865063,0.194537437390299,0.100214050259001,-0.140536838049574,-0.111742797208785,0.146213450918276,0.0477417697675414,0.240335630806113,0.0620660130998759,0.116370563808382,0.204105483967636,-0.106203176505844,-0.0412603279249968,-0.0846782824607218,0.415146196326898,-0.0360332206001969,-0.209353996318336,-0.105976283231303,0.0369193886724603,0.0891219658375787,0.0126974613639283,-0.0841731238494799,0.105929192174323,0.111366068752943,-0.218922042895672,0.27630463632861,-0.0727471210240164,-0.0382250952523653,0.0182841731238495,-0.0194914165846141,0.0289224709961899,0.0448435292606704,0.194490346333319,-0.0754698403185068,-0.188377070936256,0.102465858983689,0.154942420480329,-0.127852219701186,-0.116974185538764,-0.0687871912325014,-0.0883000128430155,-0.132133224881202,0.166625283616593,0.0461406738302153,0.00446508840275697,0.0932017637741342,-0.32098120638726,-0.0829787234042553,0.151808724688557,-0.14201378483668,0.378659189177619,0.0766128687015711,-0.0752258230232459,-0.345314439830472,0.0678796181343379,0.0309645104670577,-0.0946359005094396,-0.174455242090843,0.174198381780042,-0.143559227706666,0.0369836037501605,0.291776189049189,0.256984459951197,-0.431238494798579,0.23691510766728,-0.114105912068154,-0.0353996318335545,-0.0490217903163663,1,0.348816302067726,-0.0943362301468385,-0.168705852134081,0.279780812534783,0.0846996874866219,-0.0171625497666852,-0.227128729825763
"Uracil",0.293873881587397,0.209469583458196,-0.0556102572884113,0.150353182927351,0.0241106211738516,0.491938867246029,0.0490303523267263,-0.186626139817629,-0.183548097093197,0.128066269960187,0.233828502932489,0.520891305278479,0.108356522111392,-0.432711160580504,0.188192987713515,0.114688128772636,-0.498976839761976,-0.174292563894002,0.637236183055782,0.230664840104457,0.183128558585556,0.16063615736975,-0.093938096665097,0.266501134466373,-0.285016481869943,0.233794254891048,-0.126760563380282,-0.26318763645704,0.38161736375701,-0.264060961513763,0.460349330022689,0.369955905646646,0.483372575880817,0.0232758251637484,0.228083393980907,0.233991181129329,0.353820797123165,-0.342279207157841,0.309135665054155,0.238143756153945,0.580632732565606,-0.267930990196498,-0.393925253649557,-0.252181172139218,-0.211614367053384,-0.0395436448478103,0.233926966051629,0.158341538593262,0.00148550879746564,0.154762618262768,0.263465901793741,0.00588210111734235,-0.15517787576523,-0.185239094139304,0.115180444368338,-0.019478573569074,0.0825163748448136,-0.286566205745109,0.355901365640652,0.141427287127017,-0.374802003510424,0.0927651012457725,-0.172819898112077,0.155918489661372,-0.449428485808468,-0.31849822338285,-0.404101202962456,-0.0274583672246243,0.442831456826063,0.103643135408194,-0.289986728883942,-5.13720621601952e-05,0.466933515989554,-0.378624941136179,-0.317376600025686,-0.319333019392953,-0.142544629479002,0.400873325056723,-0.0516931375486964,-0.119217432253093,-0.204340939252536,-0.212847296545229,-0.269275225823023,-0.071312984288711,-0.238725972858427,0.00649856586326469,-0.224157712230832,0.535087118455413,-0.316160794554561,0.112620403270688,-0.0242433323344321,0.199340725202277,-0.17101331392611,-0.210274412432039,-0.115608544886339,0.208998672888394,-0.0191874652168329,-0.111807012286485,0.41588252921786,0.219371548439574,0.206113275397063,-0.101190119440045,0.308073975769511,-0.311207671561283,-0.0879575324286142,-0.084738216533242,-0.339196883428229,0.103929962755255,0.296438203690226,0.256800376728456,0.319405796481014,0.484001883642279,-0.519499978594974,-0.0918960571942292,0.0904062673915836,0.0783038657476776,0.604691981677298,0.411640053084464,0.35787062802346,0.165161179845028,0.0647716083736461,-0.401943576351727,-0.263350314653881,0.350134851663171,0.190782995847425,-0.337921143884584,-0.355665910355752,0.431756496425361,0.326752001369922,0.29999143798964,-0.0107710090329209,-0.0414615351684576,0.392944903463333,-0.354848238366368,0.0753927822252665,0.13676527248598,0.179609572327583,0.302889678496511,0.206451474806285,-0.19476433066484,0.0634915878248213,0.370769296630849,0.309876278950298,0.185055010916563,0.345430026970333,0.15254505757952,0.180662699601867,0.0885440301382765,-0.354454385889807,0.0170683676527249,-0.148529474720664,0.261488077400574,0.404833254848238,0.00723061774904748,0.213395265208271,-0.233961214093069,-0.42894387602209,0.240429812920074,0.224834111049274,0.281959844171411,0.262575452716298,-0.161997517016996,-0.207217774733507,-0.32374673573355,0.0759236268675885,-0.282233828502932,-0.180401558285886,0.0922727856500706,-0.359124962541205,0.32363971060405,0.387790573226594,0.503035232672632,-0.514739500834796,0.425977139432339,0.232539920373304,0.22898240506871,-0.208185281904191,0.348816302067726,1,0.137043537822681,-0.120112162335716,0.422286912967165,0.129564621773192,0.119996575195856,0.0546513121280877
"Urate",0.739976026370992,0.837544415428743,-0.757506742583159,0.0677811550151976,0.0654394451817287,0.424290423391412,-0.397619761119911,0.190975641080526,0.511301853675243,0.279699473436363,0.609991866090158,0.269484995076844,0.639984588381352,-0.287007149278651,-0.113369579177191,0.55264352069866,-0.622526649257246,-0.124791300997474,0.179207157840661,0.149257245601267,0.145554176120553,-0.211922599426345,0.0871698274754912,0.0703026670662271,-0.116987028554305,-0.0294190675970718,0.33945802474421,0.436204460807398,0.351273599041055,0.3210582644805,-0.0916520398989683,-0.159702898240507,0.612658932317308,0.238507641594246,-0.566642407637313,-0.106271672588724,-0.153165803330622,-0.130925981420438,-0.182276638554733,0.770161393895287,0.0340982062588296,-0.586313626439488,0.336572627252879,0.381976968192132,-0.364908600539407,0.814966394109337,0.805030181086519,0.863324628622801,-0.351813005693737,-0.334051115201849,0.0249668222098549,-0.408202405924911,0.410980778286742,0.211828417312385,0.748679309901965,0.649736718181429,0.321554861081382,0.185072134937283,-0.235202705595274,-0.353122993278822,-0.414007448949013,0.0578064129457597,0.324042125090971,-0.307560255147909,-0.550888308574853,-0.0805043024102059,-0.442951324971103,-0.0159467442955606,0.177280705509654,0.512016781540306,-0.58946444625198,0.125579005950597,0.421910184511323,-0.293398690012415,-0.56570486750289,-0.540010274412432,-0.433340468341967,0.311973971488506,-0.636559784237339,-0.582349415642793,-0.198210539834753,-0.312359261954707,0.474318249925082,-0.689036345733978,-0.174356778971703,-0.403733036516974,-0.129376257545272,0.0957232758251638,0.0019478573569074,0.192902093411533,0.276094867074789,-0.438987114174408,-0.502187593646988,-0.229830044094353,0.542253521126761,0.145875251509054,0.220805685174879,-0.678338113789118,0.101164433408964,0.679361274027142,0.7051628922471,-0.136294361916178,0.193214606789674,-0.240489746992594,-0.33952652082709,-0.316524679994863,-0.537480200351042,0.0258058992251381,-0.033961214093069,-0.374951838691725,0.455631662314311,0.431379767969519,-0.435074275439873,0.671557001583972,0.225536195898797,-0.602140502590008,0.392465430883171,0.325938610385719,-0.0178261055695877,-0.262549766685218,0.659270516717325,0.037099190890021,0.0766642407637313,-0.43955220685817,0.021306562780941,-0.501733807097907,-0.618596686501991,-0.159351855815746,0.177259300483754,0.657643734748919,0.100830515004923,0.0131041568560298,0.0360674686416371,-0.000903292092983432,-0.0969433623014684,0.846076458752515,0.0282631961984674,0.791138319277366,0.270345477118027,-0.716439059891262,0.675786634701828,-0.250575795196712,-0.123267263153388,0.0530630592063016,-0.271437133438931,-0.0370863478744809,0.345948028597115,0.333254848238366,-0.294096493856758,0.916785821310844,0.15011344663727,-0.481227792285629,0.258225951453401,0.550995333704354,0.291172567318806,-0.335348259771394,-0.414118755083694,-0.713031379767969,0.542600282546342,-0.645545614110193,0.320852776231859,-0.404987371034719,0.145151761633632,-0.226537951110921,-0.302063444496768,0.335998972558757,0.0374288282888822,-0.546530245301597,0.127145853846483,0.686313626439488,-0.375675328567148,0.1683162806627,0.278770495312299,-0.0861081381908472,0.549197311528747,-0.531722248383921,-0.289935356821782,-0.0943362301468385,0.137043537822681,1,-0.479772250524423,0.00175949312898669,0.4946444625198,0.132424333233443,-0.066843614880774
"Uridine",-0.301382764673145,-0.466822209854874,0.430583501006036,0.279502547198082,0.111310415685603,-0.308895928764074,0.23152104114046,0.0335802046320476,-0.386377841517188,-0.605787919003382,-0.480281690140845,-0.211956847467785,-0.451817286698917,0.0384434265165461,0.0667579947771737,-0.378256774690697,0.261222655079413,-0.18162592576737,-0.116156513549381,0.232385804186823,0.112658932317308,0.0995847424975384,-0.0672331863521555,-0.0947557686544801,0.0722804914593947,0.0598184853803673,-0.212577593218888,-0.261565135493814,-0.401198681450405,-0.391643477888608,0.0226722034333662,0.0726657819255961,-0.512864420565949,-0.228785478830429,0.400342480414401,0.0603322060019693,-0.240485465987414,-0.216302067725502,0.0273213750588638,-0.489053469754698,0.0425103814375615,0.367087632176035,-0.325921486364998,-0.43416670234171,0.099225138062417,-0.520797123164519,-0.531067254591378,-0.477704525022475,0.437099190890021,0.109636542660217,0.18428442998416,0.491553576779828,-0.315582858855259,-0.17099190890021,-0.508549167344493,-0.385067853932103,-0.363671390042382,-0.247519157498181,0.199833040797979,0.340382721863093,0.147108181000899,0.462185881244916,-0.264930005565307,-0.0636585470268419,0.197183098591549,-0.0738173723190205,0.212962883685089,0.259771394323387,-0.12115672759964,-0.476672802774091,0.585264780170384,-0.153825078128345,-0.340151547583373,0.0940065927479772,0.58676741298857,0.579849308617663,0.318095808895929,-0.0268076544372619,0.383826362429899,0.361368209255533,0.201733807097907,0.122381095081125,-0.462121666167216,0.408056851748791,0.253101588252922,0.179939209726444,-0.189866860738901,-0.266188621088232,-0.104118326983176,0.27371890919988,-0.398000770580932,0.258178860396421,0.344098634359348,0.27101331392611,-0.332736846611584,-0.154343079755126,-0.198557301254335,0.275041739800505,-0.216147951539021,-0.471424290423391,-0.471257331221371,0.360362173038229,-0.0085534483496725,0.188963568645918,0.204610642578878,0.232098976839762,0.491587824821268,2.14050259000813e-05,-0.202290337771309,0.310154544286999,-0.3264138019607,-0.206126118412603,0.21048846269104,-0.459249111691425,-0.230476475876536,0.38685303309217,-0.198527334218074,-0.422526649257246,0.0611670020120724,0.00122864848666467,-0.234701827989212,-0.187645019050473,-0.304546427501177,0.456466458324415,0.0669934500620746,0.395654779742283,0.355623100303951,0.00116015240378441,-0.0146367567104756,-0.22894815702727,0.0394879917804701,-0.271642621687572,-0.151222226978895,-0.151059548782054,-0.0126803373432082,-0.456004109764973,-0.0620232030480757,-0.399349287212638,-0.243747591934586,0.499045335844856,-0.353833640138705,0.338803030951667,-0.025793056209598,-0.130784708249497,0.144984802431611,-0.196951924311828,-0.0636200179802218,-0.194319106126118,0.236564065242519,-0.420381865662057,-0.275247228049146,0.404572113532257,-0.0506999443469327,-0.469266663812663,-0.057117171111777,0.572571599811636,0.301725245087547,0.512654651312128,-0.15796481013742,0.327214349929363,-0.204640609615138,0.285192003082324,-0.0637955391926024,0.00548824864078085,0.413438075260071,-0.405950597200223,0.156106853889293,0.45013057065799,-0.316871441414444,-0.650905432595573,0.211884070379725,-0.140237167686973,-0.150592919217432,0.278098377499037,-0.185436020377585,0.372036474164134,0.296553790830087,-0.168705852134081,-0.120112162335716,-0.479772250524423,1,0.146478873239437,-0.308831713686374,0.312273641851107,0.0161565135493814
"Valine",0.109242690183655,0.136671090372019,-0.157742197868059,0.162849437047819,-0.17883899139518,0.0352112676056338,0.194918446851321,-0.00881887067083351,-0.0379125818742241,-0.0767841089087718,0.110368594545999,0.0440900723489875,0.17098762789503,-0.290787276852605,0.1314696690783,0.0700329637398861,-0.235061432424333,-0.302012072434608,0.349248683590907,0.104417997345777,0.00148978980264566,0.193963782696177,0.145721135322574,0.130425103814376,-0.25005351256475,-0.00405839291065542,-0.0961428143328053,-0.156106853889293,0.122963311785607,-0.22101973543388,0.0461620788561154,0.27370606618434,0.0873453486878719,0.0585384648315425,0.144047262297187,0.25254077657434,0.155820026542232,-0.248824864078086,-0.0439744852091271,0.109353996318336,0.124187679267092,0.103125133781412,-0.211935442441885,-0.208981548867674,0.0433580204632048,-0.0914422706451475,-0.0304165418040156,0.0654266021661886,-0.197692538207971,0.0432852433751445,0.112406353011687,-0.137523010402843,0.00303095166745152,-0.209627980649857,0.10532557044394,-0.0869044051543302,-0.138661757780727,-0.241761205531059,0.484892332719723,-0.234877349201593,-0.0279635258358663,0.189669934500621,-0.101528318849266,0.161282589151933,-0.248555160751745,-0.445691168286314,-0.259814204375187,-0.0816088017466501,0.47886895843144,0.0540391283873453,-0.252176891134038,0.275195855986986,0.447823108865962,-0.419791086947215,-0.266967764030994,-0.271574125604692,0.182644805000214,0.0985658632646945,-0.0440472622971874,-0.0750931118626654,0.119067597071792,0.177999914379896,-0.159540220043666,-0.0313283959073591,-0.205578149749561,0.130840361316837,0.0877905732265936,0.129329166488291,-0.452446594460379,0.15527205787919,0.0622543773277966,0.399576180487178,-0.0547155272057879,-0.180414401301426,-0.062905090115159,-0.110133139261099,0.281929877135151,0.0887752044179973,0.0083950511580119,0.0504730510723918,0.06579476861167,0.0703497581232073,0.798886938653196,-0.06843186780256,-0.300642150777002,0.214405582430755,-0.0149407080782568,-0.0782995847424975,0.248204118326983,0.814058821011173,0.155982704739073,0.179926366710904,-0.209692195727557,-0.0930476475876536,0.212051029581746,0.246551650327497,0.182362258658333,0.14467228905347,0.308185281904191,0.167721220942677,-0.175375658204546,-0.27102187593647,-0.175260071064686,0.348101374202663,-0.0533327625326427,-0.301554004880346,-0.0495397919431483,0.0371890919988013,0.238969990153688,0.0989939637826962,-0.00752172610128858,0.122980435806327,0.161826276809795,-0.124440258572713,-0.0411404597799563,0.0809024358919474,-0.311665739115544,0.116687358191703,0.106036217303823,-0.0824007877049531,0.10787704953123,0.487931846397534,0.146226293933816,-0.0741256046919817,0.313986043923113,-0.0236439916092299,-0.310150263281819,-0.0495611969690483,-0.154313112718866,-0.0222697889464446,-0.010261569416499,0.08946444625198,0.0106340168671604,0.0355066569630549,0.261676441628494,-0.113425232244531,-0.315343122565178,0.161192688043153,0.0699773106725459,0.114499764544715,0.0622757823536967,-0.216533242005223,0.0712444882058307,-0.0455755811464532,0.225168029453316,-0.214803715912496,-0.249064600368166,-0.0278779057322659,-0.277828674172696,0.192491116914251,0.208972986857314,0.698989682777516,-0.516447621901623,0.511473093882444,0.0694892760820241,0.137578663470183,0.056059762832313,0.279780812534783,0.422286912967165,0.00175949312898669,0.146478873239437,1,0.321336529817201,0.159377541846826,-0.322483839205445
"Xanthine",0.431015882529218,0.559809923370007,-0.637792713729184,-0.00598484524166274,-0.024988227235755,0.261252622115673,-0.0899439188321418,0.055785778500792,0.309936213022818,0.360747463504431,0.566359861295432,0.198972558756796,0.518806455755811,-0.211331820711503,0.0115330279549638,0.305972002226123,-0.31847681835695,-0.0583115715570016,0.207153559655807,-0.0185324714242904,-0.0271415728413031,-0.132201720964082,0.24223211610086,0.301232929491845,-0.125061004323815,-0.187897598356094,0.180910997902307,0.195346547369322,0.372417483625155,0.0812577593218888,-0.125279335587996,-0.0106725459137806,0.466235712145212,0.22370820668693,-0.212256517830387,0.0185196284087504,-0.164437689969605,-0.127085919773963,0.054741213236868,0.420313369579177,-0.205740827946402,-0.160833083608031,0.203082323729612,0.133785692880688,-0.21829273513421,0.351372062160195,0.452027055952738,0.546615865405197,-0.488946444625198,-0.190658846697204,0.0056851748790616,-0.489965323858042,0.349342865704867,0.0133310501305707,0.591155443298086,0.260349330022689,0.311734235198425,-0.0222911939723447,0.105051586112419,-0.544582387944689,-0.00309516674515176,-0.0212980007705809,0.167866775118798,0.117817543559228,-0.236367139004238,-0.184061817714799,-0.368675885097821,-0.0197054668436149,0.271578406609872,0.391245344406867,-0.69224281861381,0.306207457511024,0.374001455541761,-0.468889935356822,-0.685157755040884,-0.698822723575495,0.156029795796053,0.225818742240678,-0.362070294105056,-0.369660516289225,0.22885825591849,-0.116790102316024,0.275174450961086,-0.411777045250225,-0.23946230574939,-0.174605077272143,0.124264737360332,0.0303908557729355,-0.153649556915964,0.301832270217047,0.223207329080868,-0.106524251894345,-0.333075046020806,-0.25528918189991,0.36318335545186,0.0882828888222955,0.809050044950554,-0.296078599255105,-0.131961984674001,0.398304721948714,0.428151890063787,-0.0213836208741813,0.437308960143842,-0.0851577550408836,-0.546645832441457,-0.197123164519029,-0.352313883299799,-0.215347403570358,0.108091099790231,0.106434350785564,0.415368808596258,0.423203048075688,-0.0540605334132454,0.387846226293934,0.355905646645832,-0.226734877349202,0.362823751016739,0.299310758166017,0.187165546470311,0.0310372875551179,0.14995504944561,0.13414957832099,-0.0276124834111049,-0.246192045892376,-0.112975726700629,-0.363542959886981,-0.249304336658247,-0.188004623485594,0.228751230788989,0.387255447579092,0.10793698360375,0.339205445438589,-0.0188792328438717,-0.149248683590907,0.0840190076629993,0.574202662785222,-0.428421593390128,0.516490431953423,0.30525279335588,-0.479665225394923,0.527809409649386,-0.0523952223982191,0.0625240806541376,-0.011314696690783,-0.221884498480243,0.0593432938053855,-0.0402885397491331,0.380684104627767,-0.162887966094439,0.456423648272614,0.265071278736247,-0.389896827775162,-0.098150605762233,0.406832484267306,0.436581189263239,-0.166843614880774,-0.314671004751916,-0.492422620831371,0.432394366197183,-0.348028597114603,0.202388800890449,-0.403728755511794,0.166017380881031,-0.283560940108738,-0.182366539663513,0.0982019778243932,-0.109773534825977,-0.429667365897513,0.00228605676612869,0.497148850550109,-0.0770666552506529,0.341401601095937,-0.128074831970547,0.11039428057708,0.407701528318849,-0.39724731366925,-0.18413887580804,0.0846996874866219,0.129564621773192,0.4946444625198,-0.308831713686374,0.321336529817201,1,0.317231045849565,-0.258465687743482
"Xanthosine",0.067117599212295,0.0666424076373132,-0.0973372147780299,0.189288925039599,0.0150691382336573,0.112397791001327,-0.0517916006678368,0.0916391968834282,-0.0840147266578193,-0.0398818442570316,0.121931589537223,0.109174194100775,0.00185367524294704,-0.226704910312941,0.0746992593861039,0.0498266192902093,-0.183475320005137,-0.260212337856929,0.0945759664369194,0.28151890063787,0.0911126332462862,0.0272057879190034,0.041833982619119,0.10270559527377,-0.220912710304379,-0.062892247099619,0.184485637227621,0.122453872169185,0.013956076886853,-0.293338755939895,0.0562866561068539,0.0485251937154844,0.129320604477931,0.0173337899738859,0.0468855687315382,0.0683847767455799,-0.153859326169785,-0.325733122137078,0.213784836679652,0.0667109037201935,0.0407637313241149,0.0598612954321675,-0.199520527419838,-0.295038314996361,-0.0793612740271416,-0.0400616464745922,0.0178817586369279,0.101845113232587,0.0170854916734449,-0.109058606960914,0.248229804358063,0.0579434051115202,-0.111426002825463,-0.17376600025686,0.0326683505287041,-0.0154244616635986,-0.107346204888908,-0.222419624127745,0.0908215248940451,0.0539620702941051,-0.0927608202405925,0.232398647202363,-0.141183269831756,0.00919131812149493,-0.125942891390899,-0.0211139175478402,-0.161059976882572,0.14748062845156,0.155914208656192,-0.0844556701913609,-0.0636371420009418,-0.00631020163534398,0.160118155742968,-0.250764159424633,-0.0540605334132454,-0.0727385590136564,0.0796224153431226,0.311396035789203,-0.0146067896742155,-0.00912282203861467,0.0390384862365683,0.0116058050430241,-0.169536367139004,-0.0266792242818614,-0.0580761162721007,-0.121978680594204,-0.297683976197611,0.0687615052014213,-0.0086048204118327,0.960058221670448,-0.32907230617749,-0.0499507684404298,-0.0480414401301426,-0.0379425489104842,-0.0924354638469113,-0.00356607731495355,0.141774048546599,-0.295128216105142,-0.0563936812363543,0.123421379339869,0.10796695064001,0.164994220643007,0.123130270987628,-0.0476561496639411,-0.183826362429899,-0.191964553277109,-0.106725459137806,-0.19211010745323,-0.0374844813562224,0.119230275268633,-0.0296630848923327,0.0720107881330536,-0.0856928806883856,-0.0697204503617449,0.0308103942805771,0.0269874566548226,0.207526007106469,0.0454942420480329,0.193034804572114,0.00229461877648872,0.0601010317222484,-0.123267263153388,-0.371621216661672,0.237073504858941,0.047883042938482,-0.016045207414701,-0.0895843143970204,0.100526563637142,0.263727043109722,0.222218416884284,-0.0104970247013999,-0.0254505757951967,-0.142869985872683,-0.237249026071322,0.134449248683591,0.126871869514962,-0.0431739372404641,0.137484481356222,0.0903420523138833,-0.0353140117299542,0.0561196969048333,0.187850507299114,-0.0598912624684276,-0.0526991737660003,0.0893959501690997,-0.137064942848581,0.0969519243118284,0.280876749860867,-0.282623399974314,0.135288325698874,-0.0163834068239223,0.067644162849437,0.135219829615994,-0.03947942977011,0.203493300226893,0.311605805043024,-0.036315766942078,0.0714371334389315,0.250725630378013,0.0302838306434351,0.0830343764715955,-0.0193415814033135,0.0703326341024873,-0.316259257673702,0.0653837921143885,-0.270251295004067,0.0495141059120682,-0.0111691425146624,-0.324016439059891,-0.000376728455841432,-0.0195085406053341,0.0889635686459181,-0.0913866175778073,0.120711503060919,0.210103172224838,-0.0309217004152575,0.0680037672845584,-0.0171625497666852,0.119996575195856,0.132424333233443,0.312273641851107,0.159377541846826,0.317231045849565,1,-0.169943062631106
"Xanthurenic Acid",0.0623485594417569,-0.121250909713601,0.160092469711888,0.0608245215976711,0.686206601309988,0.166235712145212,-0.151842972729997,-0.0100389571471381,-0.111336101716683,0.0306990881458967,-0.0831199965751959,0.199460593347318,-0.129894259172054,-0.103664540434094,0.141637056380838,-0.0406310201635344,-0.145596986172353,0.149646817072649,0.147763174793442,0.00888736675371377,0.342737274712102,0.113750588638212,-0.279117256731881,0.351594674429556,0.0347232330151119,-0.0717667708377927,-0.368663042082281,-0.282079712316452,0.0274069951624641,-0.0975855130784708,0.243353739458025,0.154848238366368,0.035010060362173,-0.0930904576394538,0.156975897940836,-0.177203647416413,0.219666937796995,-0.0463333190633161,0.0170512436320048,-0.0807012286484867,0.151496211310416,0.00159253392696605,-0.181857100047091,-0.0811250481613083,-0.0595402200436662,-0.124478787619333,0.0310158825292179,-0.118686587610771,0.0295474977524723,0.037103471895201,0.114238623228734,0.130870328353097,-0.158906631277024,-0.0126846183483882,-0.181792884969391,0.0727299970032964,0.137604349501263,0.0226807654437262,-0.0565221113917548,0.141911040712359,-0.292658076116272,0.0762104542146496,-0.141632775375658,-0.0269703326341025,-0.135861980392996,0.280114730938824,-0.0687229761548011,0.372413202619975,-0.00244017295260927,0.0171283017252451,0.0970332634102487,-0.294327668136478,-0.215441585684319,0.0850592919217432,0.0792456868872811,0.0840147266578193,-0.080786848752087,0.084742497538422,-0.0725673188064558,-0.127137291836123,-0.100680679823623,0.00521854531443983,-0.0888051714542575,-0.0469455028040584,-0.159326169784665,-0.243987328224667,-0.116494712958603,0.130035532342994,0.26589751273599,-0.138751658889507,-0.180298814161565,0.0358962284344364,0.138717410848067,-0.144445395778929,-0.024735647930134,0.353529688770923,-0.36842758679738,0.0751744509610857,0.23417526435207,-0.0356094010873753,-0.0636542660216619,-0.0971702555760093,-0.148867674129886,-0.121298000770581,0.486275097392868,-0.0300997474206944,0.0238023888008904,-0.171775332848153,-0.276814075945032,-0.252176891134038,-0.190025257930562,-0.116695920202063,0.129200736332891,-0.116340596772122,-0.0714242904233914,0.0101417012714585,0.143328053426945,0.171664026713472,-0.0270217046962627,0.0756325185153474,0.124157712230832,-0.215381651611798,-0.0587311100646432,-0.139873282246672,0.437625754527163,0.187662143071193,-0.0943276681364784,0.194353354167559,-0.102962455584571,0.0230189648529475,-0.0337557258444283,-0.0635900509439616,0.0343679095851706,-0.075538336401387,-0.0431097221627638,-0.116195042596002,0.0570358320133567,0.00206772550194786,-0.125930048375359,0.0217303822937626,-0.177447664711674,-0.0366668093668393,0.0509610856629137,0.114983518130057,0.111134894473222,0.316117984502761,0.190393424376044,0.043944518172867,-0.0108908771779614,-0.0381223511280449,0.0734920159253393,0.164082366539663,0.0521811721392183,-0.0740999186609016,-0.170486750288968,-0.0794340511152018,-0.129312042467571,0.110038957147138,0.0869514962113104,0.0444111477374888,0.0592491116914251,0.00812962883685089,-0.0687101331392611,-0.130771865233957,0.169621987242605,-0.0960400702084849,-0.0310244445395779,0.192542488976412,0.0374502333147823,-0.130386574767755,0.0717881758636928,-0.26580761162721,-0.0375016053769425,-0.140892161479515,0.0750246157797851,0.0656877434821696,-0.184442827175821,-0.227128729825763,0.0546513121280877,-0.066843614880774,0.0161565135493814,-0.322483839205445,-0.258465687743482,-0.169943062631106,1
