"","rowname","colname","p_SD","R_SD"
"1","1-Methyladenosine","1-Methylnicotinamide",0.00434973522133092,0.587684729064039
"2","1-Methyladenosine","1/3-Methylhistidine",0.00710584482803625,-0.65615763546798
"3","1-Methyladenosine","2-isoPropylmalic Acid",0.018639637471519,0.496551724137931
"4","1-Methyladenosine","3-(4-Hydroxyphenyl)Propionate",0.0478172301943482,0.527586206896552
"5","1-Methyladenosine","3-Methyl-3-Hydroxyglutaric Acid",0.0109674125863994,-0.575862068965517
"6","1-Methyladenosine","4-Guanidinobutanoate",0.0404227177725023,-0.564039408866995
"7","1-Methyladenosine","5'-Methylthioadenosine",0.010927179524702,-0.0251231527093596
"8","1-Methyladenosine","6-Methyladenosine",0.00848900739947651,-0.387684729064039
"9","1-Methyladenosine","Adenosine",0.0126213935578027,0.303940886699507
"10","1-Methyladenosine","Aminolevulinate",2.09943404259233e-06,-0.700492610837438
"11","1-Methyladenosine","Arginine",0.0103318779809345,0.54679802955665
"12","1-Methyladenosine","Asparagine",0.00538177976186843,-0.480295566502463
"13","1-Methyladenosine","Betaine",0.0399443659563983,0.512315270935961
"14","1-Methyladenosine","Biopterin",0.00176846082427665,0.741379310344827
"15","1-Methyladenosine","Cadaverine",0.00229125305049342,0.61871921182266
"16","1-Methyladenosine","Citraconic Acid",0.00320302838627265,0.533497536945813
"17","1-Methyladenosine","Cystathionine",0.0398963520554953,-0.455172413793103
"18","1-Methyladenosine","Ethanolamine",0.0417879748975921,-0.43448275862069
"19","1-Methyladenosine","FAD",0.0228050138655109,0.444334975369458
"20","1-Methyladenosine","gamma-Aminobutyrate",0.00475775676602378,-0.605911330049261
"21","1-Methyladenosine","Glutamic acid",0.0495949396638643,-0.331527093596059
"22","1-Methyladenosine","GMP",0.0140877838703172,0.267487684729064
"23","1-Methyladenosine","Homoarginine",0.00526588391628039,-0.526108374384236
"24","1-Methyladenosine","Homocitrulline",0.00990863204432905,-0.57192118226601
"25","1-Methyladenosine","IMP",0.0217437531158407,0.303940886699507
"26","1-Methyladenosine","Indole-2-Carboxylic Acid",2.1585983225853e-05,0.673399014778325
"27","1-Methyladenosine","Indole-3-Carboxylic Acid",5.02475700248385e-05,0.596551724137931
"28","1-Methyladenosine","isoValeric Acid /3-Oxobutanoic Acid/4-Oxobutanoic Acid",0.0164348661000257,-0.445320197044335
"29","1-Methyladenosine","Leucine /D-Norleucine",0.0209111506787852,-0.334975369458128
"30","1-Methyladenosine","Margaric Acid",0.0488817066724237,0.185221674876847
"31","1-Methyladenosine","N6-Acetyl-Lysine",0.00242593142992813,-0.532512315270936
"32","1-Methyladenosine","N6-Trimethyllysine",0.00677349928362747,-0.340886699507389
"33","1-Methyladenosine","Niacinamide",0.0417567497877381,-0.0630541871921182
"34","1-Methyladenosine","Oxalacetate",0.00420785080194263,0.587684729064039
"35","1-Methyladenosine","Palmitic Acid",0.00103118192802576,0.594581280788177
"36","1-Methyladenosine","Phenylalanine",0.0487547221827163,-0.361083743842364
"37","1-Methyladenosine","Proline",0.0458966787079396,0.580788177339901
"38","1-Methyladenosine","Pyridoxamine",0.00328818342821893,0.678817733990148
"39","1-Methyladenosine","Pyroglutamic Acid",0.0499592803030095,-0.33743842364532
"40","1-Methyladenosine","S-Methylcysteine",0.00544538434060285,0.426108374384236
"41","1-Methyladenosine","SAH",0.00192786264335668,-0.534975369458128
"42","1-Methyladenosine","Tyrosine",0.00390418335407945,0.474384236453202
"43","1-Methyladenosine","UDP-Glucose",0.0108125613791636,-0.23743842364532
"44","1-Methyladenosine","Urate",0.00125125146745583,0.755172413793103
"45","1-Methylnicotinamide","1/3-Methylhistidine",0.000140343617467022,-0.772413793103448
"46","1-Methylnicotinamide","2-isoPropylmalic Acid",0.0280716505571199,0.470443349753694
"47","1-Methylnicotinamide","3-(4-Hydroxyphenyl)Propionate",0.000632199361448869,0.733990147783251
"48","1-Methylnicotinamide","3-Hydroxyisovaleric Acid",0.00061208152537061,0.697044334975369
"49","1-Methylnicotinamide","3-Methyl-3-Hydroxyglutaric Acid",0.000272066521703482,-0.771428571428571
"50","1-Methylnicotinamide","4-Guanidinobutanoate",0.00574921045904875,-0.568472906403941
"51","1-Methylnicotinamide","4-Hydroxybenzoic Acid",0.0158767987468719,-0.563546798029557
"52","1-Methylnicotinamide","5'-Methylthioadenosine",0.015824739285709,-0.433004926108374
"53","1-Methylnicotinamide","6-Methyladenosine",0.0140798446550648,-0.546305418719212
"54","1-Methylnicotinamide","Adenosine",0.0317258906896108,0.433004926108374
"55","1-Methylnicotinamide","Aminolevulinate",0.000936642179746105,-0.726600985221675
"56","1-Methylnicotinamide","Arginine",5.39440954717474e-05,0.772413793103448
"57","1-Methylnicotinamide","Asparagine",0.0122464402275055,-0.603448275862069
"58","1-Methylnicotinamide","Azelaic Acid",0.0308639472555426,0.545320197044335
"59","1-Methylnicotinamide","Betaine",3.04592195103414e-05,0.815763546798029
"60","1-Methylnicotinamide","Biopterin",0.0102839747623839,0.575862068965517
"61","1-Methylnicotinamide","Cadaverine",5.71802220255865e-18,0.985221674876847
"62","1-Methylnicotinamide","Choline",0.00172738820880303,0.688177339901478
"63","1-Methylnicotinamide","Citraconic Acid",0.00123138303544652,0.752216748768473
"64","1-Methylnicotinamide","Cystathionine",0.00936400937523739,-0.649753694581281
"65","1-Methylnicotinamide","DCDP",0.00813931693557258,-0.724630541871921
"66","1-Methylnicotinamide","FAD",0.000140343617467022,0.731034482758621
"67","1-Methylnicotinamide","gamma-Aminobutyrate",0.0198549934295786,-0.630049261083744
"68","1-Methylnicotinamide","Glucose",0.00418149145407451,-0.65320197044335
"69","1-Methylnicotinamide","Glutaric Acid",0.031243622942061,0.582758620689655
"70","1-Methylnicotinamide","Glyceraldehyde",0.00206455580463829,-0.69064039408867
"71","1-Methylnicotinamide","Glycerophosphocholine",0.0178503704282684,-0.6935960591133
"72","1-Methylnicotinamide","Histamine",0.0139721596093793,0.560098522167488
"73","1-Methylnicotinamide","Homoarginine",0.000945315232035,-0.676354679802955
"74","1-Methylnicotinamide","Hydrocinnamic Acid",0.00153019055020067,0.698029556650246
"75","1-Methylnicotinamide","Imidazoleacetic Acid",0.00762931893715333,-0.589162561576355
"76","1-Methylnicotinamide","Indole-2-Carboxylic Acid",0.013151621995742,0.541871921182266
"77","1-Methylnicotinamide","Indole-3-Carboxylic Acid",0.00185071540709268,0.648275862068965
"78","1-Methylnicotinamide","Leucine /D-Norleucine",0.0372289374433194,-0.486699507389162
"79","1-Methylnicotinamide","Maleic Acid",0.0013616216932935,0.698522167487685
"80","1-Methylnicotinamide","N-Ac-Arginine",0.00464161872762766,-0.61231527093596
"81","1-Methylnicotinamide","n-Glycylproline",0.0139711299809279,-0.616256157635468
"82","1-Methylnicotinamide","N6-Acetyl-Lysine",1.23121865143533e-07,-0.86551724137931
"83","1-Methylnicotinamide","N6-Trimethyllysine",0.00110368312688773,-0.715763546798029
"84","1-Methylnicotinamide","Oxalacetate",7.99661977748705e-19,0.978817733990147
"85","1-Methylnicotinamide","Palmitic Acid",4.58034052468424e-07,0.854187192118226
"86","1-Methylnicotinamide","PEP",0.0106730125731859,-0.601970443349754
"87","1-Methylnicotinamide","Phenylacetic Acid",1.81406517500145e-05,0.760098522167488
"88","1-Methylnicotinamide","Phenylalanine",0.0417567497877381,-0.547783251231527
"89","1-Methylnicotinamide","Pyridoxamine",0.000908048388701349,0.697536945812808
"90","1-Methylnicotinamide","Retinol",0.0490181066403086,0.552216748768473
"91","1-Methylnicotinamide","S-Adenosylmethionine (SAM)",0.00052169238630177,-0.764532019704433
"92","1-Methylnicotinamide","S-Methylcysteine",0.00469315858118208,0.553694581280788
"93","1-Methylnicotinamide","SAH",7.16782387717996e-07,-0.877832512315271
"94","1-Methylnicotinamide","Suberic Acid",0.0406087144294337,0.536453201970443
"95","1-Methylnicotinamide","Succinylcarnitine",0.000291970365327336,-0.752216748768473
"96","1-Methylnicotinamide","Taurine",0.0299073080532916,0.452216748768473
"97","1-Methylnicotinamide","Tyrosine",0.00184401869838477,0.617733990147783
"98","1-Methylnicotinamide","Urate",9.46876392993981e-05,0.786206896551724
"99","1/3-Methylhistidine","2'-Deoxycytidine",0.00824560614387032,0.577339901477832
"100","1/3-Methylhistidine","2-Hydroxyphenylacetate",0.00184401869838477,-0.642857142857143
"101","1/3-Methylhistidine","2-isoPropylmalic Acid",0.00984454898666767,-0.623645320197044
"102","1/3-Methylhistidine","3-(4-Hydroxyphenyl)Propionate",0.0105278829275691,-0.624137931034483
"103","1/3-Methylhistidine","3-Hydroxyisovaleric Acid",0.00107629356631203,-0.661083743842364
"104","1/3-Methylhistidine","3-Methyl-3-Hydroxyglutaric Acid",0.000240909132744862,0.748275862068965
"105","1/3-Methylhistidine","4-Guanidinobutanoate",0.00982429996463672,0.522660098522167
"106","1/3-Methylhistidine","Adenosine",0.04982020943095,-0.447290640394089
"107","1/3-Methylhistidine","Adipic Acid / 3-Methylglutaric Acid",0.00365909932558032,-0.614285714285714
"108","1/3-Methylhistidine","Aminolevulinate",0.00797462788304291,0.677832512315271
"109","1/3-Methylhistidine","Arginine",0.00012243608308965,-0.699507389162561
"110","1/3-Methylhistidine","Argininosuccinate",0.0149047001189062,0.573399014778325
"111","1/3-Methylhistidine","Asparagine",0.0095939503257725,0.573891625615763
"112","1/3-Methylhistidine","Azelaic Acid",0.00122526970762084,-0.631527093596059
"113","1/3-Methylhistidine","Betaine",7.6744452448966e-06,-0.819211822660098
"114","1/3-Methylhistidine","Biopterin",0.00423530684954817,-0.604433497536946
"115","1/3-Methylhistidine","Cadaverine",5.17911881761223e-05,-0.800492610837438
"116","1/3-Methylhistidine","cAMP",0.0298655316148424,0.54679802955665
"117","1/3-Methylhistidine","Cholecalciferol",0.0229478342204294,-0.555665024630542
"118","1/3-Methylhistidine","Choline",0.000326633850170282,-0.700492610837438
"119","1/3-Methylhistidine","Citraconic Acid",0.0133188962334146,-0.640886699507389
"120","1/3-Methylhistidine","Creatine",0.0335980627320746,-0.467980295566502
"121","1/3-Methylhistidine","Cystathionine",0.0102099804593027,0.597536945812808
"122","1/3-Methylhistidine","D-Leucic Acid",0.0261533229996631,-0.497044334975369
"123","1/3-Methylhistidine","Ergocalciferol",0.033632577958015,-0.512807881773399
"124","1/3-Methylhistidine","Erythrose-4-Phosphate",0.0166487307139044,0.480788177339901
"125","1/3-Methylhistidine","Glucosamine",0.0314707661033672,0.435960591133005
"126","1/3-Methylhistidine","Glucose",0.0291329146641614,0.501970443349754
"127","1/3-Methylhistidine","Glutaric Acid",0.00172159171821232,-0.680295566502463
"128","1/3-Methylhistidine","Glyceraldehyde",0.0040853108188695,0.616748768472906
"129","1/3-Methylhistidine","Glycerophosphocholine",0.0158449132488403,0.641379310344827
"130","1/3-Methylhistidine","Histamine",0.0480995027340683,-0.455172413793103
"131","1/3-Methylhistidine","Histidine",0.00924299414903743,0.571428571428571
"132","1/3-Methylhistidine","Homoarginine",0.0111203053288397,0.570935960591133
"133","1/3-Methylhistidine","Hydrocinnamic Acid",0.000525325315661882,-0.695073891625616
"134","1/3-Methylhistidine","Imidazoleacetic Acid",0.0129477530000067,0.523645320197044
"135","1/3-Methylhistidine","Indole-2-Carboxylic Acid",0.0433205491165789,-0.476354679802956
"136","1/3-Methylhistidine","Indole-3-Carboxylic Acid",0.032645563088498,-0.498029556650246
"137","1/3-Methylhistidine","Maleic Acid",0.000261301472496035,-0.750738916256158
"138","1/3-Methylhistidine","Methionine",0.0150619188415656,0.548275862068965
"139","1/3-Methylhistidine","N-Ac-Arginine",0.0455348520309211,0.454187192118227
"140","1/3-Methylhistidine","n-Glycylproline",0.00434973522133092,0.598522167487685
"141","1/3-Methylhistidine","N6-Acetyl-Lysine",0.0172778620200087,0.625615763546798
"142","1/3-Methylhistidine","Oxalacetate",7.81439180116677e-05,-0.803940886699507
"143","1/3-Methylhistidine","Palmitic Acid",0.0110477720413623,-0.662068965517241
"144","1/3-Methylhistidine","PEP",0.00154438600812697,0.611330049261084
"145","1/3-Methylhistidine","Phenylacetic Acid",0.004567562002595,-0.647290640394089
"146","1/3-Methylhistidine","Pyridoxamine",0.000152347714366024,-0.696551724137931
"147","1/3-Methylhistidine","Pyruvate",0.0311751129016275,0.466009852216749
"148","1/3-Methylhistidine","Retinol",0.00585819656172548,-0.595073891625616
"149","1/3-Methylhistidine","S-Adenosylmethionine (SAM)",3.66047140621273e-05,0.720197044334975
"150","1/3-Methylhistidine","SAH",5.17911881761223e-05,0.839901477832512
"151","1/3-Methylhistidine","Suberic Acid",0.00208001388729428,-0.617241379310345
"152","1/3-Methylhistidine","Succinylcarnitine",0.000212464043098803,0.770935960591133
"153","1/3-Methylhistidine","Sucrose",0.00379480206107535,-0.576847290640394
"154","1/3-Methylhistidine","Taurine",0.0288038260027024,-0.409852216748768
"155","1/3-Methylhistidine","Thiamine",0.0235309376793776,0.526600985221675
"156","1/3-Methylhistidine","Tryptophan",0.0402282695096338,0.457635467980296
"157","1/3-Methylhistidine","UDP-GlcNAc",0.0108083442933317,0.56256157635468
"158","1/3-Methylhistidine","Urate",1.36686370815096e-05,-0.740886699507389
"159","1/3-Methylhistidine","Uridine",0.0245552356436041,0.500492610837438
"160","2'-Deoxycytidine","2-Hydroxyphenylacetate",0.00223032314839285,-0.657142857142857
"161","2'-Deoxycytidine","3-Aminoisobutyrate",0.00908819066007806,0.649261083743842
"162","2'-Deoxycytidine","3-Hydroxyisovaleric Acid",0.00374383554707882,-0.599014778325123
"163","2'-Deoxycytidine","3HBA",0.0360258551590445,-0.448768472906404
"164","2'-Deoxycytidine","Adipic Acid / 3-Methylglutaric Acid",0.00280314232046935,-0.671428571428571
"165","2'-Deoxycytidine","Arabitol/Xylitol",0.0497493611007765,0.416748768472906
"166","2'-Deoxycytidine","Arginine",0.00227833750271969,-0.666502463054187
"167","2'-Deoxycytidine","Argininosuccinate",0.0214887374512012,0.514285714285714
"168","2'-Deoxycytidine","Azelaic Acid",0.000863493678798512,-0.686206896551724
"169","2'-Deoxycytidine","Betaine",0.00137131664433241,-0.70935960591133
"170","2'-Deoxycytidine","Cadaverine",0.0354663891352138,-0.557635467980296
"171","2'-Deoxycytidine","Cholecalciferol",0.0030608373552727,-0.700492610837438
"172","2'-Deoxycytidine","Cholesteryl Sulfate",0.013234034130835,-0.518226600985222
"173","2'-Deoxycytidine","Choline",0.0213690009021921,-0.558128078817734
"174","2'-Deoxycytidine","Citraconic Acid",0.0117346562887588,-0.633990147783251
"175","2'-Deoxycytidine","Creatine",0.0148082067347031,-0.578325123152709
"176","2'-Deoxycytidine","Cystathionine",0.033269888093172,0.548768472906404
"177","2'-Deoxycytidine","Cysteinyl-Glycine (Cys-Gly)",0.0408548153358159,0.511330049261084
"178","2'-Deoxycytidine","Cytidine",0.0132426204163017,0.639408866995074
"179","2'-Deoxycytidine","D-Leucic Acid",0.00222035399014208,-0.608374384236453
"180","2'-Deoxycytidine","Dimethylglycine",0.00580741214374998,0.566502463054187
"181","2'-Deoxycytidine","gamma-Aminobutyrate",0.0137814887756053,0.591133004926108
"182","2'-Deoxycytidine","Glucosamine",0.0433581854412226,0.483743842364532
"183","2'-Deoxycytidine","Glucose",0.0439567061930886,0.518226600985222
"184","2'-Deoxycytidine","Glutaric Acid",0.00146577937156987,-0.707881773399015
"185","2'-Deoxycytidine","Glyceraldehyde",0.0078955710052414,0.622660098522167
"186","2'-Deoxycytidine","Histamine",0.0219990160119171,-0.553694581280788
"187","2'-Deoxycytidine","Homoarginine",0.0341261385032097,0.421674876847291
"188","2'-Deoxycytidine","Hydrocinnamic Acid",0.0194943171541984,-0.493103448275862
"189","2'-Deoxycytidine","Maleic Acid",0.00107629356631203,-0.696059113300493
"190","2'-Deoxycytidine","Methionine",0.0314995487779136,0.552709359605911
"191","2'-Deoxycytidine","N-Ac-Arginine",0.0392357582829694,0.485714285714286
"192","2'-Deoxycytidine","n-Glycylproline",0.000908048388701349,0.735960591133005
"193","2'-Deoxycytidine","NADH",0.0335568815408566,0.533497536945813
"194","2'-Deoxycytidine","Phenylacetic Acid",0.0114567724172645,-0.624137931034483
"195","2'-Deoxycytidine","Pyridoxamine",0.0464448211277046,-0.405911330049261
"196","2'-Deoxycytidine","Pyruvate",0.0343463114230493,0.517733990147783
"197","2'-Deoxycytidine","Retinol",0.00208952266163326,-0.627586206896552
"198","2'-Deoxycytidine","S-Adenosylmethionine (SAM)",0.00497552650641644,0.630049261083744
"199","2'-Deoxycytidine","SAH",0.00918567436843214,0.673399014778325
"200","2'-Deoxycytidine","Suberic Acid",0.000911152056273882,-0.705418719211823
"201","2'-Deoxycytidine","Succinylcarnitine",0.0174136595638704,0.621182266009852
"202","2'-Deoxycytidine","Trigonelline",0.00893909121118342,-0.639408866995074
"203","2'-Deoxycytidine","UDP-GlcNAc",0.000467322008500127,0.667487684729064
"204","2'-Deoxycytidine","Uracil",0.00232671899434915,0.697536945812808
"205","2'-Deoxycytidine","Urate",0.0450058825531569,-0.40295566502463
"206","2-Aminoadipate","Adenylosuccinate",0.0375890049501992,0.376847290640394
"207","2-Aminoadipate","Citrulline",0.00565114745952226,0.566995073891626
"208","2-Aminoadipate","Glucoronate",0.0132956690719794,0.533990147783251
"209","2-Aminoisobutyric Acid","3-Aminoisobutyrate",8.00447580428948e-13,0.945320197044335
"210","2-Aminoisobutyric Acid","5-Methylcytidine",0.000215686106556055,0.71231527093596
"211","2-Aminoisobutyric Acid","ADP",0.00715107976559888,0.607881773399015
"212","2-Aminoisobutyric Acid","Alanine",4.81496408842933e-06,0.806403940886699
"213","2-Aminoisobutyric Acid","Arabitol/Xylitol",0.0469694030047024,0.431034482758621
"214","2-Aminoisobutyric Acid","Deoxyguanosine",0.00394622384548616,0.576847290640394
"215","2-Aminoisobutyric Acid","Dimethylarginine (A/SDMA)",0.0258808727280822,0.500492610837438
"216","2-Aminoisobutyric Acid","Glucoronate",0.0354663891352138,0.464039408866995
"217","2-Aminoisobutyric Acid","Guanine",0.0107337736788473,0.508374384236453
"218","2-Aminoisobutyric Acid","Hypotaurine",0.00223032314839285,0.695566502463054
"219","2-Aminoisobutyric Acid","Myristic Acid",0.0260023834756189,0.531034482758621
"220","2-Aminoisobutyric Acid","N-Ac-Alanine",0.0110305010074962,0.506896551724138
"221","2-Aminoisobutyric Acid","N-Ac-Phenylalanine",0.0171817632646262,0.520197044334975
"222","2-Aminoisobutyric Acid","N2,N2-Dimethylguanosine",0.000379451787760882,0.665024630541872
"223","2-Aminoisobutyric Acid","NAD",0.037217793972282,0.465024630541872
"224","2-Aminoisobutyric Acid","NADH",0.0118624015951159,0.552709359605911
"225","2-Aminoisobutyric Acid","Neopterin",0.0108990126947499,0.58128078817734
"226","2-Aminoisobutyric Acid","Phosphotyrosine",0.00339813363689374,0.575862068965517
"227","2-Aminoisobutyric Acid","Proline",0.0189556165622078,0.559605911330049
"228","2-Aminoisobutyric Acid","Pseudouridine",0.0352152920756155,0.509852216748768
"229","2-Aminoisobutyric Acid","Uracil",0.0464448211277046,0.491133004926108
"230","2-Aminoisobutyric Acid","Xanthurenic Acid",0.0138776370796512,0.440886699507389
"231","2-Hydroxyglutarate","2-isoPropylmalic Acid",0.0144437930561419,-0.543349753694581
"232","2-Hydroxyglutarate","ADP",0.0213048175099789,-0.32807881773399
"233","2-Hydroxyglutarate","Alanine",0.0312598370569714,-0.406896551724138
"234","2-Hydroxyglutarate","AMP",0.00954608080362743,-0.296059113300493
"235","2-Hydroxyglutarate","Asparagine",0.0331622450442093,0.453694581280788
"236","2-Hydroxyglutarate","Biopterin",0.0457722205351911,-0.328571428571429
"237","2-Hydroxyglutarate","Cystine",0.00774779765544618,0.47192118226601
"238","2-Hydroxyglutarate","Ethanolamine",0.00567155142408972,0.621182266009852
"239","2-Hydroxyglutarate","Glycerophosphocholine",0.0312598370569714,0.317241379310345
"240","2-Hydroxyglutarate","GMP",0.00803917215164432,-0.370935960591133
"241","2-Hydroxyglutarate","Hypoxanthine",0.0374782474747023,0.379310344827586
"242","2-Hydroxyglutarate","IMP",0.00878590433791816,-0.332019704433497
"243","2-Hydroxyglutarate","Inosine",0.0205704999108477,0.400985221674877
"244","2-Hydroxyglutarate","Lactate",0.0357372636419074,0.348768472906404
"245","2-Hydroxyglutarate","Lactose/Trehalose",0.0215516479343809,0.485221674876847
"246","2-Hydroxyglutarate","Leucine /D-Norleucine",0.0250942086834459,0.400985221674877
"247","2-Hydroxyglutarate","NAD",0.00703741580766453,-0.377339901477832
"248","2-Hydroxyglutarate","Oxalacetate",0.0457722205351911,-0.510344827586207
"249","2-Hydroxyglutarate","Oxidized Glutathione",0.0126617383580508,-0.442857142857143
"250","2-Hydroxyglutarate","Putrescine",0.0267637682174942,0.396551724137931
"251","2-Hydroxyglutarate","Taurine",0.00355821117654464,-0.518226600985222
"252","2-Hydroxyglutarate","UMP",0.0466736422975537,0.435467980295566
"253","2-Hydroxyisobutyrate/2-Hydroxybutyrate","Adenine",0.033461390037791,0.592118226600985
"254","2-Hydroxyphenylacetate","3-(4-Hydroxyphenyl)Propionate",0.00669617912770016,0.604926108374384
"255","2-Hydroxyphenylacetate","3-Hydroxyisovaleric Acid",0.000291970365327336,0.704433497536946
"256","2-Hydroxyphenylacetate","3HBA",0.013234034130835,0.491625615763547
"257","2-Hydroxyphenylacetate","Adipic Acid / 3-Methylglutaric Acid",5.75545453227018e-06,0.803448275862069
"258","2-Hydroxyphenylacetate","Agmatine",0.00181539057206048,-0.650246305418719
"259","2-Hydroxyphenylacetate","Arginine",0.000510049091021592,0.74679802955665
"260","2-Hydroxyphenylacetate","Argininosuccinate",1.32416675251952e-06,-0.831034482758621
"261","2-Hydroxyphenylacetate","Azelaic Acid",6.27884498725347e-07,0.855172413793103
"262","2-Hydroxyphenylacetate","Betaine",2.07787811913056e-05,0.795073891625616
"263","2-Hydroxyphenylacetate","Biopterin",0.0475645792438011,0.586206896551724
"264","2-Hydroxyphenylacetate","Cadaverine",0.0235309376793776,0.555665024630542
"265","2-Hydroxyphenylacetate","cAMP",0.035272178757467,-0.477339901477832
"266","2-Hydroxyphenylacetate","Cholecalciferol",2.25422258333158e-09,0.888669950738916
"267","2-Hydroxyphenylacetate","Choline",1.67480946587766e-05,0.777832512315271
"268","2-Hydroxyphenylacetate","Citraconic Acid",0.0179251384321118,0.670443349753694
"269","2-Hydroxyphenylacetate","Creatine",0.00773329327951389,0.640394088669951
"270","2-Hydroxyphenylacetate","Cystathionine",0.0257001224447955,-0.57192118226601
"271","2-Hydroxyphenylacetate","Cysteinyl-Glycine (Cys-Gly)",0.0134674880105185,-0.549261083743842
"272","2-Hydroxyphenylacetate","D-Leucic Acid",0.000340759296435706,0.741379310344827
"273","2-Hydroxyphenylacetate","DCDP",0.0458966787079396,-0.507389162561576
"274","2-Hydroxyphenylacetate","Dimethylglycine",0.0290054813457268,-0.508374384236453
"275","2-Hydroxyphenylacetate","Ergocalciferol",0.00022904561155284,0.706896551724138
"276","2-Hydroxyphenylacetate","Erythrose-4-Phosphate",0.011511630874608,-0.579802955665024
"277","2-Hydroxyphenylacetate","gamma-Aminobutyrate",0.0403357159147403,-0.560098522167488
"278","2-Hydroxyphenylacetate","Glucosamine",0.0129997748945575,-0.566502463054187
"279","2-Hydroxyphenylacetate","Glutaric Acid",3.88033523198606e-07,0.854679802955665
"280","2-Hydroxyphenylacetate","Glyceraldehyde",0.0013333941539318,-0.666502463054187
"281","2-Hydroxyphenylacetate","Glycerophosphocholine",0.0390486920188907,-0.706896551724138
"282","2-Hydroxyphenylacetate","Histamine",0.0398963520554953,0.546305418719212
"283","2-Hydroxyphenylacetate","Hydrocinnamic Acid",6.24058931956054e-06,0.826108374384236
"284","2-Hydroxyphenylacetate","Linolenic Acid",0.0054413758774693,-0.596551724137931
"285","2-Hydroxyphenylacetate","Maleic Acid",9.53042961286579e-06,0.8
"286","2-Hydroxyphenylacetate","Methionine",0.0267818561707777,-0.665024630541872
"287","2-Hydroxyphenylacetate","N-Ac-Arginine",0.0174530433733429,-0.555172413793103
"288","2-Hydroxyphenylacetate","N-Ac-L-Glutamine",0.00916572748684975,-0.627586206896552
"289","2-Hydroxyphenylacetate","N-AcetylGlycine",0.000249575105265646,0.703448275862069
"290","2-Hydroxyphenylacetate","n-Glycylproline",0.00406064278263114,-0.655172413793103
"291","2-Hydroxyphenylacetate","NADH",0.0228270936644037,-0.57487684729064
"292","2-Hydroxyphenylacetate","Oxalacetate",0.0459468362481803,0.536945812807882
"293","2-Hydroxyphenylacetate","PEP",9.5097282305442e-05,-0.761083743842364
"294","2-Hydroxyphenylacetate","Phenylacetic Acid",0.00992473945235632,0.603940886699507
"295","2-Hydroxyphenylacetate","Phosphorylcholine",0.0455348520309211,-0.407881773399015
"296","2-Hydroxyphenylacetate","Phosphoserine",0.00720495666590491,-0.58128078817734
"297","2-Hydroxyphenylacetate","Pyridoxamine",0.0179251384321118,0.572413793103448
"298","2-Hydroxyphenylacetate","Pyruvate",0.00207084844613501,-0.623152709359606
"299","2-Hydroxyphenylacetate","Reduced Glutathione",0.033305289360346,-0.491625615763547
"300","2-Hydroxyphenylacetate","Retinol",6.1340026604741e-07,0.848768472906404
"301","2-Hydroxyphenylacetate","S-Adenosylmethionine (SAM)",0.000154321897245541,-0.752216748768473
"302","2-Hydroxyphenylacetate","SAH",0.00463143364556097,-0.687192118226601
"303","2-Hydroxyphenylacetate","Suberic Acid",1.0445975268487e-06,0.835467980295566
"304","2-Hydroxyphenylacetate","Succinylcarnitine",0.00143442706315228,-0.698522167487685
"305","2-Hydroxyphenylacetate","Thiamine",0.00542498964259109,-0.593103448275862
"306","2-Hydroxyphenylacetate","Trigonelline",0.00101962228473514,0.717733990147783
"307","2-Hydroxyphenylacetate","Tryptophan",0.0493975694730816,-0.566995073891626
"308","2-Hydroxyphenylacetate","UDP-GlcNAc",0.000261301472496035,-0.763054187192118
"309","2-Hydroxyphenylacetate","Uracil",0.0018899108075969,-0.673891625615763
"310","2-Hydroxyphenylacetate","Urate",0.00142448221706644,0.682266009852217
"311","2-isoPropylmalic Acid","3-Methyl-3-Hydroxyglutaric Acid",0.0423812754984329,-0.484729064039409
"312","2-isoPropylmalic Acid","5'-Methylthioadenosine",0.0396703435679681,-0.154187192118227
"313","2-isoPropylmalic Acid","AMP",0.0452276516241523,0.230541871921182
"314","2-isoPropylmalic Acid","Biopterin",0.0184927847396012,0.470935960591133
"315","2-isoPropylmalic Acid","Cadaverine",0.0255660211112511,0.491625615763547
"316","2-isoPropylmalic Acid","cGMP",0.0191011321512072,-0.541871921182266
"317","2-isoPropylmalic Acid","Citraconic Acid",0.0276621590508739,0.554187192118227
"318","2-isoPropylmalic Acid","Erythrose-4-Phosphate",0.0209173488758922,-0.556650246305419
"319","2-isoPropylmalic Acid","G1P/F1P/F6P",0.0157171244358699,-0.54384236453202
"320","2-isoPropylmalic Acid","G6P",0.022610646137796,-0.540886699507389
"321","2-isoPropylmalic Acid","Glycerophosphocholine",0.0318310429791,-0.433004926108374
"322","2-isoPropylmalic Acid","GMP",0.0418011188547403,0.183743842364532
"323","2-isoPropylmalic Acid","Indole-2-Carboxylic Acid",0.00154438600812697,0.604433497536946
"324","2-isoPropylmalic Acid","Indole-3-Carboxylic Acid",0.00279385885526975,0.579310344827586
"325","2-isoPropylmalic Acid","isoValeric Acid /3-Oxobutanoic Acid/4-Oxobutanoic Acid",0.0242716173026514,-0.348768472906404
"326","2-isoPropylmalic Acid","L-Kynurenine",0.012525557016081,-0.54679802955665
"327","2-isoPropylmalic Acid","Lactate",0.0314832953904918,-0.46551724137931
"328","2-isoPropylmalic Acid","n-Glycylproline",0.049182382032577,-0.466009852216749
"329","2-isoPropylmalic Acid","N6-Trimethyllysine",0.017195357550867,-0.275862068965517
"330","2-isoPropylmalic Acid","Oxalacetate",0.0154381230846518,0.507881773399015
"331","2-isoPropylmalic Acid","Palmitic Acid",0.0296269746579671,0.347783251231527
"332","2-isoPropylmalic Acid","Phenylalanine",0.0181830786179132,-0.485714285714286
"333","2-isoPropylmalic Acid","Pseudouridine",0.0436186761432463,0.302955665024631
"334","2-isoPropylmalic Acid","Sorbitol",0.0297937445234348,-0.34679802955665
"335","2-isoPropylmalic Acid","Taurine",0.00151245331596946,0.55615763546798
"336","2-isoPropylmalic Acid","Urate",0.0451619633913435,0.495566502463054
"337","2-isoPropylmalic Acid","Uridine",0.00967269438456821,-0.649261083743842
"338","3-(4-Hydroxyphenyl)Propionate","3-Hydroxyisovaleric Acid",0.00523274642506488,0.559605911330049
"339","3-(4-Hydroxyphenyl)Propionate","3-Methyl-3-Hydroxyglutaric Acid",0.0309024189382454,-0.520197044334975
"340","3-(4-Hydroxyphenyl)Propionate","3HBA",0.0171759065098551,0.530541871921182
"341","3-(4-Hydroxyphenyl)Propionate","Aminolevulinate",0.00294193966777945,-0.766502463054187
"342","3-(4-Hydroxyphenyl)Propionate","Arginine",0.00360687697063154,0.680295566502463
"343","3-(4-Hydroxyphenyl)Propionate","Azelaic Acid",0.0370495782954705,0.495566502463054
"344","3-(4-Hydroxyphenyl)Propionate","Betaine",0.000741553231068491,0.72807881773399
"345","3-(4-Hydroxyphenyl)Propionate","Biopterin",0.00463044731498613,0.649261083743842
"346","3-(4-Hydroxyphenyl)Propionate","Cadaverine",0.000355623673645023,0.741871921182266
"347","3-(4-Hydroxyphenyl)Propionate","cAMP",0.0367253456262966,-0.501970443349754
"348","3-(4-Hydroxyphenyl)Propionate","Choline",0.0014049553085251,0.626600985221675
"349","3-(4-Hydroxyphenyl)Propionate","Citraconic Acid",9.14760064737093e-05,0.809852216748768
"350","3-(4-Hydroxyphenyl)Propionate","Cystathionine",0.000384143797274328,-0.716256157635468
"351","3-(4-Hydroxyphenyl)Propionate","FAD",0.00956920684447526,0.597044334975369
"352","3-(4-Hydroxyphenyl)Propionate","gamma-Aminobutyrate",0.0181830786179132,-0.563054187192118
"353","3-(4-Hydroxyphenyl)Propionate","Glucose",0.0256236949442493,-0.464039408866995
"354","3-(4-Hydroxyphenyl)Propionate","Glutaric Acid",0.0257001224447955,0.556650246305419
"355","3-(4-Hydroxyphenyl)Propionate","Glyceraldehyde",0.0134908109823771,-0.541871921182266
"356","3-(4-Hydroxyphenyl)Propionate","Glycerophosphocholine",0.00992473945235632,-0.633004926108374
"357","3-(4-Hydroxyphenyl)Propionate","Hydrocinnamic Acid",0.000609529470834197,0.728571428571428
"358","3-(4-Hydroxyphenyl)Propionate","Imidazoleacetic Acid",0.0455172448240121,-0.487192118226601
"359","3-(4-Hydroxyphenyl)Propionate","Indole-2-Carboxylic Acid",0.00412959277978794,0.680295566502463
"360","3-(4-Hydroxyphenyl)Propionate","Indole-3-Carboxylic Acid",0.00368787231136337,0.68128078817734
"361","3-(4-Hydroxyphenyl)Propionate","Leucine /D-Norleucine",0.0370281248063174,-0.523152709359606
"362","3-(4-Hydroxyphenyl)Propionate","Maleic Acid",0.000432826794443644,0.6935960591133
"363","3-(4-Hydroxyphenyl)Propionate","Methionine",0.00770884101645385,-0.57487684729064
"364","3-(4-Hydroxyphenyl)Propionate","N-Ac-Arginine",0.0433857680168822,-0.470935960591133
"365","3-(4-Hydroxyphenyl)Propionate","N-Ac-L-Glutamine",0.0414882774668654,-0.515270935960591
"366","3-(4-Hydroxyphenyl)Propionate","n-Glycylproline",0.00338108886527198,-0.624137931034483
"367","3-(4-Hydroxyphenyl)Propionate","N6-Acetyl-Lysine",0.0252466800649231,-0.516256157635468
"368","3-(4-Hydroxyphenyl)Propionate","Oxalacetate",0.000941916291547781,0.707881773399015
"369","3-(4-Hydroxyphenyl)Propionate","Palmitic Acid",0.00845197321313023,0.577339901477832
"370","3-(4-Hydroxyphenyl)Propionate","PEP",0.00429470582588514,-0.580788177339901
"371","3-(4-Hydroxyphenyl)Propionate","Phenylacetic Acid",0.000863493678798512,0.666009852216749
"372","3-(4-Hydroxyphenyl)Propionate","Putrescine",0.0309803216865447,-0.591625615763547
"373","3-(4-Hydroxyphenyl)Propionate","Pyridoxamine",0.032658138511531,0.513793103448276
"374","3-(4-Hydroxyphenyl)Propionate","Pyruvate",0.0157817259303802,-0.502463054187192
"375","3-(4-Hydroxyphenyl)Propionate","Retinol",0.0353560853041148,0.523645320197044
"376","3-(4-Hydroxyphenyl)Propionate","S-Adenosylmethionine (SAM)",0.0020961160867994,-0.63743842364532
"377","3-(4-Hydroxyphenyl)Propionate","SAH",0.000120705997172254,-0.758128078817734
"378","3-(4-Hydroxyphenyl)Propionate","Suberic Acid",0.0474975537823564,0.473891625615763
"379","3-(4-Hydroxyphenyl)Propionate","Succinylcarnitine",0.0061941909809285,-0.608866995073892
"380","3-(4-Hydroxyphenyl)Propionate","Thiamine",0.0340541142088783,-0.508374384236453
"381","3-(4-Hydroxyphenyl)Propionate","Threonine",0.00570331425311238,-0.572906403940887
"382","3-(4-Hydroxyphenyl)Propionate","Tryptophan",0.0436227892424599,-0.525123152709359
"383","3-(4-Hydroxyphenyl)Propionate","Tyrosine",0.0415683795981746,0.470443349753694
"384","3-(4-Hydroxyphenyl)Propionate","UDP-GlcNAc",0.0266887207890915,-0.524630541871921
"385","3-(4-Hydroxyphenyl)Propionate","Urate",0.00342603246448727,0.708374384236453
"386","3-(4-Hydroxyphenyl)Propionate","Valine",0.0272295772212646,-0.543349753694581
"387","3-Aminoisobutyrate","5-Methylcytidine",0.000186468701550677,0.756650246305419
"388","3-Aminoisobutyrate","Adipic Acid / 3-Methylglutaric Acid",0.0422512453623892,-0.556650246305419
"389","3-Aminoisobutyrate","ADP",0.0133035915941212,0.693103448275862
"390","3-Aminoisobutyrate","Alanine",0.000123019908691729,0.741379310344827
"391","3-Aminoisobutyrate","Arabitol/Xylitol",0.0057453551839697,0.510837438423645
"392","3-Aminoisobutyrate","Argininosuccinate",0.0133295247698098,0.547290640394089
"393","3-Aminoisobutyrate","Aspartic Acid",0.025122209855289,-0.444827586206896
"394","3-Aminoisobutyrate","Azelaic Acid",0.0458966787079396,-0.526108374384236
"395","3-Aminoisobutyrate","Cholecalciferol",0.0441532429671039,-0.550738916256158
"396","3-Aminoisobutyrate","Citraconic Acid",0.0458966787079396,-0.339408866995074
"397","3-Aminoisobutyrate","Deoxyguanosine",0.0375890049501992,0.522660098522167
"398","3-Aminoisobutyrate","Dimethylarginine (A/SDMA)",0.0292330653616694,0.506403940886699
"399","3-Aminoisobutyrate","Glucoronate",0.0173811518672228,0.515270935960591
"400","3-Aminoisobutyrate","Glutaric Acid",0.0448258677522597,-0.508866995073892
"401","3-Aminoisobutyrate","Hypotaurine",0.0013333941539318,0.708374384236453
"402","3-Aminoisobutyrate","Maleic Acid",0.0269278002195058,-0.533497536945813
"403","3-Aminoisobutyrate","Myristic Acid",0.0144963972971995,0.533990147783251
"404","3-Aminoisobutyrate","N-Ac-Alanine",0.017071206367833,0.47487684729064
"405","3-Aminoisobutyrate","N2,N2-Dimethylguanosine",0.0028041710173095,0.658620689655172
"406","3-Aminoisobutyrate","NADH",0.00139524788363117,0.685221674876847
"407","3-Aminoisobutyrate","Neopterin",0.0368717183974905,0.468472906403941
"408","3-Aminoisobutyrate","Phenylacetic Acid",0.0137783682162402,-0.57192118226601
"409","3-Aminoisobutyrate","Phosphotyrosine",0.00122846464147693,0.570935960591133
"410","3-Aminoisobutyrate","Proline",0.0354663891352138,0.504433497536946
"411","3-Aminoisobutyrate","Suberic Acid",0.0306934727290746,-0.569458128078818
"412","3-Aminoisobutyrate","Succinate",0.0296327806471426,-0.470935960591133
"413","3-Aminoisobutyrate","Succinylcarnitine",0.0284143210300247,0.492118226600985
"414","3-Aminoisobutyrate","Uracil",0.00464347514044915,0.61871921182266
"415","3-Hydroxyisovaleric Acid","3-Methyl-3-Hydroxyglutaric Acid",0.0341261385032097,-0.467487684729064
"416","3-Hydroxyisovaleric Acid","3HBA",0.000263053034916364,0.683251231527093
"417","3-Hydroxyisovaleric Acid","4-Guanidinobutanoate",0.0352719803175467,-0.49064039408867
"418","3-Hydroxyisovaleric Acid","4-Hydroxybenzoic Acid",0.0329510913289513,-0.607389162561576
"419","3-Hydroxyisovaleric Acid","Adipic Acid / 3-Methylglutaric Acid",0.00094852562747877,0.685221674876847
"420","3-Hydroxyisovaleric Acid","Agmatine",0.00710584482803625,-0.662068965517241
"421","3-Hydroxyisovaleric Acid","Aminolevulinate",0.0472777057546928,-0.605911330049261
"422","3-Hydroxyisovaleric Acid","Arginine",0.000410291607292157,0.716748768472906
"423","3-Hydroxyisovaleric Acid","Argininosuccinate",0.000240718927120565,-0.75320197044335
"424","3-Hydroxyisovaleric Acid","Azelaic Acid",0.000140343617467022,0.73743842364532
"425","3-Hydroxyisovaleric Acid","Betaine",1.20574910226046e-07,0.829556650246305
"426","3-Hydroxyisovaleric Acid","Biopterin",0.0312148839759592,0.569950738916256
"427","3-Hydroxyisovaleric Acid","Cadaverine",7.52302248395921e-05,0.738423645320197
"428","3-Hydroxyisovaleric Acid","cAMP",0.0313780968216019,-0.411822660098522
"429","3-Hydroxyisovaleric Acid","Cholecalciferol",0.00126956171893773,0.68128078817734
"430","3-Hydroxyisovaleric Acid","Choline",4.39339159288831e-06,0.831527093596059
"431","3-Hydroxyisovaleric Acid","Citraconic Acid",0.0020961160867994,0.775369458128079
"432","3-Hydroxyisovaleric Acid","Creatine",0.0493739011842634,0.592610837438424
"433","3-Hydroxyisovaleric Acid","Cystathionine",0.00522869587440483,-0.557142857142857
"434","3-Hydroxyisovaleric Acid","Cysteinyl-Glycine (Cys-Gly)",0.00098820394544172,-0.588669950738916
"435","3-Hydroxyisovaleric Acid","D-Leucic Acid",1.02394931369116e-05,0.766995073891625
"436","3-Hydroxyisovaleric Acid","DCDP",0.023798203611172,-0.629556650246305
"437","3-Hydroxyisovaleric Acid","Ergocalciferol",0.0375890049501992,0.475369458128079
"438","3-Hydroxyisovaleric Acid","Erythrose-4-Phosphate",0.0107762404444194,-0.563546798029557
"439","3-Hydroxyisovaleric Acid","G1P/F1P/F6P",0.0451572375822806,-0.502463054187192
"440","3-Hydroxyisovaleric Acid","Glucosamine",0.00788287348824156,-0.665024630541872
"441","3-Hydroxyisovaleric Acid","Glucose",0.00434973522133092,-0.626600985221675
"442","3-Hydroxyisovaleric Acid","Glutaric Acid",1.09298079972136e-05,0.811822660098522
"443","3-Hydroxyisovaleric Acid","Glyceraldehyde",0.000854272369115934,-0.695566502463054
"444","3-Hydroxyisovaleric Acid","Glycerophosphocholine",0.0312320723408772,-0.732019704433497
"445","3-Hydroxyisovaleric Acid","Histamine",0.00196330528019865,0.607389162561576
"446","3-Hydroxyisovaleric Acid","Homoarginine",0.00345072279479535,-0.65615763546798
"447","3-Hydroxyisovaleric Acid","Hydrocinnamic Acid",2.63606911100208e-05,0.745812807881773
"448","3-Hydroxyisovaleric Acid","Imidazoleacetic Acid",0.0458966787079396,-0.53743842364532
"449","3-Hydroxyisovaleric Acid","Maleic Acid",3.83446386644966e-08,0.873399014778325
"450","3-Hydroxyisovaleric Acid","Margaric Acid",0.00533389343451422,0.610837438423645
"451","3-Hydroxyisovaleric Acid","N-Ac-Arginine",0.0326361503604186,-0.504926108374384
"452","3-Hydroxyisovaleric Acid","N-AcetylGlycine",0.00940974762804122,0.577832512315271
"453","3-Hydroxyisovaleric Acid","n-Glycylproline",0.00345599984941077,-0.596059113300493
"454","3-Hydroxyisovaleric Acid","N6-Acetyl-Lysine",0.00506616998892033,-0.677339901477832
"455","3-Hydroxyisovaleric Acid","NADH",0.017071206367833,-0.593103448275862
"456","3-Hydroxyisovaleric Acid","Oxalacetate",0.00029876738795674,0.731034482758621
"457","3-Hydroxyisovaleric Acid","Palmitic Acid",0.0111500703179124,0.637931034482758
"458","3-Hydroxyisovaleric Acid","PEP",0.000745703484313416,-0.730049261083744
"459","3-Hydroxyisovaleric Acid","Phenylacetic Acid",1.17198294923834e-05,0.780295566502463
"460","3-Hydroxyisovaleric Acid","Phosphorylcholine",0.0189687310281713,-0.511330049261084
"461","3-Hydroxyisovaleric Acid","Pyridoxamine",0.000171982584507227,0.74679802955665
"462","3-Hydroxyisovaleric Acid","Pyruvate",0.00179018079662865,-0.623645320197044
"463","3-Hydroxyisovaleric Acid","Retinol",0.00127052144330819,0.638423645320197
"464","3-Hydroxyisovaleric Acid","S-Adenosylmethionine (SAM)",0.000195002036709432,-0.75615763546798
"465","3-Hydroxyisovaleric Acid","SAH",0.000122862896768143,-0.779802955665024
"466","3-Hydroxyisovaleric Acid","Suberic Acid",0.000219613804458284,0.735467980295566
"467","3-Hydroxyisovaleric Acid","Succinylcarnitine",0.000371551702253769,-0.703448275862069
"468","3-Hydroxyisovaleric Acid","Thiamine",0.00669617912770016,-0.592118226600985
"469","3-Hydroxyisovaleric Acid","Trigonelline",0.0281111465428796,0.567487684729064
"470","3-Hydroxyisovaleric Acid","UDP-GlcNAc",0.000108458206451145,-0.724630541871921
"471","3-Hydroxyisovaleric Acid","Uracil",0.0135104909776759,-0.6
"472","3-Hydroxyisovaleric Acid","Urate",3.13717220241836e-05,0.752709359605911
"473","3-Hydroxypropionic Acid","4-Hydroxybenzoic Acid",0.00774779765544618,0.624630541871921
"474","3-Hydroxypropionic Acid","ADP",0.0455348520309211,0.21871921182266
"475","3-Hydroxypropionic Acid","Dimethylarginine (A/SDMA)",0.0217287901729964,0.580788177339901
"476","3-Hydroxypropionic Acid","Linoleic Acid",0.0215415788028458,-0.349261083743842
"477","3-Hydroxypropionic Acid","N6-Trimethyllysine",0.0466587396774254,0.599507389162562
"478","3-Hydroxypropionic Acid","NAD",0.0355052008362919,0.136453201970443
"479","3-Hydroxypropionic Acid","S-Methylcysteine",0.0494649001212885,-0.409852216748768
"480","3-Methyl-3-Hydroxyglutaric Acid","Adenosine",0.0301970890888162,-0.454187192118227
"481","3-Methyl-3-Hydroxyglutaric Acid","Agmatine",0.0380413437276836,0.499507389162561
"482","3-Methyl-3-Hydroxyglutaric Acid","Aminolevulinate",0.0061941909809285,0.595566502463054
"483","3-Methyl-3-Hydroxyglutaric Acid","Arginine",0.00434973522133092,-0.63743842364532
"484","3-Methyl-3-Hydroxyglutaric Acid","Argininosuccinate",0.0417547903260544,0.424137931034483
"485","3-Methyl-3-Hydroxyglutaric Acid","Betaine",0.000802157471013034,-0.645812807881773
"486","3-Methyl-3-Hydroxyglutaric Acid","Biopterin",0.00665008130595467,-0.599507389162562
"487","3-Methyl-3-Hydroxyglutaric Acid","Cadaverine",0.000105448339463097,-0.77192118226601
"488","3-Methyl-3-Hydroxyglutaric Acid","Choline",0.000641731405352514,-0.663054187192118
"489","3-Methyl-3-Hydroxyglutaric Acid","Citraconic Acid",0.0359503229055139,-0.520689655172414
"490","3-Methyl-3-Hydroxyglutaric Acid","Cystathionine",0.0159735138159077,0.533497536945813
"491","3-Methyl-3-Hydroxyglutaric Acid","DCDP",0.0422512453623892,0.577339901477832
"492","3-Methyl-3-Hydroxyglutaric Acid","Glutaric Acid",0.0327833886673515,-0.455665024630542
"493","3-Methyl-3-Hydroxyglutaric Acid","Glyceraldehyde",0.0178477674300765,0.491625615763547
"494","3-Methyl-3-Hydroxyglutaric Acid","Glycerophosphocholine",0.0141849470720433,0.552216748768473
"495","3-Methyl-3-Hydroxyglutaric Acid","Histidine",0.0369655699387024,0.486699507389162
"496","3-Methyl-3-Hydroxyglutaric Acid","Hydrocinnamic Acid",0.0107870132879737,-0.573399014778325
"497","3-Methyl-3-Hydroxyglutaric Acid","Imidazoleacetic Acid",0.0272295772212646,0.482266009852217
"498","3-Methyl-3-Hydroxyglutaric Acid","Indole-2-Carboxylic Acid",0.0252466800649231,-0.46256157635468
"499","3-Methyl-3-Hydroxyglutaric Acid","Indole-3-Carboxylic Acid",0.0144377139673969,-0.514285714285714
"500","3-Methyl-3-Hydroxyglutaric Acid","Leucine /D-Norleucine",0.0301970890888162,0.465024630541872
"501","3-Methyl-3-Hydroxyglutaric Acid","Maleic Acid",0.00791397531177561,-0.570443349753694
"502","3-Methyl-3-Hydroxyglutaric Acid","N-Ac-Arginine",0.04922134209412,0.49064039408867
"503","3-Methyl-3-Hydroxyglutaric Acid","N6-Acetyl-Lysine",0.00406939084275991,0.689655172413793
"504","3-Methyl-3-Hydroxyglutaric Acid","Oxalacetate",0.000123652823801513,-0.769950738916256
"505","3-Methyl-3-Hydroxyglutaric Acid","Palmitic Acid",0.00533030077624909,-0.666009852216749
"506","3-Methyl-3-Hydroxyglutaric Acid","PEP",0.0182289304291379,0.502463054187192
"507","3-Methyl-3-Hydroxyglutaric Acid","Phenylalanine",0.017350234790352,0.561083743842364
"508","3-Methyl-3-Hydroxyglutaric Acid","Pyridoxamine",0.0145784600384322,-0.551231527093596
"509","3-Methyl-3-Hydroxyglutaric Acid","S-Adenosylmethionine (SAM)",0.000989007620809203,0.648275862068965
"510","3-Methyl-3-Hydroxyglutaric Acid","SAH",0.000778071796564846,0.67192118226601
"511","3-Methyl-3-Hydroxyglutaric Acid","Succinylcarnitine",0.00200447480740872,0.66256157635468
"512","3-Methyl-3-Hydroxyglutaric Acid","Sucrose",0.0085920405499391,-0.526108374384236
"513","3-Methyl-3-Hydroxyglutaric Acid","Taurine",0.0242716173026514,-0.473891625615763
"514","3-Methyl-3-Hydroxyglutaric Acid","Tryptophan",0.015883645197376,0.532019704433497
"515","3-Methyl-3-Hydroxyglutaric Acid","UDP-GlcNAc",0.0370274727850464,0.466502463054187
"516","3-Methyl-3-Hydroxyglutaric Acid","Urate",0.000827804215596302,-0.671428571428571
"517","3-Methyl-3-Hydroxyglutaric Acid","Uridine",0.0131012178798952,0.545812807881773
"518","3HBA","Argininosuccinate",0.0248066702070493,-0.434975369458128
"519","3HBA","Azelaic Acid",0.0407002329720823,0.479310344827586
"520","3HBA","Betaine",0.00877512244746267,0.629556650246305
"521","3HBA","cAMP",0.000298645132473031,-0.613793103448276
"522","3HBA","cGMP",0.0353560853041148,-0.507881773399015
"523","3HBA","Choline",0.00797462788304291,0.587684729064039
"524","3HBA","Citraconic Acid",0.020943725054296,0.63743842364532
"525","3HBA","Cystathionine",0.0178477674300765,-0.476847290640394
"526","3HBA","Cysteinyl-Glycine (Cys-Gly)",0.00603299170224654,-0.481773399014778
"527","3HBA","D-Leucic Acid",0.0018899108075969,0.596059113300493
"528","3HBA","Dimethylglycine",0.035552504252863,-0.498029556650246
"529","3HBA","Erythrose-4-Phosphate",0.00133187171868339,-0.64384236453202
"530","3HBA","G1P/F1P/F6P",0.00625099446258638,-0.610837438423645
"531","3HBA","G6P",0.00246357905954723,-0.6
"532","3HBA","Glutaric Acid",0.0104259723464885,0.587684729064039
"533","3HBA","Hydrocinnamic Acid",0.0049607034183837,0.590147783251231
"534","3HBA","Indole-2-Carboxylic Acid",0.047297562552629,0.650738916256158
"535","3HBA","Maleic Acid",0.000409441055237185,0.668965517241379
"536","3HBA","n-Glycylproline",0.0122464402275055,-0.537931034482758
"537","3HBA","PEP",0.0245552356436041,-0.53448275862069
"538","3HBA","Phenylacetic Acid",0.0104906275967674,0.596551724137931
"539","3HBA","Phosphorylcholine",0.00942741814500515,-0.531527093596059
"540","3HBA","Pyridoxamine",0.0110989423874512,0.617733990147783
"541","3HBA","Pyruvate",0.00722523921303172,-0.579310344827586
"542","3HBA","Ribulose 5-Phosphate",0.0134908109823771,0.440886699507389
"543","3HBA","S-Adenosylmethionine (SAM)",0.0476831932131715,-0.460591133004926
"544","3HBA","SAH",0.043985418340852,-0.499014778325123
"545","3HBA","UDP-GlcNAc",0.000122590886847884,-0.724630541871921
"546","3HBA","Urate",0.0139751600962394,0.648275862068965
"547","4-Guanidinobutanoate","Arginine",0.025950113152467,-0.432512315270936
"548","4-Guanidinobutanoate","Asparagine",0.0355885396872091,0.576847290640394
"549","4-Guanidinobutanoate","betaAlanine",0.00102060350161956,0.720197044334975
"550","4-Guanidinobutanoate","Betaine",0.0104755776392802,-0.560591133004926
"551","4-Guanidinobutanoate","Biopterin",0.00944780815365621,-0.513793103448276
"552","4-Guanidinobutanoate","Cadaverine",0.00420785080194263,-0.592610837438424
"553","4-Guanidinobutanoate","DCDP",0.0441463979748907,0.494581280788177
"554","4-Guanidinobutanoate","Deoxycarnitine",1.57167737306698e-07,0.845812807881773
"555","4-Guanidinobutanoate","Hydrocinnamic Acid",0.0159620011023552,-0.47487684729064
"556","4-Guanidinobutanoate","Imidazoleacetic Acid",0.000307641321181048,0.645812807881773
"557","4-Guanidinobutanoate","Lysine",0.023798203611172,0.407881773399015
"558","4-Guanidinobutanoate","N6-Acetyl-Lysine",0.0162240459097284,0.575369458128079
"559","4-Guanidinobutanoate","N6-Trimethyllysine",0.0433390632593629,0.526600985221675
"560","4-Guanidinobutanoate","Oxalacetate",0.00420785080194263,-0.610344827586207
"561","4-Guanidinobutanoate","Palmitic Acid",0.0392357582829694,-0.455665024630542
"562","4-Guanidinobutanoate","Pyridoxamine",0.00015394781163361,-0.785714285714286
"563","4-Guanidinobutanoate","S-Adenosylmethionine (SAM)",0.0379741559631682,0.407389162561576
"564","4-Guanidinobutanoate","SAH",0.0450058825531569,0.542857142857143
"565","4-Guanidinobutanoate","Serine",0.0377699822825355,-0.472906403940887
"566","4-Guanidinobutanoate","Urate",0.000954681638492144,-0.657142857142857
"567","4-Hydroxybenzoic Acid","Cadaverine",0.029781181825985,-0.547290640394089
"568","4-Hydroxybenzoic Acid","DCDP",0.0327833886673515,0.533497536945813
"569","4-Hydroxybenzoic Acid","Fructose",0.0136191783593041,0.649261083743842
"570","4-Hydroxybenzoic Acid","N6-Acetyl-Lysine",0.0354663891352138,0.51871921182266
"571","4-Hydroxybenzoic Acid","Oxalacetate",0.0220853582300968,-0.549261083743842
"572","4-Hydroxybenzoic Acid","Phenylacetic Acid",0.00746916186874876,-0.611822660098522
"573","4-Pyridoxic Acid","Alpha-Ketoglutaric Acid",0.0277764380800802,0.516748768472906
"574","4-Pyridoxic Acid","Aspartic Acid",0.014022642622167,-0.640886699507389
"575","4-Pyridoxic Acid","Carnosine",0.00209076694499689,0.633990147783251
"576","4-Pyridoxic Acid","Hypotaurine",0.0384994348327213,0.322167487684729
"577","4-Pyridoxic Acid","Indole-2-Carboxylic Acid",0.0475645792438011,0.329556650246305
"578","4-Pyridoxic Acid","Indole-3-Carboxylic Acid",0.0225192315558005,0.400985221674877
"579","4-Pyridoxic Acid","isoValeric Acid /3-Oxobutanoic Acid/4-Oxobutanoic Acid",0.017350234790352,-0.274384236453202
"580","4-Pyridoxic Acid","Linoleic Acid",0.00240234686236373,0.463054187192118
"581","4-Pyridoxic Acid","N-Acetyl-Aspartate (NAA)",0.00165148885277018,-0.713300492610837
"582","4-Pyridoxic Acid","N6-Trimethyllysine",0.00769498445672714,-0.244827586206897
"583","4-Pyridoxic Acid","Palmitic Acid",0.00534447421806372,0.474384236453202
"584","4-Pyridoxic Acid","Proline",0.0264661270611167,0.387192118226601
"585","4-Pyridoxic Acid","Pseudouridine",0.00155700128985013,0.629556650246305
"586","4-Pyridoxic Acid","S-Methylcysteine",0.00191799389740631,0.496059113300493
"587","4-Pyridoxic Acid","Tyrosine",0.00569934712923783,0.408374384236453
"588","5'-Methylthioadenosine","6-Methyladenosine",9.97356983886136e-05,0.518226600985222
"589","5'-Methylthioadenosine","Adenosine",0.0396905424265578,-0.392118226600985
"590","5'-Methylthioadenosine","Adenylosuccinate",0.0126962909372469,-0.486699507389162
"591","5'-Methylthioadenosine","Aminolevulinate",0.00508845295227338,0.198522167487685
"592","5'-Methylthioadenosine","Cadaverine",0.0180946546615281,-0.431527093596059
"593","5'-Methylthioadenosine","Citraconic Acid",0.0470946550504937,-0.199507389162562
"594","5'-Methylthioadenosine","FAD",0.00588151081342415,-0.371428571428571
"595","5'-Methylthioadenosine","GMP",0.00424373097490057,-0.359605911330049
"596","5'-Methylthioadenosine","IMP",0.00980121768587885,-0.339408866995074
"597","5'-Methylthioadenosine","Indole-2-Carboxylic Acid",0.00397085737725164,-0.0113300492610837
"598","5'-Methylthioadenosine","Indole-3-Carboxylic Acid",0.00182948247437866,-0.120197044334975
"599","5'-Methylthioadenosine","isoValeric Acid /3-Oxobutanoic Acid/4-Oxobutanoic Acid",0.0185431157248786,0.0152709359605911
"600","5'-Methylthioadenosine","Leucine /D-Norleucine",0.0337034042648731,0.456650246305419
"601","5'-Methylthioadenosine","N6-Acetyl-Lysine",0.000410291607292157,0.442364532019704
"602","5'-Methylthioadenosine","N6-Trimethyllysine",1.5130807232593e-05,0.452709359605911
"603","5'-Methylthioadenosine","o-Phosphoethanolamine",0.0146370363948824,-0.268965517241379
"604","5'-Methylthioadenosine","Oxalacetate",0.0101198954642543,-0.454187192118227
"605","5'-Methylthioadenosine","Palmitic Acid",0.00497552650641644,-0.252709359605911
"606","5'-Methylthioadenosine","Phenylalanine",0.0233629357002018,0.461083743842364
"607","5'-Methylthioadenosine","Phosphoserine",0.00951543551228151,-0.332512315270936
"608","5'-Methylthioadenosine","Pyroglutamic Acid",0.0358997047346031,0.106896551724138
"609","5'-Methylthioadenosine","Reduced Glutathione",0.0158132824525385,-0.427093596059113
"610","5'-Methylthioadenosine","S-Methylcysteine",0.00556522288972335,-0.182266009852217
"611","5'-Methylthioadenosine","SAH",0.0223235791624365,0.383251231527094
"612","5'-Methylthioadenosine","Sedoheptulose 7-Phosphate",0.0403049651160135,-0.287684729064039
"613","5'-Methylthioadenosine","Sorbitol",0.0330881184336714,0.0758620689655172
"614","5'-Methylthioadenosine","Tyrosine",0.00527778664646333,-0.226600985221675
"615","5'-Methylthioadenosine","UDP-Glucose",0.00928422193704351,0.309852216748768
"616","5-Methylcytidine","7-Methylguanine",0.0304856032009376,0.411822660098522
"617","5-Methylcytidine","ADP",0.0356613138293158,0.591133004926108
"618","5-Methylcytidine","Alanine",0.0178327932121394,0.468472906403941
"619","5-Methylcytidine","Argininosuccinate",0.0371339685418939,0.529556650246305
"620","5-Methylcytidine","Deoxyguanosine",0.014444181645589,0.478817733990148
"621","5-Methylcytidine","Dimethylarginine (A/SDMA)",0.021025579443512,0.478817733990148
"622","5-Methylcytidine","Glucoronate",0.00908308074197402,0.594088669950739
"623","5-Methylcytidine","Guanine",0.0419517264611839,0.369950738916256
"624","5-Methylcytidine","Hypotaurine",0.00107629356631203,0.665024630541872
"625","5-Methylcytidine","Myristic Acid",0.000680656178173166,0.620689655172414
"626","5-Methylcytidine","N-Ac-Phenylalanine",0.00329834515588163,0.477832512315271
"627","5-Methylcytidine","N2,N2-Dimethylguanosine",1.48047431125354e-07,0.851231527093596
"628","5-Methylcytidine","NADH",0.0399017614466538,0.56551724137931
"629","5-Methylcytidine","Neopterin",0.00108901006343732,0.512807881773399
"630","5-Methylcytidine","Pantothenate",0.0240379301084085,0.555172413793103
"631","5-Methylcytidine","Phenylacetic Acid",0.0232349424818702,-0.647290640394089
"632","5-Methylcytidine","Phosphotyrosine",0.000867652419836105,0.677832512315271
"633","5-Methylcytidine","Uracil",0.0132540658336509,0.567980295566502
"634","5-Methylcytidine","Xanthurenic Acid",0.00614010561813374,0.519704433497537
"635","5,6-Dihydrouracil","Agmatine",0.00111896471628872,0.739408866995074
"636","5,6-Dihydrouracil","Argininosuccinate",0.0354243176853528,0.461576354679803
"637","5,6-Dihydrouracil","Linolenic Acid",0.0424142804806032,0.458128078817734
"638","5,6-Dihydrouracil","Succinate",0.0341261385032097,-0.559113300492611
"639","5,6-Dihydrouracil","Succinylcarnitine",0.0272392521499719,0.573891625615763
"640","6-Methyladenosine","Adenosine",0.0141989881303344,-0.478325123152709
"641","6-Methyladenosine","Alpha-Ketoglutaric Acid",0.0487547221827163,-0.251724137931034
"642","6-Methyladenosine","Aminolevulinate",0.00748983987551048,0.38128078817734
"643","6-Methyladenosine","Cadaverine",0.00838223644035379,-0.566995073891626
"644","6-Methyladenosine","Carnosine",0.0114359904918453,-0.302463054187192
"645","6-Methyladenosine","Citraconic Acid",0.0335568815408566,-0.327093596059113
"646","6-Methyladenosine","Cystine",0.0433108085496235,0.458128078817734
"647","6-Methyladenosine","Ethanolamine",0.000122862896768143,0.72807881773399
"648","6-Methyladenosine","FAD",0.00797161223873472,-0.482266009852217
"649","6-Methyladenosine","gamma-Aminobutyrate",0.0463172446907132,0.491133004926108
"650","6-Methyladenosine","Glutamic acid",0.0125413531641874,0.5
"651","6-Methyladenosine","GMP",0.00989248387193689,-0.50295566502463
"652","6-Methyladenosine","Homocitrulline",0.0269940608696822,0.486699507389162
"653","6-Methyladenosine","IMP",0.0205704999108477,-0.542857142857143
"654","6-Methyladenosine","Indole-3-Carboxylic Acid",0.022919280515934,-0.177832512315271
"655","6-Methyladenosine","isoValeric Acid /3-Oxobutanoic Acid/4-Oxobutanoic Acid",0.00990863204432905,0.359113300492611
"656","6-Methyladenosine","Leucine /D-Norleucine",0.038572547176708,0.47192118226601
"657","6-Methyladenosine","N6-Acetyl-Lysine",0.000483696699230831,0.58128078817734
"658","6-Methyladenosine","N6-Trimethyllysine",0.000319059047755686,0.626600985221675
"659","6-Methyladenosine","Niacinamide",0.0452065463596676,0.247783251231527
"660","6-Methyladenosine","Nicotinic Acid",0.0274153157956327,0.498029556650246
"661","6-Methyladenosine","o-Phosphoethanolamine",0.015229183060419,-0.276354679802956
"662","6-Methyladenosine","Oxalacetate",0.00676632955702137,-0.577832512315271
"663","6-Methyladenosine","Palmitic Acid",0.011102379098386,-0.398522167487685
"664","6-Methyladenosine","Phenylalanine",0.0369402306911357,0.480295566502463
"665","6-Methyladenosine","Reduced Glutathione",0.00736832693937902,-0.522660098522167
"666","6-Methyladenosine","S-Methylcysteine",0.00588151081342415,-0.373891625615764
"667","6-Methyladenosine","SAH",0.0309024189382454,0.399014778325123
"668","6-Methyladenosine","Tyrosine",0.00319439131282056,-0.432019704433497
"669","6-Methyladenosine","UDP-Glucose",0.0102538662998405,0.308866995073892
"670","7-Methylguanine","Lactate",0.0134162886622299,-0.379310344827586
"671","7-Methylguanine","Myristic Acid",0.0327964524530514,0.459605911330049
"672","Acetylcarnitine","Carnosine",0.0260023834756189,0.406403940886699
"673","Acetylcarnitine","Linoleic Acid",0.0262118074530589,0.495073891625616
"674","Acetylcarnitine","Palmitic Acid",0.032645563088498,0.515270935960591
"675","Acetylcarnitine","Ribose-5-P",0.0309803216865447,0.267980295566502
"676","Acetylcarnitine","S-Methylcysteine",0.0100558507165249,0.630049261083744
"677","Acetylcarnitine","Tyrosine",0.0175042669321292,0.542857142857143
"678","Acetylcholine","Cholesteryl Sulfate",0.0241034832096998,-0.51871921182266
"679","Acetylcholine","UDP-GlcNAc",0.0110305010074962,0.648275862068965
"680","Acetylcholine","Xanthine",0.0343139941038648,-0.394088669950739
"681","Adenine","Adenosine",0.00709527915837872,0.557635467980296
"682","Adenine","Pipecolate",0.0360914734989439,-0.513793103448276
"683","Adenosine","Adipic Acid / 3-Methylglutaric Acid",0.0497449045667104,0.622167487684729
"684","Adenosine","Agmatine",0.0425102974638751,-0.655665024630542
"685","Adenosine","Aminolevulinate",0.0129477530000067,-0.431527093596059
"686","Adenosine","AMP",0.00028777633818469,0.451231527093596
"687","Adenosine","Arginine",0.00336445871363115,0.604926108374384
"688","Adenosine","Asparagine",0.0174136595638704,-0.27487684729064
"689","Adenosine","Azelaic Acid",0.0299936649318875,0.556650246305419
"690","Adenosine","Betaine",0.00558535214046401,0.63743842364532
"691","Adenosine","Cadaverine",0.014425533061493,0.466995073891625
"692","Adenosine","Citraconic Acid",0.000668441664312738,0.594088669950739
"693","Adenosine","Cytidine",0.000478539209221527,-0.318226600985222
"694","Adenosine","Ethanolamine",0.00936400937523739,-0.418226600985222
"695","Adenosine","FAD",0.0408573552481977,0.335960591133005
"696","Adenosine","gamma-Aminobutyrate",0.0234850367726588,-0.303940886699507
"697","Adenosine","Glyceraldehyde",0.0128217574153668,-0.545812807881773
"698","Adenosine","Glycerophosphocholine",0.0157208842812936,-0.48423645320197
"699","Adenosine","GMP",0.000517519252980225,0.211822660098522
"700","Adenosine","Guanosine",0.0259268212019669,-0.370935960591133
"701","Adenosine","IMP",0.00510395906045482,0.155665024630542
"702","Adenosine","Indole-2-Carboxylic Acid",0.0243459038336666,0.218226600985222
"703","Adenosine","Indole-3-Carboxylic Acid",0.0295464090808024,0.163546798029557
"704","Adenosine","Leucine /D-Norleucine",0.000409441055237185,-0.556650246305419
"705","Adenosine","Maleic Acid",0.0319996247130479,0.524630541871921
"706","Adenosine","Methionine",0.0382809999812573,-0.412807881773399
"707","Adenosine","n-Glycylproline",0.0198320078574401,-0.451724137931034
"708","Adenosine","N6-Acetyl-Lysine",0.0103318779809345,-0.455665024630542
"709","Adenosine","NAD",0.0254319231323955,0.155665024630542
"710","Adenosine","Niacinamide",0.00223032314839285,-0.0896551724137931
"711","Adenosine","Oxalacetate",0.0116353690491705,0.500985221674877
"712","Adenosine","Phenylalanine",0.000945315232035,-0.532512315270936
"713","Adenosine","Putrescine",0.00403311057454951,-0.479802955665025
"714","Adenosine","S-Adenosylmethionine (SAM)",0.0296496335379086,-0.54679802955665
"715","Adenosine","SAH",0.00164300431273437,-0.563546798029557
"716","Adenosine","Spermidine",0.00129440706212217,-0.600985221674877
"717","Adenosine","Suberic Acid",0.0272579992304037,0.615763546798029
"718","Adenosine","Succinylcarnitine",0.00174475209619417,-0.633004926108374
"719","Adenosine","Sucrose",0.0151558255328728,0.414285714285714
"720","Adenosine","Thiamine",0.0494345694224957,-0.610837438423645
"721","Adenosine","Threonine",0.0488173249306154,-0.459605911330049
"722","Adenosine","Tryptophan",0.000170347050390354,-0.634482758620689
"723","Adenosine","UDP-GlcNAc",0.0315307253727167,-0.472413793103448
"724","Adenosine","Uracil",0.0407034251270012,-0.451724137931034
"725","Adenosine","Urate",0.0417943315827265,0.438916256157635
"726","Adenosine","Uridine",0.00354802755660374,-0.494581280788177
"727","Adenosine","Valine",0.0205652831620207,-0.50935960591133
"728","Adenosine","Xanthosine",0.00425990830154805,-0.486206896551724
"729","Adenylosuccinate","ADP",0.00125644178105129,0.401970443349754
"730","Adenylosuccinate","AMP",0.0227226994171468,0.316256157635468
"731","Adenylosuccinate","Cholecalciferol",0.0170020973440953,-0.570443349753694
"732","Adenylosuccinate","Glucoronate",0.0407002329720823,0.424137931034483
"733","Adenylosuccinate","GMP",0.00576325245678291,0.388177339901478
"734","Adenylosuccinate","Hypotaurine",0.00847514102541518,0.525123152709359
"735","Adenylosuccinate","IMP",0.00126397987184966,0.374384236453202
"736","Adenylosuccinate","Inosine",0.0267131151589872,-0.225615763546798
"737","Adenylosuccinate","Myristic Acid",0.0389483398431916,0.368965517241379
"738","Adenylosuccinate","NAD",0.00281392804966841,0.398029556650246
"739","Adenylosuccinate","NADH",0.00247659837310078,0.629064039408867
"740","Adenylosuccinate","Reduced Glutathione",0.0231199090459584,0.477339901477832
"741","Adenylosuccinate","Sorbitol",0.0141989881303344,-0.524630541871921
"742","Adipic Acid / 3-Methylglutaric Acid","Agmatine",0.000125498943076532,-0.70935960591133
"743","Adipic Acid / 3-Methylglutaric Acid","Alpha-Ketoglutaric Acid",0.0135142893087769,-0.671428571428571
"744","Adipic Acid / 3-Methylglutaric Acid","Arabitol/Xylitol",0.0149229756483461,-0.580788177339901
"745","Adipic Acid / 3-Methylglutaric Acid","Arginine",0.00154438600812697,0.700985221674877
"746","Adipic Acid / 3-Methylglutaric Acid","Argininosuccinate",0.000107670397211722,-0.754679802955665
"747","Adipic Acid / 3-Methylglutaric Acid","Aspartic Acid",0.00490744114531504,0.485714285714286
"748","Adipic Acid / 3-Methylglutaric Acid","Azelaic Acid",3.31678817170961e-13,0.944827586206896
"749","Adipic Acid / 3-Methylglutaric Acid","Betaine",9.8173692777313e-07,0.817733990147783
"750","Adipic Acid / 3-Methylglutaric Acid","Cadaverine",0.0234876494309159,0.540394088669951
"751","Adipic Acid / 3-Methylglutaric Acid","Cholecalciferol",7.11046297415405e-07,0.892118226600985
"752","Adipic Acid / 3-Methylglutaric Acid","Cholesteryl Sulfate",0.0326791511686915,0.520689655172414
"753","Adipic Acid / 3-Methylglutaric Acid","Choline",9.19605183289177e-05,0.728571428571428
"754","Adipic Acid / 3-Methylglutaric Acid","Creatine",1.18954616243626e-05,0.847783251231527
"755","Adipic Acid / 3-Methylglutaric Acid","Cystathionine",0.0326791511686915,-0.505911330049261
"756","Adipic Acid / 3-Methylglutaric Acid","D-Leucic Acid",9.5097282305442e-05,0.786206896551724
"757","Adipic Acid / 3-Methylglutaric Acid","DCDP",0.004567562002595,-0.644827586206896
"758","Adipic Acid / 3-Methylglutaric Acid","Dimethylglycine",0.0166306786664187,-0.547783251231527
"759","Adipic Acid / 3-Methylglutaric Acid","Ergocalciferol",0.000151294401275974,0.766502463054187
"760","Adipic Acid / 3-Methylglutaric Acid","Glucosamine",0.000291970365327336,-0.669458128078818
"761","Adipic Acid / 3-Methylglutaric Acid","Glucose",0.00486794949668913,-0.560591133004926
"762","Adipic Acid / 3-Methylglutaric Acid","Glutaric Acid",1.01578890913268e-12,0.902463054187192
"763","Adipic Acid / 3-Methylglutaric Acid","Glyceraldehyde",9.5097282305442e-05,-0.733497536945813
"764","Adipic Acid / 3-Methylglutaric Acid","Glycerophosphocholine",0.0168398681946473,-0.657142857142857
"765","Adipic Acid / 3-Methylglutaric Acid","Glycine",0.0444894112587362,0.404926108374384
"766","Adipic Acid / 3-Methylglutaric Acid","Histamine",0.00141805748385338,0.692610837438424
"767","Adipic Acid / 3-Methylglutaric Acid","Histidine",0.0299528324864264,-0.440394088669951
"768","Adipic Acid / 3-Methylglutaric Acid","Hydrocinnamic Acid",0.00110704604897453,0.61871921182266
"769","Adipic Acid / 3-Methylglutaric Acid","Hypotaurine",0.0372350978937831,-0.504926108374384
"770","Adipic Acid / 3-Methylglutaric Acid","Linolenic Acid",0.00870022599080385,-0.614778325123153
"771","Adipic Acid / 3-Methylglutaric Acid","Maleic Acid",4.26606941338947e-05,0.769458128078818
"772","Adipic Acid / 3-Methylglutaric Acid","Methionine",0.00193334411250376,-0.690147783251231
"773","Adipic Acid / 3-Methylglutaric Acid","Myristic Acid",0.030825990621601,-0.480295566502463
"774","Adipic Acid / 3-Methylglutaric Acid","N-Ac-Arginine",0.018291413496372,-0.560591133004926
"775","Adipic Acid / 3-Methylglutaric Acid","N-Ac-L-Glutamine",0.0161743401478753,-0.589655172413793
"776","Adipic Acid / 3-Methylglutaric Acid","N-Acetyl-Aspartate (NAA)",0.00207243739852536,0.661576354679803
"777","Adipic Acid / 3-Methylglutaric Acid","N-AcetylGlycine",8.10477069397681e-08,0.824137931034483
"778","Adipic Acid / 3-Methylglutaric Acid","n-Glycylproline",0.00354802755660374,-0.61231527093596
"779","Adipic Acid / 3-Methylglutaric Acid","NADH",0.00434973522133092,-0.669458128078818
"780","Adipic Acid / 3-Methylglutaric Acid","Oxalacetate",0.0314995487779136,0.569950738916256
"781","Adipic Acid / 3-Methylglutaric Acid","PEP",0.000390759556875815,-0.683251231527093
"782","Adipic Acid / 3-Methylglutaric Acid","Phenylacetic Acid",0.0134908109823771,0.559113300492611
"783","Adipic Acid / 3-Methylglutaric Acid","Phosphorylcholine",0.0240392614333419,-0.491133004926108
"784","Adipic Acid / 3-Methylglutaric Acid","Phosphoserine",0.0315050939919788,-0.527586206896552
"785","Adipic Acid / 3-Methylglutaric Acid","Pyridoxamine",0.021620601801987,0.496059113300493
"786","Adipic Acid / 3-Methylglutaric Acid","Pyruvate",0.000206108430921989,-0.663054187192118
"787","Adipic Acid / 3-Methylglutaric Acid","Retinol",3.48963176038806e-06,0.877339901477832
"788","Adipic Acid / 3-Methylglutaric Acid","S-Adenosylmethionine (SAM)",3.82849910507404e-07,-0.866502463054187
"789","Adipic Acid / 3-Methylglutaric Acid","SAH",0.00570000743311559,-0.699507389162561
"790","Adipic Acid / 3-Methylglutaric Acid","Spermidine",0.044539910016959,-0.480788177339901
"791","Adipic Acid / 3-Methylglutaric Acid","Suberic Acid",8.03487498666656e-19,0.971428571428571
"792","Adipic Acid / 3-Methylglutaric Acid","Succinylcarnitine",0.000336878975810908,-0.74679802955665
"793","Adipic Acid / 3-Methylglutaric Acid","Sucrose",0.0133251460740437,0.492610837438424
"794","Adipic Acid / 3-Methylglutaric Acid","Thiamine",3.4914918382222e-05,-0.739901477832512
"795","Adipic Acid / 3-Methylglutaric Acid","Trigonelline",0.000229510537798624,0.736453201970443
"796","Adipic Acid / 3-Methylglutaric Acid","Tryptophan",0.0026158660458196,-0.689655172413793
"797","Adipic Acid / 3-Methylglutaric Acid","UDP-GlcNAc",0.00161167103012593,-0.66256157635468
"798","Adipic Acid / 3-Methylglutaric Acid","Uracil",0.000263826845456356,-0.754679802955665
"799","Adipic Acid / 3-Methylglutaric Acid","Urate",0.00473295121181238,0.532512315270936
"800","ADP","Alanine",0.0178927776441437,0.547783251231527
"801","ADP","AMP",3.17001858858959e-07,0.683251231527093
"802","ADP","Cystine",0.00677349928362747,-0.467980295566502
"803","ADP","Deoxyguanosine",0.0110934453871871,0.307881773399015
"804","ADP","Fructose",0.0491895675190768,0.299507389162562
"805","ADP","GMP",4.93832986403644e-07,0.852709359605911
"806","ADP","Guanine",0.0458966787079396,0.158620689655172
"807","ADP","Hypotaurine",0.00793717333193888,0.618226600985222
"808","ADP","IMP",4.12980446681324e-09,0.841871921182266
"809","ADP","Inosine",0.00166746987418265,-0.34384236453202
"810","ADP","L-Kynurenine",0.0458966787079396,-0.246305418719212
"811","ADP","Leucine /D-Norleucine",0.0440314384114122,-0.0541871921182266
"812","ADP","N-Ac-Alanine",0.0284143210300247,0.398522167487685
"813","ADP","N2,N2-Dimethylguanosine",0.00420785080194263,0.448768472906404
"814","ADP","NAD",1.78124392679739e-15,0.89064039408867
"815","ADP","NADH",0.00132032805911426,0.663054187192118
"816","ADP","Niacinamide",0.00464055097830644,-0.420197044334975
"817","ADP","Oxidized Glutathione",0.000178007625819433,0.585714285714286
"818","ADP","Pantothenate",0.0328604591521759,0.546305418719212
"819","ADP","Putrescine",0.00873298014273844,-0.120197044334975
"820","ADP","Reduced Glutathione",0.0289747075559981,0.499507389162561
"821","ADP","Sorbitol",0.0381112348406292,-0.42807881773399
"822","ADP","Taurine",0.0456680791613379,0.0862068965517241
"823","ADP","Uridine",0.00958625558633904,-0.0403940886699507
"824","Agmatine","Arginine",0.037217793972282,-0.636945812807882
"825","Agmatine","Argininosuccinate",0.00161167103012593,0.655665024630542
"826","Agmatine","Aspartic Acid",0.0352827661060519,-0.336453201970443
"827","Agmatine","Azelaic Acid",0.00017788837494547,-0.747290640394089
"828","Agmatine","Betaine",0.000425502907734424,-0.767487684729064
"829","Agmatine","Cadaverine",0.0358357551179121,-0.56256157635468
"830","Agmatine","Cholecalciferol",0.00345228873910624,-0.647783251231527
"831","Agmatine","Choline",0.00166746987418265,-0.675862068965517
"832","Agmatine","Citraconic Acid",0.027367462565859,-0.714778325123153
"833","Agmatine","Creatine",0.0499037035337157,-0.553694581280788
"834","Agmatine","Ergocalciferol",0.00881382369294641,-0.621182266009852
"835","Agmatine","Glucosamine",0.0216966250467928,0.556650246305419
"836","Agmatine","Glucose",0.0257117424628935,0.566502463054187
"837","Agmatine","Glutaric Acid",5.17911881761223e-05,-0.778817733990148
"838","Agmatine","Glyceraldehyde",0.00109057009802136,0.72167487684729
"839","Agmatine","Glycerophosphocholine",0.00584666880402518,0.686699507389162
"840","Agmatine","Hydrocinnamic Acid",0.0313780968216019,-0.567487684729064
"841","Agmatine","Leucine /D-Norleucine",0.042852453005805,0.504433497536946
"842","Agmatine","Linolenic Acid",0.0228270936644037,0.627093596059113
"843","Agmatine","Maleic Acid",0.000908048388701349,-0.75320197044335
"844","Agmatine","N-Acetyl-Aspartate (NAA)",0.0401860973726585,-0.454679802955665
"845","Agmatine","N-AcetylGlycine",0.000960128855535677,-0.667980295566502
"846","Agmatine","n-Glycylproline",0.0494088594893203,0.548275862068965
"847","Agmatine","Oxalacetate",0.0439884375635348,-0.57192118226601
"848","Agmatine","PEP",0.0284143210300247,0.617241379310345
"849","Agmatine","Phosphorylcholine",0.00936400937523739,0.611822660098522
"850","Agmatine","Pyruvate",0.0199804369970973,0.548275862068965
"851","Agmatine","Retinol",0.00940974762804122,-0.592610837438424
"852","Agmatine","S-Adenosylmethionine (SAM)",0.00460522414716311,0.715763546798029
"853","Agmatine","SAH",0.00452313876861677,0.733497536945813
"854","Agmatine","Suberic Acid",9.34597380818164e-05,-0.757142857142857
"855","Agmatine","Succinylcarnitine",0.000211413937187769,0.789655172413793
"856","Agmatine","Sucrose",0.0341261385032097,-0.487684729064039
"857","Agmatine","Thiamine",0.00999563469695313,0.643349753694581
"858","Agmatine","Trigonelline",0.00414831047929009,-0.663546798029557
"859","Agmatine","Tryptophan",0.0177577781725022,0.651231527093596
"860","Agmatine","UDP-GlcNAc",0.00955553613488283,0.666995073891625
"861","Agmatine","Uracil",0.00281192443648714,0.745320197044335
"862","Agmatine","Urate",0.031243622942061,-0.553694581280788
"863","Agmatine","Valine",0.0177985377674146,0.558128078817734
"864","Alanine","Biopterin",0.0078976276157691,0.515270935960591
"865","Alanine","Deoxyguanosine",0.0110989423874512,0.486699507389162
"866","Alanine","DHAP/D-GA3P",0.00813931693557258,-0.563054187192118
"867","Alanine","Glucoronate",0.000495951952261866,0.548768472906404
"868","Alanine","Glycerol-3-P",0.00463540549239615,-0.565024630541872
"869","Alanine","Glycerophosphocholine",0.031142902792396,-0.282758620689655
"870","Alanine","Guanine",0.0158929466821965,0.493103448275862
"871","Alanine","Hypotaurine",0.00204677163057061,0.447783251231527
"872","Alanine","Imidazoleacetic Acid",0.0254217173039475,-0.48128078817734
"873","Alanine","IMP",0.022039217117101,0.57192118226601
"874","Alanine","Inosine",0.0418590368628944,-0.341379310344828
"875","Alanine","L-Kynurenine",0.0104689325002825,-0.44679802955665
"876","Alanine","Myristic Acid",0.0350314529314353,0.239901477832512
"877","Alanine","N-Ac-Alanine",0.000211413937187769,0.467487684729064
"878","Alanine","N-Ac-Phenylalanine",0.0104088376504057,0.445812807881773
"879","Alanine","N2,N2-Dimethylguanosine",0.0149047001189062,0.424630541871921
"880","Alanine","NAD",0.0495949396638643,0.417241379310345
"881","Alanine","NADH",0.0464849755823524,0.372413793103448
"882","Alanine","Neopterin",0.013296351667421,0.492118226600985
"883","Alanine","Oxidized Glutathione",0.0376466915540411,0.473891625615763
"884","Alanine","Phosphotyrosine",0.0174076032077036,0.459113300492611
"885","Alanine","Proline",0.000908048388701349,0.694581280788177
"886","Alanine","Pseudouridine",0.000526607097807122,0.558620689655172
"887","Alanine","Ribulose 5-Phosphate",0.0228050138655109,-0.51871921182266
"888","Alanine","Serine",0.0238692080634414,0.389162561576355
"889","Alanine","Taurine",0.00150127452693525,0.447290640394089
"890","Alanine","Xanthurenic Acid",0.0133035915941212,0.419211822660098
"891","Allantoin","Anthranilic Acid",0.0139721596093793,-0.66551724137931
"892","Alpha-Ketoglutaric Acid","Aspartic Acid",0.0453263708972515,-0.6
"893","Alpha-Ketoglutaric Acid","Azelaic Acid",0.0326510137495351,-0.691133004926108
"894","Alpha-Ketoglutaric Acid","Carnosine",0.0190482671698139,0.452709359605911
"895","Alpha-Ketoglutaric Acid","Creatine",0.0124439546568866,-0.545320197044335
"896","Alpha-Ketoglutaric Acid","D-Leucic Acid",0.00110323802316225,-0.823645320197044
"897","Alpha-Ketoglutaric Acid","Dimethylglycine",0.0437711224864008,0.667487684729064
"898","Alpha-Ketoglutaric Acid","Glucosamine",0.0436401067116545,0.566995073891626
"899","Alpha-Ketoglutaric Acid","Glutaric Acid",0.0140941602929392,-0.704926108374384
"900","Alpha-Ketoglutaric Acid","Glycine",0.0437960190941261,-0.365024630541872
"901","Alpha-Ketoglutaric Acid","Histidine",0.0499037035337157,0.430049261083744
"902","Alpha-Ketoglutaric Acid","L-2-Aminobutyric Acid",0.0384262063395713,0.48423645320197
"903","Alpha-Ketoglutaric Acid","Methionine",0.0235113929816444,0.579802955665024
"904","Alpha-Ketoglutaric Acid","N-AcetylGlycine",0.00289474588708999,-0.651724137931034
"905","Alpha-Ketoglutaric Acid","o-Phosphoethanolamine",0.000602644797789062,0.42807881773399
"906","Alpha-Ketoglutaric Acid","PEP",0.0053263437213956,0.682266009852217
"907","Alpha-Ketoglutaric Acid","Phosphoserine",0.0452624085575862,0.278817733990148
"908","Alpha-Ketoglutaric Acid","Pyruvate",8.24862409884258e-05,0.882758620689655
"909","Alpha-Ketoglutaric Acid","Retinol",0.0262466139157386,-0.599014778325123
"910","Alpha-Ketoglutaric Acid","S-Adenosylmethionine (SAM)",0.0191169900013518,0.63743842364532
"911","Alpha-Ketoglutaric Acid","Sedoheptulose 7-Phosphate",0.0206764401040958,0.403940886699507
"912","Alpha-Ketoglutaric Acid","Suberic Acid",0.0323118120936936,-0.651231527093596
"913","Alpha-Ketoglutaric Acid","Thiamine",0.0380413437276836,0.619704433497537
"914","Alpha-Ketoglutaric Acid","Trigonelline",0.0211804790293316,-0.657142857142857
"915","Alpha-Ketoglutaric Acid","UDP-Glucose",0.0166487307139044,-0.437931034482759
"916","Aminolevulinate","Arginine",0.00446873090245544,-0.696059113300493
"917","Aminolevulinate","Asparagine",0.0326719871577587,0.426108374384236
"918","Aminolevulinate","Betaine",0.00421023978700674,-0.720689655172414
"919","Aminolevulinate","Biopterin",0.00404731800262401,-0.673891625615763
"920","Aminolevulinate","Cadaverine",0.000326637314183145,-0.758128078817734
"921","Aminolevulinate","cAMP",0.0439884375635348,0.546305418719212
"922","Aminolevulinate","Choline",0.0246012692365094,-0.651231527093596
"923","Aminolevulinate","Citraconic Acid",0.000150333116259139,-0.783743842364532
"924","Aminolevulinate","Cystathionine",0.00483236856314464,0.70935960591133
"925","Aminolevulinate","FAD",0.00907366127791413,-0.397536945812808
"926","Aminolevulinate","gamma-Aminobutyrate",0.00128789081989716,0.742857142857143
"927","Aminolevulinate","Glucose",0.0154044071625007,0.585221674876847
"928","Aminolevulinate","Glutamic acid",0.0475554510339023,0.397536945812808
"929","Aminolevulinate","Glyceraldehyde",0.00468825899504919,0.655172413793103
"930","Aminolevulinate","Glycerophosphocholine",0.0358427250729778,0.65320197044335
"931","Aminolevulinate","Homoarginine",0.00300867096152984,0.548275862068965
"932","Aminolevulinate","Homocitrulline",0.0492086839515081,0.385714285714286
"933","Aminolevulinate","Hydrocinnamic Acid",0.0208363186727777,-0.697536945812808
"934","Aminolevulinate","Indole-2-Carboxylic Acid",0.000139486392247809,-0.683251231527093
"935","Aminolevulinate","Indole-3-Carboxylic Acid",0.000279316183160695,-0.661083743842364
"936","Aminolevulinate","isoValeric Acid /3-Oxobutanoic Acid/4-Oxobutanoic Acid",0.0474149338105797,0.262068965517241
"937","Aminolevulinate","Leucine /D-Norleucine",0.0479526496278902,0.47192118226601
"938","Aminolevulinate","Maleic Acid",0.0205652831620207,-0.637931034482758
"939","Aminolevulinate","Margaric Acid",0.00813002621816319,-0.530049261083744
"940","Aminolevulinate","N-Ac-Arginine",0.0463790691465285,0.415270935960591
"941","Aminolevulinate","N6-Acetyl-Lysine",0.00124936665979935,0.55615763546798
"942","Aminolevulinate","N6-Trimethyllysine",0.00257675143099064,0.457142857142857
"943","Aminolevulinate","Oxalacetate",0.00065423965398398,-0.714285714285714
"944","Aminolevulinate","Palmitic Acid",0.00107643904190512,-0.66256157635468
"945","Aminolevulinate","Putrescine",0.0355052008362919,0.586206896551724
"946","Aminolevulinate","Pyridoxamine",0.00450237317224794,-0.663546798029557
"947","Aminolevulinate","S-Adenosylmethionine (SAM)",0.04840758957155,0.598029556650246
"948","Aminolevulinate","S-Methylcysteine",0.00110868716852229,-0.436945812807882
"949","Aminolevulinate","SAH",1.57592427619891e-05,0.758128078817734
"950","Aminolevulinate","Succinylcarnitine",0.0250635543724114,0.569950738916256
"951","Aminolevulinate","Threonine",0.0372289374433194,0.374384236453202
"952","Aminolevulinate","Tyrosine",0.00047817385412384,-0.520689655172414
"953","Aminolevulinate","UDP-GlcNAc",0.0434636526182373,0.603448275862069
"954","Aminolevulinate","UDP-Glucose",0.015765147194839,0.370935960591133
"955","Aminolevulinate","Urate",0.00216050292140623,-0.74679802955665
"956","AMP","Asparagine",0.0348719274772208,0.0679802955665025
"957","AMP","Cystine",0.0121187077501083,-0.507389162561576
"958","AMP","Cytidine",0.00197468953438411,-0.132019704433498
"959","AMP","Deoxyguanosine",0.0211629208134744,0.110344827586207
"960","AMP","Ethanolamine",0.0204335655807713,-0.499507389162561
"961","AMP","Glycerophosphocholine",0.00242129841870766,-0.0344827586206896
"962","AMP","GMP",1.14468110438764e-11,0.815763546798029
"963","AMP","Guanosine",0.00830673837348427,-0.580295566502463
"964","AMP","IMP",2.44465811257378e-09,0.7
"965","AMP","Inosine",0.00349649073051127,-0.375862068965517
"966","AMP","iso-Leucine /allo-isoLeucine",0.0207383450178229,-0.202463054187192
"967","AMP","L-Kynurenine",0.010932735271386,-0.449261083743842
"968","AMP","Leucine /D-Norleucine",0.000282798611350255,-0.361083743842364
"969","AMP","NAD",8.68544415059277e-11,0.814778325123153
"970","AMP","Niacinamide",0.000125498943076532,-0.493103448275862
"971","AMP","Oxidized Glutathione",0.00109057009802136,0.514778325123153
"972","AMP","Phenylalanine",0.000243766786041737,-0.386206896551724
"973","AMP","Putrescine",0.00033296680850098,-0.30935960591133
"974","AMP","Spermidine",0.0252029724991677,-0.20295566502463
"975","AMP","Sucrose",0.0305786639081675,0.0783251231527093
"976","AMP","Taurine",0.00807612946348587,0.313300492610837
"977","AMP","Tryptophan",0.00110868716852229,-0.0704433497536946
"978","AMP","Uridine",1.88324423095747e-05,-0.429064039408867
"979","AMP","Valine",0.00990863204432905,-0.249261083743842
"980","AMP","Xanthosine",0.00321931254141308,-0.491133004926108
"981","Anthranilic Acid","Riboflavin",0.0109314628847008,-0.567487684729064
"982","Arabitol/Xylitol","Arginine",0.0431048548733741,-0.472906403940887
"983","Arabitol/Xylitol","Aspartic Acid",0.00300912631667851,-0.528571428571428
"984","Arabitol/Xylitol","Azelaic Acid",0.0178291710544092,-0.537931034482758
"985","Arabitol/Xylitol","Cholecalciferol",0.0342749020425945,-0.50935960591133
"986","Arabitol/Xylitol","Glutaric Acid",0.0424318677806602,-0.46256157635468
"987","Arabitol/Xylitol","Myristic Acid",0.00940974762804122,0.41871921182266
"988","Arabitol/Xylitol","N-Acetyl-Aspartate (NAA)",0.0279989996749419,-0.475369458128079
"989","Arabitol/Xylitol","N-AcetylGlycine",0.0253085066799333,-0.505418719211823
"990","Arabitol/Xylitol","NADH",0.0181830786179132,0.515763546798029
"991","Arabitol/Xylitol","Neopterin",0.0360258551590445,0.355665024630542
"992","Arabitol/Xylitol","Pseudouridine",0.0237281291109754,0.447290640394089
"993","Arabitol/Xylitol","Suberic Acid",0.00877512244746267,-0.588669950738916
"994","Arabitol/Xylitol","Xanthosine",0.0400846219343306,0.512807881773399
"995","Arginine","Argininosuccinate",0.00379330409747637,-0.655172413793103
"996","Arginine","Asparagine",0.0198549934295786,-0.464039408866995
"997","Arginine","Azelaic Acid",0.00073761658797812,0.730049261083744
"998","Arginine","Betaine",1.30857963454219e-07,0.870443349753694
"999","Arginine","Biopterin",0.00598032653638019,0.633004926108374
"1000","Arginine","Cadaverine",1.69497163771871e-06,0.816256157635468
"1001","Arginine","Cholecalciferol",0.00185300418412486,0.717733990147783
"1002","Arginine","Choline",1.28876973687991e-05,0.846305418719212
"1003","Arginine","Citraconic Acid",0.000317709866536562,0.811330049261084
"1004","Arginine","Creatine",0.0315765220161647,0.605418719211823
"1005","Arginine","Cystathionine",0.014444181645589,-0.637931034482758
"1006","Arginine","Cytidine",0.0173788114056375,-0.408866995073892
"1007","Arginine","D-Leucic Acid",0.0371339685418939,0.546305418719212
"1008","Arginine","DCDP",0.00166746987418265,-0.718226600985222
"1009","Arginine","Ergocalciferol",0.0110989423874512,0.590147783251231
"1010","Arginine","FAD",0.0462972224066287,0.495566502463054
"1011","Arginine","gamma-Aminobutyrate",0.00163428289531769,-0.666009852216749
"1012","Arginine","Glucosamine",0.00372827378994429,-0.639408866995074
"1013","Arginine","Glucose",0.00458671048558833,-0.636945812807882
"1014","Arginine","Glutaric Acid",0.000605588122139905,0.734482758620689
"1015","Arginine","Glyceraldehyde",7.29416802914393e-05,-0.769950738916256
"1016","Arginine","Glycerophosphocholine",0.0266902400511684,-0.658620689655172
"1017","Arginine","Histamine",0.00299074500130615,0.644334975369458
"1018","Arginine","Homoarginine",0.000638985625003407,-0.636453201970443
"1019","Arginine","Hydrocinnamic Acid",0.000432826794443644,0.72807881773399
"1020","Arginine","Leucine /D-Norleucine",0.00954158047127813,-0.547783251231527
"1021","Arginine","Maleic Acid",0.00013217436846517,0.794581280788177
"1022","Arginine","Margaric Acid",0.0424318677806602,0.385221674876847
"1023","Arginine","Methionine",0.00487453037029178,-0.633990147783251
"1024","Arginine","N-Ac-Arginine",0.000934504369860863,-0.716256157635468
"1025","Arginine","N-AcetylGlycine",0.0266457586646638,0.58423645320197
"1026","Arginine","n-Glycylproline",0.000434021673844266,-0.710344827586207
"1027","Arginine","N6-Acetyl-Lysine",0.000544175317786134,-0.751724137931034
"1028","Arginine","Oxalacetate",8.75607348021465e-06,0.807881773399015
"1029","Arginine","Palmitic Acid",0.0155961951849108,0.578817733990148
"1030","Arginine","PEP",0.00290304104753831,-0.658620689655172
"1031","Arginine","Phenylacetic Acid",0.00490744114531504,0.620689655172414
"1032","Arginine","Phenylalanine",0.0104214713269771,-0.566009852216749
"1033","Arginine","Putrescine",0.0448219047530966,-0.416748768472906
"1034","Arginine","Pyridoxamine",0.00042060262265729,0.668472906403941
"1035","Arginine","Retinol",0.00202473409658173,0.68128078817734
"1036","Arginine","S-Adenosylmethionine (SAM)",6.62878117586399e-05,-0.797044334975369
"1037","Arginine","SAH",1.26929597278988e-05,-0.844827586206896
"1038","Arginine","Suberic Acid",0.000275278404483838,0.767487684729064
"1039","Arginine","Succinylcarnitine",9.27388479684104e-07,-0.880788177339901
"1040","Arginine","Sucrose",0.00382699729888371,0.611330049261084
"1041","Arginine","Taurine",0.0296470717390368,0.464039408866995
"1042","Arginine","Thiamine",0.0274975253035818,-0.539901477832512
"1043","Arginine","Tryptophan",0.00490509285950664,-0.715270935960591
"1044","Arginine","UDP-GlcNAc",0.00108130431252837,-0.721182266009852
"1045","Arginine","Uracil",0.0158090090528454,-0.672906403940887
"1046","Arginine","Urate",5.33123301978639e-06,0.77192118226601
"1047","Arginine","Uridine",0.0207270887538807,-0.475369458128079
"1048","Argininosuccinate","Azelaic Acid",0.000148825657040911,-0.757142857142857
"1049","Argininosuccinate","Betaine",0.000108896337180324,-0.735960591133005
"1050","Argininosuccinate","Cadaverine",0.0191217088763746,-0.511330049261084
"1051","Argininosuccinate","Cholecalciferol",7.41805311142228e-06,-0.794088669950739
"1052","Argininosuccinate","Choline",0.000148347922175855,-0.730541871921182
"1053","Argininosuccinate","Citraconic Acid",0.0160568162246488,-0.598029556650246
"1054","Argininosuccinate","Cysteinyl-Glycine (Cys-Gly)",0.00544538434060285,0.605911330049261
"1055","Argininosuccinate","D-Leucic Acid",0.00179355269661277,-0.689162561576355
"1056","Argininosuccinate","Ergocalciferol",0.0275098778107425,-0.466995073891625
"1057","Argininosuccinate","Glutaric Acid",1.72673976729071e-05,-0.786699507389162
"1058","Argininosuccinate","Glyceraldehyde",0.0127068538945472,0.554679802955665
"1059","Argininosuccinate","Hydrocinnamic Acid",0.00365332259056679,-0.633004926108374
"1060","Argininosuccinate","Hypotaurine",0.0450058825531569,0.492118226600985
"1061","Argininosuccinate","Linolenic Acid",0.0143700427607553,0.545812807881773
"1062","Argininosuccinate","Maleic Acid",1.25189035948618e-06,-0.824630541871921
"1063","Argininosuccinate","Margaric Acid",0.0477683650432491,-0.44679802955665
"1064","Argininosuccinate","Myristic Acid",0.0313787125667169,0.456650246305419
"1065","Argininosuccinate","N-Ac-Alanine",0.0357512756759166,0.53448275862069
"1066","Argininosuccinate","N-Ac-Arginine",0.0191292630878167,0.576354679802956
"1067","Argininosuccinate","N-Ac-L-Glutamine",0.0159647953095712,0.580295566502463
"1068","Argininosuccinate","N-AcetylGlycine",0.0040827667531261,-0.593103448275862
"1069","Argininosuccinate","NADH",0.00520631437026341,0.627093596059113
"1070","Argininosuccinate","Oxalacetate",0.0255944002297937,-0.517241379310345
"1071","Argininosuccinate","Pantothenate",0.0209349070343369,0.524137931034483
"1072","Argininosuccinate","PEP",0.00345228873910624,0.588669950738916
"1073","Argininosuccinate","Phenylacetic Acid",0.0044309926440683,-0.635960591133005
"1074","Argininosuccinate","Phosphotyrosine",0.0284143210300247,0.489162561576355
"1075","Argininosuccinate","Pipecolate",0.0415035710490056,0.467980295566502
"1076","Argininosuccinate","Pyruvate",0.0228577938580308,0.466502463054187
"1077","Argininosuccinate","Retinol",0.000944065458326593,-0.675369458128079
"1078","Argininosuccinate","S-Adenosylmethionine (SAM)",0.00371048036722674,0.676847290640394
"1079","Argininosuccinate","SAH",0.00420785080194263,0.626108374384236
"1080","Argininosuccinate","Suberic Acid",5.23043614292581e-05,-0.784729064039409
"1081","Argininosuccinate","Succinylcarnitine",0.00409957580867707,0.636945812807882
"1082","Argininosuccinate","Thiamine",0.0277636122769147,0.487684729064039
"1083","Argininosuccinate","Trigonelline",0.0296269746579671,-0.568472906403941
"1084","Argininosuccinate","UDP-GlcNAc",0.00183842308631271,0.688669950738916
"1085","Argininosuccinate","Uracil",0.00111721962455676,0.679310344827586
"1086","Argininosuccinate","Urate",0.0178327932121394,-0.558620689655172
"1087","Asparagine","Betaine",0.00928422193704351,-0.599014778325123
"1088","Asparagine","Biopterin",0.0308639472555426,-0.406403940886699
"1089","Asparagine","Cadaverine",0.00574921045904875,-0.649753694581281
"1090","Asparagine","Citraconic Acid",0.040187652437162,-0.457635467980296
"1091","Asparagine","Cystathionine",0.0194917003212145,0.5
"1092","Asparagine","Cytidine",0.00914265008279025,0.274384236453202
"1093","Asparagine","gamma-Aminobutyrate",0.0161414981785617,0.522167487684729
"1094","Asparagine","Glucose",0.0185001692361346,0.567487684729064
"1095","Asparagine","Glutamine",0.0120317654378185,0.510344827586207
"1096","Asparagine","Glyceraldehyde",0.0138248891943317,0.539408866995074
"1097","Asparagine","Glycerophosphocholine",0.00948706759184448,0.44384236453202
"1098","Asparagine","GMP",0.00967166807286599,-0.0354679802955665
"1099","Asparagine","Histidine",0.0327833886673515,0.310344827586207
"1100","Asparagine","Homoarginine",0.04982020943095,0.544334975369458
"1101","Asparagine","IMP",0.0161565525442717,-0.0177339901477832
"1102","Asparagine","Indole-2-Carboxylic Acid",0.0309803216865447,-0.345812807881773
"1103","Asparagine","Indole-3-Carboxylic Acid",0.025155284560382,-0.426600985221675
"1104","Asparagine","Leucine /D-Norleucine",0.00052169238630177,0.504926108374384
"1105","Asparagine","Methionine",0.00900098521059091,0.492610837438424
"1106","Asparagine","n-Glycylproline",0.0349044703184103,0.372413793103448
"1107","Asparagine","N6-Acetyl-Lysine",0.0307178006049992,0.553694581280788
"1108","Asparagine","Niacinamide",0.00648924915462654,0.16551724137931
"1109","Asparagine","Oxalacetate",0.00651081729229662,-0.65320197044335
"1110","Asparagine","Phenylalanine",0.00384025488739322,0.491625615763547
"1111","Asparagine","Pyridoxamine",0.00484564310479581,-0.625123152709359
"1112","Asparagine","S-Adenosylmethionine (SAM)",0.0226923514464684,0.522660098522167
"1113","Asparagine","SAH",0.00527219127256201,0.642364532019704
"1114","Asparagine","Succinylcarnitine",0.00545426842472939,0.560591133004926
"1115","Asparagine","Sucrose",0.0107762404444194,-0.357142857142857
"1116","Asparagine","Tryptophan",0.00957376072065256,0.344334975369458
"1117","Asparagine","Urate",0.0139060039037939,-0.512315270935961
"1118","Asparagine","Uridine",0.00956230937802801,0.353694581280788
"1119","Asparagine","Valine",0.0384262063395713,0.340394088669951
"1120","Aspartic Acid","Azelaic Acid",0.0021356066941327,0.554679802955665
"1121","Aspartic Acid","Choline",0.0361885120381393,0.433497536945813
"1122","Aspartic Acid","Creatine",0.0225700422597318,0.459113300492611
"1123","Aspartic Acid","D-Leucic Acid",0.017054102811111,0.495566502463054
"1124","Aspartic Acid","Glucosamine",0.00510092023813748,-0.445320197044335
"1125","Aspartic Acid","Glucose",0.0374506416442648,-0.433990147783251
"1126","Aspartic Acid","Glutaric Acid",0.00265749497547086,0.498522167487685
"1127","Aspartic Acid","Glyceraldehyde",0.0284504719152324,-0.450246305418719
"1128","Aspartic Acid","Histamine",0.015484945229016,0.496059113300493
"1129","Aspartic Acid","Maleic Acid",0.0499037035337157,0.387192118226601
"1130","Aspartic Acid","N-Acetyl-Aspartate (NAA)",0.00141658959806472,0.587192118226601
"1131","Aspartic Acid","N-AcetylGlycine",0.0124439546568866,0.407881773399015
"1132","Aspartic Acid","n-Glycylproline",0.0481976059750361,-0.401970443349754
"1133","Aspartic Acid","PEP",0.0384793809824995,-0.364532019704433
"1134","Aspartic Acid","Pyruvate",0.00429326564235964,-0.554187192118227
"1135","Aspartic Acid","S-Adenosylmethionine (SAM)",0.0159735138159077,-0.438916256157635
"1136","Aspartic Acid","Suberic Acid",0.00149427969981688,0.536453201970443
"1137","Aspartic Acid","Succinate",0.0305596072456658,0.504433497536946
"1138","Aspartic Acid","Succinylcarnitine",0.0184927847396012,-0.454679802955665
"1139","Aspartic Acid","Sucrose",0.038678765940232,0.491625615763547
"1140","Aspartic Acid","Thiamine",0.0215415788028458,-0.524630541871921
"1141","Aspartic Acid","Trigonelline",0.0203484487940388,0.461083743842364
"1142","Aspartic Acid","Uracil",0.0232349424818702,-0.499507389162561
"1143","Azelaic Acid","Betaine",3.0393158083713e-07,0.841871921182266
"1144","Azelaic Acid","Cadaverine",0.0118725665367206,0.574384236453202
"1145","Azelaic Acid","Cholecalciferol",4.30223119270732e-06,0.850738916256157
"1146","Azelaic Acid","Cholesteryl Sulfate",0.0140877838703172,0.563054187192118
"1147","Azelaic Acid","Choline",5.39440954717474e-05,0.767980295566502
"1148","Azelaic Acid","Citraconic Acid",0.023798203611172,0.695566502463054
"1149","Azelaic Acid","Creatine",7.2304290131599e-05,0.78423645320197
"1150","Azelaic Acid","Cystathionine",0.0113273952173332,-0.585714285714286
"1151","Azelaic Acid","Cysteinyl-Glycine (Cys-Gly)",0.0175042669321292,-0.563546798029557
"1152","Azelaic Acid","D-Leucic Acid",1.4170067702151e-05,0.850738916256157
"1153","Azelaic Acid","DCDP",0.0154055688500389,-0.577832512315271
"1154","Azelaic Acid","Dimethylglycine",0.00592430266774409,-0.628571428571428
"1155","Azelaic Acid","Ergocalciferol",0.000181182550611521,0.741379310344827
"1156","Azelaic Acid","Erythrose-4-Phosphate",0.0356613138293158,-0.522660098522167
"1157","Azelaic Acid","Glucosamine",0.000621097720619507,-0.676354679802955
"1158","Azelaic Acid","Glucose",0.00554603385260089,-0.564532019704433
"1159","Azelaic Acid","Glutaric Acid",9.30141494084465e-13,0.931034482758621
"1160","Azelaic Acid","Glyceraldehyde",6.3677035757989e-05,-0.76551724137931
"1161","Azelaic Acid","Glycerophosphocholine",0.0084452200769286,-0.714778325123153
"1162","Azelaic Acid","Histamine",0.00172176628895935,0.6935960591133
"1163","Azelaic Acid","Histidine",0.0370594357766962,-0.433497536945813
"1164","Azelaic Acid","Hydrocinnamic Acid",0.000560597543040353,0.69064039408867
"1165","Azelaic Acid","L-2-Aminobutyric Acid",0.0411563365905634,-0.461576354679803
"1166","Azelaic Acid","Leucine /D-Norleucine",0.0369268559905489,-0.411822660098522
"1167","Azelaic Acid","Linolenic Acid",0.0054413758774693,-0.631527093596059
"1168","Azelaic Acid","Maleic Acid",4.1822358462831e-06,0.831527093596059
"1169","Azelaic Acid","Methionine",0.00313858616576369,-0.678817733990148
"1170","Azelaic Acid","Myristic Acid",0.0266248707960956,-0.435467980295566
"1171","Azelaic Acid","N-Ac-Arginine",0.00803917215164432,-0.601970443349754
"1172","Azelaic Acid","N-Ac-L-Glutamine",0.0225700422597318,-0.615763546798029
"1173","Azelaic Acid","N-Acetyl-Aspartate (NAA)",0.00325792079366315,0.597536945812808
"1174","Azelaic Acid","N-AcetylGlycine",5.09295433615374e-06,0.795566502463054
"1175","Azelaic Acid","n-Glycylproline",0.00118315235847784,-0.66551724137931
"1176","Azelaic Acid","NADH",0.0140369532934215,-0.622660098522167
"1177","Azelaic Acid","Oxalacetate",0.0164598601073693,0.587192118226601
"1178","Azelaic Acid","PEP",0.000652546892010764,-0.716748768472906
"1179","Azelaic Acid","Phenylacetic Acid",0.00636237883509043,0.611330049261084
"1180","Azelaic Acid","Phosphorylcholine",0.0105989455975267,-0.510837438423645
"1181","Azelaic Acid","Phosphoserine",0.0301970890888162,-0.544827586206896
"1182","Azelaic Acid","Pyridoxamine",0.0121325237321113,0.541379310344827
"1183","Azelaic Acid","Pyruvate",0.00033414639189311,-0.708374384236453
"1184","Azelaic Acid","Retinol",4.52971350024977e-06,0.842857142857143
"1185","Azelaic Acid","S-Adenosylmethionine (SAM)",3.30101823321894e-08,-0.879310344827586
"1186","Azelaic Acid","SAH",0.00149427969981688,-0.735960591133005
"1187","Azelaic Acid","Spermidine",0.0122515647300266,-0.533004926108374
"1188","Azelaic Acid","Suberic Acid",1.95030223694768e-18,0.97487684729064
"1189","Azelaic Acid","Succinylcarnitine",4.06920453993809e-05,-0.790147783251231
"1190","Azelaic Acid","Sucrose",0.00774779765544618,0.513300492610837
"1191","Azelaic Acid","Thiamine",0.000257808392038117,-0.713793103448276
"1192","Azelaic Acid","Trigonelline",2.28398121074739e-05,0.811822660098522
"1193","Azelaic Acid","Tryptophan",0.00159056215618353,-0.67192118226601
"1194","Azelaic Acid","UDP-GlcNAc",0.000126956121335595,-0.758620689655172
"1195","Azelaic Acid","Uracil",5.06158043797203e-05,-0.798029556650246
"1196","Azelaic Acid","Urate",0.00245314125273374,0.6
"1197","Azelaic Acid","Uridine",0.0404227177725023,-0.430049261083744
"1198","Azelaic Acid","Valine",0.0471301048649327,-0.445320197044335
"1199","betaAlanine","Deoxycarnitine",0.00224402182050626,0.655172413793103
"1200","betaAlanine","Imidazoleacetic Acid",0.00566104595741146,0.55615763546798
"1201","betaAlanine","N-Ac-Phenylalanine",0.0142458242208979,-0.548768472906404
"1202","betaAlanine","Neopterin",0.0303681165350075,-0.539408866995074
"1203","betaAlanine","Ornithine",0.0439884375635348,-0.256650246305419
"1204","betaAlanine","Pyridoxamine",0.0349675027896301,-0.599507389162562
"1205","betaAlanine","Sedoheptulose 7-Phosphate",0.0371407420342744,0.361576354679803
"1206","betaAlanine","Serine",0.0194339130546705,-0.332512315270936
"1207","Betaine","Biopterin",0.00280881788738714,0.640394088669951
"1208","Betaine","Cadaverine",3.06905873213349e-07,0.854679802955665
"1209","Betaine","Cholecalciferol",0.000282798611350255,0.75320197044335
"1210","Betaine","Choline",3.5332796777806e-08,0.840394088669951
"1211","Betaine","Citraconic Acid",0.000117731570571908,0.876847290640394
"1212","Betaine","Creatine",0.00609726801231987,0.651231527093596
"1213","Betaine","Cystathionine",0.000326637314183145,-0.733497536945813
"1214","Betaine","Cysteinyl-Glycine (Cys-Gly)",0.0198834415082141,-0.533004926108374
"1215","Betaine","Cytidine",0.0321844093206111,-0.4
"1216","Betaine","D-Leucic Acid",0.000560597543040353,0.727093596059113
"1217","Betaine","DCDP",0.00247659837310078,-0.652709359605911
"1218","Betaine","Dimethylglycine",0.0493739011842634,-0.513300492610837
"1219","Betaine","Ergocalciferol",0.00360966558617682,0.642364532019704
"1220","Betaine","Erythrose-4-Phosphate",0.0292908125108397,-0.4935960591133
"1221","Betaine","gamma-Aminobutyrate",0.004324554406826,-0.649753694581281
"1222","Betaine","Glucosamine",0.000987382039769449,-0.658128078817734
"1223","Betaine","Glucose",0.00108128497274346,-0.639901477832512
"1224","Betaine","Glutaric Acid",4.02823203824718e-08,0.867487684729064
"1225","Betaine","Glyceraldehyde",4.97755000250429e-06,-0.78423645320197
"1226","Betaine","Glycerophosphocholine",0.00178191584041071,-0.797044334975369
"1227","Betaine","Histamine",0.00271737385116117,0.615270935960591
"1228","Betaine","Histidine",0.0238692080634414,-0.475862068965517
"1229","Betaine","Homoarginine",0.00354802755660374,-0.592118226600985
"1230","Betaine","Hydrocinnamic Acid",6.71678082827468e-06,0.795566502463054
"1231","Betaine","Imidazoleacetic Acid",0.0149739049497626,-0.512315270935961
"1232","Betaine","Leucine /D-Norleucine",0.00463044731498613,-0.587684729064039
"1233","Betaine","Maleic Acid",2.35624135586771e-09,0.898029556650246
"1234","Betaine","Margaric Acid",0.0486169995918504,0.401970443349754
"1235","Betaine","Methionine",0.000326680586402973,-0.771428571428571
"1236","Betaine","N-Ac-Arginine",0.00209481626213263,-0.664532019704433
"1237","Betaine","N-Ac-L-Glutamine",0.0264748729204595,-0.550738916256158
"1238","Betaine","N-AcetylGlycine",0.000706490484073716,0.684729064039409
"1239","Betaine","n-Glycylproline",0.000214266520823586,-0.731527093596059
"1240","Betaine","N6-Acetyl-Lysine",0.00147198964215594,-0.716748768472906
"1241","Betaine","Oxalacetate",1.99135886548861e-06,0.864532019704433
"1242","Betaine","Palmitic Acid",0.016287468227817,0.610344827586207
"1243","Betaine","PEP",0.000155755144209947,-0.72167487684729
"1244","Betaine","Phenylacetic Acid",0.000129111739497267,0.791625615763547
"1245","Betaine","Phenylalanine",0.0118624015951159,-0.570935960591133
"1246","Betaine","Phosphorylcholine",0.0230275243172675,-0.534975369458128
"1247","Betaine","Putrescine",0.0339106001207235,-0.463054187192118
"1248","Betaine","Pyridoxamine",6.52432042669327e-05,0.749261083743842
"1249","Betaine","Pyruvate",0.00149630185403398,-0.624630541871921
"1250","Betaine","Retinol",0.000148332538845427,0.752709359605911
"1251","Betaine","S-Adenosylmethionine (SAM)",1.14677230454636e-09,-0.896059113300492
"1252","Betaine","SAH",8.47884549936449e-08,-0.922167487684729
"1253","Betaine","Suberic Acid",1.21379403391248e-07,0.852709359605911
"1254","Betaine","Succinylcarnitine",3.97159601104743e-07,-0.87192118226601
"1255","Betaine","Sucrose",0.00442051251205667,0.509852216748768
"1256","Betaine","Thiamine",0.000394149585928569,-0.700492610837438
"1257","Betaine","Trigonelline",0.00547753617897486,0.67192118226601
"1258","Betaine","Tryptophan",0.00126762113795587,-0.729064039408867
"1259","Betaine","UDP-GlcNAc",1.96381731867026e-05,-0.789162561576355
"1260","Betaine","Uracil",0.00142448221706644,-0.741871921182266
"1261","Betaine","Urate",3.06905873213349e-07,0.818226600985221
"1262","Betaine","Uridine",0.0238692080634414,-0.478325123152709
"1263","Betaine","Valine",0.0146398796281878,-0.552216748768473
"1264","Biopterin","Cadaverine",0.00390278649295143,0.637931034482758
"1265","Biopterin","Choline",0.000808326746520619,0.720689655172414
"1266","Biopterin","Citraconic Acid",0.04580890073898,0.676354679802955
"1267","Biopterin","Cystathionine",0.0153374067193204,-0.55320197044335
"1268","Biopterin","Deoxycarnitine",0.049182382032577,-0.398522167487685
"1269","Biopterin","Deoxyguanosine",0.000365673833259068,0.611822660098522
"1270","Biopterin","Erythrose-4-Phosphate",0.00842524537610021,-0.591133004926108
"1271","Biopterin","G1P/F1P/F6P",0.0139721596093793,-0.545812807881773
"1272","Biopterin","G6P",0.0271381714201977,-0.510344827586207
"1273","Biopterin","gamma-Aminobutyrate",0.0200995147185291,-0.6
"1274","Biopterin","Glucosamine",0.0104088376504057,-0.567487684729064
"1275","Biopterin","Glucose",0.0146398796281878,-0.479310344827586
"1276","Biopterin","Glutaric Acid",0.0458966787079396,0.557142857142857
"1277","Biopterin","Glyceraldehyde",0.00504889187808097,-0.537931034482758
"1278","Biopterin","Glycerophosphocholine",9.5097282305442e-05,-0.723152709359606
"1279","Biopterin","Guanine",4.2954144168537e-05,0.722660098522167
"1280","Biopterin","Histidine",0.00119449308644572,-0.66256157635468
"1281","Biopterin","Homoarginine",0.0193705123410401,-0.461576354679803
"1282","Biopterin","Hydrocinnamic Acid",0.000415993572313081,0.754679802955665
"1283","Biopterin","Imidazoleacetic Acid",0.000755851570111404,-0.689655172413793
"1284","Biopterin","IMP",0.0333483139758575,0.199507389162562
"1285","Biopterin","Indole-2-Carboxylic Acid",0.00964640271559021,0.625123152709359
"1286","Biopterin","Indole-3-Carboxylic Acid",0.0309318463599982,0.545320197044335
"1287","Biopterin","isoValeric Acid /3-Oxobutanoic Acid/4-Oxobutanoic Acid",0.032546032756091,-0.401477832512315
"1288","Biopterin","L-Kynurenine",0.0110326967027912,-0.41871921182266
"1289","Biopterin","Leucine /D-Norleucine",0.00268840356165973,-0.538916256157635
"1290","Biopterin","Maleic Acid",0.0245552356436041,0.570443349753694
"1291","Biopterin","Methionine",0.00420785080194263,-0.638423645320197
"1292","Biopterin","N-Ac-Phenylalanine",0.00109705911837666,0.548768472906404
"1293","Biopterin","n-Glycylproline",0.0267769186806767,-0.472413793103448
"1294","Biopterin","N2,N2-Dimethylguanosine",0.0111410818723018,0.365024630541872
"1295","Biopterin","N6-Trimethyllysine",0.0270939900915452,-0.369950738916256
"1296","Biopterin","Neopterin",0.00094852562747877,0.631527093596059
"1297","Biopterin","Oxalacetate",0.00947747340494963,0.588669950738916
"1298","Biopterin","Palmitic Acid",0.017071206367833,0.521674876847291
"1299","Biopterin","PEP",0.00818663349724378,-0.634482758620689
"1300","Biopterin","Phenylalanine",0.0110305010074962,-0.533004926108374
"1301","Biopterin","Proline",0.043985418340852,0.445320197044335
"1302","Biopterin","Putrescine",0.0291907736471433,-0.394088669950739
"1303","Biopterin","Pyridoxamine",7.22476860613434e-06,0.786699507389162
"1304","Biopterin","S-Adenosylmethionine (SAM)",0.00897714680759685,-0.579310344827586
"1305","Biopterin","SAH",0.0123455114830581,-0.609852216748768
"1306","Biopterin","Succinylcarnitine",0.045830952473306,-0.503940886699507
"1307","Biopterin","Sucrose",0.0152587886689971,0.450246305418719
"1308","Biopterin","Taurine",0.000735504465798789,0.507881773399015
"1309","Biopterin","Thiamine",0.0308639472555426,-0.440886699507389
"1310","Biopterin","Threonine",0.0433187039277203,-0.46551724137931
"1311","Biopterin","Urate",1.83851053420691e-07,0.883251231527094
"1312","Biopterin","Uridine",0.00448015358273576,-0.499507389162561
"1313","Biopterin","Valine",0.00330553450466083,-0.617733990147783
"1314","Biopterin","Xanthurenic Acid",0.00913526121125836,0.440394088669951
"1315","Cadaverine","Choline",0.000187999156967639,0.732019704433497
"1316","Cadaverine","Citraconic Acid",0.00013711327057282,0.792610837438424
"1317","Cadaverine","Cystathionine",0.00300912631667851,-0.688669950738916
"1318","Cadaverine","Cytidine",0.0326398570976978,-0.407881773399015
"1319","Cadaverine","DCDP",0.00316109591600458,-0.726108374384236
"1320","Cadaverine","FAD",0.000384143797274328,0.706403940886699
"1321","Cadaverine","gamma-Aminobutyrate",0.00422288128623952,-0.670443349753694
"1322","Cadaverine","Glucosamine",0.0386078745703829,-0.536945812807882
"1323","Cadaverine","Glucose",0.0018507982839404,-0.668965517241379
"1324","Cadaverine","Glutaric Acid",0.00957078035758303,0.626108374384236
"1325","Cadaverine","Glyceraldehyde",0.000400630405174456,-0.715763546798029
"1326","Cadaverine","Glycerophosphocholine",0.0095815258974764,-0.726108374384236
"1327","Cadaverine","Histamine",0.00897988137923304,0.563546798029557
"1328","Cadaverine","Homoarginine",0.000694798886774625,-0.702463054187192
"1329","Cadaverine","Hydrocinnamic Acid",0.000711975183254506,0.716748768472906
"1330","Cadaverine","Imidazoleacetic Acid",0.00497552650641644,-0.620689655172414
"1331","Cadaverine","Indole-2-Carboxylic Acid",0.00925179583156022,0.545320197044335
"1332","Cadaverine","Indole-3-Carboxylic Acid",0.0012445802571319,0.646305418719212
"1333","Cadaverine","Leucine /D-Norleucine",0.0135198599467566,-0.535467980295566
"1334","Cadaverine","Maleic Acid",0.000229577933060488,0.732512315270936
"1335","Cadaverine","Margaric Acid",0.0308639472555426,0.453694581280788
"1336","Cadaverine","Methionine",0.0259268212019669,-0.55320197044335
"1337","Cadaverine","N-Ac-Arginine",0.00306956465142103,-0.640886699507389
"1338","Cadaverine","n-Glycylproline",0.00627330940455018,-0.630541871921182
"1339","Cadaverine","N6-Acetyl-Lysine",8.95201065552415e-08,-0.869950738916256
"1340","Cadaverine","N6-Trimethyllysine",0.00139114470121795,-0.722167487684729
"1341","Cadaverine","Oxalacetate",3.15272890214444e-22,0.989162561576354
"1342","Cadaverine","Palmitic Acid",1.25189035948618e-06,0.845320197044335
"1343","Cadaverine","PEP",0.00746114087820202,-0.603448275862069
"1344","Cadaverine","Phenylacetic Acid",2.59611065929331e-05,0.767487684729064
"1345","Cadaverine","Phenylalanine",0.0187138625686365,-0.570935960591133
"1346","Cadaverine","Pyridoxamine",0.000187209295078249,0.744827586206896
"1347","Cadaverine","Retinol",0.0243386079237045,0.569458128078818
"1348","Cadaverine","S-Adenosylmethionine (SAM)",0.000134820716255091,-0.788669950738916
"1349","Cadaverine","S-Methylcysteine",0.00919238495157463,0.531034482758621
"1350","Cadaverine","SAH",4.90183659205136e-09,-0.918226600985221
"1351","Cadaverine","Suberic Acid",0.0134620733873312,0.575369458128079
"1352","Cadaverine","Succinylcarnitine",1.31234778096794e-05,-0.798522167487685
"1353","Cadaverine","Sucrose",0.0331303265341485,0.472906403940887
"1354","Cadaverine","Taurine",0.0339065079511863,0.445812807881773
"1355","Cadaverine","Thiamine",0.04784041473618,-0.46551724137931
"1356","Cadaverine","Tryptophan",0.0238638430445479,-0.58128078817734
"1357","Cadaverine","Tyrosine",0.00358903554187968,0.609852216748768
"1358","Cadaverine","UDP-GlcNAc",0.0170020973440953,-0.542857142857143
"1359","Cadaverine","Urate",9.12988709583748e-06,0.811822660098522
"1360","Cadaverine","Uridine",0.0478565755086792,-0.507389162561576
"1361","cAMP","cGMP",9.29536544310664e-06,0.823152709359606
"1362","cAMP","Cysteinyl-Glycine (Cys-Gly)",0.0029021055173869,0.627093596059113
"1363","cAMP","Cytidine",0.0301970890888162,0.559113300492611
"1364","cAMP","Erythrose-4-Phosphate",0.0066161555323274,0.562068965517241
"1365","cAMP","G1P/F1P/F6P",0.0181830786179132,0.560591133004926
"1366","cAMP","G6P",0.00870022599080385,0.556650246305419
"1367","cAMP","Glyceraldehyde",0.0488842824129634,0.519211822660098
"1368","cAMP","Glycerophosphocholine",0.0213373040106338,0.549753694581281
"1369","cAMP","Hydrocinnamic Acid",0.0237527508926907,-0.478325123152709
"1370","cAMP","Indole-2-Carboxylic Acid",0.0361619444857144,-0.470935960591133
"1371","cAMP","Maleic Acid",0.00886095229053657,-0.585221674876847
"1372","cAMP","Margaric Acid",0.015229183060419,-0.585714285714286
"1373","cAMP","n-Glycylproline",0.00251686233949202,0.631034482758621
"1374","cAMP","Pyridoxamine",0.0246250049964972,-0.463546798029557
"1375","cAMP","Ribulose 5-Phosphate",0.033269888093172,-0.417241379310345
"1376","cAMP","SAH",0.0202099436406889,0.555665024630542
"1377","cAMP","Sucrose",0.0387262335711322,-0.503940886699507
"1378","cAMP","UDP-GlcNAc",0.00391681535671428,0.639408866995074
"1379","cAMP","Urate",0.0220828950882913,-0.519211822660098
"1380","cAMP","Xanthine",0.0187888913364112,-0.538423645320197
"1381","Carnitine","Cystine",0.0375890049501992,0.249261083743842
"1382","Carnitine","Hypoxanthine",0.00420785080194263,0.446305418719212
"1383","Carnitine","IMP",0.0407034251270012,-0.26551724137931
"1384","Carnitine","Inosine",0.00813002621816319,0.470443349753694
"1385","Carnitine","Oxidized Glutathione",0.02361256898543,-0.337931034482759
"1386","Carnitine","Pipecolate",0.0180391709734253,-0.657142857142857
"1387","Carnosine","Creatine",0.0414798676985913,-0.549753694581281
"1388","Carnosine","FAD",0.0390486920188907,0.303448275862069
"1389","Carnosine","Glutamic acid",0.00135999341805972,-0.479802955665025
"1390","Carnosine","Glycine",0.0382809999812573,-0.314285714285714
"1391","Carnosine","Linoleic Acid",0.000636844379168531,0.673399014778325
"1392","Carnosine","Linolenic Acid",0.0450058825531569,0.657635467980295
"1393","Carnosine","N-Acetyl-Aspartate (NAA)",0.023916865576781,-0.608866995073892
"1394","Carnosine","N-AcetylGlycine",0.0301970890888162,-0.546305418719212
"1395","Carnosine","o-Phosphoethanolamine",0.0281718015727228,0.266502463054187
"1396","Carnosine","Phosphoserine",0.043985418340852,0.432512315270936
"1397","Carnosine","Pyroglutamic Acid",0.0111037590188851,-0.567487684729064
"1398","Carnosine","Pyruvate",0.015772254906844,0.589655172413793
"1399","Carnosine","Reduced Glutathione",0.00482453064807936,0.614285714285714
"1400","Carnosine","Ribose-5-P",0.0281317438581127,0.277832512315271
"1401","Carnosine","S-Methylcysteine",0.0130669874739619,0.416256157635468
"1402","Carnosine","Sedoheptulose 7-Phosphate",0.0474149338105797,0.277339901477832
"1403","Carnosine","Thiamine",0.0122464402275055,0.623645320197044
"1404","Carnosine","Trigonelline",0.0404489468151019,-0.607389162561576
"1405","Carnosine","Tyrosine",0.0238179201859359,0.313300492610837
"1406","cGMP","Erythrose-4-Phosphate",0.0466587396774254,0.5
"1407","cGMP","G1P/F1P/F6P",0.0370756130236459,0.557142857142857
"1408","cGMP","G6P",0.0348719274772208,0.553694581280788
"1409","cGMP","Indole-2-Carboxylic Acid",0.0202729737747756,-0.392610837438424
"1410","cGMP","n-Glycylproline",0.0271508999839363,0.544827586206896
"1411","cGMP","Sorbitol",0.0267959731197974,0.406403940886699
"1412","Cholecalciferol","Choline",0.000539962066986211,0.703940886699507
"1413","Cholecalciferol","Citraconic Acid",0.0459586777285778,0.61871921182266
"1414","Cholecalciferol","Creatine",0.00176344394852024,0.769950738916256
"1415","Cholecalciferol","Cysteinyl-Glycine (Cys-Gly)",0.0277764380800802,-0.527093596059113
"1416","Cholecalciferol","D-Leucic Acid",0.00065423965398398,0.713300492610837
"1417","Cholecalciferol","DCDP",0.00329834515588163,-0.652216748768473
"1418","Cholecalciferol","Ergocalciferol",1.5036018813015e-05,0.80935960591133
"1419","Cholecalciferol","Glucosamine",0.0106712026528509,-0.592118226600985
"1420","Cholecalciferol","Glutamine",0.0499879664960112,0.396059113300493
"1421","Cholecalciferol","Glutaric Acid",2.18649414209055e-06,0.847290640394089
"1422","Cholecalciferol","Glyceraldehyde",0.00207304802113601,-0.688177339901478
"1423","Cholecalciferol","Histamine",0.00652534058450571,0.677832512315271
"1424","Cholecalciferol","Hydrocinnamic Acid",0.00337351401072114,0.65320197044335
"1425","Cholecalciferol","Hypotaurine",0.0191890969133694,-0.547290640394089
"1426","Cholecalciferol","Linolenic Acid",0.00967269438456821,-0.566009852216749
"1427","Cholecalciferol","Maleic Acid",0.000317709866536562,0.743349753694581
"1428","Cholecalciferol","Myristic Acid",0.0124308152813145,-0.538423645320197
"1429","Cholecalciferol","N-Ac-Arginine",0.0105278829275691,-0.641379310344827
"1430","Cholecalciferol","N-Ac-L-Glutamine",0.0438110866944489,-0.549261083743842
"1431","Cholecalciferol","N-AcetylGlycine",4.68125235788751e-05,0.77487684729064
"1432","Cholecalciferol","n-Glycylproline",0.0209111506787852,-0.610344827586207
"1433","Cholecalciferol","NADH",0.00336445871363115,-0.686699507389162
"1434","Cholecalciferol","o-Phosphoethanolamine",0.0296787343974379,-0.547290640394089
"1435","Cholecalciferol","PEP",0.000531500242658954,-0.710344827586207
"1436","Cholecalciferol","Phenylacetic Acid",0.0291694461793131,0.567980295566502
"1437","Cholecalciferol","Phosphoserine",0.0013112713801546,-0.650738916256158
"1438","Cholecalciferol","Pyruvate",0.00729108015758862,-0.595073891625616
"1439","Cholecalciferol","Retinol",1.63127635544342e-11,0.93448275862069
"1440","Cholecalciferol","S-Adenosylmethionine (SAM)",0.000621710282365834,-0.807389162561576
"1441","Cholecalciferol","SAH",0.016603301220866,-0.661576354679803
"1442","Cholecalciferol","Sorbitol",0.00729010068508629,0.605418719211823
"1443","Cholecalciferol","Suberic Acid",8.77194489326558e-07,0.888177339901478
"1444","Cholecalciferol","Succinylcarnitine",0.00326086415677075,-0.713793103448276
"1445","Cholecalciferol","Thiamine",0.0139721596093793,-0.595566502463054
"1446","Cholecalciferol","Trigonelline",0.00475775676602378,0.688669950738916
"1447","Cholecalciferol","UDP-GlcNAc",0.00931045867450058,-0.626600985221675
"1448","Cholecalciferol","Uracil",0.00478171823930112,-0.682266009852217
"1449","Cholecalciferol","Urate",0.031022352449211,0.489162561576355
"1450","Cholesteryl Sulfate","Creatine",0.00450554642157318,0.587192118226601
"1451","Cholesteryl Sulfate","Dimethylglycine",0.00492070565228277,-0.570443349753694
"1452","Cholesteryl Sulfate","iso-Leucine /allo-isoLeucine",0.0140877838703172,-0.439901477832512
"1453","Cholesteryl Sulfate","Methionine",0.0353856520390505,-0.391625615763547
"1454","Cholesteryl Sulfate","Ornithine",0.0285992413547905,0.449261083743842
"1455","Cholesteryl Sulfate","Spermidine",0.04922134209412,-0.318226600985222
"1456","Cholesteryl Sulfate","Suberic Acid",0.0182941924535564,0.542857142857143
"1457","Cholesteryl Sulfate","Trigonelline",0.0375890049501992,0.440886699507389
"1458","Cholesteryl Sulfate","UDP-GlcNAc",0.0157171244358699,-0.569950738916256
"1459","Choline","Citraconic Acid",0.00619645455271696,0.749753694581281
"1460","Choline","Creatine",0.00772523909081692,0.67192118226601
"1461","Choline","Cystathionine",0.0013333941539318,-0.695566502463054
"1462","Choline","Cysteinyl-Glycine (Cys-Gly)",0.0468999210152567,-0.461576354679803
"1463","Choline","D-Leucic Acid",0.00209076694499689,0.672413793103448
"1464","Choline","DCDP",0.00422288128623952,-0.642857142857143
"1465","Choline","Dimethylglycine",0.0453263708972515,-0.523645320197044
"1466","Choline","Ergocalciferol",0.00968284012265226,0.568472906403941
"1467","Choline","Erythrose-4-Phosphate",0.00864385942362919,-0.600492610837438
"1468","Choline","G1P/F1P/F6P",0.040187652437162,-0.517733990147783
"1469","Choline","gamma-Aminobutyrate",0.0295800577537578,-0.511330049261084
"1470","Choline","Glucosamine",0.000219613804458284,-0.734975369458128
"1471","Choline","Glucose",0.00442051251205667,-0.588177339901478
"1472","Choline","Glutaric Acid",1.39725437240685e-06,0.830049261083744
"1473","Choline","Glyceraldehyde",9.5097282305442e-05,-0.722660098522167
"1474","Choline","Glycerophosphocholine",0.00437476802224552,-0.776354679802955
"1475","Choline","Histamine",0.00732432591866672,0.625123152709359
"1476","Choline","Histidine",0.00573766169161255,-0.65320197044335
"1477","Choline","Homoarginine",0.0118710903880727,-0.540394088669951
"1478","Choline","Hydrocinnamic Acid",1.20331655511189e-06,0.858128078817734
"1479","Choline","Imidazoleacetic Acid",0.00574214547526328,-0.580295566502463
"1480","Choline","Leucine /D-Norleucine",0.0233478170862844,-0.552216748768473
"1481","Choline","Maleic Acid",1.09404748107952e-07,0.865024630541872
"1482","Choline","Methionine",0.00205318559885959,-0.683743842364532
"1483","Choline","N-Ac-Arginine",0.0146398796281878,-0.538423645320197
"1484","Choline","N-Ac-L-Glutamine",0.0159235544523273,-0.64679802955665
"1485","Choline","N-AcetylGlycine",0.00346600170074562,0.605418719211823
"1486","Choline","n-Glycylproline",0.00186667935333953,-0.649261083743842
"1487","Choline","N6-Acetyl-Lysine",0.0119326602491758,-0.678325123152709
"1488","Choline","Oxalacetate",0.000541117264225839,0.72807881773399
"1489","Choline","Palmitic Acid",0.035098497244585,0.535960591133005
"1490","Choline","PEP",1.16949058198695e-05,-0.767980295566502
"1491","Choline","Phenylacetic Acid",0.00536469706308678,0.632019704433497
"1492","Choline","Phenylalanine",0.0205652831620207,-0.601477832512315
"1493","Choline","Phosphorylcholine",0.0174136595638704,-0.461083743842364
"1494","Choline","Pyridoxamine",0.000348655422765506,0.727093596059113
"1495","Choline","Pyruvate",0.000643244138465512,-0.667487684729064
"1496","Choline","Retinol",0.00107629356631203,0.667980295566502
"1497","Choline","S-Adenosylmethionine (SAM)",1.49391419711432e-07,-0.85320197044335
"1498","Choline","SAH",0.000112233479409459,-0.790147783251231
"1499","Choline","Suberic Acid",2.46034096044861e-05,0.784729064039409
"1500","Choline","Succinylcarnitine",7.2304290131599e-05,-0.757635467980295
"1501","Choline","Sucrose",0.000700996256607256,0.697536945812808
"1502","Choline","Taurine",0.0466736422975537,0.480788177339901
"1503","Choline","Thiamine",0.00109588142378501,-0.719704433497537
"1504","Choline","Trigonelline",0.00462213159169203,0.710344827586207
"1505","Choline","Tryptophan",0.00597891841253009,-0.687684729064039
"1506","Choline","UDP-GlcNAc",0.00010463592781828,-0.783251231527093
"1507","Choline","Uracil",0.00360897820549566,-0.7
"1508","Choline","Urate",6.71678082827468e-06,0.8
"1509","Choline","Uridine",0.035552504252863,-0.504433497536946
"1510","Choline","Valine",0.0128040257660737,-0.563054187192118
"1511","Citraconic Acid","Cystathionine",0.00477165490716668,-0.69064039408867
"1512","Citraconic Acid","Cytidine",0.00536237617322505,-0.42512315270936
"1513","Citraconic Acid","FAD",0.00472523194288768,0.50935960591133
"1514","Citraconic Acid","gamma-Aminobutyrate",0.000959802962888553,-0.66551724137931
"1515","Citraconic Acid","Glucose",0.00464347514044915,-0.685714285714286
"1516","Citraconic Acid","Glutaric Acid",0.0176922129984492,0.743349753694581
"1517","Citraconic Acid","Glyceraldehyde",0.000305875153209711,-0.789655172413793
"1518","Citraconic Acid","Homoarginine",0.0104755776392802,-0.60935960591133
"1519","Citraconic Acid","Hydrocinnamic Acid",0.030205020388422,0.688669950738916
"1520","Citraconic Acid","Indole-2-Carboxylic Acid",0.000551104723120623,0.66256157635468
"1521","Citraconic Acid","Indole-3-Carboxylic Acid",0.000292163899065379,0.635960591133005
"1522","Citraconic Acid","Leucine /D-Norleucine",0.0190481316595133,-0.635960591133005
"1523","Citraconic Acid","Maleic Acid",6.79101614046023e-05,0.843349753694581
"1524","Citraconic Acid","Margaric Acid",0.00603299170224654,0.430049261083744
"1525","Citraconic Acid","Methionine",0.026112205822947,-0.681773399014778
"1526","Citraconic Acid","N-Ac-Arginine",0.0363331013720274,-0.542364532019704
"1527","Citraconic Acid","n-Glycylproline",0.00151703642502014,-0.728571428571428
"1528","Citraconic Acid","N6-Acetyl-Lysine",0.00151461465167802,-0.644334975369458
"1529","Citraconic Acid","N6-Trimethyllysine",0.028089750033858,-0.590147783251231
"1530","Citraconic Acid","Oxalacetate",0.000331562383457289,0.779802955665024
"1531","Citraconic Acid","Palmitic Acid",0.0116364660540665,0.558620689655172
"1532","Citraconic Acid","Pantothenate",0.0267131151589872,-0.4
"1533","Citraconic Acid","Phenylacetic Acid",0.00255376813505597,0.699014778325123
"1534","Citraconic Acid","Phenylalanine",0.0181142133767951,-0.620689655172414
"1535","Citraconic Acid","Phosphotyrosine",0.0217437531158407,-0.355172413793103
"1536","Citraconic Acid","Pyridoxamine",0.034458921671951,0.642857142857143
"1537","Citraconic Acid","Retinol",0.0368717183974905,0.645320197044335
"1538","Citraconic Acid","S-Adenosylmethionine (SAM)",0.0126962909372469,-0.758620689655172
"1539","Citraconic Acid","SAH",9.68133336900595e-07,-0.821182266009852
"1540","Citraconic Acid","Suberic Acid",0.0256217567204775,0.688177339901478
"1541","Citraconic Acid","Succinylcarnitine",0.000283900940265037,-0.744827586206896
"1542","Citraconic Acid","Threonine",0.0133845050562745,-0.555172413793103
"1543","Citraconic Acid","Tryptophan",0.0212555277466494,-0.704926108374384
"1544","Citraconic Acid","Tyrosine",0.040620380671283,0.324630541871921
"1545","Citraconic Acid","UDP-GlcNAc",0.000668441664312738,-0.74679802955665
"1546","Citraconic Acid","Uracil",0.0284143210300247,-0.581773399014778
"1547","Citraconic Acid","Urate",0.00450237317224794,0.788669950738916
"1548","Citrulline","Glutamine",0.0290976500113414,-0.469950738916256
"1549","Citrulline","Histidine",0.0248066702070493,-0.282758620689655
"1550","Citrulline","Inosine",0.0401132536501114,-0.339901477832512
"1551","Citrulline","Kynurenic Acid",0.0418742422905662,0.391133004926108
"1552","Citrulline","Neopterin",0.040620380671283,0.476847290640394
"1553","Citrulline","Uridine",0.0382809999812573,-0.249753694581281
"1554","Citrulline","Xanthurenic Acid",0.00523723711941912,0.521674876847291
"1555","Creatine","D-Leucic Acid",0.0171352204419567,0.595566502463054
"1556","Creatine","DCDP",0.00367077396562132,-0.67487684729064
"1557","Creatine","Deoxycarnitine",0.00963858978335911,-0.405911330049261
"1558","Creatine","Ergocalciferol",0.00986629747803735,0.637931034482758
"1559","Creatine","Glucosamine",0.0034510365328195,-0.636453201970443
"1560","Creatine","Glutaric Acid",0.000526607097807122,0.750738916256158
"1561","Creatine","Histamine",0.00484564310479581,0.732512315270936
"1562","Creatine","Histidine",0.0180795278195893,-0.432512315270936
"1563","Creatine","Hydrocinnamic Acid",0.0296470717390368,0.47192118226601
"1564","Creatine","Methionine",0.00584666880402518,-0.58423645320197
"1565","Creatine","N-Ac-Arginine",0.0449724843229846,-0.490147783251231
"1566","Creatine","N-Acetyl-Aspartate (NAA)",0.00111721962455676,0.678325123152709
"1567","Creatine","N-AcetylGlycine",9.46876392993981e-05,0.8
"1568","Creatine","n-Glycylproline",0.047674104084616,-0.498522167487685
"1569","Creatine","o-Phosphoethanolamine",0.0217498169551171,-0.483743842364532
"1570","Creatine","Ornithine",0.000346045745911015,0.713300492610837
"1571","Creatine","PEP",0.0111795829401919,-0.618226600985222
"1572","Creatine","Phosphoserine",0.00703674735015546,-0.536945812807882
"1573","Creatine","Pyruvate",0.0406087144294337,-0.531034482758621
"1574","Creatine","Retinol",0.00101626080188622,0.758128078817734
"1575","Creatine","S-Adenosylmethionine (SAM)",0.00019944472630348,-0.753694581280788
"1576","Creatine","Suberic Acid",2.00502450694548e-05,0.842364532019704
"1577","Creatine","Sucrose",0.0299174304788605,0.488177339901478
"1578","Creatine","Thiamine",0.00837324237106016,-0.600492610837438
"1579","Creatine","Trigonelline",0.0043447066785598,0.689162561576355
"1580","Creatine","Tryptophan",0.049182382032577,-0.601477832512315
"1581","Creatine","UDP-GlcNAc",0.0460723553806801,-0.582758620689655
"1582","Creatine","Uracil",0.0368717183974905,-0.607881773399015
"1583","Cystathionine","D-Leucic Acid",0.0335742103054416,-0.523152709359606
"1584","Cystathionine","Dimethylglycine",0.0294678158602724,0.513300492610837
"1585","Cystathionine","gamma-Aminobutyrate",0.00456868192300198,0.583743842364532
"1586","Cystathionine","Glutaric Acid",0.0133529125896942,-0.612807881773399
"1587","Cystathionine","Glyceraldehyde",0.0292330653616694,0.4935960591133
"1588","Cystathionine","Glycerophosphocholine",0.0133251460740437,0.585714285714286
"1589","Cystathionine","Histidine",0.0123917643197445,0.500492610837438
"1590","Cystathionine","Hydrocinnamic Acid",0.00176211286497813,-0.663054187192118
"1591","Cystathionine","Indole-2-Carboxylic Acid",0.016287468227817,-0.6
"1592","Cystathionine","Indole-3-Carboxylic Acid",0.0178441935953313,-0.641871921182266
"1593","Cystathionine","L-2-Aminobutyric Acid",0.023287167254793,0.472413793103448
"1594","Cystathionine","Leucine /D-Norleucine",0.00656396060417723,0.533990147783251
"1595","Cystathionine","Maleic Acid",0.00233153798076179,-0.677832512315271
"1596","Cystathionine","Methionine",6.62878117586399e-05,0.800985221674877
"1597","Cystathionine","N-Ac-L-Glutamine",0.0460723553806801,0.530541871921182
"1598","Cystathionine","n-Glycylproline",0.0164208486697913,0.468472906403941
"1599","Cystathionine","Oxalacetate",0.00795212072293162,-0.664532019704433
"1600","Cystathionine","Phenylacetic Acid",0.0271508999839363,-0.605911330049261
"1601","Cystathionine","Putrescine",0.0157208842812936,0.517241379310345
"1602","Cystathionine","Pyridoxamine",0.0118725665367206,-0.513300492610837
"1603","Cystathionine","Pyruvate",0.0251924291586829,0.444827586206896
"1604","Cystathionine","S-Adenosylmethionine (SAM)",0.00022691652000888,0.752216748768473
"1605","Cystathionine","SAH",0.000483359957257956,0.726108374384236
"1606","Cystathionine","Suberic Acid",0.0207689871128015,-0.565024630541872
"1607","Cystathionine","Succinylcarnitine",0.0174136595638704,0.60935960591133
"1608","Cystathionine","Thiamine",0.0415683795981746,0.426600985221675
"1609","Cystathionine","Trigonelline",0.0219990160119171,-0.627093596059113
"1610","Cystathionine","Tryptophan",0.00506616998892033,0.595073891625616
"1611","Cystathionine","UDP-GlcNAc",0.00391681535671428,0.60295566502463
"1612","Cystathionine","Uracil",0.014444181645589,0.636945812807882
"1613","Cystathionine","Urate",0.00574921045904875,-0.600492610837438
"1614","Cystathionine","Valine",0.00512022018363005,0.564039408866995
"1615","Cysteinyl-Glycine (Cys-Gly)","D-Leucic Acid",0.0174530433733429,-0.500985221674877
"1616","Cysteinyl-Glycine (Cys-Gly)","Glutaric Acid",0.0158819728342348,-0.603448275862069
"1617","Cysteinyl-Glycine (Cys-Gly)","Linolenic Acid",0.0401751670475738,0.500492610837438
"1618","Cysteinyl-Glycine (Cys-Gly)","Maleic Acid",0.00348019411487431,-0.642364532019704
"1619","Cysteinyl-Glycine (Cys-Gly)","Margaric Acid",0.0100558507165249,-0.605911330049261
"1620","Cysteinyl-Glycine (Cys-Gly)","Oxidized Glutathione",0.00685357969733091,0.714778325123153
"1621","Cysteinyl-Glycine (Cys-Gly)","Phosphorylcholine",0.0393161642634131,0.380788177339901
"1622","Cysteinyl-Glycine (Cys-Gly)","S-Adenosylmethionine (SAM)",0.0381112348406292,0.514285714285714
"1623","Cysteinyl-Glycine (Cys-Gly)","SAH",0.00973476604268884,0.588177339901478
"1624","Cysteinyl-Glycine (Cys-Gly)","Suberic Acid",0.0365215597506317,-0.541871921182266
"1625","Cysteinyl-Glycine (Cys-Gly)","Succinylcarnitine",0.04840758957155,0.508374384236453
"1626","Cysteinyl-Glycine (Cys-Gly)","Trigonelline",0.0433187039277203,-0.479802955665025
"1627","Cysteinyl-Glycine (Cys-Gly)","UDP-GlcNAc",0.00722523921303172,0.575369458128079
"1628","Cysteinyl-Glycine (Cys-Gly)","Uracil",0.00236177235751146,0.629064039408867
"1629","Cystine","Ethanolamine",0.00109305598838827,0.661576354679803
"1630","Cystine","GMP",0.00907792957746455,-0.510344827586207
"1631","Cystine","Hypoxanthine",0.00193334411250376,0.494088669950739
"1632","Cystine","IMP",0.00409957580867707,-0.535467980295566
"1633","Cystine","N-Ac-Alanine",0.0463790691465285,-0.411330049261084
"1634","Cystine","NAD",0.00246951470490741,-0.562068965517241
"1635","Cystine","Oxidized Glutathione",0.000680656178173166,-0.501970443349754
"1636","Cystine","Reduced Glutathione",0.0245640001825997,-0.483251231527093
"1637","Cytidine","Ethanolamine",0.0374782474747023,0.235960591133005
"1638","Cytidine","gamma-Aminobutyrate",0.00400899732005482,0.48128078817734
"1639","Cytidine","Glucose",0.0366492601144685,0.531527093596059
"1640","Cytidine","Glutamic acid",0.0475554510339023,0.3
"1641","Cytidine","Glyceraldehyde",0.0124128847436546,0.539408866995074
"1642","Cytidine","Glycerophosphocholine",0.0204581609178032,0.430541871921182
"1643","Cytidine","GMP",0.00209931812224284,-0.0640394088669951
"1644","Cytidine","Guanosine",0.037326200869414,0.335467980295566
"1645","Cytidine","IMP",0.00337482878758293,-0.233004926108374
"1646","Cytidine","Leucine /D-Norleucine",0.00179693879958277,0.350738916256158
"1647","Cytidine","n-Glycylproline",0.000151621038571491,0.703940886699507
"1648","Cytidine","NAD",0.0236094374120646,-0.107881773399015
"1649","Cytidine","Niacinamide",0.0015249731012428,-0.0305418719211823
"1650","Cytidine","Oxalacetate",0.0454081799239262,-0.386206896551724
"1651","Cytidine","Phenylalanine",0.000576541651109334,0.461083743842364
"1652","Cytidine","SAH",0.00900299798912056,0.435960591133005
"1653","Cytidine","Succinylcarnitine",0.0251801969962565,0.376847290640394
"1654","Cytidine","Sucrose",0.0166487307139044,-0.408866995073892
"1655","Cytidine","Tryptophan",0.000240909132744862,0.53743842364532
"1656","Cytidine","UDP-GlcNAc",0.00656396060417723,0.51871921182266
"1657","Cytidine","UDP-Glucose",0.00233153798076179,0.458620689655172
"1658","Cytidine","Uracil",0.0294053292657899,0.447290640394089
"1659","Cytidine","Uridine",0.00181539057206048,0.441379310344828
"1660","Cytidine","Xanthosine",0.00517021345081474,0.448275862068965
"1661","D-Leucic Acid","Dimethylglycine",0.0202004700688859,-0.591625615763547
"1662","D-Leucic Acid","Ergocalciferol",0.0186899537094405,0.557635467980296
"1663","D-Leucic Acid","Erythrose-4-Phosphate",0.0202283646354695,-0.538916256157635
"1664","D-Leucic Acid","Glucosamine",0.00572988478517285,-0.633497536945813
"1665","D-Leucic Acid","Glucose",0.0296269746579671,-0.48423645320197
"1666","D-Leucic Acid","Glutaric Acid",5.09295433615374e-06,0.844334975369458
"1667","D-Leucic Acid","Glyceraldehyde",0.00980121768587885,-0.596059113300493
"1668","D-Leucic Acid","Histamine",0.00367077396562132,0.607881773399015
"1669","D-Leucic Acid","Hydrocinnamic Acid",0.000907999001264612,0.684729064039409
"1670","D-Leucic Acid","Hypotaurine",0.0497493611007765,-0.505418719211823
"1671","D-Leucic Acid","Maleic Acid",0.000243766786041737,0.740886699507389
"1672","D-Leucic Acid","N-AcetylGlycine",0.000326680586402973,0.7
"1673","D-Leucic Acid","n-Glycylproline",0.0194286075748116,-0.55320197044335
"1674","D-Leucic Acid","NADH",0.0161565525442717,-0.637931034482758
"1675","D-Leucic Acid","o-Phosphoethanolamine",0.0223123318437358,-0.50935960591133
"1676","D-Leucic Acid","PEP",0.000788888722556737,-0.723645320197044
"1677","D-Leucic Acid","Phenylacetic Acid",0.000643244138465512,0.672906403940887
"1678","D-Leucic Acid","Phosphorylcholine",0.0331303265341485,-0.332512315270936
"1679","D-Leucic Acid","Phosphoserine",0.0294383226040545,-0.45615763546798
"1680","D-Leucic Acid","Pyridoxamine",0.0312609254559566,0.499507389162561
"1681","D-Leucic Acid","Pyruvate",1.31234778096794e-05,-0.805418719211823
"1682","D-Leucic Acid","Retinol",0.000456483798337165,0.702463054187192
"1683","D-Leucic Acid","S-Adenosylmethionine (SAM)",0.000450061958776997,-0.754679802955665
"1684","D-Leucic Acid","Suberic Acid",5.76681973394947e-05,0.797044334975369
"1685","D-Leucic Acid","Succinylcarnitine",0.0334400659608216,-0.558128078817734
"1686","D-Leucic Acid","Thiamine",0.00354802755660374,-0.670935960591133
"1687","D-Leucic Acid","Trigonelline",0.00418164894276489,0.664532019704433
"1688","D-Leucic Acid","UDP-GlcNAc",0.00233153798076179,-0.652709359605911
"1689","D-Leucic Acid","Uracil",0.00923612838117448,-0.632019704433497
"1690","D-Leucic Acid","Urate",0.0204368874970257,0.525615763546798
"1691","DCDP","Ergocalciferol",0.010001633011042,-0.609852216748768
"1692","DCDP","Glucosamine",0.0121111587456316,0.542364532019704
"1693","DCDP","Glucose",0.0186474879443533,0.544827586206896
"1694","DCDP","Glutaric Acid",0.0144437930561419,-0.541379310344827
"1695","DCDP","Glyceraldehyde",0.00475775676602378,0.601970443349754
"1696","DCDP","Histamine",0.00143241388590159,-0.664532019704433
"1697","DCDP","Homoarginine",0.0167246493712163,0.548275862068965
"1698","DCDP","Hydrocinnamic Acid",0.044539910016959,-0.506403940886699
"1699","DCDP","Hypoxanthine",0.025122209855289,0.517733990147783
"1700","DCDP","Imidazoleacetic Acid",0.0126962909372469,0.613793103448276
"1701","DCDP","N-Ac-Arginine",0.00855264065698008,0.604926108374384
"1702","DCDP","N-AcetylGlycine",0.00355671097588952,-0.62807881773399
"1703","DCDP","N6-Acetyl-Lysine",0.0247332841754098,0.715763546798029
"1704","DCDP","Oxalacetate",0.00428338352633224,-0.738423645320197
"1705","DCDP","PEP",0.00643340260660762,0.635960591133005
"1706","DCDP","Pyridoxamine",0.0415446342405233,-0.55615763546798
"1707","DCDP","Retinol",0.00166746987418265,-0.686206896551724
"1708","DCDP","S-Adenosylmethionine (SAM)",0.00281192443648714,0.71871921182266
"1709","DCDP","SAH",0.0300717404791857,0.651231527093596
"1710","DCDP","Suberic Acid",0.00720521418989311,-0.616256157635468
"1711","DCDP","Succinylcarnitine",0.0184011118982095,0.627586206896552
"1712","DCDP","Urate",0.0155564697883158,-0.591133004926108
"1713","Deoxycarnitine","Hydrocinnamic Acid",0.0463425986030849,-0.32807881773399
"1714","Deoxycarnitine","Imidazoleacetic Acid",0.0110989423874512,0.592610837438424
"1715","Deoxycarnitine","Lysine",0.00643772670911663,0.486699507389162
"1716","Deoxycarnitine","Ornithine",0.0102656102264519,-0.361576354679803
"1717","Deoxycarnitine","Pyridoxamine",0.00233153798076179,-0.593103448275862
"1718","Deoxycarnitine","Sedoheptulose 7-Phosphate",0.0252495773131856,0.564039408866995
"1719","Deoxycarnitine","Serine",0.0420084972161793,-0.355172413793103
"1720","Deoxycarnitine","Urate",0.0106696190787561,-0.467980295566502
"1721","Deoxyguanosine","Dimethylarginine (A/SDMA)",0.0121325237321113,0.580788177339901
"1722","Deoxyguanosine","Erythrose-4-Phosphate",0.0249539103434977,-0.533497536945813
"1723","Deoxyguanosine","G1P/F1P/F6P",0.0296496335379086,-0.48423645320197
"1724","Deoxyguanosine","G6P",0.0454595548527822,-0.486206896551724
"1725","Deoxyguanosine","Glycerophosphocholine",0.00244040531613531,-0.428571428571428
"1726","Deoxyguanosine","GMP",0.0323118120936936,0.236453201970443
"1727","Deoxyguanosine","Guanine",5.33964765165822e-18,0.954187192118226
"1728","Deoxyguanosine","Histidine",0.0122464402275055,-0.369458128078818
"1729","Deoxyguanosine","Hypotaurine",0.0323978911861678,0.400985221674877
"1730","Deoxyguanosine","IMP",0.00197499037539821,0.379310344827586
"1731","Deoxyguanosine","Kynurenic Acid",0.00215191249265361,0.511822660098522
"1732","Deoxyguanosine","L-Kynurenine",0.0311751129016275,-0.252709359605911
"1733","Deoxyguanosine","Leucine /D-Norleucine",0.0195193701249612,-0.311822660098522
"1734","Deoxyguanosine","N-Ac-Phenylalanine",0.000215686106556055,0.56551724137931
"1735","Deoxyguanosine","N2,N2-Dimethylguanosine",8.258408130263e-05,0.631527093596059
"1736","Deoxyguanosine","NAD",0.0176065782864211,0.16256157635468
"1737","Deoxyguanosine","Neopterin",0.00084572316328415,0.663054187192118
"1738","Deoxyguanosine","Phenylalanine",0.0293929456642727,-0.348275862068965
"1739","Deoxyguanosine","Putrescine",0.0226731835643243,-0.274384236453202
"1740","Deoxyguanosine","Pyridoxamine",0.0248066702070493,0.459113300492611
"1741","Deoxyguanosine","Taurine",0.0290054813457268,0.250246305418719
"1742","Deoxyguanosine","Urate",0.0182271366266441,0.49064039408867
"1743","Deoxyguanosine","Uridine",0.00394124614356782,-0.267487684729064
"1744","Deoxyguanosine","Valine",0.0193327233966699,-0.361576354679803
"1745","Deoxyguanosine","Xanthurenic Acid",0.0043447066785598,0.43448275862069
"1746","DHAP/D-GA3P","Dimethylglycine",0.0436634056585541,-0.503940886699507
"1747","DHAP/D-GA3P","Glucoronate",0.016030119557601,-0.47192118226601
"1748","DHAP/D-GA3P","Imidazoleacetic Acid",0.0451266928442203,0.438423645320197
"1749","DHAP/D-GA3P","Linolenic Acid",0.0381359393861835,-0.461083743842364
"1750","DHAP/D-GA3P","Proline",0.015229183060419,-0.56551724137931
"1751","DHAP/D-GA3P","Ribose-5-P",0.028404376336447,0.303940886699507
"1752","DHAP/D-GA3P","Ribulose 5-Phosphate",8.72317651931413e-06,0.774384236453202
"1753","DHAP/D-GA3P","UDP-GlcNAc",0.0279383776909782,-0.491625615763547
"1754","DHAP/D-GA3P","Uracil",0.0211629208134744,-0.473399014778325
"1755","Dimethylarginine (A/SDMA)","Guanine",0.0207232478737879,0.521182266009852
"1756","Dimethylarginine (A/SDMA)","Lysine",0.0354584803225408,0.5
"1757","Dimethylarginine (A/SDMA)","N-Ac-Arginine",0.0141036740227439,0.534975369458128
"1758","Dimethylarginine (A/SDMA)","N-Ac-Phenylalanine",0.00748983987551048,0.559113300492611
"1759","Dimethylarginine (A/SDMA)","N2,N2-Dimethylguanosine",0.0209111506787852,0.488177339901478
"1760","Dimethylglycine","Glutaric Acid",0.00692505705873053,-0.593103448275862
"1761","Dimethylglycine","Histidine",0.024070289210356,0.545812807881773
"1762","Dimethylglycine","L-2-Aminobutyric Acid",0.013493600056934,0.533497536945813
"1763","Dimethylglycine","Maleic Acid",0.00354802755660374,-0.651231527093596
"1764","Dimethylglycine","Methionine",0.00742406104429922,0.542857142857143
"1765","Dimethylglycine","N-Ac-L-Glutamine",0.0107882113690019,0.622660098522167
"1766","Dimethylglycine","n-Glycylproline",0.0418590368628944,0.458620689655172
"1767","Dimethylglycine","Putrescine",0.0387604164217936,0.485714285714286
"1768","Dimethylglycine","Pyruvate",0.00230570035323044,0.658128078817734
"1769","Dimethylglycine","S-Adenosylmethionine (SAM)",0.0226813003229674,0.492118226600985
"1770","Dimethylglycine","Suberic Acid",0.00675072007535868,-0.610837438423645
"1771","Dimethylglycine","Trigonelline",0.000680803539370339,-0.652216748768473
"1772","Dimethylglycine","Tryptophan",0.039898646041654,0.44679802955665
"1773","Dimethylglycine","UDP-GlcNAc",0.00886095229053657,0.589655172413793
"1774","Dimethylglycine","Uracil",0.00797161223873472,0.563546798029557
"1775","Dimethylglycine","Valine",0.0139721596093793,0.526600985221675
"1776","Ergocalciferol","Glucosamine",0.0214270514197253,-0.525123152709359
"1777","Ergocalciferol","Glucose",0.0369402306911357,-0.490147783251231
"1778","Ergocalciferol","Glutaric Acid",0.000253729835780017,0.727586206896552
"1779","Ergocalciferol","Glyceraldehyde",0.00156063194965996,-0.678817733990148
"1780","Ergocalciferol","Glycerophosphocholine",0.0124765453779429,-0.629064039408867
"1781","Ergocalciferol","Histamine",0.0198549934295786,0.592610837438424
"1782","Ergocalciferol","Homoarginine",0.0487912295088254,-0.463054187192118
"1783","Ergocalciferol","Hydrocinnamic Acid",0.00914265008279025,0.579310344827586
"1784","Ergocalciferol","Linolenic Acid",0.0368717183974905,-0.482758620689655
"1785","Ergocalciferol","Maleic Acid",0.0196672010675536,0.531034482758621
"1786","Ergocalciferol","Methionine",0.0361342714541206,-0.53743842364532
"1787","Ergocalciferol","N-Ac-L-Glutamine",0.0309803216865447,-0.485221674876847
"1788","Ergocalciferol","N-Acetyl-Aspartate (NAA)",0.0202004700688859,0.493103448275862
"1789","Ergocalciferol","N-AcetylGlycine",0.00740519553073047,0.647783251231527
"1790","Ergocalciferol","n-Glycylproline",0.0294678158602724,-0.522660098522167
"1791","Ergocalciferol","PEP",0.0115656022496806,-0.640886699507389
"1792","Ergocalciferol","Phosphoserine",0.025950113152467,-0.517241379310345
"1793","Ergocalciferol","Putrescine",0.0123917643197445,-0.436453201970443
"1794","Ergocalciferol","Pyruvate",0.0136427992170048,-0.533990147783251
"1795","Ergocalciferol","Retinol",6.01788579932448e-07,0.87487684729064
"1796","Ergocalciferol","S-Adenosylmethionine (SAM)",0.00112999605043724,-0.740394088669951
"1797","Ergocalciferol","SAH",0.0337034042648731,-0.619211822660098
"1798","Ergocalciferol","Sorbitol",0.0323315814284705,0.614285714285714
"1799","Ergocalciferol","Spermidine",0.0360325359465965,-0.448275862068965
"1800","Ergocalciferol","Suberic Acid",0.000224560914915788,0.742364532019704
"1801","Ergocalciferol","Succinylcarnitine",0.00916572748684975,-0.642364532019704
"1802","Ergocalciferol","Thiamine",0.00355588796919748,-0.610837438423645
"1803","Ergocalciferol","Trigonelline",0.0127477416253537,0.604926108374384
"1804","Ergocalciferol","Tryptophan",0.0484092421958513,-0.436945812807882
"1805","Ergocalciferol","UMP",0.017332738827487,-0.455665024630542
"1806","Ergocalciferol","Urate",0.04580890073898,0.459113300492611
"1807","Erythrose-4-Phosphate","G1P/F1P/F6P",5.87955944885604e-18,0.982266009852216
"1808","Erythrose-4-Phosphate","G6P",1.50913430072036e-18,0.978325123152709
"1809","Erythrose-4-Phosphate","Glucosamine",0.00434973522133092,0.667980295566502
"1810","Erythrose-4-Phosphate","Glutaric Acid",0.00748983987551048,-0.631034482758621
"1811","Erythrose-4-Phosphate","Glyceraldehyde",0.0415683795981746,0.466009852216749
"1812","Erythrose-4-Phosphate","Glycerophosphocholine",0.0128081960453319,0.630049261083744
"1813","Erythrose-4-Phosphate","Guanine",0.00913630180793469,-0.615763546798029
"1814","Erythrose-4-Phosphate","Histidine",0.0355052008362919,0.486699507389162
"1815","Erythrose-4-Phosphate","Hydrocinnamic Acid",0.0108941194177613,-0.616748768472906
"1816","Erythrose-4-Phosphate","Maleic Acid",0.00963858978335911,-0.577832512315271
"1817","Erythrose-4-Phosphate","N-Ac-Phenylalanine",0.0260965292441627,-0.461083743842364
"1818","Erythrose-4-Phosphate","n-Glycylproline",0.0142505559238728,0.576354679802956
"1819","Erythrose-4-Phosphate","Nicotinic Acid",0.00769444611185384,-0.541871921182266
"1820","Erythrose-4-Phosphate","PEP",0.000111673473120057,0.768965517241379
"1821","Erythrose-4-Phosphate","Pyridoxamine",0.00758209732702975,-0.568472906403941
"1822","Erythrose-4-Phosphate","Pyruvate",0.0120877109906207,0.622660098522167
"1823","Erythrose-4-Phosphate","S-Adenosylmethionine (SAM)",0.0384217423358351,0.476354679802956
"1824","Erythrose-4-Phosphate","Sedoheptulose 7-Phosphate",0.0157891867693826,0.550738916256158
"1825","Erythrose-4-Phosphate","Suberic Acid",0.044539910016959,-0.462068965517241
"1826","Erythrose-4-Phosphate","Taurine",0.0464849755823524,-0.549261083743842
"1827","Erythrose-4-Phosphate","Thiamine",0.0490695667715365,0.531527093596059
"1828","Erythrose-4-Phosphate","UDP-GlcNAc",0.0174136595638704,0.576847290640394
"1829","Erythrose-4-Phosphate","Urate",0.00239138377396366,-0.677339901477832
"1830","Erythrose-4-Phosphate","Uridine",0.023485892745195,0.598522167487685
"1831","Erythrose-4-Phosphate","Xanthine",0.0368717183974905,-0.46256157635468
"1832","Ethanolamine","gamma-Aminobutyrate",0.017195357550867,0.504433497536946
"1833","Ethanolamine","Glutamic acid",0.0107291275243023,0.515763546798029
"1834","Ethanolamine","GMP",0.00284275308934298,-0.623152709359606
"1835","Ethanolamine","IMP",0.00640375390345464,-0.670935960591133
"1836","Ethanolamine","Leucine /D-Norleucine",0.0174136595638704,0.500985221674877
"1837","Ethanolamine","NAD",0.0209111506787852,-0.574384236453202
"1838","Ethanolamine","Niacinamide",0.0356613138293158,0.190147783251231
"1839","Ethanolamine","Nicotinic Acid",0.0100148044913317,0.56256157635468
"1840","Ethanolamine","Oxidized Glutathione",0.0138983623949571,-0.631034482758621
"1841","Ethanolamine","Reduced Glutathione",0.0295214517355263,-0.476847290640394
"1842","Ethanolamine","UDP-Glucose",0.0372289374433194,0.252709359605911
"1843","FAD","Indole-2-Carboxylic Acid",0.00948706759184448,0.413300492610837
"1844","FAD","Indole-3-Carboxylic Acid",0.00098820394544172,0.507389162561576
"1845","FAD","N6-Acetyl-Lysine",0.000276510948512753,-0.678325123152709
"1846","FAD","N6-Trimethyllysine",0.00755243120636574,-0.530049261083744
"1847","FAD","Oxalacetate",9.14760064737093e-05,0.724137931034483
"1848","FAD","Palmitic Acid",0.0055807552482247,0.491625615763547
"1849","FAD","Phenylacetic Acid",0.0209111506787852,0.521182266009852
"1850","FAD","Pyroglutamic Acid",0.0487547221827163,-0.30935960591133
"1851","FAD","S-Methylcysteine",0.00337259425171489,0.456650246305419
"1852","FAD","SAH",0.00216050292140623,-0.568965517241379
"1853","FAD","Succinylcarnitine",0.03567520777083,-0.478325123152709
"1854","FAD","Tyrosine",0.00224878154737053,0.552709359605911
"1855","Fructose","Histidine",0.0368717183974905,-0.175369458128079
"1856","Fructose","Hypoxanthine",0.0363367583506879,-0.315763546798029
"1857","Fructose","NAD",0.0368717183974905,0.246305418719212
"1858","Fructose","Oxidized Glutathione",0.0220447719322598,0.346305418719212
"1859","Fructose","Valine",0.0373458328662795,-0.232019704433498
"1860","G1P/F1P/F6P","G6P",4.71497777475509e-18,0.987684729064039
"1861","G1P/F1P/F6P","Glucosamine",0.0130761106775238,0.597044334975369
"1862","G1P/F1P/F6P","Glutaric Acid",0.0337046848276681,-0.560098522167488
"1863","G1P/F1P/F6P","Glycerophosphocholine",0.0187345215818756,0.594581280788177
"1864","G1P/F1P/F6P","Guanine",0.0149047001189062,-0.562068965517241
"1865","G1P/F1P/F6P","Histidine",0.0372350978937831,0.472413793103448
"1866","G1P/F1P/F6P","Hydrocinnamic Acid",0.0355925416771433,-0.564532019704433
"1867","G1P/F1P/F6P","Maleic Acid",0.0458966787079396,-0.507389162561576
"1868","G1P/F1P/F6P","N-Ac-Phenylalanine",0.0188024805437418,-0.497536945812808
"1869","G1P/F1P/F6P","n-Glycylproline",0.0323557441163637,0.527093596059113
"1870","G1P/F1P/F6P","Nicotinic Acid",0.00320893590426382,-0.563054187192118
"1871","G1P/F1P/F6P","PEP",0.000641243046032889,0.707389162561576
"1872","G1P/F1P/F6P","Pyridoxamine",0.0265941368271677,-0.524630541871921
"1873","G1P/F1P/F6P","Pyruvate",0.0284143210300247,0.58423645320197
"1874","G1P/F1P/F6P","Sedoheptulose 7-Phosphate",0.00921255467581846,0.600985221674877
"1875","G1P/F1P/F6P","Taurine",0.027257392596006,-0.546305418719212
"1876","G1P/F1P/F6P","Urate",0.0108251085431298,-0.620689655172414
"1877","G1P/F1P/F6P","Uridine",0.0241034832096998,0.56256157635468
"1878","G1P/F1P/F6P","Xanthurenic Acid",0.0253624063774057,-0.442364532019704
"1879","G6P","Glucosamine",0.0246064684890275,0.572413793103448
"1880","G6P","Glutaric Acid",0.0486169995918504,-0.513300492610837
"1881","G6P","Glycerophosphocholine",0.0418568315856477,0.561083743842364
"1882","G6P","Guanine",0.0236014482709294,-0.559113300492611
"1883","G6P","Maleic Acid",0.0454831019711892,-0.49064039408867
"1884","G6P","N-Ac-Phenylalanine",0.0323978911861678,-0.468472906403941
"1885","G6P","n-Glycylproline",0.0463790691465285,0.507881773399015
"1886","G6P","Nicotinic Acid",0.00122133872719882,-0.617241379310345
"1887","G6P","PEP",0.00144853277236429,0.681773399014778
"1888","G6P","Pyridoxamine",0.0326361503604186,-0.495073891625616
"1889","G6P","Pyruvate",0.0361885120381393,0.54384236453202
"1890","G6P","Sedoheptulose 7-Phosphate",0.0161458476882642,0.557635467980296
"1891","G6P","Urate",0.0198549934295786,-0.600492610837438
"1892","G6P","Xanthine",0.0245552356436041,-0.518226600985222
"1893","gamma-Aminobutyrate","Glucose",0.0164034249674456,0.557635467980296
"1894","gamma-Aminobutyrate","Glutamic acid",0.000955319492846811,0.692610837438424
"1895","gamma-Aminobutyrate","Glyceraldehyde",0.0020961160867994,0.639408866995074
"1896","gamma-Aminobutyrate","Guanine",0.0358427250729778,-0.483251231527093
"1897","gamma-Aminobutyrate","Hydrocinnamic Acid",0.0348719274772208,-0.555172413793103
"1898","gamma-Aminobutyrate","Indole-2-Carboxylic Acid",0.0323978911861678,-0.447290640394089
"1899","gamma-Aminobutyrate","Indole-3-Carboxylic Acid",0.034458921671951,-0.466009852216749
"1900","gamma-Aminobutyrate","Leucine /D-Norleucine",0.0203991976611931,0.420689655172414
"1901","gamma-Aminobutyrate","Methionine",0.0186899537094405,0.541871921182266
"1902","gamma-Aminobutyrate","n-Glycylproline",0.0314771054593865,0.501970443349754
"1903","gamma-Aminobutyrate","Oxalacetate",0.0172802516570195,-0.610837438423645
"1904","gamma-Aminobutyrate","Pyridoxamine",0.00360687697063154,-0.666995073891625
"1905","gamma-Aminobutyrate","S-Adenosylmethionine (SAM)",0.0448219047530966,0.511822660098522
"1906","gamma-Aminobutyrate","SAH",0.00180961495001411,0.632019704433497
"1907","gamma-Aminobutyrate","Succinylcarnitine",0.0195746675908713,0.522167487684729
"1908","gamma-Aminobutyrate","Tryptophan",0.0296496335379086,0.415763546798029
"1909","gamma-Aminobutyrate","UDP-GlcNAc",0.00349353531210692,0.6
"1910","gamma-Aminobutyrate","UDP-Glucose",0.0424318677806602,0.315270935960591
"1911","gamma-Aminobutyrate","Urate",0.00389397615094234,-0.664039408866995
"1912","Glucoronate","Hypotaurine",0.00723279809160099,0.430049261083744
"1913","Glucoronate","Linolenic Acid",0.00730737578315119,0.48128078817734
"1914","Glucoronate","Myristic Acid",0.00355588796919748,0.40935960591133
"1915","Glucoronate","N-Ac-Alanine",0.00879015381889975,0.299507389162562
"1916","Glucoronate","N2,N2-Dimethylguanosine",0.0202283646354695,0.441871921182266
"1917","Glucoronate","NADH",0.0396866473418355,0.474384236453202
"1918","Glucoronate","Neopterin",0.0365215597506317,0.335960591133005
"1919","Glucoronate","Pantothenate",0.0369806887182304,0.487192118226601
"1920","Glucoronate","Phosphotyrosine",0.00316109591600458,0.626108374384236
"1921","Glucoronate","Proline",0.00778599789632319,0.46551724137931
"1922","Glucoronate","Ribulose 5-Phosphate",0.0395041911124272,-0.447290640394089
"1923","Glucoronate","S-Methylcysteine",0.0465675274139788,0.4
"1924","Glucoronate","Serine",0.0271226244123646,0.418226600985222
"1925","Glucoronate","Uracil",0.00332090706244095,0.541379310344827
"1926","Glucoronate","Xanthurenic Acid",0.0256625774945728,0.472906403940887
"1927","Glucosamine","Glucose",3.45441524569123e-05,0.801970443349754
"1928","Glucosamine","Glutaric Acid",0.000102648951166642,-0.75320197044335
"1929","Glucosamine","Glyceraldehyde",4.06807025097162e-06,0.80935960591133
"1930","Glucosamine","Glycerophosphocholine",0.00377905357275591,0.701970443349754
"1931","Glucosamine","Guanine",0.0296496335379086,-0.493103448275862
"1932","Glucosamine","Histamine",0.0010825973062231,-0.697536945812808
"1933","Glucosamine","Histidine",0.0488173249306154,0.363546798029557
"1934","Glucosamine","Homoarginine",0.0494649001212885,0.429064039408867
"1935","Glucosamine","Hydrocinnamic Acid",0.00836496415788749,-0.608866995073892
"1936","Glucosamine","Kynurenic Acid",0.0229478342204294,-0.499014778325123
"1937","Glucosamine","L-Kynurenine",0.0381359393861835,0.384729064039409
"1938","Glucosamine","Leucine /D-Norleucine",0.00914845171352013,0.520689655172414
"1939","Glucosamine","Maleic Acid",0.00478171823930112,-0.639901477832512
"1940","Glucosamine","Methionine",0.00584666880402518,0.523645320197044
"1941","Glucosamine","N-Acetyl-Aspartate (NAA)",0.0193855849676584,-0.438423645320197
"1942","Glucosamine","N-AcetylGlycine",0.00158328346718651,-0.643349753694581
"1943","Glucosamine","n-Glycylproline",0.000107023258617429,0.738916256157635
"1944","Glucosamine","PEP",0.00141805748385338,0.752216748768473
"1945","Glucosamine","Phenylalanine",0.00208952266163326,0.674384236453202
"1946","Glucosamine","Phosphorylcholine",0.0497493611007765,0.418226600985222
"1947","Glucosamine","Pyridoxamine",0.00680330097581599,-0.591625615763547
"1948","Glucosamine","Pyruvate",0.00224402182050626,0.66551724137931
"1949","Glucosamine","Retinol",0.00572618055835199,-0.60295566502463
"1950","Glucosamine","S-Adenosylmethionine (SAM)",0.000263053034916364,0.723152709359606
"1951","Glucosamine","SAH",0.0294678158602724,0.58423645320197
"1952","Glucosamine","Suberic Acid",0.000148825657040911,-0.691625615763547
"1953","Glucosamine","Succinylcarnitine",0.0179800081352411,0.530049261083744
"1954","Glucosamine","Sucrose",0.0159697584494819,-0.478817733990148
"1955","Glucosamine","Taurine",0.00720521418989311,-0.608866995073892
"1956","Glucosamine","Thiamine",0.0056666966212021,0.611330049261084
"1957","Glucosamine","Trigonelline",0.0342958937781133,-0.556650246305419
"1958","Glucosamine","Tryptophan",0.00490015742944124,0.605911330049261
"1959","Glucosamine","UDP-GlcNAc",0.00216741023733172,0.628571428571428
"1960","Glucosamine","Urate",0.0027852454256854,-0.61871921182266
"1961","Glucosamine","Uridine",0.00584666880402518,0.548275862068965
"1962","Glucosamine","Valine",0.0396342569127554,0.425615763546798
"1963","Glucose","Glutaric Acid",0.00273139265995092,-0.620689655172414
"1964","Glucose","Glyceraldehyde",2.44346302617151e-11,0.908374384236453
"1965","Glucose","Glycerophosphocholine",0.00360698163599982,0.64384236453202
"1966","Glucose","Histamine",0.00705822538322156,-0.610837438423645
"1967","Glucose","Homoarginine",0.0026153511456482,0.633990147783251
"1968","Glucose","Hydrocinnamic Acid",0.00795931712701,-0.541871921182266
"1969","Glucose","Lactose/Trehalose",0.0315681507536252,0.576354679802956
"1970","Glucose","Leucine /D-Norleucine",0.0226477155852935,0.539408866995074
"1971","Glucose","Maleic Acid",0.00516787964848106,-0.584729064039409
"1972","Glucose","Margaric Acid",0.0472670524078468,-0.483743842364532
"1973","Glucose","N-AcetylGlycine",0.0460723553806801,-0.436453201970443
"1974","Glucose","n-Glycylproline",0.000516175305611068,0.722660098522167
"1975","Glucose","N6-Acetyl-Lysine",0.00674324162568241,0.560591133004926
"1976","Glucose","N6-Trimethyllysine",0.022432339716535,0.559605911330049
"1977","Glucose","Oxalacetate",0.00389487391322636,-0.655665024630542
"1978","Glucose","Palmitic Acid",0.0289937013853829,-0.513300492610837
"1979","Glucose","PEP",0.0271508999839363,0.585714285714286
"1980","Glucose","Phenylacetic Acid",0.0188024805437418,-0.500985221674877
"1981","Glucose","Phenylalanine",0.010001633011042,0.659605911330049
"1982","Glucose","Phosphorylcholine",0.0438201872384881,0.464532019704433
"1983","Glucose","Pyridoxamine",0.00121616684560815,-0.60295566502463
"1984","Glucose","Pyruvate",0.0187138625686365,0.512807881773399
"1985","Glucose","Retinol",0.0379892619913928,-0.479310344827586
"1986","Glucose","S-Adenosylmethionine (SAM)",0.00382699729888371,0.647290640394089
"1987","Glucose","SAH",0.000491273195959007,0.700985221674877
"1988","Glucose","Sarcosine",0.0402344741004702,-0.540394088669951
"1989","Glucose","Suberic Acid",0.00473117470561191,-0.557142857142857
"1990","Glucose","Succinylcarnitine",0.0030083643992228,0.620689655172414
"1991","Glucose","Sucrose",0.0481936900155955,-0.44384236453202
"1992","Glucose","Thiamine",0.0266248707960956,0.514285714285714
"1993","Glucose","Tryptophan",0.0290976500113414,0.565024630541872
"1994","Glucose","UDP-GlcNAc",0.0187838566774903,0.507881773399015
"1995","Glucose","UMP",0.00537360931531639,0.591133004926108
"1996","Glucose","Urate",0.00197400681177085,-0.59064039408867
"1997","Glucose","Uridine",0.0356081062519039,0.503940886699507
"1998","Glutamic acid","Glycine",0.00552659707632465,0.452709359605911
"1999","Glutamic acid","IMP",0.0490181066403086,-0.37487684729064
"2000","Glutamic acid","Indole-3-Carboxylic Acid",0.044524203687407,-0.322660098522167
"2001","Glutamic acid","Nicotinic Acid",0.00360966558617682,0.594581280788177
"2002","Glutamic acid","Reduced Glutathione",0.0066129071252142,-0.616748768472906
"2003","Glutamic acid","Tyrosine",0.0393363270012867,-0.348275862068965
"2004","Glutamic acid","UDP-Glucose",0.0110092086893398,0.333497536945813
"2005","Glutamine","N2,N2-Dimethylguanosine",0.0344446805782116,-0.475369458128079
"2006","Glutamine","Neopterin",0.0326361503604186,-0.611330049261084
"2007","Glutaric Acid","Glyceraldehyde",2.81379108467771e-05,-0.782758620689655
"2008","Glutaric Acid","Glycerophosphocholine",0.00586897620766765,-0.767980295566502
"2009","Glutaric Acid","Histamine",0.00126397987184966,0.691133004926108
"2010","Glutaric Acid","Histidine",0.0204335655807713,-0.53448275862069
"2011","Glutaric Acid","Hydrocinnamic Acid",0.000261301472496035,0.744334975369458
"2012","Glutaric Acid","L-2-Aminobutyric Acid",0.04840758957155,-0.429556650246305
"2013","Glutaric Acid","Linolenic Acid",0.0110516834753606,-0.572906403940887
"2014","Glutaric Acid","Maleic Acid",2.31165714239059e-08,0.896059113300492
"2015","Glutaric Acid","Methionine",0.00299074500130615,-0.700492610837438
"2016","Glutaric Acid","N-Ac-Arginine",0.0317634672818422,-0.504433497536946
"2017","Glutaric Acid","N-Ac-L-Glutamine",0.00791397531177561,-0.649261083743842
"2018","Glutaric Acid","N-Acetyl-Aspartate (NAA)",0.0100110460717848,0.525123152709359
"2019","Glutaric Acid","N-AcetylGlycine",5.59650934362001e-06,0.725123152709359
"2020","Glutaric Acid","n-Glycylproline",0.000384410173220617,-0.742857142857143
"2021","Glutaric Acid","NADH",0.0090060438560919,-0.620689655172414
"2022","Glutaric Acid","Oxalacetate",0.014444181645589,0.629064039408867
"2023","Glutaric Acid","PEP",2.54168781914567e-05,-0.815270935960591
"2024","Glutaric Acid","Phenylacetic Acid",0.00274785505555747,0.67192118226601
"2025","Glutaric Acid","Phenylalanine",0.0472063685277829,-0.47192118226601
"2026","Glutaric Acid","Phosphorylcholine",0.0219056084480638,-0.486206896551724
"2027","Glutaric Acid","Pyridoxamine",0.00699671431592776,0.615763546798029
"2028","Glutaric Acid","Pyruvate",4.06807025097162e-06,-0.798522167487685
"2029","Glutaric Acid","Retinol",1.03620900132442e-05,0.824630541871921
"2030","Glutaric Acid","S-Adenosylmethionine (SAM)",9.34523686348975e-08,-0.886699507389162
"2031","Glutaric Acid","SAH",0.00195839407262727,-0.764532019704433
"2032","Glutaric Acid","Spermidine",0.0337446197486634,-0.471428571428571
"2033","Glutaric Acid","Suberic Acid",6.73739084868831e-15,0.930541871921182
"2034","Glutaric Acid","Succinylcarnitine",0.000113264073518667,-0.766502463054187
"2035","Glutaric Acid","Sucrose",0.00727470398832791,0.54384236453202
"2036","Glutaric Acid","Thiamine",8.7826371900832e-05,-0.733004926108374
"2037","Glutaric Acid","Trigonelline",2.55375327734949e-05,0.799507389162561
"2038","Glutaric Acid","Tryptophan",0.00166746987418265,-0.697044334975369
"2039","Glutaric Acid","UDP-GlcNAc",0.000102288159077034,-0.767487684729064
"2040","Glutaric Acid","Uracil",0.000118195246622808,-0.760591133004926
"2041","Glutaric Acid","Urate",0.00126762113795587,0.667487684729064
"2042","Glutaric Acid","Uridine",0.0370228513753887,-0.519211822660098
"2043","Glutaric Acid","Valine",0.0312148839759592,-0.467980295566502
"2044","Glyceraldehyde","Glycerophosphocholine",0.000955319492846811,0.71231527093596
"2045","Glyceraldehyde","Histamine",0.00598059593775768,-0.599507389162562
"2046","Glyceraldehyde","Homoarginine",0.000807296292609709,0.676354679802955
"2047","Glyceraldehyde","Hydrocinnamic Acid",0.00096392976263806,-0.648768472906404
"2048","Glyceraldehyde","Lactose/Trehalose",0.0384858073965849,0.552216748768473
"2049","Glyceraldehyde","Leucine /D-Norleucine",0.00896018949008678,0.487684729064039
"2050","Glyceraldehyde","Maleic Acid",0.000117079074479507,-0.757635467980295
"2051","Glyceraldehyde","Margaric Acid",0.0395041911124272,-0.492118226600985
"2052","Glyceraldehyde","Methionine",0.0144400925382728,0.507389162561576
"2053","Glyceraldehyde","N-Ac-Arginine",0.0316065827676988,0.487684729064039
"2054","Glyceraldehyde","N-AcetylGlycine",0.00798033619842294,-0.563546798029557
"2055","Glyceraldehyde","n-Glycylproline",7.52529554865105e-05,0.760098522167488
"2056","Glyceraldehyde","N6-Acetyl-Lysine",0.00472222479444912,0.616256157635468
"2057","Glyceraldehyde","Oxalacetate",0.00108901006343732,-0.704926108374384
"2058","Glyceraldehyde","PEP",0.00587685400853469,0.668472906403941
"2059","Glyceraldehyde","Phenylacetic Acid",0.0128040257660737,-0.576847290640394
"2060","Glyceraldehyde","Phenylalanine",0.00334335056194596,0.633004926108374
"2061","Glyceraldehyde","Phosphorylcholine",0.0217901013006251,0.545812807881773
"2062","Glyceraldehyde","Pyridoxamine",0.000747464200880109,-0.616256157635468
"2063","Glyceraldehyde","Pyruvate",0.00769617509627448,0.584729064039409
"2064","Glyceraldehyde","Retinol",0.00119917166950663,-0.684729064039409
"2065","Glyceraldehyde","S-Adenosylmethionine (SAM)",0.000155432308335119,0.782758620689655
"2066","Glyceraldehyde","SAH",2.41976671941798e-05,0.799014778325123
"2067","Glyceraldehyde","Suberic Acid",4.42091560130759e-05,-0.760098522167488
"2068","Glyceraldehyde","Succinylcarnitine",5.65141061403751e-05,0.760098522167488
"2069","Glyceraldehyde","Sucrose",0.0136302144341691,-0.485714285714286
"2070","Glyceraldehyde","Thiamine",0.00908992942919944,0.568472906403941
"2071","Glyceraldehyde","Trigonelline",0.023287167254793,-0.616748768472906
"2072","Glyceraldehyde","Tryptophan",0.00422288128623952,0.629556650246305
"2073","Glyceraldehyde","UDP-GlcNAc",0.000860881274887834,0.671428571428571
"2074","Glyceraldehyde","UMP",0.00554355448743592,0.540886699507389
"2075","Glyceraldehyde","Uracil",0.00845197321313023,0.669458128078818
"2076","Glyceraldehyde","Urate",0.000148789541983518,-0.666009852216749
"2077","Glyceraldehyde","Uridine",0.0195680044312359,0.492610837438424
"2078","Glycerol-3-P","Homocitrulline",1.84409274047578e-10,0.90935960591133
"2079","Glycerol-3-P","Hypotaurine",0.0197023529412783,-0.412807881773399
"2080","Glycerol-3-P","Proline",0.0040853108188695,-0.566502463054187
"2081","Glycerophosphocholine","GMP",0.0107694086124913,-0.00344827586206897
"2082","Glycerophosphocholine","Guanine",0.000692894718719084,-0.551724137931034
"2083","Glycerophosphocholine","Histidine",0.00296831631694553,0.517733990147783
"2084","Glycerophosphocholine","Hydrocinnamic Acid",0.00462213159169203,-0.823645320197044
"2085","Glycerophosphocholine","Imidazoleacetic Acid",0.0145784600384322,0.613793103448276
"2086","Glycerophosphocholine","IMP",0.00321922762591723,-0.0615763546798029
"2087","Glycerophosphocholine","Inosine",0.00462213159169203,0.349261083743842
"2088","Glycerophosphocholine","Kynurenic Acid",0.0047088028388487,-0.430049261083744
"2089","Glycerophosphocholine","L-Kynurenine",0.000973184580876009,0.443349753694581
"2090","Glycerophosphocholine","Leucine /D-Norleucine",2.3407560365485e-05,0.629064039408867
"2091","Glycerophosphocholine","Maleic Acid",0.020347410085225,-0.721182266009852
"2092","Glycerophosphocholine","Methionine",0.0155961951849108,0.573399014778325
"2093","Glycerophosphocholine","N-Ac-Phenylalanine",0.0158449132488403,-0.294581280788177
"2094","Glycerophosphocholine","N-AcetylGlycine",0.0499130316878029,-0.598522167487685
"2095","Glycerophosphocholine","n-Glycylproline",0.00132695000309967,0.679802955665024
"2096","Glycerophosphocholine","NAD",0.0175018131801695,0.0842364532019704
"2097","Glycerophosphocholine","Oxalacetate",0.0124439546568866,-0.735960591133005
"2098","Glycerophosphocholine","Oxidized Glutathione",0.0490695667715365,-0.142857142857143
"2099","Glycerophosphocholine","PEP",0.0101326234947797,0.763546798029556
"2100","Glycerophosphocholine","Phenylalanine",0.000206108430921989,0.645812807881773
"2101","Glycerophosphocholine","Putrescine",0.000957824305056583,0.468965517241379
"2102","Glycerophosphocholine","Pyridoxamine",0.00334335056194596,-0.741871921182266
"2103","Glycerophosphocholine","Pyruvate",0.02361256898543,0.589655172413793
"2104","Glycerophosphocholine","S-Adenosylmethionine (SAM)",0.00222905649405711,0.76256157635468
"2105","Glycerophosphocholine","SAH",0.0084452200769286,0.753694581280788
"2106","Glycerophosphocholine","Suberic Acid",0.0140877838703172,-0.664039408866995
"2107","Glycerophosphocholine","Succinylcarnitine",0.0100110460717848,0.654187192118227
"2108","Glycerophosphocholine","Sucrose",0.00755243120636574,-0.468965517241379
"2109","Glycerophosphocholine","Taurine",0.000292163899065379,-0.524137931034483
"2110","Glycerophosphocholine","Thiamine",0.00196330528019865,0.716748768472906
"2111","Glycerophosphocholine","Tryptophan",0.000125544582333576,0.640394088669951
"2112","Glycerophosphocholine","UDP-GlcNAc",0.0461544470807424,0.629064039408867
"2113","Glycerophosphocholine","Urate",0.000566191202589099,-0.807881773399015
"2114","Glycerophosphocholine","Uridine",1.89589036278777e-05,0.508374384236453
"2115","Glycerophosphocholine","Valine",0.00107609892824209,0.573399014778325
"2116","Glycerophosphocholine","Xanthurenic Acid",0.0200213855099703,-0.357635467980295
"2117","Glycine","N-AcetylGlycine",0.000179288402492645,0.6935960591133
"2118","Glycine","PEP",0.00463540549239615,-0.572413793103448
"2119","Glycine","Pyruvate",0.0243498828422311,-0.525123152709359
"2120","Glycine","Thiamine",0.0214122420353528,-0.577832512315271
"2121","Glycine","UDP-Glucose",0.00924299414903743,0.364532019704433
"2122","GMP","Guanosine",0.0423771888077208,-0.35615763546798
"2123","GMP","IMP",1.08090422113369e-13,0.921182266009852
"2124","GMP","Indole-2-Carboxylic Acid",0.00980121768587885,0.0532019704433497
"2125","GMP","Indole-3-Carboxylic Acid",0.0261105319331785,0.00541871921182266
"2126","GMP","Inosine",0.0154781525890784,-0.400985221674877
"2127","GMP","L-Kynurenine",0.0371407420342744,-0.431034482758621
"2128","GMP","Leucine /D-Norleucine",0.000450061958776997,-0.34679802955665
"2129","GMP","NAD",3.18305255697438e-10,0.919211822660098
"2130","GMP","Niacinamide",7.41805311142228e-06,-0.478325123152709
"2131","GMP","Oxidized Glutathione",0.00126249041255148,0.670935960591133
"2132","GMP","Phenylalanine",0.000631570991084167,-0.401477832512315
"2133","GMP","Phosphoserine",0.0456153739817788,0.541871921182266
"2134","GMP","Putrescine",0.0058951028444935,-0.152709359605911
"2135","GMP","Reduced Glutathione",0.0265973235470166,0.500492610837438
"2136","GMP","Sorbitol",0.0323315814284705,-0.40935960591133
"2137","GMP","Sucrose",0.0497493611007765,0.0344827586206896
"2138","GMP","Taurine",0.0276114096081175,0.270443349753695
"2139","GMP","Tryptophan",0.00940974762804122,0.00197044334975369
"2140","GMP","UDP-Glucose",0.0227291559027272,-0.21871921182266
"2141","GMP","Uridine",0.000808326746520619,-0.288177339901478
"2142","GMP","Valine",0.0226130160062107,-0.232512315270936
"2143","GMP","Xanthosine",0.0353162977849363,-0.266995073891626
"2144","Guanine","Histidine",0.00443895774199668,-0.447290640394089
"2145","Guanine","IMP",0.00899375303402783,0.243349753694581
"2146","Guanine","Kynurenic Acid",0.00171117455803379,0.536453201970443
"2147","Guanine","L-Kynurenine",0.0213550524760195,-0.300985221674877
"2148","Guanine","Leucine /D-Norleucine",0.0157011469033463,-0.331034482758621
"2149","Guanine","N-Ac-Phenylalanine",0.000121983845975389,0.610837438423645
"2150","Guanine","N2,N2-Dimethylguanosine",0.000364833570551632,0.560098522167488
"2151","Guanine","Neopterin",0.000412515608608584,0.6935960591133
"2152","Guanine","Phenylalanine",0.0272000726136388,-0.38128078817734
"2153","Guanine","Putrescine",0.0223644433702724,-0.288177339901478
"2154","Guanine","Pyridoxamine",0.00572618055835199,0.600985221674877
"2155","Guanine","Serine",0.0396703435679681,0.466502463054187
"2156","Guanine","Taurine",0.0180955762031887,0.349261083743842
"2157","Guanine","Urate",0.00317045382330566,0.643349753694581
"2158","Guanine","Uridine",0.00365332259056679,-0.328571428571429
"2159","Guanine","Valine",0.0131012178798952,-0.392610837438424
"2160","Guanine","Xanthurenic Acid",0.00516129690286914,0.426108374384236
"2161","Guanosine","Niacinamide",0.0168729054387852,0.435960591133005
"2162","Guanosine","Xanthosine",1.33265215466835e-10,0.910837438423645
"2163","Histamine","Homoarginine",0.0223123318437358,-0.474384236453202
"2164","Histamine","Hydrocinnamic Acid",0.0308639472555426,0.5
"2165","Histamine","Leucine /D-Norleucine",0.0416874567841974,-0.47487684729064
"2166","Histamine","Maleic Acid",0.0185144569758345,0.575862068965517
"2167","Histamine","N-Ac-Arginine",0.0280777302892661,-0.598522167487685
"2168","Histamine","N-Acetyl-Aspartate (NAA)",0.0240346733361303,0.485714285714286
"2169","Histamine","N-AcetylGlycine",0.00300912631667851,0.68423645320197
"2170","Histamine","n-Glycylproline",0.00177550027003571,-0.723152709359606
"2171","Histamine","N6-Acetyl-Lysine",0.0151558255328728,-0.546305418719212
"2172","Histamine","NADH",0.0326631094094408,-0.575862068965517
"2173","Histamine","Ornithine",0.0407627042381707,0.66256157635468
"2174","Histamine","Oxalacetate",0.0100558507165249,0.587192118226601
"2175","Histamine","PEP",0.0109314628847008,-0.648768472906404
"2176","Histamine","Phenylacetic Acid",0.0246218548845799,0.4935960591133
"2177","Histamine","Phenylalanine",0.0119548967094491,-0.552216748768473
"2178","Histamine","Pyruvate",0.0435804531408198,-0.514285714285714
"2179","Histamine","Retinol",0.00605458349165657,0.651724137931034
"2180","Histamine","S-Adenosylmethionine (SAM)",0.00118113860412929,-0.731527093596059
"2181","Histamine","SAH",0.0354243744036347,-0.576847290640394
"2182","Histamine","Suberic Acid",0.000908048388701349,0.707389162561576
"2183","Histamine","Succinylcarnitine",0.0066119397889424,-0.667980295566502
"2184","Histamine","Sucrose",0.0331141324253914,0.545320197044335
"2185","Histamine","Taurine",0.0233162106914599,0.610837438423645
"2186","Histamine","Thiamine",0.00281392804966841,-0.634482758620689
"2187","Histamine","Tryptophan",0.0113347601872022,-0.701970443349754
"2188","Histamine","UDP-GlcNAc",0.0395486324618212,-0.512315270935961
"2189","Histamine","Uracil",0.0379892619913928,-0.51871921182266
"2190","Histamine","Urate",0.0308639472555426,0.414778325123153
"2191","Histamine","Uridine",0.0326631094094408,-0.588669950738916
"2192","Histidine","Hydrocinnamic Acid",0.0414798676985913,-0.528571428571428
"2193","Histidine","Imidazoleacetic Acid",0.00464347514044915,0.676354679802955
"2194","Histidine","L-2-Aminobutyric Acid",0.00121619327302685,0.651724137931034
"2195","Histidine","L-Kynurenine",0.0252253297773264,0.340394088669951
"2196","Histidine","Leucine /D-Norleucine",0.0205652831620207,0.315270935960591
"2197","Histidine","Methionine",0.00208373306572305,0.515763546798029
"2198","Histidine","N-Ac-L-Glutamine",0.0162929990401396,0.573399014778325
"2199","Histidine","N-Ac-Phenylalanine",0.0012445802571319,-0.550246305418719
"2200","Histidine","N2,N2-Dimethylguanosine",0.0257001224447955,-0.310837438423645
"2201","Histidine","Neopterin",0.0302202842557279,-0.517733990147783
"2202","Histidine","o-Phosphoethanolamine",0.0494088594893203,0.501477832512315
"2203","Histidine","PEP",0.027364484480494,0.538916256157635
"2204","Histidine","Putrescine",0.00372827378994429,0.465024630541872
"2205","Histidine","Pyridoxamine",0.0145633407076281,-0.523645320197044
"2206","Histidine","Pyruvate",0.0289271512131585,0.530049261083744
"2207","Histidine","S-Adenosylmethionine (SAM)",0.00391044917506058,0.520689655172414
"2208","Histidine","Spermidine",0.0242113214384321,0.28423645320197
"2209","Histidine","Suberic Acid",0.0381661253634,-0.414778325123153
"2210","Histidine","Sucrose",0.00533947303823168,-0.435467980295566
"2211","Histidine","Taurine",0.0140034754403272,-0.379310344827586
"2212","Histidine","Thiamine",0.00855264065698008,0.525123152709359
"2213","Histidine","Tryptophan",0.0132540658336509,0.280295566502463
"2214","Histidine","Urate",0.013296351667421,-0.552709359605911
"2215","Histidine","Uridine",0.00497552650641644,0.35320197044335
"2216","Histidine","Valine",0.00380618564451965,0.50935960591133
"2217","Histidine","Xanthurenic Acid",0.00981853313066054,-0.358128078817734
"2218","Homoarginine","Hydrocinnamic Acid",0.00980121768587885,-0.508374384236453
"2219","Homoarginine","isoValeric Acid /3-Oxobutanoic Acid/4-Oxobutanoic Acid",0.0258735963498055,0.425615763546798
"2220","Homoarginine","Maleic Acid",0.00992140151908836,-0.587192118226601
"2221","Homoarginine","Margaric Acid",0.00281192443648714,-0.589655172413793
"2222","Homoarginine","N-Ac-Arginine",0.0071148809322444,0.449753694581281
"2223","Homoarginine","n-Glycylproline",0.0384217423358351,0.502463054187192
"2224","Homoarginine","N6-Acetyl-Lysine",0.000202147566280944,0.717241379310345
"2225","Homoarginine","N6-Trimethyllysine",0.00137131664433241,0.733004926108374
"2226","Homoarginine","Oxalacetate",0.00126762113795587,-0.686206896551724
"2227","Homoarginine","Palmitic Acid",0.00116212685518124,-0.678817733990148
"2228","Homoarginine","Phenylacetic Acid",0.0231145129167151,-0.606403940886699
"2229","Homoarginine","Pyridoxamine",0.00251096023440428,-0.532019704433497
"2230","Homoarginine","Retinol",0.0481621597175107,-0.454187192118227
"2231","Homoarginine","S-Adenosylmethionine (SAM)",0.0326361503604186,0.511330049261084
"2232","Homoarginine","S-Methylcysteine",0.0342338119580826,-0.504433497536946
"2233","Homoarginine","SAH",0.00210617623205585,0.649753694581281
"2234","Homoarginine","Succinylcarnitine",0.00896018949008678,0.635960591133005
"2235","Homoarginine","Tyrosine",0.0130669874739619,-0.507389162561576
"2236","Homoarginine","Urate",0.00104365045396729,-0.59064039408867
"2237","Homocitrulline","Proline",0.00482661619052736,-0.630541871921182
"2238","Homocitrulline","S-Methylcysteine",0.0226716334456918,-0.423645320197044
"2239","Homocitrulline","Threonine",0.0313146494215916,0.516748768472906
"2240","Homocitrulline","Tyrosine",0.0461430587318487,-0.389162561576355
"2241","Hydrocinnamic Acid","Imidazoleacetic Acid",0.0214414593351202,-0.539408866995074
"2242","Hydrocinnamic Acid","Leucine /D-Norleucine",0.0475645792438011,-0.477339901477832
"2243","Hydrocinnamic Acid","Maleic Acid",0.000148789541983518,0.742857142857143
"2244","Hydrocinnamic Acid","Methionine",0.00878130788562848,-0.650738916256158
"2245","Hydrocinnamic Acid","N-Ac-Arginine",0.0259268212019669,-0.464039408866995
"2246","Hydrocinnamic Acid","N-Ac-L-Glutamine",0.0204335655807713,-0.616748768472906
"2247","Hydrocinnamic Acid","N-AcetylGlycine",0.00654448270301201,0.579802955665024
"2248","Hydrocinnamic Acid","n-Glycylproline",0.00434973522133092,-0.623152709359606
"2249","Hydrocinnamic Acid","N6-Acetyl-Lysine",0.0349657213619746,-0.555172413793103
"2250","Hydrocinnamic Acid","Oxalacetate",0.00279385885526975,0.695566502463054
"2251","Hydrocinnamic Acid","Palmitic Acid",0.0261092212313047,0.598522167487685
"2252","Hydrocinnamic Acid","PEP",0.000166039845218507,-0.797044334975369
"2253","Hydrocinnamic Acid","Phenylacetic Acid",0.00126762113795587,0.687192118226601
"2254","Hydrocinnamic Acid","Pyridoxamine",5.4026111325633e-05,0.730541871921182
"2255","Hydrocinnamic Acid","Pyruvate",0.00178036773874899,-0.672906403940887
"2256","Hydrocinnamic Acid","Retinol",0.00409953547634691,0.652216748768473
"2257","Hydrocinnamic Acid","S-Adenosylmethionine (SAM)",6.76148618467328e-05,-0.776354679802955
"2258","Hydrocinnamic Acid","SAH",0.00154412417373738,-0.754679802955665
"2259","Hydrocinnamic Acid","Suberic Acid",0.000771513060511102,0.645812807881773
"2260","Hydrocinnamic Acid","Succinylcarnitine",0.00485726241496613,-0.669950738916256
"2261","Hydrocinnamic Acid","Sucrose",0.0306302361734973,0.504926108374384
"2262","Hydrocinnamic Acid","Thiamine",0.000291970365327336,-0.697536945812808
"2263","Hydrocinnamic Acid","Trigonelline",0.0375593005823121,0.626108374384236
"2264","Hydrocinnamic Acid","UDP-GlcNAc",0.00166746987418265,-0.647290640394089
"2265","Hydrocinnamic Acid","Uracil",0.0423812754984329,-0.556650246305419
"2266","Hydrocinnamic Acid","Urate",9.0907393844152e-07,0.817733990147783
"2267","Hydrocinnamic Acid","Valine",0.0475645792438011,-0.486206896551724
"2268","Hypotaurine","IMP",0.0178355319985602,0.611822660098522
"2269","Hypotaurine","Myristic Acid",0.000560514638622543,0.649261083743842
"2270","Hypotaurine","N-Ac-Alanine",0.00202177484003459,0.477339901477832
"2271","Hypotaurine","N-Ac-Phenylalanine",0.0155793939271355,0.423152709359606
"2272","Hypotaurine","N-AcetylGlycine",0.0201975718968246,-0.58128078817734
"2273","Hypotaurine","N2,N2-Dimethylguanosine",0.0014049553085251,0.65320197044335
"2274","Hypotaurine","NAD",0.0487026078232397,0.517241379310345
"2275","Hypotaurine","NADH",0.00209481626213263,0.62807881773399
"2276","Hypotaurine","Neopterin",0.0157159896910364,0.432019704433497
"2277","Hypotaurine","Proline",0.042263453370098,0.394088669950739
"2278","Hypotaurine","Pseudouridine",0.0049120155655565,0.419704433497537
"2279","Hypotaurine","Sorbitol",7.51417177059033e-05,-0.758128078817734
"2280","Hypotaurine","Suberic Acid",0.0389483398431916,-0.522167487684729
"2281","Hypotaurine","Trigonelline",0.0370106596444882,-0.459113300492611
"2282","Hypotaurine","Uracil",0.00749270037183713,0.57487684729064
"2283","Hypotaurine","Xanthurenic Acid",0.0446146182143668,0.37487684729064
"2284","Hypoxanthine","NAD",0.0388489913072967,-0.3
"2285","Hypoxanthine","Oxidized Glutathione",0.000525325315661882,-0.658128078817734
"2286","Hypoxanthine","Putrescine",0.0497729603798473,0.28128078817734
"2287","Hypoxanthine","Xanthine",0.000179544087349829,0.643349753694581
"2288","Imidazoleacetic Acid","Methionine",0.0427100908265506,0.488669950738916
"2289","Imidazoleacetic Acid","Oxalacetate",0.0058731823188649,-0.605911330049261
"2290","Imidazoleacetic Acid","Palmitic Acid",0.0455172448240121,-0.497536945812808
"2291","Imidazoleacetic Acid","PEP",0.0186474958119339,0.554679802955665
"2292","Imidazoleacetic Acid","Proline",0.0487283773306848,-0.469458128078818
"2293","Imidazoleacetic Acid","Pyridoxamine",0.00420785080194263,-0.673891625615763
"2294","Imidazoleacetic Acid","S-Adenosylmethionine (SAM)",0.0216833536915837,0.489162561576355
"2295","Imidazoleacetic Acid","SAH",0.0465675274139788,0.508374384236453
"2296","Imidazoleacetic Acid","Urate",0.0040055897261871,-0.680788177339901
"2297","IMP","Indole-2-Carboxylic Acid",0.0199804369970973,0.0359605911330049
"2298","IMP","Inosine",0.00588151081342415,-0.352216748768473
"2299","IMP","L-Kynurenine",0.0174136595638704,-0.320197044334975
"2300","IMP","Leucine /D-Norleucine",0.000690586037710514,-0.289655172413793
"2301","IMP","N2,N2-Dimethylguanosine",0.0203630580606147,0.287684729064039
"2302","IMP","NAD",5.68365438578484e-12,0.873399014778325
"2303","IMP","NADH",0.0264739354729119,0.445812807881773
"2304","IMP","Niacinamide",0.000206014949538604,-0.364532019704433
"2305","IMP","Oxidized Glutathione",0.000335673157325377,0.592118226600985
"2306","IMP","Phenylalanine",0.00154438600812697,-0.363054187192118
"2307","IMP","Putrescine",0.00531917834553424,-0.0940886699507389
"2308","IMP","Reduced Glutathione",0.0132162242552919,0.588669950738916
"2309","IMP","Sorbitol",0.0316065827676988,-0.367487684729064
"2310","IMP","Taurine",0.0133899137028668,0.152216748768473
"2311","IMP","Tryptophan",0.010347782500737,0.0123152709359606
"2312","IMP","UDP-Glucose",0.0215516479343809,-0.435467980295566
"2313","IMP","Uridine",0.00028777633818469,-0.220689655172414
"2314","IMP","Valine",0.0235309376793776,-0.174384236453202
"2315","Indole-2-Carboxylic Acid","Indole-3-Carboxylic Acid",4.89200702829955e-16,0.932512315270936
"2316","Indole-2-Carboxylic Acid","isoValeric Acid /3-Oxobutanoic Acid/4-Oxobutanoic Acid",0.0357253678385072,-0.28128078817734
"2317","Indole-2-Carboxylic Acid","Leucine /D-Norleucine",0.0322539029773462,-0.379310344827586
"2318","Indole-2-Carboxylic Acid","N6-Acetyl-Lysine",0.0185144569758345,-0.417733990147783
"2319","Indole-2-Carboxylic Acid","N6-Trimethyllysine",0.00861672522001991,-0.282266009852217
"2320","Indole-2-Carboxylic Acid","Niacinamide",0.0189687310281713,-0.138916256157635
"2321","Indole-2-Carboxylic Acid","Oxalacetate",0.00902188218807899,0.519704433497537
"2322","Indole-2-Carboxylic Acid","Palmitic Acid",0.00327812550402594,0.480788177339901
"2323","Indole-2-Carboxylic Acid","Pyridoxamine",0.0243386079237045,0.596551724137931
"2324","Indole-2-Carboxylic Acid","S-Methylcysteine",0.0128118548087221,0.311330049261084
"2325","Indole-2-Carboxylic Acid","SAH",0.00423530684954817,-0.506403940886699
"2326","Indole-2-Carboxylic Acid","Sorbitol",0.0102656102264519,-0.369458128078818
"2327","Indole-2-Carboxylic Acid","Tyrosine",0.00985012383343213,0.376354679802956
"2328","Indole-2-Carboxylic Acid","UDP-Glucose",0.0199610054447186,-0.12807881773399
"2329","Indole-2-Carboxylic Acid","Urate",0.0192689972221533,0.714285714285714
"2330","Indole-3-Carboxylic Acid","isoValeric Acid /3-Oxobutanoic Acid/4-Oxobutanoic Acid",0.0257001224447955,-0.298029556650246
"2331","Indole-3-Carboxylic Acid","Maleic Acid",0.0487755778138763,0.519704433497537
"2332","Indole-3-Carboxylic Acid","N6-Acetyl-Lysine",0.00301561660754382,-0.478325123152709
"2333","Indole-3-Carboxylic Acid","N6-Trimethyllysine",0.00377781613262206,-0.32807881773399
"2334","Indole-3-Carboxylic Acid","Niacinamide",0.0402921525656257,-0.0862068965517241
"2335","Indole-3-Carboxylic Acid","Oxalacetate",0.00106711836481487,0.624137931034483
"2336","Indole-3-Carboxylic Acid","Palmitic Acid",0.000307641321181048,0.597536945812808
"2337","Indole-3-Carboxylic Acid","Pyridoxamine",0.0300115248981955,0.603448275862069
"2338","Indole-3-Carboxylic Acid","S-Methylcysteine",0.00222145811863267,0.398029556650246
"2339","Indole-3-Carboxylic Acid","SAH",0.00109057009802136,-0.559113300492611
"2340","Indole-3-Carboxylic Acid","Sorbitol",0.0236106657776315,-0.404926108374384
"2341","Indole-3-Carboxylic Acid","Tyrosine",0.00161167103012593,0.455172413793103
"2342","Indole-3-Carboxylic Acid","UDP-Glucose",0.0170020973440953,-0.183743842364532
"2343","Indole-3-Carboxylic Acid","Urate",0.0250794688650202,0.673891625615763
"2344","Inosine","L-Kynurenine",0.0244778196763963,0.379310344827586
"2345","Inosine","Leucine /D-Norleucine",0.0283683764148161,0.300985221674877
"2346","Inosine","N-Ac-Alanine",0.00422288128623952,-0.575369458128079
"2347","Inosine","N-Ac-Phenylalanine",0.033269888093172,-0.338423645320197
"2348","Inosine","N2,N2-Dimethylguanosine",0.0245163951199097,-0.287192118226601
"2349","Inosine","NAD",0.00316109591600458,-0.288669950738916
"2350","Inosine","Oxidized Glutathione",0.00458655847351034,-0.473399014778325
"2351","Inosine","Pantothenate",0.018821573940957,-0.504433497536946
"2352","Inosine","Phenylalanine",0.0266887207890915,0.383743842364532
"2353","Inosine","Taurine",0.00232242976588343,-0.467980295566502
"2354","Inosine","Uridine",0.00434973522133092,0.366502463054187
"2355","iso-Leucine /allo-isoLeucine","Kynurenic Acid",0.0379068120448628,-0.503448275862069
"2356","iso-Leucine /allo-isoLeucine","Leucine /D-Norleucine",0.00027781219861125,0.716748768472906
"2357","iso-Leucine /allo-isoLeucine","N-Acetyl-Aspartate (NAA)",0.0398287828796153,-0.476847290640394
"2358","iso-Leucine /allo-isoLeucine","Niacinamide",0.0296297516805419,0.324630541871921
"2359","iso-Leucine /allo-isoLeucine","Phenylalanine",0.000805619139498978,0.626600985221675
"2360","iso-Leucine /allo-isoLeucine","S-Methylcysteine",0.0308639472555426,0.519211822660098
"2361","iso-Leucine /allo-isoLeucine","Succinate",0.03575936832321,-0.489655172413793
"2362","iso-Leucine /allo-isoLeucine","Tryptophan",0.010455405206909,0.558128078817734
"2363","iso-Leucine /allo-isoLeucine","Valine",0.00105555186667675,0.680295566502463
"2364","iso-Leucine /allo-isoLeucine","Xanthosine",0.0449397194967651,0.442364532019704
"2365","isoValeric Acid /3-Oxobutanoic Acid/4-Oxobutanoic Acid","Linoleic Acid",0.0158090090528454,-0.498522167487685
"2366","isoValeric Acid /3-Oxobutanoic Acid/4-Oxobutanoic Acid","Linolenic Acid",0.0497493611007765,-0.376354679802956
"2367","isoValeric Acid /3-Oxobutanoic Acid/4-Oxobutanoic Acid","Myristic Acid",0.0308487726492092,-0.359605911330049
"2368","isoValeric Acid /3-Oxobutanoic Acid/4-Oxobutanoic Acid","N6-Acetyl-Lysine",0.04840758957155,0.334975369458128
"2369","isoValeric Acid /3-Oxobutanoic Acid/4-Oxobutanoic Acid","N6-Trimethyllysine",0.000400630405174456,0.431034482758621
"2370","isoValeric Acid /3-Oxobutanoic Acid/4-Oxobutanoic Acid","Palmitic Acid",0.00536237617322505,-0.417241379310345
"2371","isoValeric Acid /3-Oxobutanoic Acid/4-Oxobutanoic Acid","Pyridoxamine",0.0326631094094408,-0.425615763546798
"2372","isoValeric Acid /3-Oxobutanoic Acid/4-Oxobutanoic Acid","S-Methylcysteine",0.0158819728342348,-0.405911330049261
"2373","isoValeric Acid /3-Oxobutanoic Acid/4-Oxobutanoic Acid","Sorbitol",0.0195767396411083,0.262068965517241
"2374","isoValeric Acid /3-Oxobutanoic Acid/4-Oxobutanoic Acid","Tyrosine",0.00634331066394683,-0.441871921182266
"2375","Kynurenic Acid","Leucine /D-Norleucine",0.0146398796281878,-0.521182266009852
"2376","Kynurenic Acid","N-Ac-Phenylalanine",0.0116353690491705,0.383743842364532
"2377","Kynurenic Acid","N2,N2-Dimethylguanosine",0.0121187077501083,0.458128078817734
"2378","Kynurenic Acid","Neopterin",0.0458966787079396,0.373891625615764
"2379","Kynurenic Acid","Serine",0.0386991827807216,0.364039408866995
"2380","Kynurenic Acid","Valine",0.0174454673884172,-0.472906403940887
"2381","Kynurenic Acid","Xanthurenic Acid",0.00326120503884216,0.530541871921182
"2382","L-2-Aminobutyric Acid","Methionine",0.000854272369115934,0.613300492610837
"2383","L-2-Aminobutyric Acid","N-Ac-L-Glutamine",0.0343938969893324,0.539901477832512
"2384","L-2-Aminobutyric Acid","PEP",0.0348284183886234,0.450738916256158
"2385","L-2-Aminobutyric Acid","Putrescine",0.00803917215164432,0.499014778325123
"2386","L-2-Aminobutyric Acid","Pyruvate",0.0429973876347418,0.461083743842364
"2387","L-2-Aminobutyric Acid","S-Adenosylmethionine (SAM)",0.0206709665554468,0.418226600985222
"2388","L-2-Aminobutyric Acid","Trigonelline",0.0433205491165789,-0.497044334975369
"2389","L-2-Aminobutyric Acid","Valine",0.0217287901729964,0.461083743842364
"2390","L-Kynurenine","Leucine /D-Norleucine",0.0010233177258576,0.568472906403941
"2391","L-Kynurenine","N-Ac-Phenylalanine",0.0404465618702091,-0.254679802955665
"2392","L-Kynurenine","NAD",0.031812917267747,-0.333004926108374
"2393","L-Kynurenine","Oxidized Glutathione",0.00187516767942578,-0.531527093596059
"2394","L-Kynurenine","Phenylalanine",0.00052169238630177,0.61231527093596
"2395","L-Kynurenine","Putrescine",0.017071206367833,0.308866995073892
"2396","L-Kynurenine","Serine",0.0146060606783927,-0.599014778325123
"2397","L-Kynurenine","Taurine",4.80822914938943e-05,-0.664039408866995
"2398","L-Kynurenine","Threonine",0.0371998767484594,0.488669950738916
"2399","L-Kynurenine","Tryptophan",0.0122952940873073,0.363054187192118
"2400","L-Kynurenine","Urate",0.0494755677090253,-0.372906403940887
"2401","L-Kynurenine","Uridine",4.28865836172367e-06,0.750738916256158
"2402","L-Kynurenine","Valine",0.00980683785823591,0.513300492610837
"2403","Lactate","Lactose/Trehalose",0.0478958279707068,0.373399014778325
"2404","Lactate","Ornithine",0.00756585414279238,0.363546798029557
"2405","Lactose/Trehalose","UMP",8.23764579686391e-10,0.914285714285714
"2406","Leucine /D-Norleucine","Methionine",0.00212299675257151,0.43448275862069
"2407","Leucine /D-Norleucine","n-Glycylproline",0.00124936665979935,0.55320197044335
"2408","Leucine /D-Norleucine","N6-Acetyl-Lysine",0.0179251384321118,0.532512315270936
"2409","Leucine /D-Norleucine","NAD",0.00638028471906567,-0.260098522167488
"2410","Leucine /D-Norleucine","Niacinamide",0.00377280235879345,0.324630541871921
"2411","Leucine /D-Norleucine","Oxalacetate",0.0188111645622075,-0.543349753694581
"2412","Leucine /D-Norleucine","Oxidized Glutathione",0.0114242959747626,-0.37487684729064
"2413","Leucine /D-Norleucine","Phenylalanine",2.16390284985767e-09,0.877832512315271
"2414","Leucine /D-Norleucine","Putrescine",0.00950530347531034,0.391625615763547
"2415","Leucine /D-Norleucine","Pyridoxamine",0.01671040902429,-0.447783251231527
"2416","Leucine /D-Norleucine","S-Adenosylmethionine (SAM)",0.00722523921303172,0.530541871921182
"2417","Leucine /D-Norleucine","SAH",0.0123905436011557,0.527586206896552
"2418","Leucine /D-Norleucine","Spermidine",0.0314153377275685,0.282266009852217
"2419","Leucine /D-Norleucine","Suberic Acid",0.0338512459590326,-0.41871921182266
"2420","Leucine /D-Norleucine","Succinylcarnitine",0.00774779765544618,0.544827586206896
"2421","Leucine /D-Norleucine","Sucrose",0.00135178777704336,-0.528571428571428
"2422","Leucine /D-Norleucine","Taurine",0.00311899154461101,-0.413793103448276
"2423","Leucine /D-Norleucine","Thiamine",0.00678941697343102,0.590147783251231
"2424","Leucine /D-Norleucine","Threonine",0.0252218833754378,0.560098522167488
"2425","Leucine /D-Norleucine","Tryptophan",2.05757735841886e-05,0.669950738916256
"2426","Leucine /D-Norleucine","UDP-GlcNAc",0.0118298547043944,0.534975369458128
"2427","Leucine /D-Norleucine","Urate",0.00360788238130407,-0.525123152709359
"2428","Leucine /D-Norleucine","Uridine",2.1585983225853e-05,0.637931034482758
"2429","Leucine /D-Norleucine","Valine",7.16782387717996e-07,0.866009852216749
"2430","Linoleic Acid","Linolenic Acid",0.00108901006343732,0.705418719211823
"2431","Linoleic Acid","N6-Acetyl-Lysine",0.0355052008362919,-0.444827586206896
"2432","Linoleic Acid","N6-Trimethyllysine",0.0116353690491705,-0.444334975369458
"2433","Linoleic Acid","Palmitic Acid",0.00152472508147821,0.579802955665024
"2434","Linoleic Acid","Pyroglutamic Acid",0.00867335147012115,-0.472413793103448
"2435","Linoleic Acid","S-Methylcysteine",0.00134169603153285,0.636945812807882
"2436","Linoleic Acid","Trigonelline",0.0490862631917546,-0.378817733990148
"2437","Linoleic Acid","Tyrosine",0.00134580234093256,0.615270935960591
"2438","Linolenic Acid","Myristic Acid",0.00223032314839285,0.552709359605911
"2439","Linolenic Acid","N-AcetylGlycine",0.0497493611007765,-0.516256157635468
"2440","Linolenic Acid","Phosphorylcholine",0.0285992413547905,0.578325123152709
"2441","Linolenic Acid","Proline",0.0121533597176061,0.503940886699507
"2442","Linolenic Acid","Retinol",0.0499037035337157,-0.483251231527093
"2443","Linolenic Acid","Ribulose 5-Phosphate",0.036355661032265,-0.424137931034483
"2444","Linolenic Acid","Spermidine",0.0163921887458981,0.566995073891626
"2445","Linolenic Acid","Suberic Acid",0.00701121950850953,-0.614778325123153
"2446","Linolenic Acid","Trigonelline",0.00234584905589605,-0.575369458128079
"2447","Linolenic Acid","Tryptophan",0.0459315458700821,0.551231527093596
"2448","Linolenic Acid","UDP-GlcNAc",0.0296470717390368,0.550246305418719
"2449","Linolenic Acid","Uracil",0.000483696699230831,0.682266009852217
"2450","Linolenic Acid","Xanthosine",0.033573078294111,0.449261083743842
"2451","Lysine","N6-Acetyl-Lysine",0.0475645792438011,0.454679802955665
"2452","Maleic Acid","Margaric Acid",0.0141989881303344,0.547783251231527
"2453","Maleic Acid","Methionine",0.00940974762804122,-0.659113300492611
"2454","Maleic Acid","N-Ac-Arginine",0.010906612224416,-0.57487684729064
"2455","Maleic Acid","N-Ac-L-Glutamine",0.00266523433283218,-0.659605911330049
"2456","Maleic Acid","N-AcetylGlycine",0.00604308396226207,0.57487684729064
"2457","Maleic Acid","n-Glycylproline",0.000348655422765506,-0.745320197044335
"2458","Maleic Acid","N6-Acetyl-Lysine",0.0137323204871557,-0.622167487684729
"2459","Maleic Acid","NADH",0.034458921671951,-0.540886699507389
"2460","Maleic Acid","Oxalacetate",0.000470002036707533,0.731527093596059
"2461","Maleic Acid","Pantothenate",0.0422043109561905,-0.478325123152709
"2462","Maleic Acid","PEP",0.000214266520823586,-0.714778325123153
"2463","Maleic Acid","Phenylacetic Acid",3.59572256533748e-05,0.794088669950739
"2464","Maleic Acid","Phosphorylcholine",0.0316065827676988,-0.502463054187192
"2465","Maleic Acid","Phosphotyrosine",0.0401541191333609,-0.500492610837438
"2466","Maleic Acid","Pipecolate",0.040225431918946,-0.466009852216749
"2467","Maleic Acid","Pyridoxamine",0.00389487391322636,0.626600985221675
"2468","Maleic Acid","Pyruvate",0.000214266520823586,-0.703448275862069
"2469","Maleic Acid","Retinol",0.00089171677113314,0.699507389162561
"2470","Maleic Acid","S-Adenosylmethionine (SAM)",7.12539079346323e-06,-0.820689655172414
"2471","Maleic Acid","SAH",5.59650934362001e-06,-0.838916256157635
"2472","Maleic Acid","Suberic Acid",3.00073131924142e-06,0.842364532019704
"2473","Maleic Acid","Succinylcarnitine",4.97092669014939e-05,-0.795073891625616
"2474","Maleic Acid","Sucrose",0.00574896743692659,0.603448275862069
"2475","Maleic Acid","Thiamine",0.00206431958317838,-0.670935960591133
"2476","Maleic Acid","Trigonelline",0.00275683405215583,0.700492610837438
"2477","Maleic Acid","Tryptophan",0.00947747340494963,-0.697044334975369
"2478","Maleic Acid","UDP-GlcNAc",5.26900839253048e-06,-0.834975369458128
"2479","Maleic Acid","Uracil",0.000453255932956787,-0.761083743842364
"2480","Maleic Acid","Urate",0.000211413937187769,0.740394088669951
"2481","Maleic Acid","Valine",0.0359301959948348,-0.475862068965517
"2482","Margaric Acid","N-Ac-Arginine",0.0463790691465285,-0.310837438423645
"2483","Margaric Acid","N6-Acetyl-Lysine",0.00450237317224794,-0.48128078817734
"2484","Margaric Acid","Palmitic Acid",0.0364727404343006,0.459605911330049
"2485","Margaric Acid","Pantothenate",0.00911405679655379,-0.459113300492611
"2486","Margaric Acid","Ribulose 5-Phosphate",0.0418590368628944,0.310837438423645
"2487","Margaric Acid","SAH",0.00463044731498613,-0.477832512315271
"2488","Margaric Acid","Tyrosine",0.0301970890888162,0.369458128078818
"2489","Margaric Acid","UDP-GlcNAc",0.01437856588342,-0.466995073891625
"2490","Margaric Acid","Xanthine",0.0418742422905662,0.536453201970443
"2491","Methionine","N-Acetyl-Aspartate (NAA)",0.0436634056585541,-0.417241379310345
"2492","Methionine","N-AcetylGlycine",0.0248023319013364,-0.536453201970443
"2493","Methionine","n-Glycylproline",0.0124831686248456,0.415763546798029
"2494","Methionine","Oxalacetate",0.0334377852789591,-0.555172413793103
"2495","Methionine","PEP",0.0214349797931259,0.512315270935961
"2496","Methionine","Phenylalanine",0.0374504043341298,0.368965517241379
"2497","Methionine","Putrescine",0.00325215469859183,0.408866995073892
"2498","Methionine","Pyridoxamine",0.0253624063774057,-0.582266009852217
"2499","Methionine","Pyruvate",0.00569934712923783,0.525615763546798
"2500","Methionine","Retinol",0.0312078125774413,-0.664039408866995
"2501","Methionine","S-Adenosylmethionine (SAM)",1.98871460572576e-05,0.741379310344827
"2502","Methionine","SAH",0.0104088376504057,0.66256157635468
"2503","Methionine","Spermidine",0.0479894891287012,0.345320197044335
"2504","Methionine","Suberic Acid",0.00161167103012593,-0.704926108374384
"2505","Methionine","Succinate",0.0280321317962464,-0.457635467980296
"2506","Methionine","Succinylcarnitine",0.0150619188415656,0.565024630541872
"2507","Methionine","Sucrose",0.022432339716535,-0.294088669950739
"2508","Methionine","Thiamine",0.00900098521059091,0.504433497536946
"2509","Methionine","Threonine",0.04580890073898,0.296059113300493
"2510","Methionine","Trigonelline",0.0132287803626689,-0.623645320197044
"2511","Methionine","Tryptophan",0.00385495512164186,0.485221674876847
"2512","Methionine","UDP-GlcNAc",0.0164171090474369,0.580295566502463
"2513","Methionine","Uracil",0.0261946083068757,0.583743842364532
"2514","Methionine","Urate",0.00791397531177561,-0.621674876847291
"2515","Methionine","Uridine",0.0195200138041001,0.233497536945813
"2516","Methionine","Valine",0.000326633850170282,0.579310344827586
"2517","Myristic Acid","N-Ac-Alanine",0.0172999158957774,0.246305418719212
"2518","Myristic Acid","N-Ac-Phenylalanine",0.00894120633931349,0.563546798029557
"2519","Myristic Acid","N-AcetylGlycine",0.0277636122769147,-0.523152709359606
"2520","Myristic Acid","N2,N2-Dimethylguanosine",0.000652546892010764,0.744827586206896
"2521","Myristic Acid","Neopterin",0.00111721962455676,0.600492610837438
"2522","Myristic Acid","Phosphotyrosine",0.0499454760434387,0.438423645320197
"2523","Myristic Acid","Proline",0.0372392854515238,0.367980295566502
"2524","Myristic Acid","Retinol",0.0481564588904825,-0.463054187192118
"2525","Myristic Acid","Riboflavin",0.0302202842557279,0.536453201970443
"2526","Myristic Acid","Sorbitol",0.000774603226130914,-0.572906403940887
"2527","Myristic Acid","Suberic Acid",0.0291301212992574,-0.482758620689655
"2528","Myristic Acid","Trigonelline",0.0375890049501992,-0.333990147783251
"2529","Myristic Acid","Uracil",0.00728698683188194,0.509852216748768
"2530","N-Ac-Alanine","N-Ac-Phenylalanine",0.0490938039117374,0.297044334975369
"2531","N-Ac-Alanine","NADH",0.0287059346723448,0.433497536945813
"2532","N-Ac-Alanine","Neopterin",0.0461544470807424,0.424137931034483
"2533","N-Ac-Alanine","Pantothenate",0.0455088141336418,0.438423645320197
"2534","N-Ac-Alanine","Phosphotyrosine",0.0271381714201977,0.457635467980296
"2535","N-Ac-Alanine","Pseudouridine",0.000355925573574387,0.474384236453202
"2536","N-Ac-Alanine","Reduced Glutathione",0.0148122779873761,0.48423645320197
"2537","N-Ac-Alanine","Sorbitol",0.00556105910607969,-0.465024630541872
"2538","N-Ac-Alanine","Succinate",0.0137850170100667,-0.548275862068965
"2539","N-Ac-Alanine","Uracil",0.0170020973440953,0.477339901477832
"2540","N-Ac-Arginine","N-AcetylGlycine",0.0431418059203608,-0.541871921182266
"2541","N-Ac-Arginine","N6-Acetyl-Lysine",0.00272756521947589,0.645320197044335
"2542","N-Ac-Arginine","NADH",0.0374782474747023,0.550246305418719
"2543","N-Ac-Arginine","Oxalacetate",0.00360687697063154,-0.635960591133005
"2544","N-Ac-Arginine","Pantothenate",0.02449061497959,0.557635467980296
"2545","N-Ac-Arginine","Phenylacetic Acid",0.022432339716535,-0.601477832512315
"2546","N-Ac-Arginine","Retinol",0.0478926108866997,-0.53448275862069
"2547","N-Ac-Arginine","S-Adenosylmethionine (SAM)",0.00178101685870922,0.676847290640394
"2548","N-Ac-Arginine","SAH",0.00111721962455676,0.670443349753694
"2549","N-Ac-Arginine","Suberic Acid",0.00640375390345464,-0.638423645320197
"2550","N-Ac-Arginine","Succinylcarnitine",0.00234034110399775,0.72167487684729
"2551","N-Ac-Arginine","UDP-GlcNAc",0.0355559944508027,0.495566502463054
"2552","N-Ac-Arginine","Uracil",0.00767375491175619,0.621674876847291
"2553","N-Ac-Arginine","Urate",0.04297203135345,-0.413300492610837
"2554","N-Ac-L-Glutamine","Pipecolate",0.00287551173826791,0.585221674876847
"2555","N-Ac-L-Glutamine","Pyruvate",0.0227226994171468,0.598029556650246
"2556","N-Ac-L-Glutamine","S-Adenosylmethionine (SAM)",0.0375890049501992,0.592610837438424
"2557","N-Ac-L-Glutamine","Suberic Acid",0.0247478066068991,-0.5935960591133
"2558","N-Ac-L-Glutamine","Trigonelline",0.00936400937523739,-0.693103448275862
"2559","N-Ac-L-Glutamine","Uracil",0.036016287234,0.58128078817734
"2560","N-Ac-Phenylalanine","N2,N2-Dimethylguanosine",3.55911088164052e-05,0.688177339901478
"2561","N-Ac-Phenylalanine","Neopterin",3.29296365575172e-05,0.790147783251231
"2562","N-Ac-Phenylalanine","Pyridoxamine",0.0103318779809345,0.55320197044335
"2563","N-Ac-Phenylalanine","Serine",0.00569934712923783,0.492118226600985
"2564","N-Ac-Phenylalanine","Taurine",0.0177671694258482,0.276354679802956
"2565","N-Ac-Phenylalanine","Urate",0.0226716334456918,0.466502463054187
"2566","N-Ac-Phenylalanine","Uridine",0.0288038260027024,-0.291625615763547
"2567","N-Ac-Phenylalanine","Xanthurenic Acid",0.00107629356631203,0.462068965517241
"2568","N-Acetyl-Aspartate (NAA)","N-AcetylGlycine",0.0151976377737638,0.558620689655172
"2569","N-Acetyl-Aspartate (NAA)","Pseudouridine",0.0460723553806801,-0.517733990147783
"2570","N-Acetyl-Aspartate (NAA)","S-Adenosylmethionine (SAM)",0.0326361503604186,-0.458128078817734
"2571","N-Acetyl-Aspartate (NAA)","Spermidine",0.0161114889735006,-0.470443349753694
"2572","N-Acetyl-Aspartate (NAA)","Suberic Acid",0.00130649632845832,0.645320197044335
"2573","N-Acetyl-Aspartate (NAA)","Sucrose",0.0379892619913928,0.431527093596059
"2574","N-Acetyl-Aspartate (NAA)","Thiamine",0.00813932474286684,-0.552216748768473
"2575","N-Acetyl-Aspartate (NAA)","Trigonelline",0.032960736080062,0.455665024630542
"2576","N-Acetyl-Aspartate (NAA)","Tryptophan",0.0268968389518618,-0.442857142857143
"2577","N-Acetyl-Aspartate (NAA)","Uracil",0.0252466800649231,-0.541379310344827
"2578","N-AcetylGlycine","n-Glycylproline",0.0326361503604186,-0.499507389162561
"2579","N-AcetylGlycine","NADH",0.012120669593075,-0.579802955665024
"2580","N-AcetylGlycine","PEP",3.66047140621273e-05,-0.756650246305419
"2581","N-AcetylGlycine","Phenylacetic Acid",0.0220632731657585,0.450738916256158
"2582","N-AcetylGlycine","Phosphorylcholine",0.035227885168858,-0.482758620689655
"2583","N-AcetylGlycine","Phosphoserine",0.0358701857308614,-0.479802955665025
"2584","N-AcetylGlycine","Pyruvate",0.000661462313374078,-0.651231527093596
"2585","N-AcetylGlycine","Retinol",0.000181182550611521,0.762068965517241
"2586","N-AcetylGlycine","S-Adenosylmethionine (SAM)",0.000170347050390354,-0.736945812807882
"2587","N-AcetylGlycine","Suberic Acid",5.90804695167056e-07,0.811822660098522
"2588","N-AcetylGlycine","Succinylcarnitine",0.00854358811482339,-0.630049261083744
"2589","N-AcetylGlycine","Thiamine",0.000710242253843421,-0.689162561576355
"2590","N-AcetylGlycine","Trigonelline",0.00545426842472939,0.635467980295566
"2591","N-AcetylGlycine","Tryptophan",0.028776372696174,-0.627586206896552
"2592","N-AcetylGlycine","UDP-GlcNAc",0.0254217173039475,-0.536453201970443
"2593","N-AcetylGlycine","Uracil",0.0109909818494636,-0.610837438423645
"2594","N-AcetylGlycine","Urate",0.049769800363613,0.43743842364532
"2595","n-Glycylproline","Oxalacetate",0.0119862725994863,-0.623152709359606
"2596","n-Glycylproline","PEP",0.0137411489757752,0.636945812807882
"2597","n-Glycylproline","Phenylacetic Acid",0.0177671694258482,-0.63743842364532
"2598","n-Glycylproline","Phenylalanine",0.000755851570111404,0.598522167487685
"2599","n-Glycylproline","Putrescine",0.0456680791613379,0.303940886699507
"2600","n-Glycylproline","Pyridoxamine",0.012177156888294,-0.491133004926108
"2601","n-Glycylproline","Pyruvate",0.00397085737725164,0.622167487684729
"2602","n-Glycylproline","Retinol",0.0121048831992178,-0.599507389162562
"2603","n-Glycylproline","S-Adenosylmethionine (SAM)",0.000417968712317277,0.669458128078818
"2604","n-Glycylproline","SAH",0.000720309089977297,0.71231527093596
"2605","n-Glycylproline","Suberic Acid",0.000869990502425002,-0.671428571428571
"2606","n-Glycylproline","Succinylcarnitine",0.00161000269142294,0.667487684729064
"2607","n-Glycylproline","Sucrose",0.00109057009802136,-0.592610837438424
"2608","n-Glycylproline","Taurine",0.0204656207405947,-0.475369458128079
"2609","n-Glycylproline","Thiamine",0.00703943245397968,0.588177339901478
"2610","n-Glycylproline","Trigonelline",0.0047758588687788,-0.622660098522167
"2611","n-Glycylproline","Tryptophan",0.000816200784300106,0.649261083743842
"2612","n-Glycylproline","UDP-GlcNAc",0.000149819083518662,0.714285714285714
"2613","n-Glycylproline","UMP",0.00626167350068486,0.598522167487685
"2614","n-Glycylproline","Uracil",0.00676668510180835,0.590147783251231
"2615","n-Glycylproline","Urate",0.00154236447153439,-0.607881773399015
"2616","n-Glycylproline","Uridine",0.000685247146928799,0.628571428571428
"2617","n-Glycylproline","Valine",0.0110516834753606,0.42512315270936
"2618","n-Glycylproline","Xanthosine",0.0479361973295104,0.398522167487685
"2619","N2,N2-Dimethylguanosine","NAD",0.021680729418114,0.273891625615764
"2620","N2,N2-Dimethylguanosine","Neopterin",5.2562675219659e-05,0.670443349753694
"2621","N2,N2-Dimethylguanosine","Oxidized Glutathione",0.0119862725994863,0.474384236453202
"2622","N2,N2-Dimethylguanosine","Pantothenate",0.0164792828002371,0.486206896551724
"2623","N2,N2-Dimethylguanosine","Phosphotyrosine",0.0308010235220186,0.456650246305419
"2624","N2,N2-Dimethylguanosine","Serine",0.0494345694224957,0.341871921182266
"2625","N2,N2-Dimethylguanosine","Sorbitol",0.0308639472555426,-0.387684729064039
"2626","N2,N2-Dimethylguanosine","Xanthurenic Acid",0.000588313149433224,0.540394088669951
"2627","N6-Acetyl-Lysine","N6-Trimethyllysine",2.27765039654769e-05,0.753694581280788
"2628","N6-Acetyl-Lysine","Oxalacetate",1.45007491659435e-08,-0.8935960591133
"2629","N6-Acetyl-Lysine","Palmitic Acid",2.14659012476429e-05,-0.734975369458128
"2630","N6-Acetyl-Lysine","Phenylacetic Acid",0.00538009765277688,-0.642857142857143
"2631","N6-Acetyl-Lysine","Phenylalanine",0.0154381230846518,0.605911330049261
"2632","N6-Acetyl-Lysine","Pyridoxamine",0.0140877838703172,-0.614778325123153
"2633","N6-Acetyl-Lysine","S-Adenosylmethionine (SAM)",0.0162801633488172,0.661576354679803
"2634","N6-Acetyl-Lysine","S-Methylcysteine",0.00523723711941912,-0.500985221674877
"2635","N6-Acetyl-Lysine","SAH",9.53042961286579e-06,0.776354679802955
"2636","N6-Acetyl-Lysine","Succinylcarnitine",0.000890770428546071,0.724630541871921
"2637","N6-Acetyl-Lysine","Tyrosine",0.00129440706212217,-0.620197044334975
"2638","N6-Acetyl-Lysine","Urate",0.00350114414512716,-0.686206896551724
"2639","N6-Trimethyllysine","Oxalacetate",0.000914548290739943,-0.716256157635468
"2640","N6-Trimethyllysine","Palmitic Acid",9.3883348859366e-06,-0.656650246305419
"2641","N6-Trimethyllysine","Pyridoxamine",0.0313787125667169,-0.495566502463054
"2642","N6-Trimethyllysine","Pyroglutamic Acid",0.0368717183974905,0.213793103448276
"2643","N6-Trimethyllysine","S-Methylcysteine",0.000228448516619829,-0.53743842364532
"2644","N6-Trimethyllysine","SAH",0.0202661764454329,0.599507389162562
"2645","N6-Trimethyllysine","Tyrosine",0.00013874528432981,-0.587192118226601
"2646","N6-Trimethyllysine","Urate",0.0353560853041148,-0.521182266009852
"2647","NAD","NADH",0.0164208486697913,0.466502463054187
"2648","NAD","Niacinamide",0.00122133872719882,-0.407389162561576
"2649","NAD","Oxidized Glutathione",0.000108437118426133,0.603448275862069
"2650","NAD","Phenylalanine",0.0155793939271355,-0.244827586206897
"2651","NAD","Putrescine",0.00171316128756465,-0.231034482758621
"2652","NAD","Reduced Glutathione",0.0424318677806602,0.545812807881773
"2653","NAD","Taurine",0.0302462705184774,0.138916256157635
"2654","NAD","Tryptophan",0.0268968389518618,0.0665024630541872
"2655","NAD","Uridine",0.00233153798076179,-0.154679802955665
"2656","NAD","Valine",0.0315287348634294,-0.210344827586207
"2657","NADH","Pantothenate",0.0308639472555426,0.542364532019704
"2658","NADH","Phenylacetic Acid",0.0217254826869413,-0.575862068965517
"2659","NADH","Phosphotyrosine",0.0437239956474139,0.532019704433497
"2660","NADH","Reduced Glutathione",0.0451945078122974,0.42512315270936
"2661","NADH","Sorbitol",0.0252253297773264,-0.572906403940887
"2662","NADH","Suberic Acid",0.00354802755660374,-0.678817733990148
"2663","NADH","Uracil",0.027257392596006,0.55320197044335
"2664","Neopterin","Phosphotyrosine",0.0441532429671039,0.470443349753694
"2665","Neopterin","Pseudouridine",0.0199804369970973,0.431527093596059
"2666","Neopterin","Pyridoxamine",0.0133337587459195,0.543349753694581
"2667","Neopterin","Urate",0.0312901423804923,0.468472906403941
"2668","Neopterin","Xanthurenic Acid",0.0158992295610584,0.44679802955665
"2669","Niacinamide","Phenylalanine",0.00511144181158964,0.342364532019704
"2670","Niacinamide","Tryptophan",0.0116350706185609,0.0970443349753694
"2671","Niacinamide","UDP-Glucose",0.00275683405215583,0.300985221674877
"2672","Niacinamide","Uridine",0.00827282865627832,0.229064039408867
"2673","Niacinamide","Xanthosine",0.0110934453871871,0.372413793103448
"2674","Nicotinic Acid","o-Phosphoethanolamine",0.035777385003511,-0.278817733990148
"2675","o-Phosphoethanolamine","PEP",0.0312266205837728,0.495073891625616
"2676","o-Phosphoethanolamine","Phosphoserine",8.58951283505443e-06,0.716748768472906
"2677","o-Phosphoethanolamine","Retinol",0.0220525019523903,-0.510837438423645
"2678","o-Phosphoethanolamine","Ribose-5-P",0.020694229319305,0.183251231527094
"2679","o-Phosphoethanolamine","Sedoheptulose 7-Phosphate",0.0466477818590275,-0.0103448275862069
"2680","Ornithine","Serine",0.00554355448743592,0.480788177339901
"2681","Orotate","Retinol",0.033025582255746,-0.515270935960591
"2682","Oxalacetate","Palmitic Acid",2.65005419931025e-06,0.806403940886699
"2683","Oxalacetate","PEP",0.00747280137327386,-0.606403940886699
"2684","Oxalacetate","Phenylacetic Acid",4.89008581691344e-05,0.76551724137931
"2685","Oxalacetate","Phenylalanine",0.0229478342204294,-0.58423645320197
"2686","Oxalacetate","Pyridoxamine",0.000921998021110366,0.726600985221675
"2687","Oxalacetate","Retinol",0.0374493271002133,0.57487684729064
"2688","Oxalacetate","S-Adenosylmethionine (SAM)",0.000178007625819433,-0.797044334975369
"2689","Oxalacetate","S-Methylcysteine",0.00769617509627448,0.48423645320197
"2690","Oxalacetate","SAH",2.84445444649405e-08,-0.915763546798029
"2691","Oxalacetate","Suberic Acid",0.0184927847396012,0.596059113300493
"2692","Oxalacetate","Succinylcarnitine",2.28398121074739e-05,-0.802463054187192
"2693","Oxalacetate","Sucrose",0.0315287348634294,0.482758620689655
"2694","Oxalacetate","Taurine",0.0274153157956327,0.474384236453202
"2695","Oxalacetate","Thiamine",0.0453263708972515,-0.514778325123153
"2696","Oxalacetate","Tryptophan",0.0260965292441627,-0.617241379310345
"2697","Oxalacetate","Tyrosine",0.00317045382330566,0.583743842364532
"2698","Oxalacetate","UDP-GlcNAc",0.0372844393901136,-0.523645320197044
"2699","Oxalacetate","Urate",8.748578290898e-05,0.790147783251231
"2700","Oxalacetate","Uridine",0.0462824565046542,-0.500985221674877
"2701","Oxidized Glutathione","Phenylalanine",0.0254217173039475,-0.373399014778325
"2702","Oxidized Glutathione","Putrescine",0.0356959798522795,-0.157635467980296
"2703","Oxidized Glutathione","Ribulose 5-Phosphate",0.0396703435679681,-0.54679802955665
"2704","Oxidized Glutathione","Taurine",0.00372827378994429,0.482758620689655
"2705","Oxidized Glutathione","Uridine",0.0100110460717848,-0.277339901477832
"2706","Oxidized Glutathione","Valine",0.04580890073898,-0.361083743842364
"2707","Palmitic Acid","Phenylacetic Acid",0.00442051251205667,0.692118226600985
"2708","Palmitic Acid","Pseudouridine",0.0321569807883469,0.42807881773399
"2709","Palmitic Acid","Pyridoxamine",0.00371303681291818,0.652216748768473
"2710","Palmitic Acid","Pyroglutamic Acid",0.031022352449211,-0.357142857142857
"2711","Palmitic Acid","S-Methylcysteine",8.07267659002556e-06,0.715763546798029
"2712","Palmitic Acid","SAH",0.000908048388701349,-0.695566502463054
"2713","Palmitic Acid","Succinylcarnitine",0.0389282093018981,-0.562068965517241
"2714","Palmitic Acid","Tyrosine",4.35691980306742e-06,0.727093596059113
"2715","Palmitic Acid","Urate",0.00226448214469925,0.687684729064039
"2716","Pantothenate","Phosphotyrosine",0.0391486488873153,0.394088669950739
"2717","Pantothenate","Pipecolate",0.0342958937781133,0.460098522167488
"2718","Pantothenate","Ribose-5-P",0.00951543551228151,-0.52807881773399
"2719","Pantothenate","Ribulose 5-Phosphate",0.00452313876861677,-0.634482758620689
"2720","Pantothenate","UDP-GlcNAc",0.0348342977328868,0.482758620689655
"2721","Pantothenate","Uracil",0.00793717333193888,0.616256157635468
"2722","PEP","Phenylacetic Acid",0.00514116737911931,-0.551231527093596
"2723","PEP","Pyridoxamine",0.0139083758100902,-0.619704433497537
"2724","PEP","Pyruvate",9.46876392993981e-05,0.800492610837438
"2725","PEP","Retinol",0.000309600919136635,-0.748275862068965
"2726","PEP","S-Adenosylmethionine (SAM)",2.51151351972034e-05,0.764532019704433
"2727","PEP","SAH",0.0254996504229737,0.630541871921182
"2728","PEP","Sedoheptulose 7-Phosphate",0.0119001235440883,0.479802955665025
"2729","PEP","Suberic Acid",0.000435156511514331,-0.688177339901478
"2730","PEP","Succinylcarnitine",0.00982429996463672,0.610344827586207
"2731","PEP","Taurine",0.0167246493712163,-0.586699507389162
"2732","PEP","Thiamine",0.00122299614736322,0.668472906403941
"2733","PEP","Tryptophan",0.0455348520309211,0.540394088669951
"2734","PEP","UDP-GlcNAc",0.0313780968216019,0.552216748768473
"2735","PEP","Urate",0.00103809204076983,-0.718226600985222
"2736","Phenylacetic Acid","Pyridoxamine",0.022432339716535,0.521182266009852
"2737","Phenylacetic Acid","Pyruvate",0.00620650539066914,-0.555665024630542
"2738","Phenylacetic Acid","Retinol",0.029781181825985,0.515763546798029
"2739","Phenylacetic Acid","S-Adenosylmethionine (SAM)",0.00316575491689143,-0.692610837438424
"2740","Phenylacetic Acid","SAH",0.000854272369115934,-0.740394088669951
"2741","Phenylacetic Acid","Suberic Acid",0.00803917215164432,0.601477832512315
"2742","Phenylacetic Acid","Succinylcarnitine",0.0019996153214043,-0.669950738916256
"2743","Phenylacetic Acid","Thiamine",0.0458551464550083,-0.5
"2744","Phenylacetic Acid","UDP-GlcNAc",0.0287522087356597,-0.555665024630542
"2745","Phenylacetic Acid","Urate",0.00746513343860818,0.597536945812808
"2746","Phenylalanine","Pyridoxamine",0.0479361973295104,-0.455172413793103
"2747","Phenylalanine","S-Adenosylmethionine (SAM)",0.0154055688500389,0.589162561576355
"2748","Phenylalanine","SAH",0.0290976500113414,0.532019704433497
"2749","Phenylalanine","Suberic Acid",0.0464849755823524,-0.446305418719212
"2750","Phenylalanine","Succinylcarnitine",0.00603299170224654,0.585714285714286
"2751","Phenylalanine","Sucrose",0.00177023486299373,-0.560098522167488
"2752","Phenylalanine","Taurine",0.00161167103012593,-0.528571428571428
"2753","Phenylalanine","Thiamine",0.0181051998495488,0.567487684729064
"2754","Phenylalanine","Threonine",0.04840758957155,0.481773399014778
"2755","Phenylalanine","Tryptophan",8.6186072046641e-05,0.666995073891625
"2756","Phenylalanine","UDP-GlcNAc",0.0234253153877215,0.536945812807882
"2757","Phenylalanine","Urate",0.00854981174912025,-0.561083743842364
"2758","Phenylalanine","Uridine",5.24954283024888e-06,0.739408866995074
"2759","Phenylalanine","Valine",0.00105007552620085,0.660591133004926
"2760","Phenylalanine","Xanthosine",0.0257750866030208,0.391133004926108
"2761","Phosphorylcholine","Retinol",0.0372001172676771,-0.388669950738916
"2762","Phosphorylcholine","Ribulose 5-Phosphate",0.0249699054919601,-0.507881773399015
"2763","Phosphorylcholine","S-Adenosylmethionine (SAM)",0.0401132536501114,0.486206896551724
"2764","Phosphorylcholine","SAH",0.040187652437162,0.506403940886699
"2765","Phosphorylcholine","Suberic Acid",0.0215484234229369,-0.495073891625616
"2766","Phosphorylcholine","Trigonelline",0.0266792279078676,-0.532019704433497
"2767","Phosphorylcholine","Tryptophan",0.0284504719152324,0.598522167487685
"2768","Phosphorylcholine","UDP-GlcNAc",0.00500761450210657,0.55320197044335
"2769","Phosphorylcholine","Uracil",0.00870022599080385,0.606403940886699
"2770","Phosphoserine","Reduced Glutathione",0.0172932650779684,0.44384236453202
"2771","Phosphoserine","Retinol",0.00571263407262812,-0.551231527093596
"2772","Phosphoserine","Sorbitol",0.000428299551073738,-0.680295566502463
"2773","Phosphoserine","Suberic Acid",0.0413142202826187,-0.507389162561576
"2774","Phosphoserine","Trigonelline",0.0381359393861835,-0.542857142857143
"2775","Phosphotyrosine","Ribose-5-P",0.0145566239260716,-0.34679802955665
"2776","Phosphotyrosine","Ribulose 5-Phosphate",0.0479894891287012,-0.323152709359606
"2777","Phosphotyrosine","Succinate",0.0155517934537885,-0.542857142857143
"2778","Phosphotyrosine","Succinylcarnitine",0.0224885238835768,0.487192118226601
"2779","Phosphotyrosine","UDP-GlcNAc",0.0403049651160135,0.466995073891625
"2780","Phosphotyrosine","Uracil",0.013296351667421,0.521674876847291
"2781","Proline","Uracil",0.0314832953904918,0.457142857142857
"2782","Pseudouridine","Sorbitol",0.0141843292630723,-0.461083743842364
"2783","Pseudouridine","Succinate",0.0490181066403086,-0.401970443349754
"2784","Putrescine","S-Adenosylmethionine (SAM)",0.0256236949442493,0.435467980295566
"2785","Putrescine","Spermidine",0.00886359417361479,0.318226600985222
"2786","Putrescine","Taurine",0.0159049208417625,-0.364532019704433
"2787","Putrescine","Threonine",0.0304856032009376,0.487192118226601
"2788","Putrescine","Tryptophan",0.000747464200880109,0.419704433497537
"2789","Putrescine","Uridine",0.00141805748385338,0.322660098522167
"2790","Putrescine","Valine",0.00175206699162715,0.563546798029557
"2791","Pyridoxamine","S-Adenosylmethionine (SAM)",0.00281392804966841,-0.6
"2792","Pyridoxamine","SAH",0.00115780954543763,-0.753694581280788
"2793","Pyridoxamine","Suberic Acid",0.0145317922064826,0.513793103448276
"2794","Pyridoxamine","Succinylcarnitine",0.0115656022496806,-0.583251231527093
"2795","Pyridoxamine","Sucrose",0.024070289210356,0.42807881773399
"2796","Pyridoxamine","Taurine",0.0364031852971826,0.336453201970443
"2797","Pyridoxamine","Thiamine",0.0424928057916994,-0.44384236453202
"2798","Pyridoxamine","UDP-GlcNAc",0.00463540549239615,-0.608866995073892
"2799","Pyridoxamine","Urate",2.86725436812969e-11,0.917241379310345
"2800","Pyridoxamine","Uridine",0.0355052008362919,-0.386699507389162
"2801","Pyroglutamic Acid","S-Methylcysteine",0.0407034251270012,-0.286206896551724
"2802","Pyruvate","Retinol",0.00661295706798846,-0.610837438423645
"2803","Pyruvate","S-Adenosylmethionine (SAM)",0.000225713275301375,0.695566502463054
"2804","Pyruvate","Suberic Acid",0.000231846339957179,-0.679310344827586
"2805","Pyruvate","Succinylcarnitine",0.0174136595638704,0.504433497536946
"2806","Pyruvate","Thiamine",0.00010463592781828,0.759113300492611
"2807","Pyruvate","Trigonelline",0.000643244138465512,-0.715763546798029
"2808","Pyruvate","Tryptophan",0.0298319895535557,0.537931034482758
"2809","Pyruvate","UDP-GlcNAc",0.012369502020074,0.551231527093596
"2810","Pyruvate","UMP",0.035786650449156,0.466995073891625
"2811","Pyruvate","Uracil",0.0100437561250629,0.573891625615763
"2812","Pyruvate","Urate",0.0470946550504937,-0.47192118226601
"2813","Pyruvate","Valine",0.0435629907033359,0.445812807881773
"2814","Reduced Glutathione","UDP-Glucose",0.0431048548733741,-0.47487684729064
"2815","Retinol","S-Adenosylmethionine (SAM)",0.000155832317494564,-0.814778325123153
"2816","Retinol","SAH",0.0140877838703172,-0.664039408866995
"2817","Retinol","Suberic Acid",5.33123301978639e-06,0.855172413793103
"2818","Retinol","Succinylcarnitine",0.00497552650641644,-0.687684729064039
"2819","Retinol","Thiamine",0.0142475691454494,-0.598029556650246
"2820","Retinol","Trigonelline",0.0157106558777504,0.629064039408867
"2821","Retinol","Tryptophan",0.0460652871255955,-0.552709359605911
"2822","Retinol","UDP-GlcNAc",0.0160227051677586,-0.559605911330049
"2823","Retinol","Uracil",0.0399495400293707,-0.545320197044335
"2824","Retinol","Urate",0.0110220753349933,0.577339901477832
"2825","Riboflavin","Tryptophan",0.0071161854495514,0.549753694581281
"2826","Riboflavin","Uracil",0.00434934003746421,0.60935960591133
"2827","Riboflavin","Xanthosine",0.0395000310791135,0.444334975369458
"2828","Ribose-5-P","Ribulose 5-Phosphate",0.00208633969685835,0.563546798029557
"2829","Ribose-5-P","Sedoheptulose 7-Phosphate",0.000689275367402613,0.404926108374384
"2830","Ribose-5-P","Serine",0.00986629199200541,-0.427586206896552
"2831","Ribose-5-P","Xanthurenic Acid",0.0212635148487572,-0.458128078817734
"2832","Ribulose 5-Phosphate","UDP-GlcNAc",0.0157432686484076,-0.464039408866995
"2833","Ribulose 5-Phosphate","Uracil",0.0189858214184266,-0.49064039408867
"2834","S-Adenosylmethionine (SAM)","SAH",6.46180067707089e-05,0.849753694581281
"2835","S-Adenosylmethionine (SAM)","Spermidine",0.0487547221827163,0.346305418719212
"2836","S-Adenosylmethionine (SAM)","Suberic Acid",7.5871809507386e-08,-0.881773399014778
"2837","S-Adenosylmethionine (SAM)","Succinylcarnitine",2.1585983225853e-05,0.842364532019704
"2838","S-Adenosylmethionine (SAM)","Sucrose",0.00109057009802136,-0.547783251231527
"2839","S-Adenosylmethionine (SAM)","Taurine",0.020392723286608,-0.515270935960591
"2840","S-Adenosylmethionine (SAM)","Thiamine",8.4226142136289e-05,0.733990147783251
"2841","S-Adenosylmethionine (SAM)","Trigonelline",0.0007507699760876,-0.769458128078818
"2842","S-Adenosylmethionine (SAM)","Tryptophan",0.000644207035990297,0.744827586206896
"2843","S-Adenosylmethionine (SAM)","UDP-GlcNAc",0.000795022302970459,0.661083743842364
"2844","S-Adenosylmethionine (SAM)","Uracil",0.00122520354240151,0.751231527093596
"2845","S-Adenosylmethionine (SAM)","Urate",0.000181182550611521,-0.683743842364532
"2846","S-Adenosylmethionine (SAM)","Uridine",0.00365332259056679,0.554679802955665
"2847","S-Adenosylmethionine (SAM)","Valine",0.011577470864382,0.516256157635468
"2848","S-Methylcysteine","SAH",0.0417729680959794,-0.347290640394089
"2849","S-Methylcysteine","Tyrosine",1.86148171822677e-13,0.908866995073891
"2850","S-Methylcysteine","UDP-Glucose",0.0433187039277203,-0.301477832512315
"2851","SAH","Suberic Acid",0.00214455539211736,-0.739408866995074
"2852","SAH","Succinylcarnitine",2.03865398536412e-07,0.875369458128079
"2853","SAH","Sucrose",0.00442051251205667,-0.597044334975369
"2854","SAH","Thiamine",0.0284143210300247,0.609852216748768
"2855","SAH","Tryptophan",0.0103318779809345,0.621182266009852
"2856","SAH","Tyrosine",0.0179089850241639,-0.464532019704433
"2857","SAH","UDP-GlcNAc",0.00154203642256025,0.659605911330049
"2858","SAH","UMP",0.0463790691465285,0.455665024630542
"2859","SAH","Uracil",0.00336478882058611,0.708374384236453
"2860","SAH","Urate",0.000149819083518662,-0.791133004926108
"2861","Sedoheptulose 7-Phosphate","Serine",0.0331587651145677,-0.455172413793103
"2862","Sedoheptulose 7-Phosphate","UDP-Glucose",0.00795095258531329,-0.341379310344828
"2863","Serine","Taurine",0.00797462788304291,0.601970443349754
"2864","Serine","Xanthurenic Acid",0.00885040788645761,0.405911330049261
"2865","Sorbitol","Trigonelline",0.0434339567984706,0.460591133004926
"2866","Spermidine","Suberic Acid",0.0144963972971995,-0.568472906403941
"2867","Spermidine","Sucrose",0.00621039792709413,-0.448275862068965
"2868","Spermidine","Trigonelline",0.0424318677806602,-0.396059113300493
"2869","Spermidine","Tryptophan",0.0116286490022475,0.306403940886699
"2870","Spermidine","UDP-GlcNAc",0.0170415062786682,0.564039408866995
"2871","Spermidine","Uracil",0.033573078294111,0.483251231527093
"2872","Spermidine","Uridine",0.0090060438560919,0.398522167487685
"2873","Spermidine","Valine",0.0291301212992574,0.360591133004926
"2874","Suberic Acid","Succinylcarnitine",5.45990875289129e-05,-0.800985221674877
"2875","Suberic Acid","Sucrose",0.0058731823188649,0.542364532019704
"2876","Suberic Acid","Thiamine",8.71064166120471e-05,-0.719211822660098
"2877","Suberic Acid","Trigonelline",5.75529477533936e-05,0.793103448275862
"2878","Suberic Acid","Tryptophan",0.0012877789486815,-0.712807881773399
"2879","Suberic Acid","UDP-GlcNAc",0.000144194026116996,-0.76256157635468
"2880","Suberic Acid","Uracil",4.49584379800894e-05,-0.816256157635468
"2881","Suberic Acid","Urate",0.00244040531613531,0.573399014778325
"2882","Suberic Acid","Uridine",0.0489796192414355,-0.415763546798029
"2883","Suberic Acid","Valine",0.0353577749440146,-0.455172413793103
"2884","Succinate","Threonine",0.030825990621601,-0.532512315270936
"2885","Succinylcarnitine","Sucrose",0.000936642179746105,-0.623645320197044
"2886","Succinylcarnitine","Thiamine",0.0181408034321611,0.58128078817734
"2887","Succinylcarnitine","Threonine",0.0444352620706286,0.466502463054187
"2888","Succinylcarnitine","Trigonelline",0.00477165490716668,-0.676847290640394
"2889","Succinylcarnitine","Tryptophan",0.00193334411250376,0.723645320197044
"2890","Succinylcarnitine","UDP-GlcNAc",0.00331124109146554,0.649753694581281
"2891","Succinylcarnitine","UMP",0.0153560472681699,0.486206896551724
"2892","Succinylcarnitine","Uracil",0.00098820394544172,0.742364532019704
"2893","Succinylcarnitine","Urate",0.000921998021110366,-0.668472906403941
"2894","Succinylcarnitine","Uridine",0.0230015434530758,0.541379310344827
"2895","Succinylcarnitine","Valine",0.0398544733871269,0.45615763546798
"2896","Sucrose","Taurine",0.0268879094455914,0.405418719211823
"2897","Sucrose","Thiamine",0.00397085737725164,-0.591625615763547
"2898","Sucrose","Trigonelline",0.0151688934995162,0.513793103448276
"2899","Sucrose","Tryptophan",0.00266523433283218,-0.519211822660098
"2900","Sucrose","UDP-GlcNAc",0.0117044780895289,-0.511822660098522
"2901","Sucrose","Uracil",0.0112140428002117,-0.533990147783251
"2902","Sucrose","Urate",0.00626167350068486,0.477832512315271
"2903","Sucrose","Uridine",0.000609360406712006,-0.658128078817734
"2904","Sucrose","Valine",0.00371048036722674,-0.430541871921182
"2905","Sucrose","Xanthurenic Acid",0.0390992795780144,0.342857142857143
"2906","Taurine","Thiamine",0.0214349797931259,-0.482758620689655
"2907","Taurine","Tryptophan",0.0154781525890784,-0.359113300492611
"2908","Taurine","Urate",0.00669617912770016,0.478817733990148
"2909","Taurine","Uridine",2.55375327734949e-05,-0.703448275862069
"2910","Taurine","Valine",0.033269888093172,-0.354679802955665
"2911","Taurine","Xanthurenic Acid",0.0335742103054416,0.224630541871921
"2912","Thiamine","Trigonelline",0.028776372696174,-0.572906403940887
"2913","Thiamine","Tryptophan",0.00980643855107926,0.635467980295566
"2914","Thiamine","UDP-GlcNAc",0.0215094661078934,0.561083743842364
"2915","Thiamine","Uracil",0.0186016994297277,0.60935960591133
"2916","Thiamine","Urate",0.00755243120636574,-0.519704433497537
"2917","Thiamine","Uridine",0.0315867539279007,0.485221674876847
"2918","Thiamine","Valine",0.00574921045904875,0.6
"2919","Threonine","Valine",0.00532945879652369,0.631527093596059
"2920","Trigonelline","Tryptophan",0.0110092086893398,-0.583743842364532
"2921","Trigonelline","UDP-GlcNAc",0.00187516767942578,-0.686699507389162
"2922","Trigonelline","Uracil",1.64788404781165e-06,-0.839901477832512
"2923","Trigonelline","Valine",0.0153979912504952,-0.47487684729064
"2924","Tryptophan","UDP-GlcNAc",0.00492070565228277,0.655665024630542
"2925","Tryptophan","Uracil",0.00471244014525757,0.725615763546798
"2926","Tryptophan","Urate",0.0302462705184774,-0.450738916256158
"2927","Tryptophan","Uridine",7.4722050734462e-05,0.464039408866995
"2928","Tryptophan","Valine",0.00133187171868339,0.550246305418719
"2929","Tryptophan","Xanthosine",0.00423530684954817,0.472906403940887
"2930","UDP-GlcNAc","Uracil",0.00012943006505184,0.752216748768473
"2931","UDP-GlcNAc","Urate",0.000632671732028767,-0.68128078817734
"2932","UDP-GlcNAc","Valine",0.0139721596093793,0.53448275862069
"2933","Urate","Uridine",0.00980683785823591,-0.513300492610837
"2934","Urate","Valine",0.0273946057185915,-0.476354679802956
"2935","Uridine","Valine",0.00289382219927545,0.488177339901478
"2936","Uridine","Xanthosine",0.0274706328588455,0.351724137931034
"2937","Uridine","Xanthurenic Acid",0.0457785721588345,-0.166502463054187
