"genotype","COMPOUND","mean","variance","sd","range","se","n_samples"
"138","1-Methyladenosine",-0.0279162512618558,0.00468541303099702,0.0684500769246976,0.157337200795527,0.0306118050137427,5
"177","1-Methyladenosine",-0.0663155528003518,0.0076275755506286,0.0873359922977268,0.21489208070026,0.0356547695515121,6
"208","1-Methyladenosine",-0.100151252466627,0.00496856748452112,0.0704880662560771,0.152537837823621,0.0352440331280386,4
"235","1-Methyladenosine",-0.072905802874396,0.00902075059616544,0.0949776320833776,0.209998777747518,0.0387744559303447,6
"303","1-Methyladenosine",0.0042330372881311,0.00837366927062016,0.0915077552485043,0.226896299433098,0.0373578846443875,6
"306","1-Methyladenosine",-0.116109035528872,0.00462397626240136,0.0679998254586095,0.130151186414979,0.0339999127293047,4
"309","1-Methyladenosine",-0.0343809123770754,0.00553246432031722,0.0743805372413861,0.174276086448509,0.0303657271725796,6
"31","1-Methyladenosine",-0.0974643887516502,0.0126577609873464,0.112506715298894,0.253801873632308,0.056253357649447,4
"319","1-Methyladenosine",-0.0988889292059147,0.00339929416867862,0.0583034661806536,0.144715674752014,0.0260741027407603,5
"320","1-Methyladenosine",-0.0673717989793953,0.00452906879911679,0.067298356585557,0.189357179300066,0.0274744390270811,6
"324","1-Methyladenosine",0.0577466747357953,0.00608837063475869,0.0780280118595796,0.179091326004378,0.0390140059297898,4
"358","1-Methyladenosine",0.0737670578810664,3.73593620818456e-05,0.00611223053245259,0.0107367517594688,0.00352889794326055,3
"373","1-Methyladenosine",0.0779898669755399,0.00059934516454424,0.0244815270059741,0.052167005413016,0.00999454154813383,6
"375","1-Methyladenosine",0.0369028239141046,0.0102472276087294,0.101228590866066,0.143158846102708,0.0715794230513541,2
"381","1-Methyladenosine",0.119953805480513,0.00653876487118624,0.0808626296331392,0.203737675501997,0.0330120303101416,6
"406","1-Methyladenosine",0.0737599023607782,0.00809173425228142,0.089954067458239,0.22851685913203,0.0367235942600971,6
"42","1-Methyladenosine",-0.0358000074536051,0.0250459660564555,0.158259173688148,0.223812269799739,0.111906134899869,2
"440","1-Methyladenosine",0.0566933416384391,0.00777622176881218,0.0881828881859297,0.259290976568076,0.0360005133500718,6
"502","1-Methyladenosine",0.0390697347276489,0.00610342335654468,0.0781244094796542,0.162791872053539,0.0390622047398271,4
"513","1-Methyladenosine",0.0516014860804534,0.00706577101635274,0.0840581406905526,0.252545816154388,0.034316592236489,6
"531","1-Methyladenosine",0.129715479315455,0.00915140600556767,0.0956629813750735,0.207122955429606,0.0427817858569921,5
"535","1-Methyladenosine",-0.057299330910791,0.029914158623593,0.172957100529562,0.378229454467503,0.086478550264781,4
"566","1-Methyladenosine",0.00770425672075474,0.00620077025102076,0.0787449696870902,0.210203512713497,0.0321474992573833,6
"57","1-Methyladenosine",-0.103218129733803,0.00628205020834088,0.079259385616726,0.217748536299847,0.0323575086812445,6
"776","1-Methyladenosine",0.0956534892379862,0.00241357965894953,0.0491281961703209,0.115901865009638,0.0245640980851604,4
"83","1-Methyladenosine",0.0630402592087446,0.00351073332747264,0.0592514415645108,0.148740623995427,0.0264980502206205,5
"853","1-Methyladenosine",-0.0681715919061154,0.0192556691425558,0.138764797922801,0.335017082594831,0.056650491528547,6
"879","1-Methyladenosine",0.00604344283071018,0.0251067664578301,0.158451148490095,0.224083763168285,0.112041881584143,2
"913","1-Methyladenosine",0.0452397510129068,0.00205173107915054,0.045296038227979,0.103681201582839,0.0184920301713582,6
"138","1-Methylnicotinamide",-0.166598678733445,0.0116181703253032,0.107787616753054,0.264822724983706,0.0482040876385047,5
"177","1-Methylnicotinamide",-0.0130447835530313,0.0404341381909856,0.201082416414229,0.474516429447768,0.0820915527434518,6
"208","1-Methylnicotinamide",-0.0942277898220104,0.0114735015906367,0.107114432223845,0.251626256434051,0.0535572161119225,4
"235","1-Methylnicotinamide",-0.061877370657276,0.0160663320206868,0.126753035548214,0.330632437629637,0.0517467100736637,6
"303","1-Methylnicotinamide",-0.11153158786406,0.0123538338516917,0.111147801830228,0.304342669216503,0.0453759000860069,6
"306","1-Methylnicotinamide",-0.12393222939467,0.00379570621352099,0.0616093029786979,0.132403304239722,0.0308046514893489,4
"309","1-Methylnicotinamide",-0.0961024735688184,0.00718702972915242,0.0847763512375499,0.237363600605968,0.0346098004644937,6
"31","1-Methylnicotinamide",-0.166328450123344,0.0107219158666733,0.103546684479385,0.231802905864919,0.0517733422396924,4
"319","1-Methylnicotinamide",-0.0245358449807034,0.020374393990551,0.142738901461904,0.363427217220901,0.0638347773404921,5
"320","1-Methylnicotinamide",-0.118388221823586,0.00786026132453702,0.0886581148262076,0.207417170448446,0.0361945238135481,6
"324","1-Methylnicotinamide",-0.0482595318590706,0.00531597719712839,0.0729107481591596,0.177776335458164,0.0364553740795798,4
"358","1-Methylnicotinamide",0.0469157111908423,0.00915539015085679,0.0956838029702875,0.189435417264605,0.0552430694019826,3
"373","1-Methylnicotinamide",0.0555206987514262,0.0190969371541152,0.138191668179074,0.366168881205821,0.0564165122904563,6
"375","1-Methylnicotinamide",0.0391080756443793,0.0691092740414602,0.262886428028265,0.371777551881391,0.185888775940695,2
"381","1-Methylnicotinamide",0.101041841939198,0.0218360355326201,0.147770211925882,0.383343235950861,0.0603269364002241,6
"406","1-Methylnicotinamide",0.146395198981639,0.0726863167596547,0.269603999895504,0.718461686148917,0.110065372059559,6
"42","1-Methylnicotinamide",0.232492796604373,0.00589531656254529,0.0767809648451052,0.10858468181604,0.0542923409080198,2
"440","1-Methylnicotinamide",0.0595476683353696,0.0547036313775327,0.233888074466256,0.678632806315347,0.0954844065607335,6
"502","1-Methylnicotinamide",0.0575369909098739,0.101214693440811,0.318142567791252,0.671824004876188,0.159071283895626,4
"513","1-Methylnicotinamide",0.0341871368295292,0.070293154333996,0.265128561897801,0.784012188264036,0.10823828214792,6
"531","1-Methylnicotinamide",0.0618521885740359,0.0270009896083347,0.164319778506225,0.403993937595188,0.0734860389575254,5
"535","1-Methylnicotinamide",0.016620047063481,0.0710368283369344,0.266527350072998,0.601921287251048,0.133263675036499,4
"566","1-Methylnicotinamide",0.128699048100838,0.035236896660649,0.187714934570079,0.506761783763885,0.0766343011327707,6
"57","1-Methylnicotinamide",-0.162517352965907,0.00190147194439926,0.043605870526791,0.115380683466003,0.017802022096751,6
"776","1-Methylnicotinamide",0.103446140275173,0.00638821167266388,0.0799262889959485,0.173933146791377,0.0399631444979743,4
"83","1-Methylnicotinamide",0.0893411439713555,0.0101961876769611,0.100976173808285,0.243705326825795,0.045157917748632,5
"853","1-Methylnicotinamide",0.0528587983196007,0.0783239562890217,0.279864174715203,0.708733329183729,0.114254070889562,6
"879","1-Methylnicotinamide",-0.015223404856848,0.0105689722360544,0.102805506837204,0.145388942055814,0.072694471027907,2
"913","1-Methylnicotinamide",0.0796752623900314,0.118568309601443,0.344337493749145,0.888408305982594,0.1405751931657,6
"138","1/3-Methylhistidine",0.0511864126854714,0.00856359314814565,0.0925396841800622,0.219865223976014,0.0413850048885962,5
"177","1/3-Methylhistidine",-0.121815476465294,0.0420924574905028,0.205164464492521,0.480130064343525,0.0837580418930055,6
"208","1/3-Methylhistidine",0.0583664201957526,0.00680906824805827,0.0825170785235291,0.187438321178354,0.0412585392617646,4
"235","1/3-Methylhistidine",0.093726708249143,0.00844882550472564,0.091917492920149,0.237842592244651,0.0375251593483751,6
"303","1/3-Methylhistidine",0.128898062561456,0.011410496148903,0.106819923932303,0.3318847341725,0.0436090513328426,6
"306","1/3-Methylhistidine",0.139034670685717,0.00725864832419271,0.085197701402049,0.170542322351788,0.0425988507010245,4
"309","1/3-Methylhistidine",0.0406232000014969,0.0118134140147803,0.108689530382555,0.262184099235329,0.0443723149699981,6
"31","1/3-Methylhistidine",-0.0292483318581732,0.00848024529452883,0.0920882473203222,0.212014979001788,0.0460441236601611,4
"319","1/3-Methylhistidine",-0.0245684244583929,0.00738583707830346,0.0859408929340594,0.227818419882048,0.0384339357295176,5
"320","1/3-Methylhistidine",0.0811217720882931,0.00431324889166029,0.0656753293989478,0.18634947646199,0.0268118409527715,6
"324","1/3-Methylhistidine",-0.042840951571935,0.0234663407553619,0.153187273477146,0.353500701043206,0.076593636738573,4
"358","1/3-Methylhistidine",-0.0590247953897597,0.00526876886782628,0.0725862856731648,0.130929079949444,0.0419077115728768,3
"373","1/3-Methylhistidine",-0.0286749582477392,0.023472685419141,0.153207980925084,0.400465752378917,0.0625468962980858,6
"375","1/3-Methylhistidine",-0.0114333437040365,0.0620563059491132,0.249111031367768,0.352296199097047,0.176148099548524,2
"381","1/3-Methylhistidine",-0.00360009214640743,0.00958634019417942,0.0979098574923864,0.240614283421489,0.0399715319408272,6
"406","1/3-Methylhistidine",-0.0459478266593431,0.0199034454015505,0.14107957117014,0.344134112781252,0.0575954937495844,6
"42","1/3-Methylhistidine",-0.180943800394511,0.00334780070087967,0.0578601823439891,0.0818266545922497,0.0409133272961248,2
"440","1/3-Methylhistidine",-0.0352744524941138,0.0293188370803312,0.171227442544503,0.468293354619431,0.0699033106992928,6
"502","1/3-Methylhistidine",-0.141354488680373,0.0144892672694105,0.120371372300105,0.232887088414683,0.0601856861500526,4
"513","1/3-Methylhistidine",-0.0216181767535287,0.0156734247845227,0.125193549292776,0.324302803358577,0.051110052475879,6
"531","1/3-Methylhistidine",0.00730941267106206,0.0459856129513044,0.214442563292142,0.492372099298556,0.0959016297581062,5
"535","1/3-Methylhistidine",0.0529424617471542,0.0659654959751834,0.256837489427037,0.467513654160503,0.128418744713519,4
"566","1/3-Methylhistidine",-0.0366774504847719,0.0114174988828041,0.106852697124612,0.267244952104043,0.0436224309325758,6
"57","1/3-Methylhistidine",-0.00824683978540814,0.00331247123073492,0.0575540722341601,0.145379915700302,0.0234963515988296,6
"776","1/3-Methylhistidine",-9.20982681396568e-05,0.0131730511883434,0.114773913361632,0.257531143280938,0.0573869566808161,4
"83","1/3-Methylhistidine",-0.0592949996638683,0.00215981459032997,0.0464738054212259,0.109158930953949,0.0207837176189919,5
"853","1/3-Methylhistidine",-0.0326652547521228,0.0463994024513732,0.215405205255985,0.518112706823456,0.0879388068027736,6
"879","1/3-Methylhistidine",0.056981496716052,0.0493059437304142,0.222049417316088,0.314025297485455,0.157012648742727,2
"913","1/3-Methylhistidine",0.0613962758488235,0.0307331824516565,0.175308820233485,0.361121531258286,0.071569526163557,6
"138","2'-Deoxycytidine",-0.14107081192172,0.0409999052938448,0.20248433345285,0.541141769941917,0.0905537467958613,5
"177","2'-Deoxycytidine",-0.170468720981296,0.00660329628942656,0.0812606687729467,0.198154632449038,0.0331745291085057,6
"208","2'-Deoxycytidine",-0.149029402480892,0.00190048955289301,0.043594604630539,0.0911369718663373,0.0217973023152695,4
"235","2'-Deoxycytidine",-0.13096321178718,0.00815069381627068,0.0902811930374798,0.251251335367342,0.0368571427185891,6
"303","2'-Deoxycytidine",0.066677261780207,0.00631385204406782,0.0794597510949274,0.204800271579044,0.0324393075451882,6
"306","2'-Deoxycytidine",-0.0765198551668599,0.00956160306852652,0.097783449870244,0.211874308836665,0.048891724935122,4
"309","2'-Deoxycytidine",0.255672435723731,0.00869698518935915,0.0932576280491797,0.244714344631292,0.0380722672237924,6
"31","2'-Deoxycytidine",-0.111560460956794,0.0258012786284721,0.160627764189358,0.340642767238803,0.0803138820946791,4
"319","2'-Deoxycytidine",-0.118838489008867,0.0181668556958309,0.134784478690356,0.327241098137677,0.0602774513327014,5
"320","2'-Deoxycytidine",0.019572930679828,0.00735574630953632,0.0857656476075143,0.220441203405446,0.0350136790162938,6
"324","2'-Deoxycytidine",-0.0734177019803855,0.00489346889827336,0.0699533337180821,0.164569609518386,0.0349766668590411,4
"358","2'-Deoxycytidine",0.05638365595213,0.00138090911267073,0.0371605854726582,0.0691859859601916,0.0214546740258833,3
"373","2'-Deoxycytidine",-0.0483949603057667,0.00758457825679512,0.0870894841918077,0.219403706242023,0.0355541330386851,6
"375","2'-Deoxycytidine",-0.0999338582208414,0.0207652679057716,0.144101588838471,0.203790421294876,0.101895210647438,2
"381","2'-Deoxycytidine",0.248422746037058,0.00561424480691026,0.0749282644060988,0.185116299383752,0.0305893358512142,6
"406","2'-Deoxycytidine",0.112277912206597,0.00128586768129534,0.0358589972154177,0.103080402080202,0.0146393743109427,6
"42","2'-Deoxycytidine",0.0777937878978126,0.0110930901236193,0.10532373960138,0.148950260984124,0.074475130492062,2
"440","2'-Deoxycytidine",0.140606384004499,0.0175943404998347,0.132643659855399,0.344635767755302,0.0541515473768367,6
"502","2'-Deoxycytidine",0.232902609989982,0.0200204492227275,0.141493636686345,0.274495226517518,0.0707468183431727,4
"513","2'-Deoxycytidine",0.127965255181077,0.0259584839084331,0.161116367599425,0.436610317895919,0.0657754816382127,6
"531","2'-Deoxycytidine",0.028639549645464,0.016141915620835,0.127050838725429,0.349583114602914,0.0568188623976845,5
"535","2'-Deoxycytidine",0.127803790909613,0.0510793893929111,0.226007498532485,0.539495524681809,0.113003749266242,4
"566","2'-Deoxycytidine",-0.116894015166823,0.024959440118633,0.157985569336674,0.378896931867264,0.0644973385996572,6
"57","2'-Deoxycytidine",0.0849980802145391,0.0275418046065804,0.165957237282923,0.485035029263546,0.0677517584108589,6
"776","2'-Deoxycytidine",-0.120115415158571,0.00288992958532571,0.0537580653048983,0.126808005529795,0.0268790326524492,4
"83","2'-Deoxycytidine",-0.180230159511401,0.00931836092630069,0.0965316576377962,0.210942042252127,0.0431702696917698,5
"853","2'-Deoxycytidine",0.0597360067094815,0.0242502864284204,0.155725034687491,0.420322939419477,0.0635744791935942,6
"879","2'-Deoxycytidine",-0.0801480932767774,0.00857286490495057,0.092589766739908,0.130941703860539,0.0654708519302696,2
"913","2'-Deoxycytidine",-0.187096328845706,0.0103158762568294,0.10156710223704,0.308514055156243,0.0414645958556401,6
"138","2-Aminoadipate",0.0813887964066601,0.00679686991917504,0.0824431314250923,0.189137884296966,0.0368696892288911,5
"177","2-Aminoadipate",-0.154934177601048,0.0130739232035282,0.114341257661127,0.307862116576235,0.0466796229696432,6
"208","2-Aminoadipate",-0.203011672619682,0.00232076561202,0.0481743252367898,0.101417493591387,0.0240871626183949,4
"235","2-Aminoadipate",0.0588289887484565,0.00408588017672474,0.0639208899869576,0.139977099110622,0.0260955940621041,6
"303","2-Aminoadipate",0.0561449507898862,0.00570875130549276,0.0755562790606629,0.189501339080485,0.0308457217603262,6
"306","2-Aminoadipate",0.0218846596902852,0.006650782022032,0.081552326895264,0.181291590225009,0.040776163447632,4
"309","2-Aminoadipate",-0.116398441529007,0.00450003545052591,0.0670823035570926,0.177107976886116,0.027386235747561,6
"31","2-Aminoadipate",-0.00400937521869318,0.0114738556950746,0.107116085136988,0.206004054142009,0.0535580425684942,4
"319","2-Aminoadipate",0.0175476946090475,0.0027808293247916,0.0527335692400164,0.134269914632572,0.0235831691033737,5
"320","2-Aminoadipate",0.104298912072318,0.00561793129655733,0.0749528604961634,0.185351717292987,0.0305993771629351,6
"324","2-Aminoadipate",-0.0228384250328918,0.0112176143100028,0.105913239540686,0.234864432722599,0.0529566197703432,4
"358","2-Aminoadipate",0.0496806184601271,0.000402228214123918,0.0200556279912627,0.0400222610910796,0.0115791222195225,3
"373","2-Aminoadipate",0.0629809514069016,0.00114481548959904,0.0338351221306949,0.0992338676225441,0.0138131307674922,6
"375","2-Aminoadipate",0.163549054532747,0.00442592003622265,0.0665275885345519,0.0940842179775402,0.0470421089887701,2
"381","2-Aminoadipate",0.0478797330164461,0.00309576000960164,0.0556395543619972,0.172827580942009,0.0227147529504565,6
"406","2-Aminoadipate",-0.133912192363509,0.00917421639445254,0.0957821298283377,0.259300940912955,0.0391028907594067,6
"42","2-Aminoadipate",0.0273323716448493,0.000674412572119179,0.0259694545980307,0.0367263548999674,0.0183631774499837,2
"440","2-Aminoadipate",0.107942418106375,0.00712268178713424,0.0843959820556301,0.213277097154847,0.0344545153962298,6
"502","2-Aminoadipate",0.101554273362173,0.00597099032224471,0.0772721833666211,0.187938992205183,0.0386360916833105,4
"513","2-Aminoadipate",0.410544117747625,0.0131003547332744,0.11445678107161,0.250755232337058,0.0467267852044813,6
"531","2-Aminoadipate",-0.136709953668494,0.012295291397279,0.110884135011637,0.276173425188521,0.0495888927024571,5
"535","2-Aminoadipate",0.0562183275600752,0.0123391323305622,0.11108164713652,0.244587679920822,0.0555408235682598,4
"566","2-Aminoadipate",0.133867609312902,0.00944603058852424,0.0971906918821152,0.275989743951354,0.0396779338098736,6
"57","2-Aminoadipate",-0.0434671971186964,0.022665793190541,0.150551629650898,0.374537706867291,0.0614624454315276,6
"776","2-Aminoadipate",-0.0357394312417298,0.00525016782741744,0.0724580418408988,0.151608469009617,0.0362290209204494,4
"83","2-Aminoadipate",-0.671684979764074,0.0396438136616083,0.199107542955078,0.47337661166856,0.0890436001761028,5
"853","2-Aminoadipate",-0.05489928813862,0.0119699367802527,0.10940720625376,0.251598332595315,0.0446653049175246,6
"879","2-Aminoadipate",0.0361003410888845,0.00266310170509816,0.0516052488134507,0.0729808427616201,0.03649042138081,2
"913","2-Aminoadipate",0.0691325149121067,0.00174949761465576,0.0418269962423284,0.119189776736969,0.017075799711169,6
"138","2-Aminoisobutyric Acid",-0.0606428781686355,0.0031961710911283,0.0565346892724131,0.136493161248764,0.0252830816599888,5
"177","2-Aminoisobutyric Acid",0.00394546958589605,0.007168305399459,0.084665845530881,0.203815855388583,0.0345646866986597,6
"208","2-Aminoisobutyric Acid",0.0619405365187986,0.00658392483357768,0.0811413879199615,0.178252356127641,0.0405706939599808,4
"235","2-Aminoisobutyric Acid",0.0516013852160194,0.00961652181163996,0.0980638659835516,0.251896327896409,0.0400344056440623,6
"303","2-Aminoisobutyric Acid",-0.0524917512683458,0.0035729608134207,0.0597742487482754,0.149258836102685,0.0244027348652451,6
"306","2-Aminoisobutyric Acid",-0.0287160835202795,0.00127919188990543,0.0357657921750019,0.0696402650639589,0.017882896087501,4
"309","2-Aminoisobutyric Acid",-0.0190451464289202,0.00311346006643815,0.0557983876688041,0.155785277549967,0.0227795963764292,6
"31","2-Aminoisobutyric Acid",-0.00327917555953151,0.0011986478906019,0.0346214946326974,0.075223535968457,0.0173107473163487,4
"319","2-Aminoisobutyric Acid",-0.0302396425410536,0.00738241507802412,0.0859209815936953,0.202383314540271,0.0384250311074022,5
"320","2-Aminoisobutyric Acid",-0.0354437644441239,0.00482240775458267,0.0694435580495604,0.193679397289912,0.0283502138574611,6
"324","2-Aminoisobutyric Acid",-0.0253072704361789,0.00260304299100127,0.0510200253920093,0.12110120292727,0.0255100126960046,4
"358","2-Aminoisobutyric Acid",-0.0527769568396737,0.00482562292943695,0.0694667037467372,0.126845193175649,0.0401066201078947,3
"373","2-Aminoisobutyric Acid",0.0573384561094073,0.000838250235465794,0.0289525514500155,0.075854649155376,0.0118198296340359,6
"375","2-Aminoisobutyric Acid",0.0749258124100866,0.00190329216109465,0.0436267367688055,0.0616975228205258,0.0308487614102629,2
"381","2-Aminoisobutyric Acid",0.0855322426547752,0.0035388902249863,0.0594885722217831,0.14587451284891,0.024286107911679,6
"406","2-Aminoisobutyric Acid",-0.0315796412772249,0.00202010151940972,0.0449455394829089,0.0985623205679499,0.0183489396578736,6
"42","2-Aminoisobutyric Acid",-0.0416007016969486,0.0239236175880339,0.154672614214779,0.218740108750242,0.109370054375121,2
"440","2-Aminoisobutyric Acid",0.0204269919159142,0.00425109823523941,0.0652004465877298,0.172327893867974,0.0266179708569211,6
"502","2-Aminoisobutyric Acid",0.0138486762510211,0.000972812426805354,0.0311899411157725,0.0749077655744694,0.0155949705578862,4
"513","2-Aminoisobutyric Acid",-0.0155741522734396,0.00262599433287774,0.0512444566063271,0.145453215991,0.0209204618052826,6
"531","2-Aminoisobutyric Acid",0.0312040567696587,0.00116646249765845,0.0341535136941787,0.0676307433256026,0.0152739156581307,5
"535","2-Aminoisobutyric Acid",-0.00484452172282414,0.0110976395460197,0.105345334714071,0.250013609560993,0.0526726673570355,4
"566","2-Aminoisobutyric Acid",0.0227269660214438,0.00425181599346132,0.0652059505985559,0.177854985640455,0.0266202178599316,6
"57","2-Aminoisobutyric Acid",-0.146818307461067,0.0038807799742543,0.0622959065609796,0.184383120703106,0.0254321973564165,6
"776","2-Aminoisobutyric Acid",0.0981176191334807,0.0019695040576417,0.0443790948267503,0.089081281079022,0.0221895474133752,4
"83","2-Aminoisobutyric Acid",-0.057096148222425,0.00619316387302142,0.0786966573179663,0.169416389081751,0.0351942150729958,5
"853","2-Aminoisobutyric Acid",0.0533200448791114,0.00557868289555595,0.0746905810364061,0.199137612665885,0.0304923020218654,6
"879","2-Aminoisobutyric Acid",-0.0778829583560001,0.00743216047256228,0.086209978961616,0.121919321459417,0.0609596607297083,2
"913","2-Aminoisobutyric Acid",0.0701079574304005,0.00216137254633316,0.0464905640569477,0.131170218658309,0.0189796932989496,6
"138","2-Hydroxyglutarate",0.112880007344718,0.049570101039275,0.222643439245972,0.593120830073218,0.0995691729796678,5
"177","2-Hydroxyglutarate",0.223828803146815,0.0217953266240217,0.147632403706035,0.337547448197055,0.0602706764300596,6
"208","2-Hydroxyglutarate",0.0941333163953007,0.0234086487782939,0.152998852212341,0.320306404657595,0.0764994261061707,4
"235","2-Hydroxyglutarate",0.019773727922129,0.00974168498051134,0.0986999745719893,0.276099550773349,0.0402940958878414,6
"303","2-Hydroxyglutarate",0.0144049128592705,0.00608574451474491,0.0780111819853084,0.197090159312051,0.0318479316825675,6
"306","2-Hydroxyglutarate",0.0932376050207557,0.0206281358299534,0.143624983307061,0.255856871279349,0.0718124916535303,4
"309","2-Hydroxyglutarate",0.151622468153033,0.00324825352583357,0.0569934516048429,0.169670024503396,0.023267479185312,6
"31","2-Hydroxyglutarate",0.120303118923248,0.0182343899433551,0.135034773089583,0.295867547447467,0.0675173865447913,4
"319","2-Hydroxyglutarate",-0.00890895546979127,0.00779653429838251,0.088297985811583,0.19744528095666,0.0394880597102023,5
"320","2-Hydroxyglutarate",0.0772726195674809,0.00456994409997741,0.0676013616725093,0.152000862063233,0.0275981403358313,6
"324","2-Hydroxyglutarate",0.189202667701602,0.0316241374715834,0.177831767329641,0.3989943345487,0.0889158836648203,4
"358","2-Hydroxyglutarate",-0.0533774264477153,0.029067321679886,0.170491412334716,0.297767224712334,0.0984332628059676,3
"373","2-Hydroxyglutarate",-0.0973796766173967,0.00268708300736333,0.0518370813931815,0.130460728924206,0.0211623998614025,6
"375","2-Hydroxyglutarate",-0.0837652737738979,0.000337456159296193,0.0183699798392974,0.0259790746292547,0.0129895373146274,2
"381","2-Hydroxyglutarate",-0.0125342725212578,0.000926396036892867,0.0304367547036945,0.0857901252043734,0.0124257530750512,6
"406","2-Hydroxyglutarate",-0.0215020825975911,0.0253076873208108,0.159083900256471,0.461271881519856,0.064945730320028,6
"42","2-Hydroxyglutarate",-0.456648464925248,0.000471087170365137,0.0217045426205008,0.0306948585390172,0.0153474292695086,2
"440","2-Hydroxyglutarate",-0.032052017225445,0.0105643887281263,0.102783212287447,0.270007073528773,0.0419610707047344,6
"502","2-Hydroxyglutarate",-0.0860100240353662,0.030231109513077,0.173870956496699,0.405727454631315,0.0869354782483495,4
"513","2-Hydroxyglutarate",-0.0176947203191299,0.0167311239137171,0.129348845815172,0.364993524857051,0.0528064451775178,6
"531","2-Hydroxyglutarate",-0.0541639211859817,0.0159584939684797,0.126326932870547,0.296750901018637,0.0564951218575192,5
"535","2-Hydroxyglutarate",-0.122970293765525,0.0276827669367474,0.166381389995238,0.398873655935653,0.0831906949976188,4
"566","2-Hydroxyglutarate",-0.136214523592159,0.0151097127034654,0.12292157135127,0.289631555307308,0.0501825213652878,6
"57","2-Hydroxyglutarate",0.14107582418958,0.0353585890816218,0.188038796745836,0.47960519390893,0.0767665173123693,6
"776","2-Hydroxyglutarate",0.0828489909577245,0.00685575245583441,0.0827994713499694,0.195920005447018,0.0413997356749847,4
"83","2-Hydroxyglutarate",-0.145281553968483,0.00746045127613476,0.0863739039069947,0.194093764380092,0.038627584123615,5
"853","2-Hydroxyglutarate",-0.116622355784897,0.0172153958696764,0.131207453559912,0.372120934438219,0.0535652186119507,6
"879","2-Hydroxyglutarate",0.0307181619231193,0.000309820617825463,0.017601722013072,0.0248925939920074,0.0124462969960037,2
"913","2-Hydroxyglutarate",-0.164993036430109,0.0312021779117011,0.176641382217478,0.48486610277982,0.0721135423154591,6
"138","2-Hydroxyisobutyrate/2-Hydroxybutyrate",-0.0838054688475618,0.00468774388538121,0.0684671007519758,0.180094962232087,0.030619418300749,5
"177","2-Hydroxyisobutyrate/2-Hydroxybutyrate",-0.060840099961695,0.0313482612414527,0.177054401926223,0.503506556024808,0.0722821569054824,6
"208","2-Hydroxyisobutyrate/2-Hydroxybutyrate",0.0296544362072327,0.0383647972559691,0.195869337202047,0.420446631415054,0.0979346686010233,4
"235","2-Hydroxyisobutyrate/2-Hydroxybutyrate",-0.0503940625759682,0.0040631568128084,0.0637428961752477,0.168639861800715,0.0260229283927604,6
"303","2-Hydroxyisobutyrate/2-Hydroxybutyrate",0.0227685460188812,0.0255474198795717,0.159835602665901,0.377750259569425,0.0652526115436152,6
"306","2-Hydroxyisobutyrate/2-Hydroxybutyrate",-0.0300787241028886,0.0153926307734109,0.124067041446997,0.234549893761897,0.0620335207234987,4
"309","2-Hydroxyisobutyrate/2-Hydroxybutyrate",-0.159720157165048,0.00332184257444517,0.0576354281188677,0.149125577774343,0.0235295649996806,6
"31","2-Hydroxyisobutyrate/2-Hydroxybutyrate",0.1565990776978,0.00789810923894404,0.0888713071747234,0.188520516509766,0.0444356535873617,4
"319","2-Hydroxyisobutyrate/2-Hydroxybutyrate",0.0566732310368423,0.00762013835105415,0.0872934038232795,0.219125454899331,0.0390387969872386,5
"320","2-Hydroxyisobutyrate/2-Hydroxybutyrate",0.024443421863065,0.0109159379262564,0.10447936603108,0.281990704477966,0.0426535225709367,6
"324","2-Hydroxyisobutyrate/2-Hydroxybutyrate",-0.103794016752076,0.0096055749189663,0.0980080349714568,0.212835107470438,0.0490040174857284,4
"358","2-Hydroxyisobutyrate/2-Hydroxybutyrate",-0.0379395550069608,0.00649104166575349,0.0805670010969348,0.152269735960575,0.0465153797711162,3
"373","2-Hydroxyisobutyrate/2-Hydroxybutyrate",-0.0641273768767885,0.0190510485407225,0.13802553582842,0.357236621951183,0.0563486890423112,6
"375","2-Hydroxyisobutyrate/2-Hydroxybutyrate",-0.0250331166997026,0.00637843475795184,0.0798651035055476,0.112946312537876,0.0564731562689382,2
"381","2-Hydroxyisobutyrate/2-Hydroxybutyrate",-0.038527596482605,0.00448600345629692,0.0669776340004402,0.179352127259633,0.027343504579994,6
"406","2-Hydroxyisobutyrate/2-Hydroxybutyrate",0.000951169273637455,0.0309540200857838,0.175937545980907,0.479974056794047,0.0718262023751126,6
"42","2-Hydroxyisobutyrate/2-Hydroxybutyrate",0.465597885497429,0.00748286739344811,0.0865035686746397,0.122334520013348,0.061167260006674,2
"440","2-Hydroxyisobutyrate/2-Hydroxybutyrate",0.0177242261748313,0.0107477619730257,0.103671413480408,0.268521370610841,0.0423236773233488,6
"502","2-Hydroxyisobutyrate/2-Hydroxybutyrate",0.32029639781816,0.00862487791318603,0.0928702208093963,0.218183051032474,0.0464351104046982,4
"513","2-Hydroxyisobutyrate/2-Hydroxybutyrate",0.0212406023780605,0.0202822010572994,0.142415592746368,0.40194187855078,0.0581409222741026,6
"531","2-Hydroxyisobutyrate/2-Hydroxybutyrate",-0.0540682758823387,0.0136254656752873,0.116728170016013,0.280685401568624,0.0522024246089916,5
"535","2-Hydroxyisobutyrate/2-Hydroxybutyrate",0.145601100736214,0.0288852652761231,0.169956657051506,0.405714071558215,0.0849783285257528,4
"566","2-Hydroxyisobutyrate/2-Hydroxybutyrate",-0.139973642861896,0.00774471337072404,0.0880040531494092,0.241204470933209,0.0359275042521373,6
"57","2-Hydroxyisobutyrate/2-Hydroxybutyrate",-0.00122986376899765,0.0128167865701759,0.113211247542706,0.277287506962162,0.046218298270591,6
"776","2-Hydroxyisobutyrate/2-Hydroxybutyrate",-0.104323261515946,0.0245512477808401,0.156688377937995,0.344765910145665,0.0783441889689977,4
"83","2-Hydroxyisobutyrate/2-Hydroxybutyrate",-0.017563441281708,0.0108567502652829,0.104195730552086,0.255500608483637,0.0465977472959432,5
"853","2-Hydroxyisobutyrate/2-Hydroxybutyrate",0.0614725319996195,0.0211219447610818,0.145333907816042,0.366254406259682,0.0593323194123318,6
"879","2-Hydroxyisobutyrate/2-Hydroxybutyrate",-0.121947833470068,4.08206348075667e-05,0.00638910281710716,0.0090355558553491,0.00451777792767455,2
"913","2-Hydroxyisobutyrate/2-Hydroxybutyrate",0.0853097234658061,0.0202914667198872,0.14244811939751,0.364206893926503,0.0581542012238256,6
"138","2-Hydroxyphenylacetate",0.0694879649662538,0.0552065575214031,0.234960757407281,0.580823432051765,0.105077645121503,5
"177","2-Hydroxyphenylacetate",0.156607531652752,0.0221759240066351,0.148915828596678,0.441257682457017,0.0607946324476033,6
"208","2-Hydroxyphenylacetate",-0.0455114265215277,0.0882357179091755,0.297044976239585,0.714723257641786,0.148522488119792,4
"235","2-Hydroxyphenylacetate",-0.0452290045844996,0.0397215259101122,0.199302598854386,0.584635350111564,0.081364945267308,6
"303","2-Hydroxyphenylacetate",-0.193333672921991,0.00806616423062661,0.089811826785934,0.239669164069457,0.0366655247487941,6
"306","2-Hydroxyphenylacetate",-0.14910047892874,0.017740934143128,0.133195098044665,0.319919194775775,0.0665975490223326,4
"309","2-Hydroxyphenylacetate",0.00263226740438814,0.084826577438943,0.291250025646253,0.768130731276977,0.118902325067639,6
"31","2-Hydroxyphenylacetate",0.157053819537473,0.230007857436142,0.479591344204774,1.08128948449806,0.239795672102387,4
"319","2-Hydroxyphenylacetate",0.11210786990094,0.114778336797086,0.338789516952762,0.865567434147855,0.151511277994139,5
"320","2-Hydroxyphenylacetate",-0.070223839041986,0.0442978330570486,0.210470504007209,0.566698110131413,0.0859242234540107,6
"324","2-Hydroxyphenylacetate",-0.0109327226123196,0.0723255457760848,0.268934091881421,0.600148617965238,0.134467045940711,4
"358","2-Hydroxyphenylacetate",0.0867263481553157,0.0127180778270901,0.112774455561045,0.222848493682343,0.0651103622758827,3
"373","2-Hydroxyphenylacetate",-0.0781149592629172,0.0794476537022263,0.281864601719028,0.766164679288728,0.115070741794071,6
"375","2-Hydroxyphenylacetate",-0.103684570691658,0.238332206532876,0.488192796477863,0.690408873831842,0.345204436915921,2
"381","2-Hydroxyphenylacetate",-0.0355973481503297,0.0508164890432271,0.225425129573495,0.608430474300066,0.0920294237759742,6
"406","2-Hydroxyphenylacetate",0.0863605453218025,0.0273192240759481,0.165285280881112,0.476186836725266,0.0674774333585534,6
"42","2-Hydroxyphenylacetate",0.44825483702588,0.0320079296230978,0.178907600797445,0.253013555459378,0.126506777729689,2
"440","2-Hydroxyphenylacetate",-0.153464353025462,0.118279896148347,0.343918444036296,1.01545494727296,0.14040411683681,6
"502","2-Hydroxyphenylacetate",-0.0316612681800833,0.0688153870949589,0.262326870707061,0.53384827539025,0.13116343535353,4
"513","2-Hydroxyphenylacetate",-0.00394704721812237,0.146078829060642,0.382202602111291,1.03470534338439,0.156033558922775,6
"531","2-Hydroxyphenylacetate",0.181907831216654,0.566718504504509,0.752807083192307,1.86361357208188,0.336665562392268,5
"535","2-Hydroxyphenylacetate",-0.0670912506161565,0.138447959166642,0.37208595669098,0.785037074692455,0.18604297834549,4
"566","2-Hydroxyphenylacetate",0.0213525608114866,0.213572928246734,0.46213951167016,1.31923058186401,0.188667665595147,6
"57","2-Hydroxyphenylacetate",-0.101651837660547,0.0142160354952895,0.119231017337308,0.337262313127961,0.0486758589982233,6
"776","2-Hydroxyphenylacetate",0.0821194807385248,0.124812678394874,0.353288378516579,0.674832484536154,0.176644189258289,4
"83","2-Hydroxyphenylacetate",0.100682111432233,0.0510451106469513,0.225931650387792,0.583845507603503,0.101039705707164,5
"853","2-Hydroxyphenylacetate",-0.087882986752355,0.125863282721401,0.354772156068372,0.756118736723597,0.144835126219092,6
"879","2-Hydroxyphenylacetate",-0.138958203749495,0.0312729904221315,0.176841710074664,0.25009194478084,0.12504597239042,2
"913","2-Hydroxyphenylacetate",0.0471860316136983,0.106459795496116,0.326281773159513,0.877871717478937,0.133203976101889,6
"138","2-isoPropylmalic Acid",-0.0600455606198432,0.013582885265669,0.116545635978654,0.248349964155793,0.0521207929058432,5
"177","2-isoPropylmalic Acid",0.287830246491276,0.0319924590558441,0.178864359378396,0.397488605145371,0.0730210689411443,6
"208","2-isoPropylmalic Acid",-0.111850147268952,0.00429071625397898,0.0655035590939834,0.141468865442525,0.0327517795469917,4
"235","2-isoPropylmalic Acid",0.0422258875665806,0.00499895418953254,0.0707032827351923,0.1803967850885,0.0288644943068254,6
"303","2-isoPropylmalic Acid",-0.173067762858526,0.0061716701891152,0.0785599782912088,0.225018087361586,0.0320719768362642,6
"306","2-isoPropylmalic Acid",0.0011950484664845,0.00813919959917032,0.090217512707735,0.20910645189829,0.0451087563538675,4
"309","2-isoPropylmalic Acid",-0.0385356120225443,0.0104451998769305,0.10220176063518,0.293485042804817,0.041723694061709,6
"31","2-isoPropylmalic Acid",-0.0753746375825215,0.0322026873678422,0.179451072350773,0.426036391540694,0.0897255361753863,4
"319","2-isoPropylmalic Acid",0.00745151211230623,0.00467287090838207,0.0683584004229332,0.142335534369838,0.0305708060357658,5
"320","2-isoPropylmalic Acid",-0.021214957978689,0.010347925489076,0.101724753570977,0.279421326527992,0.0415289567432092,6
"324","2-isoPropylmalic Acid",0.146343932170622,0.0166841030263828,0.129166957951261,0.298457316108721,0.0645834789756305,4
"358","2-isoPropylmalic Acid",-0.0322943072983146,0.0380356555537351,0.19502732001885,0.384446420707843,0.112599075712215,3
"373","2-isoPropylmalic Acid",-0.0373238965472903,0.0171558645539959,0.130980397594434,0.33901743094008,0.0534725234022047,6
"375","2-isoPropylmalic Acid",0.17257037242861,0.0158080755730611,0.125730169701075,0.177809311190731,0.0889046555953656,2
"381","2-isoPropylmalic Acid",0.026102527890882,0.00227506248884556,0.0476976151274417,0.128010365334981,0.0194724698349814,6
"406","2-isoPropylmalic Acid",-0.113335618267133,0.0331089497767867,0.181958648535283,0.467618482437481,0.0742843071996443,6
"42","2-isoPropylmalic Acid",-0.141741470367079,0.00555148172578884,0.0745082661574462,0.105370600508765,0.0526853002543823,2
"440","2-isoPropylmalic Acid",-0.13642060484031,0.00555658645546788,0.0745425144160557,0.187779642173038,0.0304318540772326,6
"502","2-isoPropylmalic Acid",0.104874351034866,0.00470951080481607,0.0686258756214889,0.155006627579664,0.0343129378107445,4
"513","2-isoPropylmalic Acid",-0.179579183165896,0.00196602421768274,0.0443398716471162,0.118617762966766,0.0181016767993223,6
"531","2-isoPropylmalic Acid",0.0711248095755587,0.0515207612295369,0.226981852203071,0.485270278499852,0.101509370236976,5
"535","2-isoPropylmalic Acid",0.00812474476634095,0.017624434745025,0.132757051583051,0.289744575813969,0.0663785257915257,4
"566","2-isoPropylmalic Acid",0.10665960272182,0.0149065849056121,0.122092526002258,0.296055318597088,0.0498440650188366,6
"57","2-isoPropylmalic Acid",-0.0713030114426764,0.015528856660716,0.124614833229098,0.296161757376932,0.0508737926322188,6
"776","2-isoPropylmalic Acid",0.189465995283465,0.00924411032893271,0.0961462964909866,0.214641819396028,0.0480731482454933,4
"83","2-isoPropylmalic Acid",0.0322566488331514,0.00752592690283082,0.0867521002790758,0.22751203746022,0.0387967186829784,5
"853","2-isoPropylmalic Acid",0.130673076862728,0.0464678302809044,0.21556398187291,0.596474778288783,0.0880036270851988,6
"879","2-isoPropylmalic Acid",-0.0878469184820813,0.0137313086416494,0.117180666671808,0.165718488055192,0.082859244027596,2
"913","2-isoPropylmalic Acid",-0.0050665681187271,0.0102702287950922,0.101342137312631,0.228210387264382,0.0413727543098357,6
"138","3-(4-Hydroxyphenyl)Propionate",-0.0873160529576663,0.0156249450254289,0.124999780101522,0.325691772605692,0.0559016010959058,5
"177","3-(4-Hydroxyphenyl)Propionate",0.0480905041665804,0.0345915936482578,0.185988154591248,0.495405630256307,0.0759293461584055,6
"208","3-(4-Hydroxyphenyl)Propionate",-0.0863977924610745,0.00534093364898816,0.0730816916127983,0.163860756583106,0.0365408458063992,4
"235","3-(4-Hydroxyphenyl)Propionate",0.0519841144196628,0.0321658408878087,0.179348378548033,0.447698726836181,0.0732186689397004,6
"303","3-(4-Hydroxyphenyl)Propionate",-0.167932972618276,0.0127351061282281,0.112849927462219,0.255404881378485,0.0460707899654219,6
"306","3-(4-Hydroxyphenyl)Propionate",0.0240546682595072,0.014769390559907,0.121529381467639,0.285260546892901,0.0607646907338197,4
"309","3-(4-Hydroxyphenyl)Propionate",-0.0130541843558289,0.0268825505765631,0.163958990532886,0.463453802812275,0.0669359775912315,6
"31","3-(4-Hydroxyphenyl)Propionate",-0.209571226269399,0.0254381908011887,0.159493544700683,0.34214100549408,0.0797467723503413,4
"319","3-(4-Hydroxyphenyl)Propionate",0.0761132577199861,0.00134666832721917,0.0366969798105944,0.098989161730977,0.0164113882850853,5
"320","3-(4-Hydroxyphenyl)Propionate",-0.0373703445632455,0.0154572000435141,0.124326988395578,0.319347004786398,0.0507562804710152,6
"324","3-(4-Hydroxyphenyl)Propionate",0.122510002692486,0.0310458736848095,0.176198392968862,0.403621903812215,0.0880991964844309,4
"358","3-(4-Hydroxyphenyl)Propionate",-0.0174279683828971,0.0622832820408526,0.249566187695474,0.482141254370708,0.144087105646611,3
"373","3-(4-Hydroxyphenyl)Propionate",0.0235435035483495,0.048297008937652,0.219765804750539,0.609144370578696,0.0897190140918226,6
"375","3-(4-Hydroxyphenyl)Propionate",0.0816090734268283,0.0631723791667919,0.251341160908419,0.355450078539285,0.177725039269642,2
"381","3-(4-Hydroxyphenyl)Propionate",-0.0421463664623376,0.00714522446046004,0.0845294295524348,0.224970157560313,0.0345089951086671,6
"406","3-(4-Hydroxyphenyl)Propionate",0.208291339706608,0.0739780787807666,0.271989115188028,0.704533806958184,0.111039091300291,6
"42","3-(4-Hydroxyphenyl)Propionate",0.0415421874802397,6.99499861712064e-06,0.00264480596965461,0.00374032047213087,0.00187016023606543,2
"440","3-(4-Hydroxyphenyl)Propionate",-0.0387290620980641,0.0410196993590097,0.202533205571357,0.435380273388181,0.0826838349366728,6
"502","3-(4-Hydroxyphenyl)Propionate",0.0715119189058908,0.0551409427937128,0.23482108677398,0.446098022055144,0.11741054338699,4
"513","3-(4-Hydroxyphenyl)Propionate",0.0675703283377638,0.0440675751679063,0.209922783822782,0.579612002831767,0.0857006176250657,6
"531","3-(4-Hydroxyphenyl)Propionate",-0.00149636418463245,0.020826970232831,0.144315523187324,0.331901019920535,0.0645398640110606,5
"535","3-(4-Hydroxyphenyl)Propionate",-0.0956592341395202,0.0480077381195045,0.219106682051243,0.47562348704226,0.109553341025622,4
"566","3-(4-Hydroxyphenyl)Propionate",0.0431494426583843,0.0198097030088099,0.140746946712211,0.387915000159466,0.0574597003832684,6
"57","3-(4-Hydroxyphenyl)Propionate",-0.0984960171602381,0.0352294045580574,0.187694977444942,0.507811413516516,0.076626153670551,6
"776","3-(4-Hydroxyphenyl)Propionate",0.0152638909114984,0.0732295306559351,0.270609553888873,0.616198637783338,0.135304776944437,4
"83","3-(4-Hydroxyphenyl)Propionate",0.0798768285770937,0.0123141123603797,0.110968970259166,0.261051308786927,0.0496268321785296,5
"853","3-(4-Hydroxyphenyl)Propionate",-0.066883476027482,0.0512148826762053,0.226307053969171,0.636135452801845,0.0923894679028272,6
"879","3-(4-Hydroxyphenyl)Propionate",0.076917453627828,0.0150914451622957,0.122847243201855,0.173732237436209,0.0868661187181047,2
"913","3-(4-Hydroxyphenyl)Propionate",0.0135513935660301,0.0220922142203376,0.148634498755631,0.430912087936482,0.0606797800209395,6
"138","3-Aminoisobutyrate",-0.0556703460617759,0.00307759024201,0.0554760330413955,0.14238104766682,0.0248096362005169,5
"177","3-Aminoisobutyrate",0.0108730584114582,0.0085726902188073,0.092588823401139,0.214983296253278,0.0377992288695755,6
"208","3-Aminoisobutyrate",0.0665110991407119,0.0118971695024764,0.109074146810674,0.236461557716079,0.0545370734053369,4
"235","3-Aminoisobutyrate",0.0572685337439392,0.0104717071549116,0.10233135958694,0.262705675116604,0.0417766026122111,6
"303","3-Aminoisobutyrate",-0.0474170626550441,0.00344160335296828,0.0586651800727509,0.153575199142539,0.0239499594744552,6
"306","3-Aminoisobutyrate",-0.0213748056206651,0.00163938615060823,0.04048933378815,0.088713467952551,0.020244666894075,4
"309","3-Aminoisobutyrate",-0.0216275795304104,0.0031806303712419,0.056397077683528,0.162439931927914,0.023024010551458,6
"31","3-Aminoisobutyrate",-0.00769237246204713,0.00164266354281146,0.0405297858717692,0.0897691949472959,0.0202648929358846,4
"319","3-Aminoisobutyrate",-0.026743986487344,0.00824081987049103,0.0907789616072525,0.220534071327489,0.040597585816132,5
"320","3-Aminoisobutyrate",-0.0331230262024747,0.00544066965089194,0.073760895133478,0.203725099366761,0.0301127593413267,6
"324","3-Aminoisobutyrate",-0.022648213798999,0.00222591001114951,0.0471795507730787,0.101821691050376,0.0235897753865393,4
"358","3-Aminoisobutyrate",-0.0694459981138501,0.00364768355572246,0.0603960557960738,0.116661012624538,0.0348696790718548,3
"373","3-Aminoisobutyrate",0.0647711931949307,0.00170076161989217,0.0412402912197789,0.116878575159957,0.0168362783887066,6
"375","3-Aminoisobutyrate",0.0629812927588242,5.33870468019105e-05,0.00730664401773553,0.0103331550653138,0.00516657753265692,2
"381","3-Aminoisobutyrate",0.0894017826664767,0.00327096659968466,0.0571923648722857,0.127669784051112,0.0233486851866961,6
"406","3-Aminoisobutyrate",-0.0460070802644031,0.00155758819426186,0.0394662918737226,0.108447763376785,0.0161120461883951,6
"42","3-Aminoisobutyrate",-0.0874292128056915,0.0250921133105936,0.15840490305099,0.224018362241106,0.112009181120553,2
"440","3-Aminoisobutyrate",0.0309745186131587,0.00385448133958996,0.062084469391225,0.174468122111199,0.0253458784933237,6
"502","3-Aminoisobutyrate",0.0141305151799109,0.00103235848546021,0.0321303359064329,0.0776795395444307,0.0160651679532164,4
"513","3-Aminoisobutyrate",-0.0186612146590031,0.00114821708312059,0.0338853520436277,0.0880532828603585,0.0138336370435772,6
"531","3-Aminoisobutyrate",0.0199287949885817,0.000746946366508097,0.0273303195463957,0.0569976640403246,0.0122224904705064,5
"535","3-Aminoisobutyrate",-0.00247558896409342,0.00970298980285381,0.0985037552728515,0.203963291970325,0.0492518776364257,4
"566","3-Aminoisobutyrate",0.0161783705660584,0.00236648389788643,0.0486465198949157,0.144043609870527,0.0198598585841156,6
"57","3-Aminoisobutyrate",-0.126877920543649,0.0038940868097926,0.0624026186132649,0.167325520942424,0.0254757623693338,6
"776","3-Aminoisobutyrate",0.102749735355627,0.000764391553533381,0.0276476319697254,0.0564106479382757,0.0138238159848627,4
"83","3-Aminoisobutyrate",-0.0779143763208879,0.00704538377013038,0.0839367843685376,0.192499449104133,0.0375376711321584,5
"853","3-Aminoisobutyrate",0.0550496083739666,0.0035020789870008,0.0591783658696385,0.155787260128756,0.0241594666987249,6
"879","3-Aminoisobutyrate",-0.0593641033749878,0.00728741452197726,0.0853663547422359,0.120726256646823,0.0603631283234114,2
"913","3-Aminoisobutyrate",0.0627235074967647,0.00466361976763301,0.0682907004476672,0.194449780637745,0.0278795617123399,6
"138","3-Hydroxyisovaleric Acid",-0.162180620484364,0.009742218605978,0.0987026778055084,0.213854150508791,0.0441411794268753,5
"177","3-Hydroxyisovaleric Acid",0.116294260715137,0.00585701257548143,0.0765311216138992,0.175510443509005,0.0312436995661563,6
"208","3-Hydroxyisovaleric Acid",-0.125790947404609,0.00768678684119951,0.0876743225876283,0.201640778661043,0.0438371612938141,4
"235","3-Hydroxyisovaleric Acid",0.00775674019651131,0.00751410123790567,0.086683915681663,0.264420774275172,0.0353885603877526,6
"303","3-Hydroxyisovaleric Acid",-0.215805044625493,0.0115027246165653,0.10725075578552,0.293077040890557,0.0437849377003959,6
"306","3-Hydroxyisovaleric Acid",-0.0624243935190435,0.00146172775279291,0.0382325483429094,0.0919130526277898,0.0191162741714547,4
"309","3-Hydroxyisovaleric Acid",-0.0262049699939133,0.00142097701675612,0.0376958488000485,0.110958427304642,0.0153892658302041,6
"31","3-Hydroxyisovaleric Acid",-0.12997432686366,0.00534639902389593,0.0731190742822687,0.155393131961955,0.0365595371411344,4
"319","3-Hydroxyisovaleric Acid",0.0601844560076306,0.068248208840699,0.261243581434452,0.627323305774708,0.116831681354587,5
"320","3-Hydroxyisovaleric Acid",-0.109848772586666,0.0203928485386148,0.142803531254009,0.370787833905449,0.0582992975066521,6
"324","3-Hydroxyisovaleric Acid",-0.108009803887418,0.00770610984405312,0.0877844510380575,0.21400652888035,0.0438922255190288,4
"358","3-Hydroxyisovaleric Acid",0.00348744051120507,0.00385475935201431,0.062086708336119,0.123906768622228,0.0358457777709561,3
"373","3-Hydroxyisovaleric Acid",0.00354840819828966,0.0225884907810982,0.150294679816347,0.40999942053781,0.0613575461008372,6
"375","3-Hydroxyisovaleric Acid",0.0849448815213636,0.114853129674438,0.33889988149074,0.47927680869084,0.23963840434542,2
"381","3-Hydroxyisovaleric Acid",0.00886555645134742,0.00797818046160253,0.089320660888747,0.196872515709062,0.0364650071109334,6
"406","3-Hydroxyisovaleric Acid",0.0769825295956516,0.0331511517617532,0.182074577472401,0.466315936335908,0.0743316349900378,6
"42","3-Hydroxyisovaleric Acid",0.36672967590257,0.00725185309784212,0.0851578128995932,0.120431333944635,0.0602156669723176,2
"440","3-Hydroxyisovaleric Acid",-0.0210306107882131,0.108379666016593,0.329210671176669,0.896520465369097,0.134399693710336,6
"502","3-Hydroxyisovaleric Acid",0.0998559945851597,0.14248625213211,0.377473511828459,0.805374462597164,0.18873675591423,4
"513","3-Hydroxyisovaleric Acid",-0.0482097276881684,0.0578371928268276,0.240493644046631,0.660902658373865,0.0981811190494618,6
"531","3-Hydroxyisovaleric Acid",0.105512284663376,0.081112565224951,0.284802677699756,0.637472802724697,0.127367629502124,5
"535","3-Hydroxyisovaleric Acid",-0.0536892561228477,0.0761176993611362,0.27589436268459,0.557506398961627,0.137947181342295,4
"566","3-Hydroxyisovaleric Acid",0.0829981419285396,0.0551202087777229,0.234776934083659,0.589930368782427,0.095847281980001,6
"57","3-Hydroxyisovaleric Acid",-0.0622534579834222,0.0152351975585667,0.123430942468113,0.283350761083875,0.0503904712529506,6
"776","3-Hydroxyisovaleric Acid",0.148977081309943,0.0693913404949217,0.263422361417784,0.535093270455778,0.131711180708892,4
"83","3-Hydroxyisovaleric Acid",-0.011744876467067,0.0455504966565006,0.21342562324262,0.44138210391782,0.0954468403421513,5
"853","3-Hydroxyisovaleric Acid",0.116508305326165,0.222826157402088,0.472044656152453,1.22094798562594,0.192711423896841,6
"879","3-Hydroxyisovaleric Acid",-0.0632865476095894,0.0403003795545911,0.200749544344666,0.283902728252446,0.141951364126223,2
"913","3-Hydroxyisovaleric Acid",0.100086649229189,0.0579292860328467,0.240685034916687,0.621407277749356,0.0982592540449725,6
"138","3-Hydroxypropionic Acid",-0.0932417493473325,0.0306166553774165,0.174976156596882,0.367452609802534,0.0782517161184552,5
"177","3-Hydroxypropionic Acid",-0.0451075038260691,0.0129369938616352,0.113740906720648,0.305749997007647,0.0464345307245144,6
"208","3-Hydroxypropionic Acid",0.000234598293694411,0.00624674910874673,0.0790363783883519,0.18129123268274,0.0395181891941759,4
"235","3-Hydroxypropionic Acid",0.016541009934892,0.00122488600940848,0.0349983715250935,0.106453285036067,0.0142880253441386,6
"303","3-Hydroxypropionic Acid",0.0330116749976852,0.0135530682924045,0.116417645966599,0.310799139820243,0.0475273049456915,6
"306","3-Hydroxypropionic Acid",-0.0545020634366549,0.00915975235446112,0.0957065951461085,0.207830679950851,0.0478532975730542,4
"309","3-Hydroxypropionic Acid",-0.079342299830206,0.00285823487671052,0.0534624623143241,0.14730863401942,0.0218259588438115,6
"31","3-Hydroxypropionic Acid",-0.0891176267863759,0.0438051791188238,0.2092968683923,0.488247390935702,0.10464843419615,4
"319","3-Hydroxypropionic Acid",-0.0725858056718457,0.0202397149580282,0.142266352163919,0.394419809528432,0.0636234468698894,5
"320","3-Hydroxypropionic Acid",-0.0502618144049338,0.00467373046077687,0.0683646872352742,0.197948665957859,0.0279097666918974,6
"324","3-Hydroxypropionic Acid",0.0729945986699376,0.00906887040528563,0.0952306169531923,0.212144882683197,0.0476153084765961,4
"358","3-Hydroxypropionic Acid",0.0880830966493323,0.00022513455828675,0.0150044846058354,0.0286146765635904,0.00866284322623065,3
"373","3-Hydroxypropionic Acid",-0.022628119905812,0.00265989992690163,0.0515742176567093,0.12997534479621,0.0210550861903628,6
"375","3-Hydroxypropionic Acid",-0.0693140863582074,0.00126782065427654,0.0356064692756321,0.0503551517578199,0.0251775758789099,2
"381","3-Hydroxypropionic Acid",0.0156702269468805,0.0148707200299409,0.121945561747613,0.308448906605742,0.0497840671131184,6
"406","3-Hydroxypropionic Acid",-0.183681658152714,0.00852762477334839,0.0923451394137688,0.22228255413342,0.0376997452983182,6
"42","3-Hydroxypropionic Acid",0.184442352919137,0.00639205532767225,0.0799503303787561,0.113066841537847,0.0565334207689233,2
"440","3-Hydroxypropionic Acid",-0.141959686501809,0.0124116698745331,0.111407674217412,0.278686678145719,0.0454819925438135,6
"502","3-Hydroxypropionic Acid",-0.0114316913880671,0.0134064908938037,0.115786402024606,0.249779866102616,0.057893201012303,4
"513","3-Hydroxypropionic Acid",-0.0328394913315413,0.0247811786740407,0.157420388368345,0.346437339828403,0.0642666044355344,6
"531","3-Hydroxypropionic Acid",-0.050548271633003,0.0452592401778104,0.212742191813966,0.416896878105904,0.0951412005156656,5
"535","3-Hydroxypropionic Acid",-0.0665184411889621,0.0282159949259169,0.167976173685189,0.382471048935847,0.0839880868425947,4
"566","3-Hydroxypropionic Acid",0.134613917006335,0.025640925806885,0.16012784207278,0.406305459890992,0.0653719177818797,6
"57","3-Hydroxypropionic Acid",0.335916314352228,0.109260404815692,0.330545616845378,0.749501740050294,0.134944682997449,6
"776","3-Hydroxypropionic Acid",0.228842878261831,0.00168008731451643,0.0409888681780362,0.0929342589534412,0.0204944340890181,4
"83","3-Hydroxypropionic Acid",0.186548380713702,0.0423869069731952,0.205880807685406,0.521623432509634,0.0920726962494259,5
"853","3-Hydroxypropionic Acid",-0.0158905860505261,0.0085086732800892,0.0922424700454687,0.253765752393865,0.0376578307042267,6
"879","3-Hydroxypropionic Acid",-0.0646301717770226,7.33003288376778e-07,0.000856156112152905,0.00121078758531526,0.00060539379265763,2
"913","3-Hydroxypropionic Acid",-0.053728193155246,0.0105749482567703,0.102834567421516,0.279399484905548,0.0419820363504248,6
"138","3-Methyl-3-Hydroxyglutaric Acid",0.0730501456961805,0.00424126022656051,0.0651249585532345,0.146323152687538,0.0291247668713777,5
"177","3-Methyl-3-Hydroxyglutaric Acid",0.0113603443048308,0.00525170730492834,0.0724686642965657,0.146157089409934,0.0295852083112725,6
"208","3-Methyl-3-Hydroxyglutaric Acid",-0.0477245367534096,0.00866980548849892,0.0931117902765215,0.198265071679715,0.0465558951382607,4
"235","3-Methyl-3-Hydroxyglutaric Acid",0.0292918284266441,0.00386665243050089,0.0621824125496984,0.172133292390357,0.0253858636203331,6
"303","3-Methyl-3-Hydroxyglutaric Acid",0.0545960713964838,0.00942097239285887,0.0970616937460854,0.251735291099292,0.0396252705413664,6
"306","3-Methyl-3-Hydroxyglutaric Acid",-0.0643802387985326,0.000319924427094779,0.0178864313683523,0.0398271598193487,0.00894321568417617,4
"309","3-Methyl-3-Hydroxyglutaric Acid",-0.00170263530852833,0.00350509372948794,0.0592038320507037,0.159907982130126,0.0241698632236095,6
"31","3-Methyl-3-Hydroxyglutaric Acid",0.0825380564154371,0.0089870012265426,0.0947997954984219,0.187775993193396,0.0473998977492109,4
"319","3-Methyl-3-Hydroxyglutaric Acid",-0.0213950011924255,0.00624198380184984,0.0790062263486229,0.210882079338494,0.0353326585522512,5
"320","3-Methyl-3-Hydroxyglutaric Acid",-0.123413615845546,0.00205515886989364,0.045333860081551,0.137555140859261,0.0185074708784211,6
"324","3-Methyl-3-Hydroxyglutaric Acid",0.0428582826816685,0.00641931748431585,0.0801206433094234,0.178610630298444,0.0400603216547117,4
"358","3-Methyl-3-Hydroxyglutaric Acid",-0.133252748285381,0.0105348760781418,0.102639544417061,0.189306036181618,0.0592589685986905,3
"373","3-Methyl-3-Hydroxyglutaric Acid",0.0455376872376045,0.00899073561929863,0.0948194896595559,0.259805269359278,0.0387098945561696,6
"375","3-Methyl-3-Hydroxyglutaric Acid",-0.0350422203112258,4.74265903261047e-06,0.00217776468715297,0.00307982435622893,0.00153991217811446,2
"381","3-Methyl-3-Hydroxyglutaric Acid",0.049248665435588,0.002340159931263,0.0483751995475264,0.133945116745115,0.0197490925161259,6
"406","3-Methyl-3-Hydroxyglutaric Acid",-0.0454736375549043,0.00547579408042198,0.0739986086384195,0.182775632385759,0.0302098054733392,6
"42","3-Methyl-3-Hydroxyglutaric Acid",-0.171012451055013,0.0121219708523605,0.110099822217661,0.155704661795082,0.0778523308975411,2
"440","3-Methyl-3-Hydroxyglutaric Acid",-0.122546444485353,0.00147127063641794,0.0383571458325295,0.114013389018465,0.0156592392132033,6
"502","3-Methyl-3-Hydroxyglutaric Acid",-0.0153130601243166,0.00688861454417338,0.0829976779444665,0.194544527695163,0.0414988389722333,4
"513","3-Methyl-3-Hydroxyglutaric Acid",0.0494413435380586,0.00214569321121685,0.0463216278990371,0.123426432217023,0.0189107254012851,6
"531","3-Methyl-3-Hydroxyglutaric Acid",0.0872427060235785,0.00268383442219186,0.0518057373482114,0.108519072988274,0.0231682300670201,5
"535","3-Methyl-3-Hydroxyglutaric Acid",0.0199575099324722,0.00233936482194494,0.0483669806990776,0.113195844539427,0.0241834903495388,4
"566","3-Methyl-3-Hydroxyglutaric Acid",-0.00735304540085323,0.00169557705764473,0.0411773852696445,0.128400787435228,0.0168105971421042,6
"57","3-Methyl-3-Hydroxyglutaric Acid",-0.0855871221975596,0.00972731019391055,0.0986271270691312,0.23567925460287,0.040264356019335,6
"776","3-Methyl-3-Hydroxyglutaric Acid",0.000505138999452973,0.00103094021122284,0.0321082576796506,0.0694713600436226,0.0160541288398253,4
"83","3-Methyl-3-Hydroxyglutaric Acid",-0.0720231092209437,0.0151306998593977,0.123006909803465,0.299044806900053,0.0550103624045465,5
"853","3-Methyl-3-Hydroxyglutaric Acid",0.170813202088752,0.0262176456167671,0.161918638880047,0.461637805600662,0.0661030075170148,6
"879","3-Methyl-3-Hydroxyglutaric Acid",0.0184579059075433,0.00781274015030819,0.0883897061331702,0.125001921187702,0.0625009605938508,2
"913","3-Methyl-3-Hydroxyglutaric Acid",0.0369229350031997,0.00686777932975375,0.0828720660400943,0.241250991807997,0.0338323792880769,6
"138","3HBA",-0.0640664808965982,0.0413756789668758,0.203410125035299,0.494820246917714,0.0909677733781319,5
"177","3HBA",0.0360635567232923,0.000993827087521375,0.0315250231962068,0.0940018928250953,0.012870036826685,6
"208","3HBA",-0.204873523554421,0.0156010060004084,0.124903987127747,0.303443348970393,0.0624519935638735,4
"235","3HBA",0.0864561342460991,0.0201997202464596,0.142125719862591,0.383696476546343,0.0580225821648485,6
"303","3HBA",-0.121786794905947,0.0119959951465905,0.109526230404367,0.330947687299126,0.044713896323534,6
"306","3HBA",-0.0303352142993548,0.030378357089153,0.174293881387595,0.370082019171191,0.0871469406937975,4
"309","3HBA",0.0588438127464339,0.0103159088331642,0.101567262605449,0.25688910660271,0.0414646613257688,6
"31","3HBA",-0.0283675252133363,0.0154559273854772,0.124321870101271,0.272817877708984,0.0621609350506353,4
"319","3HBA",-0.00319380839083166,0.033962461920446,0.184289071625113,0.456911271752904,0.0824165783328161,5
"320","3HBA",-0.0681324537889667,0.030175695960259,0.173711530878808,0.517368356659719,0.0709174355151338,6
"324","3HBA",-0.078275418047543,0.00651502263023726,0.0807156901118814,0.177120615618784,0.0403578450559407,4
"358","3HBA",0.0433546276899386,0.0255386170411686,0.159808063129395,0.277312312364118,0.0922652282664288,3
"373","3HBA",-0.0580884394838022,0.0292054905577112,0.170896139680542,0.492161990615664,0.0697680568714547,6
"375","3HBA",0.134365038431706,0.146191400178592,0.382349840039971,0.540724329355711,0.270362164677855,2
"381","3HBA",-0.0580161375507292,0.0124986069321166,0.111797168712435,0.287956497820504,0.0456410030055515,6
"406","3HBA",0.135499535552887,0.0413974813675801,0.203463710198109,0.530200423217582,0.0830637118598128,6
"42","3HBA",0.420367353283037,0.0074667162200621,0.0864101627128551,0.122202424035386,0.0611012120176928,2
"440","3HBA",0.0538369230613357,0.0463490284868704,0.215288245120049,0.561616594827559,0.0878910580272253,6
"502","3HBA",0.109321709042611,0.0449755775211683,0.212074462208839,0.420976655576435,0.106037231104419,4
"513","3HBA",-0.0774843104082621,0.0442308537171052,0.210311325698606,0.550707746017544,0.0858592391816447,6
"531","3HBA",-0.0286092309105707,0.0437856328575145,0.209250168118247,0.497670134869509,0.0935795200431317,5
"535","3HBA",-0.0722078865692258,0.0256166967316749,0.160052168781541,0.345025658137473,0.0800260843907705,4
"566","3HBA",-0.109391060112112,0.0261045130908496,0.161568911275807,0.431377703292888,0.0659602318204558,6
"57","3HBA",-0.145668415471399,0.0150424862064787,0.122647813704439,0.290233550606821,0.0500707602739674,6
"776","3HBA",0.116119344796144,0.123843558235648,0.351914134748304,0.776929494247051,0.175957067374152,4
"83","3HBA",0.0232312145498486,0.0462444338827638,0.215045190326973,0.506666336753925,0.0961711327610981,5
"853","3HBA",0.0776476465824647,0.0460991957290808,0.214707232596112,0.555700420801809,0.0876538606575896,6
"879","3HBA",0.012237174902096,0.0263846419757508,0.162433500164685,0.22971565891663,0.114857829458315,2
"913","3HBA",0.165830430695001,0.0162425949258509,0.127446439439675,0.341193828285756,0.0520297910269538,6
"138","4-Guanidinobutanoate",0.0410130073542972,0.106484315864281,0.326319346444983,0.647924311275944,0.145934448204857,5
"177","4-Guanidinobutanoate",0.000333567400798013,0.0169330147198964,0.130126917737632,0.356807946609338,0.0531240917097199,6
"208","4-Guanidinobutanoate",0.163673994831642,0.0347043987026521,0.186291166464361,0.432527291051905,0.0931455832321803,4
"235","4-Guanidinobutanoate",0.20280554564447,0.119997051329573,0.346405905448468,0.79597946092028,0.141419618705924,6
"303","4-Guanidinobutanoate",0.013620127464106,0.0663385523506607,0.257562715373675,0.613525584588356,0.105149538238533,6
"306","4-Guanidinobutanoate",-0.0550464715289816,0.0410640852668247,0.202642752811011,0.356136773721629,0.101321376405506,4
"309","4-Guanidinobutanoate",-0.297783543845936,0.0493096212457491,0.22205769801056,0.480986650244244,0.0906546755971519,6
"31","4-Guanidinobutanoate",0.0337894131230727,0.0250118047235911,0.158151208416474,0.353347696467789,0.0790756042082371,4
"319","4-Guanidinobutanoate",0.0401653636384567,0.0285541997414468,0.168979879694142,0.347024461826737,0.0755700995651677,5
"320","4-Guanidinobutanoate",-0.0798771836967401,0.0692176743309795,0.263092520477074,0.681823198044283,0.107407071718594,6
"324","4-Guanidinobutanoate",0.0290342823495769,0.0996540799940034,0.315680344643127,0.593031136080992,0.157840172321563,4
"358","4-Guanidinobutanoate",0.128262446376634,0.00177728686304816,0.0421578802010747,0.0814998556369658,0.0243398634825545,3
"373","4-Guanidinobutanoate",-0.0411722950820621,0.0218101158970573,0.147682483379232,0.37860957407665,0.0602911213710295,6
"375","4-Guanidinobutanoate",-0.178563966565139,0.141571317089479,0.376259640526962,0.532111486606856,0.266055743303428,2
"381","4-Guanidinobutanoate",-0.00894458283926699,0.0906951879985736,0.301156417827304,0.707882249511012,0.122946592740218,6
"406","4-Guanidinobutanoate",-0.355532374087425,0.0324238152082437,0.180066141204402,0.39028199469294,0.0735116943171218,6
"42","4-Guanidinobutanoate",0.19774051060203,0.119358415434604,0.345482872852771,0.488586564356008,0.244293282178004,2
"440","4-Guanidinobutanoate",-0.305179003518973,0.0320296982109772,0.178968427972582,0.508645243743754,0.0730635547668115,6
"502","4-Guanidinobutanoate",-0.119454199254602,0.0728550336217989,0.269916716084423,0.527668350081269,0.134958358042211,4
"513","4-Guanidinobutanoate",-0.14035329022044,0.202451215840962,0.449945792113852,1.10330670707291,0.183689600431889,6
"531","4-Guanidinobutanoate",-0.0752890957824388,0.12372716936034,0.351748730431739,0.713737535828463,0.157306814448923,5
"535","4-Guanidinobutanoate",0.0890494638554926,0.220717695568295,0.469806019084787,0.875773918213194,0.234903009542393,4
"566","4-Guanidinobutanoate",-0.0580936135264077,0.0565778570253479,0.237861003582655,0.568927834555556,0.0971063480806378,6
"57","4-Guanidinobutanoate",0.565602426752859,0.010660709886076,0.103250713731557,0.238917673550365,0.042151927370082,6
"776","4-Guanidinobutanoate",-0.00691671582908301,0.0184521303888109,0.135838618915281,0.284891946075908,0.0679193094576405,4
"83","4-Guanidinobutanoate",0.362818423464958,0.0058238031414799,0.0763138463286965,0.185771594457031,0.0341285896030876,5
"853","4-Guanidinobutanoate",0.281931301223884,0.162646042445827,0.40329399009386,1.02407381978295,0.164644082010169,6
"879","4-Guanidinobutanoate",-0.20678459117087,0.0813042559658679,0.28513901165198,0.40324745743989,0.201623728719945,2
"913","4-Guanidinobutanoate",-0.175628549739998,0.0886221160333457,0.297694669138273,0.742597164739342,0.121533339755905,6
"138","4-Hydroxybenzoic Acid",-0.070732364134673,0.0052813958350995,0.0726732126378041,0.157444969905103,0.0325004487202854,5
"177","4-Hydroxybenzoic Acid",0.268561977084143,0.00362687418401964,0.0602235351338631,0.167945250200851,0.02458615526409,6
"208","4-Hydroxybenzoic Acid",-0.106192024226408,0.00371677242187547,0.0609653378722325,0.14002167619769,0.0304826689361163,4
"235","4-Hydroxybenzoic Acid",-0.0234242485751849,0.0145068631306006,0.120444440015306,0.28989913306046,0.0491712367321259,6
"303","4-Hydroxybenzoic Acid",0.0160141417449196,0.0132295650517219,0.115019846338456,0.335962006115179,0.0469566556370907,6
"306","4-Hydroxybenzoic Acid",-0.07626337180291,0.000996752159808237,0.0315713819749506,0.069135565121269,0.0157856909874753,4
"309","4-Hydroxybenzoic Acid",-0.097294457174372,0.0072782888382356,0.0853128878788874,0.223555545704801,0.034828840631091,6
"31","4-Hydroxybenzoic Acid",-0.0896932482968547,0.105036633425661,0.324093556593866,0.760370174851114,0.162046778296933,4
"319","4-Hydroxybenzoic Acid",-0.1597950393224,0.0124345209936279,0.111510183362901,0.26682630761382,0.0498688700365827,5
"320","4-Hydroxybenzoic Acid",-0.00846797771749671,0.00195825559247527,0.0442521817820915,0.111479556579066,0.018065877561835,6
"324","4-Hydroxybenzoic Acid",0.0731856236915111,0.01042503860173,0.102103078316621,0.224263645023632,0.0510515391583104,4
"358","4-Hydroxybenzoic Acid",-0.0154344519886234,0.0184320142636978,0.135764554518835,0.246398188238493,0.0783837020978593,3
"373","4-Hydroxybenzoic Acid",-0.143976598008415,0.0227529190728068,0.150840707611728,0.415213026406005,0.0615804610148473,6
"375","4-Hydroxybenzoic Acid",0.0462460986298071,0.0415745298974516,0.203898332257651,0.288355786824026,0.144177893412013,2
"381","4-Hydroxybenzoic Acid",0.0859108526710281,0.0160879272014098,0.12683819299174,0.38634000308875,0.0517814754544033,6
"406","4-Hydroxybenzoic Acid",-0.0252679644303512,0.0440525683917936,0.209887037217151,0.562798275041972,0.085686024134427,6
"42","4-Hydroxybenzoic Acid",-0.00128846943422973,0.00538530994568771,0.0733846710538905,0.1037815970747,0.0518907985373501,2
"440","4-Hydroxybenzoic Acid",-0.32652337418073,0.0301848680344129,0.173737929176138,0.477470115433645,0.0709282125748902,6
"502","4-Hydroxybenzoic Acid",-0.0116453483529162,0.0758045217828675,0.275326209763741,0.62681466625951,0.137663104881871,4
"513","4-Hydroxybenzoic Acid",0.124055952325771,0.0144053031926272,0.120022094601899,0.312718448764022,0.0489988149391174,6
"531","4-Hydroxybenzoic Acid",-0.0262338157250827,0.0147521951353483,0.121458614907911,0.320092020811383,0.0543179438774118,5
"535","4-Hydroxybenzoic Acid",0.0985772308746668,0.0218969095040725,0.147976043682998,0.310410960019984,0.0739880218414989,4
"566","4-Hydroxybenzoic Acid",0.182897425539683,0.0632230561501912,0.251441953838637,0.633969355813192,0.102650747805517,6
"57","4-Hydroxybenzoic Acid",-0.0221846307954364,0.0359371849041853,0.189571055027357,0.578698298727496,0.0773920591363495,6
"776","4-Hydroxybenzoic Acid",0.0197693702149149,0.00969348588699233,0.0984555020656151,0.210328620786212,0.0492277510328075,4
"83","4-Hydroxybenzoic Acid",0.259329358950221,0.0311455892721917,0.176481130073988,0.470133327039135,0.0789247607182837,5
"853","4-Hydroxybenzoic Acid",0.0532754575294708,0.026704467548681,0.163415016288838,0.420994626050755,0.0667139010360423,6
"879","4-Hydroxybenzoic Acid",-0.116697088655646,0.0237193731831805,0.154010951504042,0.217804376371002,0.108902188185501,2
"913","4-Hydroxybenzoic Acid",0.00742155192658143,0.00722437404589404,0.084996317837269,0.212797652113788,0.0346996014527882,6
"138","4-Pyridoxic Acid",-0.102974855332487,0.0645199159715918,0.254007708488526,0.677782171626575,0.113595700597859,5
"177","4-Pyridoxic Acid",0.104830319563343,0.0412954769985271,0.203212885906694,0.529313851519418,0.082961313271636,6
"208","4-Pyridoxic Acid",-0.0409600574851572,0.0871500538990785,0.295211879671328,0.672494247945786,0.147605939835664,4
"235","4-Pyridoxic Acid",0.039877402473266,0.0257104342440302,0.1603447356293,0.394999510702008,0.065460464205542,6
"303","4-Pyridoxic Acid",-0.0968625865226583,0.0248867553637969,0.157755365562623,0.462349330300008,0.0644033583024428,6
"306","4-Pyridoxic Acid",-0.122437355343783,0.0105172791512315,0.102553786625514,0.21611708042427,0.0512768933127572,4
"309","4-Pyridoxic Acid",0.0900810414951028,0.00662923254134324,0.0814200991238849,0.218601262128343,0.0332396162767243,6
"31","4-Pyridoxic Acid",-0.34721387731657,0.0532841128898908,0.230833517691627,0.446845480924638,0.115416758845814,4
"319","4-Pyridoxic Acid",-0.172555322223599,0.0192051996994298,0.138582826134517,0.373841087831323,0.061976123950163,5
"320","4-Pyridoxic Acid",-0.133835623404812,0.0162876602496265,0.127623118006208,0.355020188807809,0.0521019197497022,6
"324","4-Pyridoxic Acid",-0.0362632689193925,0.00621899807975718,0.0788606243936553,0.19035616979066,0.0394303121968276,4
"358","4-Pyridoxic Acid",-0.012708007993215,0.000929117072225931,0.0304814217553239,0.0581065641687461,0.0175984570557187,3
"373","4-Pyridoxic Acid",0.141408985147241,0.0137954882042025,0.117454196196656,0.307865691181166,0.0479504748050918,6
"375","4-Pyridoxic Acid",0.321968281997076,0.032690691689102,0.180805673829949,0.255697836084321,0.12784891804216,2
"381","4-Pyridoxic Acid",0.152120623745604,0.0161541283568592,0.127098892036316,0.300472434963535,0.0518879053936772,6
"406","4-Pyridoxic Acid",-0.0175865355619204,0.0208061475208925,0.144243362138063,0.438552760844019,0.0588871060036242,6
"42","4-Pyridoxic Acid",-0.584679951622279,0.0495340481872189,0.22256245906985,0.314750848091689,0.157375424045845,2
"440","4-Pyridoxic Acid",0.156356515898831,0.0173778996112514,0.131825261658194,0.317986491618918,0.0538174377119092,6
"502","4-Pyridoxic Acid",0.0365453030626192,0.00695902818011554,0.0834207898555003,0.201847845971089,0.0417103949277501,4
"513","4-Pyridoxic Acid",-0.0231589334799127,0.0222597077036597,0.149196875649793,0.416311466966985,0.0609093694265774,6
"531","4-Pyridoxic Acid",0.173382032384547,0.0121603438960863,0.110273949308467,0.289840803887796,0.0493160093602196,5
"535","4-Pyridoxic Acid",0.14261681321086,0.0116962129445233,0.108149031176998,0.22039884323546,0.0540745155884989,4
"566","4-Pyridoxic Acid",-0.0595903512679819,0.00859546264493871,0.0927117179483732,0.258397106315554,0.0378494003583912,6
"57","4-Pyridoxic Acid",0.0987706780991462,0.0647961586753318,0.25455089604111,0.654310524457986,0.103919968144828,6
"776","4-Pyridoxic Acid",0.096429238148175,0.00650340794610185,0.0806437098979322,0.175157790666563,0.0403218549489661,4
"83","4-Pyridoxic Acid",-0.31909972964433,0.00237005025034193,0.0486831618769973,0.130231184808797,0.0217717718633185,5
"853","4-Pyridoxic Acid",0.0775921052394386,0.00790178119668857,0.088891963622639,0.255194530698304,0.0362899921849183,6
"879","4-Pyridoxic Acid",-0.039517933540762,0.0456807766275307,0.213730616963342,0.302260737203927,0.151130368601963,2
"913","4-Pyridoxic Acid",0.108988929069299,0.00811737344800321,0.09009646745574,0.232117826307704,0.0367817288156389,6
"138","5'-Methylthioadenosine",-0.0218621431666054,0.00386120641830813,0.0621386065043957,0.154455540779887,0.0277892296341879,5
"177","5'-Methylthioadenosine",-0.0786897629273366,0.00175609164011836,0.0419057471013029,0.104585727309527,0.0171079496147179,6
"208","5'-Methylthioadenosine",0.0308143277275862,0.00339627632797145,0.0582775799769641,0.126047167491969,0.0291387899884821,4
"235","5'-Methylthioadenosine",-0.00559926527139614,0.00259076478368889,0.0508995558299764,0.128379750359691,0.0207796566529578,6
"303","5'-Methylthioadenosine",-0.060352107097439,0.00808468063170453,0.0899148521196834,0.227328295191823,0.0367075846651718,6
"306","5'-Methylthioadenosine",-0.0440928964891268,0.000480053528179553,0.0219101238741262,0.0426891176192074,0.0109550619370631,4
"309","5'-Methylthioadenosine",0.0926346634397356,0.0015329101032972,0.0391523958819534,0.0913852001114773,0.0159838986863719,6
"31","5'-Methylthioadenosine",0.401824807162548,0.138545491012122,0.37221699452352,0.714403419088399,0.18610849726176,4
"319","5'-Methylthioadenosine",-0.0327113652682871,0.00060189520257797,0.0245335525877923,0.06060859066897,0.0109717382631739,5
"320","5'-Methylthioadenosine",-0.0439684329148191,0.00927662899995418,0.0963152583963423,0.294593627979982,0.039320539585892,6
"324","5'-Methylthioadenosine",-0.0444967429588927,0.00145815808518581,0.0381858361854996,0.0848183663760895,0.0190929180927498,4
"358","5'-Methylthioadenosine",-0.0586010613844666,0.00267648699681683,0.0517347755075523,0.0935797552106301,0.0298690865657502,3
"373","5'-Methylthioadenosine",-0.0151998211916117,0.00526963732484059,0.0725922676656446,0.157674249820076,0.0296356691753946,6
"375","5'-Methylthioadenosine",-0.037502073093513,0.00649523491046108,0.0805930202341436,0.113975742247735,0.0569878711238676,2
"381","5'-Methylthioadenosine",-0.0224568692271963,0.00137822365060888,0.0371244346840309,0.101911078014107,0.015155986994193,6
"406","5'-Methylthioadenosine",-0.0551592317490069,0.00559952720852886,0.0748299886979068,0.181671044846306,0.0305492149613506,6
"42","5'-Methylthioadenosine",0.0352985714012684,0.183541677316957,0.428417643564031,0.605874041888176,0.302937020944088,2
"440","5'-Methylthioadenosine",0.00727356595047937,0.00447587547660214,0.0669019841006389,0.205062599252558,0.0273126206377264,6
"502","5'-Methylthioadenosine",0.00252604722538999,0.00168388563406895,0.0410351755701002,0.0987649426514377,0.0205175877850501,4
"513","5'-Methylthioadenosine",0.0429921914784543,0.0188473701997604,0.137285724675803,0.405291831377174,0.0560466624039892,6
"531","5'-Methylthioadenosine",0.0193130001412435,0.00959198079839845,0.097938658344897,0.231902998838895,0.0437994995368633,5
"535","5'-Methylthioadenosine",0.00575475386428829,0.000125924447030242,0.0112216062589204,0.0274229869086448,0.0056108031294602,4
"566","5'-Methylthioadenosine",-0.0565076199579977,0.00321098538848075,0.0566655573384816,0.151997664502974,0.0231336169116171,6
"57","5'-Methylthioadenosine",-0.0144460190876696,0.0154907177083299,0.124461711816646,0.294027524611963,0.0508112810773518,6
"776","5'-Methylthioadenosine",0.094196485717813,0.00122763141321097,0.0350375714513858,0.0789752324462086,0.0175187857256929,4
"83","5'-Methylthioadenosine",-0.0640894004859284,0.00800595423104142,0.0894759980723401,0.226275588542054,0.0400148828088785,5
"853","5'-Methylthioadenosine",-0.0274022693534956,0.00170488196110711,0.0412902162879671,0.121141867486824,0.0168566602124457,6
"879","5'-Methylthioadenosine",0.0716677186030126,0.00284772386676165,0.0533640690611356,0.0754681902096724,0.0377340951048362,2
"913","5'-Methylthioadenosine",0.0281338387811871,0.0092476178174846,0.0961645351337207,0.264738539854622,0.0392590070715936,6
"138","5-Methylcytidine",0.157958760725871,0.00361333951286474,0.0601110598215066,0.153609368033703,0.026882483192089,5
"177","5-Methylcytidine",-0.114087106191519,0.00437666048738798,0.0661563336906451,0.183938843564355,0.0270082101325627,6
"208","5-Methylcytidine",-0.0878148473214508,0.0144568597850237,0.12023668236035,0.279437578834512,0.0601183411801749,4
"235","5-Methylcytidine",-0.0145399832769483,0.0115827267862019,0.107623077386785,0.276183292786956,0.043936937357615,6
"303","5-Methylcytidine",0.0202435731497294,0.00384894610162404,0.0620398750935561,0.172311774966474,0.0253276729475359,6
"306","5-Methylcytidine",-0.0254532813025389,0.0064013253768793,0.0800082831766768,0.184458799952357,0.0400041415883384,4
"309","5-Methylcytidine",0.0236723812117708,0.00511335304784365,0.0715077132052455,0.193682317961918,0.0291929016710217,6
"31","5-Methylcytidine",-0.102018969561763,0.0285158245614584,0.168866291963371,0.409142870623611,0.0844331459816854,4
"319","5-Methylcytidine",-0.0340782085762975,0.0077019595597704,0.0877608087916833,0.220167902019337,0.039247826843713,5
"320","5-Methylcytidine",0.166750751068333,0.00620589328790475,0.0787774922671746,0.224792103696168,0.0321607765451042,6
"324","5-Methylcytidine",0.0597046552751491,0.00396842726093275,0.0629954542878512,0.150939492270807,0.0314977271439256,4
"358","5-Methylcytidine",0.031685489292099,0.00242518654207271,0.0492461830203388,0.0964404046129036,0.0284322970233542,3
"373","5-Methylcytidine",0.145149344482435,0.00471238816313184,0.0686468365121936,0.19689024596382,0.0280249536518553,6
"375","5-Methylcytidine",0.00179079601523496,7.13736584370395e-05,0.00844829322626999,0.0119476908594958,0.00597384542974789,2
"381","5-Methylcytidine",0.158287014855999,0.00176977089502601,0.0420686450343485,0.116972592445859,0.0171744524174039,6
"406","5-Methylcytidine",-0.111555589559022,0.00372191661958114,0.061007512812613,0.164094242080679,0.0249062128112015,6
"42","5-Methylcytidine",0.0257683598993506,0.0180944880973804,0.134515754086205,0.190234003781555,0.0951170018907775,2
"440","5-Methylcytidine",0.0816560627921836,0.00480096538649444,0.0692889990293873,0.181654572467099,0.0282871154016996,6
"502","5-Methylcytidine",0.192303863297744,0.00364262720933224,0.0603541813740543,0.136186816185155,0.0301770906870271,4
"513","5-Methylcytidine",-0.0271242778020469,0.0238832416119916,0.15454203833259,0.44738413087919,0.0630915229540805,6
"531","5-Methylcytidine",-0.0264024041586041,0.00203037088012913,0.0450596369285099,0.117116554300589,0.0201512822427216,5
"535","5-Methylcytidine",-0.112333957920261,0.00813807122546018,0.0902112588619634,0.178286472687248,0.0451056294309817,4
"566","5-Methylcytidine",-0.0374151242484093,0.0154538118818627,0.124313361638493,0.322905620166418,0.0507507173707307,6
"57","5-Methylcytidine",-0.292264868603336,0.0047946224801527,0.0692432125204536,0.203506822048052,0.0282684231377011,6
"776","5-Methylcytidine",0.0427647696338342,0.00170843886104897,0.0413332657922039,0.0828542396623793,0.0206666328961019,4
"83","5-Methylcytidine",0.0224315035083937,0.0121438093792862,0.110198953621558,0.232658614003449,0.0492824702694299,5
"853","5-Methylcytidine",-0.137886409935465,0.0126187848150836,0.112333364656648,0.332570651224143,0.0458599040831305,6
"879","5-Methylcytidine",0.0117354288625272,0.00736385046065119,0.0858128805054998,0.12135773943718,0.0606788697185898,2
"913","5-Methylcytidine",0.0321470948345957,0.0158839673619382,0.12603161254994,0.33844961295824,0.051452190367917,6
"138","5,6-Dihydrouracil",0.0655416405085348,0.0262861492860594,0.162130038197921,0.399558619113037,0.0725067573210379,5
"177","5,6-Dihydrouracil",-9.00074458189372e-05,0.00264213886439723,0.0514017398965952,0.151138908566994,0.0209846724396531,6
"208","5,6-Dihydrouracil",-0.0560162771541305,0.00347322473361507,0.058934071076204,0.14132648758136,0.029467035538102,4
"235","5,6-Dihydrouracil",0.0408440165964783,0.000420885554096909,0.0205154954631105,0.0622352443909473,0.00837541595083401,6
"303","5,6-Dihydrouracil",0.00118589791260877,0.000567965529745049,0.0238320273947696,0.0568776903900721,0.00972938444220264,6
"306","5,6-Dihydrouracil",-0.0475064209585699,0.00205817072865783,0.0453670665643904,0.108747241047182,0.0226835332821952,4
"309","5,6-Dihydrouracil",-0.000516856416994417,0.000403911160935254,0.0200975411664028,0.0576461562437092,0.00820478682371104,6
"31","5,6-Dihydrouracil",-0.00304589838028369,0.000586140287107563,0.02421033430392,0.0460023031089557,0.01210516715196,4
"319","5,6-Dihydrouracil",-0.0252823210554706,0.00100631825362276,0.0317225196606884,0.0798752850613911,0.0141867420757746,5
"320","5,6-Dihydrouracil",-0.0165606165788857,0.000893372286198022,0.0298893339871939,0.0842385655156639,0.0122022695033753,6
"324","5,6-Dihydrouracil",-0.0290367279670604,0.00334327810074497,0.0578210869903444,0.133203175808764,0.0289105434951722,4
"358","5,6-Dihydrouracil",-0.0266518481210573,1.46507110386809e-05,0.0038276247254245,0.00760161847698675,0.0022098801655807,3
"373","5,6-Dihydrouracil",0.0792368170345945,0.00101473456254452,0.031854898564342,0.086540886692147,0.0130047078817924,6
"375","5,6-Dihydrouracil",0.0336483773805852,0.000348551686756929,0.0186695390076169,0.0264027152678253,0.0132013576339127,2
"381","5,6-Dihydrouracil",-0.0404794406158581,0.000841162056451357,0.0290027939421594,0.0661245750371137,0.0118403410455623,6
"406","5,6-Dihydrouracil",-0.0371628822383329,0.0022025762809862,0.0469316128104096,0.115265809891542,0.0191597506985616,6
"42","5,6-Dihydrouracil",0.010047163355172,0.00130744969182112,0.0361586738117028,0.0511360869019349,0.0255680434509675,2
"440","5,6-Dihydrouracil",0.0339800294465622,0.00159304451585606,0.0399129617524941,0.109878403084411,0.0162943984028053,6
"502","5,6-Dihydrouracil",0.0212207131670067,0.00212873408024218,0.0461382062963243,0.111719670742436,0.0230691031481622,4
"513","5,6-Dihydrouracil",-0.0228315296115924,0.00457828829848149,0.067663049727909,0.188117654729137,0.0276233243789902,6
"531","5,6-Dihydrouracil",0.0102008177399879,0.000466040086022626,0.0215879615995264,0.0525465161559414,0.00965442992643922,5
"535","5,6-Dihydrouracil",0.0800009148842987,0.00186129059861668,0.0431426772305183,0.104452281079738,0.0215713386152591,4
"566","5,6-Dihydrouracil",-0.028196387992705,0.00289546714005824,0.0538095450645909,0.151344341990896,0.0219676547832574,6
"57","5,6-Dihydrouracil",-0.0136301324528496,0.00086706935440058,0.0294460414045858,0.0795499513079962,0.0120212960643503,6
"776","5,6-Dihydrouracil",-0.0261618572281589,0.000110013482313193,0.0104887312060703,0.0217419776012065,0.00524436560303514,4
"83","5,6-Dihydrouracil",0.0190168833892937,6.00945381876756e-05,0.00775206670428445,0.0184963436923331,0.00346682962337856,5
"853","5,6-Dihydrouracil",-0.0366822835514811,0.00167304485077495,0.0409028709356074,0.111627913680086,0.0166985271345257,6
"879","5,6-Dihydrouracil",0.0526674066395805,0.000259006271057142,0.0160936717705172,0.0227598888862464,0.0113799444431232,2
"913","5,6-Dihydrouracil",0.00457450278900097,0.0002536371590587,0.0159259900495605,0.0471778832572302,0.00650175821167756,6
"138","6-Methyladenosine",-0.148039546433261,0.0156170965290449,0.124968382117418,0.314383535164871,0.055887559490543,5
"177","6-Methyladenosine",0.000269926606183238,0.00334739504856078,0.0578566767846268,0.162842634286415,0.0236198893892442,6
"208","6-Methyladenosine",-0.121793137863651,0.00472896154090499,0.0687674453568329,0.155018385612592,0.0343837226784164,4
"235","6-Methyladenosine",0.170947161765548,0.00355696227116948,0.0596402739025357,0.157744847161009,0.0243480398635067,6
"303","6-Methyladenosine",0.024180317940553,0.0458456806957819,0.214116044928403,0.571418822762664,0.0874125093029043,6
"306","6-Methyladenosine",0.133145096110752,0.0559557856971256,0.23654975311153,0.464204660442236,0.118274876555765,4
"309","6-Methyladenosine",0.00882064539235423,0.0114129869363497,0.106831582111048,0.283630079239779,0.0436138107643853,6
"31","6-Methyladenosine",0.255849413578543,0.114891989229521,0.338957208552231,0.738127176725603,0.169478604276115,4
"319","6-Methyladenosine",0.0688475411680949,0.0132622860352069,0.115161999093481,0.284950590220145,0.0515020116795585,5
"320","6-Methyladenosine",-0.140739859984096,0.0097910863579461,0.0989499184332463,0.240510475299714,0.0403961350419115,6
"324","6-Methyladenosine",0.260829637444455,0.0236180574307864,0.153681675650633,0.362938197463452,0.0768408378253166,4
"358","6-Methyladenosine",-0.0223404272814442,0.00958216214089943,0.0978885189432317,0.191973760587148,0.0565159627624486,3
"373","6-Methyladenosine",-0.0628062223084612,0.0262704968151762,0.162081759662141,0.443318146173526,0.066169601297444,6
"375","6-Methyladenosine",-0.0156496490055424,0.0481799283998359,0.219499267424372,0.310418840922506,0.155209420461253,2
"381","6-Methyladenosine",-0.0204123344999734,0.00283103829435279,0.0532075022374927,0.141001795624205,0.0217218718283086,6
"406","6-Methyladenosine",-0.00645722916939815,0.0326934895593716,0.180813410894689,0.520746245635221,0.0738167658906968,6
"42","6-Methyladenosine",0.517530265149921,0.299978994663927,0.547703382008845,0.774569550994521,0.387284775497261,2
"440","6-Methyladenosine",-0.0478600077428395,0.0807991913740435,0.284251985699385,0.72198442752435,0.116045387222732,6
"502","6-Methyladenosine",0.162346477313057,0.00448614202108083,0.0669786684033121,0.13708491206058,0.033489334201656,4
"513","6-Methyladenosine",-0.0202960820025697,0.00902922757002394,0.0950222477634788,0.257077643436273,0.0387926702054738,6
"531","6-Methyladenosine",-0.0494294190633903,0.00956136390526699,0.0977822269395977,0.257122851867374,0.0437295412856503,5
"535","6-Methyladenosine",-0.122725783579113,0.021512598485685,0.146671737174157,0.330533074902073,0.0733358685870784,4
"566","6-Methyladenosine",-0.0653529833893599,0.00389884973973331,0.0624407698521832,0.145294283092589,0.0254913375474013,6
"57","6-Methyladenosine",-0.0533561397049619,0.0330659349063336,0.181840410542689,0.500764520594358,0.0742360367412997,6
"776","6-Methyladenosine",-0.0385676938995054,0.111919785822586,0.334544146298491,0.718733657068343,0.167272073149245,4
"83","6-Methyladenosine",0.0276993975919866,0.013965496463109,0.118175701661167,0.307589822012194,0.0528497804406206,5
"853","6-Methyladenosine",-0.1417750772862,0.0220574558994714,0.14851752724669,0.441647114003053,0.0606320266023816,6
"879","6-Methyladenosine",-0.0225726783311165,0.00536709724396838,0.0732604753190176,0.103605957782054,0.051802978891027,2
"913","6-Methyladenosine",-0.0623821983696941,0.000663689052910443,0.0257621632032414,0.0685894254213493,0.0105173590863743,6
"138","7-Methylguanine",0.795543784683784,0.0282147877474534,0.167972580344095,0.432748091852001,0.0751196216010882,5
"177","7-Methylguanine",-0.0115458142937821,0.0102466036459018,0.101225508869562,0.284857809068542,0.0413251409473333,6
"208","7-Methylguanine",-0.147886895242814,0.00537176303273458,0.0732923122348762,0.16914290859323,0.0366461561174381,4
"235","7-Methylguanine",0.0112212859958303,0.00148743769528271,0.0385673138199008,0.107376705731522,0.0157450399347578,6
"303","7-Methylguanine",-0.110481650265632,0.0085991399687735,0.0927315478614128,0.255384144922006,0.0378574958864897,6
"306","7-Methylguanine",-0.0156939485113413,0.000849751091177231,0.0291504904105785,0.0547508146528378,0.0145752452052893,4
"309","7-Methylguanine",-0.03025801650869,0.000272177557418363,0.0164978046242027,0.044813784735458,0.00673520053423755,6
"31","7-Methylguanine",-0.0887866529148368,0.0173031657068443,0.131541498040901,0.30087534372997,0.0657707490204503,4
"319","7-Methylguanine",-0.0936701839812743,0.00788812237425625,0.0888151021744402,0.203257444134306,0.0397193211781275,5
"320","7-Methylguanine",0.00172861590262366,0.00127857141962475,0.0357571170485646,0.0925020560152675,0.0145977819069928,6
"324","7-Methylguanine",-0.00428459441273605,0.0131458246497271,0.114655242574106,0.262003811271068,0.057327621287053,4
"358","7-Methylguanine",0.0591917293949363,0.00631810281192046,0.0794864945252995,0.150152041108442,0.0458915490111214,3
"373","7-Methylguanine",0.144033030412926,0.00690777019146919,0.0831129965256288,0.222453129975421,0.033930738746917,6
"375","7-Methylguanine",0.0763678284926436,0.00201636890270846,0.0449039965115407,0.063503840871375,0.0317519204356875,2
"381","7-Methylguanine",0.0265073502771285,0.00108901011585596,0.0330001532701889,0.0758129693731474,0.0134722561576001,6
"406","7-Methylguanine",-0.0552073061691294,0.0106762353141563,0.103325869530125,0.28397200232097,0.0421826095963655,6
"42","7-Methylguanine",-0.26424452609556,0.00125856894693738,0.0354763152953824,0.0501710862337538,0.0250855431168769,2
"440","7-Methylguanine",-0.0390865586285263,0.00854039049115592,0.0924142331632737,0.26630038201743,0.0377279527034353,6
"502","7-Methylguanine",-0.0384141111991849,0.0126922665733927,0.112659959938714,0.236689849811312,0.0563299799693572,4
"513","7-Methylguanine",0.043903290978502,0.00536249634720254,0.07322906763849,0.194323337981721,0.0298956416756761,6
"531","7-Methylguanine",0.0340358309700171,0.00074065520092667,0.0272149811854917,0.0617341786877913,0.0121709095874275,5
"535","7-Methylguanine",-0.136146314765837,0.0113648933043598,0.106606253589364,0.248521553667754,0.0533031267946821,4
"566","7-Methylguanine",-0.0292304398602766,0.0120681463254709,0.109855115153874,0.271942082269668,0.0448481629602798,6
"57","7-Methylguanine",-0.0927526384738574,0.00310860661801054,0.0557548797685955,0.142996222601068,0.0227618343505473,6
"776","7-Methylguanine",0.0163654905662987,0.00807922449242657,0.0898845064092059,0.211284718715975,0.0449422532046029,4
"83","7-Methylguanine",-0.0200711449352801,0.00227503787173665,0.0476973570728678,0.129147154752528,0.0213309065524025,5
"853","7-Methylguanine",-0.0655108063949548,0.00345238633664675,0.0587570109573891,0.162335828804631,0.0239874492761206,6
"879","7-Methylguanine",-0.000286833464240247,0.00783591398324207,0.0885206980499028,0.125187171732906,0.0625935858664531,2
"913","7-Methylguanine",-0.0801622519413154,0.00945387085327763,0.0972310179586619,0.248943131222683,0.0396943968616849,6
"138","Acetylcarnitine",-0.0595498341261174,0.0107812547626735,0.103832821220814,0.24504765269534,0.0464354493090644,5
"177","Acetylcarnitine",-0.0322617504152127,0.00421036394885825,0.0648873173190127,0.199691831337308,0.0264901363682732,6
"208","Acetylcarnitine",-0.0528261470185039,0.0023683077808668,0.0486652625685591,0.113953251153368,0.0243326312842795,4
"235","Acetylcarnitine",-0.0196801666257158,0.0076663661405857,0.0875577874354172,0.205761002910528,0.0357453170373074,6
"303","Acetylcarnitine",0.0470988460713268,0.00246434945440199,0.0496422144389428,0.139684536382266,0.0202663491795389,6
"306","Acetylcarnitine",0.0661696610220745,0.0180786187953656,0.134456754368702,0.248460279335227,0.0672283771843512,4
"309","Acetylcarnitine",-0.344034279948463,0.0862510054683897,0.293685214929846,0.694936972763235,0.119896486929622,6
"31","Acetylcarnitine",-0.0401311413669598,0.0154988976510939,0.124494568761428,0.271939474489391,0.062247284380714,4
"319","Acetylcarnitine",0.0359851271223121,0.00871200688933918,0.0933381320219083,0.224034888438561,0.0417420816187674,5
"320","Acetylcarnitine",-0.0422074927012331,0.0242863389214557,0.155840748591168,0.425456260335705,0.0636217191969531,6
"324","Acetylcarnitine",0.048194200080196,0.00483943404296458,0.0695660408745861,0.144347510113065,0.0347830204372931,4
"358","Acetylcarnitine",-0.154879842376987,0.0360249909633002,0.189802505155491,0.362418082880211,0.109582527444388,3
"373","Acetylcarnitine",0.0110714326374128,0.0116444911956995,0.107909643664037,0.225063308281925,0.0440539275504078,6
"375","Acetylcarnitine",-0.363742472114766,0.0279652087099818,0.167228014130354,0.236496125591866,0.118248062795933,2
"381","Acetylcarnitine",0.0967186988699953,0.00955274919859482,0.0977381665399695,0.244137051412025,0.0399014394030149,6
"406","Acetylcarnitine",0.084877675107969,0.0199806241350529,0.141352835610231,0.390540814644003,0.0577070534900962,6
"42","Acetylcarnitine",0.103821445999237,0.100475245940414,0.316978305157331,0.448275018131534,0.224137509065767,2
"440","Acetylcarnitine",-0.0528361920356636,0.00926376214526424,0.0962484397030115,0.27754929684638,0.0392932609685686,6
"502","Acetylcarnitine",-0.0114071521155535,0.00573097795382705,0.0757032228760906,0.170890323160751,0.0378516114380453,4
"513","Acetylcarnitine",-0.0337940431232639,0.0227280964110578,0.150758404114191,0.390541378140282,0.0615468607526789,6
"531","Acetylcarnitine",-0.127747345945952,0.0220691873429979,0.148557017144926,0.358022724474029,0.0664367177741313,5
"535","Acetylcarnitine",0.0225329342299046,0.00936225802729949,0.0967587620182249,0.23147866907391,0.0483793810091125,4
"566","Acetylcarnitine",0.0811339325719031,0.00854836846692854,0.0924573873031709,0.260905304121371,0.0377455703072748,6
"57","Acetylcarnitine",0.0971085790527744,0.00132883371057982,0.0364531714749186,0.100788241196287,0.0148819449366216,6
"776","Acetylcarnitine",0.0264174501364787,0.0217239274842969,0.1473903914246,0.337173961099139,0.0736951957123001,4
"83","Acetylcarnitine",0.0599743907479588,0.00533442688607993,0.0730371609941127,0.172906642854473,0.0326632113732864,5
"853","Acetylcarnitine",0.0998817234981914,0.00248512672494132,0.0498510453746089,0.125479807327254,0.0203516040520206,6
"879","Acetylcarnitine",0.134430629455611,0.00410606214208331,0.0640785622660442,0.0906207718140086,0.0453103859070043,2
"913","Acetylcarnitine",0.16300793897152,0.0124574425639762,0.111612913965975,0.282659874981129,0.0455657813202996,6
"138","Acetylcholine",-0.195458519153573,0.037068881690304,0.192532806789659,0.443030259840307,0.086103288776102,5
"177","Acetylcholine",-0.124853874864364,0.0593606179356341,0.24364034545952,0.555683873846308,0.0994657545218739,6
"208","Acetylcholine",0.191112776635565,0.10935825880635,0.330693602608743,0.723639295968257,0.165346801304372,4
"235","Acetylcholine",0.0729895733680183,0.0100417125991201,0.100208345955415,0.283089067014933,0.0409098859265094,6
"303","Acetylcholine",0.139656107467982,0.0639073654440242,0.252799061398622,0.631615457143606,0.103204784646857,6
"306","Acetylcholine",0.214189117478399,0.116840291139016,0.341819091244208,0.751909555456829,0.170909545622104,4
"309","Acetylcholine",0.0378172620564965,0.103981938711079,0.322462305876329,0.91681677641155,0.131644685113046,6
"31","Acetylcholine",-0.0544909754237289,0.0114366526634487,0.106942286600992,0.246650264528181,0.053471143300496,4
"319","Acetylcholine",-0.22785081221475,0.00858760961800472,0.0926693564130275,0.207666041278849,0.0414429960741371,5
"320","Acetylcholine",0.0481532528642865,0.0586968465767662,0.242274320919007,0.713668809377476,0.0989080773384781,6
"324","Acetylcholine",-0.177683723118619,0.0194972055854879,0.139632394470223,0.298811946847745,0.0698161972351114,4
"358","Acetylcholine",-0.110347568833221,0.00903710674453545,0.0950636983529225,0.188141052919094,0.0548850518342212,3
"373","Acetylcholine",-0.0254155939772381,0.0174593005164024,0.132133646420593,0.333255496722891,0.0539433352639638,6
"375","Acetylcholine",-0.0957483692878231,0.00858400779172069,0.0926499206244705,0.131026774299917,0.0655133871499585,2
"381","Acetylcholine",-0.1293752822179,0.0121720397890497,0.110326967641868,0.298140558112298,0.0450407959318544,6
"406","Acetylcholine",0.0334873647406938,0.0550505405761415,0.234628516118867,0.629904850765961,0.0957866905996005,6
"42","Acetylcholine",0.404753203090946,0.0578727099432633,0.24056747482414,0.340213785562147,0.170106892781073,2
"440","Acetylcholine",0.196553935942686,0.107746982868932,0.328248355470263,0.854012552967279,0.134006829968309,6
"502","Acetylcholine",-0.113473069384761,0.0323874918353558,0.179965251744207,0.406173243832692,0.0899826258721035,4
"513","Acetylcholine",0.0880260801925285,0.123988124525399,0.3521194747886,0.941320226661913,0.143752173621479,6
"531","Acetylcholine",-0.00933213468176687,0.0406359503195544,0.201583606276786,0.540675361883613,0.0901509293568895,5
"535","Acetylcholine",0.053199358843895,0.0776465594960804,0.278651322437343,0.574323097815515,0.139325661218672,4
"566","Acetylcholine",0.137727916265136,0.10861464409151,0.329567358959455,0.8400791106488,0.134545310887888,6
"57","Acetylcholine",-0.0908795605032594,0.0145282536700633,0.120533205674052,0.316489011007036,0.0492074751605609,6
"776","Acetylcholine",-0.0681712113748431,0.0448902553237741,0.211873205771221,0.484917859858896,0.10593660288561,4
"83","Acetylcholine",-0.00468959247296734,0.0119318328113516,0.109232929153033,0.236725366063048,0.0488504509935201,5
"853","Acetylcholine",-0.168806328593768,0.008920039382474,0.0944459601172755,0.21558536681455,0.0385574017590959,6
"879","Acetylcholine",0.270501726805298,0.290624200839809,0.539095725117357,0.762396485878325,0.381198242939162,2
"913","Acetylcholine",-0.0184215555288839,0.174518381564048,0.417753972529344,1.17661542111927,0.170547345119592,6
"138","Adenine",-0.0288591718101914,0.00333404534117158,0.0577411927584768,0.12556764212592,0.0258226464219746,5
"177","Adenine",-0.338344560281291,0.0157330219476889,0.125431343561683,0.344848264463785,0.0512071315796425,6
"208","Adenine",0.0941319946351914,0.00645853426907286,0.0803650064958179,0.192608703843999,0.040182503247909,4
"235","Adenine",0.056726618278366,0.000881362847253663,0.0296877558473803,0.0900075198271437,0.0121199755724016,6
"303","Adenine",-0.02430650065413,0.0156244478451842,0.124997791361224,0.316140273677246,0.0510301346349785,6
"306","Adenine",-0.0911652380013207,0.0309665065416124,0.175973027881015,0.393979123705955,0.0879865139405074,4
"309","Adenine",0.0244139071242818,0.0289278498925332,0.170081891724349,0.388509453609263,0.0694356415353253,6
"31","Adenine",0.142142977412431,0.0157915264946901,0.125664340585108,0.278912358850794,0.0628321702925542,4
"319","Adenine",0.219331791462044,0.048734846755359,0.220759703649373,0.543383511962299,0.0987267408105413,5
"320","Adenine",0.001599392886388,0.00620347793754925,0.0787621605693321,0.212201308546564,0.0321545174056701,6
"324","Adenine",0.180851480805568,0.0121019287079545,0.110008766505013,0.237885063354774,0.0550043832525066,4
"358","Adenine",0.0645568520864718,0.00737178076309938,0.08585907501889,0.158556100765335,0.0495707600745284,3
"373","Adenine",-0.222703658197609,0.0214809885217886,0.146563940045936,0.415612961270649,0.0598344779674014,6
"375","Adenine",-0.14627990262871,0.00913937611055538,0.0956000842601897,0.135198935724771,0.0675994678623855,2
"381","Adenine",-0.127445512410299,0.000936807451075452,0.0306073104188436,0.0879568358111313,0.0124953821541897,6
"406","Adenine",0.106256401195437,0.00943652396924532,0.0971417725247245,0.227146940502124,0.0396579625658482,6
"42","Adenine",0.434606427272281,0.0076826187312748,0.0876505489502194,0.123956595074847,0.0619782975374235,2
"440","Adenine",-0.115447281210861,0.0109274960806926,0.104534664493136,0.313719111535918,0.0426760980735364,6
"502","Adenine",-0.000737071056732007,0.0100420316319811,0.100209937790526,0.214510810584617,0.050104968895263,4
"513","Adenine",0.0420248228488463,0.00315881699568737,0.0562033539540779,0.153468864431,0.0229449231700877,6
"531","Adenine",-0.0622166549094109,0.0333720878061678,0.182680288499246,0.467940972984262,0.0816971086467175,5
"535","Adenine",-0.246209872915197,0.00889166025654542,0.0942956004092737,0.208812990361388,0.0471478002046368,4
"566","Adenine",0.100304587723987,0.0496113817391736,0.222736125806241,0.650180496345358,0.0909316425849418,6
"57","Adenine",-0.120447698594511,0.00609419903230457,0.0780653510355559,0.200211881590833,0.0318700461047271,6
"776","Adenine",-0.33646357835404,0.0198684197406237,0.140955382091723,0.300432746587062,0.0704776910458616,4
"83","Adenine",0.35320157899505,0.00346875878498991,0.0588961695273123,0.140044568347342,0.0263391677354844,5
"853","Adenine",0.133763190458151,0.0179103503201984,0.133829556975275,0.313866472850089,0.0546356878486921,6
"879","Adenine",0.164078269848187,0.00127006824474522,0.0356380168464131,0.0503997667602782,0.0251998833801391,2
"913","Adenine",0.070944518494246,0.0197245032119689,0.140443950428521,0.438772518632194,0.0573360026684352,6
"138","Adenosine",-0.0092269847093685,0.00977502624866792,0.0988687324115563,0.239332134045184,0.0442154413042953,5
"177","Adenosine",-0.365259389071177,0.0411890112739652,0.20295076071295,0.587763411231736,0.0828543011094025,6
"208","Adenosine",0.135745950465232,0.0141869035154624,0.119108788573566,0.25983756424264,0.059554394286783,4
"235","Adenosine",-0.138232027644369,0.0138845973810899,0.11783292146548,0.325817811319329,0.0481050887486447,6
"303","Adenosine",0.0496940701020984,0.0378206097894785,0.19447521638882,0.464259260264215,0.0793941746283258,6
"306","Adenosine",-0.0748491467388281,0.0252861425099352,0.159016170592601,0.382620566550922,0.0795080852963005,4
"309","Adenosine",-0.0459200727340474,0.038445057298593,0.196074111750106,0.466338972176814,0.0800469209262012,6
"31","Adenosine",-0.0162364486951837,0.0070297533374395,0.0838436243100183,0.185540617383058,0.0419218121550092,4
"319","Adenosine",0.407899494049455,0.0218184874594578,0.147710823772186,0.310511024305372,0.06605828859342,5
"320","Adenosine",-0.0697575659867053,0.0101295926477209,0.100645877450201,0.259999779815792,0.0410885074112802,6
"324","Adenosine",0.161079959463096,0.0195515298268107,0.139826785083584,0.315628568482816,0.0699133925417919,4
"358","Adenosine",0.0474782356040428,0.00236332270898661,0.0486140176182406,0.0854509353423132,0.0280673161582804,3
"373","Adenosine",-0.172090847460849,0.0331293821412177,0.182014785501667,0.510588111685103,0.0743072250202022,6
"375","Adenosine",-0.249733629044147,0.00108758559696826,0.0329785626880291,0.046638730620982,0.023319365310491,2
"381","Adenosine",-0.1916298059938,0.0196877532399419,0.140313054417406,0.344547131508683,0.0572825645956689,6
"406","Adenosine",0.17019249343009,0.00659235466989033,0.0811933166577788,0.228559889062715,0.0331470327226293,6
"42","Adenosine",0.337972182491252,0.147488411682054,0.384042200392162,0.543117688318202,0.271558844159101,2
"440","Adenosine",-0.232938924055125,0.0179617689430946,0.134021524178374,0.363495567580721,0.0547140581311826,6
"502","Adenosine",0.0725698383476799,0.0430064077971708,0.207379863528673,0.445511798919229,0.103689931764336,4
"513","Adenosine",0.0889290871571562,0.0213682982563655,0.146178993895722,0.352876297692443,0.0596773243596559,6
"531","Adenosine",0.0801450802035725,0.0583844603317749,0.241628765530462,0.666217102169791,0.108059669009094,5
"535","Adenosine",-0.20342820524115,0.0345159837198165,0.185784777955075,0.447142485039697,0.0928923889775375,4
"566","Adenosine",0.155048661856562,0.0838884518485664,0.28963503215006,0.868957087849603,0.118243006733708,6
"57","Adenosine",-0.399084340846793,0.151112510440319,0.388731926191199,1.10654071533531,0.158699144316281,6
"776","Adenosine",-0.12829359295178,0.0349144063567255,0.186853970674229,0.395891283408942,0.0934269853371143,4
"83","Adenosine",0.512492390275707,0.00520645249028502,0.0721557516091754,0.174514839730459,0.0322690331131412,5
"853","Adenosine",0.243257548115915,0.0546187715191991,0.23370659280217,0.548649966355179,0.0954103169816199,6
"879","Adenosine",-0.0134389735103366,0.00758019298654817,0.087064303744693,0.123127519154316,0.0615637595771578,2
"913","Adenosine",0.068634915734583,0.0288092730654765,0.169732946317079,0.440334872842154,0.0692931851693422,6
"138","Adenylosuccinate",-0.0585484498688124,0.0120826573190255,0.109921141365187,0.267484378930332,0.0491582288513846,5
"177","Adenylosuccinate",0.0677592991224048,0.0116059704844762,0.107731009855455,0.276003188743667,0.0439810006034353,6
"208","Adenylosuccinate",-0.0985719165569619,0.020975169671186,0.144828069348404,0.334082060143691,0.0724140346742018,4
"235","Adenylosuccinate",0.0941495299819243,0.013079488380453,0.114365590893647,0.304606571950084,0.0466895569702209,6
"303","Adenylosuccinate",0.0293860032085115,0.00574893643440376,0.0758217411723297,0.204040935008046,0.0309540962135971,6
"306","Adenylosuccinate",-0.0430619019701235,0.00431773244422464,0.0657094547551921,0.146587493023053,0.0328547273775961,4
"309","Adenylosuccinate",-0.0436596927635219,0.00448862585718655,0.0669972078312712,0.166566396170629,0.0273514955629686,6
"31","Adenylosuccinate",-0.0441242956775831,0.00420258158165679,0.0648273212593024,0.13152367333469,0.0324136606296512,4
"319","Adenylosuccinate",0.0104997594649572,0.00823833237395926,0.0907652597305779,0.189483380864895,0.0405914581505993,5
"320","Adenylosuccinate",-0.0167472350331755,0.0209699537600691,0.144810060976678,0.388869397937121,0.0591184598356964,6
"324","Adenylosuccinate",0.0650280540144446,0.00795366177815983,0.0891833043689222,0.189432969827026,0.0445916521844611,4
"358","Adenylosuccinate",-0.0075308250645759,0.0174110484921008,0.131950932138052,0.252455244059448,0.0761819061897265,3
"373","Adenylosuccinate",0.049162747683395,0.00324277928209962,0.0569454061544882,0.172658368148261,0.0232478647123402,6
"375","Adenylosuccinate",0.0924465692700154,0.00205310146019484,0.0453111626444836,0.0640796607387218,0.0320398303693609,2
"381","Adenylosuccinate",0.0600719715257961,0.00211263858894165,0.0459634484013292,0.122807627491446,0.0187644992336666,6
"406","Adenylosuccinate",-0.0247795075961237,0.00671151383613292,0.0819238294767336,0.218161042997431,0.0334452633321295,6
"42","Adenylosuccinate",-0.118849261511153,0.00188977051484147,0.0434714908283747,0.0614779719060651,0.0307389859530326,2
"440","Adenylosuccinate",0.0157017545846669,0.00533928376592028,0.0730704028038732,0.183964417406111,0.0298308670281871,6
"502","Adenylosuccinate",-0.005772522454073,0.00165213803565384,0.040646500902954,0.0907640481739611,0.020323250451477,4
"513","Adenylosuccinate",-0.0593810885811571,0.0173111494134919,0.131571841263592,0.33414209293592,0.0537139792690443,6
"531","Adenylosuccinate",0.0144078588184507,0.00404597461076076,0.0636079759995612,0.164178125805996,0.0284463516492388,5
"535","Adenylosuccinate",-0.0770642537883748,0.0038659858389146,0.0621770523498389,0.129511914415069,0.0310885261749194,4
"566","Adenylosuccinate",0.0157304764832698,0.00468835220644796,0.0684715430412369,0.160581823230159,0.0279533903920078,6
"57","Adenylosuccinate",-0.0626539916167829,0.0224137266351893,0.149712145917388,0.446487495426633,0.06111972763245,6
"776","Adenylosuccinate",0.0484548989485168,0.00687468121945532,0.0829136974175879,0.202075852290424,0.0414568487087939,4
"83","Adenylosuccinate",-0.00107267679251452,0.00470676082196708,0.0686058366465061,0.177262694252928,0.0306814628789668,5
"853","Adenylosuccinate",-0.0221220268995462,0.00743230476802971,0.0862108158413416,0.222877413426801,0.0351954181867226,6
"879","Adenylosuccinate",0.0903327883830187,0.0114357332117587,0.106937987692675,0.151233152527868,0.0756165762639339,2
"913","Adenylosuccinate",0.0121730223563689,0.0168857136038728,0.129945040705187,0.321279202643152,0.0530498407221498,6
"138","Adipic Acid / 3-Methylglutaric Acid",0.117502454173786,0.159912483281784,0.399890589138809,1.07804871159328,0.178836508175363,5
"177","Adipic Acid / 3-Methylglutaric Acid",0.169206086604965,0.0644405928976997,0.253851517422488,0.742375082201309,0.103634448019388,6
"208","Adipic Acid / 3-Methylglutaric Acid",0.127296265558311,0.164208216618863,0.40522613022714,0.791417928587483,0.20261306511357,4
"235","Adipic Acid / 3-Methylglutaric Acid",0.0653865053542764,0.13815309466295,0.371689513792023,1.02504875026753,0.151741608588938,6
"303","Adipic Acid / 3-Methylglutaric Acid",-0.0434671624683138,0.0195355056208882,0.13976947313662,0.333061417157323,0.0570606484670598,6
"306","Adipic Acid / 3-Methylglutaric Acid",-0.0878522979092275,0.0064269883462553,0.0801684997131373,0.170587093223967,0.0400842498565687,4
"309","Adipic Acid / 3-Methylglutaric Acid",-0.0856284796543402,0.0169450883128061,0.130173301075167,0.381203268288574,0.0531430276279747,6
"31","Adipic Acid / 3-Methylglutaric Acid",0.187038293495806,0.185715416058492,0.430947115152767,0.966671745789622,0.215473557576383,4
"319","Adipic Acid / 3-Methylglutaric Acid",-0.0342653921811076,0.0497867747198299,0.223129502127867,0.611023535598294,0.099786546908719,5
"320","Adipic Acid / 3-Methylglutaric Acid",0.218902170367081,0.192020836990882,0.4382018222131,1.14004050814184,0.178895144796648,6
"324","Adipic Acid / 3-Methylglutaric Acid",-0.0292245901380502,0.0163939856514637,0.128039000509469,0.303671420483907,0.0640195002547343,4
"358","Adipic Acid / 3-Methylglutaric Acid",-0.245111333933383,0.00375172522611491,0.0612513283620438,0.114972465809471,0.0353634709180482,3
"373","Adipic Acid / 3-Methylglutaric Acid",-0.243370864414406,0.0664491645969916,0.257777354701672,0.624621287512626,0.105237164377254,6
"375","Adipic Acid / 3-Methylglutaric Acid",-0.0828156431519897,0.123304552968729,0.351147480367906,0.496597529129432,0.248298764564716,2
"381","Adipic Acid / 3-Methylglutaric Acid",-0.100402769243266,0.029624354390795,0.172117269298566,0.420867732741059,0.0702665809504478,6
"406","Adipic Acid / 3-Methylglutaric Acid",0.00455544860669929,0.117096618894101,0.342193832343748,0.879203922722803,0.139700047061613,6
"42","Adipic Acid / 3-Methylglutaric Acid",0.596696938379111,0.0936766305786064,0.306066382633909,0.432843229307347,0.216421614653674,2
"440","Adipic Acid / 3-Methylglutaric Acid",-0.0182414891863749,0.0477893709130572,0.21860780158324,0.549709261654775,0.0892462612784211,6
"502","Adipic Acid / 3-Methylglutaric Acid",-0.0989672910435999,0.113424469675911,0.336785495049758,0.730945306820946,0.168392747524879,4
"513","Adipic Acid / 3-Methylglutaric Acid",-0.0399594835889036,0.250099729757189,0.500099719813148,1.38641252071007,0.204164855675175,6
"531","Adipic Acid / 3-Methylglutaric Acid",-0.0797906236554356,0.165589218049756,0.406926551173251,0.973867332071961,0.181983086054587,5
"535","Adipic Acid / 3-Methylglutaric Acid",-0.202382651857619,0.256510029514251,0.506468192006419,0.887551933067956,0.253234096003209,4
"566","Adipic Acid / 3-Methylglutaric Acid",-0.0568764850561935,0.140914826091264,0.375386235884142,0.88435880108434,0.153250789063365,6
"57","Adipic Acid / 3-Methylglutaric Acid",0.0761653027897414,0.111546145899041,0.333985248026078,0.771460067523131,0.136348906546795,6
"776","Adipic Acid / 3-Methylglutaric Acid",-0.0959428377976128,0.0699712646967505,0.264520820913497,0.589725635937154,0.132260410456749,4
"83","Adipic Acid / 3-Methylglutaric Acid",0.285697779128065,0.0502204499925682,0.224099196769128,0.484904985038244,0.100220207535774,5
"853","Adipic Acid / 3-Methylglutaric Acid",-0.0449640704737901,0.121123310758116,0.348027744236168,0.844347368380481,0.14208173161841,6
"879","Adipic Acid / 3-Methylglutaric Acid",-0.111155962229882,0.0430150538298017,0.20740070836379,0.293308894613858,0.146654447306929,2
"913","Adipic Acid / 3-Methylglutaric Acid",-0.020587595095992,0.108549652588293,0.329468742960986,0.705612384753734,0.134505051075101,6
"138","ADP",-0.0199240218321197,0.0413593344594517,0.203369944828265,0.496259395542127,0.0909498042432766,5
"177","ADP",-0.00543027243529499,0.016719128734851,0.129302469948764,0.35670918404804,0.0527875123093379,6
"208","ADP",0.0290826531116939,0.0154684161121708,0.124372087351507,0.283976436322113,0.0621860436757533,4
"235","ADP",0.111552636508395,0.0207293069636173,0.143976758414743,0.373082575738245,0.0587782654893475,6
"303","ADP",0.0632669615820567,0.00887999264661892,0.0942337128984045,0.287276189633211,0.0384707521948361,6
"306","ADP",0.0624199669793494,0.00553185460578269,0.0743764385123588,0.172034195130381,0.0371882192561794,4
"309","ADP",0.031758994142595,0.00393354097732717,0.0627179478086391,0.148125832052161,0.0256044949742787,6
"31","ADP",-0.0494807731000236,0.0379594605369033,0.194831877619919,0.437074672916365,0.0974159388099597,4
"319","ADP",-0.00895827297692892,0.0149858158606384,0.122416566936989,0.30966539025444,0.0547463530486523,5
"320","ADP",0.0736249940810176,0.00395291468490657,0.0628722091619705,0.151099143974647,0.0256674719080609,6
"324","ADP",-0.345796223228158,0.00147578036682585,0.0384158869066673,0.088525817106648,0.0192079434533336,4
"358","ADP",-0.144154260981892,0.00791516343681136,0.088967204276696,0.177181953714048,0.0513652393381989,3
"373","ADP",0.127438489093906,0.00596789946703858,0.0772521809856433,0.203921199185261,0.0315380708219938,6
"375","ADP",0.00600082332732222,0.00358401871934539,0.0598666745305382,0.084664263055263,0.0423321315276315,2
"381","ADP",0.0465755960152478,0.00322286782844539,0.0567703076303572,0.143859102666337,0.0231763810392009,6
"406","ADP",0.167166170051878,0.000212606690910148,0.0145810387459244,0.0353560879637669,0.00595268414121098,6
"42","ADP",-0.174902877117907,0.00276148537528119,0.0525498370623658,0.074316692274094,0.037158346137047,2
"440","ADP",0.118704309149668,0.00425623267495012,0.0652398089738935,0.170055220178542,0.026634040483781,6
"502","ADP",-0.0570061375316466,0.00732120945718572,0.0855640663899614,0.196888699837589,0.0427820331949807,4
"513","ADP",0.0371469142514839,0.00836142119874829,0.091440807076208,0.265671877002535,0.0373305531674978,6
"531","ADP",0.0109963402551939,0.0025648233784063,0.0506440853250042,0.11356682018904,0.0226487234890018,5
"535","ADP",0.0867379214803856,0.0106837616915366,0.10336228369931,0.251709455533119,0.0516811418496548,4
"566","ADP",0.00225449414236804,0.0203458666080155,0.142638937909729,0.405766073844033,0.058232102555228,6
"57","ADP",-0.420152054847103,0.223330238153069,0.47257828785617,1.0986043765292,0.192929278127621,6
"776","ADP",-0.0827816584207655,0.00931016872948044,0.0964892156123182,0.23130919345308,0.0482446078061591,4
"83","ADP",-0.100087234114815,0.0136276289315862,0.116737435861793,0.260445029903895,0.052206568421198,5
"853","ADP",0.0408294865551099,0.0114002062115926,0.106771748190205,0.294587351907256,0.0435893836684893,6
"879","ADP",0.0877396720978021,0.000788619287414633,0.0280823661292034,0.0397144630434463,0.0198572315217232,2
"913","ADP",0.04058836379388,0.0199755028311496,0.141334719128562,0.432255267148151,0.0576996574674258,6
"138","Agmatine",0.0222495538056723,0.00346939300629017,0.0589015535133851,0.154434444361132,0.0263415755272541,5
"177","Agmatine",-0.00314046314306219,0.00451403687219918,0.067186582531032,0.202558041292156,0.0274288074604031,6
"208","Agmatine",-0.0590486967160888,0.00637234120403835,0.0798269453507921,0.1679632377887,0.0399134726753961,4
"235","Agmatine",0.0234250259497223,0.00123781508343292,0.0351825963145547,0.0758191172363022,0.0143632347994972,6
"303","Agmatine",-0.00551382086412279,0.00377852563414486,0.0614697131451323,0.142273358970635,0.0250949053068043,6
"306","Agmatine",-0.0648412619059406,0.000294134899028747,0.0171503614839089,0.0325128121811252,0.00857518074195446,4
"309","Agmatine",-0.00679658491107893,0.000350653080251466,0.0187257331031783,0.0567798338069563,0.00764474852705509,6
"31","Agmatine",0.00208850582099511,0.000950972971656185,0.0308378496600555,0.0674538545228933,0.0154189248300277,4
"319","Agmatine",-0.0254884595051348,0.00114479996690557,0.0338348927426344,0.0923790832866358,0.015131424036789,5
"320","Agmatine",0.0024902363067818,0.00199943666200428,0.04471506079616,0.116396107350753,0.01825484712802,6
"324","Agmatine",-0.0296407731344868,0.000610868326501515,0.0247157505753217,0.0579853654359683,0.0123578752876608,4
"358","Agmatine",-0.0319251820607678,0.00071052521168779,0.026655678788727,0.0527039757549623,0.0153896633241037,3
"373","Agmatine",0.0750449452781797,0.0012069159077856,0.0347406952691738,0.0959163436275689,0.0141828294531662,6
"375","Agmatine",0.0506377025644898,0.000710929276647753,0.0266632570525012,0.0377075397406872,0.0188537698703436,2
"381","Agmatine",-0.0193866073960586,0.00141245407727825,0.0375826299941642,0.113918107335734,0.0153430444462534,6
"406","Agmatine",-0.0286491262990386,0.00262402885137081,0.0512252755128834,0.153574793946065,0.020912631156675,6
"42","Agmatine",-0.0971291719344353,0.00038884866136437,0.0197192459633823,0.0278872250811862,0.0139436125405931,2
"440","Agmatine",0.0455315798575163,0.00214106393888151,0.0462716321181943,0.127192713678507,0.0188903147092256,6
"502","Agmatine",0.0168644040457473,0.000935939474627464,0.0305931278987204,0.073110659404644,0.0152965639493602,4
"513","Agmatine",-0.0289596836460576,0.00884739229719404,0.0940605778059758,0.255211903146045,0.0384000700893328,6
"531","Agmatine",0.0351989377580885,0.00357470109236235,0.0597888040720196,0.134986227427919,0.0267383660396904,5
"535","Agmatine",0.0639965766302016,0.000789172268657406,0.0280922101063161,0.0649051516960533,0.014046105053158,4
"566","Agmatine",-0.0149403236283277,0.00598458203190607,0.0773600803509541,0.197256428058063,0.0315821205534241,6
"57","Agmatine",0.000708401324768529,0.00500855935622008,0.0707711760268266,0.183931290923314,0.0288922116270691,6
"776","Agmatine",-0.0213727798616796,0.00102271272503169,0.0319798800033973,0.0687136763870596,0.0159899400016987,4
"83","Agmatine",0.00672850909206662,0.000728619040198862,0.0269929442669536,0.0619552645248776,0.0120716116587543,5
"853","Agmatine",-0.0340714741007558,0.000264770050887229,0.0162717562324178,0.0360982706184294,0.00664291666472929,6
"879","Agmatine",0.0804307043226186,6.7747451254423e-07,0.000823088398985328,0.00116402277687701,0.000582011388438504,2
"913","Agmatine",0.0279696404396172,0.00297325238449557,0.0545275378546984,0.134714995151699,0.0222607741123842,6
"138","Alanine",-0.0810689771920104,0.00209364481675849,0.045756363674996,0.110218534707079,0.0204628679160986,5
"177","Alanine",-0.0122396892010483,0.0101884507984532,0.100937856121741,0.223888881283472,0.041207707204788,6
"208","Alanine",0.00373597396218005,0.00352661115982025,0.0593852772985043,0.145212713538671,0.0296926386492521,4
"235","Alanine",0.0831309286440075,0.00428309818453563,0.0654453832178835,0.141072411608583,0.0267179658174533,6
"303","Alanine",-0.0658197631935758,0.00256753007606581,0.0506708010205661,0.135369980894795,0.0206862678930807,6
"306","Alanine",-0.0487241325906164,0.000907399091397728,0.0301230657702321,0.0709641526393261,0.015061532885116,4
"309","Alanine",-0.0215127291309391,0.00329890526710974,0.057436097248244,0.136650104923797,0.0234481885125118,6
"31","Alanine",-0.0377596109637965,0.00644005991136442,0.0802499838714278,0.184761476393984,0.0401249919357139,4
"319","Alanine",0.00939321209932519,0.00414543703729772,0.0643850684343639,0.122579831249252,0.0287938779510427,5
"320","Alanine",-0.0247112084891236,0.00350593913231725,0.0592109713846788,0.146321574378021,0.0241727778444998,6
"324","Alanine",-0.0050360643116251,0.000758815518110685,0.0275466062902617,0.0646771786095244,0.0137733031451308,4
"358","Alanine",0.0175916126499245,0.00138155745245154,0.0371693079361392,0.0675079534041899,0.0214597099425221,3
"373","Alanine",0.0220095423216871,0.000213521914387683,0.0146123890718692,0.0327838152176354,0.00596548285818345,6
"375","Alanine",0.0598544669842461,0.00130895270809125,0.0361794514620005,0.0511654709367803,0.0255827354683901,2
"381","Alanine",0.046945194401919,0.00283847350643513,0.0532773263821969,0.134209757163829,0.0217503774160171,6
"406","Alanine",0.0270719215568098,0.00268905248858983,0.0518560747510823,0.136400006574357,0.0211701538672956,6
"42","Alanine",-0.0716784586169983,0.0106847515166704,0.103367071723399,0.146183114734024,0.0730915573670119,2
"440","Alanine",0.03589504862624,0.00471991173397985,0.0687016137654702,0.195966433458076,0.0280473163718618,6
"502","Alanine",0.0253730308330277,0.00177563740439553,0.0421383127853445,0.0885894800678256,0.0210691563926723,4
"513","Alanine",-0.0289317312754824,0.00275929009828793,0.05252894533767,0.159508482588876,0.0214448521339735,6
"531","Alanine",-0.000325715311514359,0.0035625866382124,0.0596874077022315,0.142486312522201,0.0266930202045868,5
"535","Alanine",0.00259102228406505,0.00697728695127246,0.0835301559394717,0.193101029841895,0.0417650779697358,4
"566","Alanine",0.00780204249308639,0.00439942438223402,0.0663281567830285,0.172391804294975,0.0270783566162905,6
"57","Alanine",-0.0985036096901923,0.00255754166259369,0.0505721431481175,0.137276768555553,0.0206459909853128,6
"776","Alanine",0.0484904074422142,0.00149142882977531,0.0386190216056195,0.0940538590692635,0.0193095108028098,4
"83","Alanine",0.0168485185178631,0.00178991126653637,0.0423073429387425,0.107896392748434,0.0189204189516848,5
"853","Alanine",0.0251212339856489,0.00551764585618371,0.0742808579392007,0.19492854115447,0.0303250332678677,6
"879","Alanine",0.019572551154368,0.00542843470990501,0.0736779119540246,0.104196302332712,0.0520981511663562,2
"913","Alanine",0.0458778765871098,0.000704034208937105,0.0265336429639261,0.0628041360331022,0.0108323143798013,6
"138","Allantoin",-0.0278739251776555,0.00831846519412772,0.0912056204086553,0.204198402363674,0.0407883934327591,5
"177","Allantoin",-0.0338169156151275,0.0199559915214236,0.141265677081956,0.387787452372565,0.0576714711699288,6
"208","Allantoin",-0.0925254364247721,0.00465119577788553,0.068199675790179,0.139321805581912,0.0340998378950895,4
"235","Allantoin",-0.00744221245444735,0.0290845938545765,0.170542058902127,0.531591724370683,0.0696235039989807,6
"303","Allantoin",-0.156311694489786,0.0275221004109273,0.165897861381415,0.463908536078418,0.0677275183005738,6
"306","Allantoin",-0.0919353711019653,0.00994249978031992,0.0997120844247071,0.235030900084413,0.0498560422123536,4
"309","Allantoin",-0.0376489280902429,0.00632168618171557,0.0795090320763344,0.215674110196612,0.0324594264216,6
"31","Allantoin",-0.0306521089754974,0.0359191836784887,0.189523570245204,0.463324948849911,0.0947617851226018,4
"319","Allantoin",-0.0744678415150389,0.00450637756352484,0.0671295580465479,0.182892758620202,0.0300212510183198,5
"320","Allantoin",-0.147706806635641,0.011491208771308,0.107197055795894,0.318811779475724,0.043763014771433,6
"324","Allantoin",0.129906970339174,0.0578024177736554,0.240421333857159,0.521195017122553,0.120210666928579,4
"358","Allantoin",-0.00810779192147883,0.0248827304555861,0.157742608243892,0.280605038091823,0.0910727373322849,3
"373","Allantoin",0.125599045674988,0.0182197101772228,0.134980406641938,0.353794239352941,0.055105520257688,6
"375","Allantoin",0.0538990959253545,0.0247195664150018,0.157224573190713,0.222349123744627,0.111174561872314,2
"381","Allantoin",-0.0729501150799199,0.0197028357712972,0.140366790129636,0.394760063721216,0.0573045021083236,6
"406","Allantoin",-0.0960323983409581,0.00738321652889262,0.0859256453504576,0.233081860947574,0.0350789978213285,6
"42","Allantoin",0.00792743501692757,0.00755156089776347,0.0868997174780417,0.122894759023837,0.0614473795119184,2
"440","Allantoin",0.393567076802112,0.571354743993731,0.755880112182965,1.66051155874076,0.308586763594328,6
"502","Allantoin",0.00123371617986049,0.0445725741750221,0.211122178311569,0.449710950478931,0.105561089155785,4
"513","Allantoin",-0.419825606336175,0.017869425938342,0.133676572137163,0.317795216409117,0.0545732320500659,6
"531","Allantoin",0.0377003804408406,0.014191253929132,0.119127049527519,0.252994455329133,0.0532752361405033,5
"535","Allantoin",0.085973810997915,0.0472986203725912,0.217482459919395,0.525920649142155,0.108741229959697,4
"566","Allantoin",0.144427821600075,0.00727635402489324,0.0853015476113607,0.220102177219216,0.0348242109862598,6
"57","Allantoin",0.0870703027640696,0.0616018135042633,0.24819712630138,0.713779262329866,0.101326052510582,6
"776","Allantoin",0.100525706065463,0.0362868651724358,0.190491115730986,0.413325682502707,0.0952455578654929,4
"83","Allantoin",0.0331105486143286,0.0241735406122562,0.155478424909234,0.388756233115549,0.0695320654263286,5
"853","Allantoin",0.0579968723851756,0.0225842260941925,0.150280491395898,0.389135075635845,0.0613517537024445,6
"879","Allantoin",0.154965892509557,0.00736580902222166,0.085824291562597,0.121373877108887,0.0606869385544437,2
"913","Allantoin",0.0527874859371558,0.0122640028736268,0.110742958573567,0.225195048277563,0.0452106235185692,6
"138","Alpha-Ketoglutaric Acid",0.131363035483045,0.0118751080403487,0.108972969310507,0.250987973962068,0.0487341934176583,5
"177","Alpha-Ketoglutaric Acid",0.0943165349572159,0.0100801294107045,0.100399847662755,0.256187798154771,0.0409880661711521,6
"208","Alpha-Ketoglutaric Acid",0.121771549206462,0.0249279927442402,0.157886011870084,0.382219990822149,0.0789430059350419,4
"235","Alpha-Ketoglutaric Acid",0.0124804475312836,0.0092346287001231,0.0960969754993522,0.223514417461532,0.0392314259663583,6
"303","Alpha-Ketoglutaric Acid",-0.00337984638744238,0.00828658426717594,0.0910306776157133,0.24690455531336,0.037163118516382,6
"306","Alpha-Ketoglutaric Acid",-0.00881198792094433,0.0214676102702029,0.146518293295421,0.270010752288714,0.0732591466477104,4
"309","Alpha-Ketoglutaric Acid",0.0815771478866407,0.00360959036307906,0.0600798665367947,0.163408661238661,0.0245275028049435,6
"31","Alpha-Ketoglutaric Acid",-0.0310956346335455,0.0754286208267924,0.274642714862041,0.632191813118973,0.137321357431021,4
"319","Alpha-Ketoglutaric Acid",0.0170932011908015,0.0213924424530605,0.146261554938612,0.408816914214126,0.0654101558675112,5
"320","Alpha-Ketoglutaric Acid",0.103891183492855,0.00119208706200446,0.0345266138218688,0.106848775333503,0.0140954310682839,6
"324","Alpha-Ketoglutaric Acid",0.0292832488021432,0.0297978752567266,0.172620610752965,0.414224264537886,0.0863103053764824,4
"358","Alpha-Ketoglutaric Acid",-0.0442222412892262,0.0326676585834212,0.180741966857233,0.361318957497831,0.104351423218886,3
"373","Alpha-Ketoglutaric Acid",0.209824260514575,0.0205988108010098,0.143522858113298,0.39329340024242,0.0585929614672414,6
"375","Alpha-Ketoglutaric Acid",0.00380218361054184,0.0825621232515131,0.287336254676491,0.406354828324983,0.203177414162491,2
"381","Alpha-Ketoglutaric Acid",0.101116091069679,0.0024283812443437,0.0492786083848124,0.144534504739932,0.0201179076295378,6
"406","Alpha-Ketoglutaric Acid",-0.222147980541628,0.464711862590838,0.681697779511447,1.80279190159546,0.27830195309856,6
"42","Alpha-Ketoglutaric Acid",-2.2358138113552,0.485037711449243,0.696446488575571,0.984924069610692,0.492462034805346,2
"440","Alpha-Ketoglutaric Acid",0.06750378956385,0.0161081868738761,0.126918032106853,0.381042973159421,0.0518140696366602,6
"502","Alpha-Ketoglutaric Acid",-0.0967800507170745,0.0580640197927333,0.240964768779034,0.514972848341427,0.120482384389517,4
"513","Alpha-Ketoglutaric Acid",0.0343927390424891,0.0389473338742561,0.197350788886835,0.543569721538178,0.0805681221847451,6
"531","Alpha-Ketoglutaric Acid",0.0627928304273749,0.0159865418550873,0.126437897226612,0.349545656606939,0.0565447466261674,5
"535","Alpha-Ketoglutaric Acid",0.132692543446567,0.0530737871551472,0.230377488386229,0.545840614945046,0.115188744193115,4
"566","Alpha-Ketoglutaric Acid",-0.00581548267359302,0.0107974843832975,0.103910944482751,0.280672194516127,0.0424214654455687,6
"57","Alpha-Ketoglutaric Acid",0.127172515050747,0.0136698131691018,0.116917976244467,0.289170782572451,0.0477315639262982,6
"776","Alpha-Ketoglutaric Acid",0.0920078023310692,0.0261712105133277,0.161775185097492,0.367372334605229,0.0808875925487459,4
"83","Alpha-Ketoglutaric Acid",-0.264281011389485,0.0505874103616498,0.22491645195861,0.587186205341722,0.100585695167504,5
"853","Alpha-Ketoglutaric Acid",0.0220368918843022,0.0296072008954076,0.17206743124545,0.466762169077094,0.0702462346504631,6
"879","Alpha-Ketoglutaric Acid",0.11023833759835,0.0072677179292135,0.0852509116034163,0.120562995394221,0.0602814976971106,2
"913","Alpha-Ketoglutaric Acid",-0.00878443413382183,0.0512624516673408,0.226412127915756,0.570534014247861,0.092432364161893,6
"138","Aminolevulinate",-0.0639978083563081,0.011306378610403,0.10633145635419,0.276530174460905,0.0475528729109042,5
"177","Aminolevulinate",-0.0633622361745955,0.00958886227765378,0.0979227362651482,0.286415355276983,0.0399767896777905,6
"208","Aminolevulinate",-0.0250843428218933,0.00414660217330125,0.0643941159835373,0.14337057509506,0.0321970579917686,4
"235","Aminolevulinate",0.218803656789337,0.0113269481450571,0.106428136059301,0.301345469458401,0.0434491046034651,6
"303","Aminolevulinate",0.211480690384761,0.0125791229676682,0.112156689357649,0.293019969521672,0.0457877766943469,6
"306","Aminolevulinate",0.168860957508524,0.00747961172701197,0.0864847485225688,0.201982792902448,0.0432423742612844,4
"309","Aminolevulinate",0.472967144494656,0.00834656310739431,0.0913595266373152,0.236086270722348,0.0372973705672717,6
"31","Aminolevulinate",-0.317963150701228,0.127822699006684,0.35752300486358,0.736636929117988,0.17876150243179,4
"319","Aminolevulinate",0.0252513989975855,0.0154997778437991,0.124498103775917,0.306255578347771,0.0556772446225549,5
"320","Aminolevulinate",0.0565895829759362,0.0190361857676174,0.137971684658909,0.389940076308585,0.0563267043944187,6
"324","Aminolevulinate",0.0644797011315072,0.00730744960508624,0.0854836218528803,0.187245584164939,0.0427418109264402,4
"358","Aminolevulinate",0.0847565160092817,0.0901735956954376,0.300289186777409,0.52340403575926,0.173372042820671,3
"373","Aminolevulinate",0.0912281595492566,0.00841229573885727,0.0917185681247656,0.247708323606894,0.0374439486407289,6
"375","Aminolevulinate",0.0167744877361166,0.00385157069957104,0.0620610239971194,0.0877675418314884,0.0438837709157442,2
"381","Aminolevulinate",-0.0205757001121516,0.00457454054209859,0.0676353497965272,0.178046179326431,0.0276120159293576,6
"406","Aminolevulinate",0.178005436224605,0.0416520091940889,0.204088238745129,0.557770778074309,0.0833186745714798,6
"42","Aminolevulinate",0.141254944724568,0.228330251036174,0.477839147659727,0.675766603253185,0.337883301626593,2
"440","Aminolevulinate",-0.200712009669576,0.017521681180114,0.132369487345513,0.350014680260402,0.0540396169183837,6
"502","Aminolevulinate",-0.154898212967966,0.001644709711539,0.0405550207932261,0.0958212973831414,0.0202775103966131,4
"513","Aminolevulinate",0.0651704677546055,0.00218012528872018,0.0466918117952193,0.110824034298622,0.0190618523440587,6
"531","Aminolevulinate",-0.00383426757562598,0.0515794382495171,0.227111070292747,0.456836119911331,0.101567158323463,5
"535","Aminolevulinate",-0.442552931258205,0.0821751796177009,0.286662134956295,0.657814025344496,0.143331067478147,4
"566","Aminolevulinate",0.132411560246662,0.00975115768303299,0.0987479502725651,0.26867123783554,0.0403136818855853,6
"57","Aminolevulinate",-0.252463414776766,0.0396616334709867,0.199152287134712,0.467204631543325,0.0813035807647144,6
"776","Aminolevulinate",-0.10509131459643,0.0131518560018336,0.114681541678832,0.239709719250301,0.0573407708394159,4
"83","Aminolevulinate",-0.115257209592803,0.00927017730494935,0.096281759980535,0.245365818486521,0.043058512061959,5
"853","Aminolevulinate",-0.324695550379648,0.0153635443043591,0.123949765245276,0.301918125931322,0.0506022797647812,6
"879","Aminolevulinate",0.111324736764926,0.00469034618635261,0.0684861021401613,0.0968539744806852,0.0484269872403426,2
"913","Aminolevulinate",-0.0239796671438386,0.0171737994879153,0.131048843901483,0.351888708033393,0.0535004664900461,6
"138","AMP",-0.0236349001877686,0.166946842724542,0.40859129056374,0.960338768637938,0.182727580142978,5
"177","AMP",0.161149311598938,0.00245443114586898,0.0495422157949055,0.141605063176492,0.0202255249040619,6
"208","AMP",-0.0265793434848354,0.00559114030798657,0.0747739279962379,0.159939697171148,0.037386963998119,4
"235","AMP",0.127642886564538,0.0067761939813181,0.08231764076623,0.247205113256213,0.0336060361178318,6
"303","AMP",0.118676186121199,0.0358314420380176,0.189291949216066,0.506957226325643,0.0772781146660312,6
"306","AMP",0.0738812908321138,0.0104470010602348,0.102210572154914,0.242066236870717,0.0511052860774569,4
"309","AMP",0.104337734232639,0.00466994187964823,0.0683369730061863,0.201102096176041,0.0278984524052507,6
"31","AMP",-0.353776185829678,0.0758714747461078,0.275447771358034,0.670104218500131,0.137723885679017,4
"319","AMP",0.0495511818025242,0.00474275091813446,0.0688676333130046,0.182897139163722,0.0307985419074815,5
"320","AMP",0.112283940206839,0.00357400134060088,0.0597829519227754,0.183979584340013,0.0244062879213564,6
"324","AMP",-0.0936506913943511,0.0458956409650891,0.214232679498458,0.473629525016681,0.107116339749229,4
"358","AMP",-0.141012038103218,0.0557308286163468,0.236073777909252,0.472147461097172,0.136297259224519,3
"373","AMP",0.178549931763226,0.0021773997850637,0.0466626165689805,0.128563024788495,0.019049933442857,6
"375","AMP",0.262800694194535,0.00906804160474621,0.0952262653092423,0.134670275894469,0.0673351379472345,2
"381","AMP",-0.017745274453128,0.00727544407849294,0.0852962137406634,0.202099185897067,0.0348220334426661,6
"406","AMP",0.0651740137057609,0.00660969291139344,0.0813000179052468,0.22052593310826,0.0331905933244984,6
"42","AMP",-0.222368276835578,0.129120215149899,0.359333014277701,0.50817362219993,0.254086811099965,2
"440","AMP",0.0778480848803661,0.00879045263572822,0.0937574137640764,0.208386744352006,0.0382763038874972,6
"502","AMP",-0.0911573233857635,0.0109544532432734,0.104663523938731,0.23989933861938,0.0523317619693657,4
"513","AMP",-0.0115180572565066,0.00293826620339275,0.054205776476246,0.16359475398346,0.0221294155796937,6
"531","AMP",0.0706032184466064,0.00306972751007549,0.0554051216953405,0.130120205020142,0.024777923682486,5
"535","AMP",0.103423129908887,0.00276420142668154,0.0525756733355032,0.112983921865217,0.0262878366677516,4
"566","AMP",-0.0448280809171284,0.0326006285235982,0.180556441379415,0.49090027874931,0.073711858525385,6
"57","AMP",-0.715281013862893,0.54423618773279,0.737723652686282,1.54339222787314,0.301174420043931,6
"776","AMP",-0.0169129819761399,0.00402715845176476,0.0634598964052476,0.152441329210978,0.0317299482026238,4
"83","AMP",-0.0636609805262344,0.00950403905539328,0.0974886611632003,0.22857762766835,0.0435982546792719,5
"853","AMP",0.0484196747943996,0.0174355612106847,0.132043785202806,0.319904205615552,0.053906649575423,6
"879","AMP",-0.0374206415614193,0.00905829206690915,0.0951750601098268,0.134597860806992,0.0672989304034958,2
"913","AMP",0.107258727014751,0.0089848040316404,0.094788206184316,0.254108082744434,0.0386971231308832,6
"138","Anthranilic Acid",-0.174773162404877,0.0717747013594889,0.267908009136511,0.60604129822389,0.119812104029175,5
"177","Anthranilic Acid",0.171328978015897,0.0172182915947151,0.131218488006512,0.300668683146062,0.0535697234059115,6
"208","Anthranilic Acid",-0.0267968806478698,0.0249681543375871,0.158013146091036,0.300394369484417,0.0790065730455181,4
"235","Anthranilic Acid",0.0689003396347623,0.124291069061829,0.352549385280742,0.825581567166599,0.143927683844949,6
"303","Anthranilic Acid",0.0175037017499761,0.0515544746989133,0.227056104738264,0.625359705100962,0.09269526659878,6
"306","Anthranilic Acid",-0.0628681384425735,0.0653107671822083,0.255559713535229,0.55491623084472,0.127779856767615,4
"309","Anthranilic Acid",-0.215722380116079,0.0150750938706447,0.122780673848309,0.325663228666299,0.0501250002005731,6
"31","Anthranilic Acid",-0.113912835665511,0.000181678195389589,0.0134788054140413,0.0311989613253704,0.00673940270702065,4
"319","Anthranilic Acid",0.0141930777365275,0.0213867953896345,0.146242248989936,0.341709066809428,0.0654015219847895,5
"320","Anthranilic Acid",-0.144839698037831,0.0105231183291529,0.10258225153092,0.242664355256045,0.0418790288194321,6
"324","Anthranilic Acid",0.0681811440762486,0.0546917935146952,0.233862766413756,0.502958095576938,0.116931383206878,4
"358","Anthranilic Acid",-0.0440800246528639,0.123130579687754,0.350899671826227,0.6285726339597,0.202592019987424,3
"373","Anthranilic Acid",-0.0680038639137295,0.0594927645160511,0.243911386605978,0.64459101160117,0.0995764066065611,6
"375","Anthranilic Acid",-0.156847008793785,0.199287512386099,0.446416299418042,0.631327985101403,0.315663992550701,2
"381","Anthranilic Acid",0.224385377559239,0.0648943817997077,0.254743757135887,0.670365474634822,0.103998703357067,6
"406","Anthranilic Acid",0.0650508068785733,0.0716537680804404,0.267682214725671,0.788062907529513,0.109280806549336,6
"42","Anthranilic Acid",0.123971859373112,0.0259788569676626,0.161179579871839,0.227942347832353,0.113971173916176,2
"440","Anthranilic Acid",-0.291285459690491,0.0291171513974531,0.170637485323281,0.51655870224893,0.0696624616722821,6
"502","Anthranilic Acid",-0.113820543650947,0.0158514641643628,0.125902597925392,0.29522939156502,0.0629512989626958,4
"513","Anthranilic Acid",-0.13607871478421,0.0105855225481403,0.102885968665024,0.297004007636658,0.0420030208202147,6
"531","Anthranilic Acid",-0.025426599382246,0.0349503423961281,0.186950106702639,0.444898673778046,0.0836066293975879,5
"535","Anthranilic Acid",0.15874555487498,0.118465142673138,0.344187656189379,0.717177048251103,0.17209382809469,4
"566","Anthranilic Acid",0.304524661244792,0.11860720581101,0.344393968894651,0.986417074496138,0.140598249047306,6
"57","Anthranilic Acid",-0.154497347840759,0.061833210473924,0.248662844980757,0.577421650610038,0.101516181365275,6
"776","Anthranilic Acid",0.00710300328036144,0.0130862560198104,0.11439517481,0.265399307362268,0.0571975874049999,4
"83","Anthranilic Acid",0.24631504590349,0.0773071591192449,0.278041649972167,0.704985025087589,0.124344005982793,5
"853","Anthranilic Acid",0.0653056584675148,0.0336714223990359,0.183497744942645,0.451653658025808,0.0749126406768086,6
"879","Anthranilic Acid",-0.183400071604304,0.0137578475654535,0.117293851353997,0.165878555367796,0.0829392776838982,2
"913","Anthranilic Acid",0.19288185607323,0.147016408541622,0.383427188057422,0.954199137828008,0.156533494041809,6
"138","Arabitol/Xylitol",-0.0396387564852897,0.0105968997569559,0.102941244197629,0.235471425448215,0.0460367239428609,5
"177","Arabitol/Xylitol",0.0159151460869194,0.00234205431874382,0.0483947757381292,0.110996440431794,0.0197570844624733,6
"208","Arabitol/Xylitol",-0.0163789624264249,0.0193811269577515,0.139216116013023,0.3025502946821,0.0696080580065115,4
"235","Arabitol/Xylitol",0.0456364590225556,0.00322101919481396,0.0567540236002167,0.151901455834876,0.0231697331117342,6
"303","Arabitol/Xylitol",-0.153159481680848,0.011918975608856,0.109174061062397,0.325138695333868,0.0445701237917211,6
"306","Arabitol/Xylitol",0.14415114610368,0.00526660717825275,0.0725713936634316,0.15397341408459,0.0362856968317158,4
"309","Arabitol/Xylitol",0.0128955780576369,0.00101279791184229,0.0318244860420759,0.0932283411928778,0.0129922920215686,6
"31","Arabitol/Xylitol",0.062936377510519,0.0117127691320791,0.108225547501868,0.19303225413792,0.0541127737509341,4
"319","Arabitol/Xylitol",0.00318866365150205,0.00107984165529376,0.032860944224014,0.0795206375769174,0.0146958610179449,5
"320","Arabitol/Xylitol",0.0165797291910475,0.00357243318797791,0.0597698351008091,0.148343309846175,0.0244009330012123,6
"324","Arabitol/Xylitol",-0.110759227639421,0.0113272222957443,0.106429424013025,0.240621734977722,0.0532147120065127,4
"358","Arabitol/Xylitol",-0.0896833595435419,0.0072749604373836,0.08529337862568,0.14986556605486,0.049244155109629,3
"373","Arabitol/Xylitol",0.0461115757927546,0.00759172047549213,0.0871304796009532,0.239646452109459,0.0355708693443857,6
"375","Arabitol/Xylitol",0.11921760162383,0.000174381825508158,0.0132053710855908,0.0186752148854121,0.00933760744270604,2
"381","Arabitol/Xylitol",-0.0594512045428991,0.00103301373934933,0.0321405310993663,0.0827912116621075,0.0131213168759169,6
"406","Arabitol/Xylitol",0.00452593718471575,0.00250491474021077,0.05004912327115,0.119667832914066,0.0204324690146621,6
"42","Arabitol/Xylitol",-0.257127978743969,0.00106727926785872,0.0326692403930475,0.0462012828362746,0.0231006414181373,2
"440","Arabitol/Xylitol",0.096413556112533,0.00323550278211342,0.0568814801329345,0.138081107214685,0.0232217670233247,6
"502","Arabitol/Xylitol",-0.0602242896820225,0.00132450013793154,0.0363936826651486,0.0857765597500418,0.0181968413325743,4
"513","Arabitol/Xylitol",-0.216875567816464,0.00646012653920094,0.0803749123744526,0.246786150297204,0.0328129205730531,6
"531","Arabitol/Xylitol",0.00066329479290719,0.00797645517362377,0.0893110025339754,0.220337363405393,0.039941094560925,5
"535","Arabitol/Xylitol",0.0369600365195609,0.00523029045063302,0.0723207470276201,0.165577178485414,0.0361603735138101,4
"566","Arabitol/Xylitol",-0.00994757719771658,0.00967405674398623,0.0983567829078719,0.264300382731084,0.040153988477664,6
"57","Arabitol/Xylitol",0.122013093939305,0.00607442950586076,0.0779386265330661,0.176370197830718,0.0318183110432257,6
"776","Arabitol/Xylitol",0.208853727650764,0.00178396592069985,0.0422370207365511,0.0923840490432364,0.0211185103682756,4
"83","Arabitol/Xylitol",-0.0589448974866019,0.00387475475716529,0.0622475281209246,0.160576775702953,0.0278379408619434,5
"853","Arabitol/Xylitol",0.106948563959919,0.00296642592809437,0.054464905472188,0.143179534949609,0.0222352045492966,6
"879","Arabitol/Xylitol",0.109870973636755,0.00990403364710904,0.0995190114857912,0.14074113575717,0.0703705678785849,2
"913","Arabitol/Xylitol",-0.071500452928096,0.0212710949817801,0.145846134613778,0.414223696830015,0.0595414351268371,6
"138","Arginine",-0.0101061945673033,0.00118056711192958,0.0343593817163461,0.0968197296178959,0.0153659826365227,5
"177","Arginine",-0.0268044095428566,0.0013510741963188,0.0367569611953817,0.109994595923067,0.0150059665706611,6
"208","Arginine",-0.0371432985739737,0.00123113222562578,0.0350874938635659,0.0719781617271024,0.017543746931783,4
"235","Arginine",0.00802156605166077,0.0023915896111842,0.0489038813509132,0.13778031442929,0.0199649259585579,6
"303","Arginine",-0.0435671639201187,0.00485714037176838,0.0696931874128912,0.201183767505131,0.0284521246182905,6
"306","Arginine",-0.0657482953233062,0.000641418345943139,0.0253262382904201,0.0591483498088436,0.01266311914521,4
"309","Arginine",0.00420161759486278,0.0025571064378406,0.0505678399562469,0.114294892597798,0.020644234214588,6
"31","Arginine",-0.017610737935014,0.00371155309570809,0.0609225171484903,0.142267186698212,0.0304612585742451,4
"319","Arginine",-0.0242329785382119,0.00224640496909706,0.0473962548003221,0.124921348796021,0.0211962495224842,5
"320","Arginine",-0.017776310098337,0.000728395686252047,0.0269888066844766,0.0765458226629984,0.0110181341905972,6
"324","Arginine",-0.00389210067053771,0.00118243877421202,0.0343866074833215,0.0832491306921792,0.0171933037416607,4
"358","Arginine",-0.0419270152997495,0.00267196480442206,0.0516910514927107,0.0969551876442223,0.0298438424940113,3
"373","Arginine",0.0391327669681149,0.0027606477070735,0.052541866231354,0.12811881630896,0.0214501270667313,6
"375","Arginine",0.0143514488077969,0.00226965652460762,0.0476409122982298,0.0673744242959838,0.0336872121479919,2
"381","Arginine",0.00557724419819573,0.00448660384820287,0.0669821158832928,0.161093544289724,0.0273453343010067,6
"406","Arginine",0.0365965310563977,0.00502143788121508,0.0708621046908366,0.161107836279666,0.0289293330987053,6
"42","Arginine",0.0627102425157181,0.000165819706541035,0.0128771000827452,0.0182109695810539,0.00910548479052696,2
"440","Arginine",0.029022604405241,0.00744841274141473,0.086304187276254,0.24271696616183,0.0352335369154038,6
"502","Arginine",0.011803636448782,0.00662534384605504,0.0813962151826179,0.197292994706505,0.040698107591309,4
"513","Arginine",-0.00533051936278257,0.00795868636909348,0.0892114699413337,0.27391378960332,0.0364204300933178,6
"531","Arginine",0.0653208244192263,0.0105336841723952,0.102633737983156,0.243523609314056,0.0458992029830479,5
"535","Arginine",0.0243253338063354,0.0133419058404012,0.115507167917845,0.237139278427784,0.0577535839589224,4
"566","Arginine",-0.00949533771865561,0.00251962038104236,0.0501958203543119,0.15342968380546,0.020492357848079,6
"57","Arginine",-0.0839483534838323,0.00105110484275049,0.0324207471035213,0.0909343644893054,0.0132357145805738,6
"776","Arginine",-0.00317844590844266,0.00291176145845023,0.053960739973153,0.122632661220469,0.0269803699865765,4
"83","Arginine",0.0840928721283886,0.00209945669520694,0.0458198286248098,0.11592926557904,0.0204912503044931,5
"853","Arginine",-0.037155356672651,0.014067653718186,0.11860714024959,0.294802600242947,0.0484211622437029,6
"879","Arginine",0.0378889831586569,0.00284109595519549,0.0533019320024658,0.0753803151385756,0.0376901575692878,2
"913","Arginine",0.0492389059162665,0.0128992253520802,0.113574756667493,0.279426069283025,0.0463667002493531,6
"138","Argininosuccinate",-0.0736069690120766,0.0221729623884728,0.148905884331254,0.303724671902551,0.066592735922881,5
"177","Argininosuccinate",-0.214693281768968,0.0117333294960153,0.108320494349016,0.328435531802506,0.0442216566401865,6
"208","Argininosuccinate",-0.0494519212072105,0.0256199565212423,0.160062351979603,0.380742064362708,0.0800311759898015,4
"235","Argininosuccinate",-0.052815334026357,0.00671724883722979,0.0819588240351812,0.19830290407717,0.0334595498007913,6
"303","Argininosuccinate",0.135860707385177,0.010511622284542,0.102526202916825,0.310967998834118,0.041856147068545,6
"306","Argininosuccinate",-0.00466806611392906,0.00214367487420122,0.0462998366541526,0.0985079662738215,0.0231499183270763,4
"309","Argininosuccinate",0.213487746807891,0.00269544751468778,0.0519176994356239,0.129664103317842,0.0211953120394101,6
"31","Argininosuccinate",-0.0766345496959441,0.00244655116905489,0.0494626239604703,0.102096147339967,0.0247313119802351,4
"319","Argininosuccinate",-0.193397281252262,0.0104903558869422,0.102422438395804,0.266791254487495,0.0458047069348604,5
"320","Argininosuccinate",-0.0279545129174329,0.0106358619599082,0.103130315426203,0.218365173255659,0.0421027749677464,6
"324","Argininosuccinate",0.0439162446500432,0.0124457210410795,0.111560391900887,0.228065862080487,0.0557801959504435,4
"358","Argininosuccinate",-0.0557048869786472,0.0093664946871856,0.0967806524424464,0.185110502695783,0.055876335739994,3
"373","Argininosuccinate",0.0308476289504421,0.00312995260952995,0.0559459793866365,0.150919558669125,0.0228398504429209,6
"375","Argininosuccinate",0.0612713348171756,0.00345116549559853,0.0587466211419732,0.0830802683625725,0.0415401341812862,2
"381","Argininosuccinate",-0.0904830917610308,0.00262889601037627,0.0512727609006602,0.157338717226895,0.0209320169850569,6
"406","Argininosuccinate",0.079940943782727,0.00745268158768294,0.0863289151309278,0.214527786597973,0.0352436320198012,6
"42","Argininosuccinate",-0.346267327755356,0.00697953924729638,0.0835436367851938,0.118148544191593,0.0590742720957964,2
"440","Argininosuccinate",0.141879166927555,0.0052789782720629,0.0726565776242103,0.211580345323891,0.0296619236060388,6
"502","Argininosuccinate",-0.251370458751564,0.000247535714105403,0.0157332677503881,0.0367369182241941,0.00786663387519407,4
"513","Argininosuccinate",0.129740778234719,0.0118767675211577,0.108980583230031,0.282751757977632,0.0444911367974149,6
"531","Argininosuccinate",0.183838918248152,0.00560509402437502,0.074867175880856,0.179193429245187,0.0334816189106053,5
"535","Argininosuccinate",0.118443821440346,0.00396906041160939,0.063000479455393,0.13031761094675,0.0315002397276965,4
"566","Argininosuccinate",-0.0710985134611084,0.00795583072260561,0.0891954635763816,0.226603095309825,0.0364138955221895,6
"57","Argininosuccinate",0.0686599564355306,0.00548160605758593,0.0740378690778303,0.200310176748247,0.0302258334806115,6
"776","Argininosuccinate",-0.0766885807860513,0.00600948325368805,0.0775208568946968,0.176083921934656,0.0387604284473484,4
"83","Argininosuccinate",-0.0575103884392292,0.0144623559695994,0.120259535878031,0.27245359304709,0.0537816994331704,5
"853","Argininosuccinate",-0.143629667668984,0.00476217011736746,0.0690084785904418,0.189343001707399,0.02817259341206,6
"879","Argininosuccinate",0.148271532287309,4.32987857750889e-05,0.00658018128740302,0.009305781619519,0.0046528908097595,2
"913","Argininosuccinate",0.188550177475174,0.00575686410548677,0.0758740015122886,0.224124403409191,0.0309754314080444,6
"138","Asparagine",-0.0085469030973506,0.0197226478419935,0.140437344897978,0.321252530652978,0.0628054899542922,5
"177","Asparagine",0.0743671684892845,0.0170044093996879,0.13040095628364,0.346341026074567,0.0532359674776491,6
"208","Asparagine",0.0109710698693514,0.00603021872403366,0.0776544829616015,0.188388330490096,0.0388272414808008,4
"235","Asparagine",-0.0564694612227119,0.0181998988272334,0.134907000660579,0.311274181688387,0.0550755523912885,6
"303","Asparagine",-0.0632535789576683,0.0188873970883729,0.137431426858535,0.35346912379032,0.0561061450710063,6
"306","Asparagine",-0.0140530163253981,0.0147208986434298,0.121329710472867,0.218062867178123,0.0606648552364336,4
"309","Asparagine",-0.0643932946525344,0.00662632858590325,0.0814022640096899,0.191018076473161,0.0332323351218439,6
"31","Asparagine",0.00287759357344788,0.0240111729730313,0.154955390267752,0.357264961514735,0.0774776951338759,4
"319","Asparagine",0.350314132579379,0.0271422659503703,0.164749099998666,0.386023825387625,0.0736780373657853,5
"320","Asparagine",-0.0952917959940969,0.0184628183095721,0.13587795372897,0.326543921472074,0.0554719423215799,6
"324","Asparagine",-0.0903861657449976,0.0433419002706496,0.20818717604754,0.457900854511768,0.10409358802377,4
"358","Asparagine",0.105924008256189,0.0352193902958914,0.187668298590602,0.354512859426862,0.108350342709643,3
"373","Asparagine",0.134118838108254,0.00676565966675166,0.0822536301129115,0.180234718318688,0.033579903878043,6
"375","Asparagine",-0.064309395292787,0.0411731694274203,0.202911728166265,0.286960517937295,0.143480258968647,2
"381","Asparagine",-0.187494963396033,0.00740826069422928,0.0860712535881131,0.243524195338422,0.0351384421354288,6
"406","Asparagine",0.0177316569313791,0.0360904882438293,0.189974967413681,0.472206506136165,0.0775569556775635,6
"42","Asparagine",-0.071843384927894,0.000524999350003727,0.0229128642906933,0.0324036834327126,0.0162018417163563,2
"440","Asparagine",0.0464988172319519,0.0186794715927891,0.136672863410368,0.309563985730707,0.0557964628400837,6
"502","Asparagine",0.054271866431356,0.043335006756829,0.208170619341032,0.438249769355502,0.104085309670516,4
"513","Asparagine",-0.0378510797260146,0.0429549091318344,0.207255661278129,0.5001590220619,0.0846117694057535,6
"531","Asparagine",-0.00442954361404234,0.0213860139413927,0.146239577206011,0.356991024916623,0.0654003271266937,5
"535","Asparagine",0.183990111118059,0.0543977214496255,0.233233191140595,0.476611600751194,0.116616595570298,4
"566","Asparagine",0.102736615732178,0.0370095560895072,0.19237867888492,0.503612794327666,0.0785382667764651,6
"57","Asparagine",-0.0237149857245232,0.00888581221923066,0.094264586241232,0.238526806437889,0.0384833561842663,6
"776","Asparagine",0.12918696063181,0.0070330759233405,0.0838634361527149,0.188031426816634,0.0419317180763575,4
"83","Asparagine",-0.185948819235541,0.0192495586605328,0.138742778768961,0.314192618467744,0.0620476569429221,5
"853","Asparagine",-0.0286107647826979,0.0441156207291029,0.210037188919255,0.486467707475311,0.0857473233101214,6
"879","Asparagine",-0.0374523959098706,0.0500772513751583,0.22377947040593,0.316471962028734,0.158235981014367,2
"913","Asparagine",-0.124196452684135,0.0374135336667653,0.193425783355698,0.481219055036013,0.0789657453865971,6
"138","Aspartic Acid",-0.0523503484786455,0.193300012215979,0.439658972632174,0.990728942233379,0.196621469944652,5
"177","Aspartic Acid",0.097371898332844,0.0315267603352294,0.177557766192384,0.454807064792204,0.0724876545066232,6
"208","Aspartic Acid",-0.107611335705748,0.148364377440842,0.385180967132129,0.862245686555217,0.192590483566064,4
"235","Aspartic Acid",-0.0934434155357775,0.0245321537796733,0.156627436229012,0.472122162049382,0.063942883080232,6
"303","Aspartic Acid",0.13472031119086,0.111530288063765,0.333961506859346,0.90765090356699,0.136339214256064,6
"306","Aspartic Acid",-0.0102922163214797,0.102209370113464,0.319702002047945,0.677329703226771,0.159851001023972,4
"309","Aspartic Acid",-0.230195941558601,0.0226929725117211,0.150641868388974,0.421579813139532,0.061499285242081,6
"31","Aspartic Acid",0.147123931465563,0.0277301366303334,0.166523681890395,0.37898672217895,0.0832618409451974,4
"319","Aspartic Acid",0.0843732905654169,0.0126518102300691,0.112480265958385,0.292445775808169,0.0503027041620411,5
"320","Aspartic Acid",-0.0970411993129168,0.0575752811867788,0.23994849694628,0.715205986914935,0.0979585636776922,6
"324","Aspartic Acid",0.338512455155177,0.0531950811407732,0.230640588667245,0.516066686766645,0.115320294333622,4
"358","Aspartic Acid",0.0965270734177644,0.0793194644361439,0.281637114805815,0.554874835517644,0.162603264046927,3
"373","Aspartic Acid",-0.151649038002507,0.0361308201124008,0.190081088255515,0.449553867492391,0.0776002793298246,6
"375","Aspartic Acid",-0.230998377742598,0.0149871361831898,0.122421959562775,0.173130795545968,0.0865653977729838,2
"381","Aspartic Acid",-0.0105513603534808,0.0138529477350695,0.117698546019352,0.292163504260095,0.0480502302024828,6
"406","Aspartic Acid",-0.0724330289913272,0.0358763353030426,0.189410494173482,0.452557766362506,0.0773265104422394,6
"42","Aspartic Acid",0.575293174950857,0.0267325136903271,0.163500806390449,0.23122505785631,0.115612528928155,2
"440","Aspartic Acid",-0.177841487140425,0.0710699538763872,0.266589485682364,0.770945522344734,0.108834701785465,6
"502","Aspartic Acid",0.0498180684841455,0.0720357035716417,0.268394678731978,0.582760164418878,0.134197339365989,4
"513","Aspartic Acid",0.0927584881239801,0.096929724296052,0.311335388762749,0.834807244168969,0.127102140223294,6
"531","Aspartic Acid",0.0343986248553567,0.0101024487227155,0.100510938323724,0.274660122264999,0.0449498581148273,5
"535","Aspartic Acid",-0.0916803744426574,0.0983687067103005,0.313637859178863,0.687737256456911,0.156818929589432,4
"566","Aspartic Acid",0.169152343674453,0.0328953724917189,0.18137081488409,0.473357055911895,0.0740443251164676,6
"57","Aspartic Acid",-0.112979054280653,0.0719496870980106,0.268234388358411,0.615602370854676,0.109506230490941,6
"776","Aspartic Acid",-0.0781114612755986,0.0138960314961217,0.117881429818787,0.253418834191052,0.0589407149093936,4
"83","Aspartic Acid",0.383219482628014,0.010328402242113,0.101628747124586,0.249051506551161,0.0454497574077421,5
"853","Aspartic Acid",-0.0320125621424822,0.0295858638574192,0.172005418104835,0.460370646233185,0.070220917891821,6
"879","Aspartic Acid",-0.0558454587458091,0.0110134580142873,0.10494502377096,0.148414675920458,0.0742073379602291,2
"913","Aspartic Acid",-0.200142856415052,0.102583713386438,0.320286923533319,0.92748603173926,0.130756588990408,6
"138","Azelaic Acid",0.0948697332971698,0.100962558720647,0.317746060118212,0.781545908383974,0.142100358001411,5
"177","Azelaic Acid",0.205868817736127,0.0457373768869297,0.213862986248041,0.615193073158926,0.0873091985292593,6
"208","Azelaic Acid",0.0155212114914086,0.144281132717739,0.379843563480729,0.820959332004359,0.189921781740365,4
"235","Azelaic Acid",0.0781698611792743,0.0681943090596427,0.261140401048254,0.726179309685784,0.106610122298997,6
"303","Azelaic Acid",0.029164996166475,0.0559046344228006,0.236441608907571,0.627357551799883,0.096526882631041,6
"306","Azelaic Acid",-0.12733237317522,0.00875169590058947,0.0935504992001083,0.213580095962597,0.0467752496000542,4
"309","Azelaic Acid",-0.0873455855787772,0.00825482825027991,0.0908560853783604,0.224550253605577,0.0370918415339544,6
"31","Azelaic Acid",0.156209085716407,0.234088520318987,0.483826952865368,1.04943252072602,0.241913476432684,4
"319","Azelaic Acid",0.00374229238567171,0.161416459393331,0.401766672825574,1.05599225897721,0.17967551830638,5
"320","Azelaic Acid",0.209447934446442,0.208790918907387,0.456936449528145,1.21338489344803,0.186543524370493,6
"324","Azelaic Acid",-0.0631579537279021,0.0328022240954443,0.181113842915014,0.404715816916355,0.090556921457507,4
"358","Azelaic Acid",-0.22668923633,0.00158224794300093,0.0397774803500791,0.0758672561338085,0.0229655389878032,3
"373","Azelaic Acid",-0.229268237718974,0.0533197445370549,0.230910685194633,0.57487619785727,0.0942688924805481,6
"375","Azelaic Acid",-0.105900536398678,0.243006750311747,0.492957148555275,0.697146685155638,0.348573342577819,2
"381","Azelaic Acid",-0.109461093717762,0.0372490720801196,0.193000186735971,0.505067573733823,0.0787919962941664,6
"406","Azelaic Acid",0.0502696386266709,0.0278024897230739,0.166740786021519,0.464396967192334,0.0680716408438858,6
"42","Azelaic Acid",0.548366561139741,0.033455892098289,0.182909518883761,0.258673122292553,0.129336561146276,2
"440","Azelaic Acid",-0.129340488480692,0.0734548277580431,0.27102551126793,0.720908750134471,0.110645701647227,6
"502","Azelaic Acid",0.0166285691908619,0.253902665902709,0.503887552835659,1.0730663284937,0.25194377641783,4
"513","Azelaic Acid",-0.0387830154497402,0.20728574996254,0.45528644825268,1.19996308862135,0.185869914170521,6
"531","Azelaic Acid",-0.0902840697076889,0.227696681378019,0.477175734271996,1.25710828837338,0.213399475809112,5
"535","Azelaic Acid",-0.178471814534523,0.292134813670772,0.540494970994895,0.981439437833176,0.270247485497447,4
"566","Azelaic Acid",-0.0822490855364227,0.148425573258994,0.385260396691632,0.813361753045168,0.157281898332788,6
"57","Azelaic Acid",0.0790236259167856,0.185713920270729,0.430945379683701,1.21272483626422,0.175932714539171,6
"776","Azelaic Acid",0.0024866671160905,0.0627937876721309,0.250586886472798,0.575184756516036,0.125293443236399,4
"83","Azelaic Acid",0.237203389312805,0.0410538275307158,0.202617441329012,0.417397656564945,0.0906132744477494,5
"853","Azelaic Acid",-0.064748079013953,0.117764050676886,0.343167671374922,0.783141804366801,0.140097615181277,6
"879","Azelaic Acid",-0.203699412231517,0.0219799550876183,0.148256382957424,0.209666187486768,0.104833093743384,2
"913","Azelaic Acid",0.0371414096283183,0.116648173474827,0.341537953198216,0.880077752660658,0.139432285521699,6
"138","betaAlanine",0.0887604812551862,0.0371807878782457,0.192823203682144,0.464909860127804,0.0862331582145125,5
"177","betaAlanine",0.109767737123575,0.00809155370511956,0.0899530639006786,0.241096357210061,0.0367231845594387,6
"208","betaAlanine",0.0673188704423369,0.0214688806116357,0.146522628326261,0.333489959286151,0.0732613141631305,4
"235","betaAlanine",0.171076615813515,0.00136607565949588,0.0369604607587064,0.0937400821581399,0.0150890449194986,6
"303","betaAlanine",0.0480987041060256,0.0155537492606329,0.124714671392875,0.328588606244325,0.0509145513919038,6
"306","betaAlanine",-0.042787326277849,0.000452350559093676,0.0212685344839196,0.0502219559157594,0.0106342672419598,4
"309","betaAlanine",0.0151999539173593,0.000861784147077772,0.0293561602917986,0.0776393601068091,0.0119846022537099,6
"31","betaAlanine",0.0219869131943845,0.041538703964127,0.203810460880022,0.46281608761787,0.101905230440011,4
"319","betaAlanine",-0.0411979885386482,0.0120792208445946,0.109905508709048,0.272400615692624,0.0491512377150253,5
"320","betaAlanine",0.00853058747177378,0.0295912960564789,0.172021208158991,0.492328231844589,0.0702273641544364,6
"324","betaAlanine",-0.076751692559913,0.0153432957556045,0.123868057850297,0.275937736289087,0.0619340289251485,4
"358","betaAlanine",0.125618475290728,0.000799236073173137,0.0282707635760539,0.0501332018189173,0.016322132960831,3
"373","betaAlanine",-0.00149157560652628,0.00198102240022719,0.0445086778081217,0.111370653449496,0.0181705916259726,6
"375","betaAlanine",0.0259588375926733,0.0096206816024737,0.0980850732908617,0.138713240914296,0.0693566204571478,2
"381","betaAlanine",-0.0880291631959383,0.00167354622414252,0.0409089993050737,0.125722371092572,0.0167010290308837,6
"406","betaAlanine",-0.188608517774814,0.00425765984737093,0.0652507459526014,0.145897035812652,0.0266385054866414,6
"42","betaAlanine",0.336222390991523,0.0528661831126987,0.229926473275042,0.32516513685418,0.16258256842709,2
"440","betaAlanine",-0.144866850500864,0.00161843195056263,0.0402297396283226,0.0889920482675483,0.016423722429069,6
"502","betaAlanine",-0.000138383384856148,0.00802763581922863,0.0895970748363395,0.198575585137611,0.0447985374181698,4
"513","betaAlanine",-0.0104687757549012,0.0474577606661606,0.217848021946862,0.608031547265758,0.0889360825407407,6
"531","betaAlanine",-0.119861957084661,0.000938841633443373,0.0306405227344994,0.076203558551587,0.0137028583400937,5
"535","betaAlanine",0.0258604277031645,0.0439761662891641,0.209704950559504,0.491869328133982,0.104852475279752,4
"566","betaAlanine",0.0742756894265188,0.0265402280639989,0.16291171862085,0.463708169153643,0.0665084306234917,6
"57","betaAlanine",-0.0271813774658537,0.00307762900468929,0.0554763824044907,0.159282368510964,0.0226481382777529,6
"776","betaAlanine",0.0183136211375821,0.00464126630144772,0.0681268398022961,0.156782386929242,0.0340634199011481,4
"83","betaAlanine",-0.103261203023254,0.00336782608408237,0.0580329741102623,0.131012490472711,0.0259531350094064,5
"853","betaAlanine",0.0267764234087971,0.0158127879706236,0.125748908427165,0.341636182440391,0.0513367768930871,6
"879","betaAlanine",-0.190729066256996,0.00482099441041339,0.0694333810959353,0.0981936292272914,0.0490968146136457,2
"913","betaAlanine",0.0240595265998169,0.026378116021359,0.162413410842082,0.429290110286244,0.0663049973246851,6
"138","Betaine",-0.176630241734493,0.00517691765923117,0.0719508002681775,0.144165952876408,0.032177376087031,5
"177","Betaine",-0.0319311730069492,0.00823264427111521,0.0907339201793641,0.257673747297642,0.03704196780031,6
"208","Betaine",-0.0525184964940955,0.0299833799458207,0.173157096146305,0.376586313701188,0.0865785480731524,4
"235","Betaine",-0.0765607078301009,0.00871583323596142,0.0933586270034078,0.251498206756455,0.0381134998741947,6
"303","Betaine",-0.0406162355589838,0.00582631170865915,0.0763302804177945,0.222074518949158,0.0311617064911919,6
"306","Betaine",-0.157737698668392,0.0103185394609359,0.101580211955557,0.239458916857508,0.0507901059777785,4
"309","Betaine",-0.0227435333434599,0.00571755564677329,0.0756145200789722,0.181812053868767,0.0308694985564858,6
"31","Betaine",-0.0525374526170664,0.0110986957964878,0.105350347870749,0.215374683784298,0.0526751739353744,4
"319","Betaine",-0.0291716994300743,0.026424768959855,0.162556971428035,0.402228501989802,0.0726976876659155,5
"320","Betaine",-0.128715670986475,0.00826288178751183,0.0909003948699445,0.259721466039481,0.0371099308081449,6
"324","Betaine",-0.110163375673077,0.023620943218466,0.153691064211509,0.332992886031326,0.0768455321057543,4
"358","Betaine",0.0841977588578822,0.0336426582799058,0.183419350887265,0.365544872399905,0.105897211609349,3
"373","Betaine",-0.108642157255263,0.0293489573615886,0.17131537397907,0.474679336354025,0.0699392085571326,6
"375","Betaine",-0.011528916189277,0.0910075070858027,0.301674505196914,0.426632176671668,0.213316088335834,2
"381","Betaine",0.0873165956588687,0.0243205730797366,0.155950546904256,0.413492631863379,0.0636665441705671,6
"406","Betaine",0.156440794892168,0.0743497283078581,0.27267146588497,0.637764782461102,0.111317659805814,6
"42","Betaine",0.376781153416711,1.01126761455601e-05,0.00318004341881681,0.00449726053182603,0.00224863026591302,2
"440","Betaine",-0.0168088174003559,0.0975923354051792,0.31239771991034,0.795549347797074,0.127535835098205,6
"502","Betaine",0.0163288710103283,0.113920919937781,0.337521732541448,0.78479887446492,0.168760866270724,4
"513","Betaine",0.0150614620368146,0.125183320146987,0.353812549448132,1.02387554579919,0.144443368456861,6
"531","Betaine",0.0961675282331151,0.118161107195764,0.343745701348778,0.751052442611803,0.153727751037842,5
"535","Betaine",-0.014328208502348,0.132096236872687,0.363450459997903,0.671759440861517,0.181725229998952,4
"566","Betaine",0.0922242718523056,0.0812692236720745,0.285077574831965,0.685583909835436,0.116382432574734,6
"57","Betaine",-0.144059217097197,0.0201437831857406,0.141928796182243,0.400012813183517,0.0579421884089947,6
"776","Betaine",0.0619174355371468,0.0568045262052112,0.238337001334688,0.447200473064864,0.119168500667344,4
"83","Betaine",0.173656409027851,0.0328884287654079,0.181351671526369,0.404588740418309,0.0811029330732347,5
"853","Betaine",0.085579011846418,0.141231042027973,0.375807187302176,0.924091366443266,0.153422641760146,6
"879","Betaine",-0.0337824791473798,0.0670520249331702,0.258944057535928,0.366202198063229,0.183101099031614,2
"913","Betaine",0.133540864261253,0.147738633848609,0.384367836646888,1.06411726056891,0.156917512220385,6
"138","Biopterin",-0.0774240511042282,0.00402739429918357,0.063461754617908,0.172353313958487,0.0283809594594107,5
"177","Biopterin",-0.0415011745997471,0.00707980773401356,0.0841415933650745,0.206977739179809,0.0343506616481972,6
"208","Biopterin",-0.0995736050924689,0.00653342272325302,0.0808295906413797,0.191317056627037,0.0404147953206899,4
"235","Biopterin",-0.0321685725377201,0.00843193349261282,0.0918255601268668,0.219284467041511,0.03748762794268,6
"303","Biopterin",-0.0492158157766919,0.00484570999298471,0.0696111341164954,0.166384145561146,0.0284186265003099,6
"306","Biopterin",-0.0702121589288057,0.00216281464687473,0.0465060710754491,0.113613827040171,0.0232530355377246,4
"309","Biopterin",-0.0243203734403013,0.0105756854980619,0.102838151957636,0.24778270582666,0.0419834997311681,6
"31","Biopterin",-0.0611045442276076,0.018776960902297,0.137029051307732,0.314646088388413,0.0685145256538659,4
"319","Biopterin",-0.0166453911007766,0.00674431346190836,0.0821237691652567,0.210119420453987,0.036726866084403,5
"320","Biopterin",-0.0708541613595441,0.00379665547581104,0.0616170063846909,0.16505398935154,0.025155037520051,6
"324","Biopterin",0.0410596812276817,0.00285332633476337,0.0534165361546719,0.118683803376993,0.0267082680773359,4
"358","Biopterin",0.0197568628424702,0.0168209275942065,0.129695518789997,0.239133470874295,0.0748797426860931,3
"373","Biopterin",-0.0220674132799193,0.000647813112449506,0.0254521730398311,0.0662930056038822,0.0103908061321015,6
"375","Biopterin",0.0672983654660807,0.0311163134742397,0.176398167434471,0.249464680763589,0.124732340381795,2
"381","Biopterin",0.0368220564891753,0.00719652308010357,0.0848323233213825,0.198754668566703,0.0346326509720321,6
"406","Biopterin",0.12145523243886,0.0133284561349126,0.115448933017645,0.252451973711118,0.0471318295403305,6
"42","Biopterin",-0.0552261896575178,0.00713974391493038,0.0844970053607249,0.119496810961049,0.0597484054805246,2
"440","Biopterin",0.0912890980980585,0.0156639673662018,0.125155772404639,0.334705165061512,0.0510946301258783,6
"502","Biopterin",0.0543558931088831,0.0060189601593697,0.0775819576922992,0.181282190990946,0.0387909788461496,4
"513","Biopterin",0.0116178071055051,0.0118506522736265,0.108860701236151,0.281895227507128,0.044442195178356,6
"531","Biopterin",0.149095330081095,0.0129795461115709,0.113927810966291,0.259445027875417,0.0509500659696744,5
"535","Biopterin",-0.119610735857906,0.032067430106426,0.179073811894498,0.372982577482247,0.0895369059472489,4
"566","Biopterin",0.0944265053835597,0.00826687290208831,0.0909223454497755,0.246772060308023,0.0371188920948356,6
"57","Biopterin",-0.138038760163877,0.0057043185484587,0.0755269392234235,0.205186925040077,0.0308337438219307,6
"776","Biopterin",0.0801604055272473,0.0119573682190408,0.10934975180146,0.243942115831079,0.0546748759007298,4
"83","Biopterin",0.182420819829309,0.00115394587714435,0.0339697788798271,0.0882662135208276,0.015191746951186,5
"853","Biopterin",-0.0761774300707933,0.0251924583719092,0.158721322990672,0.450594404154964,0.0647977087711044,6
"879","Biopterin",-0.116568338014582,0.0210355946265723,0.145036528593911,0.205112625777022,0.102556312888511,2
"913","Biopterin",0.0424310774350246,0.00460845358024093,0.0678855918456997,0.177950715164449,0.0277141768181345,6
"138","Cadaverine",-0.166026090539581,0.0101484388611755,0.100739460298214,0.244741048465704,0.0450520562486898,5
"177","Cadaverine",-0.0383106971956886,0.027759077195622,0.166610555474802,0.431758827997171,0.0680184744458224,6
"208","Cadaverine",-0.0713824443369615,0.0123292378123596,0.111037101062481,0.231529478449802,0.0555185505312405,4
"235","Cadaverine",-0.0779794379543015,0.0190750938538905,0.13811261294281,0.330006798741982,0.0563842381253995,6
"303","Cadaverine",-0.127196907355545,0.0127921295432477,0.113102296808012,0.324948319271187,0.0461738193194074,6
"306","Cadaverine",-0.141261490258861,0.000798984630915587,0.0282663161893372,0.0607559081320162,0.0141331580946686,4
"309","Cadaverine",-0.097150432546316,0.00840849613158895,0.0916978523826428,0.221544045461026,0.0374354914744216,6
"31","Cadaverine",-0.123628253147476,0.0094690410151438,0.0973089976063046,0.214283884540773,0.0486544988031523,4
"319","Cadaverine",-0.0113894331706476,0.0290018004024256,0.170299149740759,0.442188625326932,0.0761600950661507,5
"320","Cadaverine",-0.1170873496056,0.00547196210753802,0.0739727119114747,0.197451618426036,0.0301992331788354,6
"324","Cadaverine",-0.0677788772431848,0.00938353498712468,0.0968686481124036,0.232055841344292,0.0484343240562018,4
"358","Cadaverine",0.0443109101131291,0.0100634815604348,0.100316905656199,0.199989727828044,0.057917992484877,3
"373","Cadaverine",0.0200602515607485,0.020770130291855,0.144118459233559,0.367952675590149,0.0588361146063863,6
"375","Cadaverine",0.0555877250472236,0.0678118108796281,0.260407010043179,0.36827112534009,0.184135562670045,2
"381","Cadaverine",0.097528473540315,0.0247496235615012,0.157320130820888,0.392729851177639,0.0642256744631787,6
"406","Cadaverine",0.171506615735533,0.0780833290330297,0.279433943952824,0.681241146307073,0.114078429916315,6
"42","Cadaverine",0.235448136153919,0.0128592977441344,0.113398843663128,0.160370182665821,0.0801850913329106,2
"440","Cadaverine",0.0420863611456467,0.0722185400045545,0.268735074012594,0.73173238305831,0.109710634553321,6
"502","Cadaverine",0.0570290949741622,0.0918676785623614,0.303096813843962,0.657348252693505,0.151548406921981,4
"513","Cadaverine",0.0457842733439839,0.0807256482617096,0.284122593719172,0.798697429913342,0.115992563168011,6
"531","Cadaverine",0.0646731828353146,0.0431468347506497,0.207718161821854,0.493464934929522,0.0928943859989932,5
"535","Cadaverine",-0.00285380916124162,0.0772973732228583,0.278024051518674,0.621676966906575,0.139012025759337,4
"566","Cadaverine",0.11427291390311,0.0444700734532756,0.210879286449086,0.549642024329294,0.0860911081870785,6
"57","Cadaverine",-0.15765706044101,0.00134617843598788,0.0366903043866888,0.0765120968146573,0.0149787540424645,6
"776","Cadaverine",0.111546238943125,0.0115369160866895,0.107410037178513,0.201538657464642,0.0537050185892565,4
"83","Cadaverine",0.105272779456564,0.01361079534495,0.11666531337527,0.306721228202494,0.052174314264684,5
"853","Cadaverine",0.0676224803106548,0.109817603152187,0.3313873913597,0.8593354159705,0.135288336003877,6
"879","Cadaverine",0.0154617420172279,0.0230432537614169,0.151800045327453,0.214677682870935,0.107338841435467,2
"913","Cadaverine",0.0973101874313637,0.137838357019024,0.371265884534283,0.958995734257797,0.151568662668675,6
"138","cAMP",-0.154735316385578,0.0603699700764704,0.245703011940168,0.598385197579353,0.109881727394932,5
"177","cAMP",-0.583572104120888,0.126366771389212,0.355481042236026,0.942688238145069,0.14512452778517,6
"208","cAMP",0.509027236107271,0.0893715418656658,0.298950734847175,0.663531314401667,0.149475367423587,4
"235","cAMP",-0.381355076259193,0.0271022241871344,0.164627531680258,0.461481984822473,0.0672089083717509,6
"303","cAMP",0.0308390587086102,0.0311453390166753,0.176480421057621,0.399425735288487,0.0720478301971166,6
"306","cAMP",0.0817794049229003,0.234930405471373,0.484696199150945,1.05107469843544,0.242348099575473,4
"309","cAMP",0.0105563845653849,0.0400631781661075,0.200157883097588,0.495664492320677,0.0817141135974559,6
"31","cAMP",0.350073428335954,0.0396571688731427,0.199141077814555,0.411365355696463,0.0995705389072776,4
"319","cAMP",-0.00674812318274801,0.0301929514318149,0.173761190810304,0.448830607638852,0.0777083669006304,5
"320","cAMP",0.0826095569072184,0.0505697330376843,0.224877150990678,0.549888433936917,0.0918057124563284,6
"324","cAMP",-0.0706980935932065,0.0164255007805762,0.128162009895976,0.310512308516508,0.064081004947988,4
"358","cAMP",-0.334456271044272,0.0030271597169667,0.0550196302874411,0.108289710823024,0.0317655983571678,3
"373","cAMP",-0.0570853884971526,0.144996556007527,0.380784133082678,1.08230301175778,0.155454471366768,6
"375","cAMP",-0.425156171863428,0.526368008718115,0.725512238847915,1.02602924784639,0.513014623923195,2
"381","cAMP",0.00520627169159663,0.0606561459470018,0.246284684759329,0.608861254650941,0.100545301520427,6
"406","cAMP",-0.182631418708962,0.0531002513095629,0.230434917730718,0.61901188097865,0.0940746612267467,6
"42","cAMP",0.0918045672250576,0.00762006560013817,0.087292987118887,0.12345092628359,0.0617254631417949,2
"440","cAMP",0.423406825608232,0.0536201127443105,0.23156017089368,0.66596911652986,0.094534043906865,6
"502","cAMP",-0.246303549037014,0.180759094780691,0.425157729296659,0.817565170436241,0.212578864648329,4
"513","cAMP",0.0809899939787786,0.0752007106719297,0.274227479789918,0.673227501389475,0.111952899822447,6
"531","cAMP",0.117452487770165,0.0757093918056135,0.275153396863665,0.72718583135406,0.123052339925426,5
"535","cAMP",0.0818995615967421,0.242831134800994,0.492778991842179,1.07355175765985,0.246389495921089,4
"566","cAMP",0.00458861117155287,0.0613693275212624,0.247728334110699,0.6934018084286,0.101134668900154,6
"57","cAMP",0.186428661165552,0.0418844695578384,0.204656955801259,0.530605417454736,0.0835508523374023,6
"776","cAMP",-0.257923976653121,0.558457329486575,0.747300026419493,1.6454581538478,0.373650013209746,4
"83","cAMP",0.00730989945134486,0.124984807728959,0.35353190482467,0.896241926809489,0.158104274280589,5
"853","cAMP",0.154368583952477,0.228879857353949,0.478413897534288,1.28888512673784,0.195311655802527,6
"879","cAMP",0.374715178460127,0.174815182009925,0.418109055163751,0.591295496363577,0.295647748181789,2
"913","cAMP",0.111121853254339,0.0966198475525257,0.310837332945265,0.720408729560907,0.126898809787251,6
"138","Carnitine",0.0213974704739,0.00444383532682832,0.0666620981280091,0.179732700184704,0.029812196587398,5
"177","Carnitine",0.0842083641428876,0.0015593151582407,0.0394881647869422,0.109235523444265,0.0161209757678245,6
"208","Carnitine",-0.0243457052529477,0.00144331787608286,0.0379910236250994,0.0847954707957096,0.0189955118125497,4
"235","Carnitine",0.0332508798325675,0.00400356235715225,0.0632737098418629,0.16876479404882,0.025831383874247,6
"303","Carnitine",0.0775524068828997,0.000688926241769938,0.0262474044768228,0.0705245504808794,0.0107154580067765,6
"306","Carnitine",0.031927943953268,0.00155772299174138,0.039467999591332,0.0691915354787559,0.019733999795666,4
"309","Carnitine",0.0820041171864231,0.000476558506445498,0.0218302200274184,0.0512664551168516,0.00891215000664353,6
"31","Carnitine",0.0497397588943617,0.00127439490629414,0.0356986681305359,0.0801382324844907,0.017849334065268,4
"319","Carnitine",-0.26224687101556,0.00474128205760213,0.0688569681121826,0.16310532325646,0.0307937722846751,5
"320","Carnitine",-0.0370282443576621,0.0016629069360548,0.0407787559404992,0.108099128410751,0.0166478573999519,6
"324","Carnitine",0.0291280379436061,0.00144858247058802,0.0380602479049733,0.0809215105859849,0.0190301239524866,4
"358","Carnitine",-0.142841544415455,0.0043304604471326,0.065806234105384,0.119037592480649,0.037993246975099,3
"373","Carnitine",0.00112467546420907,0.000939813333184521,0.030656375082265,0.0924302510080745,0.0125154127191537,6
"375","Carnitine",0.157935145720667,0.000312220150457848,0.0176697524164276,0.0249888035110866,0.0124944017555433,2
"381","Carnitine",-0.00125849383314685,0.00144362190174218,0.0379950246972177,0.0854423509362867,0.0155114038787714,6
"406","Carnitine",0.050588647339523,0.00222648466053974,0.0471856404061631,0.124612094101528,0.0192634570302587,6
"42","Carnitine",-0.0905021272325048,0.00995628712326682,0.0997811962409092,0.141111920993705,0.0705559604968525,2
"440","Carnitine",-0.0553379926048722,0.0016415134527843,0.0405155951799341,0.11400334987291,0.016540422469334,6
"502","Carnitine",-0.00526121357661107,0.00337493677747471,0.0580942060577017,0.123435233790322,0.0290471030288509,4
"513","Carnitine",-0.0427507666602443,0.0045570331453928,0.0675058008277274,0.191204101498977,0.0275591277843137,6
"531","Carnitine",0.00922565283376801,0.000332302575170655,0.0182291682522998,0.0416041601640947,0.00815233187708468,5
"535","Carnitine",0.108371327076784,0.00250847680586476,0.0500846963239746,0.116760022101545,0.0250423481619873,4
"566","Carnitine",-0.0148932654594462,0.00166304643570546,0.0407804663497791,0.124362719320285,0.0166485556716164,6
"57","Carnitine",0.0208556642391609,0.00895389926123934,0.0946250456340146,0.237815523310367,0.0386305131151515,6
"776","Carnitine",0.0351648181168135,0.00150960451101556,0.0388536293158768,0.0923915391857919,0.0194268146579384,4
"83","Carnitine",-0.083408688592991,0.00217902593285189,0.0466800378411575,0.10053260016289,0.0208759475610181,5
"853","Carnitine",-0.0746570511215145,0.00267420174709072,0.0517126845859962,0.133334505626092,0.0211116150775299,6
"879","Carnitine",-0.0125399997490771,0.00114325027519057,0.0338119841948173,0.0478173666190553,0.0239086833095277,2
"913","Carnitine",0.0421745437244672,0.0103805886200698,0.101885173700935,0.286170440817356,0.0415944479870206,6
"138","Carnosine",-0.110266247930459,0.0360717915234946,0.189925752660071,0.453822916252741,0.0849373787251462,5
"177","Carnosine",-0.254654719941591,0.0153880366943274,0.124048525562892,0.336769494225349,0.0506425984956134,6
"208","Carnosine",-0.00569863774126403,0.0345874438173603,0.185976998086753,0.41187884371444,0.0929884990433767,4
"235","Carnosine",-0.079353553580624,0.0237980949908018,0.154266311911583,0.471766753146458,0.0629789581140689,6
"303","Carnosine",-0.153545254474436,0.00846519257198431,0.0920064811411909,0.256984474002111,0.0375614886374868,6
"306","Carnosine",-0.119281971367438,0.0777028057976877,0.27875223012146,0.528514096402716,0.13937611506073,4
"309","Carnosine",0.0327430916228923,0.0494263251829624,0.22232032112014,0.590933350537309,0.0907618910326744,6
"31","Carnosine",-0.104447083210242,0.0158580849425379,0.125928888435251,0.2571259891808,0.0629644442176256,4
"319","Carnosine",-0.0896280623971119,0.0207541326757912,0.144062946921793,0.312326313714959,0.0644269084712145,5
"320","Carnosine",-0.0178757561507555,0.0119587559431795,0.109356096963907,0.25785950690747,0.0446444396373156,6
"324","Carnosine",-0.1990056388607,0.0118303684607056,0.108767497262306,0.2544077160032,0.0543837486311528,4
"358","Carnosine",0.00920310593101026,0.00383401141491652,0.0619193944973344,0.122983680460186,0.0357491790810946,3
"373","Carnosine",0.28399980071075,0.0311730398485205,0.176558884932253,0.507870361921508,0.0720798629397981,6
"375","Carnosine",0.126127337248879,0.00367851479215984,0.0606507608539237,0.0857731285678661,0.0428865642839331,2
"381","Carnosine",0.490604486329897,0.00429842216912184,0.0655623532915181,0.188903011569585,0.0267657186500501,6
"406","Carnosine",0.10195763655401,0.0175486939697385,0.132471483609638,0.369961362735381,0.0540812567188463,6
"42","Carnosine",-0.246911778296698,0.297098652812497,0.545067567199239,0.770841945942872,0.385420972971436,2
"440","Carnosine",0.0220820464785866,0.0107369832778986,0.103619415545054,0.307395461054025,0.0423024492551329,6
"502","Carnosine",-0.0501256489736977,0.0516038932126631,0.22716490312692,0.507532814516515,0.11358245156346,4
"513","Carnosine",-0.0279735550009417,0.0157257437454902,0.125402327512252,0.332692712426761,0.0511952858270664,6
"531","Carnosine",0.142150175817446,0.0133782638016472,0.115664444846492,0.315521383458681,0.0517267122513063,5
"535","Carnosine",0.0838045977571794,0.0269860876069261,0.164274427732761,0.395866285762494,0.0821372138663805,4
"566","Carnosine",-0.0210094812068208,0.0285335472642408,0.168918759361537,0.458540796001806,0.0689607947366241,6
"57","Carnosine",-0.13668899840953,0.024873311852795,0.157712751078646,0.392945832041713,0.06438596101221,6
"776","Carnosine",-0.102701759079662,0.0913044465806441,0.302166256522207,0.626435802285236,0.151083128261103,4
"83","Carnosine",-0.153557022723668,0.025538614296117,0.159808054540805,0.418554853176069,0.0714683346610469,5
"853","Carnosine",0.219444087061336,0.0123283857470865,0.11103326414677,0.327918562036946,0.0453291402725416,6
"879","Carnosine",-0.0639709652346941,0.00402928915055301,0.0634766819434744,0.0897695844989048,0.0448847922494524,2
"913","Carnosine",0.104975477814601,0.0140934479917217,0.118715828732826,0.331373585629714,0.048465534131177,6
"138","cGMP",-0.096518568441724,0.0317054198062296,0.178060157829396,0.439264115088574,0.0796309233981744,5
"177","cGMP",-0.126908093393641,0.0492826301137717,0.221996914649217,0.535967836690083,0.090629860893795,6
"208","cGMP",0.277940099692482,0.0355743032556639,0.188611514112113,0.3998544738288,0.0943057570560567,4
"235","cGMP",-0.196921038907746,0.0108277569332832,0.104056508365807,0.290126761917176,0.0424808916519792,6
"303","cGMP",-0.0285267008163307,0.0273589871013297,0.165405523188706,0.437396777404203,0.0675265220750702,6
"306","cGMP",-0.0910016039441612,0.210572464451042,0.458881754323531,0.915828400043166,0.229440877161766,4
"309","cGMP",-0.00949187266402078,0.0326592149926567,0.180718607212032,0.498601116083583,0.0737780624493224,6
"31","cGMP",0.264859113244698,0.0587698584220383,0.24242495420653,0.528982817198867,0.121212477103265,4
"319","cGMP",-0.0709564989957148,0.00732983452516021,0.0856144527819936,0.202518020043455,0.0382879472553967,5
"320","cGMP",0.106862321658827,0.0293561145056243,0.171336261502416,0.375447441080026,0.0699477358528308,6
"324","cGMP",-0.286126881916214,0.0771635518659723,0.277783282193101,0.57690589742161,0.138891641096551,4
"358","cGMP",-0.272495980130347,0.0934526069651592,0.305700191307037,0.603569676286963,0.176496087742438,3
"373","cGMP",0.0558574751127717,0.0270552374210385,0.164484763492059,0.437438563339518,0.0671506235029858,6
"375","cGMP",-0.095524646981479,0.0741097640642414,0.272231085778684,0.384992893607769,0.192496446803884,2
"381","cGMP",-0.00687683183748065,0.0206211842678798,0.143600780874896,0.377018670297191,0.0586247733014519,6
"406","cGMP",-0.120576373772431,0.043489239944285,0.208540739291595,0.570049577883448,0.0851364003078638,6
"42","cGMP",0.0614141718916227,0.0361144715629722,0.190038079244588,0.268754429035029,0.134377214517514,2
"440","cGMP",0.325238752710136,0.00940104993918393,0.0969590116450448,0.275328032724895,0.0395833507491553,6
"502","cGMP",-0.1786016575515,0.114013915193434,0.33765946631693,0.747334348886368,0.168829733158465,4
"513","cGMP",0.0418428510437902,0.0324311632687911,0.180086543830435,0.556286702990944,0.0735200236543205,6
"531","cGMP",0.0633081331750146,0.0268957623369929,0.163999275416061,0.398900155814682,0.0733427056182043,5
"535","cGMP",0.197984001903597,0.0806239036973206,0.283943486802076,0.671896880558725,0.141971743401038,4
"566","cGMP",-0.0753285362033828,0.027141109163854,0.164745589209102,0.404965699468377,0.0672571051560776,6
"57","cGMP",0.116936502821875,0.0253252849112871,0.159139199794667,0.407422315503176,0.0649683062619601,6
"776","cGMP",-0.19876218214292,0.163556070040051,0.404420659759181,0.934870745835604,0.202210329879591,4
"83","cGMP",-0.11145202074984,0.0468999297493186,0.216563916083263,0.591151265720542,0.0968503275671472,5
"853","cGMP",0.0979116447002461,0.0705904152720909,0.265688568199859,0.71137447449913,0.108466903763384,6
"879","cGMP",0.202990135608968,0.0383599241171703,0.195856897037532,0.276983480074788,0.138491740037394,2
"913","cGMP",0.0887565390924223,0.00974619671444776,0.0987228277271663,0.211012258528474,0.0403034256493741,6
"138","Cholecalciferol",0.015568390492117,0.065937399087309,0.256782785807984,0.665461858134962,0.114836752903684,5
"177","Cholecalciferol",0.12225085071026,0.0238634656588959,0.15447804264327,0.462291840927633,0.0630653968233187,6
"208","Cholecalciferol",-0.00666021282083163,0.0277606410585438,0.166615248577505,0.35772388129357,0.0833076242887526,4
"235","Cholecalciferol",0.014272124380169,0.0753033463977559,0.274414552088179,0.771463106580206,0.112029271768406,6
"303","Cholecalciferol",-0.135306713927229,0.00555346979560323,0.0745216062333819,0.223038228826618,0.0304233183473993,6
"306","Cholecalciferol",-0.12620626219135,0.00851164325986569,0.0922585674063157,0.209758264006684,0.0461292837031578,4
"309","Cholecalciferol",-0.0172946273858905,0.108583934866452,0.329520765455612,0.834057584852497,0.134526289169597,6
"31","Cholecalciferol",0.0542913908843645,0.178718556480024,0.422751175610458,0.92317650145181,0.211375587805229,4
"319","Cholecalciferol",0.139069121497966,0.0607211412083757,0.246416600918801,0.569529326023684,0.110200854087775,5
"320","Cholecalciferol",0.0192875082391134,0.0508233179041386,0.225440275692119,0.599314231828418,0.0920356071530095,6
"324","Cholecalciferol",0.0350058224561978,0.0570176759400143,0.238783743039626,0.555332279462007,0.119391871519813,4
"358","Cholecalciferol",-0.146647278201266,0.010718647801255,0.103530902639043,0.205833362176241,0.0597735945080963,3
"373","Cholecalciferol",-0.00559994042139682,0.0487602695152908,0.220817276306205,0.56405933431444,0.0901482755568946,6
"375","Cholecalciferol",-0.211603876343538,0.0590822151345607,0.243068334290094,0.343750534936488,0.171875267468244,2
"381","Cholecalciferol",-0.070741713387705,0.0289024829310347,0.170007302581491,0.361925171486738,0.0694051906452664,6
"406","Cholecalciferol",-0.0335030788644763,0.0379291471689506,0.19475406842721,0.45416889368337,0.0795080154962909,6
"42","Cholecalciferol",0.303700054357661,0.0430592582121308,0.207507248577323,0.293459565228775,0.146729782614388,2
"440","Cholecalciferol",-0.117404304173618,0.0330393384324391,0.181767264468713,0.523178617550676,0.074206174981645,6
"502","Cholecalciferol",-0.00241539670346835,0.0371541038086133,0.192753998165053,0.451903936864746,0.0963769990825265,4
"513","Cholecalciferol",0.0295031678491758,0.102011581999791,0.31939252026275,0.844342739270557,0.130391450384212,6
"531","Cholecalciferol",0.116219704653571,0.489169360487035,0.699406434404943,1.69103028267112,0.31278406624604,5
"535","Cholecalciferol",-0.184049818792686,0.0759417681053585,0.275575340161921,0.502752832107727,0.137787670080961,4
"566","Cholecalciferol",0.00325532423680022,0.0653824789779231,0.255699978447248,0.675325604588086,0.104389079072736,6
"57","Cholecalciferol",0.0943241232826328,0.00680549809921115,0.0824954428996605,0.193808980512629,0.0336786235348456,6
"776","Cholecalciferol",0.0470466591995461,0.0387449677198572,0.196837414430939,0.44944058105302,0.0984187072154695,4
"83","Cholecalciferol",0.0843898601252151,0.0184791736785475,0.135938124448396,0.35934039003341,0.0607933774000878,5
"853","Cholecalciferol",-0.0277677299613475,0.0860690595683164,0.293375287930521,0.637534735158123,0.119769959761979,6
"879","Cholecalciferol",-0.136725776162636,0.00963461490757468,0.0981560742265841,0.138813651400535,0.0694068257002677,2
"913","Cholecalciferol",0.0388778292450782,0.0686140529327513,0.261942842873691,0.637748668827146,0.106937717802429,6
"138","Cholesteryl Sulfate",0.069113323477311,0.0282813530999625,0.168170607122537,0.418631485314229,0.0752081818686804,5
"177","Cholesteryl Sulfate",0.00433975331114505,0.0520455827837649,0.228135009991375,0.595294928922992,0.0931357278239353,6
"208","Cholesteryl Sulfate",-0.126405948495357,0.0266081623621636,0.163120085710386,0.399027130419865,0.0815600428551928,4
"235","Cholesteryl Sulfate",-0.083888589741926,0.047316525165521,0.217523619787647,0.610716661138762,0.0888036459138184,6
"303","Cholesteryl Sulfate",-0.0782549749806719,0.0179225583215589,0.133875159464177,0.33420889880363,0.0546543049868274,6
"306","Cholesteryl Sulfate",-0.0490179687659987,0.073190747827773,0.270537886122763,0.580124836647521,0.135268943061381,4
"309","Cholesteryl Sulfate",-0.0949274425509931,0.0112384478425545,0.106011545798344,0.310739930004525,0.0432790323416057,6
"31","Cholesteryl Sulfate",0.101981656979581,0.16231154739831,0.402879072921776,0.971549748553672,0.201439536460888,4
"319","Cholesteryl Sulfate",-0.0494724488230699,0.00277306668481971,0.0526599153514294,0.119060426135308,0.0235502300830362,5
"320","Cholesteryl Sulfate",0.00330940237401022,0.0359451839378817,0.189592151572478,0.519264701589711,0.07740067176483,6
"324","Cholesteryl Sulfate",-0.0215847328773122,0.00336544222231212,0.0580124316186809,0.137516581643626,0.0290062158093404,4
"358","Cholesteryl Sulfate",-0.152790179219663,0.0292178018400078,0.170932155664193,0.326286223632203,0.0986877260858847,3
"373","Cholesteryl Sulfate",-0.140229952223606,0.017016574552187,0.130447593125312,0.318524407430062,0.0532550068885342,6
"375","Cholesteryl Sulfate",-0.184958061538045,0.0333310035781519,0.182567805426236,0.258189866486475,0.129094933243237,2
"381","Cholesteryl Sulfate",0.00263835073321504,0.0354235835943092,0.188211539482331,0.529976711743238,0.0768370392392337,6
"406","Cholesteryl Sulfate",-0.0144012781551345,0.0154409835919242,0.124261754341085,0.300585827994108,0.0507296487797885,6
"42","Cholesteryl Sulfate",0.16717877699778,0.00981747752659676,0.0990831848831918,0.140124783864931,0.0700623919324653,2
"440","Cholesteryl Sulfate",0.0936996175746469,0.0757449502456514,0.275218004944537,0.721903017079559,0.112357280023482,6
"502","Cholesteryl Sulfate",0.241866499866012,0.135837063973893,0.368560800918781,0.745883487868902,0.184280400459391,4
"513","Cholesteryl Sulfate",-0.0180492731689944,0.0519372533053931,0.227897462261854,0.61004450469358,0.0930387493694546,6
"531","Cholesteryl Sulfate",0.00152629149724624,0.0616901227493606,0.248374964014815,0.607342346810905,0.111076660689238,5
"535","Cholesteryl Sulfate",-0.238288230374037,0.110377919617006,0.332231725783385,0.644214020268515,0.166115862891693,4
"566","Cholesteryl Sulfate",-0.0877839268573921,0.0125066896937644,0.111833312093331,0.345246736288773,0.0456557584790141,6
"57","Cholesteryl Sulfate",0.020784282295356,0.0364796457465876,0.190996454801097,0.58765452703685,0.0779739761572064,6
"776","Cholesteryl Sulfate",-0.140205149549723,0.0188321997094683,0.137230462031825,0.303156094394436,0.0686152310159127,4
"83","Cholesteryl Sulfate",0.316161429123124,0.0435722589128599,0.208739691752335,0.47918465235294,0.0933512280721147,5
"853","Cholesteryl Sulfate",0.132743998178734,0.0817553120177548,0.285928858315762,0.699846038837093,0.116729967601694,6
"879","Cholesteryl Sulfate",-0.0409852586374098,0.00346131313184159,0.0588329255760887,0.0832023212637915,0.0416011606318958,2
"913","Cholesteryl Sulfate",0.229332056629714,0.101011788915279,0.317823518505599,0.794991763671031,0.129750908099121,6
"138","Choline",-0.0715300523152173,0.00637184880977612,0.0798238611555224,0.201714338088647,0.0356983159540506,5
"177","Choline",0.0615362093642829,0.00325491639052841,0.0570518745575323,0.139999202942229,0.0232913302558713,6
"208","Choline",-0.061746438992929,0.00332890169923361,0.0576966350772176,0.132550037677743,0.0288483175386088,4
"235","Choline",0.0283680171974929,0.00415246230791949,0.0644396020155268,0.182258933683644,0.0263073573610105,6
"303","Choline",-0.0965300260978806,0.0100424271449714,0.100211911193088,0.218061046956675,0.0409113414286948,6
"306","Choline",-0.0718866293150568,0.0052927148533347,0.0727510470944213,0.148481642630284,0.0363755235472106,4
"309","Choline",-0.0362576553719271,0.00265821470898243,0.0515578772738214,0.119874535435899,0.0210484152569833,6
"31","Choline",0.0289252944501055,0.00424981382991971,0.0651905961770538,0.138620549006715,0.0325952980885269,4
"319","Choline",0.0163609768818598,0.00152174758572528,0.0390095832549552,0.0877226237374842,0.0174456159864035,5
"320","Choline",-0.0744476309242183,0.00489558815605669,0.069968479732353,0.17417059600308,0.0285645122370885,6
"324","Choline",0.0665837767632561,0.00227685648315545,0.0477164173336122,0.107857366355291,0.0238582086668061,4
"358","Choline",0.0605888983921823,0.00375194628164149,0.0612531328312397,0.113438283945949,0.0353645127288241,3
"373","Choline",-0.0347019101436119,0.00609654115211366,0.0780803506146947,0.188405369304188,0.0318761696572682,6
"375","Choline",0.0394897071159228,0.0180307665258714,0.134278689768226,0.189898744207914,0.0949493721039572,2
"381","Choline",0.0372611062706251,0.00761348186177217,0.0872552683897779,0.203105707262874,0.0356218141540924,6
"406","Choline",0.0221198066978777,0.0121150340360125,0.110068315313775,0.219044736660185,0.044935201561086,6
"42","Choline",0.172364129006324,0.00845782195501898,0.0919664175393332,0.130060154966992,0.065030077483496,2
"440","Choline",0.0129221242091836,0.0172413209997619,0.13130621081945,0.324245592935421,0.0536055360943281,6
"502","Choline",0.0413485766907342,0.0101091510910941,0.100544274282995,0.217923688218763,0.0502721371414975,4
"513","Choline",-0.0182553254145696,0.0190050298014216,0.137858731320949,0.386971249677727,0.0562805913872944,6
"531","Choline",-0.00833927343289515,0.0129501805052804,0.113798859859317,0.243104489877173,0.0508923972814808,5
"535","Choline",-0.0430274643079416,0.017728305351249,0.133147682485461,0.26321418299645,0.0665738412427303,4
"566","Choline",0.0383438465209065,0.0096719511943835,0.0983460786934767,0.267927422765988,0.0401496185004364,6
"57","Choline",-0.0718529488184251,0.0018391677973987,0.0428855196703817,0.124241633634919,0.0175079400910877,6
"776","Choline",0.0590001169731443,0.01699994669707,0.130383843696487,0.250785059334359,0.0651919218482436,4
"83","Choline",0.0709496186146961,0.0034501075890245,0.0587376164738109,0.154201112482221,0.0262682606543505,5
"853","Choline",-0.00844813081277087,0.0154065623426664,0.124123174075861,0.272341376672726,0.0506730736234185,6
"879","Choline",-0.00693781714172486,0.022438739376947,0.149795658738653,0.211843052172815,0.105921526086407,2
"913","Choline",0.0223435155021917,0.0138796232031882,0.117811812664046,0.261013887268041,0.0480964711165456,6
"138","Citraconic Acid",-0.0627790643899453,0.0115347382804491,0.107399898884725,0.265651501952281,0.0480306949365697,5
"177","Citraconic Acid",-0.0884650785202985,0.00917886458752112,0.0958063911621825,0.24903856127283,0.0391127954074732,6
"208","Citraconic Acid",-0.067976058037999,0.0189194978974643,0.137548165736459,0.332237967968082,0.0687740828682293,4
"235","Citraconic Acid",-0.077798203945173,0.0201913579490363,0.14209629815388,0.356778091289511,0.0580105708025649,6
"303","Citraconic Acid",-0.185029133638657,0.0127265401881462,0.112811968284159,0.317312811311578,0.0460552931958716,6
"306","Citraconic Acid",-0.145329292382266,0.00308987781285292,0.0555866693808229,0.124532682784027,0.0277933346904115,4
"309","Citraconic Acid",-0.0681763890753988,0.0145656260859292,0.120688135646919,0.318894020900524,0.0492707250571257,6
"31","Citraconic Acid",-0.121615055080719,0.0874347453726968,0.295693668130883,0.7219676920082,0.147846834065442,4
"319","Citraconic Acid",-0.0237721568357638,0.0591164989385314,0.243138847037102,0.587392519979783,0.108734997989177,5
"320","Citraconic Acid",-0.100415015004927,0.0141348272456815,0.118889979584831,0.311954155708634,0.0485366309187907,6
"324","Citraconic Acid",-0.199052283554273,0.00859117554323024,0.092688594461402,0.199097398357099,0.046344297230701,4
"358","Citraconic Acid",-0.0899586274378803,0.0353122126769088,0.187915440230197,0.332663728168713,0.108493030001791,3
"373","Citraconic Acid",-0.00266869140557115,0.0494823682186132,0.222446326601752,0.656088325364587,0.0908133325551313,6
"375","Citraconic Acid",0.0516469360975324,0.130732486141595,0.361569476230496,0.511336457025304,0.255668228512652,2
"381","Citraconic Acid",0.0485744109514546,0.0284913745074083,0.16879388172386,0.452552749767563,0.0689098136545251,6
"406","Citraconic Acid",0.297441794604548,0.382605380487782,0.618551033050452,1.63392689514527,0.252522401807504,6
"42","Citraconic Acid",0.778305551541743,0.479629267736866,0.692552718380966,0.979417446992717,0.489708723496359,2
"440","Citraconic Acid",0.0234953631391224,0.0495678784403198,0.222638447803428,0.600425141559719,0.0908917657072775,6
"502","Citraconic Acid",0.142825990174727,0.115055066961896,0.33919768124487,0.693006159687028,0.169598840622435,4
"513","Citraconic Acid",-0.0273993713960592,0.0684570214543698,0.261642927392219,0.681191756263631,0.106815277819834,6
"531","Citraconic Acid",0.167046207963288,0.256758736006545,0.50671366273917,1.30653725975548,0.226609239002537,5
"535","Citraconic Acid",0.030511331663931,0.0572440472517394,0.239257282546926,0.576456245271215,0.119628641273463,4
"566","Citraconic Acid",0.107130380302431,0.0578107223930323,0.240438604207046,0.57389552264792,0.0981586491290437,6
"57","Citraconic Acid",-0.264897883798857,0.0312008405112987,0.176637596539635,0.491797243645458,0.0721119968189514,6
"776","Citraconic Acid",0.0346693589128475,0.0609541403176465,0.246888923035535,0.516554380329673,0.123444461517768,4
"83","Citraconic Acid",0.0983266415561623,0.0309024044692825,0.175790797453344,0.395293460089728,0.0786160345849147,5
"853","Citraconic Acid",0.0715152181217061,0.123201382900398,0.351000545441738,0.954356884068716,0.143295372628473,6
"879","Citraconic Acid",-0.0200727250576294,0.0130800677208617,0.114368123709632,0.161740951653326,0.0808704758266628,2
"913","Citraconic Acid",0.110004641148453,0.00896957457014204,0.0947078379551663,0.237495089590312,0.0386643129387252,6
"138","Citrulline",-0.109378353465894,0.0129281325644741,0.113701946177161,0.292262118443073,0.0508490561652311,5
"177","Citrulline",0.0261905065849159,0.0147708928707014,0.121535562164748,0.270902735090481,0.0496166854843231,6
"208","Citrulline",-0.104714774712678,0.0154576594929611,0.124328836128073,0.263119131936847,0.0621644180640363,4
"235","Citrulline",0.197381860781869,0.00278160997848506,0.052740970587249,0.132062046865328,0.0215314110796493,6
"303","Citrulline",-0.0414078597338003,0.000938635470776623,0.0306371583339027,0.0797428324315354,0.0125075675144865,6
"306","Citrulline",-0.147492138869358,0.00441556725818396,0.0664497348240304,0.149453606633096,0.0332248674120152,4
"309","Citrulline",-0.0676245399854605,0.00680886271736516,0.0825158331313764,0.245865065928338,0.0336869478120858,6
"31","Citrulline",0.0251722058502548,0.00588257975305873,0.0766979775030524,0.163044949953254,0.0383489887515262,4
"319","Citrulline",-0.129217425550472,0.00133087602670437,0.0364811735927501,0.0848522215662224,0.0163148768104719,5
"320","Citrulline",-0.00207694659908108,0.00508545180763946,0.0713123538220374,0.19894580214412,0.0291131465368009,6
"324","Citrulline",0.0908103424872711,0.00187269574426361,0.0432746547561458,0.0969532666116479,0.0216373273780729,4
"358","Citrulline",-0.0850646649367893,0.00227102069418999,0.0476552273542997,0.0903791158688783,0.0275137583412978,3
"373","Citrulline",0.0189508733197111,0.00232972304936776,0.0482672046980945,0.145890872697839,0.0197050038034664,6
"375","Citrulline",0.0325889821297722,0.0112163328498337,0.10590718979292,0.149775384157969,0.0748876920789847,2
"381","Citrulline",0.0335098678453933,0.00249003342246567,0.0499002346934929,0.141285520258672,0.020371685507364,6
"406","Citrulline",-0.0553981312786333,0.00580470308404955,0.0761886020612634,0.19594838169103,0.0311038665443423,6
"42","Citrulline",0.191417501375084,0.00787730599344692,0.0887541885966343,0.12551737723078,0.0627586886153898,2
"440","Citrulline",0.0584764497597568,0.00510550471224765,0.0714528145859045,0.183764396635879,0.0291704894035269,6
"502","Citrulline",0.100707725706003,0.00705643690717779,0.0840026005977065,0.15076756179561,0.0420013002988532,4
"513","Citrulline",-0.00598653630002762,0.00603016730556174,0.0776541518887544,0.219639081359441,0.0317021747560051,6
"531","Citrulline",-0.0242151538732705,0.00319244839768637,0.056501755704459,0.152340519192247,0.0252683533206514,5
"535","Citrulline",-0.0612797397384101,0.0163620627647602,0.127914278971349,0.302861306375055,0.0639571394856747,4
"566","Citrulline",0.102296423100155,0.00522589158699004,0.0722903284471031,0.200381054394559,0.029512403005601,6
"57","Citrulline",-0.10135795835055,0.015852001262966,0.125904730899859,0.318990437881601,0.0514003911511803,6
"776","Citrulline",0.0764649335456707,0.00458080465453163,0.0676816419314103,0.160231495109978,0.0338408209657051,4
"83","Citrulline",0.0276889072626798,0.00496599772072176,0.07046983553778,0.188089846002918,0.0315150685251413,5
"853","Citrulline",0.0353409871208439,0.00452854704969198,0.0672944800833767,0.188382492669406,0.027472856451693,6
"879","Citrulline",-0.0383740624383201,0.00969760419236707,0.0984764143963775,0.13926668081323,0.0696333404066151,2
"913","Citrulline",-0.00815081897558078,0.00168659335909242,0.0410681550485583,0.117262595986777,0.0167660040910788,6
"138","Creatine",0.243875352762501,0.259241677947354,0.509157812419052,1.12228895679706,0.227702295968817,5
"177","Creatine",0.0597751213846568,0.011995754334961,0.10952513106571,0.296147967724563,0.0447134475204067,6
"208","Creatine",0.0532807521088771,0.07992016614349,0.282701549595134,0.68679023763567,0.141350774797567,4
"235","Creatine",-0.0533981589945683,0.0205095434762595,0.143211534019644,0.393845094517108,0.0584658639382269,6
"303","Creatine",-0.0629963611890561,0.0165621076759197,0.12869385251798,0.318396973982024,0.052539045283674,6
"306","Creatine",0.0294575288075736,0.157182974112592,0.396463080390333,0.832521500827014,0.198231540195167,4
"309","Creatine",-0.145902973741854,0.00436651732607137,0.0660796286768575,0.185190215662738,0.026976895441814,6
"31","Creatine",0.129350095879341,0.126190197374703,0.355232596160182,0.802030449804555,0.177616298080091,4
"319","Creatine",-0.0572380570050861,0.0176404967360281,0.132817531734437,0.348835972675194,0.0593978059123871,5
"320","Creatine",0.0286981234376143,0.0102073242911227,0.101031303520853,0.254060139357396,0.0412458569457239,6
"324","Creatine",-0.159380653289417,0.0188861854036076,0.137427018462919,0.314028745823858,0.0687135092314597,4
"358","Creatine",-0.220206885771906,0.000260587588012417,0.0161427255447281,0.0309068565144545,0.00932000693870302,3
"373","Creatine",-0.196883209991863,0.0144083463259923,0.120034771320615,0.282812105076405,0.0490039901878618,6
"375","Creatine",0.252570130364538,0.00060650765253795,0.0246273760790294,0.0348283692566261,0.0174141846283131,2
"381","Creatine",-0.03691577990541,0.0134194873128784,0.115842510819122,0.338838261438312,0.0472925070049482,6
"406","Creatine",-0.0638223715683756,0.0412987060914259,0.203220830850151,0.577501550679846,0.0829645567812202,6
"42","Creatine",0.462862698691318,0.233383197438301,0.483097503034637,0.683203040740161,0.341601520370081,2
"440","Creatine",0.00136457040639484,0.0583793182680696,0.241618124874914,0.601980417383751,0.0986401864252678,6
"502","Creatine",0.193012296371143,0.0752103324210488,0.274245022600318,0.555592826179799,0.137122511300159,4
"513","Creatine",-0.0542430084574021,0.087816344683404,0.29633822683448,0.808835008537981,0.120979574504269,6
"531","Creatine",-0.0441166925931249,0.0537045822559671,0.231742491261243,0.597516199739775,0.103638392747058,5
"535","Creatine",-0.0673074788106598,0.224131947818962,0.473425757451959,0.942950446971608,0.23671287872598,4
"566","Creatine",-0.073921920710189,0.0731757739745431,0.270510210481126,0.682990329076881,0.110435330981939,6
"57","Creatine",0.218391432237162,0.200602170248803,0.447886336305098,1.19920231527313,0.182848831118679,6
"776","Creatine",-0.143397956187212,0.0270611507085972,0.16450273769332,0.344421181440411,0.0822513688466599,4
"83","Creatine",0.212970805487316,0.0395514790829389,0.198875536662856,0.501780091751038,0.0889398438079794,5
"853","Creatine",-0.0232058741463305,0.0190895078695275,0.138164785200598,0.344851696868286,0.0564055373604511,6
"879","Creatine",-0.184006155944346,0.00877194804322741,0.0936586784191802,0.132453373254345,0.0662266866271725,2
"913","Creatine",0.0164357326252359,0.021475217744161,0.146544251829135,0.385795525341833,0.0598264402865503,6
"138","Cystathionine",0.04487228881631,0.0295052934444363,0.171771049494484,0.432997709945305,0.0768183486472292,5
"177","Cystathionine",-0.0407620115050524,0.0147752857943553,0.121553633406638,0.346804805081682,0.0496240630379311,6
"208","Cystathionine",0.0397647756915183,0.0203516526993117,0.142659218767354,0.339328205261263,0.0713296093836768,4
"235","Cystathionine",0.21462304633857,0.0257926323780629,0.160600847999202,0.399823798335652,0.0655650216427211,6
"303","Cystathionine",-0.0139182412783029,0.0203199669035813,0.142548121361108,0.422621799611693,0.0581950268545078,6
"306","Cystathionine",0.0507873553621345,0.0145248473372666,0.120519074578535,0.28290514280252,0.0602595372892677,4
"309","Cystathionine",-0.00176694015312377,0.0095089284655671,0.0975137347534546,0.254868305111517,0.0398098155098444,6
"31","Cystathionine",-0.00734400821332353,0.0106132660108552,0.103020706709162,0.235833216779194,0.0515103533545811,4
"319","Cystathionine",0.0755328679499922,0.0496347739441642,0.222788630643855,0.560912573932765,0.0996341045467506,5
"320","Cystathionine",-0.0702643433517076,0.00614764856910579,0.0784069420976599,0.224671621452834,0.0320095000718687,6
"324","Cystathionine",0.222686150441582,0.0144549679915215,0.12022881514646,0.262090853015448,0.0601144075732298,4
"358","Cystathionine",-0.0612291535735104,0.0501222173834293,0.223879917329423,0.411676127878118,0.129257130536294,3
"373","Cystathionine",0.084763583127319,0.0223530407231917,0.149509333231045,0.411436343652706,0.0610369296999662,6
"375","Cystathionine",0.0748714140540656,0.00683700222959592,0.0826861670994364,0.116935898932671,0.0584679494663355,2
"381","Cystathionine",0.282019885316322,0.0216461104102979,0.147126171738063,0.344664400288489,0.0600640080945568,6
"406","Cystathionine",-0.0703627495676337,0.0342638050801458,0.185104848883399,0.519369676113185,0.0755687381132192,6
"42","Cystathionine",-0.26510017106984,0.0405295310760374,0.201319475153392,0.284708732131761,0.14235436606588,2
"440","Cystathionine",0.0395469513922757,0.0315805709317867,0.177709231419717,0.499450617619849,0.0725494899267466,6
"502","Cystathionine",-0.0136310677361313,0.00614591643589251,0.0783958955296291,0.17241182908462,0.0391979477648145,4
"513","Cystathionine",-0.0434391836976175,0.010397754162915,0.101969378555108,0.305455295061358,0.0416288244747855,6
"531","Cystathionine",0.0606026447059129,0.00659066409308026,0.0811829051776312,0.165088406741275,0.0363060989176206,5
"535","Cystathionine",0.0624103824802017,0.0292276133400617,0.170960853238575,0.411642691551806,0.0854804266192877,4
"566","Cystathionine",-0.166412748107157,0.0081850216403998,0.0904711094239471,0.251075952876625,0.0369346757586955,6
"57","Cystathionine",0.189192597837769,0.0818401150777639,0.286077113865762,0.67844962372778,0.116790492676533,6
"776","Cystathionine",-0.299223227875665,0.0276163337430618,0.166181628777256,0.333780478916198,0.0830908143886282,4
"83","Cystathionine",-0.239752025971851,0.0235694423105558,0.153523425934141,0.384540921009439,0.0686577633054788,5
"853","Cystathionine",-0.153731772587476,0.0176290875890828,0.132774574332147,0.375436797522963,0.0542049929881661,6
"879","Cystathionine",-0.0210173968730297,0.0104273102991255,0.102114202240068,0.144411289718813,0.0722056448594065,2
"913","Cystathionine",-0.136471498698342,0.0174584068139195,0.132130264564632,0.381279101262769,0.0539419546270488,6
"138","Cysteinyl-Glycine (Cys-Gly)",0.186201674327154,0.0138725510530488,0.117781794234291,0.321104343638532,0.0526736196839534,5
"177","Cysteinyl-Glycine (Cys-Gly)",-0.155221799399708,0.0140184187572276,0.118399403534087,0.307672131552195,0.0483363540847321,6
"208","Cysteinyl-Glycine (Cys-Gly)",0.156522891465684,0.0132281257386712,0.115013589365219,0.258358527785551,0.0575067946826094,4
"235","Cysteinyl-Glycine (Cys-Gly)",-0.333234712153499,0.0187407512112307,0.13689686340903,0.356467126067112,0.0558879104566016,6
"303","Cysteinyl-Glycine (Cys-Gly)",0.217890197269833,0.0104103017571315,0.102030886290042,0.265291382389093,0.0416539349024225,6
"306","Cysteinyl-Glycine (Cys-Gly)",0.0773402074443781,0.00735867583109746,0.0857827245492789,0.203805472071123,0.0428913622746394,4
"309","Cysteinyl-Glycine (Cys-Gly)",0.154686906819906,0.00930437069134892,0.096459165927085,0.248670190119276,0.0393792895893026,6
"31","Cysteinyl-Glycine (Cys-Gly)",0.141798703491791,0.0186891291336752,0.136708189709597,0.298187266308168,0.0683540948547986,4
"319","Cysteinyl-Glycine (Cys-Gly)",-0.0146898708558741,0.0233463676057376,0.152795181879985,0.328298715915652,0.068332082663618,5
"320","Cysteinyl-Glycine (Cys-Gly)",0.165884209802986,0.00520015381842839,0.0721120920402979,0.195245013563325,0.0294396382972243,6
"324","Cysteinyl-Glycine (Cys-Gly)",-0.111705886128282,0.00700089118174309,0.0836713283134856,0.190410599727369,0.0418356641567428,4
"358","Cysteinyl-Glycine (Cys-Gly)",-0.471268383158015,0.005729935098323,0.075696334774697,0.149690638456739,0.0437032992588393,3
"373","Cysteinyl-Glycine (Cys-Gly)",0.00619410197841001,0.0221617393496035,0.148868194553449,0.348633584473622,0.0607751859308873,6
"375","Cysteinyl-Glycine (Cys-Gly)",0.0971257347414065,0.03362208859234,0.183363269474396,0.259314822531764,0.129657411265882,2
"381","Cysteinyl-Glycine (Cys-Gly)",-0.015740405990371,0.00210066184646926,0.045832977717679,0.13870589523634,0.0187112348001108,6
"406","Cysteinyl-Glycine (Cys-Gly)",-0.136760859450435,0.0118125803682183,0.108685695324722,0.332802234148954,0.044370749314194,6
"42","Cysteinyl-Glycine (Cys-Gly)",-0.21700289169886,0.00125804157644908,0.0354688818043237,0.0501605736898828,0.0250802868449414,2
"440","Cysteinyl-Glycine (Cys-Gly)",0.191477900672511,0.0157805968148057,0.125620845462868,0.313338222814934,0.0512844954068408,6
"502","Cysteinyl-Glycine (Cys-Gly)",-0.243132453808226,0.0567579829712046,0.238239339680088,0.488828056217019,0.119119669840044,4
"513","Cysteinyl-Glycine (Cys-Gly)",-0.0126232819093095,0.00889499099978477,0.0943132599361552,0.273640377694151,0.0385032271370093,6
"531","Cysteinyl-Glycine (Cys-Gly)",0.152380747091269,0.0198192240555511,0.140780765928983,0.337923460903261,0.0629590725083384,5
"535","Cysteinyl-Glycine (Cys-Gly)",-0.108768627016132,0.0449711587640548,0.212064044015139,0.463833267304892,0.106032022007569,4
"566","Cysteinyl-Glycine (Cys-Gly)",-0.083438500042783,0.0370810115203193,0.192564304896622,0.48375360806122,0.0786140482784081,6
"57","Cysteinyl-Glycine (Cys-Gly)",-0.0388610574955015,0.0138408031610345,0.117646942846104,0.359739581682687,0.0480291632952218,6
"776","Cysteinyl-Glycine (Cys-Gly)",0.0844271615752378,0.0619017896363158,0.248800702644337,0.496159869004168,0.124400351322168,4
"83","Cysteinyl-Glycine (Cys-Gly)",-0.00938099984032166,0.0229273650648787,0.15141784922815,0.375728107662796,0.0677161207761914,5
"853","Cysteinyl-Glycine (Cys-Gly)",0.0485007098977171,0.0334214078438068,0.18281522869774,0.445808952386272,0.0746340045866123,6
"879","Cysteinyl-Glycine (Cys-Gly)",0.255026374033428,0.0333422309487819,0.182598551332649,0.258233347764311,0.129116673882156,2
"913","Cysteinyl-Glycine (Cys-Gly)",-0.0779165810642291,0.0342344145706879,0.185025443036053,0.471306487554114,0.0755363208117877,6
"138","Cystine",0.0562280950799523,0.0263107449630832,0.162205872159682,0.397424289063991,0.072540671299738,5
"177","Cystine",0.271903122406395,0.0156299875221635,0.125019948496884,0.333300614692408,0.051039180247733,6
"208","Cystine",0.0937357276923568,0.0398269134575016,0.199566814519603,0.471628458537928,0.0997834072598015,4
"235","Cystine",-0.146066346639101,0.129934507316129,0.360464294093228,0.878149717226986,0.147158931836823,6
"303","Cystine",0.101113751972087,0.0587358723098576,0.242354847919033,0.665962757737547,0.0989409523485747,6
"306","Cystine",0.0302791277589095,0.0294910229916324,0.171729505303056,0.355562602811155,0.0858647526515281,4
"309","Cystine",-0.0526240323045861,0.0694369579164523,0.263508933276374,0.631263372678018,0.107577071532036,6
"31","Cystine",0.172510886995791,0.0729591862001037,0.270109581836898,0.631069867690813,0.135054790918449,4
"319","Cystine",0.247693706530735,0.0354086238855225,0.188171793543885,0.458472501148076,0.0841529843624366,5
"320","Cystine",0.0912014521172478,0.0523206580973039,0.228737093837672,0.643338446692785,0.0933815275249017,6
"324","Cystine",0.3718547333254,0.016450768413944,0.128260548938261,0.299235038121843,0.0641302744691304,4
"358","Cystine",-0.0689365142781646,0.0962264664758352,0.310203911122724,0.620404131888708,0.17909631159038,3
"373","Cystine",-0.202090060080413,0.0438863729542334,0.209490746703126,0.523116227096251,0.0855242392095494,6
"375","Cystine",-0.0550487391228884,0.00187315054533486,0.0432799092574702,0.0612070346501913,0.0306035173250956,2
"381","Cystine",-0.240514571278394,0.0136353458513978,0.116770483648043,0.294049190270213,0.047671350325952,6
"406","Cystine",-0.0664815705792536,0.0492499314948864,0.221923255867623,0.618335678598012,0.0905997898221315,6
"42","Cystine",-0.0240145642015473,0.00173401616680611,0.0416415197465956,0.0588900019834626,0.0294450009917313,2
"440","Cystine",-0.058033317979968,0.0502590684114178,0.224185343881838,0.612611778984678,0.0915232833868135,6
"502","Cystine",-0.0785161279343595,0.0536762055093226,0.231681258433484,0.51722056940669,0.115840629216742,4
"513","Cystine",-0.161183988994013,0.016843025319544,0.129780681611494,0.339408178102903,0.0529827414031273,6
"531","Cystine",-0.26747191203141,0.0428692619159628,0.20704893604161,0.523507394277551,0.0925950991316093,5
"535","Cystine",-0.270679278867426,0.0548569325743447,0.234215568599409,0.559828909051923,0.117107784299705,4
"566","Cystine",0.100488112510081,0.0285778112609622,0.169049730141643,0.501782626549777,0.069014263333703,6
"57","Cystine",0.369035202018568,0.125046012253676,0.353618455759419,0.950007648827202,0.144364130040254,6
"776","Cystine",0.160322541100091,0.0266888078052912,0.163367095234295,0.400058929563395,0.0816835476171475,4
"83","Cystine",0.0637515866724067,0.0135707304533246,0.116493478157898,0.289290941695524,0.0520974672192893,5
"853","Cystine",0.0635353261664828,0.0354762087076289,0.18835129069807,0.557989319061803,0.0768940924341493,6
"879","Cystine",-0.271207051025464,0.145809875009963,0.381850592522734,0.540018286745853,0.270009143372926,2
"913","Cystine",-0.322231007669664,0.0532757818543752,0.23081547143633,0.622129334153984,0.0942300216264923,6
"138","Cytidine",0.0376099729844644,0.0139283635259517,0.118018488068403,0.295744196377405,0.0527794723845393,5
"177","Cytidine",-0.0934955202395513,0.00535644172670543,0.0731877156817005,0.177861147693328,0.0298787598100095,6
"208","Cytidine",-0.0497653136670682,0.00798724762101892,0.0893714027025364,0.188766139219705,0.0446857013512682,4
"235","Cytidine",-0.0412097966740761,0.00611911085974111,0.0782247458272707,0.182659693724607,0.0319351187559535,6
"303","Cytidine",0.0342106144596783,0.0148106686305474,0.1216990905083,0.277410969968907,0.0496834456510205,6
"306","Cytidine",0.0228709051389327,0.0159594413544349,0.126330682553507,0.280636614560854,0.0631653412767533,4
"309","Cytidine",0.0496318014049832,0.0074034894728466,0.0860435324289199,0.217824572966722,0.0351271250195785,6
"31","Cytidine",0.0291031638609096,0.000546668068596754,0.0233809338692182,0.0560953712859123,0.0116904669346091,4
"319","Cytidine",-0.114816108097638,0.0130901434891178,0.114412164952499,0.235632660169981,0.0511666756573412,5
"320","Cytidine",0.0398545997683509,0.00815750576364118,0.090318911439638,0.208597332695591,0.0368725411917893,6
"324","Cytidine",0.0620001355087532,0.00915949649860618,0.0957052584689378,0.209009422837665,0.0478526292344689,4
"358","Cytidine",0.124056496931972,0.00444984650171601,0.0667071697924294,0.129769802219322,0.0385134024365372,3
"373","Cytidine",-0.0216082819796276,0.00199068386234997,0.044617080388008,0.118171125761506,0.018214846793893,6
"375","Cytidine",-0.225033171094871,0.00118839875008206,0.0344731598505571,0.0487524101985135,0.0243762050992568,2
"381","Cytidine",0.137175816459693,0.00271840447394716,0.0521383205900148,0.129436661184082,0.0212853802485304,6
"406","Cytidine",-0.0914829145078158,0.00404921484626095,0.0636334412574155,0.149104195074771,0.0259782436096725,6
"42","Cytidine",0.109822971167856,0.0957203235077954,0.309387012506659,0.437539309109011,0.218769654554506,2
"440","Cytidine",0.0484999379884656,0.00373126461942918,0.0610840782809169,0.168069647666692,0.0249374705327451,6
"502","Cytidine",0.123604918116214,0.00124127473544817,0.0352317291010272,0.0773717132257747,0.0176158645505136,4
"513","Cytidine",0.124431612741058,0.011127065445862,0.105484906246638,0.26414255415245,0.0430640326449309,6
"531","Cytidine",-0.112746411952854,0.00420389841998214,0.0648374769711325,0.17445168750408,0.0289962011994059,5
"535","Cytidine",0.00954845152572428,0.0060962094475151,0.0780782264624082,0.178237575504121,0.0390391132312041,4
"566","Cytidine",-0.0764468761312363,0.000656082710750137,0.0256141115549639,0.06662451276229,0.0104569172540647,6
"57","Cytidine",0.100112160072613,0.0820629102239865,0.286466246221063,0.618323561449949,0.116949355295349,6
"776","Cytidine",-0.0768623751840488,0.00321598764347709,0.0567096785696859,0.132026311564276,0.0283548392848429,4
"83","Cytidine",-0.0719275699384431,0.00286100542165796,0.0534883671620097,0.129666491788457,0.0239207249959442,5
"853","Cytidine",-0.0407720627864863,0.0229330449673754,0.151436603789756,0.408100659009328,0.0618237346108211,6
"879","Cytidine",-0.0518299791582804,0.00268751643895004,0.0518412619343901,0.0733146157181505,0.0366573078590752,2
"913","Cytidine",-0.0373491053761547,0.0088249497757987,0.0939412038234485,0.26157478143139,0.0383513358650402,6
"138","D-Leucic Acid",-0.0469729710082067,0.00747336671583292,0.086448636286716,0.226049504487702,0.0386610054598504,5
"177","D-Leucic Acid",0.110773814803665,0.00589965560941706,0.0768092156542238,0.210866449855912,0.031357230982707,6
"208","D-Leucic Acid",-0.04579286477861,0.0137468643030865,0.117247022576637,0.247506603772429,0.0586235112883186,4
"235","D-Leucic Acid",-0.0560055187456058,0.0213118613775434,0.145985825947396,0.370423183592361,0.0595984638749795,6
"303","D-Leucic Acid",-0.0344885316211831,0.00424083128334086,0.0651216652377752,0.192475858425988,0.0265858085054817,6
"306","D-Leucic Acid",-0.0450366121264729,0.00339496481385257,0.0582663265862245,0.121444138395867,0.0291331632931122,4
"309","D-Leucic Acid",0.0517245200015259,0.00309464631969176,0.0556295453845505,0.150115697119802,0.0227106668025246,6
"31","D-Leucic Acid",0.1443885950356,0.0328023473377318,0.181114183149006,0.428757361599066,0.0905570915745031,4
"319","D-Leucic Acid",-0.038837544954519,0.0384113609104479,0.195988165230577,0.454832074044098,0.0876485720482061,5
"320","D-Leucic Acid",0.0631823928184565,0.00908701581090172,0.0953258402055902,0.271086617413578,0.0389166113009636,6
"324","D-Leucic Acid",0.00753261531390925,0.00329263807500177,0.0573815133557992,0.126853775913378,0.0286907566778996,4
"358","D-Leucic Acid",-0.0138311831334948,0.0192089162386591,0.138596234576049,0.248075250086468,0.0800185733411503,3
"373","D-Leucic Acid",-0.072201586610432,0.0126507632855527,0.112475611959005,0.297381498929656,0.0459179763011406,6
"375","D-Leucic Acid",0.00136623223705076,0.0695925244174645,0.263803950723761,0.373075124921146,0.186537562460573,2
"381","D-Leucic Acid",-0.0269792479505853,0.00928938563956561,0.0963814590030967,0.271357290439058,0.0393475658704271,6
"406","D-Leucic Acid",0.00641366504338741,0.0209192886590306,0.144635018785322,0.398319645621298,0.0590469991603166,6
"42","D-Leucic Acid",0.380228159435154,0.0331252402979566,0.182003407380072,0.257391687115014,0.128695843557507,2
"440","D-Leucic Acid",-0.0274857711685857,0.0219600884633026,0.148189366903643,0.386320973770734,0.0604980557033346,6
"502","D-Leucic Acid",-0.0416278791133933,0.0670080350127829,0.258859102626859,0.627489206997919,0.12942955131343,4
"513","D-Leucic Acid",-0.00802467474850885,0.0246848570892426,0.157114153051985,0.448028916183238,0.0641415843911507,6
"531","D-Leucic Acid",-0.119412382908339,0.0124992197493798,0.111799909433684,0.284830581168455,0.0499984394744073,5
"535","D-Leucic Acid",-0.0421246429155282,0.0332637866338525,0.182383624906,0.396321474424989,0.091191812453,4
"566","D-Leucic Acid",-0.0157686162543556,0.0231349541853877,0.15210178889608,0.406298088363271,0.0620952952933201,6
"57","D-Leucic Acid",-0.033540871205987,0.0179943816279207,0.134143138579358,0.385882995396267,0.0547637070024798,6
"776","D-Leucic Acid",0.10344033255518,0.0417409083939154,0.204305918646317,0.460476367275069,0.102152959323158,4
"83","D-Leucic Acid",0.0170586490646141,0.0237035133493861,0.153959453588879,0.326553456528533,0.0688527608006913,5
"853","D-Leucic Acid",0.0318627371424441,0.0350320723564768,0.187168566689166,0.506394776213791,0.0764112473794236,6
"879","D-Leucic Acid",-0.0804474328943129,0.0017357922769403,0.0416628404809405,0.0589201540551329,0.0294600770275664,2
"913","D-Leucic Acid",0.0200214726614671,0.0351950938179148,0.187603554918117,0.537306058144468,0.0765888305802645,6
"138","DCDP",-0.00227579497605025,0.0094532160340636,0.0972276505633228,0.237788327010579,0.0434815271904371,5
"177","DCDP",0.139982791796939,0.00553142620788197,0.0743735585264143,0.197330271844295,0.0303628781241227,6
"208","DCDP",-0.176070096637818,0.00666714799028822,0.0816526055327582,0.176604575965604,0.0408263027663791,4
"235","DCDP",0.152797474539617,0.00166154571466193,0.0407620621983473,0.102834638651062,0.0166410422082569,6
"303","DCDP",0.0466931938894864,0.00266942730112359,0.0516665007632953,0.131737455901911,0.0210927606108652,6
"306","DCDP",0.0375636019327015,0.0256262010656656,0.160081857390729,0.348331993423056,0.0800409286953643,4
"309","DCDP",0.0674452363253064,0.00831396145160702,0.0911809270166027,0.251920999465789,0.0372244575774383,6
"31","DCDP",-0.116519478902871,0.00297846885651581,0.0545753502647103,0.12515967833045,0.0272876751323551,4
"319","DCDP",-0.0428618598833736,0.0274208026557549,0.165592278369962,0.392663043468961,0.0740551181968605,5
"320","DCDP",-0.0217595264706244,0.0111956967746454,0.105809719660556,0.26255391087877,0.0431966371658825,6
"324","DCDP",0.286287913208024,0.0115866038711232,0.107641088210419,0.210141719661855,0.0538205441052095,4
"358","DCDP",0.0690937785643979,0.010624656727192,0.103075975509291,0.194555368637239,0.0595109422072727,3
"373","DCDP",0.0059173418542256,0.00911796836492568,0.0954880535194099,0.279921115016043,0.0389828346090209,6
"375","DCDP",0.15166401532036,0.000812403510720893,0.0285026930433054,0.0403088950659998,0.0201544475329999,2
"381","DCDP",-0.0759307133234286,0.0176677057399226,0.132919922283767,0.296497444972537,0.0542643310409373,6
"406","DCDP",0.00176869612637026,0.0232314653516431,0.152418717195898,0.403171829975077,0.0622246807299203,6
"42","DCDP",-0.399762859795736,0.0110277223012145,0.105012962538986,0.148510755847612,0.074255377923806,2
"440","DCDP",-0.0738739299660813,0.0320574025161839,0.179045811222111,0.488536074342804,0.0730951463461424,6
"502","DCDP",0.0661526621013489,0.0142496002798158,0.119371689607779,0.28483753209605,0.0596858448038893,4
"513","DCDP",-0.0630421534877826,0.0179598897944684,0.134014513372502,0.34072205532679,0.0547111959816703,6
"531","DCDP",-0.083445142471245,0.0394774273499921,0.198689273364196,0.484789952967263,0.088856544328476,5
"535","DCDP",-0.0666255331263597,0.0161658853947549,0.127145135159608,0.280647476720842,0.0635725675798038,4
"566","DCDP",0.0232219351505469,0.0303352496314594,0.174170174345263,0.535008207973524,0.0711046759262467,6
"57","DCDP",0.0224944083228496,0.00474865875884376,0.068910512687425,0.199446951771743,0.0281325989996296,6
"776","DCDP",0.0729076844651858,0.00499992437464981,0.0707101433646532,0.169671101852305,0.0353550716823266,4
"83","DCDP",-0.0474883316075424,0.00522355879562256,0.0722741917673422,0.195573140858375,0.0323220011621266,5
"853","DCDP",-0.0400663940248661,0.0137666384064141,0.117331318949435,0.307129117934573,0.0479003103789772,6
"879","DCDP",-0.00775344727409765,0.000357564292426495,0.0189093704926022,0.0267418882065757,0.0133709441032878,2
"913","DCDP",-0.0573163806765641,0.0212219231262463,0.145677462657222,0.373510729606989,0.0594725750889241,6
"138","Deoxycarnitine",-0.0489679253658681,0.0737765832162563,0.271618451538654,0.604190863071171,0.121471464316733,5
"177","Deoxycarnitine",-0.015479423163595,0.00685081122096744,0.0827696274062378,0.203592654074597,0.0337905588909275,6
"208","Deoxycarnitine",0.102238785047059,0.0206226913387611,0.143606028211775,0.322141047129856,0.0718030141058875,4
"235","Deoxycarnitine",0.181696033724495,0.0801711808226585,0.283145158571815,0.710564713102239,0.115593526940063,6
"303","Deoxycarnitine",0.0189981217497587,0.02842325578035,0.168591980178032,0.387305980744029,0.0688273876935991,6
"306","Deoxycarnitine",-0.0430382496244133,0.0133203147612964,0.115413668000356,0.215179470455118,0.057706834000178,4
"309","Deoxycarnitine",-0.325397862166114,0.0315366219418347,0.177585534157022,0.389718471765607,0.0724989907307161,6
"31","Deoxycarnitine",-0.0181825968768476,0.0443697660530833,0.210641320858666,0.45001541240385,0.105320660429333,4
"319","Deoxycarnitine",0.00936580454154409,0.0266260633848368,0.163174947172771,0.424970570239634,0.0729740548206508,5
"320","Deoxycarnitine",-0.107149845056395,0.0444955849726152,0.21093976621921,0.550520477502165,0.0861157989498396,6
"324","Deoxycarnitine",0.0462809438091627,0.0240813954435509,0.155181814152145,0.312271343214324,0.0775909070760726,4
"358","Deoxycarnitine",-0.0152347724570071,0.00625272648627304,0.0790741834372828,0.15539853649126,0.045653501093465,3
"373","Deoxycarnitine",0.0282941331580205,0.00379542144595947,0.0616069918593618,0.15860114533969,0.0251509491072056,6
"375","Deoxycarnitine",-0.0656754461000727,0.0841028521605729,0.290004917476537,0.410128887450209,0.205064443725104,2
"381","Deoxycarnitine",0.00807757808155594,0.0537855702255682,0.231917162421344,0.580904577941071,0.0946797850877439,6
"406","Deoxycarnitine",-0.250408721403654,0.00143732260914137,0.0379120377867159,0.0849906539058848,0.0154775246144281,6
"42","Deoxycarnitine",1.51620790566354e-05,0.127405391586144,0.356938918564709,0.504787859572998,0.252393929786499,2
"440","Deoxycarnitine",-0.222720160877445,0.00684448378150586,0.0827313953799032,0.220104217465446,0.0337749507315354,6
"502","Deoxycarnitine",-0.0200074522047379,0.021768992716164,0.147543189324902,0.345186910168196,0.0737715946624511,4
"513","Deoxycarnitine",-0.0513415968036639,0.100437862783547,0.316919331665878,0.861013854040129,0.129381775367545,6
"531","Deoxycarnitine",-0.00158634250306252,0.051778920375653,0.227549819546518,0.472584566380687,0.101763372954765,5
"535","Deoxycarnitine",0.0990950387305307,0.185106574615492,0.430240135988603,0.866049615767082,0.215120067994302,4
"566","Deoxycarnitine",-0.0777954344477054,0.0335016099562747,0.183034450189779,0.4787964060082,0.0747235013859704,6
"57","Deoxycarnitine",0.443395971630406,0.00586314651983871,0.0765711859633812,0.220916600677552,0.0312600557683409,6
"776","Deoxycarnitine",0.00124906581892772,0.0328091977416846,0.181133093999094,0.442868492875366,0.0905665469995469,4
"83","Deoxycarnitine",0.255772323764194,0.00504271116529771,0.0710120494373857,0.186751775967748,0.031757553952714,5
"853","Deoxycarnitine",0.28227963913878,0.120451972309762,0.347061914231109,0.911581709428056,0.141687433169966,6
"879","Deoxycarnitine",-0.0718407064216814,0.0169851413712705,0.13032705540781,0.184310289301875,0.0921551446509376,2
"913","Deoxycarnitine",-0.149574290685502,0.0446707865813417,0.211354646462626,0.595540582496666,0.0862851730999614,6
"138","Deoxyguanosine",-0.103755681703374,0.00719379699020767,0.0848162542806959,0.232077999555553,0.0379309820337087,5
"177","Deoxyguanosine",-0.0857760040850221,0.036203383677328,0.190271867803225,0.504354562107982,0.0776781647540328,6
"208","Deoxyguanosine",-0.0666654489561011,0.00601691994274166,0.0775688077950258,0.168784358807286,0.0387844038975129,4
"235","Deoxyguanosine",0.109566049113742,0.00637541034998478,0.0798461667832889,0.164943668743357,0.0325970610893702,6
"303","Deoxyguanosine",0.107744582677219,0.0151721935032984,0.123175458202105,0.289108738570507,0.0502861702381122,6
"306","Deoxyguanosine",0.0330319904292286,0.00783899754453948,0.0885381135135569,0.211110800816856,0.0442690567567784,4
"309","Deoxyguanosine",-0.0631968422614733,0.0090639668650219,0.0952048678641061,0.297133762689442,0.0388672245493593,6
"31","Deoxyguanosine",-0.0642719332016002,0.0718270912770246,0.268005767245827,0.601324601002252,0.134002883622914,4
"319","Deoxyguanosine",0.0344310512565768,0.00641053197366738,0.0800657977769995,0.173422541524692,0.0358065133004245,5
"320","Deoxyguanosine",0.0585450536595321,0.0120601077081542,0.109818521699002,0.292555517710129,0.0448332237448862,6
"324","Deoxyguanosine",-0.0735048394537944,0.0369143444750931,0.192131060672378,0.391740133107701,0.0960655303361891,4
"358","Deoxyguanosine",0.0151287691644089,0.00624821307556177,0.0790456391938339,0.142135067263926,0.045637021066826,3
"373","Deoxyguanosine",0.0169960242311953,0.0247402511821876,0.157290340396948,0.408533037522357,0.0642135125735329,6
"375","Deoxyguanosine",0.0477178015022251,0.00337820990618946,0.058122370101274,0.0821974440744901,0.0410987220372451,2
"381","Deoxyguanosine",0.0639384314411131,0.00261256110788365,0.0511132185240144,0.135277630186863,0.0208668840825347,6
"406","Deoxyguanosine",-0.0959008449873645,0.00486501501452085,0.0697496596014694,0.162678627955834,0.0284751792927362,6
"42","Deoxyguanosine",-0.0738801498578563,0.00171312168202659,0.0413898741484749,0.0585341213656888,0.0292670606828444,2
"440","Deoxyguanosine",-0.0447349668814584,0.0027904485442542,0.0528246963479602,0.140202156107471,0.0215655919783274,6
"502","Deoxyguanosine",0.250141817222301,0.0112039839467157,0.105848873148067,0.231602119090239,0.0529244365740337,4
"513","Deoxyguanosine",-0.019269426189858,0.0243423609415746,0.156020386301197,0.465419639643867,0.0636950559849751,6
"531","Deoxyguanosine",-0.0093259012028535,0.00399271667891427,0.0631879472598555,0.158103565949332,0.0282585090863417,5
"535","Deoxyguanosine",-0.0475614514941598,0.00526612355721795,0.0725680615506433,0.176804617216021,0.0362840307753216,4
"566","Deoxyguanosine",-0.0140044626146264,0.0396568515483339,0.199140281079278,0.544977025340411,0.0812986793131084,6
"57","Deoxyguanosine",-0.132052579519288,0.0816547461603864,0.285752946022235,0.626503112441631,0.11665815170859,6
"776","Deoxyguanosine",0.0517424615166022,0.00648877176540864,0.0805529128300687,0.182873269959187,0.0402764564150343,4
"83","Deoxyguanosine",0.0820197174154413,0.00185316387067037,0.0430483898731459,0.103100839744436,0.0192518252156536,5
"853","Deoxyguanosine",0.0490594697427534,0.00946557466809529,0.0972911849454784,0.264263263594533,0.0397189599311951,6
"879","Deoxyguanosine",-0.0392692231813023,0.00298003716818057,0.0545897166889568,0.0772015177076276,0.0386007588538138,2
"913","Deoxyguanosine",0.00524893609049893,0.0110387815293806,0.105065605834548,0.289361142123669,0.0428928539685042,6
"138","DHAP/D-GA3P",0.189689022790642,0.0374202974814037,0.193443266828814,0.544146331218979,0.0865104588837717,5
"177","DHAP/D-GA3P",0.146222911912359,0.0858517343702501,0.293004666123682,0.75897175896703,0.119618654042928,6
"208","DHAP/D-GA3P",0.10499405077281,0.0285492229053524,0.168965152932054,0.406554544259732,0.0844825764660271,4
"235","DHAP/D-GA3P",-0.077939304519576,0.0454874928376847,0.213277970821378,0.618531528808379,0.0870703669814294,6
"303","DHAP/D-GA3P",0.258224363508554,0.102572428514974,0.320269306233011,0.780106481289025,0.130749396757674,6
"306","DHAP/D-GA3P",0.480060026155159,0.0231065209028233,0.152008292217311,0.320276690304649,0.0760041461086553,4
"309","DHAP/D-GA3P",0.0235722134823416,0.154944184504843,0.393629501568216,1.02229772468694,0.160698571091367,6
"31","DHAP/D-GA3P",0.196329461738864,0.0606399978609244,0.246251899202675,0.52840630670053,0.123125949601338,4
"319","DHAP/D-GA3P",0.174476641087551,0.0668463782794283,0.258546665573989,0.599531520215944,0.115625583915869,5
"320","DHAP/D-GA3P",0.0355775418841831,0.0398061072283228,0.199514679230183,0.467925692446312,0.0814515267181682,6
"324","DHAP/D-GA3P",0.102442949050446,0.0371344030352052,0.192702887978373,0.43335532495031,0.0963514439891863,4
"358","DHAP/D-GA3P",-0.0731120401590553,0.00397093996388412,0.0630153946578463,0.125862682052308,0.0363819550687981,3
"373","DHAP/D-GA3P",-0.297408473778299,0.021394257112722,0.146267758281591,0.313072224477093,0.0597135622684412,6
"375","DHAP/D-GA3P",-0.278833885770143,5.01047188973699e-05,0.00707846868308181,0.0100104664124475,0.00500523320622376,2
"381","DHAP/D-GA3P",-0.259044678589313,0.0299797288736485,0.173146553167103,0.430229018404018,0.0706867843301803,6
"406","DHAP/D-GA3P",-0.154852393720641,0.086028867825086,0.293306781075866,0.753168567970337,0.119741991955681,6
"42","DHAP/D-GA3P",-0.405836754730781,0.270777762501596,0.520363106399364,0.735904562428574,0.367952281214287,2
"440","DHAP/D-GA3P",-0.171789289905212,0.0509205839979903,0.225655897325974,0.5393960305354,0.0921236343164177,6
"502","DHAP/D-GA3P",-0.0128184940584391,0.091292127498245,0.302145871224885,0.653760903959485,0.151072935612443,4
"513","DHAP/D-GA3P",0.116244355841365,0.0471613923681056,0.217166738632106,0.538604224420572,0.0886579497921699,6
"531","DHAP/D-GA3P",-0.319462164823904,0.148958237243733,0.38595108141283,0.955387078677207,0.172602570805729,5
"535","DHAP/D-GA3P",-0.264553180996165,0.105880749857424,0.325393223435006,0.612952270023436,0.162696611717503,4
"566","DHAP/D-GA3P",-0.166076373119149,0.0406986947389096,0.201739175022873,0.528776018046566,0.0823596733226781,6
"57","DHAP/D-GA3P",0.20758318008686,0.0723646765538292,0.269006833656376,0.608522362030279,0.109821579963312,6
"776","DHAP/D-GA3P",-0.0881610027639389,0.0180791373622993,0.134458682733021,0.290652225208008,0.0672293413665107,4
"83","DHAP/D-GA3P",0.303336613759819,0.0363941924804118,0.190772619839462,0.457999836693566,0.0853161092413523,5
"853","DHAP/D-GA3P",-0.0335905758160908,0.127192867322583,0.356641090345158,1.05388154039969,0.145598115442579,6
"879","DHAP/D-GA3P",-0.00975918456901694,0.00594611215479238,0.0771110378272292,0.109051475503932,0.0545257377519661,2
"913","DHAP/D-GA3P",0.0057465172245439,0.0829879227040427,0.288076244602089,0.791748445142957,0.117606634382053,6
"138","Dimethylarginine (A/SDMA)",0.176927598394651,0.00672880886199142,0.0820293170884131,0.224512494236873,0.0366846258315153,5
"177","Dimethylarginine (A/SDMA)",-0.206746896589983,0.00483695735125877,0.0695482375855691,0.209719093278792,0.0283929490990832,6
"208","Dimethylarginine (A/SDMA)",-0.16182874244475,0.00205460837188394,0.0453277880762336,0.101836054298262,0.0226638940381168,4
"235","Dimethylarginine (A/SDMA)",-0.0362519914718377,0.00111342562337001,0.0333680329562594,0.0882536934095345,0.0136224424105347,6
"303","Dimethylarginine (A/SDMA)",-0.00951545782721382,0.00337617784471534,0.058104886582071,0.155713571079081,0.0237212206147271,6
"306","Dimethylarginine (A/SDMA)",-0.111387872226034,0.00411605201865447,0.0641564651352805,0.128994900335254,0.0320782325676403,4
"309","Dimethylarginine (A/SDMA)",0.0209811519421634,0.00294752392926837,0.0542911035922864,0.156985486912497,0.0221642502289474,6
"31","Dimethylarginine (A/SDMA)",-0.119794829504335,0.0106383252821567,0.103142257499808,0.248417241711675,0.0515711287499039,4
"319","Dimethylarginine (A/SDMA)",-0.0879939384048405,0.00111939003303078,0.0334572866955882,0.0850402059383995,0.0149625534788069,5
"320","Dimethylarginine (A/SDMA)",-0.00161441400732587,0.00664058460431217,0.08148978220803,0.202095720333771,0.0332680642767008,6
"324","Dimethylarginine (A/SDMA)",-0.264374643449374,0.00338080103176634,0.058144656089501,0.142301729953055,0.0290723280447505,4
"358","Dimethylarginine (A/SDMA)",-0.0602199482732274,0.00112430065061329,0.0335305927566646,0.065502972744199,0.019358896754148,3
"373","Dimethylarginine (A/SDMA)",0.364530392623149,0.00617520885192182,0.078582497109228,0.211830586259232,0.0320811701052238,6
"375","Dimethylarginine (A/SDMA)",-0.0896196509958138,0.00153182400753362,0.0391385233182553,0.0553502304879323,0.0276751152439662,2
"381","Dimethylarginine (A/SDMA)",-0.107161113703834,0.0013584729654849,0.0368574682457288,0.106991492853199,0.0150469984021449,6
"406","Dimethylarginine (A/SDMA)",-0.339561312846645,0.0135519362627479,0.116412783931782,0.31661568124718,0.0475253200282892,6
"42","Dimethylarginine (A/SDMA)",-0.139065482433361,0.00729741626201837,0.0854249159321703,0.120809074675857,0.0604045373379284,2
"440","Dimethylarginine (A/SDMA)",0.254527204538982,0.00575625811185981,0.0758700079864224,0.215146786002509,0.0309738010579366,6
"502","Dimethylarginine (A/SDMA)",0.394414825601668,0.00747723492510419,0.0864710062685996,0.180916825320983,0.0432355031342998,4
"513","Dimethylarginine (A/SDMA)",0.299627159447037,0.0241299409185155,0.15533815023527,0.422699433027476,0.0634165342773679,6
"531","Dimethylarginine (A/SDMA)",-0.137715380815008,0.0182107828768463,0.134947333715217,0.363996983724561,0.0603502823139151,5
"535","Dimethylarginine (A/SDMA)",0.116551542571623,0.0139978987172781,0.118312715788617,0.247365943307649,0.0591563578943086,4
"566","Dimethylarginine (A/SDMA)",0.00895209348462812,0.0227234076920841,0.150742852872314,0.396080456961113,0.0615405119847678,6
"57","Dimethylarginine (A/SDMA)",0.207033156200305,0.0229218361299028,0.151399590917224,0.41095509015819,0.0618086241688849,6
"776","Dimethylarginine (A/SDMA)",0.145942751296321,0.0082274056024344,0.090705047282025,0.185623657382695,0.0453525236410125,4
"83","Dimethylarginine (A/SDMA)",-0.0787779626726521,0.00111387647546472,0.0333747880212702,0.0681947422583709,0.0149256589500412,5
"853","Dimethylarginine (A/SDMA)",-0.0852190495371267,0.00368597127031057,0.0607122003415341,0.169275409247,0.0247856519997309,6
"879","Dimethylarginine (A/SDMA)",0.155373890787913,0.0103026929320072,0.101502181907618,0.143545762264215,0.0717728811321074,2
"913","Dimethylarginine (A/SDMA)",-0.208416152217136,0.0315752493721726,0.177694258129442,0.543658182645641,0.0725433771065889,6
"138","Dimethylglycine",0.0199878976236694,0.0197966713368629,0.14070064440813,0.331244022363995,0.0629232410749206,5
"177","Dimethylglycine",0.139209498105917,0.0493358687670599,0.222116790826493,0.653521370110076,0.0906788001382351,6
"208","Dimethylglycine",0.0924881695454898,0.0525774884904403,0.229297816148432,0.498583742965456,0.114648908074216,4
"235","Dimethylglycine",0.418685054986409,0.00592334390871713,0.0769632633710209,0.161122371726227,0.0314201206997393,6
"303","Dimethylglycine",0.0889946349864862,0.00462811988647552,0.0680302865382436,0.167703755274526,0.0277732481790047,6
"306","Dimethylglycine",0.016772684497359,0.00107687513703899,0.0328157757342256,0.0695675292599291,0.0164078878671128,4
"309","Dimethylglycine",-0.0485273587646445,0.0699993839142226,0.264573966811216,0.714360295261812,0.108011869651922,6
"31","Dimethylglycine",-0.0739743816316317,0.0145884685436749,0.1207827328043,0.251667546660531,0.06039136640215,4
"319","Dimethylglycine",-0.0405026648907093,0.0650559031237724,0.255060587162683,0.626912785768618,0.114066562255354,5
"320","Dimethylglycine",-0.0259166821953876,0.0392857161757504,0.198206246560875,0.477252911250652,0.0809173613177362,6
"324","Dimethylglycine",0.0476658896907943,0.0238122977975964,0.154312338448992,0.373773166146779,0.0771561692244962,4
"358","Dimethylglycine",0.287131698937184,0.00394415435855963,0.0628025028049012,0.121238751157853,0.036259041900192,3
"373","Dimethylglycine",0.0477142208258196,0.0135042449283071,0.116207766213395,0.321700744554612,0.0474416218952428,6
"375","Dimethylglycine",0.200841759117304,4.05080012838154e-05,0.00636458963986017,0.00900088898762955,0.00450044449381477,2
"381","Dimethylglycine",-0.326489717081801,0.107127563781566,0.327303473525055,0.82191872885952,0.133621083529488,6
"406","Dimethylglycine",0.219036355644264,0.00387281223645501,0.0622319229692849,0.166520895064708,0.0254060761644894,6
"42","Dimethylglycine",-0.351056788530139,0.0200949737899815,0.141756741603288,0.200474306533189,0.100237153266594,2
"440","Dimethylglycine",0.213542760709298,0.00678692785120353,0.0823828128386226,0.218222348140637,0.0336326425049721,6
"502","Dimethylglycine",0.170764440968876,0.00469162933645311,0.0684954694593234,0.161907393373236,0.0342477347296617,4
"513","Dimethylglycine",0.0405041606725682,0.0213383097062301,0.146076383122769,0.318880052946493,0.0596354336870149,6
"531","Dimethylglycine",0.164748533035104,0.00160230028498684,0.0400287432351658,0.105297236766378,0.0179013981855431,5
"535","Dimethylglycine",-0.0769947895557908,0.015076803227431,0.12278763466828,0.265323922980945,0.0613938173341401,4
"566","Dimethylglycine",-0.136217045389262,0.0077191477103577,0.0878586803358536,0.222214465208547,0.0358681560495232,6
"57","Dimethylglycine",-0.227616794717788,0.0825891801041105,0.287383333031181,0.694812860752042,0.117323754417787,6
"776","Dimethylglycine",-0.12866422422492,0.00877526241498724,0.0936763706330857,0.223361561337757,0.0468381853165428,4
"83","Dimethylglycine",-0.274956680968981,0.0447219447525206,0.21147563630953,0.560222366753908,0.0945747796746264,5
"853","Dimethylglycine",-0.30304406074509,0.0410631924288814,0.202640549813904,0.54250351708592,0.0827276580401837,6
"879","Dimethylglycine",-0.365917679301797,0.0361574171881071,0.190151037830739,0.26891417659955,0.134457088299775,2
"913","Dimethylglycine",0.00550059620680961,0.0405955589780812,0.201483396283865,0.565231903211764,0.0822552520897411,6
"138","Ergocalciferol",0.0317486547753669,0.0630737295554366,0.25114483780368,0.604718661173447,0.112315385905437,5
"177","Ergocalciferol",0.0222167375545082,0.00701300106359999,0.0837436628265088,0.212414695530186,0.0341882071861044,6
"208","Ergocalciferol",-0.0310799927414475,0.00146863677879932,0.0383227971160681,0.0817034571608469,0.019161398558034,4
"235","Ergocalciferol",0.0925928421441676,0.0438910517374944,0.209501913445902,0.560238887402721,0.0855287980131979,6
"303","Ergocalciferol",-0.0836880851259863,0.00247985621749879,0.0497981547599787,0.145648413817316,0.0203300115490162,6
"306","Ergocalciferol",-0.082228775956383,0.00504240146014897,0.0710098687518078,0.165012501134988,0.0355049343759039,4
"309","Ergocalciferol",-0.0395499221787993,0.0253753847478931,0.159296530872123,0.443024274411363,0.065032536405368,6
"31","Ergocalciferol",-0.0360496156051681,0.0458151488273908,0.214044735575045,0.492711451597323,0.107022367787522,4
"319","Ergocalciferol",0.0183308542758862,0.00539000772565984,0.0734166719870892,0.202985271071383,0.0328329338489872,5
"320","Ergocalciferol",-0.0359500418443031,0.00437791120769014,0.0661657857785286,0.173157137028021,0.0270120689312825,6
"324","Ergocalciferol",0.0335660160464476,0.000542471434814743,0.0232910161825272,0.0531576858540267,0.0116455080912636,4
"358","Ergocalciferol",-0.0672816781363301,9.07361601332936e-05,0.00952555300931624,0.0173516573912474,0.00549958059410878,3
"373","Ergocalciferol",0.0884530466337122,0.00781225782364228,0.0883869776813433,0.228537846485594,0.036083832537676,6
"375","Ergocalciferol",-0.0478764794478456,0.00873324288001507,0.093451821170136,0.132160832927271,0.0660804164636357,2
"381","Ergocalciferol",0.00220641275005445,0.00515626239939525,0.0718071194199799,0.194551278651147,0.0293151337463412,6
"406","Ergocalciferol",-0.0216857414070569,0.0164410337118228,0.12822259438891,0.329888741402058,0.0523466549581137,6
"42","Ergocalciferol",0.0370989925335044,0.0233430475099563,0.152784316963346,0.216069653167474,0.108034826583737,2
"440","Ergocalciferol",0.00703985583966039,0.00957720022414971,0.0978631709283411,0.266513443755668,0.0399524722308681,6
"502","Ergocalciferol",4.12890093913123e-05,0.0187049627656923,0.136766087776511,0.29764197363259,0.0683830438882555,4
"513","Ergocalciferol",0.00790756974172861,0.0217874880470675,0.147605853701903,0.43041838423543,0.0602598374362608,6
"531","Ergocalciferol",0.1223257960501,0.140716997918435,0.3751226438359,0.867499314978244,0.167759946303303,5
"535","Ergocalciferol",-0.0572597519811084,0.0260843453355797,0.161506486976777,0.313563686598773,0.0807532434883883,4
"566","Ergocalciferol",0.0629693502411159,0.0165973805847258,0.128830821563498,0.304391736766656,0.052594962662353,6
"57","Ergocalciferol",-0.104509245760564,0.00492377558136064,0.0701696200742219,0.182486048832943,0.0286466274377998,6
"776","Ergocalciferol",0.0241263281831372,0.00330309395256856,0.0574725495568847,0.139782356338209,0.0287362747784423,4
"83","Ergocalciferol",-0.0321621875046472,0.00891533411664839,0.0944210470003822,0.253524872727095,0.0422263759199114,5
"853","Ergocalciferol",-0.00521325282706668,0.0242328311994152,0.155668979566949,0.407558483575646,0.0635515947864609,6
"879","Ergocalciferol",0.0144529205125646,4.7275965581063e-05,0.00687575200113144,0.00972378173151403,0.00486189086575701,2
"913","Ergocalciferol",0.022013239473752,0.0160918260834981,0.126853561571988,0.368396938659655,0.0517877496510165,6
"138","Erythrose-4-Phosphate",0.272383685717482,0.0884187287418756,0.297352869066158,0.833883913733398,0.132980245707305,5
"177","Erythrose-4-Phosphate",-0.421771273082413,0.0668028471134107,0.258462467513971,0.693130938968231,0.105516860511651,6
"208","Erythrose-4-Phosphate",0.391502143072016,0.0393647576862877,0.198405538446606,0.440285584056908,0.0992027692233031,4
"235","Erythrose-4-Phosphate",-0.165753517247684,0.0332923183462029,0.182461827093239,0.402926972780528,0.0744897289857276,6
"303","Erythrose-4-Phosphate",0.400795593177828,0.0310880918001635,0.176318155049795,0.447835613007478,0.0719815853768211,6
"306","Erythrose-4-Phosphate",0.263357688465062,0.0742515414906952,0.272491360396426,0.575133216145416,0.136245680198213,4
"309","Erythrose-4-Phosphate",0.0239873747788681,0.033046386691037,0.181786651575513,0.399750464589029,0.0742140897348531,6
"31","Erythrose-4-Phosphate",0.146926075777532,0.0233745933173217,0.152887518513846,0.345934593076207,0.0764437592569232,4
"319","Erythrose-4-Phosphate",0.00585136044607267,0.0121228789890251,0.110103946291789,0.270373951484874,0.049239981699885,5
"320","Erythrose-4-Phosphate",0.147373745261785,0.0656860091202266,0.256292819096101,0.675780189287213,0.104631105254147,6
"324","Erythrose-4-Phosphate",-0.499651558713751,0.00438800593207244,0.0662420254224796,0.152582190864969,0.0331210127112398,4
"358","Erythrose-4-Phosphate",-0.110476476797023,0.268481216012883,0.518151730685987,1.03041223122793,0.299155041192625,3
"373","Erythrose-4-Phosphate",-0.118792602385878,0.0710938202558348,0.26663424434201,0.715719854069564,0.10885297443175,6
"375","Erythrose-4-Phosphate",-0.516374889259504,0.54478291884117,0.738094112455295,1.04382270414201,0.521911352071005,2
"381","Erythrose-4-Phosphate",0.000155401643400772,0.120726347965933,0.347456972826756,0.799146426554555,0.141848715166272,6
"406","Erythrose-4-Phosphate",-0.237060727782092,0.0319467655504683,0.178736581455695,0.500782870688095,0.0729689038226425,6
"42","Erythrose-4-Phosphate",-0.122342727512619,0.227715178645881,0.477195115907404,0.674855804814452,0.337427902407226,2
"440","Erythrose-4-Phosphate",0.0516955493314445,0.108200109710611,0.328937850832966,0.842468892578617,0.134288315271416,6
"502","Erythrose-4-Phosphate",-0.156287762681429,0.144623713394399,0.380294245807636,0.873222897008965,0.190147122903818,4
"513","Erythrose-4-Phosphate",0.225566581120137,0.0248577069325863,0.157663270715111,0.41594668741457,0.0643657607383853,6
"531","Erythrose-4-Phosphate",-0.208636260824547,0.211732624003329,0.460144133944277,0.948905340123969,0.205782712589434,5
"535","Erythrose-4-Phosphate",0.0747451812634243,0.0906264134554259,0.301042212082336,0.60577622624743,0.150521106041168,4
"566","Erythrose-4-Phosphate",-0.128273412141852,0.034949601332658,0.186948124710193,0.521124173523504,0.0763212523183615,6
"57","Erythrose-4-Phosphate",0.21477788086992,0.0151548370103997,0.123104983694405,0.330996164456948,0.0502573991408225,6
"776","Erythrose-4-Phosphate",-0.168785116737162,0.210628517796721,0.458942826283101,0.95061981594073,0.229471413141551,4
"83","Erythrose-4-Phosphate",0.114414342583956,0.0235939820778377,0.153603327040262,0.38816158355979,0.0686934961664315,5
"853","Erythrose-4-Phosphate",0.0623297297244818,0.196063896448384,0.442791030225753,1.159033327743,0.180768681122396,6
"879","Erythrose-4-Phosphate",-0.00147585762044478,0.302204820835326,0.549731589810269,0.777437869974605,0.388718934987303,2
"913","Erythrose-4-Phosphate",0.0257236996951565,0.0928079072918808,0.304643902436732,0.657360713806185,0.124370352370036,6
"138","Ethanolamine",0.00200715173788714,0.0391572598769599,0.197881934185413,0.434379373006611,0.0884954912715444,5
"177","Ethanolamine",0.186323508344141,0.0122933783441866,0.110875508315347,0.313284162622469,0.0452647367240524,6
"208","Ethanolamine",-0.154024680045047,0.0169787709984228,0.130302613168051,0.282479381352583,0.0651513065840256,4
"235","Ethanolamine",-0.0343579638645543,0.0099364602624401,0.0996817950402183,0.288287612516403,0.0406949224155383,6
"303","Ethanolamine",0.126034303990067,0.106010612874484,0.325592710106483,0.841334469738218,0.132922667288468,6
"306","Ethanolamine",0.154759096780969,0.0648590899294391,0.254674478362947,0.532283765102917,0.127337239181473,4
"309","Ethanolamine",0.0318122944977041,0.00566971851344232,0.0752975332493856,0.229422170877821,0.0307400892252075,6
"31","Ethanolamine",0.0352474468454507,0.0286209834066016,0.169177372619986,0.386811757106558,0.084588686309993,4
"319","Ethanolamine",0.00271261014128119,0.00742345277460666,0.0861594613179926,0.219858801720019,0.038531682482359,5
"320","Ethanolamine",-0.0547496214990223,0.00835657431213513,0.0914143003699921,0.25471186467028,0.0373197318499993,6
"324","Ethanolamine",0.251237074482265,0.00990432070078044,0.0995204536805396,0.19415057931396,0.0497602268402698,4
"358","Ethanolamine",0.0848849658344662,0.00824789208315257,0.0908179061812844,0.177954920250442,0.0524337425810027,3
"373","Ethanolamine",-0.0601214206776996,0.0125108104500316,0.111851734228986,0.283220275784245,0.0456632792844017,6
"375","Ethanolamine",0.129019534912863,0.0235710125441,0.153528539835758,0.217122143247067,0.108561071623534,2
"381","Ethanolamine",-0.0184128863178107,0.00518980811053311,0.0720403228097508,0.191808315488308,0.0294103386315456,6
"406","Ethanolamine",-0.0528830438188242,0.00315317247299146,0.056153116324844,0.139208210277029,0.022924413743836,6
"42","Ethanolamine",0.241777384178461,0.144270077703213,0.379829011139503,0.537159338936247,0.268579669468124,2
"440","Ethanolamine",-0.0400560593499414,0.00477354763112866,0.0690908650338716,0.19004444437302,0.0282062275367476,6
"502","Ethanolamine",0.0283536142244469,0.0158899285823641,0.126055260034495,0.286624785696977,0.0630276300172473,4
"513","Ethanolamine",-0.169640596220189,0.00291073919466806,0.0539512668495195,0.138281195570088,0.022025512459676,6
"531","Ethanolamine",-0.12857136235632,0.012586450186468,0.1121893497016,0.250538107089294,0.0501726024568548,5
"535","Ethanolamine",-0.096856378502035,0.00817675018101485,0.0904253846052913,0.22093821670841,0.0452126923026456,4
"566","Ethanolamine",0.00293013394601332,0.0192697605785201,0.138815563171138,0.369722718362888,0.0566712163543954,6
"57","Ethanolamine",-0.043514519199381,0.0581807774577355,0.241206918345506,0.525123094733541,0.0984723120626093,6
"776","Ethanolamine",0.0225533398609486,0.0575392790450312,0.239873464653828,0.5795120433654,0.119936732326914,4
"83","Ethanolamine",0.0437346538539802,0.0169316249155556,0.130121577440314,0.329750995304242,0.058192138499209,5
"853","Ethanolamine",-0.0800518474763197,0.00500693871220246,0.0707597252128813,0.199604863629298,0.0288875368518515,6
"879","Ethanolamine",-0.150964516848158,0.0371420326076481,0.192722683168453,0.27255103231376,0.13627551615688,2
"913","Ethanolamine",-0.00311445293116131,0.0179333876057878,0.133915598814282,0.317942826333297,0.0546708142823753,6
"138","FAD",-0.054293218532218,0.00214620456628413,0.0463271471848216,0.116200756144637,0.0207181300617798,5
"177","FAD",0.0540399312049049,0.0134735112257208,0.116075454880525,0.251902654836198,0.0473876060197895,6
"208","FAD",-0.00649810107839071,0.00081870766810317,0.0286130681350877,0.0643028794044717,0.0143065340675438,4
"235","FAD",0.0398650666804717,0.0162258228270288,0.127380621866235,0.280165814999281,0.0520029211151144,6
"303","FAD",-0.0478366727624488,0.0218960579101784,0.147973166182854,0.414981952883255,0.0604097921286751,6
"306","FAD",-0.0996976123227932,0.00408880187660213,0.063943739932867,0.149480080017257,0.0319718699664335,4
"309","FAD",0.0576014699569081,0.0051564216864975,0.071808228543096,0.182600898743956,0.0293155865439573,6
"31","FAD",-0.079973342677119,0.00188610048353694,0.0434292583811529,0.105547222554479,0.0217146291905765,4
"319","FAD",0.0212479645449524,0.00264349092911616,0.0514148901498015,0.118594167635804,0.0229934378861281,5
"320","FAD",-0.0557194999117,0.00250302678501131,0.0500302586942273,0.146176245496408,0.0204247675833831,6
"324","FAD",-0.0131524392101026,0.000945618189485364,0.0307509055067548,0.070478339812599,0.0153754527533774,4
"358","FAD",0.035920777706832,0.00338472667712138,0.0581784038722392,0.109499744856347,0.0335893171366601,3
"373","FAD",0.0959021113027858,0.0052321411318254,0.0723335408494939,0.226782837242465,0.0295300443950039,6
"375","FAD",0.189886289379989,0.015789784630059,0.125657409769814,0.177706413109145,0.0888532065545724,2
"381","FAD",0.0378030897895116,0.00389140185391971,0.0623811017369821,0.167325315240722,0.0254669781413753,6
"406","FAD",0.179498242030971,0.0218724158640984,0.147893258345668,0.399162345184195,0.0603771698907493,6
"42","FAD",0.015474925871116,0.0240501852616352,0.155081221499043,0.219317966713333,0.109658983356666,2
"440","FAD",0.0497260469115686,0.004643977758801,0.0681467369637094,0.204334479332855,0.0278207888661249,6
"502","FAD",-0.0696116878913703,0.0143041788198242,0.119600078678169,0.252819810481564,0.0598000393390844,4
"513","FAD",-0.244973407320147,0.033893252279663,0.184101201190169,0.51307237253661,0.0751590006582301,6
"531","FAD",0.0812423641611874,0.0115601453486502,0.107518116374173,0.284197024480718,0.0480835634050768,5
"535","FAD",-0.0118401870626221,0.00139048448665982,0.0372892006707012,0.0867213078965327,0.0186446003353506,4
"566","FAD",-0.0431665026587448,0.0134671625311571,0.116048104384161,0.299892398496997,0.0473764402264057,6
"57","FAD",-0.0846334135471526,0.00302666132550218,0.0550151008860493,0.143615673019936,0.0224598208864266,6
"776","FAD",0.000522399284575732,0.00160791313837105,0.0400987922308273,0.0887294482168293,0.0200493961154136,4
"83","FAD",-0.132621781399698,0.004229591726399,0.0650353113808107,0.160190126899183,0.0290846754370717,5
"853","FAD",0.0564765177109421,0.00358102428008105,0.0598416600712334,0.139995474374118,0.0244302554226006,6
"879","FAD",0.0480700541501107,2.19307381023855e-06,0.00148090303877011,0.00209431316198822,0.00104715658099411,2
"913","FAD",0.0601674152850034,0.014646399568469,0.121022310209601,0.290869794538704,0.0494071512510571,6
"138","Fructose",0.0256064041911467,0.0129903578506574,0.113975251044503,0.307558915056856,0.0509712818176223,5
"177","Fructose",0.0650732171352225,0.00703421505714462,0.0838702274776015,0.218004926163049,0.0342398769885461,6
"208","Fructose",0.104955713195947,0.00883454243756657,0.0939922466885783,0.179357900395183,0.0469961233442892,4
"235","Fructose",-0.0909469923804941,0.0301653830745467,0.173681844401039,0.41919131846666,0.0709053160613349,6
"303","Fructose",-0.0340314576403107,0.0241414050474008,0.15537504641158,0.392020155521524,0.0634315970782711,6
"306","Fructose",-0.00737408973753952,0.0165290864529272,0.12856549479906,0.25612183840109,0.0642827473995302,4
"309","Fructose",-0.00624570227679372,0.00462622162154846,0.0680163334909231,0.191918362951525,0.0277675518712893,6
"31","Fructose",0.0293992726866991,0.0195467396050563,0.139809654906434,0.308877293816462,0.0699048274532172,4
"319","Fructose",-0.0704346006089138,0.0149177556963431,0.122138264668952,0.323496358402159,0.0546218924907277,5
"320","Fructose",-0.0670305491904455,0.0179756629146036,0.134073349009427,0.350460120187117,0.0547352155298634,6
"324","Fructose",-0.154569688289959,0.00825421995324799,0.0908527377311658,0.197079396399284,0.0454263688655829,4
"358","Fructose",-0.194022873320105,0.00810145039956996,0.0900080574147113,0.164400557473449,0.0519661761776189,3
"373","Fructose",-0.0853192153853069,0.0233463481118867,0.152795118089181,0.369279804804776,0.0623783457511321,6
"375","Fructose",-0.0521698897709204,0.0733056831059232,0.270750222725528,0.382898636993978,0.191449318496989,2
"381","Fructose",0.132396675676183,0.0414902415306778,0.203691535245522,0.47268918309094,0.0831567210459442,6
"406","Fructose",-0.0983516336430461,0.0108665844159585,0.104242910626855,0.284850364375149,0.0425569900563909,6
"42","Fructose",0.176909571987649,0.0102417105567382,0.101201336733949,0.143120302939437,0.0715601514697187,2
"440","Fructose",-0.126082784434462,0.00383737980109158,0.0619465882925894,0.163075340155444,0.0252895887705184,6
"502","Fructose",-0.0531181105387968,0.0841002052106296,0.290000353811215,0.698746007086643,0.145000176905607,4
"513","Fructose",-0.0603953490641848,0.0164177119297592,0.128131619554891,0.388604249771543,0.0523095146376502,6
"531","Fructose",-0.00856961036708007,0.0243875191072768,0.156165038043977,0.365142453715504,0.0698391281550347,5
"535","Fructose",0.186070607959353,0.0200746191621949,0.141684929199244,0.313231351387538,0.0708424645996221,4
"566","Fructose",-0.00319670613216727,0.0334368708345992,0.18285751511655,0.488864465152057,0.0746512679448014,6
"57","Fructose",0.0522254208110571,0.133085470124376,0.36480881311226,0.916625527694222,0.148932574299231,6
"776","Fructose",0.0115811877664028,0.0293168309968939,0.171221584494753,0.328828117376566,0.0856107922473766,4
"83","Fructose",0.222420645702562,0.00661505448104859,0.081332985196958,0.207897956401761,0.0363732167426764,5
"853","Fructose",0.0986628480341411,0.0287702146168891,0.169617848756813,0.424378585704524,0.069246196787127,6
"879","Fructose",-0.0102705849357321,0.00230935739648061,0.0480557738100284,0.0679611270724759,0.033980563536238,2
"913","Fructose",0.0632816715974955,0.0279181765143883,0.167087331998534,0.376143155226704,0.0682131176465694,6
"138","G1P/F1P/F6P",0.268556686258577,0.0751085643118911,0.274059417484405,0.770474582708139,0.122563097473825,5
"177","G1P/F1P/F6P",-0.425585416861154,0.0789816081277607,0.281036666874201,0.756705376912975,0.114732738809055,6
"208","G1P/F1P/F6P",0.392161158681189,0.0356627323381676,0.188845789834372,0.417417080025595,0.0944228949171858,4
"235","G1P/F1P/F6P",-0.176657172783935,0.0310419125257431,0.176187151988285,0.426333280904983,0.0719281036009142,6
"303","G1P/F1P/F6P",0.40281357884294,0.0291843776115508,0.170834357233991,0.411532184377591,0.0697428342932696,6
"306","G1P/F1P/F6P",0.246361597786867,0.0699895858704384,0.26455544951945,0.51863870829516,0.132277724759725,4
"309","G1P/F1P/F6P",0.0124545441753574,0.0292823352126854,0.171120820511957,0.425436113557153,0.06985978243678,6
"31","G1P/F1P/F6P",0.180906416049329,0.0147730154299099,0.121544294106757,0.272599964364055,0.0607721470533786,4
"319","G1P/F1P/F6P",0.00919577045595077,0.0170414246073937,0.130542807566689,0.312483401950745,0.0583805183385583,5
"320","G1P/F1P/F6P",0.145581963672936,0.0475760267007668,0.218119294654936,0.575633812088027,0.0890468291600613,6
"324","G1P/F1P/F6P",-0.462094564961785,0.00815186883460408,0.0902877003506241,0.195875122310408,0.045143850175312,4
"358","G1P/F1P/F6P",-0.126514059114472,0.288017428502385,0.53667255240266,1.05517832957241,0.309848042596359,3
"373","G1P/F1P/F6P",-0.144373161821818,0.05642232638815,0.237533842616479,0.627859843566002,0.0969727851754897,6
"375","G1P/F1P/F6P",-0.486804599949023,0.410740102929099,0.640890086464987,0.906355452269251,0.453177726134625,2
"381","G1P/F1P/F6P",0.000866443773793094,0.0792607669744129,0.281532887909056,0.627386390647077,0.114935320198226,6
"406","G1P/F1P/F6P",-0.189196158022726,0.0245296597499445,0.156619474363645,0.450452701140004,0.0639396326623069,6
"42","G1P/F1P/F6P",-0.203073993057276,0.250741410100106,0.500740861224752,0.708154517178428,0.354077258589214,2
"440","G1P/F1P/F6P",0.052273989332568,0.0744376493045943,0.272832639734681,0.695603189450383,0.111383458754427,6
"502","G1P/F1P/F6P",-0.134755105818064,0.133533781883005,0.365422744069119,0.845903211833004,0.182711372034559,4
"513","G1P/F1P/F6P",0.216488493434853,0.0278044072756722,0.166746536023008,0.417414031305514,0.0680739882721639,6
"531","G1P/F1P/F6P",-0.205891534289456,0.157799921034359,0.397240381928071,0.825498578939882,0.177651299479829,5
"535","G1P/F1P/F6P",0.062095380927875,0.0813216713055645,0.285169548348986,0.60704991508657,0.142584774174493,4
"566","G1P/F1P/F6P",-0.133284355925711,0.02903139297365,0.170386011672467,0.466986899481221,0.0695597979842404,6
"57","G1P/F1P/F6P",0.186571322529201,0.0193271992564434,0.139022297695166,0.3803110493978,0.0567556153704098,6
"776","G1P/F1P/F6P",-0.171692307570493,0.161232184629445,0.401537276762002,0.819718890352495,0.200768638381001,4
"83","G1P/F1P/F6P",0.147741397194091,0.0140521308057186,0.118541683831969,0.283347268273234,0.0530134526431142,5
"853","G1P/F1P/F6P",0.0481521230076411,0.158239341675447,0.39779308902424,1.0780285144677,0.162398348552485,6
"879","G1P/F1P/F6P",0.0137045178606498,0.209532328347045,0.457747013476925,0.647352034594848,0.323676017297424,2
"913","G1P/F1P/F6P",0.0342185448392587,0.0628851485510513,0.250769114029322,0.586032631490351,0.102376062103608,6
"138","G6P",0.264715361741493,0.0905622389669151,0.300935606013837,0.843119437522081,0.134582494379407,5
"177","G6P",-0.439324089087617,0.0807865953526299,0.284229828400592,0.743555365524425,0.116036341543379,6
"208","G6P",0.390744641219845,0.033780248391766,0.183794037965779,0.392545253841791,0.0918970189828893,4
"235","G6P",-0.183242137659765,0.0311040573386687,0.176363424038741,0.370898759366657,0.0720000663641693,6
"303","G6P",0.374791952634157,0.0270301833230111,0.164408586524583,0.41660318942114,0.0671195243862409,6
"306","G6P",0.243896167441255,0.0703249474273587,0.265188513000391,0.562295378908318,0.132594256500196,4
"309","G6P",0.0300088349158598,0.03558795876898,0.188647710744075,0.415743009556665,0.0770151054111898,6
"31","G6P",0.169309619691507,0.0162802876347482,0.127594230413245,0.275647091379701,0.0637971152066224,4
"319","G6P",0.0171312981031742,0.0101965698795608,0.100978066329084,0.240482001197474,0.0451587641096627,5
"320","G6P",0.144913600266137,0.0605743859526881,0.24611864202593,0.658781573382079,0.100477514858374,6
"324","G6P",-0.500015403605919,0.00464646960691625,0.0681650174716933,0.145931103910712,0.0340825087358466,4
"358","G6P",-0.116148497750242,0.290612136382541,0.539084535469662,1.06970708926555,0.311240601669374,3
"373","G6P",-0.140297066188186,0.0542238181441416,0.232860082762464,0.624115225814165,0.0950647307050496,6
"375","G6P",-0.575699984687409,0.637678378609535,0.798547668338926,1.12931694276632,0.56465847138316,2
"381","G6P",0.0146844327510285,0.101413162491976,0.31845433344826,0.732542320418212,0.130008437221061,6
"406","G6P",-0.20264645351985,0.0240205018407368,0.154985489129585,0.465167615796897,0.0632725609838588,6
"42","G6P",-0.0808760649997152,0.221625187945974,0.470770844409436,0.665770512933659,0.332885256466829,2
"440","G6P",0.0493728589776436,0.0784655399189771,0.280117011120312,0.705857150564691,0.114357290919714,6
"502","G6P",-0.165032721072175,0.132323464435026,0.363762923392456,0.842113925858865,0.181881461696228,4
"513","G6P",0.239524020643414,0.0123762504607186,0.111248597567424,0.34005268593688,0.045417049773403,6
"531","G6P",-0.199356693297178,0.156195083327627,0.395215236709855,0.810941075208792,0.176745627005381,5
"535","G6P",0.0658717732910845,0.0670377537513971,0.258916499573506,0.546681812305141,0.129458249786753,4
"566","G6P",-0.127334517885372,0.0275168603491304,0.165882067593608,0.462359932116065,0.0677210705137016,6
"57","G6P",0.189606180811113,0.0168032745069757,0.129627445037599,0.358782816454955,0.0529201828337981,6
"776","G6P",-0.181565140563711,0.209181772747333,0.457363939054374,0.977841498507752,0.228681969527187,4
"83","G6P",0.145594130906215,0.0158952517654827,0.126076372748754,0.326553789507166,0.056383067964563,5
"853","G6P",0.0594536373342717,0.139068752970992,0.372919231162717,0.988542267052425,0.152243638603277,6
"879","G6P",0.0249238161635831,0.262567589406636,0.512413494559458,0.724662113548978,0.362331056774489,2
"913","G6P",0.0535710339107878,0.0709164639064609,0.266301453068625,0.592222589392855,0.108717112963309,6
"138","gamma-Aminobutyrate",-0.0354904365656942,0.0043307082874153,0.0658081171848527,0.179765616183925,0.0294302846993205,5
"177","gamma-Aminobutyrate",0.0712824408251106,0.0127121833120261,0.112748318444339,0.295517980448007,0.0460293082575766,6
"208","gamma-Aminobutyrate",-0.0444310104751845,0.00374247728982818,0.0611757900629667,0.122393814723539,0.0305878950314834,4
"235","gamma-Aminobutyrate",0.0414549881071555,0.0132974233776833,0.115314454331117,0.292655202737182,0.0470769288464517,6
"303","gamma-Aminobutyrate",-0.00535236473197827,0.0203893388665464,0.142791242261374,0.426876543095534,0.0582942805464172,6
"306","gamma-Aminobutyrate",-0.0132272762097832,0.0101806049584124,0.100898983931517,0.243939216757963,0.0504494919657583,4
"309","gamma-Aminobutyrate",-0.0401254421556478,0.00320575021489169,0.0566193448822192,0.160740471766285,0.0231147507553499,6
"31","gamma-Aminobutyrate",0.0212349431138713,0.00320050219013379,0.0565729810964014,0.120133937239286,0.0282864905482007,4
"319","gamma-Aminobutyrate",0.039773330510336,0.000671418119634761,0.0259117371018379,0.0634069995678572,0.0115880811149626,5
"320","gamma-Aminobutyrate",0.0307585678374301,0.000846188413576054,0.029089317860274,0.081287946095935,0.0118756642872168,6
"324","gamma-Aminobutyrate",0.131037180681175,0.00467384053480617,0.0683654922808735,0.164192072758912,0.0341827461404367,4
"358","gamma-Aminobutyrate",0.0464677487027548,0.0162019508180784,0.127286883920058,0.226224000756995,0.0734891166955542,3
"373","gamma-Aminobutyrate",0.111600632015487,0.00775327354287292,0.0880526748195245,0.247055363447972,0.0359473539658413,6
"375","gamma-Aminobutyrate",-0.107394259602304,0.0233453120504063,0.152791727689709,0.216080133517204,0.108040066758602,2
"381","gamma-Aminobutyrate",0.00119243249182382,0.00565137251827065,0.0751756111931965,0.223435203494261,0.0306903147541985,6
"406","gamma-Aminobutyrate",-0.0745044692613757,0.0165317498714588,0.128575852598607,0.354875919855792,0.0524908720183151,6
"42","gamma-Aminobutyrate",-0.0316042100540393,0.0207026763791147,0.14388424645914,0.203483052754349,0.101741526377175,2
"440","gamma-Aminobutyrate",0.0438170399625371,0.00645242444618975,0.0803269845456043,0.209817395533946,0.0327933541188601,6
"502","gamma-Aminobutyrate",0.0800148447897664,0.00637336121597235,0.0798333339900843,0.176154995873193,0.0399166669950421,4
"513","gamma-Aminobutyrate",0.0364590516964598,0.00578423317641753,0.0760541463459917,0.179191596611075,0.0310489752284396,6
"531","gamma-Aminobutyrate",-0.119074544517336,0.0107162024552236,0.103519092225655,0.275295408400389,0.0462951454371268,5
"535","gamma-Aminobutyrate",-0.061504446836509,0.0136338855685961,0.116764230689865,0.247227268643424,0.0583821153449326,4
"566","gamma-Aminobutyrate",0.0748212384670446,0.00720137279865786,0.0848609026505013,0.224204784863581,0.0346443184342875,6
"57","gamma-Aminobutyrate",0.0102212400470399,0.0152947271337495,0.123671852633287,0.33404821566479,0.0504888224160384,6
"776","gamma-Aminobutyrate",0.0720764978673117,0.012585950322062,0.112187121908274,0.260318790276032,0.056093560954137,4
"83","gamma-Aminobutyrate",-0.148403911590331,0.0151403820020944,0.12304625960221,0.335611522168649,0.0550279601695254,5
"853","gamma-Aminobutyrate",-0.00547254478784805,0.0143666488704829,0.119860956405674,0.307081471061614,0.0489330305459801,6
"879","gamma-Aminobutyrate",0.00113274816252014,0.00512421319493988,0.071583609820544,0.101234511851837,0.0506172559259186,2
"913","gamma-Aminobutyrate",-0.177568964517919,0.00919784261131506,0.0959053836409357,0.268580081090343,0.0391532089176929,6
"138","Glucoronate",-0.0997679200463537,0.0157536783694965,0.125513658099414,0.335268515394286,0.0561314143229912,5
"177","Glucoronate",-0.190454041044686,0.0254403439593433,0.159500294543124,0.359883319109615,0.065115722575713,6
"208","Glucoronate",0.0816795842965347,0.0289881416086231,0.170259042663299,0.380285945598788,0.0851295213316496,4
"235","Glucoronate",0.152511149393146,0.00553557681176316,0.0744014570540333,0.179734652223471,0.0303742676503296,6
"303","Glucoronate",-0.0274736535774128,0.00985310788755842,0.0992628222828588,0.269178277399823,0.0405238775035954,6
"306","Glucoronate",-0.0072315166730354,0.0057463611315783,0.0758047566553597,0.17963042026644,0.0379023783276798,4
"309","Glucoronate",-0.0762790227554918,0.00438896392823808,0.0662492560579972,0.156365819593799,0.0270461455301801,6
"31","Glucoronate",0.0302444036671173,0.0344665782891698,0.185651766189201,0.431513652338363,0.0928258830946006,4
"319","Glucoronate",-0.180932723535584,0.0149150768454269,0.122127297707871,0.277304982505295,0.0546169879166307,5
"320","Glucoronate",0.129147619602254,0.0109126756820601,0.104463752957952,0.270409428835526,0.0426471485605233,6
"324","Glucoronate",-0.0154933984605568,0.011370177283435,0.106631033397576,0.257491196786371,0.053315516698788,4
"358","Glucoronate",0.108704497003344,0.00011871614657315,0.0108956939463785,0.0203789871196541,0.00629063183294943,3
"373","Glucoronate",0.0451338393118275,0.00314347606284162,0.0560667108259582,0.135868540470312,0.0228891388466292,6
"375","Glucoronate",-0.0272606795818792,0.000200357017388935,0.014154752466537,0.0200178429102106,0.0100089214551053,2
"381","Glucoronate",-0.0144853903732428,0.00329189453416162,0.0573750340667578,0.144897458286929,0.0234232595730598,6
"406","Glucoronate",0.115670380291329,0.00632213831500336,0.0795118753080529,0.218134641821727,0.0324605871660885,6
"42","Glucoronate",0.191388340602811,0.0234887929604475,0.153260539475912,0.216743133503452,0.108371566751726,2
"440","Glucoronate",0.0159974474538185,0.00303904858504372,0.0551275664712648,0.13203068281915,0.0225057347693268,6
"502","Glucoronate",0.0208414602985917,0.00553819555159451,0.0744190536865023,0.18218421630294,0.0372095268432511,4
"513","Glucoronate",0.0969010764923273,0.00522579688042429,0.0722896734010072,0.196482515424866,0.0295121355841522,6
"531","Glucoronate",0.231772571755874,0.020723076948916,0.143955121301453,0.368108685369005,0.0643786873878553,5
"535","Glucoronate",-0.0688222140304366,0.0239713373766179,0.154826797992524,0.361114003439912,0.0774133989962621,4
"566","Glucoronate",-0.0611240022766225,0.00732006747073974,0.0855573928467888,0.232495576672336,0.0349286593662467,6
"57","Glucoronate",-0.056912637534493,0.00564836851949642,0.0751556286614411,0.222920054776671,0.0306821569197702,6
"776","Glucoronate",0.069046177693118,0.000406938227836197,0.0201727099774968,0.0464156207235676,0.0100863549887484,4
"83","Glucoronate",-0.132080641382622,0.00871606452055352,0.0933598656841018,0.229597685359217,0.0417518012079803,5
"853","Glucoronate",-0.0550943443154291,0.00359223594845879,0.0599352646482752,0.145276842860478,0.0244684693311576,6
"879","Glucoronate",-0.0624922417204738,0.00429373072873494,0.0655265650613164,0.0926685570054367,0.0463342785027183,2
"913","Glucoronate",-0.0844382124561329,0.00490091081601933,0.0700065055264104,0.163644724543631,0.028580036202506,6
"138","Glucosamine",-0.0797573318819918,0.0126336928676043,0.11239970136795,0.275871887896298,0.0502666745818823,5
"177","Glucosamine",-0.0204722752352153,0.00579054080704158,0.0760956030729869,0.231870803010436,0.0310658998663636,6
"208","Glucosamine",0.00927186823188216,0.00679146950104162,0.0824103725330836,0.182541723247425,0.0412051862665418,4
"235","Glucosamine",-0.0203711677593586,0.00278225123356937,0.0527470495247779,0.160155185192939,0.0215338927955033,6
"303","Glucosamine",0.0366102462979238,0.00479875944417613,0.0692730787837247,0.189907003606709,0.0282806159886241,6
"306","Glucosamine",0.0568038606107874,0.00297880951875646,0.0545784712020817,0.117593265742118,0.0272892356010408,4
"309","Glucosamine",0.0465444241752581,0.00202216663778735,0.044968507177661,0.107841123107424,0.0183583161799921,6
"31","Glucosamine",-0.0106148671564733,0.00505939013272827,0.0711293900770158,0.168349936005821,0.0355646950385079,4
"319","Glucosamine",0.0464689428802463,0.00667042227703351,0.0816726531773856,0.223500426023155,0.0365251208814797,5
"320","Glucosamine",0.0488790005250189,0.0055016181273141,0.0741728934808,0.167312778403634,0.0302809569622948,6
"324","Glucosamine",0.0159774390193087,0.0096121134367087,0.0980413863463216,0.237848789159174,0.0490206931731608,4
"358","Glucosamine",-0.0140085096680042,0.0303177966919107,0.174120064013056,0.337726790493105,0.100528265829253,3
"373","Glucosamine",0.000215577902081523,0.00367404070226391,0.0606138655941354,0.155901467324823,0.0247455070072121,6
"375","Glucosamine",-0.0121036039463667,0.0179436693726953,0.133953982295023,0.189439538495507,0.0947197692477534,2
"381","Glucosamine",-0.0970433091334118,0.0215620899889025,0.14684035545075,0.309736819967618,0.0599473240838745,6
"406","Glucosamine",-0.0257092834233877,0.0161191392591485,0.126961172250214,0.306934643113904,0.0518316815264379,6
"42","Glucosamine",-0.0113793582702316,0.0128506491774608,0.113360703850412,0.160316244825412,0.0801581224127061,2
"440","Glucosamine",0.0012200596633028,0.00542709625810865,0.0736688282661578,0.194411906079724,0.0300751732001348,6
"502","Glucosamine",-0.0527500500154287,0.00975843088925745,0.0987847705329999,0.234092812898755,0.0493923852665,4
"513","Glucosamine",-0.0685422754736938,0.0131442967933956,0.114648579552455,0.298728966886907,0.0468050866064,6
"531","Glucosamine",0.0118698378206634,0.0153548231627888,0.123914580105768,0.262436855599221,0.055416284903968,5
"535","Glucosamine",0.0413774905959599,0.0369061452241438,0.192109721836621,0.347871111932239,0.0960548609183104,4
"566","Glucosamine",-0.0601305909254671,0.0114950768222382,0.107215096055725,0.253742615333934,0.0437703796766684,6
"57","Glucosamine",0.127402671987036,0.00328035357705563,0.0572743710315149,0.165935465340253,0.023382164061009,6
"776","Glucosamine",0.124240814295898,0.0198268578120926,0.140807875532914,0.286907629422461,0.0704039377664571,4
"83","Glucosamine",-0.0318871352940456,0.00527026605134787,0.072596598070074,0.201279219834056,0.0324661856439831,5
"853","Glucosamine",-0.00857926966764687,0.0135880418285435,0.116567756384617,0.303647154032486,0.0475885872672281,6
"879","Glucosamine",0.0764294441289666,0.00990992897570775,0.0995486261869432,0.140783017269185,0.0703915086345923,2
"913","Glucosamine",-0.0491180130612436,0.0237751545685223,0.154191940673053,0.411869512314818,0.0629485961830793,6
"138","Glucose",-0.0966553228910583,0.0147650774001702,0.121511634834572,0.295494524798561,0.0543416551094467,5
"177","Glucose",-0.0190561977294433,0.00199680569844883,0.0446856319016396,0.124518499023527,0.0182428328321418,6
"208","Glucose",0.0285895244757281,0.00393384007287373,0.0627203322127182,0.142978863056963,0.0313601661063591,4
"235","Glucose",-0.0306105524291542,0.000535625144875575,0.023143576751997,0.0625236193771436,0.00944832564422197,6
"303","Glucose",0.00664636924846237,0.00309725386354684,0.055652977131029,0.145583056311597,0.0227202327729671,6
"306","Glucose",0.0855743188518528,0.00111582008884523,0.0334038933186721,0.0790060354450306,0.0167019466593361,4
"309","Glucose",0.0656560674217663,0.00239492005062228,0.0489379203749227,0.11868341402887,0.0199788223319189,6
"31","Glucose",0.00642778803682882,0.0120015138413314,0.10955142099184,0.267737427792652,0.05477571049592,4
"319","Glucose",0.0844706075102267,0.00153954046397762,0.0392369782727674,0.0831137428400109,0.0175473101299181,5
"320","Glucose",0.0855266128187851,0.0028456202188504,0.0533443550795245,0.131105628694997,0.0217777417671132,6
"324","Glucose",0.0363799659321434,0.00766555844077884,0.0875531749326022,0.194105609114799,0.0437765874663011,4
"358","Glucose",0.0175836690108289,0.0187360991459143,0.136879871222595,0.268156601968261,0.0790276304970068,3
"373","Glucose",-0.0277197637551505,0.00988485214553285,0.0994225937377055,0.247630526292824,0.0405891039269015,6
"375","Glucose",-0.0161861485692406,0.034568045209549,0.18592483752729,0.262937426813107,0.131468713406554,2
"381","Glucose",-0.0523415525868697,0.0125128193594381,0.111860714102128,0.248074017746879,0.0456669453022608,6
"406","Glucose",-0.0345151392226981,0.0183891842003512,0.135606726235652,0.307740394561422,0.0553612141611062,6
"42","Glucose",0.0866192591850893,0.000792415582983386,0.0281498771397565,0.03980993803018,0.01990496901509,2
"440","Glucose",-0.0335317992518344,0.00557381089610895,0.074657959362073,0.191012357114295,0.0304789842790869,6
"502","Glucose",-0.126629661673276,0.0229133259265636,0.151371483201307,0.28705034041749,0.0756857416006535,4
"513","Glucose",-0.0606023927754611,0.00988605919345252,0.0994286638422368,0.26489834357532,0.0405915820366993,6
"531","Glucose",-0.00261190810244547,0.0071652082050467,0.0846475528591743,0.174499534397008,0.0378555364644241,5
"535","Glucose",0.017415156021998,0.0286190097360994,0.169171539379706,0.340324329178131,0.084585769689853,4
"566","Glucose",-0.094595702179592,0.00892249643226041,0.0944589669235294,0.205012486492599,0.0385627117655134,6
"57","Glucose",0.145976497494042,0.00191787099602794,0.0437935040391602,0.117957023115159,0.0178786231574094,6
"776","Glucose",0.143857392958909,0.00965514461005218,0.098260595408598,0.230495120372916,0.049130297704299,4
"83","Glucose",-0.0325189338266086,0.00988923570609968,0.099444636386784,0.20228276916237,0.0444729933917196,5
"853","Glucose",-0.0331046496589458,0.0122645342223842,0.110745357565833,0.276420011899127,0.0452116029030606,6
"879","Glucose",0.0883151308993836,0.00735742939151124,0.0857754591448582,0.121304817641438,0.0606524088207189,2
"913","Glucose",-0.0677490710489498,0.0243524367837188,0.156052673106611,0.386051400065997,0.06370823701809,6
"138","Glutamic acid",-0.0393307489434044,0.0068462073397057,0.0827418113151126,0.225083059837032,0.0370032629364106,5
"177","Glutamic acid",0.0802941957072193,0.00364840447742979,0.0604020237858782,0.14607010267735,0.0246590229511424,6
"208","Glutamic acid",-0.0178617862932155,0.00943354173393387,0.0971264213998121,0.219888128012483,0.048563210699906,4
"235","Glutamic acid",0.00663083377947213,0.0123996100148823,0.111353536157961,0.262845320724865,0.0454598907735934,6
"303","Glutamic acid",-0.0244350040269108,0.00954303498543304,0.0976884588138898,0.292067240243262,0.03988114630882,6
"306","Glutamic acid",-0.0264632316250856,0.00508921522257074,0.0713387357791736,0.162337076992361,0.0356693678895868,4
"309","Glutamic acid",0.00274498238714533,0.00100524124539848,0.031705539664205,0.0788994429112817,0.0129437323661459,6
"31","Glutamic acid",0.0746167926141718,4.63249381860256e-05,0.00680624258941933,0.0156433164508451,0.00340312129470967,4
"319","Glutamic acid",0.0110382805073316,0.00189852091706528,0.043572019887369,0.107944514645383,0.019485999677026,5
"320","Glutamic acid",0.0131314154379603,0.00060075287440007,0.0245102605942913,0.064337619617014,0.0100062719864432,6
"324","Glutamic acid",0.129652459646854,0.000193758491367069,0.0139197159226426,0.0334252126477893,0.00695985796132129,4
"358","Glutamic acid",0.0508882199904745,0.00914152696858838,0.0956113328459989,0.171099608081358,0.0552012287562164,3
"373","Glutamic acid",0.0444118769810658,0.00176646720410654,0.0420293612145907,0.109027919177404,0.0171584148651448,6
"375","Glutamic acid",-0.0948138375487293,0.00147695785890305,0.0384312094384636,0.0543499376062761,0.0271749688031381,2
"381","Glutamic acid",0.0176006754554177,0.000909320710645922,0.030154945044651,0.0762257471571474,0.0123107047635105,6
"406","Glutamic acid",-0.0463549579830521,0.00973102461177341,0.0986459558814927,0.29455863027284,0.0402720428497931,6
"42","Glutamic acid",0.00517933279682829,0.0258211712828063,0.160689673852449,0.227249516095442,0.113624758047721,2
"440","Glutamic acid",0.0141968176896512,0.00100369061785934,0.0316810766524646,0.0955923148553584,0.0129337453834233,6
"502","Glutamic acid",0.0490653864157894,0.00337607850795705,0.0581040317702399,0.138267184534867,0.0290520158851199,4
"513","Glutamic acid",0.0409427642106965,0.000907884044555734,0.0301311142269206,0.0767258695861005,0.0123009758729117,6
"531","Glutamic acid",-0.0734139133075393,0.00233844653711652,0.0483574868775924,0.114862165691438,0.0216261255758701,5
"535","Glutamic acid",-0.0304722100376266,0.00554347821060145,0.0744545378778315,0.153392153746633,0.0372272689389158,4
"566","Glutamic acid",0.0367442727235301,0.00347371307822251,0.0589382140739139,0.161121535432393,0.0240614251386686,6
"57","Glutamic acid",-0.0287861730624395,0.00531597597460949,0.0729107397754918,0.190567943454531,0.0297656848698001,6
"776","Glutamic acid",0.0532552180823103,0.007930864285492,0.0890554000916958,0.188871433803192,0.0445277000458479,4
"83","Glutamic acid",-0.0702856581884165,0.00186741307003047,0.0432135750665282,0.092667153109197,0.0193256982799094,5
"853","Glutamic acid",-0.0440680576103995,0.00183237384616647,0.0428062360663311,0.133786710197941,0.0174755726952722,6
"879","Glutamic acid",0.0080979209258719,0.000650326108788948,0.02550149228553,0.0360645562509494,0.0180322781254747,2
"913","Glutamic acid",-0.122520609668025,0.00255135085163766,0.0505108983451855,0.139192650894331,0.020620987899216,6
"138","Glutamine",0.0305133933607526,0.0200499333911953,0.141597787381002,0.379456301341396,0.0633244556094963,5
"177","Glutamine",0.159642965101019,0.0225649812395978,0.150216447966252,0.399289922356179,0.0613256080817764,6
"208","Glutamine",0.0220502555321935,0.00144339183803405,0.0379919970261376,0.0751389685931284,0.0189959985130688,4
"235","Glutamine",-0.0872677835675077,0.0298894111034812,0.172885543361732,0.474590373742788,0.070580227523343,6
"303","Glutamine",-0.0999901611286477,0.0464926045806949,0.215621438128714,0.654073528480825,0.0880270835034072,6
"306","Glutamine",-0.0262737476061159,0.00217957517646101,0.0466859205377917,0.0959871085963857,0.0233429602688959,4
"309","Glutamine",0.0230318741624523,0.00140173350258693,0.0374397316040985,0.0993802993571646,0.0152847064227991,6
"31","Glutamine",0.00721285441395301,0.0418949514388895,0.204682562615601,0.443206219355748,0.102341281307801,4
"319","Glutamine",0.46726869557856,0.0416825039618064,0.204162934838345,0.476585382734591,0.0913044401568799,5
"320","Glutamine",-0.0586228711747988,0.0123659841650805,0.111202446758515,0.278991507244279,0.0453982087845627,6
"324","Glutamine",-0.0785262177192395,0.0617815917760431,0.248559030767428,0.475484664230024,0.124279515383714,4
"358","Glutamine",-0.0221039119017885,0.0180228301032959,0.134249134460137,0.244452501303464,0.0775087739190342,3
"373","Glutamine",0.161322717277443,0.008163874726767,0.0903541627528416,0.227139458521267,0.0368869324801413,6
"375","Glutamine",0.0176252189052814,0.0436166037089492,0.208845885065876,0.295352683105975,0.147676341552987,2
"381","Glutamine",-0.242109921473219,0.0204789009880978,0.143104510718907,0.368742829794454,0.0584221718586614,6
"406","Glutamine",-0.13632279875895,0.0265163525468466,0.162838424663366,0.459847984723693,0.0664785084906476,6
"42","Glutamine",0.121681364051747,0.0193659150684113,0.139161471206693,0.196804039940298,0.0984020199701492,2
"440","Glutamine",0.0500267421997025,0.0210208031422339,0.144985527354401,0.418227048912584,0.0591900936844361,6
"502","Glutamine",0.0738668683344981,0.0162368897036221,0.12742405465069,0.308246867791855,0.0637120273253451,4
"513","Glutamine",-0.14053853974612,0.0379639434244892,0.194843381782623,0.496402620290876,0.0795444775209538,6
"531","Glutamine",0.0689409620125973,0.000874060418001048,0.0295645128152156,0.0729382789638195,0.0132216520752972,5
"535","Glutamine",0.17408881162805,0.0186621390238491,0.136609439731847,0.295440478976289,0.0683047198659234,4
"566","Glutamine",0.12982265273359,0.0468389508782989,0.216423083053308,0.624194130525637,0.0883543536734315,6
"57","Glutamine",-0.229225302874724,0.00936869914715298,0.0967920407221223,0.260029031278834,0.0395151851553151,6
"776","Glutamine",0.110539308434872,0.00180076539567977,0.0424354261870877,0.091008250454641,0.0212177130935438,4
"83","Glutamine",-0.248791366184776,0.0433292014823723,0.208156675325036,0.441396418329052,0.0930904951994265,5
"853","Glutamine",0.00982723562297485,0.0185179974370973,0.136080848899091,0.397409346165182,0.0555547739279253,6
"879","Glutamine",-0.112561821750864,0.0407888761145169,0.201962561170423,0.285618193098818,0.142809096549409,2
"913","Glutamine",0.00895840119087151,0.0104155636498715,0.102056668816258,0.29415408880808,0.0416644605746742,6
"138","Glutaric Acid",0.0232297189827317,0.090570870897999,0.300949947496256,0.721740855393439,0.134588908085324,5
"177","Glutaric Acid",0.0849979755368297,0.0135711928336545,0.116495462717028,0.311069672689397,0.0475590735010234,6
"208","Glutaric Acid",-0.00164667129052522,0.0444657818014766,0.210869110591088,0.473586692155192,0.105434555295544,4
"235","Glutaric Acid",0.0731922160597008,0.0657619192342523,0.256440868884529,0.65346331493569,0.104691546327177,6
"303","Glutaric Acid",-0.101452211492094,0.00211067371706977,0.0459420691422335,0.107662319804973,0.0187557711876894,6
"306","Glutaric Acid",-0.120982935611946,0.00365979887004562,0.0604962715383817,0.143325638527151,0.0302481357691909,4
"309","Glutaric Acid",-0.0794662899529185,0.00250480038350456,0.050047980813461,0.129377264654618,0.0204320026082637,6
"31","Glutaric Acid",0.145167069226939,0.0324264445989579,0.180073442236655,0.368671376035887,0.0900367211183274,4
"319","Glutaric Acid",-0.0156337253666059,0.0377030269721958,0.194172673082995,0.527255955515395,0.0868366592772842,5
"320","Glutaric Acid",-0.00040925318437761,0.0205585080707031,0.143382384101755,0.308394786719612,0.0585356131921744,6
"324","Glutaric Acid",-0.074347250278646,0.00664431638926546,0.0815126762489458,0.177628572270745,0.0407563381244729,4
"358","Glutaric Acid",-0.0936965956155761,0.00795062188076283,0.089166259766589,0.164247296834639,0.0514801640788723,3
"373","Glutaric Acid",-0.00414929219844664,0.0187370865131015,0.136883477867497,0.402285517646918,0.0558824458321536,6
"375","Glutaric Acid",0.00698553521464861,0.0844651019643447,0.290628804429886,0.411011196841022,0.205505598420511,2
"381","Glutaric Acid",-0.021490517011356,0.00647722721146101,0.0804812227259316,0.1987303159425,0.032856321592303,6
"406","Glutaric Acid",0.0468887197164944,0.0302965137722289,0.174058937639608,0.485547782334125,0.0710592637313261,6
"42","Glutaric Acid",0.407072640969811,0.02133235903635,0.146056013352241,0.206554394948885,0.103277197474443,2
"440","Glutaric Acid",-0.11669076038138,0.0485932105523387,0.220438677532639,0.59816513413124,0.0899937132548146,6
"502","Glutaric Acid",0.0113209471619883,0.0452581379700349,0.21273960132057,0.451678312757986,0.106369800660285,4
"513","Glutaric Acid",0.00750631317062219,0.0698648327980848,0.264319565673986,0.739784422086972,0.107908010822556,6
"531","Glutaric Acid",-0.0417371825879404,0.0867050628651339,0.294457234356933,0.722066999912127,0.131685278497738,5
"535","Glutaric Acid",-0.0667213377326119,0.0491304522347086,0.221653901916273,0.438900799184189,0.110826950958136,4
"566","Glutaric Acid",-0.00994874457810105,0.0469884233485693,0.216768132686909,0.482665812314129,0.0884952195964744,6
"57","Glutaric Acid",-0.0341677497969193,0.0335008660582764,0.183032418052859,0.434661032892955,0.0747226717695467,6
"776","Glutaric Acid",0.0710594630763506,0.0575362527354168,0.239867156433341,0.479085852134985,0.11993357821667,4
"83","Glutaric Acid",0.1289100492791,0.0273237873590524,0.165299084568102,0.3381409816599,0.0739239979425524,5
"853","Glutaric Acid",0.00453345000622728,0.0683959242723622,0.261526144529304,0.631209230180185,0.106767601415693,6
"879","Glutaric Acid",-0.124584918157324,0.00802236861952535,0.0895676761980869,0.126667822429576,0.0633339112147882,2
"913","Glutaric Acid",0.046139782614024,0.0568363831898895,0.238403823773633,0.589297353110827,0.0973279534956338,6
"138","Glyceraldehyde",-0.0828284202993009,0.00924581062172531,0.0961551383012125,0.217769635705382,0.043001885125481,5
"177","Glyceraldehyde",0.0114235530137683,0.00324720349561379,0.0569842390105702,0.151634384437874,0.0232637181594495,6
"208","Glyceraldehyde",0.0184665130436306,0.00480673736865942,0.0693306380228786,0.163197996860375,0.0346653190114393,4
"235","Glyceraldehyde",-0.00723308709658841,0.00305613301438027,0.0552823029040965,0.135196986454811,0.0225689056535028,6
"303","Glyceraldehyde",0.0277210545182974,0.0050172350203725,0.0708324432754688,0.173408089420593,0.0289172238765887,6
"306","Glyceraldehyde",0.0907332795347146,0.00231395173524232,0.04810355221023,0.0906235228844247,0.024051776105115,4
"309","Glyceraldehyde",0.0619990243593515,0.00158614746038055,0.0398264668327553,0.098992534205518,0.0162590869996881,6
"31","Glyceraldehyde",-0.012255098464908,0.0107305733219995,0.103588480643359,0.233309053121792,0.0517942403216795,4
"319","Glyceraldehyde",0.0642801881264468,0.00233804777639479,0.0483533636512992,0.129013488715931,0.0216242816130145,5
"320","Glyceraldehyde",0.0767136824425877,0.00272717264390016,0.0522223385525789,0.148371117550947,0.0213196804381154,6
"324","Glyceraldehyde",0.00576485491659085,0.00641576769063181,0.0800984874428463,0.186779329430662,0.0400492437214232,4
"358","Glyceraldehyde",0.0311519860976707,0.023042347826584,0.15179706132394,0.284862919559601,0.0876400742175709,3
"373","Glyceraldehyde",-0.0102149030360454,0.013600840895306,0.116622643150059,0.306965967418974,0.0476109946953887,6
"375","Glyceraldehyde",-0.025924268052599,0.0539505654087205,0.232272610113032,0.328483075389648,0.164241537694824,2
"381","Glyceraldehyde",-0.0760771673903537,0.0239532624541065,0.154768415557266,0.331468391186285,0.0631839410690545,6
"406","Glyceraldehyde",-0.0538107343165782,0.0277950514683182,0.166718479684522,0.358690004147351,0.0680625343199402,6
"42","Glyceraldehyde",0.042774799381767,5.02777085388895e-05,0.00709067757967385,0.0100277323995896,0.0050138661997948,2
"440","Glyceraldehyde",-0.0244616144811414,0.0138096963016936,0.117514664198531,0.293453687409991,0.0479751607634853,6
"502","Glyceraldehyde",-0.0991918470549006,0.0295782456204998,0.171983271339104,0.363495266179793,0.0859916356695519,4
"513","Glyceraldehyde",-0.0595523728615757,0.0271345218043833,0.164725595474363,0.41772466418664,0.0672489427480504,6
"531","Glyceraldehyde",0.000559235224524121,0.0283760404979789,0.16845189372037,0.347996325171945,0.0753339770594635,5
"535","Glyceraldehyde",0.0175239720973812,0.045699400379776,0.213774180807169,0.402452861715015,0.106887090403584,4
"566","Glyceraldehyde",-0.0857435110678288,0.0114521977959538,0.10701494192847,0.229485650053818,0.0436886670963875,6
"57","Glyceraldehyde",0.164441774976155,0.0042619188304142,0.0652833733075597,0.162085731991379,0.0266518255485254,6
"776","Glyceraldehyde",0.138860892922081,0.0122580837740566,0.110716230851924,0.240613738829584,0.0553581154259622,4
"83","Glyceraldehyde",-0.0622085109642756,0.0135541962510937,0.116422490314774,0.281818804127652,0.0520657204907292,5
"853","Glyceraldehyde",-0.0445014983098157,0.0246210629480112,0.156911003272591,0.354378282078996,0.0640586488410051,6
"879","Glyceraldehyde",0.0912100425818126,0.0105791218792877,0.102854858316405,0.145458735587022,0.0727293677935112,2
"913","Glyceraldehyde",-0.0720708398386166,0.0315946320190641,0.177748789079037,0.417987464946029,0.0725656392735387,6
"138","Glycerol-3-P",0.012816282749686,0.0539145664181587,0.232195104207989,0.567069217391867,0.103840807410342,5
"177","Glycerol-3-P",-0.0235500063488014,0.0604857411500483,0.245938490582601,0.719477433671386,0.10040396833961,6
"208","Glycerol-3-P",0.186449577350869,0.0639660544729973,0.252915113176333,0.566426497014339,0.126457556588166,4
"235","Glycerol-3-P",-0.49883032601697,0.0923420099720175,0.303878281507609,0.894260659569205,0.124057788934578,6
"303","Glycerol-3-P",0.316971374247268,0.0322370147618724,0.179546692428105,0.473710317562298,0.0732996302422147,6
"306","Glycerol-3-P",0.424921049770456,0.0114565963955834,0.107035491289494,0.256747687056782,0.0535177456447472,4
"309","Glycerol-3-P",-0.0230324682008081,0.0335581472110449,0.183188829383904,0.467661279616553,0.0747865264280549,6
"31","Glycerol-3-P",0.338205251136499,0.0951888925511489,0.30852697216151,0.678412193879647,0.154263486080755,4
"319","Glycerol-3-P",0.145331850282436,0.0413439875335068,0.203332209778743,0.499732747037923,0.0909329286161034,5
"320","Glycerol-3-P",-0.0706059878180052,0.0618945157235616,0.248786084264296,0.738502373890382,0.101566493592098,6
"324","Glycerol-3-P",0.0784775527859489,0.0889884880768929,0.298309383152614,0.658431852997112,0.149154691576307,4
"358","Glycerol-3-P",-0.105981917637658,0.0011014935988925,0.0331887571158141,0.0643747325735807,0.0191615378548844,3
"373","Glycerol-3-P",-0.237479713093152,0.019706274140981,0.140379037398684,0.337449030211699,0.0573095020349753,6
"375","Glycerol-3-P",-0.433107756475277,0.0143076840092977,0.11961473157307,0.169160775650254,0.0845803878251267,2
"381","Glycerol-3-P",-0.0638618463322841,0.0381490069756122,0.195317707788137,0.456968581060135,0.0797381203018274,6
"406","Glycerol-3-P",-0.15064621564138,0.0560494007035371,0.236747546351672,0.628141901919775,0.0966517810695843,6
"42","Glycerol-3-P",-0.12034826729415,0.00097509860384926,0.031226568877308,0.0441610372126666,0.0220805186063333,2
"440","Glycerol-3-P",0.0949311694630859,0.0276806181749032,0.166374932531626,0.445406489879067,0.067922281782077,6
"502","Glycerol-3-P",-0.0222768621751402,0.0284045618711442,0.16853652978255,0.398209665898917,0.0842682648912748,4
"513","Glycerol-3-P",0.161126688759692,0.015424628790049,0.124195929039759,0.291347366082731,0.050702775713053,6
"531","Glycerol-3-P",-0.218082251128122,0.0928130074912982,0.304652273077517,0.734116668091624,0.136244638420232,5
"535","Glycerol-3-P",-0.263389981296585,0.0297853744899225,0.172584398164847,0.386413476178827,0.0862921990824236,4
"566","Glycerol-3-P",-0.178223036096957,0.0229819379667303,0.151597948425202,0.384447350631873,0.0618896032824177,6
"57","Glycerol-3-P",0.453984833615235,0.0301782308655204,0.173718827032422,0.464869714123842,0.0709204141573736,6
"776","Glycerol-3-P",-0.0751551604014423,0.0814324428898835,0.285363702824805,0.558342770351124,0.142681851412402,4
"83","Glycerol-3-P",0.245135879100358,0.00518768111144521,0.0720255587374733,0.182745126543316,0.0322108090908788,5
"853","Glycerol-3-P",-0.0842406981731245,0.0671610510537455,0.259154492636623,0.713703811365219,0.105799378584931,6
"879","Glycerol-3-P",0.210801062264408,0.0667604694636146,0.258380474230571,0.365405170909265,0.182702585454633,2
"913","Glycerol-3-P",-0.128490241327334,0.0541666364294632,0.232737269102873,0.560699062586919,0.095014592238476,6
"138","Glycerophosphocholine",0.203735464804397,0.0833324936200841,0.288673680165138,0.723956423635125,0.129098794432856,5
"177","Glycerophosphocholine",0.0241222819767031,0.00648611878268381,0.080536443816969,0.195964504042548,0.0328788655083166,6
"208","Glycerophosphocholine",-0.0110712403752452,0.123731224554873,0.351754494718793,0.767104910795437,0.175877247359396,4
"235","Glycerophosphocholine",0.264812387746332,0.00498970807242282,0.0706378657125399,0.206723067231469,0.0288377879191603,6
"303","Glycerophosphocholine",0.126770368274201,0.0798581720222079,0.282591882442168,0.741523452151864,0.11536765290598,6
"306","Glycerophosphocholine",0.0422126898065016,0.00133860667328803,0.0365869740930844,0.0838037364298561,0.0182934870465422,4
"309","Glycerophosphocholine",-0.00130002412362969,0.00190134905502872,0.0436044614119785,0.116018606030089,0.0178014468280377,6
"31","Glycerophosphocholine",0.176232723360989,0.106310125694124,0.326052335820684,0.773008458597414,0.163026167910342,4
"319","Glycerophosphocholine",-0.0239641385432021,0.0124657735421552,0.111650228580846,0.278107273883297,0.0499315001620323,5
"320","Glycerophosphocholine",-0.0766435952328413,0.00261360920470511,0.0511234701942768,0.157580545808962,0.0208710693093937,6
"324","Glycerophosphocholine",0.242910353802972,0.0603348974972257,0.245631629675874,0.52749756452373,0.122815814837937,4
"358","Glycerophosphocholine",-0.0665729677068767,0.00355543952202867,0.0596275064213545,0.119175628444581,0.0344259568834752,3
"373","Glycerophosphocholine",-0.0619202299115467,0.00767323373065586,0.08759699612804,0.239477506192533,0.035761323919042,6
"375","Glycerophosphocholine",-0.117849205695089,0.0154706310186045,0.12438099138777,0.175901284921995,0.0879506424609977,2
"381","Glycerophosphocholine",-0.0373556280012606,0.00350254657185993,0.0591823163779513,0.160053302655042,0.0241610794869901,6
"406","Glycerophosphocholine",-0.0723899052555827,0.000730155311465493,0.0270213861869722,0.0752794771435831,0.0110314347167953,6
"42","Glycerophosphocholine",0.0375373938289251,0.00159084856284093,0.0398854429941668,0.0564065344236096,0.0282032672118048,2
"440","Glycerophosphocholine",-0.0523770814247209,0.0101454447587106,0.100724598578056,0.267770417170216,0.0411206451771503,6
"502","Glycerophosphocholine",-0.22581745648689,0.0635051269215486,0.252002235945534,0.538346833988252,0.126001117972767,4
"513","Glycerophosphocholine",-0.282356062563885,0.0349095121802831,0.18684087395504,0.486848535833874,0.0762774673809191,6
"531","Glycerophosphocholine",-0.110417460595607,0.0137581263516107,0.117295039757062,0.25042108649545,0.0524559364640661,5
"535","Glycerophosphocholine",-0.093048924161117,0.00936473992933069,0.0967715863739491,0.222827884623067,0.0483857931869746,4
"566","Glycerophosphocholine",-0.0553043805330225,0.045878799933891,0.214193370424696,0.661323681967646,0.0874440773045751,6
"57","Glycerophosphocholine",0.205000391414686,0.170177133290504,0.412525312302777,0.885550826827243,0.16841275352068,6
"776","Glycerophosphocholine",-0.15897329258848,0.0292722409857198,0.171091323525536,0.415750761443602,0.0855456617627682,4
"83","Glycerophosphocholine",0.00421891343248359,0.00641327474353407,0.0800829241694761,0.180146118476617,0.0358141724559819,5
"853","Glycerophosphocholine",-0.0885590653710909,0.0207059244912196,0.143895533256664,0.385522705308831,0.0587451054574189,6
"879","Glycerophosphocholine",0.103979216124361,0.000848298349137032,0.0291255617823422,0.0411897644843238,0.0205948822421619,2
"913","Glycerophosphocholine",0.0899573406188167,0.0191441075319947,0.138362233040648,0.351761684487175,0.0564861451036073,6
"138","Glycine",0.0228619839938001,0.00536486003623335,0.0732452048685329,0.170906087446021,0.0327562514223876,5
"177","Glycine",0.136743624654025,0.00406709266463809,0.0637737615688309,0.173905932752516,0.0260355291369252,6
"208","Glycine",-0.0366531483996774,0.0131007021306089,0.114458298653304,0.255948686514291,0.057229149326652,4
"235","Glycine",-0.000746177070296264,0.00331435121622738,0.05757040225869,0.135151487871649,0.0235030183034271,6
"303","Glycine",-0.0552362234428181,0.00327851712221693,0.0572583367049457,0.139985826006072,0.0233756180745983,6
"306","Glycine",-0.0773046349326506,0.000345716574600943,0.0185934551549986,0.0422523961378972,0.00929672757749929,4
"309","Glycine",-0.0198003133823665,0.00257335575263091,0.0507282539876045,0.142563301394176,0.0207097229686562,6
"31","Glycine",-0.0648575592499749,0.00414784789787937,0.0644037879156138,0.147482371757694,0.0322018939578069,4
"319","Glycine",-0.000365204573900655,0.00213125693238312,0.0461655383634061,0.120684075943528,0.0206458563996901,5
"320","Glycine",-0.0530152075680647,0.00607826620065689,0.0779632362120563,0.202669233265539,0.0318283579026023,6
"324","Glycine",0.0175837906699067,0.000991391624468027,0.0314863720436005,0.0736416649249556,0.0157431860218002,4
"358","Glycine",-0.0331163894910644,0.00182237886070533,0.0426893295883799,0.0746933237849094,0.0246466959293758,3
"373","Glycine",0.00734981234129543,0.000915369277001988,0.0302550702693282,0.0765461639245061,0.0123515807153173,6
"375","Glycine",0.0789487115645789,0.000394288424677909,0.0198566972248133,0.0280816105192672,0.0140408052596336,2
"381","Glycine",0.0930018655432447,0.013046082341443,0.114219448175181,0.344280887903534,0.0466298944552436,6
"406","Glycine",-0.0553638470994575,0.000518493355594537,0.0227704491741937,0.0628689471718269,0.00929599694845885,6
"42","Glycine",0.0408491563296362,0.0127299504686032,0.112827082159396,0.159561589792802,0.0797807948964009,2
"440","Glycine",-0.0341719046634995,0.00311293041440084,0.0557936413438022,0.170447951756525,0.0227776586973612,6
"502","Glycine",-0.00487113676980216,0.00198711823558373,0.0445771043876083,0.102525081183132,0.0222885521938041,4
"513","Glycine",-0.0035513348983795,0.0150345394707909,0.122615412859847,0.346162671119501,0.0500575326845535,6
"531","Glycine",0.0428482408814032,0.00103751058330478,0.0322104111011452,0.0851289859603235,0.0144049337610749,5
"535","Glycine",-0.0978875437187534,0.00238063032613373,0.0487917034559538,0.109838195273144,0.0243958517279769,4
"566","Glycine",-0.00956185766040893,0.00227850909435916,0.0477337312008935,0.141223174864578,0.0194872141602263,6
"57","Glycine",0.0236594364656202,0.00115732459162832,0.0340194737118069,0.0992586702400273,0.0138883919853255,6
"776","Glycine",0.0318111065060898,0.00268344270321015,0.0518019565577416,0.118440456799754,0.0259009782788708,4
"83","Glycine",0.158175932884021,0.0204984561811498,0.143172819281978,0.372837371548937,0.0640288312889589,5
"853","Glycine",-0.0300855935682289,0.00235927087871644,0.0485723262642057,0.147189880673123,0.019829569161215,6
"879","Glycine",-0.0457622547768279,1.64674345605013e-06,0.00128325502377748,0.00181479665860951,0.000907398329304757,2
"913","Glycine",-0.0388239996687905,0.00232725547127813,0.0482416362831748,0.12786053689366,0.0196945655417856,6
"138","GMP",-0.034294151112952,0.0597360988742082,0.244409694722219,0.598510592371189,0.109303338351771,5
"177","GMP",0.0164456974186252,0.00986594396830447,0.0993274582796946,0.248459582992354,0.040550265038806,6
"208","GMP",0.0266908497056578,0.016895816689941,0.129983909350123,0.278262362648632,0.0649919546750615,4
"235","GMP",0.0395353046674043,0.0115738568738829,0.10758186126798,0.287228622984142,0.0439201109475734,6
"303","GMP",0.000415283280706565,0.015683714786323,0.125234638923594,0.356983142663657,0.0511268272474165,6
"306","GMP",0.035998608718754,0.00139811261567647,0.0373913441277051,0.0837785715312756,0.0186956720638526,4
"309","GMP",0.0778326995492173,0.0052970757482022,0.0727810122779437,0.171427402156325,0.0297127238407,6
"31","GMP",-0.258768000463725,0.0869511017819,0.29487472218198,0.714382142201954,0.14743736109099,4
"319","GMP",-0.0372621148384679,0.0131640468550988,0.1147346802632,0.251771866675951,0.0513109088890438,5
"320","GMP",0.0858855915202567,0.00976562293184255,0.0988211664161203,0.248638278025796,0.040343572251026,6
"324","GMP",-0.0664898818100237,0.0099097437532456,0.0995476958711029,0.242050462078178,0.0497738479355515,4
"358","GMP",-0.115231549252495,0.0181194163394564,0.134608381386362,0.262834104939035,0.0777161852285961,3
"373","GMP",0.302268926099874,0.0031300425664562,0.0559467833432468,0.121935400003113,0.0228401786568326,6
"375","GMP",0.200435127742415,0.00398419336404052,0.0631204670771733,0.089265820603863,0.0446329103019315,2
"381","GMP",0.0877164126946317,0.00894497446540677,0.0945778751368774,0.208326827104068,0.0386112558403349,6
"406","GMP",0.122361759219102,0.00357783768158379,0.0598150288939476,0.176159177422476,0.0244193832900007,6
"42","GMP",-0.645780223068893,0.228114773064515,0.477613623198203,0.675447663501052,0.337723831750526,2
"440","GMP",0.0912833192652893,0.00592717640449109,0.07698815756005,0.199545110115001,0.031430283709853,6
"502","GMP",-0.0242390544296654,0.0112851694429364,0.106231678151747,0.243851452173734,0.0531158390758736,4
"513","GMP",-0.0935373247774022,0.00533454797788737,0.0730379899633566,0.196405398833463,0.0298176345414571,6
"531","GMP",0.155205649950662,0.00161719413728165,0.0402143523792396,0.112489332427526,0.017984405118222,5
"535","GMP",0.0683588017062768,0.00872678854155665,0.093417281814216,0.198214510876706,0.046708640907108,4
"566","GMP",-0.0347139425852532,0.023832138525699,0.15437661262542,0.42681033488729,0.0630239881919298,6
"57","GMP",-0.516956788749125,0.352446664851504,0.593672186354981,1.40046914163717,0.242365655175365,6
"776","GMP",0.0155631759990039,0.00327936396712382,0.0572657311760167,0.13443297794513,0.0286328655880084,4
"83","GMP",-0.0329236002834327,0.00920928861301111,0.0959650384932508,0.242511569972121,0.0429168699068585,5
"853","GMP",0.0658652488719097,0.0172643919134088,0.131394033020563,0.380568618200355,0.0536413893577971,6
"879","GMP",0.0633530302423127,0.000124700721313572,0.0111669477169714,0.0157924489116522,0.00789622445582609,2
"913","GMP",0.0335297904650404,0.000921731478468392,0.030360030936552,0.079887169557635,0.0123944307282773,6
"138","Guanine",-0.111208679364666,0.00387007791131399,0.0622099502596971,0.164473696826103,0.0278211355315127,5
"177","Guanine",-0.0953599242214698,0.0319674444314146,0.178794419463848,0.481750670923505,0.0729925160905949,6
"208","Guanine",-0.0671411326812629,0.0105869888594133,0.10289309432325,0.234422875841753,0.0514465471616251,4
"235","Guanine",0.103186473597954,0.00534834720631028,0.0731323950538356,0.200031420990278,0.0298561752582562,6
"303","Guanine",0.101143496359048,0.0125694006253043,0.112113338302382,0.280615687213702,0.045770078700144,6
"306","Guanine",0.0338639965180697,0.00634196049695193,0.079636426947421,0.184078754630034,0.0398182134737105,4
"309","Guanine",-0.0642692168350337,0.0080575683419586,0.0897639590367905,0.268877736170655,0.0366459828220379,6
"31","Guanine",-0.0707940651377587,0.0566999129874425,0.238117435286546,0.534183054057066,0.119058717643273,4
"319","Guanine",0.0401792812506439,0.0117309580596971,0.108309547407868,0.25011716789179,0.0484375021232456,5
"320","Guanine",0.0468663853642927,0.0133557818166264,0.115567217741998,0.32004479233358,0.0471801190768357,6
"324","Guanine",-0.0826041873024094,0.0287260000644134,0.169487462853196,0.352886022290206,0.0847437314265979,4
"358","Guanine",0.0355398744169775,0.00952979389702866,0.0976206632687397,0.172154016039233,0.0563613162166767,3
"373","Guanine",-0.00343393304692013,0.0240835313759019,0.155188696031321,0.377984063451068,0.0633555198541031,6
"375","Guanine",0.0574120049976241,0.000662447057883267,0.0257380468933303,0.0363990949855423,0.0181995474927712,2
"381","Guanine",0.0743770939194944,0.00186383422744316,0.0431721464308084,0.101740528552938,0.0176249549760331,6
"406","Guanine",-0.0655485822606703,0.00259248780443344,0.0509164787120382,0.128745606059464,0.0207865653906293,6
"42","Guanine",-0.0211943600614864,7.24672866320293e-06,0.00269197486303326,0.00380702736086909,0.00190351368043454,2
"440","Guanine",-0.0537647252699369,0.00303249718623471,0.0550681140609946,0.161996416042153,0.0224814634244701,6
"502","Guanine",0.239617258967109,0.00621834778372147,0.07885650121405,0.176751072076348,0.039428250607025,4
"513","Guanine",-0.022528686617851,0.0179565945165671,0.134002218327038,0.401898241372535,0.0547061765503785,6
"531","Guanine",-0.000626098836028879,0.00248888825905766,0.0498887588446301,0.130329050263645,0.0223109312179374,5
"535","Guanine",-0.0351163239347337,0.00588304905911722,0.0767010368842379,0.172627923609843,0.0383505184421189,4
"566","Guanine",-0.00352202630326757,0.0374464538704609,0.19351086240948,0.51285722595029,0.0790004787648582,6
"57","Guanine",-0.144148584300078,0.0773380148337306,0.278097132012775,0.620970327723636,0.113532678727119,6
"776","Guanine",0.0490240894568878,0.00441255936952244,0.0664270981567194,0.158859552515724,0.0332135490783597,4
"83","Guanine",0.0804732073633141,0.00350130015287029,0.059171785108025,0.13928280846042,0.0264624267703107,5
"853","Guanine",0.0443800227838744,0.00660235880873228,0.0812549002136627,0.219020612253481,0.0331721741040396,6
"879","Guanine",-0.0427935658832572,0.00501988411073224,0.0708511405041036,0.100198643810505,0.0500993219052525,2
"913","Guanine",0.0151297273361288,0.00897303633041695,0.0947261121888624,0.252458019752822,0.0386717733633912,6
"138","Guanosine",-0.0914630122573191,0.0235991431793728,0.153620126218451,0.39808970557526,0.0687010089873108,5
"177","Guanosine",-0.184641846687466,0.00527548666291864,0.0726325454800989,0.225609715975355,0.0296521125242892,6
"208","Guanosine",0.0527878519577287,0.000517149423265411,0.0227409195782715,0.0458309513494945,0.0113704597891357,4
"235","Guanosine",-0.0418223693984765,0.00208695127824944,0.0456831618679075,0.129149913032934,0.0186500727355572,6
"303","Guanosine",-0.0477330432511294,0.00504469070793647,0.0710259861454698,0.171036691677825,0.0289962374223981,6
"306","Guanosine",0.0306633197458021,0.00274739700206802,0.0524156179212648,0.127050587460097,0.0262078089606324,4
"309","Guanosine",0.0675078046626746,0.00193804095057984,0.0440231865109721,0.116581713271826,0.0179723906338762,6
"31","Guanosine",0.149954944462435,0.00842006159059776,0.0917608935799873,0.205360245197072,0.0458804467899937,4
"319","Guanosine",0.0352910245849205,0.000514866978348716,0.0226906804293903,0.0571861361863619,0.0101475807791682,5
"320","Guanosine",0.00579995137262371,0.00182824333451701,0.0427579622353195,0.108126869041764,0.0174558649862876,6
"324","Guanosine",-0.0255046981636958,0.00133921294158588,0.0365952584577003,0.0870529269624764,0.0182976292288501,4
"358","Guanosine",0.0840799015312971,0.00163551425577717,0.0404414917600374,0.0804429816549495,0.0233489061540876,3
"373","Guanosine",0.334875717206068,0.00406598199910565,0.06376505311772,0.185387627549715,0.0260319739266466,6
"375","Guanosine",0.179498590205525,0.00477390413147331,0.0690934449240542,0.0977128868826759,0.048856443441338,2
"381","Guanosine",-0.140278374000655,0.00257728986119895,0.0507670154844555,0.138466911546012,0.0207255472834814,6
"406","Guanosine",0.033752058392604,0.00387569488943729,0.0622550792260141,0.176655764074749,0.0254155296667126,6
"42","Guanosine",-0.0115939937757049,0.0101552516152127,0.100773268356309,0.142514922834156,0.0712574614170779,2
"440","Guanosine",-0.0446904304825258,0.00501180059443557,0.070794071746408,0.206318021314045,0.0289015587654471,6
"502","Guanosine",0.105786978141987,0.000973671488773242,0.0312037095354581,0.0640850100526903,0.0156018547677291,4
"513","Guanosine",0.0393098381211738,0.00522447561014279,0.0722805341025009,0.187002768089967,0.0295084044811609,6
"531","Guanosine",0.00856287511157535,0.00563047073588066,0.0750364627090101,0.190747546285529,0.0335573262816949,5
"535","Guanosine",-0.0411820427114163,0.00186308171701587,0.0431634303203055,0.0895102225280092,0.0215817151601528,4
"566","Guanosine",-0.0711838483093632,0.00578957585615228,0.0760892624235002,0.178827986131073,0.0310633113070502,6
"57","Guanosine",-0.122077033766775,0.0141272086115205,0.11885793457536,0.338164156426963,0.0485235485984562,6
"776","Guanosine",-0.0886572586511445,0.00216757403274205,0.0465572124674797,0.0960417683436021,0.0232786062337399,4
"83","Guanosine",-0.0579206821179849,0.000233525339098067,0.01528153588806,0.0387293946424756,0.00683411060926098,5
"853","Guanosine",0.1184950811445,0.00113969544152348,0.0337593756092063,0.0905414104077952,0.0137822073795859,6
"879","Guanosine",0.016394278739835,0.0037686281530449,0.0613891533827019,0.0868173732964192,0.0434086866482096,2
"913","Guanosine",-0.0854109817809099,0.00892121877282908,0.094452203641996,0.255015335884872,0.0385599506673895,6
"138","Histamine",0.0372074650830848,0.00420570921485276,0.0648514395742512,0.162795613748997,0.0290024454653491,5
"177","Histamine",0.137339030036924,0.00234246370423493,0.0483990051988151,0.113543758820668,0.0197588111325679,6
"208","Histamine",0.0160720878008319,0.00242898173741138,0.0492847008453067,0.105541958702146,0.0246423504226534,4
"235","Histamine",0.0014277437091233,0.000296833534932025,0.0172288576212129,0.0456651993008577,0.00703365167050546,6
"303","Histamine",-0.0366812373268547,0.00322582750602347,0.0567963687749796,0.133643187531254,0.0231870204569405,6
"306","Histamine",-0.0245230934022724,0.000210028942745957,0.0144923753313926,0.029184704308888,0.0072461876656963,4
"309","Histamine",0.0448543515039693,0.00146925264026613,0.038330831458059,0.0940215540392833,0.0156484964148111,6
"31","Histamine",-0.0551943683783998,0.00178391762508447,0.0422364490113038,0.102314396281694,0.0211182245056519,4
"319","Histamine",0.0643091634470717,0.0110248631133289,0.104999348156685,0.271561838764714,0.0469571360143032,5
"320","Histamine",-0.0267342949839149,0.00185663634479113,0.0430887032154732,0.123354850739516,0.0175908894260217,6
"324","Histamine",-0.00631348152840982,0.000796783305878016,0.0282273503162804,0.0638937834700409,0.0141136751581402,4
"358","Histamine",-0.0674259632488563,0.0119506112890188,0.109318851480514,0.218449503109857,0.0631152683297758,3
"373","Histamine",-0.063253170740236,0.00618259261535702,0.0786294640408862,0.196867010651901,0.0321003442747816,6
"375","Histamine",-0.0384823185293008,0.000832610305668275,0.0288549875354032,0.0408071147146738,0.0204035573573369,2
"381","Histamine",0.0558889019177651,0.00356513220463076,0.0597087280439866,0.163765712693728,0.0243759861497293,6
"406","Histamine",-0.0642897494306601,0.000803622958935927,0.0283482443713174,0.0682885697610378,0.0115731223022421,6
"42","Histamine",-0.0989254087968285,0.0042818505926118,0.0654358509733907,0.0925402679119938,0.0462701339559969,2
"440","Histamine",0.032609924180305,0.0114646042347153,0.107072892156303,0.275600126420251,0.0437123251778322,6
"502","Histamine",-0.0163194241543976,0.00525894376228618,0.072518575291343,0.157551846743673,0.0362592876456715,4
"513","Histamine",-0.159475272297105,0.0142884925983106,0.119534482883855,0.369434518662508,0.0487997482888157,6
"531","Histamine",-0.129162647495447,0.00124327139971542,0.035260053881346,0.0828869733447866,0.015768775473799,5
"535","Histamine",-0.0296487162728601,0.0160441536786526,0.126665518901762,0.297016206137283,0.0633327594508809,4
"566","Histamine",0.118468437723018,0.0427387429671591,0.206733507122477,0.532306333329175,0.08439860086435,6
"57","Histamine",0.0829967007306348,0.000305314512402628,0.0174732513403381,0.0405196290002355,0.00713342498853844,6
"776","Histamine",-0.0041002564983085,0.00382000989505197,0.0618062286104886,0.149237499833421,0.0309031143052443,4
"83","Histamine",0.116982212108288,0.00157251867849582,0.039654995631015,0.0857793502949783,0.0177342531756813,5
"853","Histamine",0.00104315017377603,0.0227063888139538,0.150686392265373,0.447572571614197,0.0615174620385055,6
"879","Histamine",-0.0534591287381595,0.000203676270587545,0.0142715195612641,0.0201829765192127,0.0100914882596063,2
"913","Histamine",-0.0212879075475079,0.0250402824314251,0.158241215969244,0.458790715434356,0.064601705900367,6
"138","Histidine",0.0202344936964073,0.00530613760158411,0.0728432399168523,0.162756063649749,0.0325764872310816,5
"177","Histidine",0.105969616521972,0.00385334038196495,0.0620752799588125,0.1829729663354,0.0253421269232509,6
"208","Histidine",0.126541994597393,0.00176828119256776,0.042050935691941,0.0877454085079319,0.0210254678459705,4
"235","Histidine",0.032924465817827,0.00242270322581458,0.049220963275972,0.112341161084543,0.0200943741124001,6
"303","Histidine",-0.120503959217992,0.00369013498501578,0.0607464812562487,0.154932005211493,0.0247996471245586,6
"306","Histidine",0.0807515067890841,0.00455626206455131,0.0675000893669876,0.130694962684364,0.0337500446834938,4
"309","Histidine",0.00868653793373102,0.00194846366814842,0.0441414053712432,0.131553182304817,0.0180206532814824,6
"31","Histidine",-0.0826182884071702,0.000393116581633777,0.0198271677663195,0.044712572959482,0.00991358388315973,4
"319","Histidine",0.146369813912188,0.0014185652352891,0.0376638452005249,0.0961802175961693,0.0168437836324806,5
"320","Histidine",-0.0121415007279355,0.000570722302021418,0.0238897949346874,0.0667567322441801,0.0097529679416184,6
"324","Histidine",0.110006664838949,0.00394521572138856,0.0628109522407403,0.144982013620497,0.0314054761203702,4
"358","Histidine",-0.227528979728473,0.0162512129284892,0.127480245247996,0.250171583004905,0.0736007539102899,3
"373","Histidine",-0.0129425135317375,0.00351009612903112,0.059246064249291,0.148025602126173,0.0241871044464853,6
"375","Histidine",0.080460379363547,0.0120399996872189,0.109726932369491,0.15517731591453,0.0775886579572648,2
"381","Histidine",0.0613619552208598,0.00122503764979654,0.0350005378501037,0.10150895409146,0.0142889097426206,6
"406","Histidine",0.136152616091002,0.00602230596213433,0.0776035177175257,0.180240055174761,0.031681503442162,6
"42","Histidine",-0.283893982954182,0.0244015942713433,0.156210096572991,0.220914437153135,0.110457218576568,2
"440","Histidine",0.0181781001949515,0.0156779259248679,0.125211524728628,0.33304942600595,0.0511173909168362,6
"502","Histidine",0.0118901255578552,0.000704594518938176,0.0265441993463389,0.0619638581681427,0.0132720996731694,4
"513","Histidine",0.0610694421728324,0.0028689580663654,0.0535626555201047,0.136252707975431,0.0218668625487875,6
"531","Histidine",0.0507740597680771,0.0073202478946071,0.0855584472428474,0.219283321710208,0.0382629008168673,5
"535","Histidine",-0.0254725041648552,0.0183093128635524,0.135311909540707,0.306058921177519,0.0676559547703533,4
"566","Histidine",-0.129079494483139,0.00821832051476876,0.0906549530625258,0.245845695590525,0.0370097296098579,6
"57","Histidine",-0.0128678827261606,0.0148587439062206,0.121896447471699,0.240274529202795,0.0497640162939392,6
"776","Histidine",-0.0957476877150071,0.00805544751777783,0.0897521449202069,0.164399440542564,0.0448760724601035,4
"83","Histidine",-0.257665229567514,0.00238232211773484,0.0488090372547424,0.106479228341806,0.0218280650435848,5
"853","Histidine",-0.0554076067276122,0.00479308317691256,0.0692320964359202,0.177517700374948,0.0282638850151937,6
"879","Histidine",-0.121977340845947,0.0269954226481795,0.16430283822314,0.232359302151558,0.116179651075779,2
"913","Histidine",0.0908395389660339,0.00138782540270094,0.0372535287281747,0.101953926389642,0.0152086894170237,6
"138","Homoarginine",0.0686892025921109,0.0103882879118463,0.101922950859197,0.24469317737257,0.045581329317707,5
"177","Homoarginine",-0.0865321261136617,0.0167074495743153,0.129257299887919,0.270103109567161,0.0527690717092176,6
"208","Homoarginine",-0.0458438217128435,0.0180516150289541,0.134356298806398,0.256554673096437,0.067178149403199,4
"235","Homoarginine",-0.002124914005026,0.00841447456424275,0.0917304451326971,0.256621108277453,0.0374487974089128,6
"303","Homoarginine",0.0940129316117513,0.0453581202640007,0.212974459182318,0.485461064345092,0.086946458873647,6
"306","Homoarginine",-0.119182343450595,0.00841174556671853,0.0917155688349504,0.194636727767452,0.0458577844174752,4
"309","Homoarginine",0.0572786268644659,0.00609081731002676,0.078043688470156,0.219047018225132,0.0318612023994355,6
"31","Homoarginine",0.0636309907050556,0.0165512039684129,0.128651482573707,0.305316758792341,0.0643257412868537,4
"319","Homoarginine",0.0103955293449899,0.0362158162745305,0.190304535612083,0.478644685204381,0.0851067756110294,5
"320","Homoarginine",0.0296253854120521,0.00443597208113551,0.0666030936303675,0.175255880864106,0.0271905991142022,6
"324","Homoarginine",-0.170533315689692,0.00931187331388852,0.096498048238752,0.210910536529943,0.048249024119376,4
"358","Homoarginine",0.282606399035905,0.0257623565904515,0.160506562452915,0.298496810912706,0.092668507038892,3
"373","Homoarginine",0.1540529713498,0.0215158852372272,0.146682941193675,0.433719762395497,0.0598830599825292,6
"375","Homoarginine",-0.063047929779443,0.0715324123182302,0.267455439874066,0.378239110400366,0.189119555200183,2
"381","Homoarginine",-0.214624326053249,0.0218594632492155,0.147849461443779,0.368718767658468,0.0603592898804256,6
"406","Homoarginine",-0.47341309886963,0.0457750996922311,0.213951161932416,0.503935907578954,0.0873451961016661,6
"42","Homoarginine",-0.191727403610861,0.00284679758488567,0.0533553894642863,0.0754559154060922,0.0377279577030461,2
"440","Homoarginine",0.35551103262198,0.0951500410380755,0.308464002823791,0.815296776900798,0.125929901822453,6
"502","Homoarginine",0.0433093229800713,0.0954700594400223,0.308982296321362,0.681618609640132,0.154491148160681,4
"513","Homoarginine",-0.169747959416076,0.0642589132417793,0.253493418537404,0.644123522072833,0.103488254761736,6
"531","Homoarginine",-0.114102137675044,0.100211013325548,0.316561231558047,0.724133072482252,0.141570486560969,5
"535","Homoarginine",0.767608711252788,0.291953047735425,0.540326797165776,1.01625657348541,0.270163398582888,4
"566","Homoarginine",-0.123257920816586,0.060882290696722,0.246743370117055,0.610507672299819,0.10073255903358,6
"57","Homoarginine",0.334353522653355,0.0326761287664669,0.180765397038446,0.489146676727263,0.0737971643159669,6
"776","Homoarginine",0.112447972821613,0.00274071367861631,0.0523518259339281,0.117195829818642,0.0261759129669641,4
"83","Homoarginine",-0.0449240823323551,0.0158028400798413,0.125709347623163,0.335603584988065,0.056218929338509,5
"853","Homoarginine",-0.26788023684671,0.0827904214802362,0.287733247088751,0.662681581104943,0.117466606233599,6
"879","Homoarginine",0.209674490258444,0.0181745218915484,0.134812914409371,0.190654251940776,0.095327125970388,2
"913","Homoarginine",-0.181197244745482,0.0769406002957504,0.277381687023045,0.754006017652668,0.11324059953314,6
"138","Homocitrulline",0.0127939521712025,0.0480193585387989,0.219133198166775,0.583207050995117,0.097999345445568,5
"177","Homocitrulline",-0.000111879278735717,0.0645100272201651,0.253988242287247,0.746589132388548,0.10369026571169,6
"208","Homocitrulline",0.18669776686873,0.0498868463957116,0.223353635286537,0.511122363757024,0.111676817643269,4
"235","Homocitrulline",-0.518264050594604,0.107345939367634,0.327636901718402,0.949803519214099,0.133757205019414,6
"303","Homocitrulline",0.308915344398697,0.0268775079744861,0.163943612179573,0.428755421688606,0.0669296994047811,6
"306","Homocitrulline",0.394836280132707,0.00889625816247808,0.0943199775364587,0.204064029280684,0.0471599887682294,4
"309","Homocitrulline",-0.0400865256932672,0.0566187961729403,0.23794704489222,0.674266656706755,0.097141474298177,6
"31","Homocitrulline",0.20474085846451,0.0939430080415632,0.306501236606907,0.658639896784481,0.153250618303454,4
"319","Homocitrulline",0.134790306575757,0.0338490811959223,0.183981197941318,0.459176015008797,0.0822788930357261,5
"320","Homocitrulline",-0.0367186230432476,0.0457091524460179,0.21379698886097,0.617406541633663,0.0872822552088127,6
"324","Homocitrulline",0.0506999693050622,0.0595013980168714,0.243929083991375,0.536331504500223,0.121964541995688,4
"358","Homocitrulline",-0.0662503603144618,0.000294123538627994,0.0171500302806728,0.0315500349391455,0.00990157459915668,3
"373","Homocitrulline",-0.163185915693189,0.0196206867382428,0.140073861723888,0.311256448360638,0.0571849145874487,6
"375","Homocitrulline",-0.324541386878925,0.0234330967418617,0.153078727267579,0.216486012212622,0.108243006106311,2
"381","Homocitrulline",-0.0078384179714576,0.0303625784025443,0.174248610905638,0.433098149167064,0.0711366975179295,6
"406","Homocitrulline",-0.136348648222994,0.0356633388080975,0.188847395555505,0.497812962912039,0.077096626394088,6
"42","Homocitrulline",-0.235765807383978,0.047173454317705,0.217194508028414,0.307159418926736,0.153579709463368,2
"440","Homocitrulline",0.0844966855966253,0.0491112914175577,0.221610675323996,0.640475655605382,0.0904721793495637,6
"502","Homocitrulline",0.0203293616446728,0.035803505995812,0.189218143939243,0.459717625766174,0.0946090719696214,4
"513","Homocitrulline",0.11262984906288,0.0530636573229634,0.230355502046214,0.607578631256568,0.0940422399093119,6
"531","Homocitrulline",-0.214263665079196,0.162092198595622,0.402606754284652,0.933807880037969,0.180051214156207,5
"535","Homocitrulline",-0.195676632742699,0.00300775862574805,0.0548430362557367,0.128377751687858,0.0274215181278684,4
"566","Homocitrulline",-0.170962835862901,0.0420682444408519,0.205105447126233,0.45156554883035,0.0837339481541108,6
"57","Homocitrulline",0.391147369223935,0.0311715023717903,0.176554530873015,0.467311777203761,0.0720780854025576,6
"776","Homocitrulline",-0.0742430693042293,0.0730790715981022,0.270331410676048,0.554409750924177,0.135165705338024,4
"83","Homocitrulline",0.261078733456303,0.0094826147502267,0.0973787181586752,0.241498077483071,0.0435490866729182,5
"853","Homocitrulline",-0.0888469001734592,0.0862816092154313,0.293737313284219,0.821150149493335,0.119917755993731,6
"879","Homocitrulline",0.235560286422507,0.0927017337834924,0.304469594185515,0.430585029427388,0.215292514713694,2
"913","Homocitrulline",-0.147040431160145,0.0677527802703765,0.26029364239331,0.603682344169649,0.106264434525681,6
"138","Hydrocinnamic Acid",-0.022841710065331,0.0805144772847992,0.283750730897383,0.679440311048047,0.12689718459036,5
"177","Hydrocinnamic Acid",0.0234375277157146,0.0112107669839296,0.105880909440416,0.263951570722172,0.0432257002718089,6
"208","Hydrocinnamic Acid",-0.020535378793347,0.0194308501288518,0.139394584288098,0.330659167255187,0.0696972921440492,4
"235","Hydrocinnamic Acid",-0.0354060502301662,0.0121417690784903,0.110189695881649,0.276620640081701,0.0449847549704161,6
"303","Hydrocinnamic Acid",-0.195482880436462,0.00410983876996363,0.0641080242244575,0.17539889574564,0.0261719912946507,6
"306","Hydrocinnamic Acid",-0.110363593820804,0.00505111231176608,0.0710711777851337,0.163381188819825,0.0355355888925669,4
"309","Hydrocinnamic Acid",-0.0996318444279151,0.00224362818738294,0.0473669524814816,0.111865937675692,0.0193374773750479,6
"31","Hydrocinnamic Acid",-0.0646795561654129,0.00555877207878447,0.0745571732215249,0.171095845009226,0.0372785866107624,4
"319","Hydrocinnamic Acid",-0.0360826315885851,0.0327069125091594,0.180850525321768,0.454253868668014,0.0808788136772039,5
"320","Hydrocinnamic Acid",-0.12317762031708,0.00526391908143146,0.0725528709385884,0.201524271631493,0.029619585528924,6
"324","Hydrocinnamic Acid",-0.00438744566336646,0.0149592895545618,0.122308174520601,0.27678532879469,0.0611540872603006,4
"358","Hydrocinnamic Acid",0.0501609799932959,0.0239728331481262,0.154831628384275,0.268242775590008,0.0893920823267292,3
"373","Hydrocinnamic Acid",-0.0320524056208681,0.0139300081808465,0.118025455647697,0.282617051489032,0.0481836904993908,6
"375","Hydrocinnamic Acid",-0.0263967880502287,0.092705217517756,0.304475315120546,0.430593120051298,0.215296560025649,2
"381","Hydrocinnamic Acid",0.0358753904079558,0.0139153556939926,0.11796336589803,0.326582705821851,0.048158342465234,6
"406","Hydrocinnamic Acid",0.131148800550273,0.0360142913712712,0.189774316943234,0.533838599676542,0.0774750404660228,6
"42","Hydrocinnamic Acid",0.324923331507718,0.0200815595340758,0.14170941935551,0.200407382768579,0.100203691384289,2
"440","Hydrocinnamic Acid",-0.00453376641084468,0.0416504277370293,0.204084364263971,0.588788913086566,0.0833170928211706,6
"502","Hydrocinnamic Acid",0.0499988708212546,0.0625668881375803,0.250133740502117,0.556197218937968,0.125066870251058,4
"513","Hydrocinnamic Acid",0.0836617919873927,0.0727796961227976,0.269777123053082,0.759920844602446,0.11013604929268,6
"531","Hydrocinnamic Acid",-0.125111458431774,0.0171011639220407,0.130771418597646,0.316292875376792,0.0584827562996833,5
"535","Hydrocinnamic Acid",-0.0148115918235754,0.167857337210437,0.409703962893255,0.863094726804255,0.204851981446627,4
"566","Hydrocinnamic Acid",0.251155059532088,0.249901264726979,0.4999012549764,1.36102342325705,0.204083832744855,6
"57","Hydrocinnamic Acid",-0.0677875853961264,0.00341214395278461,0.0584135596654117,0.156816849457837,0.0238472358733132,6
"776","Hydrocinnamic Acid",0.0199867265425718,0.0690260878186122,0.262728163352565,0.561156981589768,0.131364081676283,4
"83","Hydrocinnamic Acid",0.0536117125032709,0.0493547124604531,0.222159205212058,0.571907351286767,0.0993526169362972,5
"853","Hydrocinnamic Acid",0.0473199896396086,0.09424038840592,0.306985974282083,0.67535098460498,0.125326499197044,6
"879","Hydrocinnamic Acid",0.0324200381409761,0.0277712951781147,0.166647217732894,0.235674755449602,0.117837377724801,2
"913","Hydrocinnamic Acid",0.0552922947307622,0.0588075828837893,0.242502748198426,0.615831265067346,0.0990013323847962,6
"138","Hypotaurine",0.0229681723476845,0.0147460357038703,0.121433256169265,0.296866741677596,0.0543066031047244,5
"177","Hypotaurine",-0.0163014999487614,0.0205427401153311,0.143327387875909,0.368825326228273,0.0585131610769907,6
"208","Hypotaurine",0.0497713799954987,0.00544481754972717,0.0737890069707349,0.179491466179728,0.0368945034853675,4
"235","Hypotaurine",-0.0558882916110238,0.018888127587419,0.13743408451843,0.327409401498847,0.0561072300561152,6
"303","Hypotaurine",-0.223515033037123,0.00205482719023454,0.0453302017449133,0.127631992484952,0.0185059773687429,6
"306","Hypotaurine",-0.0845528542538514,0.00467761327840973,0.0683930791704083,0.160785738337836,0.0341965395852041,4
"309","Hypotaurine",-0.0358981069223495,0.00261172820085367,0.0511050702069146,0.142812065832818,0.0208635575460086,6
"31","Hypotaurine",0.0377498349963819,0.0360245551379453,0.189801357049799,0.415659882247866,0.0949006785248995,4
"319","Hypotaurine",0.0495189510792597,0.0154140824249864,0.124153463201742,0.29864154581235,0.0555231166722229,5
"320","Hypotaurine",0.102450088462333,0.00989995569687884,0.0994985210788524,0.250106019568241,0.0406201011341241,6
"324","Hypotaurine",-0.100916726738029,0.00375874645867023,0.0613086165124465,0.148003361259177,0.0306543082562233,4
"358","Hypotaurine",-0.177041228795117,0.00516957283504297,0.0718997415505992,0.142655398593032,0.041511335138903,3
"373","Hypotaurine",-0.0333406610861166,0.00587153289495291,0.0766259283464345,0.190554576054944,0.0312824042526383,6
"375","Hypotaurine",0.0948333226155914,0.000646756979459971,0.0254314171736451,0.0359654550773369,0.0179827275386685,2
"381","Hypotaurine",0.00440779841106971,0.00486489592192641,0.069748805881724,0.194454775316717,0.0284748307631096,6
"406","Hypotaurine",0.133740598799982,0.00992570443493411,0.0996278296207145,0.260619891748045,0.0406728911252817,6
"42","Hypotaurine",-0.163108588260488,0.000682633001328802,0.0261272463403398,0.0369495061219714,0.0184747530609857,2
"440","Hypotaurine",-0.0887988844398236,0.00560445862362144,0.074862932240338,0.185641989559359,0.03056266410623,6
"502","Hypotaurine",0.000458147615664118,0.0022991275036265,0.0479492179667875,0.10696138876977,0.0239746089833938,4
"513","Hypotaurine",0.0956443595549394,0.0144493638227932,0.120205506624253,0.364082545429209,0.0490736925836937,6
"531","Hypotaurine",-0.0782997698849295,0.00841043683730319,0.0917084338395504,0.237763345006828,0.0410132584350553,5
"535","Hypotaurine",0.205485161449349,0.00421044557026462,0.0648879462632669,0.139482998981573,0.0324439731316335,4
"566","Hypotaurine",0.179506992778251,0.0138808548474959,0.117817039716231,0.314276461105491,0.0480986050516643,6
"57","Hypotaurine",-0.200883382003938,0.00653445615464383,0.0808359830437153,0.248032723710803,0.0330011518855626,6
"776","Hypotaurine",0.0635582901724467,0.00256430091622891,0.0506389268866246,0.12202565634951,0.0253194634433123,4
"83","Hypotaurine",0.0952665031995568,0.00939125625233932,0.0969084942218138,0.260257995203996,0.0433387961354242,5
"853","Hypotaurine",-0.133797557458903,0.0105338817397218,0.102634700465884,0.289417229862738,0.041900441007468,6
"879","Hypotaurine",-0.0648316061803689,0.0198489667287304,0.14088636104581,0.199243402544377,0.0996217012721887,2
"913","Hypotaurine",0.216649447397827,0.00342836763912794,0.058552264167391,0.153257958045725,0.0239038617491259,6
"138","Hypoxanthine",-0.192656851803613,0.114137050639894,0.337841753843266,0.839150875015991,0.151087425446258,5
"177","Hypoxanthine",0.30548975921283,0.109111981654318,0.33032102817459,0.791410923588459,0.134852995056542,6
"208","Hypoxanthine",-0.179687794572078,0.193431504113332,0.439808485722287,0.941142823023863,0.219904242861144,4
"235","Hypoxanthine",0.206948810165717,0.0285272006861172,0.168899972427817,0.476673770203713,0.0689531250030497,6
"303","Hypoxanthine",-0.379619933594709,0.116564739192953,0.341415786385095,0.957663455826312,0.139382411129091,6
"306","Hypoxanthine",-0.365258491054465,0.131318844802868,0.362379421053222,0.711056291537228,0.181189710526611,4
"309","Hypoxanthine",-0.161903009612133,0.0318451574989533,0.178452115423027,0.465269639891513,0.0728527710511107,6
"31","Hypoxanthine",0.0603754815796311,0.0740907443058816,0.272196150424435,0.609366477544789,0.136098075212217,4
"319","Hypoxanthine",0.112891006532591,0.0319273726357129,0.178682323232358,0.480810292248769,0.0799091642250285,5
"320","Hypoxanthine",-0.0506400619236509,0.00876320311765504,0.0936119816992197,0.245570746911146,0.0382169314956409,6
"324","Hypoxanthine",0.626771998540569,0.0617662574099275,0.24852818232532,0.551590757085444,0.12426409116266,4
"358","Hypoxanthine",0.513335628009166,0.0921245710710504,0.303520297626123,0.6030437204535,0.175237525538958,3
"373","Hypoxanthine",0.116803190804596,0.0598471564226459,0.244636784688333,0.573877005110319,0.0998725491335882,6
"375","Hypoxanthine",0.11898613307237,0.250034180168155,0.500034178999951,0.707155117591826,0.353577558795913,2
"381","Hypoxanthine",0.0508331844813797,0.0316487763551363,0.177901029662946,0.521873657353872,0.0726277912316586,6
"406","Hypoxanthine",0.125299398611761,0.0178075114910533,0.133444788174935,0.342908488265878,0.0544786066437296,6
"42","Hypoxanthine",-0.119143757804452,0.0208194700902095,0.144289535622683,0.204056218186114,0.102028109093057,2
"440","Hypoxanthine",-0.247328027532766,0.0256796169981762,0.16024860997268,0.448791629897683,0.0654212210705571,6
"502","Hypoxanthine",0.230693431825401,0.0393564211689066,0.19838452855227,0.405283989863699,0.0991922642761352,4
"513","Hypoxanthine",-0.151059220261215,0.00857408008083984,0.0925963286574573,0.250122858128474,0.0378022928776369,6
"531","Hypoxanthine",-0.290043398864713,0.0230730551313121,0.151898173561476,0.385912625903501,0.0679309283483041,5
"535","Hypoxanthine",-0.160299944603495,0.0404452247142873,0.201109981637628,0.42162981674552,0.100554990818814,4
"566","Hypoxanthine",0.188322339268261,0.0274741420739875,0.165753256601454,0.38748796109512,0.0676684836463617,6
"57","Hypoxanthine",0.287449703861252,0.342255812939947,0.585026335253335,1.36365705190668,0.238836001243513,6
"776","Hypoxanthine",0.122204902183409,0.129073139008308,0.35926750341258,0.70979762343753,0.17963375170629,4
"83","Hypoxanthine",0.16528218918587,0.030768056435861,0.175408256464344,0.443492582111509,0.0784449570537979,5
"853","Hypoxanthine",-0.0236811852045195,0.0451722739346566,0.212537700031445,0.583135875709692,0.0867681526969588,6
"879","Hypoxanthine",-0.0829752162169672,0.311533813400511,0.558152141804106,0.789346328806958,0.394673164403479,2
"913","Hypoxanthine",-0.548632325439462,0.0211412620373923,0.145400350884694,0.394412078025675,0.0593594446815224,6
"138","Imidazoleacetic Acid",0.138983237973552,0.0175590956071157,0.132510737704971,0.314341827728985,0.0592606034513921,5
"177","Imidazoleacetic Acid",0.168137345301635,0.0147829909544535,0.121585323762589,0.28890504478363,0.0496370005715721,6
"208","Imidazoleacetic Acid",0.0104815392869036,0.0144272063421092,0.12011330626583,0.264581701852897,0.0600566531329152,4
"235","Imidazoleacetic Acid",0.0864908666488028,0.0231075193394583,0.152011576333707,0.384437790733591,0.0620584661689528,6
"303","Imidazoleacetic Acid",0.0111027660907974,0.0251613471006647,0.158623286754072,0.408149452533648,0.0647576856451092,6
"306","Imidazoleacetic Acid",0.0254935466448532,0.00168149816263777,0.0410060747040944,0.0873749562935346,0.0205030373520472,4
"309","Imidazoleacetic Acid",-0.00373210002786477,0.00377165964739347,0.0614138392171787,0.161339228441101,0.0250720948712357,6
"31","Imidazoleacetic Acid",-0.0549908462670123,0.00820174866118094,0.090563506232814,0.219178030841019,0.045281753116407,4
"319","Imidazoleacetic Acid",0.0151084085281104,0.00880608441863345,0.0938407396530603,0.236734179875547,0.0419668545846206,5
"320","Imidazoleacetic Acid",-0.0165617011241738,0.00697348359034433,0.0835073864418252,0.20627221671689,0.0340917477559803,6
"324","Imidazoleacetic Acid",0.0320210496424177,0.0140944798335251,0.118720174500904,0.275328749143987,0.0593600872504521,4
"358","Imidazoleacetic Acid",-0.109201280423131,0.00623204408845988,0.0789432966657707,0.147625256898049,0.0455779335806992,3
"373","Imidazoleacetic Acid",-0.0139640557757146,0.00799288207750407,0.0894029198488733,0.224104980041799,0.0364985891907803,6
"375","Imidazoleacetic Acid",0.136833768463435,0.0472028883820143,0.217262257150234,0.307255230653651,0.153627615326826,2
"381","Imidazoleacetic Acid",0.0739098073868413,0.00523829006211982,0.0723760323734302,0.205397637506907,0.0295473914870101,6
"406","Imidazoleacetic Acid",-0.000125816604804435,0.0281139955540369,0.167672286183606,0.431397013300144,0.0684519241926246,6
"42","Imidazoleacetic Acid",-0.0191815382438275,0.0449626289139885,0.212043931566052,0.299875403839623,0.149937701919812,2
"440","Imidazoleacetic Acid",-0.075234000860895,0.0378855932611624,0.194642218599055,0.524041106359226,0.0794623529951578,6
"502","Imidazoleacetic Acid",-0.00404545821250461,0.00534065989916666,0.073079818685918,0.164177668411846,0.036539909342959,4
"513","Imidazoleacetic Acid",-0.0581851259762543,0.0633463113254179,0.251686931177242,0.663032420023095,0.102750759385205,6
"531","Imidazoleacetic Acid",-0.10964025355944,0.0193740353315508,0.139190643836253,0.320010112516286,0.062247948289965,5
"535","Imidazoleacetic Acid",-0.0385548402233437,0.016875963045232,0.129907517277608,0.227329634287978,0.0649537586388039,4
"566","Imidazoleacetic Acid",0.0464865708475813,0.0679612471200624,0.260693780363212,0.650745935045456,0.106427790167843,6
"57","Imidazoleacetic Acid",0.0287861268574501,0.00298279743702763,0.0546149927861172,0.163051851665464,0.0222964774386286,6
"776","Imidazoleacetic Acid",-0.0633685824078684,0.00659087058613701,0.0811841769443838,0.176926109864498,0.0405920884721919,4
"83","Imidazoleacetic Acid",-0.153481932755199,0.0214387708223303,0.146419844359739,0.398548077496072,0.0654809450486633,5
"853","Imidazoleacetic Acid",-0.0679203681892212,0.021866384607987,0.147872866368334,0.351553068270781,0.0603688449008634,6
"879","Imidazoleacetic Acid",-0.0990362700027951,0.00858618601471514,0.0926616750049077,0.131043397504149,0.0655216987520743,2
"913","Imidazoleacetic Acid",0.0220395164336318,0.012479530850496,0.111711820549555,0.31869862820921,0.0456061597639616,6
"138","IMP",-0.0731648996966335,0.086566294873217,0.294221506476357,0.784137415799667,0.131579857784706,5
"177","IMP",0.00241725448235463,0.0116433970102764,0.10790457363002,0.246101261667425,0.0440518577176878,6
"208","IMP",0.0818508803015383,0.0738352087559005,0.271726349027658,0.608230769467157,0.135863174513829,4
"235","IMP",0.0176932381402967,0.0413819527726896,0.203425546017922,0.570234507284533,0.0830481313984945,6
"303","IMP",0.0887837899191285,0.0616906573063577,0.24837604012134,0.707795366416589,0.101399093771721,6
"306","IMP",-0.0159492173175553,0.0070271143249374,0.0838278851274288,0.172714197902214,0.0419139425637144,4
"309","IMP",0.095471862613476,0.00683511917159677,0.0826747795376363,0.226270409948796,0.0337518374107168,6
"31","IMP",-0.495338807488557,0.366228379332925,0.60516805875139,1.44036550510397,0.302584029375695,4
"319","IMP",-0.063770806769196,0.0111571699496228,0.105627505648968,0.254633363635775,0.0472380565849671,5
"320","IMP",0.0438468149019245,0.0124636317782905,0.11164063676946,0.321739847049482,0.045577099107429,6
"324","IMP",-0.248166741401477,0.0542979040500249,0.23301910662009,0.523113611426014,0.116509553310045,4
"358","IMP",-0.148199525556682,0.0175833899560023,0.132602375378431,0.249662763930869,0.076558017119921,3
"373","IMP",0.365387948333249,0.0154426670182992,0.124268527867273,0.344800514545836,0.0507324140602751,6
"375","IMP",0.204850140827745,0.0107206420166482,0.103540533206316,0.146428426315713,0.0732142131578567,2
"381","IMP",0.227326011690807,0.0175607322263845,0.132516912982398,0.327413612737823,0.0540998031826126,6
"406","IMP",0.127817801269471,0.0136193897023366,0.116702140950098,0.348306973992048,0.0476434495363505,6
"42","IMP",-0.837106201496556,0.268413072924223,0.518085970591969,0.732684206086391,0.366342103043196,2
"440","IMP",0.142485984897165,0.00600809518684317,0.0775119035170932,0.216319435147034,0.0316441021014532,6
"502","IMP",-0.0665069921656286,0.0630325391482772,0.251062819127559,0.564142649055012,0.125531409563779,4
"513","IMP",-0.120423771456112,0.0178273582196381,0.133519130538055,0.349315873580005,0.0545089567863822,6
"531","IMP",0.308644601399368,0.00864712214015001,0.0929899034312328,0.232652178650914,0.0415863490586755,5
"535","IMP",0.0714866848657063,0.0264802777658181,0.16272761832528,0.392064887753368,0.0813638091626402,4
"566","IMP",0.0498234831182594,0.0508035191467327,0.225396360100896,0.584240923681288,0.092017678687968,6
"57","IMP",-0.769002258991788,1.09525625501853,1.04654491304412,2.31340337319299,0.427250171643915,6
"776","IMP",0.098297404738086,0.0360657423729847,0.189909826952121,0.43241630173331,0.0949549134760607,4
"83","IMP",-0.0750201469336518,0.0395219145073087,0.198801193425263,0.448782821721457,0.0889065965013943,5
"853","IMP",0.111708980002473,0.0386565280393602,0.19661263448558,0.580110604690558,0.0802667719123343,6
"879","IMP",0.0252436443912982,1.44404904463964e-05,0.00380006453187264,0.00537410279886726,0.00268705139943363,2
"913","IMP",0.195410664928827,0.00902745863010176,0.0950129392772466,0.249700597650964,0.0387888700318828,6
"138","Indole-2-Carboxylic Acid",-0.0652319389972236,0.0111402686853086,0.10554747124071,0.247104779853399,0.0472022641094865,5
"177","Indole-2-Carboxylic Acid",-0.0145858644521069,0.0135962319782479,0.116602881517774,0.336064936600974,0.0476029270427914,6
"208","Indole-2-Carboxylic Acid",-0.0874538367089277,0.00165088315069828,0.040631061402556,0.0968703238585673,0.020315530701278,4
"235","Indole-2-Carboxylic Acid",-0.00896700257044795,0.030035394884701,0.173307226868071,0.445229815719529,0.0707523790939229,6
"303","Indole-2-Carboxylic Acid",-0.0442403833490584,0.0109812977665143,0.104791687487674,0.257155626092599,0.0427810272716662,6
"306","Indole-2-Carboxylic Acid",-0.0536058988723753,0.0147630941916773,0.121503473990159,0.253686657678119,0.0607517369950796,4
"309","Indole-2-Carboxylic Acid",0.0066978128227387,0.0142552941044987,0.119395536367566,0.270747771833817,0.0487430236110747,6
"31","Indole-2-Carboxylic Acid",-0.141605334099793,0.043650345333094,0.208926650605168,0.463318041788485,0.104463325302584,4
"319","Indole-2-Carboxylic Acid",0.0158294848348062,0.00518431335675898,0.0720021760557206,0.163904184825473,0.0322003520376998,5
"320","Indole-2-Carboxylic Acid",-0.010083621947437,0.00577647452309254,0.076003121798335,0.199487714127487,0.031028144544087,6
"324","Indole-2-Carboxylic Acid",-0.0280246684258397,0.00439091090501377,0.0662639487580824,0.146864704453461,0.0331319743790412,4
"358","Indole-2-Carboxylic Acid",0.059401748416531,0.0248428177137072,0.157616045229244,0.302768031715162,0.0909996661417085,3
"373","Indole-2-Carboxylic Acid",0.0626291695002042,0.0132334771235383,0.115036851154481,0.298402909083945,0.0469635978241628,6
"375","Indole-2-Carboxylic Acid",0.173139268939367,0.0464040576752761,0.215416010721757,0.304644243915017,0.152322121957508,2
"381","Indole-2-Carboxylic Acid",0.0747426712154667,0.00599424088599273,0.0774224830781907,0.204541318930735,0.0316075963601387,6
"406","Indole-2-Carboxylic Acid",0.0479342181299121,0.0201460907691324,0.141936925319426,0.411663876675597,0.0579455071153528,6
"42","Indole-2-Carboxylic Acid",0.138278182711974,0.0556776091980063,0.235961033219484,0.333699293370562,0.166849646685281,2
"440","Indole-2-Carboxylic Acid",0.0537317253775401,0.018239494958782,0.135053674362388,0.414795129543849,0.0551354316793083,6
"502","Indole-2-Carboxylic Acid",0.147118593809832,0.0159355219314394,0.126235977167523,0.277459709357912,0.0631179885837616,4
"513","Indole-2-Carboxylic Acid",-0.286636493598903,0.0309767225984539,0.176002052824545,0.513584201978029,0.071852537183751,6
"531","Indole-2-Carboxylic Acid",0.117219594348544,0.0386030357582934,0.196476552693428,0.417578775756709,0.0878669855614649,5
"535","Indole-2-Carboxylic Acid",-0.0339238157824744,0.0126653213440463,0.112540309862939,0.248369112906062,0.0562701549314694,4
"566","Indole-2-Carboxylic Acid",0.0735527812067117,0.0173815005484178,0.131838918944361,0.29113401867051,0.0538230132756392,6
"57","Indole-2-Carboxylic Acid",-0.179318691890547,0.0128048387608835,0.113158467473201,0.295888767321081,0.0461967508974449,6
"776","Indole-2-Carboxylic Acid",0.0942264039288888,0.0272828065844305,0.165175078581578,0.361513032317758,0.0825875392907891,4
"83","Indole-2-Carboxylic Acid",0.0711220820173563,0.00522844663767292,0.072307998434979,0.186549890493938,0.0323371199635123,5
"853","Indole-2-Carboxylic Acid",-0.00472312724712846,0.00982697533577736,0.099131101758113,0.263870323868003,0.0404701028245489,6
"879","Indole-2-Carboxylic Acid",-0.0193798819599161,0.0477911789119729,0.218611936801202,0.30916396592091,0.154581982960455,2
"913","Indole-2-Carboxylic Acid",0.0552830949618724,0.00858964153813254,0.0926803190441883,0.248430644722597,0.0378365818094353,6
"138","Indole-3-Carboxylic Acid",-0.0839105207772823,0.0197414194881424,0.140504161817871,0.348995067237418,0.0628353713892778,5
"177","Indole-3-Carboxylic Acid",-0.032754196247999,0.0200983879785004,0.141768783512099,0.404387803548655,0.0578768635099559,6
"208","Indole-3-Carboxylic Acid",-0.0870483905949247,0.00415317027676813,0.0644450950559322,0.136756819536211,0.0322225475279661,4
"235","Indole-3-Carboxylic Acid",-0.0484878119544987,0.0357458124610264,0.189065630036309,0.460007416794598,0.0771857202477963,6
"303","Indole-3-Carboxylic Acid",-0.0627280929464174,0.0165049556533533,0.128471614192993,0.304003665023701,0.0524483168674224,6
"306","Indole-3-Carboxylic Acid",-0.0985355508481845,0.0080222256497672,0.0895668780842963,0.188702324731161,0.0447834390421482,4
"309","Indole-3-Carboxylic Acid",-0.0119377306442179,0.0148893132047353,0.122021773486273,0.30645173566267,0.0498151804251396,6
"31","Indole-3-Carboxylic Acid",-0.14614880865288,0.0309102885242648,0.175813220561665,0.403478096284342,0.0879066102808327,4
"319","Indole-3-Carboxylic Acid",0.0146444203796775,0.00999807769374827,0.0999903880067893,0.239619306313747,0.0447170609359521,5
"320","Indole-3-Carboxylic Acid",-0.0468114350519339,0.0094031072227824,0.0969696201022898,0.232439863676048,0.03958768163369,6
"324","Indole-3-Carboxylic Acid",-0.0331506456666195,0.00712873789855801,0.0844318535776516,0.202317420232539,0.0422159267888258,4
"358","Indole-3-Carboxylic Acid",0.0923371049679483,0.0224239641713156,0.149746332747469,0.293760981677052,0.0864560855219103,3
"373","Indole-3-Carboxylic Acid",0.0451253834903508,0.0124774190410555,0.111702368108539,0.287047403125435,0.0456023008210761,6
"375","Indole-3-Carboxylic Acid",0.158092374256413,0.0527589736564213,0.229693216391824,0.324835261806416,0.162417630903208,2
"381","Indole-3-Carboxylic Acid",0.0947112968372008,0.00577694294406008,0.0760062033261765,0.209595129583107,0.0310294025725603,6
"406","Indole-3-Carboxylic Acid",0.0482565458180745,0.0295436524450345,0.171882670578027,0.498653983210061,0.0701708064238428,6
"42","Indole-3-Carboxylic Acid",0.126736053390592,0.0912469689469521,0.302071132263499,0.427193092048437,0.213596546024218,2
"440","Indole-3-Carboxylic Acid",0.0710250178028042,0.0231920121239808,0.152289238372187,0.466454884551088,0.0621718212214891,6
"502","Indole-3-Carboxylic Acid",0.156457963293106,0.0265857251677102,0.163051296123981,0.349107661527375,0.0815256480619905,4
"513","Indole-3-Carboxylic Acid",-0.263543564235662,0.0287131490694017,0.169449547268211,0.491852860708177,0.0691774879921227,6
"531","Indole-3-Carboxylic Acid",0.136566370393786,0.0443854356768344,0.21067851261302,0.453970774989438,0.0942182951202519,5
"535","Indole-3-Carboxylic Acid",-0.0164035380093579,0.0126324675515911,0.112394250527289,0.244162354707312,0.0561971252636447,4
"566","Indole-3-Carboxylic Acid",0.0638131449592834,0.0348938279592434,0.186798897103927,0.5352517381869,0.0762603304032131,6
"57","Indole-3-Carboxylic Acid",-0.147624867027571,0.00874086761682709,0.0934926072843575,0.252425477411076,0.0381681970948482,6
"776","Indole-3-Carboxylic Acid",0.114940207957188,0.0242015536761041,0.155568485485024,0.336423802788351,0.077784242742512,4
"83","Indole-3-Carboxylic Acid",0.101616009334816,0.00768106316086022,0.0876416747949297,0.200239780815632,0.0391945485006786,5
"853","Indole-3-Carboxylic Acid",0.0156842268134954,0.0184229723708649,0.135731250531574,0.345504672500582,0.0554120509920373,6
"879","Indole-3-Carboxylic Acid",-0.0141004254259816,0.0511549987176398,0.226174708395169,0.319859340078228,0.159929670039114,2
"913","Indole-3-Carboxylic Acid",0.0713564714013927,0.0248976176863454,0.157789789550355,0.41309776421086,0.0644174118365852,6
"138","Inosine",0.0376223528756228,0.0142591488515722,0.119411678036833,0.291374075313337,0.0534025258795353,5
"177","Inosine",-0.00411424656457361,0.00498894841342572,0.0706324883706197,0.182981305065004,0.0288355926285142,6
"208","Inosine",0.0649236348283174,0.00369301199806513,0.0607701571337868,0.146013998420113,0.0303850785668934,4
"235","Inosine",0.0803844491870562,0.00292843988509581,0.0541150615364688,0.164185233953619,0.0220923813606102,6
"303","Inosine",-0.0503090307540309,0.0137477347992391,0.117250734749251,0.301582771256114,0.0478674120170134,6
"306","Inosine",-0.0294974302341542,0.00145086795426169,0.0380902606221288,0.0804903127639792,0.0190451303110644,4
"309","Inosine",0.0232981034958701,0.000544842163787346,0.0233418543348069,0.070973457720883,0.00952927212844145,6
"31","Inosine",0.156363728914618,0.00712530094236599,0.0844114976905752,0.170797788720762,0.0422057488452876,4
"319","Inosine",-0.0019053558001981,0.00308266192488703,0.0555217248010815,0.144620560566925,0.0248300701766508,5
"320","Inosine",0.0124446081505574,0.00399602714035875,0.0632141371874895,0.183847353703242,0.0258070634399407,6
"324","Inosine",0.082878565352215,0.000619409110166888,0.0248879310141861,0.0479552962790664,0.0124439655070931,4
"358","Inosine",0.0588128855296683,0.00709083306339791,0.0842070844014796,0.167985863152094,0.0486169828468678,3
"373","Inosine",-0.0748087770054455,0.00393184956952334,0.0627044621181247,0.179252686581439,0.0255989894641805,6
"375","Inosine",-0.161135275818727,0.00634586720869122,0.0796609515929305,0.112657598134269,0.0563287990671345,2
"381","Inosine",-0.0351663300985115,0.000725928938281002,0.0269430684644679,0.0666745050258869,0.0109994616404698,6
"406","Inosine",-0.0335696124408562,0.00309230416924341,0.0556084900823913,0.151203003464896,0.0227020710114129,6
"42","Inosine",0.123032142205309,0.00518413215166212,0.0720009177140272,0.101824674334487,0.0509123371672433,2
"440","Inosine",-0.0492543740586504,0.00524035324347411,0.072390284178708,0.206006920390553,0.0295532097621508,6
"502","Inosine",-0.0208127298535969,0.0110180605871655,0.104966949975531,0.240611763217019,0.0524834749877653,4
"513","Inosine",0.113768134697763,0.00143248007469874,0.0378481185093624,0.096480391570994,0.0154514296787209,6
"531","Inosine",-0.176924746517767,0.00608257040486693,0.0779908353902362,0.201369081019623,0.0348785619109129,5
"535","Inosine",-0.0252075512827318,0.00351216024732864,0.0592634815660423,0.11996009435612,0.0296317407830212,4
"566","Inosine",-0.0307301051422934,0.0146620030785895,0.121086758477505,0.306798229403917,0.0494334621462519,6
"57","Inosine",0.0618616384078141,0.02944406017661,0.171592715977719,0.356142190838848,0.0700524329539548,6
"776","Inosine",-0.014608379890126,0.00266552592005839,0.051628731536407,0.125234775446693,0.0258143657682035,4
"83","Inosine",-0.0768712517712073,0.002287690482963,0.0478298074736142,0.120129789536737,0.0213901401723458,5
"853","Inosine",-0.065861500870606,0.0146206111108209,0.120915719039424,0.294895774788604,0.0493636355880536,6
"879","Inosine",0.0970936465009315,0.0020175752515092,0.0449174270357196,0.0635228345008187,0.0317614172504093,2
"913","Inosine",0.0420263717234983,0.0051480047337763,0.0717495974467892,0.198063407713231,0.0292916504991221,6
"138","iso-Leucine /allo-isoLeucine",0.0152387696558515,0.00527896110795894,0.072656459506082,0.149917836988625,0.032492956492012,5
"177","iso-Leucine /allo-isoLeucine",0.0836910374545089,0.0150393275599245,0.122634936131285,0.270716498632571,0.0500655030267423,6
"208","iso-Leucine /allo-isoLeucine",-0.0420629394560054,0.00932828320402602,0.0965830378691104,0.198192948306194,0.0482915189345552,4
"235","iso-Leucine /allo-isoLeucine",0.0302142686397209,0.00582147045201636,0.0762985612709464,0.211603423677914,0.0311487572037162,6
"303","iso-Leucine /allo-isoLeucine",-0.123773560148965,0.0087268471778349,0.0934175956543247,0.229912950278458,0.0381375737251225,6
"306","iso-Leucine /allo-isoLeucine",-0.12023077242276,0.00223855587820621,0.0473133794840974,0.101563289888454,0.0236566897420487,4
"309","iso-Leucine /allo-isoLeucine",0.0234720116142401,0.00414263396150325,0.0643632966954245,0.171105179146378,0.0262762058445255,6
"31","iso-Leucine /allo-isoLeucine",-0.0997689889121795,0.00101511631232362,0.03186089001148,0.0725815178198588,0.01593044500574,4
"319","iso-Leucine /allo-isoLeucine",0.11107738695322,0.0031020388869407,0.0556959503639241,0.130292456334755,0.0249079862170377,5
"320","iso-Leucine /allo-isoLeucine",-0.103392805032441,0.00224981343518536,0.0474321982959399,0.112208683619654,0.0193641138672604,6
"324","iso-Leucine /allo-isoLeucine",0.0326901288580013,0.00666007987703085,0.0816093124406207,0.173737851294431,0.0408046562203104,4
"358","iso-Leucine /allo-isoLeucine",0.157535736612663,0.0370699241830049,0.19253551408248,0.345636781605593,0.111160430884083,3
"373","iso-Leucine /allo-isoLeucine",0.134330572028118,0.00565906391451977,0.0752267499930694,0.232188053314005,0.030711192081823,6
"375","iso-Leucine /allo-isoLeucine",0.0340077986049678,0.0161433659978985,0.127056546458254,0.17968509118955,0.0898425455947752,2
"381","iso-Leucine /allo-isoLeucine",0.0193153645280432,0.00143738774057137,0.0379128967578497,0.105453168416582,0.0154778752879251,6
"406","iso-Leucine /allo-isoLeucine",0.0112403360527265,0.0117355986766711,0.108330968225485,0.260509053223432,0.0442259325823494,6
"42","iso-Leucine /allo-isoLeucine",0.0737320551743242,0.00754125157014265,0.0868403798364715,0.122810842926369,0.0614054214631845,2
"440","iso-Leucine /allo-isoLeucine",0.0307845019219732,0.00236990846398243,0.0486817056396182,0.121419245161671,0.0198742231042391,6
"502","iso-Leucine /allo-isoLeucine",-0.0282738834543128,0.0083393989242174,0.0913203094838021,0.203129854086685,0.0456601547419011,4
"513","iso-Leucine /allo-isoLeucine",-0.00891649471837059,0.0128953529726756,0.11355770767621,0.314445654178197,0.0463597400278079,6
"531","iso-Leucine /allo-isoLeucine",0.0369643108588135,0.00954629567917035,0.0977051466360414,0.223380418512503,0.0436950699259547,5
"535","iso-Leucine /allo-isoLeucine",0.0670289331764097,0.0100219882862557,0.100109881062039,0.192399450949933,0.0500549405310197,4
"566","iso-Leucine /allo-isoLeucine",-0.0443399687942774,0.00296684054039881,0.054468711572781,0.157023325114313,0.0222367583833571,6
"57","iso-Leucine /allo-isoLeucine",-0.00367775820780622,0.0295010045899787,0.171758564822773,0.386265529735804,0.0701201404614237,6
"776","iso-Leucine /allo-isoLeucine",-0.00230019037089534,0.0020423613194666,0.0451924918483878,0.0898931143727622,0.0225962459241939,4
"83","iso-Leucine /allo-isoLeucine",-0.134686660951801,0.00840878604088027,0.091699433154629,0.257370239621092,0.0410092332063897,5
"853","iso-Leucine /allo-isoLeucine",-0.0504054454072433,0.0103640923048836,0.101804186087231,0.256118861443778,0.0415613849321771,6
"879","iso-Leucine /allo-isoLeucine",-0.0787597387198551,0.00042311867816212,0.0205698487637153,0.0290901590976096,0.0145450795488048,2
"913","iso-Leucine /allo-isoLeucine",0.0178136697013876,0.0131756550952721,0.114785256436844,0.246438401871868,0.0468608847107978,6
"138","isoValeric Acid /3-Oxobutanoic Acid/4-Oxobutanoic Acid",-0.109496038913483,0.0475832092841881,0.218135758838821,0.537990480035644,0.0975532770174207,5
"177","isoValeric Acid /3-Oxobutanoic Acid/4-Oxobutanoic Acid",-0.0158167044115229,0.00909601754316508,0.095373044111872,0.25878858306381,0.0389358822150063,6
"208","isoValeric Acid /3-Oxobutanoic Acid/4-Oxobutanoic Acid",-0.00466553549025395,0.0258475870745224,0.160771847891733,0.348572348541674,0.0803859239458663,4
"235","isoValeric Acid /3-Oxobutanoic Acid/4-Oxobutanoic Acid",-0.0914847584791101,0.0464749757336021,0.215580555091599,0.591910757721011,0.0880103930733961,6
"303","isoValeric Acid /3-Oxobutanoic Acid/4-Oxobutanoic Acid",-0.0250908737855039,0.00946213967329536,0.0972735301780261,0.274540338230496,0.0397117524025642,6
"306","isoValeric Acid /3-Oxobutanoic Acid/4-Oxobutanoic Acid",0.09352692295673,0.0305257355916199,0.174716157213979,0.395101149892204,0.0873580786069896,4
"309","isoValeric Acid /3-Oxobutanoic Acid/4-Oxobutanoic Acid",-0.00898380836026786,0.0271291232447694,0.164709208135943,0.43691530310263,0.0672422526451553,6
"31","isoValeric Acid /3-Oxobutanoic Acid/4-Oxobutanoic Acid",0.0495130072605109,0.150652698992801,0.388140050745605,0.923121885417191,0.194070025372803,4
"319","isoValeric Acid /3-Oxobutanoic Acid/4-Oxobutanoic Acid",0.441813854042458,0.0203509210380075,0.14265665437689,0.376110101540561,0.0637979953258838,5
"320","isoValeric Acid /3-Oxobutanoic Acid/4-Oxobutanoic Acid",0.129079204464494,0.0125667762045286,0.112101633371368,0.315791270632119,0.0457653001820676,6
"324","isoValeric Acid /3-Oxobutanoic Acid/4-Oxobutanoic Acid",0.0789602812661733,0.00604253831428483,0.0777337655995439,0.169993242208346,0.0388668827997719,4
"358","isoValeric Acid /3-Oxobutanoic Acid/4-Oxobutanoic Acid",-0.0412540185236824,0.0327252480051565,0.1809012106238,0.329375184588742,0.10444336265038,3
"373","isoValeric Acid /3-Oxobutanoic Acid/4-Oxobutanoic Acid",-0.104255436354309,0.0098122801762605,0.0990569542044399,0.276223188797342,0.0404398322125198,6
"375","isoValeric Acid /3-Oxobutanoic Acid/4-Oxobutanoic Acid",-0.111235488684778,0.0370686830719159,0.192532290984956,0.272281777105689,0.136140888552844,2
"381","isoValeric Acid /3-Oxobutanoic Acid/4-Oxobutanoic Acid",-0.0780476886357756,0.0115115255383945,0.107291777589872,0.264822485961319,0.0438016847818942,6
"406","isoValeric Acid /3-Oxobutanoic Acid/4-Oxobutanoic Acid",0.00402476821914051,0.0207953507641394,0.144205931792487,0.374337428303897,0.0588718251290312,6
"42","isoValeric Acid /3-Oxobutanoic Acid/4-Oxobutanoic Acid",0.341912352885813,0.0435434795033752,0.208670744244073,0.295104996580455,0.147552498290227,2
"440","isoValeric Acid /3-Oxobutanoic Acid/4-Oxobutanoic Acid",-0.00676791693251676,0.0672047264527406,0.259238744119664,0.742285064890229,0.105833774108852,6
"502","isoValeric Acid /3-Oxobutanoic Acid/4-Oxobutanoic Acid",0.00718637933419717,0.0223424948834967,0.149474060905218,0.338455151971841,0.0747370304526088,4
"513","isoValeric Acid /3-Oxobutanoic Acid/4-Oxobutanoic Acid",0.0589259323052468,0.011565175720887,0.107541506967715,0.268247468848366,0.0439036363734772,6
"531","isoValeric Acid /3-Oxobutanoic Acid/4-Oxobutanoic Acid",0.0194741349487094,0.0213839549216014,0.146232537150941,0.31306601936205,0.0653971787183536,5
"535","isoValeric Acid /3-Oxobutanoic Acid/4-Oxobutanoic Acid",-0.0914773237943171,0.0753196594764212,0.27444427389986,0.624281705728064,0.13722213694993,4
"566","isoValeric Acid /3-Oxobutanoic Acid/4-Oxobutanoic Acid",-0.129237940019657,0.028716813561694,0.169460359853548,0.513942777924125,0.069181902211602,6
"57","isoValeric Acid /3-Oxobutanoic Acid/4-Oxobutanoic Acid",0.0461428925884675,0.028707615285746,0.169433217775459,0.384357158666313,0.0691708215046225,6
"776","isoValeric Acid /3-Oxobutanoic Acid/4-Oxobutanoic Acid",0.0225330488113091,0.01312712884129,0.11457368302228,0.219994740214112,0.0572868415111401,4
"83","isoValeric Acid /3-Oxobutanoic Acid/4-Oxobutanoic Acid",-0.109767436090561,0.0215251489757006,0.146714515218163,0.365058407764509,0.065612725862748,5
"853","isoValeric Acid /3-Oxobutanoic Acid/4-Oxobutanoic Acid",0.0533509482725277,0.0571096075112636,0.238976165153062,0.705664637168564,0.0975616108853474,6
"879","isoValeric Acid /3-Oxobutanoic Acid/4-Oxobutanoic Acid",-0.187017484675609,0.00151620950702532,0.0389385349881749,0.0550674042792163,0.0275337021396081,2
"913","isoValeric Acid /3-Oxobutanoic Acid/4-Oxobutanoic Acid",-0.131169684670018,0.0182999435678327,0.135277284005234,0.379810886882518,0.0552267199337313,6
"138","Kynurenic Acid",0.0654828406229585,0.00725407315914025,0.0851708468851887,0.222063509250407,0.0380895606673016,5
"177","Kynurenic Acid",-0.0832448398791748,0.0430437142365337,0.207469791142069,0.445204325771528,0.0846991875566443,6
"208","Kynurenic Acid",-0.125001798951123,0.0402631042857385,0.200656682634141,0.444258426136119,0.100328341317071,4
"235","Kynurenic Acid",-0.00877312319917608,0.0278232536542231,0.166803038504169,0.412033253614751,0.0680970553135047,6
"303","Kynurenic Acid",0.115248696249536,0.0398033769675462,0.199507836857468,0.536125287570636,0.0814487333312047,6
"306","Kynurenic Acid",0.310369887532144,0.0272206661382902,0.16498686656304,0.399688479806454,0.0824934332815198,4
"309","Kynurenic Acid",0.125528998699951,0.0213697506785017,0.146183961769073,0.379586501129957,0.0596793524854586,6
"31","Kynurenic Acid",0.236064949065886,0.0810122967193426,0.284626591729133,0.60402952663222,0.142313295864567,4
"319","Kynurenic Acid",-0.253849188563978,0.0313519309951572,0.177064764973603,0.455911366090851,0.0791857701802,5
"320","Kynurenic Acid",0.323492878921163,0.022210661098623,0.149032416267814,0.375071889640239,0.0608422291650339,6
"324","Kynurenic Acid",-0.0973432537005052,0.0449708197391481,0.212063244668066,0.459088826651858,0.106031622334033,4
"358","Kynurenic Acid",-0.01926342155055,0.0119551316594293,0.109339524689973,0.199991570368307,0.0631272040128218,3
"373","Kynurenic Acid",-0.272267686478704,0.0162494640533343,0.127473385666712,0.342366214756137,0.0520407917780759,6
"375","Kynurenic Acid",0.0508296564812498,0.0467216785825198,0.216151980288222,0.305685062057405,0.152842531028703,2
"381","Kynurenic Acid",0.171638109242145,0.00765283543691478,0.0874804860349711,0.246195616909782,0.0357137588727248,6
"406","Kynurenic Acid",0.145199020567197,0.029491415046138,0.171730646787747,0.533942466378925,0.0701087429713513,6
"42","Kynurenic Acid",-0.0401128760051988,0.00192238105761648,0.0438449661605124,0.062006145785986,0.031003072892993,2
"440","Kynurenic Acid",0.0368853247421422,0.0126141121699077,0.112312564612815,0.272265764235858,0.0458514125007938,6
"502","Kynurenic Acid",0.254708277363797,0.0103493338756335,0.101731675871547,0.219028332762889,0.0508658379357736,4
"513","Kynurenic Acid",0.0538594968788388,0.0222604154244904,0.149199247399209,0.430232181900668,0.0609103376892221,6
"531","Kynurenic Acid",0.00903614679603081,0.0454351803652926,0.213155296357591,0.441821073449934,0.0953259464839375,5
"535","Kynurenic Acid",0.120576229425185,0.0056588544316618,0.075225357637314,0.175066112042209,0.037612678818657,4
"566","Kynurenic Acid",-0.265428113519017,0.026251903930378,0.162024393010367,0.422632643192117,0.0661461814599276,6
"57","Kynurenic Acid",-0.0659404665296908,0.0805115797168477,0.283745625017986,0.616337244284326,0.115838666340193,6
"776","Kynurenic Acid",-0.0521108253151613,0.00940837671423275,0.0969967871335579,0.210767185133742,0.048498393566779,4
"83","Kynurenic Acid",-0.629925198385752,0.00576629231935113,0.0759361068224539,0.172935305190127,0.0339596593603385,5
"853","Kynurenic Acid",-0.26714751301595,0.0351533411890275,0.187492243010284,0.451643205870364,0.0765433876841837,6
"879","Kynurenic Acid",0.0146988079730004,0.00485814716668445,0.0697004100897868,0.098571265251943,0.0492856326259715,2
"913","Kynurenic Acid",0.2349795879418,0.0286167134044322,0.169164752251857,0.398834272526198,0.0690612209135636,6
"138","L-2-Aminobutyric Acid",1.02018659078348,0.0111594196298186,0.105638154233301,0.25278600987136,0.0472428187766535,5
"177","L-2-Aminobutyric Acid",-0.154262472392027,0.00678187120206433,0.0823521171680749,0.228573100802798,0.0336201110499463,6
"208","L-2-Aminobutyric Acid",-0.00080717834098553,0.019542113727646,0.139793110444135,0.317168301425534,0.0698965552220674,4
"235","L-2-Aminobutyric Acid",0.153724656831749,0.054275514494843,0.23297105935039,0.595712101004247,0.095110036707352,6
"303","L-2-Aminobutyric Acid",0.0390292862417974,0.0114134906158307,0.106833939437946,0.334819801779877,0.0436147731390614,6
"306","L-2-Aminobutyric Acid",0.0932680171042718,0.0405476844445974,0.201364556078267,0.465303276349809,0.100682278039133,4
"309","L-2-Aminobutyric Acid",0.0264840974744403,0.0275812997988603,0.166076186730248,0.415575874217909,0.0678003193193812,6
"31","L-2-Aminobutyric Acid",-0.410805526448671,0.0474713742432717,0.217879265289912,0.436577645813452,0.108939632644956,4
"319","L-2-Aminobutyric Acid",-0.118154738888569,0.0436826497838696,0.209003946814096,0.515027323181906,0.093469406528414,5
"320","L-2-Aminobutyric Acid",-0.126467643959491,0.0285196970815444,0.168877757805889,0.462393260778812,0.0689440559216244,6
"324","L-2-Aminobutyric Acid",-0.0693197714777537,0.0418523675958663,0.204578512058003,0.436855540906995,0.102289256029001,4
"358","L-2-Aminobutyric Acid",0.146964736264216,0.0113127942554015,0.106361620218016,0.208050927146261,0.0614079100643164,3
"373","L-2-Aminobutyric Acid",0.0503686613509125,0.0350724836756635,0.187276489917084,0.467194261711977,0.0764553068527222,6
"375","L-2-Aminobutyric Acid",-0.155263683707701,0.116936704600471,0.341960092116713,0.483604600061809,0.241802300030904,2
"381","L-2-Aminobutyric Acid",-0.0359095918821371,0.00890688158431616,0.0943762765970144,0.221087045036658,0.0385289535810758,6
"406","L-2-Aminobutyric Acid",-0.0313455715083027,0.101752999318599,0.318987459500525,0.838859926381494,0.1302260850205,6
"42","L-2-Aminobutyric Acid",-0.207877422293352,0.0962571031996724,0.310253288781396,0.438764408765507,0.219382204382753,2
"440","L-2-Aminobutyric Acid",-0.0298485750649128,0.0704124034304315,0.26535335579267,0.741014332876641,0.108330053871207,6
"502","L-2-Aminobutyric Acid",0.0576273420295284,0.0348537537633801,0.186691600677106,0.378254418394182,0.0933458003385531,4
"513","L-2-Aminobutyric Acid",-0.0926188159816955,0.00618512520105692,0.0786455669510807,0.204710106767863,0.03210691826034,6
"531","L-2-Aminobutyric Acid",0.0569361457258572,0.0429950925722077,0.207352580336507,0.43009746488818,0.0927308929884832,5
"535","L-2-Aminobutyric Acid",-0.119244997181509,0.0500351375433355,0.223685353886515,0.531294840748401,0.111842676943258,4
"566","L-2-Aminobutyric Acid",-0.117817585460398,0.0437091072444992,0.209067231398178,0.540903239588436,0.0853513398103189,6
"57","L-2-Aminobutyric Acid",0.143979315064178,0.0375410909978386,0.193755234762415,0.465614276866592,0.0791002433601804,6
"776","L-2-Aminobutyric Acid",-0.0315609616431815,0.079423136039234,0.281821106447395,0.591324097565525,0.140910553223698,4
"83","L-2-Aminobutyric Acid",0.010399655995413,0.0254180282824004,0.159430324224723,0.374525228552814,0.0712994085282625,5
"853","L-2-Aminobutyric Acid",-0.16712563548482,0.0389591860789766,0.197380814870586,0.605521337322014,0.080580380241281,6
"879","L-2-Aminobutyric Acid",-0.246650556932956,0.0884905661730638,0.297473639459136,0.420691255371594,0.210345627685797,2
"913","L-2-Aminobutyric Acid",-0.0156529330913531,0.0059438950318826,0.0770966603160124,0.208659229486275,0.0314745797744852,6
"138","L-Kynurenine",0.342169215695334,0.264303732531441,0.514104787500993,1.30076603648969,0.229914650482061,5
"177","L-Kynurenine",-0.0785738258998481,0.0744498643413948,0.272855024401961,0.659192972668735,0.111392597256576,6
"208","L-Kynurenine",0.0325820334930923,0.0266468637532022,0.163238671132799,0.392544306099194,0.0816193355663996,4
"235","L-Kynurenine",-0.000348826348972217,0.0973507980443154,0.312010894111593,0.864853922610962,0.127377914127159,6
"303","L-Kynurenine",0.134341086738875,0.00969819689530762,0.0984794237153509,0.303994635033254,0.0402040563776584,6
"306","L-Kynurenine",-0.206392127854073,0.0810691219776044,0.284726398455789,0.587963210188453,0.142363199227894,4
"309","L-Kynurenine",-0.0659966578540248,0.0683229701618882,0.261386629654021,0.566530178804448,0.106710644706365,6
"31","L-Kynurenine",0.0699817841155484,0.00305120632838958,0.0552377255903026,0.124739869915895,0.0276188627951513,4
"319","L-Kynurenine",-0.0213774324801556,0.0141608767636421,0.11899948219905,0.283032854324358,0.0532181862968705,5
"320","L-Kynurenine",-0.0601608447090925,0.103264702919297,0.321348257999475,0.898845510820911,0.131189876971826,6
"324","L-Kynurenine",-0.0806149520472303,0.0812766646104814,0.285090625258849,0.614112008970958,0.142545312629424,4
"358","L-Kynurenine",0.327637403688576,0.430783018127144,0.656340626601115,1.18085738989515,0.378938437448241,3
"373","L-Kynurenine",-0.200623200905758,0.0515747284455111,0.227100701111888,0.478373368381875,0.092713472992073,6
"375","L-Kynurenine",-0.269627551993728,0.00760611780410738,0.0872130598253918,0.123337892021125,0.0616689460105626,2
"381","L-Kynurenine",-0.255404458009597,0.012947021763397,0.113784980394589,0.281837289999372,0.0464525237265552,6
"406","L-Kynurenine",0.078415747548945,0.0506784684282578,0.225118787372928,0.533938861181378,0.0919043600962959,6
"42","L-Kynurenine",-0.138058101989861,0.084560920991154,0.290793605485324,0.411244260728716,0.205622130364358,2
"440","L-Kynurenine",-0.0738997083311958,0.0794738172860139,0.281911009515439,0.692686448664321,0.11508968769762,6
"502","L-Kynurenine",-0.0740286729335145,0.0187061137090573,0.136770295419207,0.31055535360616,0.0683851477096037,4
"513","L-Kynurenine",0.0818771409364075,0.158243733745781,0.397798609532237,1.12044096727298,0.162400602290437,6
"531","L-Kynurenine",-0.145491001632461,0.0772814833418882,0.27799547359964,0.53860141700359,0.124323355281209,5
"535","L-Kynurenine",0.358936218956427,0.135514257455149,0.368122611985665,0.777101463136812,0.184061305992833,4
"566","L-Kynurenine",-0.0715708620048887,0.0822408239098116,0.286776609767623,0.700993936815529,0.117076060682654,6
"57","L-Kynurenine",0.335221069078244,0.051865305500578,0.2277395562931,0.524609568405705,0.0929742845276568,6
"776","L-Kynurenine",-0.19642160610636,0.00481513970153231,0.0693912076673429,0.161352787325279,0.0346956038336715,4
"83","L-Kynurenine",-0.0247778209221545,0.00886885282695955,0.0941745869487069,0.263646588098697,0.0421161556340546,5
"853","L-Kynurenine",-0.00323161738205541,0.239516786117949,0.489404521963119,1.38625240478618,0.199798559436727,6
"879","L-Kynurenine",0.0864439364586496,0.0477585705884761,0.218537343693192,0.309058475335902,0.154529237667951,2
"913","L-Kynurenine",0.0617525755072566,0.0480360884289808,0.219171367721655,0.584390001945403,0.0894763361909923,6
"138","Lactate",0.0734394114056161,0.107333005045922,0.327617162318951,0.812399040414541,0.146514849108151,5
"177","Lactate",0.0258095501081357,0.00716067260875743,0.0846207575524908,0.242729881706212,0.0345462796085614,6
"208","Lactate",0.0600864938299487,0.00329300748270042,0.0573847321393106,0.12340156636019,0.0286923660696553,4
"235","Lactate",0.0416342919677443,0.00201554646892549,0.0448948378872838,0.12723787266278,0.0183282408181359,6
"303","Lactate",0.0446026509867964,0.00499867880203349,0.070701335221009,0.197830928583681,0.0288636992374894,6
"306","Lactate",0.0642232479016381,0.00634319951972834,0.0796442058139093,0.189153025154645,0.0398221029069546,4
"309","Lactate",0.0530293231570975,0.0011757741574692,0.0342895633898888,0.0951546190483465,0.0139986556346744,6
"31","Lactate",0.0771163042906591,0.0101508231576317,0.100751293577957,0.220011284772847,0.0503756467889786,4
"319","Lactate",-0.0764557532887258,0.00370239416778894,0.0608473020584228,0.149410315106974,0.0272117407300192,5
"320","Lactate",0.0464974307607681,0.00404067715610201,0.0635663209262736,0.14543736356939,0.0259508418492285,6
"324","Lactate",-0.00311135292727312,0.0185621889878868,0.136243124552716,0.291579000784751,0.0681215622763578,4
"358","Lactate",-0.152138159535777,0.00645331350297081,0.0803325183407741,0.1525371634833,0.0463800010887265,3
"373","Lactate",-0.134441414255522,0.00232338334399343,0.0482014869479504,0.13461462610702,0.019678174644317,6
"375","Lactate",-0.0736106413096718,0.001219078135067,0.0349152994411762,0.0493776900040292,0.0246888450020146,2
"381","Lactate",-0.0527788333052749,0.00480183562491318,0.0692952785181875,0.203059419126776,0.0282896789922673,6
"406","Lactate",0.0268872282880245,0.00435531425765006,0.0659948047777252,0.17820870997863,0.0269422662300027,6
"42","Lactate",0.18321837569284,0.026255343288247,0.162035006366671,0.229152103582956,0.114576051791478,2
"440","Lactate",0.0316649418694631,0.00151797455658151,0.0389611929563445,0.10561139388188,0.0159058404188604,6
"502","Lactate",-0.147050814448601,0.00158907788420947,0.0398632397605798,0.0788700723746683,0.0199316198802899,4
"513","Lactate",0.0362757589436548,0.0131488058095796,0.114668242375906,0.308360474755991,0.0468131139204597,6
"531","Lactate",-0.058168227597064,0.0221112248240003,0.148698435849206,0.386289738289558,0.0664999621413431,5
"535","Lactate",-0.0682325697475167,0.0114530243740123,0.107018803833776,0.226936055793083,0.0535094019168882,4
"566","Lactate",-0.110396860893428,0.00523581781400736,0.0723589511671317,0.199058236960969,0.0295404181137397,6
"57","Lactate",0.052325435532484,0.00964327403860568,0.0982001733125033,0.232206454950306,0.0400900528780845,6
"776","Lactate",0.00810344428606573,0.00590588633727138,0.0768497647183866,0.16644652637383,0.0384248823591933,4
"83","Lactate",0.0400062892402647,0.0165179961054475,0.128522356442167,0.352587559154266,0.0574769451266289,5
"853","Lactate",-0.0486754994443885,0.00339236528725709,0.0582440150337963,0.160075161202197,0.0237780195672989,6
"879","Lactate",0.0735848466731653,0.00234779350000876,0.0484540349197955,0.0685243533352743,0.0342621766676372,2
"913","Lactate",0.0261296137768652,0.00237038675141051,0.0486866177856966,0.132979264921289,0.0198762284794782,6
"138","Lactose/Trehalose",-0.384410651329661,0.0777138307233592,0.278772004913261,0.779804091113821,0.124670630641991,5
"177","Lactose/Trehalose",0.346710272555211,0.0233505497591178,0.152808866755558,0.372153469420109,0.0623839586206767,6
"208","Lactose/Trehalose",-0.224171712236479,0.0162711445845413,0.127558396762194,0.288452976167982,0.063779198381097,4
"235","Lactose/Trehalose",-0.0464071080776051,0.046652517400905,0.215991938277578,0.468958054116146,0.0881783395557974,6
"303","Lactose/Trehalose",-0.0631067913587447,0.00500678728901856,0.0707586552233616,0.170360136204309,0.0288871000304593,6
"306","Lactose/Trehalose",0.270014832871345,0.0351205443590605,0.187404760769465,0.404810947533834,0.0937023803847326,4
"309","Lactose/Trehalose",0.334135410786001,0.0071245953742572,0.0844073182505948,0.227360162488666,0.0344591433784446,6
"31","Lactose/Trehalose",-0.163123101619696,0.0370278686312988,0.192426268038693,0.43705559295844,0.0962131340193463,4
"319","Lactose/Trehalose",0.175064755621761,0.022485881948224,0.149952932442897,0.373977161650061,0.0670609900735502,5
"320","Lactose/Trehalose",0.0955578920234478,0.0156650549153656,0.125160117111505,0.352998243910226,0.0510964038450288,6
"324","Lactose/Trehalose",0.42210268682605,0.0201749320429568,0.142038487893095,0.306378542165705,0.0710192439465473,4
"358","Lactose/Trehalose",0.215381003929004,0.00570425724985088,0.0755265334160842,0.135590989102856,0.0436052643987355,3
"373","Lactose/Trehalose",-0.196818525544673,0.0116343706894781,0.10786274004251,0.283668145665283,0.0440347792271028,6
"375","Lactose/Trehalose",0.296825891864297,0.000988975813420347,0.0314479858404373,0.0444741680848635,0.0222370840424318,2
"381","Lactose/Trehalose",-0.0720722989590436,0.0118851068952182,0.10901883734116,0.316481377256039,0.0445067539728864,6
"406","Lactose/Trehalose",0.116102902373722,0.010273653437629,0.10135903234359,0.242728354555053,0.0413796516773422,6
"42","Lactose/Trehalose",0.234147172729077,0.0302410268274896,0.173899473338735,0.245930993685178,0.122965496842589,2
"440","Lactose/Trehalose",-0.190166267114513,0.0127520629214696,0.112925032306702,0.306227120240186,0.0461014513897874,6
"502","Lactose/Trehalose",-0.375258899667967,0.00706932263913953,0.0840792640259151,0.191854594968385,0.0420396320129575,4
"513","Lactose/Trehalose",-0.349210447269185,0.0179918464363175,0.134133688670362,0.28573601092001,0.0547598490932872,6
"531","Lactose/Trehalose",0.394087817601693,0.000716207273754843,0.0267620491322104,0.0579814894621062,0.0119683522153623,5
"535","Lactose/Trehalose",-0.191850610022352,0.0463749673115557,0.215348478776971,0.527118330178772,0.107674239388486,4
"566","Lactose/Trehalose",-0.139562533162703,0.0174767372715516,0.132199611465207,0.304148796875532,0.0539702653806576,6
"57","Lactose/Trehalose",0.144363730297743,0.0342159299369809,0.184975484691839,0.423989021342561,0.0755159254031678,6
"776","Lactose/Trehalose",0.406026217759887,0.0166175959617683,0.128909254756082,0.276466146154759,0.0644546273780408,4
"83","Lactose/Trehalose",-0.349568206599725,0.043658130137803,0.208945280247731,0.505228733007644,0.0934431700423343,5
"853","Lactose/Trehalose",-0.192823717412241,0.0015892857015223,0.0398658463038513,0.116109565878725,0.0162751636014424,6
"879","Lactose/Trehalose",0.209647249825632,0.00308382205296564,0.0555321713330718,0.0785343498472565,0.0392671749236283,2
"913","Lactose/Trehalose",-0.0997374979271693,0.00753108712395508,0.0867818363711847,0.226540630373835,0.0354285363418509,6
"138","Leucine /D-Norleucine",0.0830462029480712,0.00519166670752453,0.0720532213542499,0.170279290941804,0.0322231801891884,5
"177","Leucine /D-Norleucine",0.0795827750476082,0.00331194553492384,0.0575495050797471,0.153312201670184,0.0234944870658482,6
"208","Leucine /D-Norleucine",0.0116558116686152,0.00640677212642539,0.0800423145993754,0.186370444949869,0.0400211572996877,4
"235","Leucine /D-Norleucine",0.0715479564170128,0.00981183300452455,0.0990546970341364,0.281849595180588,0.0404389107266021,6
"303","Leucine /D-Norleucine",-0.0981849780531587,0.0102949960717961,0.1014642600712,0.253747136526739,0.0414226107172481,6
"306","Leucine /D-Norleucine",-0.0666315621435063,0.00218469598017426,0.0467407314895077,0.107221840831672,0.0233703657447538,4
"309","Leucine /D-Norleucine",0.0935716632089353,0.000675614891054974,0.0259925930036804,0.0673183147014059,0.0106114316584755,6
"31","Leucine /D-Norleucine",-0.0614759155810141,0.0227093188050298,0.150696114100629,0.304913100043542,0.0753480570503144,4
"319","Leucine /D-Norleucine",0.0996091829611118,0.000497876269007498,0.0223131411730285,0.0543894836925185,0.00997874009088821,5
"320","Leucine /D-Norleucine",-0.0887278047305951,0.00434120322287363,0.0658878078469274,0.181633667272432,0.0268985849159196,6
"324","Leucine /D-Norleucine",0.118764159235989,0.00393315408298333,0.0627148633338487,0.149366073799059,0.0313574316669244,4
"358","Leucine /D-Norleucine",0.168202156742558,0.0679434271885829,0.260659600223324,0.49649468142143,0.150491890355796,3
"373","Leucine /D-Norleucine",0.123168721787168,0.00235426847321769,0.0485208045400907,0.104360561479548,0.0198085355054233,6
"375","Leucine /D-Norleucine",-0.0195063890404615,0.00106047926967588,0.0325650006859493,0.0460538656287586,0.0230269328143793,2
"381","Leucine /D-Norleucine",-0.0513447613974336,0.000553978361451322,0.0235367449204711,0.0613587135792881,0.00960883587686633,6
"406","Leucine /D-Norleucine",-0.0165187902312555,0.00300584727395722,0.0548256078302577,0.151673623780111,0.0223824606703449,6
"42","Leucine /D-Norleucine",-0.0349137450355595,0.015026227254647,0.122581512695215,0.173356437749782,0.0866782188748911,2
"440","Leucine /D-Norleucine",0.0124938948996939,0.00862326870839859,0.0928615566765849,0.256438143272665,0.0379105717630289,6
"502","Leucine /D-Norleucine",-0.0856503011806193,0.0064351204245058,0.0802192023427421,0.183365817527343,0.0401096011713711,4
"513","Leucine /D-Norleucine",-0.0251641524749767,0.0182690751862217,0.135163142854188,0.398158887504311,0.0551801220039453,6
"531","Leucine /D-Norleucine",0.0112067978871773,0.00110567498792564,0.0332516915047286,0.0901950550158478,0.0148706085142851,5
"535","Leucine /D-Norleucine",0.0712825981351067,0.0390077009635896,0.197503673291384,0.480538051001131,0.0987518366456918,4
"566","Leucine /D-Norleucine",-0.115291598006798,0.00566427693588544,0.0752613907384486,0.196194168255653,0.0307253341069045,6
"57","Leucine /D-Norleucine",0.0928202206649765,0.0593547439979847,0.243628290635519,0.541473681827602,0.0994608331605837,6
"776","Leucine /D-Norleucine",-0.060253260331837,0.00280967260032235,0.053006344906269,0.125190918910194,0.0265031724531345,4
"83","Leucine /D-Norleucine",-0.137289352848123,0.00201040259134011,0.0448375132153882,0.116059406873196,0.0200519454983306,5
"853","Leucine /D-Norleucine",-0.0889385388727427,0.0395532100522981,0.19887988850635,0.545990714590688,0.0811923744903609,6
"879","Leucine /D-Norleucine",-0.0599762003408746,0.00154917324360414,0.0393595381528308,0.0556627926644746,0.0278313963322373,2
"913","Leucine /D-Norleucine",-0.0339219541494348,0.00642535337919557,0.0801583019979563,0.2159846251479,0.0327244897571517,6
"138","Linoleic Acid",-0.023298545303783,0.0256312650723738,0.160097673538293,0.410170349106679,0.0715978562142384,5
"177","Linoleic Acid",0.0104772135405474,0.00782129251612828,0.0884380716441075,0.245718298589371,0.0361046915606275,6
"208","Linoleic Acid",-0.110079036641434,0.0140306723412455,0.118451139045792,0.246005452292892,0.059225569522896,4
"235","Linoleic Acid",0.0865682573659608,0.00867168623152271,0.0931218891105776,0.250623162791475,0.0380168520341587,6
"303","Linoleic Acid",-0.0405633908282044,0.0149497238311604,0.122269063262791,0.359286874545412,0.0499161360536523,6
"306","Linoleic Acid",-0.0170192777507752,0.000407031026823921,0.020175009958459,0.0456745179703307,0.0100875049792295,4
"309","Linoleic Acid",-0.042172362960263,0.00116103312010282,0.0340739360817446,0.0942087766143838,0.0139106261547472,6
"31","Linoleic Acid",-0.0315503305925383,0.00196237435978278,0.0442986947864469,0.0999041085730607,0.0221493473932234,4
"319","Linoleic Acid",-0.00108796919394474,0.00561805670051222,0.0749536970436563,0.170848580136346,0.0335203123509081,5
"320","Linoleic Acid",-0.0814954552254078,0.00661597566130242,0.0813386480174241,0.189611808745295,0.0332063640017553,6
"324","Linoleic Acid",0.0663766990595805,0.00585275875224921,0.0765033251058358,0.186884405697784,0.0382516625529179,4
"358","Linoleic Acid",0.0347887357133189,0.00855166590174648,0.0924752177707437,0.173086428933694,0.0533905918733082,3
"373","Linoleic Acid",0.00302954811308156,0.0020804603308355,0.045612063435406,0.130072867112707,0.0186210469220338,6
"375","Linoleic Acid",0.0476974520613723,0.00396616294100683,0.0629774796336502,0.0890636058219836,0.0445318029109918,2
"381","Linoleic Acid",0.0615241956456832,0.00364258931729497,0.0603538674593018,0.142983768346712,0.0246393632131425,6
"406","Linoleic Acid",-0.034015015370223,0.0140776940951781,0.118649458891215,0.349087430983794,0.0484384387568009,6
"42","Linoleic Acid",0.0259605113922894,0.00288055080579894,0.053670763044687,0.0759019210007091,0.0379509605003545,2
"440","Linoleic Acid",0.0639420537839556,0.00848409430771307,0.0921091434533677,0.263391602321793,0.0376034003509281,6
"502","Linoleic Acid",-0.0770106836153499,0.00264701445701359,0.0514491443759135,0.121492835282883,0.0257245721879567,4
"513","Linoleic Acid",-0.121670939119595,0.00473006856536022,0.0687754939303253,0.160652968702338,0.0280774778228631,6
"531","Linoleic Acid",-0.013899587610472,0.0031577421113845,0.056193790683531,0.136529454087714,0.025130627176354,5
"535","Linoleic Acid",-0.0433785661306573,0.00778493295255996,0.0882322670714062,0.185837918426674,0.0441161335357031,4
"566","Linoleic Acid",0.0531577173238883,0.00887327370448639,0.0941980557362326,0.254691746906315,0.0384561952193367,6
"57","Linoleic Acid",-0.0324601777655794,0.0284977521300618,0.168812772413884,0.390972840773375,0.0689175257464334,6
"776","Linoleic Acid",0.0828978395362769,0.000633031201147633,0.0251601113103188,0.0532527306988115,0.0125800556551594,4
"83","Linoleic Acid",0.0311387761491053,0.00296629870234821,0.0544637374988919,0.129609693771412,0.0243569238712454,5
"853","Linoleic Acid",0.00396465100486685,0.0105262472799078,0.102597501333648,0.302044987268977,0.0418852545253255,6
"879","Linoleic Acid",0.0729660766585728,0.00329362988215536,0.0573901549236048,0.081161935439655,0.0405809677198275,2
"913","Linoleic Acid",0.0959096656530614,0.00696450085702339,0.0834535850459607,0.191706197755921,0.034069783428094,6
"138","Linolenic Acid",-0.115252302827517,0.0371667130472273,0.192786703502154,0.512538170727688,0.0862168348377825,5
"177","Linolenic Acid",-0.022668845080516,0.0181812742815697,0.134837955641465,0.342790487137083,0.0550473648802703,6
"208","Linolenic Acid",-0.00943397017518432,0.0107048804820327,0.103464392338778,0.240428421846319,0.0517321961693892,4
"235","Linolenic Acid",0.0697955898026874,0.0181297963457979,0.13464693218116,0.34546383551422,0.0549693798791623,6
"303","Linolenic Acid",-0.0482230191761258,0.0121878231149381,0.110398474241894,0.304277803782404,0.045069988379072,6
"306","Linolenic Acid",-0.0152984047553693,0.000336081835700907,0.0183325348956686,0.0405334941187759,0.0091662674478343,4
"309","Linolenic Acid",-0.0662447693150938,0.00491052199555388,0.0700751168072796,0.182455686343743,0.0286080466406274,6
"31","Linolenic Acid",-0.0862368182239693,0.0068838855278171,0.0829691842060478,0.165826175885604,0.0414845921030239,4
"319","Linolenic Acid",-0.0169711878677183,0.0159293571375755,0.126211557068184,0.310456539123477,0.0564435242301107,5
"320","Linolenic Acid",-0.139610405060489,0.0179503583989155,0.13397894759594,0.335817848782615,0.0546966763141898,6
"324","Linolenic Acid",0.059930899122481,0.0126403388195909,0.112429261402852,0.254635170875379,0.0562146307014261,4
"358","Linolenic Acid",-0.0366034289794467,0.0134031204772201,0.115771846652026,0.21127725253725,0.066840906829127,3
"373","Linolenic Acid",0.0574026389888598,0.00131800855715585,0.0363043875744495,0.08420646563011,0.0148212041636065,6
"375","Linolenic Acid",0.0268874917289529,0.00269797380178581,0.051942023466417,0.0734571140433085,0.0367285570216542,2
"381","Linolenic Acid",0.0979228582561802,0.00289436526314349,0.0537993054150654,0.113305451543192,0.0219634744638437,6
"406","Linolenic Acid",0.0615902142014388,0.0129427255101281,0.113766100004035,0.30842190802802,0.0464448158393881,6
"42","Linolenic Acid",-0.0896058341236828,0.0119136993085945,0.109149893763551,0.154361260091997,0.0771806300459984,2
"440","Linolenic Acid",0.126153048494429,0.00634678027282207,0.0796666823259389,0.205919215585031,0.0325237868664922,6
"502","Linolenic Acid",-0.0729324445296833,0.0025852588094794,0.0508454404000929,0.117408900858162,0.0254227202000465,4
"513","Linolenic Acid",-0.0633603678585434,0.0046023537734718,0.0678406498603293,0.175596531910431,0.027695829329437,6
"531","Linolenic Acid",-0.0179498405609526,0.00717586973901518,0.0847105054819954,0.219487989106492,0.0378836897332221,5
"535","Linolenic Acid",-0.014078452342269,0.0140551662449332,0.118554486397324,0.289186239449626,0.0592772431986618,4
"566","Linolenic Acid",0.0315050960608009,0.00354210139818543,0.0595155559344397,0.150789658540032,0.0242971239662414,6
"57","Linolenic Acid",-0.0289794765890298,0.0249642320382886,0.158000734296675,0.377610228476229,0.0645035296686528,6
"776","Linolenic Acid",0.0999833396390887,0.000715987524941798,0.0267579432120968,0.0587947089734684,0.0133789716060484,4
"83","Linolenic Acid",0.0588941832550405,0.0103532292841498,0.101750819574831,0.248691529891603,0.0455043498671277,5
"853","Linolenic Acid",-0.0133234527012256,0.0181421606731446,0.134692838239992,0.365528870335038,0.0549881209492023,6
"879","Linolenic Acid",0.131621188659386,0.000978303783557597,0.0312778481286293,0.0442335570253534,0.0221167785126767,2
"913","Linolenic Acid",0.0348181798890257,0.0020566087275258,0.0453498481532827,0.119376941747669,0.0185139979813734,6
"138","Lysine",0.0667590545964904,0.00959703172926636,0.097964441147114,0.232664907898039,0.0438110299565449,5
"177","Lysine",0.100798544465163,0.00683652384956981,0.082683274303633,0.218242443302084,0.0337553053844128,6
"208","Lysine",-0.125433788745039,0.00251848645799922,0.0501845240885994,0.104105782420127,0.0250922620442997,4
"235","Lysine",-0.0251377284061981,0.0163832459181092,0.12799705433372,0.32675613308799,0.0522545786161512,6
"303","Lysine",-0.111665022619841,0.00978342099972762,0.0989111773245452,0.271567231889127,0.0403803190505136,6
"306","Lysine",-0.201355107621792,0.00503278134634959,0.070942098547686,0.154449524181546,0.035471049273843,4
"309","Lysine",-0.118452072468685,0.00578161778613237,0.076036950136972,0.161715277427319,0.0310419549055048,6
"31","Lysine",0.153056329323359,0.00363816807508844,0.0603172286754659,0.133485453999604,0.0301586143377329,4
"319","Lysine",0.0164960538006848,0.0176278593793392,0.132769949082385,0.315145992684081,0.0593765263034799,5
"320","Lysine",-0.00987294305072656,0.00684748427665199,0.0827495273500217,0.184500545688838,0.033782353077339,6
"324","Lysine",-0.0480426385438968,0.00410501067000424,0.0640703571864887,0.150910061385902,0.0320351785932443,4
"358","Lysine",0.193334046364295,0.0200272348045072,0.141517613054019,0.260595902440065,0.0817052319918114,3
"373","Lysine",0.0196850447924685,0.00313685306581684,0.0560076161411717,0.148017618624171,0.0228650135425896,6
"375","Lysine",-0.0110088597393771,6.5944382685402e-05,0.00812061467411193,0.0114842834069351,0.00574214170346753,2
"381","Lysine",-0.072617528999379,0.0286932360392827,0.169390779085766,0.365501610615943,0.0691534959821058,6
"406","Lysine",-0.18498249818038,0.00418841552226666,0.0647179690832976,0.161084924097269,0.0264210002405494,6
"42","Lysine",0.238564668574716,0.0148492380959728,0.121857449899351,0.172332458323862,0.0861662291619308,2
"440","Lysine",-0.165706947157375,0.00404962134798137,0.0636366352660272,0.164196132070936,0.025979547558228,6
"502","Lysine",0.0144004611950626,0.0247368583943597,0.157279554915315,0.285189479228748,0.0786397774576577,4
"513","Lysine",0.162904670918297,0.0340453464182422,0.184513810914636,0.416269886675881,0.0753274478728728,6
"531","Lysine",-0.183951898886276,0.00809450733610065,0.0899694800257323,0.234647030987359,0.0402355746475694,5
"535","Lysine",0.0107432247157843,0.0595943845709742,0.244119611196999,0.486578190479834,0.1220598055985,4
"566","Lysine",0.237091530644694,0.023556109603996,0.153479997406815,0.402900919261238,0.0626579465617304,6
"57","Lysine",0.239273231859434,0.0119915534912323,0.109505951853003,0.254364943753978,0.0447056176396067,6
"776","Lysine",0.018705867039793,0.00107987209896222,0.0328614074403733,0.0722216872811913,0.0164307037201866,4
"83","Lysine",0.0222528539390601,0.0169546279203621,0.130209937870971,0.299766635422786,0.058231654485103,5
"853","Lysine",-0.0346619408286679,0.0301196264394787,0.173550068969962,0.44064767178424,0.0708515189668726,6
"879","Lysine",0.0707832169954176,0.00189662032711802,0.043550204673664,0.0615892900936197,0.0307946450468099,2
"913","Lysine",-0.0487826572116824,0.0106131898533626,0.10302033708624,0.252927656536339,0.0420578764984685,6
"138","Maleic Acid",0.0188491040266228,0.136709729849251,0.36974278877248,0.93579443923254,0.165354001977122,5
"177","Maleic Acid",0.0172224466132091,0.00796134401533733,0.0892263639029257,0.255952457570235,0.036426510527676,6
"208","Maleic Acid",-0.0491388601387849,0.0266712892068865,0.163313469153302,0.372422005255141,0.0816567345766509,4
"235","Maleic Acid",0.0650415935122687,0.11091172200489,0.333034115376923,0.942734464849865,0.135960608268774,6
"303","Maleic Acid",-0.13887341511095,0.0200743951740538,0.141684138752557,0.388644398303215,0.0578423074315761,6
"306","Maleic Acid",-0.10249329590434,0.018710300155945,0.136785599227203,0.303474048267201,0.0683927996136015,4
"309","Maleic Acid",-0.0863684122446188,0.0150511508536988,0.122683131903692,0.297852243230187,0.050085178868435,6
"31","Maleic Acid",-0.0481989974444466,0.0214872902087541,0.146585436550682,0.312430903384425,0.0732927182753411,4
"319","Maleic Acid",0.00501684957110416,0.038178483337673,0.195393150692835,0.505292599550902,0.087382473457408,5
"320","Maleic Acid",-0.153780157038502,0.00985058597063081,0.0992501182398833,0.281192637926924,0.0405186910997686,6
"324","Maleic Acid",-0.161476115745061,0.00303087858173503,0.0550534157136052,0.126770576540404,0.0275267078568026,4
"358","Maleic Acid",-0.0338387503550159,0.0646622478109011,0.254287726425994,0.501084329512931,0.146813087303665,3
"373","Maleic Acid",-0.0577374381806827,0.060296486276726,0.245553428558279,0.672097113248443,0.100246767426458,6
"375","Maleic Acid",-0.00551769840569954,0.195579820185055,0.442244073092059,0.625427566045909,0.312713783022954,2
"381","Maleic Acid",-0.0121294061507682,0.0108596718613532,0.104209749358461,0.273832803213042,0.0425434520252592,6
"406","Maleic Acid",0.192221956811309,0.0556827069085305,0.235971834989963,0.546303441966935,0.0963350982322733,6
"42","Maleic Acid",0.385149334957492,0.00588117610772848,0.0766888264855349,0.108454378498321,0.0542271892491603,2
"440","Maleic Acid",-0.0270382815871816,0.095807681971043,0.309528160223013,0.832329879626739,0.12636434226147,6
"502","Maleic Acid",0.0224009787927152,0.115306049601354,0.339567444849111,0.798997734891119,0.169783722424556,4
"513","Maleic Acid",-0.0112877703102287,0.102290130064011,0.319828282151549,0.870879156525047,0.130569349430364,6
"531","Maleic Acid",-0.0359096207969255,0.140963826983745,0.375451497511655,0.920480218550807,0.167907014138031,5
"535","Maleic Acid",-0.101447687787299,0.105285048763669,0.324476576602486,0.729709518000542,0.162238288301243,4
"566","Maleic Acid",0.00886322554739666,0.110925303006593,0.333054504558327,0.889366926888028,0.135968932117226,6
"57","Maleic Acid",-0.0250849322301841,0.00813096035966333,0.0901718379521197,0.234230825020583,0.0368124986919373,6
"776","Maleic Acid",-0.00153649309344033,0.163173545654456,0.403947454075967,0.882051382631392,0.201973727037984,4
"83","Maleic Acid",0.208964779888076,0.0268379312150817,0.16382286536098,0.422886267740388,0.0732638126431893,5
"853","Maleic Acid",0.0775524608747357,0.119817274386459,0.346146319331088,0.956199023689471,0.141313643117275,6
"879","Maleic Acid",-0.0522102981165586,0.0321366921251339,0.17926709716268,0.253521960094718,0.126760980047359,2
"913","Maleic Acid",0.189669778833,0.0886584670828068,0.297755717128667,0.808196969203584,0.12155826249362,6
"138","Margaric Acid",-0.0654766223151996,0.00778634054352753,0.0882402433333427,0.233652368751714,0.0394622364888954,5
"177","Margaric Acid",0.202371541219801,0.00139841431236993,0.0373953782220467,0.0976108022744181,0.0152665992304001,6
"208","Margaric Acid",-0.0786131514911619,0.00478763531780398,0.0691927403547799,0.147519806068202,0.0345963701773899,4
"235","Margaric Acid",0.022349192436937,0.000792657082132957,0.0281541663370265,0.078277009439063,0.0114938902765263,6
"303","Margaric Acid",0.0984018689084266,0.00317083488992535,0.056310166843345,0.159315775172489,0.0229885293495305,6
"306","Margaric Acid",-0.0909170029434423,0.000422578216220316,0.020556707329247,0.0442192767373467,0.0102783536646235,4
"309","Margaric Acid",-0.0284252323831512,0.00244952371272788,0.0494926632212076,0.151716249155238,0.0202052951505617,6
"31","Margaric Acid",-0.0789541876270489,0.00278280617924733,0.0527523097053326,0.125665333298416,0.0263761548526663,4
"319","Margaric Acid",0.127080716482215,0.00344630189094296,0.0587052117868845,0.14899793833419,0.0262537688377991,5
"320","Margaric Acid",0.0847989092649459,0.0255249686074208,0.159765354840844,0.4555418933221,0.065223932989127,6
"324","Margaric Acid",-0.0606314227713256,0.00476055248049811,0.0689967570288496,0.153816278879897,0.0344983785144248,4
"358","Margaric Acid",-0.0383594161787968,0.00148471450348027,0.038531993245617,0.07347001190675,0.0222464566727698,3
"373","Margaric Acid",0.0727152286391852,0.00579618427383062,0.0761326754674406,0.181931530194628,0.0310810346080227,6
"375","Margaric Acid",0.104076842528402,0.00762751690497176,0.0873356565497264,0.123511269971382,0.0617556349856908,2
"381","Margaric Acid",-0.09821625139584,0.00160820499604358,0.0401024312984086,0.0926185711253569,0.0163717490210198,6
"406","Margaric Acid",-0.0271496065735734,0.000290951986778046,0.01705731475872,0.0532051275444939,0.00696361959015144,6
"42","Margaric Acid",0.0363045132859098,0.0313309093243715,0.177005393489497,0.250323428086032,0.125161714043016,2
"440","Margaric Acid",-0.0241805617074753,0.00649967623868642,0.080620569575552,0.222963177277146,0.032913209705442,6
"502","Margaric Acid",0.00593551929426803,0.00808326283047191,0.0899069676414009,0.191970898426638,0.0449534838207005,4
"513","Margaric Acid",-0.0157637279734235,0.00986849748181288,0.0993403114642434,0.277569180911677,0.040555512329425,6
"531","Margaric Acid",-0.0453873878819469,0.0139261416836653,0.118009074581853,0.248746600051284,0.0527752625453731,5
"535","Margaric Acid",-0.0662372657379162,0.0370423930994233,0.192464004685092,0.399430961015451,0.0962320023425462,4
"566","Margaric Acid",0.00284730377218326,0.0173341050241782,0.131659048394625,0.314849539888329,0.0537495814312047,6
"57","Margaric Acid",-0.0534185663916366,0.0194151262090336,0.139338172117455,0.357034262877052,0.0568845705633106,6
"776","Margaric Acid",0.0212050397116118,0.0192765933882231,0.138840172098075,0.326098399880981,0.0694200860490376,4
"83","Margaric Acid",-0.039793594973389,0.0150781012957329,0.122792920381156,0.346396017296717,0.0549146634255968,5
"853","Margaric Acid",-0.0103056806484251,0.0293324883363478,0.17126730083804,0.503824787440163,0.06991958277949,6
"879","Margaric Acid",-0.0343839781000089,0.0103929196539575,0.101945670108924,0.144172949293253,0.0720864746466267,2
"913","Margaric Acid",0.00961188663362081,0.0138901987300067,0.117856687251961,0.339485874516089,0.0481147910903474,6
"138","Methionine",0.0268026736013669,0.00254724843178567,0.0504702727532324,0.133518731545371,0.0225709921438366,5
"177","Methionine",0.0420498594313547,0.00393859160347536,0.0627581994919816,0.190063730854063,0.0256209276551916,6
"208","Methionine",-0.00340099253965767,0.00959572624838181,0.0979577778860965,0.227997472174457,0.0489788889430482,4
"235","Methionine",0.106083423423599,0.0116563559948818,0.107964605287482,0.275938394867718,0.0440763655392203,6
"303","Methionine",-0.0329645956070285,0.00731926764229173,0.0855527184973787,0.237281313501546,0.034926751071091,6
"306","Methionine",-0.0219365777713262,0.00503127659668835,0.0709314922773259,0.161208543763099,0.035465746138663,4
"309","Methionine",0.119579952726136,0.0106920825065032,0.103402526596323,0.273148143172103,0.0422139047125929,6
"31","Methionine",0.148693405413764,0.0367044181497053,0.191583971536518,0.455722545233354,0.095791985768259,4
"319","Methionine",0.0907869781467493,0.00576144919520101,0.0759042106552792,0.180171864301716,0.0339453949607336,5
"320","Methionine",-0.00339551612757875,0.0048560260374531,0.0696851923829812,0.191101865881106,0.0284488606609975,6
"324","Methionine",0.111661599521666,0.0149039182435218,0.122081604853154,0.253213106662,0.0610408024265772,4
"358","Methionine",0.161359313161759,0.0754388768944592,0.274661385881706,0.544048895142984,0.158575825074798,3
"373","Methionine",-0.113908073640277,0.0164348810010689,0.128198599840517,0.283917684825064,0.0523368592247518,6
"375","Methionine",-0.000372222395263973,0.0160538146943111,0.126703649096272,0.179186018954109,0.0895930094770545,2
"381","Methionine",-0.0491989713394078,0.00375840258180256,0.0613058119740907,0.162006275517003,0.0250279929339215,6
"406","Methionine",-0.0958121845872922,0.160277854797204,0.400347167839618,1.13725626056306,0.163441046862573,6
"42","Methionine",-0.611584351046974,0.00582853546214768,0.0763448456816024,0.107967916180203,0.0539839580901015,2
"440","Methionine",0.021987140954973,0.00407155872487885,0.0638087668340241,0.16439337824882,0.0260498199765976,6
"502","Methionine",0.00131492278213299,0.0150520652365255,0.122686858450795,0.273945687456314,0.0613434292253977,4
"513","Methionine",0.106072049167001,0.0278144547228359,0.166776661205445,0.433311570414528,0.0680862868263939,6
"531","Methionine",-0.163617606940692,0.0168078280552713,0.129645007830118,0.292624502254124,0.0579790100903271,5
"535","Methionine",0.101760575808731,0.0773259109545096,0.27807536919783,0.544135799649455,0.139037684598915,4
"566","Methionine",-0.0974758106906473,0.0165039134290129,0.1284675578853,0.326275837597194,0.052446660886741,6
"57","Methionine",0.0902504263906889,0.0568273384663298,0.238384853684813,0.556619669205365,0.0973202089893031,6
"776","Methionine",-0.31249946787262,0.0392272776013508,0.198058773098671,0.391019837417738,0.0990293865493355,4
"83","Methionine",-0.0840724249920824,0.0112030202487748,0.105844320814935,0.273145260952591,0.047335019274898,5
"853","Methionine",-0.0167119628383062,0.0322062773366726,0.179461074711684,0.483304760806452,0.0732646769558525,6
"879","Methionine",0.0380785255947774,0.0195483720870319,0.139815493015016,0.197728966451716,0.0988644832258578,2
"913","Methionine",0.125411962030481,0.00730057728533005,0.0854434156932531,0.223201740248026,0.0348821283881638,6
"138","Myristic Acid",-0.0486334998473746,0.00801609999812527,0.0895326755890009,0.232766732273784,0.0400402297648884,5
"177","Myristic Acid",-0.000119071216370146,0.00420751420807224,0.0648653544511416,0.185444299643593,0.0264811700650111,6
"208","Myristic Acid",-0.0968021894963292,0.0108281984512897,0.104058629874171,0.240321592082612,0.0520293149370854,4
"235","Myristic Acid",-0.0097657872174624,0.00903574379730703,0.0950565294827611,0.264181007361148,0.038806665658765,6
"303","Myristic Acid",-0.026355749206808,0.00864089412973891,0.0929564098367558,0.231153398267196,0.0379492954035138,6
"306","Myristic Acid",-0.0272759505693721,0.00279383465960243,0.0528567371259561,0.117046342398112,0.0264283685629781,4
"309","Myristic Acid",0.0501756520278633,0.00269183536397887,0.0518829004969737,0.155329528779979,0.0211811054321962,6
"31","Myristic Acid",-0.101797968137252,0.024081521515087,0.155182220357511,0.343606150376857,0.0775911101787554,4
"319","Myristic Acid",-0.00341039178509033,0.00582683221419738,0.0763336899029346,0.167775250996007,0.0341374639192702,5
"320","Myristic Acid",0.0439356922538827,0.0043355593875657,0.0658449647852112,0.177208224567301,0.0268810943092157,6
"324","Myristic Acid",0.0369388404812247,0.00468091025722941,0.068417178085839,0.157608431179857,0.0342085890429195,4
"358","Myristic Acid",-0.00276991936023394,0.0155024197513521,0.124508713555928,0.24312637216896,0.0718851392879689,3
"373","Myristic Acid",0.0502949004577449,0.00076428751673295,0.0276457504281029,0.0758304513310092,0.0112863303508636,6
"375","Myristic Acid",0.115722535414024,0.00573151608672246,0.0757067770197785,0.107065550824927,0.0535327754124632,2
"381","Myristic Acid",0.00849510931779351,0.00271873463159047,0.0521414866645598,0.123989057452082,0.0212866727930508,6
"406","Myristic Acid",0.00144929713092254,0.00895797133697418,0.0946465600905504,0.271963621282676,0.0386392963552525,6
"42","Myristic Acid",-0.0476309918788037,0.00717323772705578,0.0846949687233887,0.119776773433381,0.0598883867166907,2
"440","Myristic Acid",0.0785722924759156,0.00598842905341531,0.0773849407405298,0.18876594112351,0.0315922697649686,6
"502","Myristic Acid",-0.0157688064734641,0.00202880004799659,0.0450422029656254,0.105133700334323,0.0225211014828127,4
"513","Myristic Acid",-0.0460996051899983,0.00821807605405251,0.0906536047493563,0.263236704059054,0.0370091791633114,6
"531","Myristic Acid",-0.0166844787072634,0.00107612591193535,0.0328043581241174,0.0841600849468996,0.0146705549447548,5
"535","Myristic Acid",-0.0299180563939886,0.00829142356669128,0.0910572543331463,0.187759538415426,0.0455286271665731,4
"566","Myristic Acid",0.0520349760284637,0.00335785072741262,0.057946964781709,0.159496626118036,0.0236567493097024,6
"57","Myristic Acid",0.0148836702921299,0.00316601842206591,0.0562673832878863,0.156148880321511,0.0229710630361545,6
"776","Myristic Acid",0.0220584211684485,0.00446490895083539,0.066819974190622,0.155734127104235,0.033409987095311,4
"83","Myristic Acid",-0.0820773492949881,0.00301697018017882,0.0549269531303059,0.143469720556169,0.0245640801992618,5
"853","Myristic Acid",-0.0173652863504969,0.00523783264522062,0.0723728723018551,0.207974657099817,0.0295461013931918,6
"879","Myristic Acid",0.0575876410407042,0.0110440628639262,0.105090736337349,0.148620744608054,0.0743103723040269,2
"913","Myristic Acid",0.0267377133273138,0.00125756475871062,0.0354621595325302,0.0885425286596189,0.0144773660053122,6
"138","N-Ac-Alanine",-0.0553661234228778,0.00750886764592097,0.0866537226316387,0.210168745136769,0.0387527228615512,5
"177","N-Ac-Alanine",0.0406239496407912,0.0195231483010817,0.139725260068041,0.307971876185639,0.0570425985573964,6
"208","N-Ac-Alanine",-0.0999685601969301,0.00615088370936906,0.0784275698295508,0.162342914433746,0.0392137849147754,4
"235","N-Ac-Alanine",0.134511737066862,0.0109191873579249,0.104494915464461,0.250732649353011,0.0426598706005321,6
"303","N-Ac-Alanine",-0.0764334400936968,0.00536479351305086,0.0732447507542408,0.196934831986676,0.0299020442808705,6
"306","N-Ac-Alanine",-0.120625413156449,0.00442124448284474,0.0664924392908302,0.145554356773664,0.0332462196454151,4
"309","N-Ac-Alanine",-0.0209677806869124,0.00406635182141159,0.0637679529341471,0.168523265072927,0.0260331577717456,6
"31","N-Ac-Alanine",-0.123388868345521,0.0255312720852299,0.159785080921937,0.370526008661172,0.0798925404609685,4
"319","N-Ac-Alanine",-0.118619657583244,0.00436514884180561,0.0660692730534067,0.148307266412833,0.0295470771542825,5
"320","N-Ac-Alanine",-0.0451080513850061,0.00418782731587415,0.0647134245413898,0.151714825847854,0.0264191449390846,6
"324","N-Ac-Alanine",0.0795331031785866,0.00174249527803125,0.0417432063697945,0.0990637908452567,0.0208716031848973,4
"358","N-Ac-Alanine",0.0646949169410208,0.00340740133075855,0.058372950334539,0.11674584395777,0.0337016385890387,3
"373","N-Ac-Alanine",0.0163329157952434,0.0050139096007345,0.0708089655392204,0.216942300044967,0.0289076391309013,6
"375","N-Ac-Alanine",0.145991326507061,0.0100454420618458,0.100226952771427,0.141742315924679,0.0708711579623396,2
"381","N-Ac-Alanine",0.0318608419669488,0.00200550413686822,0.04478285538985,0.125249930167941,0.0182825241549966,6
"406","N-Ac-Alanine",0.0317900557360067,0.00440859036954009,0.0663972165797641,0.196690378260136,0.0271065501602475,6
"42","N-Ac-Alanine",-0.0687960824510216,0.0118885474480543,0.109034615824766,0.154198232467524,0.077099116233762,2
"440","N-Ac-Alanine",0.0190506689716912,0.00259830802195543,0.0509736012260801,0.120708552707783,0.0208098855593339,6
"502","N-Ac-Alanine",0.0613978704567689,0.0101316510237763,0.100656102764692,0.217408665490493,0.0503280513823462,4
"513","N-Ac-Alanine",-0.0339371481660016,0.000597385513732105,0.0244414711859189,0.0729558848800544,0.00997818882807317,6
"531","N-Ac-Alanine",0.0617334762548786,0.000738311376989425,0.0271718857827245,0.0571145557068331,0.0121516367374064,5
"535","N-Ac-Alanine",0.107431706979681,0.00660903981977743,0.0812960012533054,0.163527657427492,0.0406480006266527,4
"566","N-Ac-Alanine",-0.0212109704122455,0.00221881501359072,0.0471042993111109,0.126686654856895,0.0192302496672591,6
"57","N-Ac-Alanine",-0.170368224758799,0.0101111377073941,0.100554153108631,0.300865324131583,0.0410510611056402,6
"776","N-Ac-Alanine",0.0387002699874375,0.00300373609311558,0.0548063508465541,0.128393622036587,0.027403175423277,4
"83","N-Ac-Alanine",-0.038170361244709,0.00780675976981968,0.0883558700360066,0.245606680927015,0.0395139463223295,5
"853","N-Ac-Alanine",0.133646845246277,0.00563223501463696,0.0750482179311205,0.205636606076187,0.0306383066727394,6
"879","N-Ac-Alanine",-0.0341894993174667,4.07367206341897e-05,0.006382532462447,0.00902626397067909,0.00451313198533955,2
"913","N-Ac-Alanine",0.0768247100897176,0.00402645346103722,0.0634543415460063,0.174301739220214,0.0259051264586672,6
"138","N-Ac-Arginine",0.304145489281366,0.0193073084280993,0.138950741013135,0.330389426997417,0.0621406604858676,5
"177","N-Ac-Arginine",0.0623466360768502,0.0180058383203206,0.13418583502114,0.380769785925468,0.0547811377518463,6
"208","N-Ac-Arginine",0.385665627615127,0.0175585671215141,0.13250874356628,0.287522044472767,0.0662543717831399,4
"235","N-Ac-Arginine",0.286431927724721,0.0163265914187089,0.127775550942694,0.348630742560543,0.0521641502354329,6
"303","N-Ac-Arginine",-0.432274284901592,0.0299334721355003,0.173012924764309,0.4467662589248,0.0706322307631819,6
"306","N-Ac-Arginine",0.036960506830018,0.0302399766111176,0.173896453704834,0.371764506412966,0.0869482268524172,4
"309","N-Ac-Arginine",0.18824888358672,0.00796238888477779,0.0892322188717606,0.240712302984791,0.0364289008086935,6
"31","N-Ac-Arginine",0.0749856957384764,0.0169350157857428,0.130134606410988,0.265878688800386,0.0650673032054942,4
"319","N-Ac-Arginine",-0.206839317014898,0.0306384171473509,0.175038330508923,0.452384571162682,0.0782795211372053,5
"320","N-Ac-Arginine",0.167064062605129,0.0203434062500279,0.142630313222778,0.326224546144442,0.0582285815415246,6
"324","N-Ac-Arginine",0.0890009162991066,0.032137647785872,0.179269762608958,0.339585653883898,0.0896348813044788,4
"358","N-Ac-Arginine",0.195356771352204,0.0538294571661089,0.232011760835758,0.462734176518587,0.133952052573684,3
"373","N-Ac-Arginine",0.213333550795497,0.0335607919168317,0.183196047765315,0.439049172340517,0.0747894733199262,6
"375","N-Ac-Arginine",0.197395799729269,0.0275390719176208,0.165949003966944,0.234687332072359,0.117343666036179,2
"381","N-Ac-Arginine",0.350036734231872,0.00544725620292556,0.0738055296229596,0.190139638357218,0.0301309812953532,6
"406","N-Ac-Arginine",0.0404706334157229,0.00957870463310749,0.0978708569141371,0.252549726924631,0.0399556100214298,6
"42","N-Ac-Arginine",-0.110039211248373,0.0753559797154486,0.274510436441765,0.388216382228902,0.194108191114451,2
"440","N-Ac-Arginine",-0.854129362704762,0.0124818655930374,0.111722269906395,0.303654514384006,0.0456104256960282,6
"502","N-Ac-Arginine",-0.0842156536626736,0.0108358369544256,0.104095326285216,0.22927486831964,0.0520476631426079,4
"513","N-Ac-Arginine",0.21531382992746,0.0105513750038306,0.102719886116714,0.247090292905596,0.041935217903791,6
"531","N-Ac-Arginine",0.315294492197119,0.00420695540742319,0.0648610469189574,0.13461572820682,0.0290067420005184,5
"535","N-Ac-Arginine",-0.881178726043835,0.0356331419499834,0.188767428201963,0.446947497025822,0.0943837141009817,4
"566","N-Ac-Arginine",-0.0718462637060549,0.00504737744373232,0.071044897379983,0.189224236594936,0.0290039579015586,6
"57","N-Ac-Arginine",0.134078955748745,0.010864048370669,0.104230745803093,0.324833755450573,0.0425520237878862,6
"776","N-Ac-Arginine",-0.153978271894897,0.0210859737313194,0.145210102029161,0.330474599450583,0.0726050510145806,4
"83","N-Ac-Arginine",-0.230405736786276,0.0552637074012412,0.235082341746974,0.515985032216147,0.105132019291214,5
"853","N-Ac-Arginine",-0.00433855545012508,0.0124792454141092,0.111710542985473,0.296784312977671,0.0456056382006092,6
"879","N-Ac-Arginine",-0.46807281541703,0.0294266540508608,0.171541989177171,0.242597007610814,0.121298503805407,2
"913","N-Ac-Arginine",-0.0621655603662145,0.026246969774175,0.162009165710385,0.458434304547903,0.0661399649407413,6
"138","N-Ac-L-Glutamine",0.0325750259374465,0.0142111824647559,0.11921066422412,0.275236049232255,0.053312629769607,5
"177","N-Ac-L-Glutamine",0.211239505847861,0.00345835173196054,0.0588077523117534,0.156108474408469,0.0240081643472956,6
"208","N-Ac-L-Glutamine",-0.0652049570866961,0.00459891967298643,0.0678153350871794,0.154080711022431,0.0339076675435897,4
"235","N-Ac-L-Glutamine",0.0407657352654729,0.00934794752402959,0.0966847843459848,0.265680911108249,0.0394713979231156,6
"303","N-Ac-L-Glutamine",-0.100208896427896,0.0103777636638894,0.10187130932647,0.264691367212274,0.0415887878798469,6
"306","N-Ac-L-Glutamine",0.0639172904116154,0.00583726590816691,0.076402001990569,0.177651050999466,0.0382010009952845,4
"309","N-Ac-L-Glutamine",0.0245498846559875,0.00781648661940522,0.0884108964970112,0.208993743350477,0.0360935973532823,6
"31","N-Ac-L-Glutamine",-0.00178380920235352,0.0100778929876465,0.100388709462999,0.216820110320403,0.0501943547314997,4
"319","N-Ac-L-Glutamine",0.246912461029961,0.0100768868261055,0.100383698009714,0.269205299552656,0.0448929545165062,5
"320","N-Ac-L-Glutamine",-0.060216713494352,0.0296154661260044,0.172091446986782,0.43956363196498,0.0702560390358062,6
"324","N-Ac-L-Glutamine",0.114986637917258,0.00293239593905657,0.0541516014449856,0.106282407374875,0.0270758007224928,4
"358","N-Ac-L-Glutamine",-0.0420410215536209,0.0145744109917806,0.120724525229054,0.213001900588763,0.0697003371387843,3
"373","N-Ac-L-Glutamine",-0.103311793739037,0.00351239772849824,0.059265485136783,0.153983359371218,0.0241950329906031,6
"375","N-Ac-L-Glutamine",-0.0798499690226638,0.0715591913305162,0.267505497757553,0.378309902938097,0.189154951469048,2
"381","N-Ac-L-Glutamine",-0.0759220919168675,0.0427609232069436,0.206787144684924,0.642893696587859,0.0844204983075236,6
"406","N-Ac-L-Glutamine",0.0193476292267533,0.0354986219637866,0.188410779850269,0.507482259369936,0.0769183787788357,6
"42","N-Ac-L-Glutamine",-0.437629834289245,0.00821572080933602,0.090640613465135,0.128185184864211,0.0640925924321057,2
"440","N-Ac-L-Glutamine",0.107228844951551,0.0253565881732676,0.15923752124819,0.356920267963426,0.0650084458272765,6
"502","N-Ac-L-Glutamine",0.0310364778095363,0.0103461354148728,0.101715954573866,0.223710671675139,0.0508579772869332,4
"513","N-Ac-L-Glutamine",-0.0200242320755741,0.00622132748467779,0.0788753921364439,0.205540205387104,0.03220074399937,6
"531","N-Ac-L-Glutamine",-0.0511316605688035,0.0150982552032522,0.122874957592067,0.304396140364072,0.054951351581653,5
"535","N-Ac-L-Glutamine",0.112882922815473,0.0156686283455383,0.125174391732248,0.246142529991668,0.0625871958661241,4
"566","N-Ac-L-Glutamine",-0.0501505771454983,0.00616547877577986,0.0785205627576615,0.220729171086793,0.0320558855120758,6
"57","N-Ac-L-Glutamine",-0.132721930857751,0.0113420415875621,0.106499021533355,0.235813273207228,0.0434780434770664,6
"776","N-Ac-L-Glutamine",0.113267028868981,0.0363426572652157,0.190637502252877,0.432534337772614,0.0953187511264385,4
"83","N-Ac-L-Glutamine",-0.199984037929916,0.00497219078024991,0.0705137630555193,0.184555012935143,0.0315347135082909,5
"853","N-Ac-L-Glutamine",0.150380795396631,0.00644148901394273,0.0802588874452091,0.223252315314505,0.0327655535940382,6
"879","N-Ac-L-Glutamine",0.0276586934181253,0.00328857927482352,0.0573461356572831,0.0810996827962172,0.0405498413981086,2
"913","N-Ac-L-Glutamine",-0.0963728303589921,0.0150055171454135,0.122497008720269,0.341959404308687,0.0500091943969865,6
"138","N-Ac-Phenylalanine",-0.117379650445474,0.0214061439248447,0.146308386379061,0.36746279415608,0.065431099524377,5
"177","N-Ac-Phenylalanine",-0.289940049081805,0.00711459823914374,0.084348077862769,0.232016578561623,0.0344349585913882,6
"208","N-Ac-Phenylalanine",-0.195309318085531,0.00856732715674663,0.0925598571560405,0.21550357609672,0.0462799285780203,4
"235","N-Ac-Phenylalanine",-0.055674213516961,0.0124715057503392,0.111675896013147,0.268669477051268,0.0455914936333873,6
"303","N-Ac-Phenylalanine",0.132714751542381,0.00394191342027028,0.0627846591156652,0.160073439396168,0.0256317297513267,6
"306","N-Ac-Phenylalanine",-0.0033559661062009,0.013637144989009,0.116778187128457,0.247967801060359,0.0583890935642287,4
"309","N-Ac-Phenylalanine",0.00387745225040944,0.0145902927484766,0.120790284164235,0.328153436052298,0.0493124270146931,6
"31","N-Ac-Phenylalanine",-0.0621128078461363,0.0199360437652856,0.141195055739518,0.345277744481665,0.070597527869759,4
"319","N-Ac-Phenylalanine",-0.120026862842541,0.0116940317341434,0.108138946426084,0.262497888359417,0.0483612070447862,5
"320","N-Ac-Phenylalanine",-0.0521606785267172,0.0214950485717807,0.146611897783845,0.406880177261061,0.0598540566319174,6
"324","N-Ac-Phenylalanine",-0.119478503532315,0.0114157098560026,0.106844325333649,0.243570563447226,0.0534221626668245,4
"358","N-Ac-Phenylalanine",0.304282474316491,0.0275454073024769,0.165968091217791,0.309268075936065,0.0958217221414798,3
"373","N-Ac-Phenylalanine",-0.148374122412212,0.01037727978592,0.101868934351548,0.262718651298111,0.041587818300395,6
"375","N-Ac-Phenylalanine",0.0169823595926802,0.0108666972966665,0.104243452056551,0.147422503686964,0.0737112518434821,2
"381","N-Ac-Phenylalanine",0.0780749724871038,0.00903602415277673,0.0950580041489233,0.269252611701443,0.0388072676887048,6
"406","N-Ac-Phenylalanine",0.178369192176534,0.00454612556636725,0.0674249624869547,0.176722570830222,0.0275261256698894,6
"42","N-Ac-Phenylalanine",0.184154364371289,0.0377243102073666,0.194227470269698,0.274679122640825,0.137339561320412,2
"440","N-Ac-Phenylalanine",0.00870411033154103,0.0213920010952697,0.146260046134512,0.396595572943513,0.0597104137975804,6
"502","N-Ac-Phenylalanine",0.08955028429839,0.00397209466652938,0.0630245560597564,0.153302108801122,0.0315122780298782,4
"513","N-Ac-Phenylalanine",0.219301320883631,0.0072750342450578,0.0852938112940077,0.227814301311745,0.034821052647926,6
"531","N-Ac-Phenylalanine",0.116100005025501,0.0155955210503424,0.124882028532301,0.294308054824879,0.0558489409932586,5
"535","N-Ac-Phenylalanine",-0.0308032316859011,0.0140767900607454,0.118645649143765,0.262659477833277,0.0593228245718825,4
"566","N-Ac-Phenylalanine",0.0845468817819203,0.0185666584039877,0.136259525920163,0.392645570653665,0.0556277185163231,6
"57","N-Ac-Phenylalanine",-0.194395941449997,0.0118299305693659,0.108765484274037,0.280871636732687,0.0444033230163499,6
"776","N-Ac-Phenylalanine",0.179830372678089,0.0113762635134635,0.106659568316507,0.233087958534052,0.0533297841582533,4
"83","N-Ac-Phenylalanine",0.131383410757396,0.00338504086381946,0.0581811040099744,0.153430781219716,0.0260193807144577,5
"853","N-Ac-Phenylalanine",-0.0818478530533135,0.0216077327449684,0.146995689545539,0.415117236555957,0.060010738962523,6
"879","N-Ac-Phenylalanine",-0.196297236972334,0.0537735788753299,0.231891308322088,0.327943833225538,0.163971916612769,2
"913","N-Ac-Phenylalanine",0.0491051385393629,0.0037492846282461,0.0612314023050763,0.184052064855456,0.0249976153137524,6
"138","N-Acetyl-Aspartate (NAA)",-0.428563566958368,0.123033647344083,0.350761524891319,0.874694404464923,0.156865322709695,5
"177","N-Acetyl-Aspartate (NAA)",0.340682614122069,0.052904549881705,0.230009890834514,0.53798959087298,0.0939011447229701,6
"208","N-Acetyl-Aspartate (NAA)",0.137380611370061,0.138582768005132,0.372267065431703,0.850026621364478,0.186133532715852,4
"235","N-Acetyl-Aspartate (NAA)",-0.302551659270642,0.0181661733013832,0.134781947238431,0.366195973262891,0.05502449954548,6
"303","N-Acetyl-Aspartate (NAA)",-0.133719362056958,0.060835349324233,0.24664822992317,0.729720350564897,0.100693718212072,6
"306","N-Acetyl-Aspartate (NAA)",-0.311166100576051,0.0228718259014069,0.151234341012241,0.366675716883558,0.0756171705061206,4
"309","N-Acetyl-Aspartate (NAA)",-0.218751684570855,0.0373572920066624,0.193280345629509,0.510032659947196,0.0789063706835116,6
"31","N-Acetyl-Aspartate (NAA)",0.203065991079892,0.0664020422238942,0.257685937186906,0.603954870011419,0.128842968593453,4
"319","N-Acetyl-Aspartate (NAA)",0.236700909326839,0.0236154642212068,0.153673238467883,0.316563304564234,0.0687247615073444,5
"320","N-Acetyl-Aspartate (NAA)",0.225240269926562,0.0543260909384542,0.233079580698212,0.695280898727223,0.0951543403620789,6
"324","N-Acetyl-Aspartate (NAA)",0.386436907137899,0.0864625243185659,0.294045105925207,0.63569561384698,0.147022552962603,4
"358","N-Acetyl-Aspartate (NAA)",0.136215576944272,0.0129212593444588,0.11367171743428,0.206511102589528,0.0656283966599288,3
"373","N-Acetyl-Aspartate (NAA)",-0.707435761149924,0.0866933998634382,0.29443742945393,0.862413749420464,0.120203577223141,6
"375","N-Acetyl-Aspartate (NAA)",-0.0806835200011038,0.107397202289607,0.32771512368154,0.46345917250521,0.231729586252605,2
"381","N-Acetyl-Aspartate (NAA)",-0.45084373381005,0.0707428029345833,0.265975192329253,0.743420872967554,0.108583917574215,6
"406","N-Acetyl-Aspartate (NAA)",0.301742169540718,0.0536833057362378,0.231696581192381,0.515229386854666,0.0945897331781114,6
"42","N-Acetyl-Aspartate (NAA)",1.24360867289334,0.0116614238362799,0.107988072657493,0.152718196926757,0.0763590984633786,2
"440","N-Acetyl-Aspartate (NAA)",-0.269818038771675,0.0621369513902953,0.249272845272595,0.690067999437835,0.1017652129416,6
"502","N-Acetyl-Aspartate (NAA)",-0.0976399028365219,0.0257226700191765,0.160382885680413,0.339028416083543,0.0801914428402067,4
"513","N-Acetyl-Aspartate (NAA)",0.0695984114311155,0.0517658167613298,0.227521024877548,0.616428053285011,0.092885069450845,6
"531","N-Acetyl-Aspartate (NAA)",-0.27516753352994,0.0717070362853698,0.267781695202211,0.678631487557491,0.119755614720455,5
"535","N-Acetyl-Aspartate (NAA)",0.290073134866476,0.17989521678087,0.424140562527177,1.03413503427636,0.212070281263588,4
"566","N-Acetyl-Aspartate (NAA)",0.752024737127851,0.0805293139078425,0.283776873454907,0.831905090118125,0.115851423461146,6
"57","N-Acetyl-Aspartate (NAA)",0.0633435571493667,0.195104563482848,0.441706422279377,1.2725835528696,0.180325891782465,6
"776","N-Acetyl-Aspartate (NAA)",-0.221586893460906,0.029024467751277,0.170365688303945,0.352501661358316,0.0851828441519726,4
"83","N-Acetyl-Aspartate (NAA)",0.671106759296759,0.0570285069308666,0.238806421460702,0.540787398895058,0.106797478369919,5
"853","N-Acetyl-Aspartate (NAA)",0.0571054224042581,0.0791812505318655,0.281391631950677,0.800036204764086,0.114877652694701,6
"879","N-Acetyl-Aspartate (NAA)",0.151490378010429,0.0143706384528771,0.119877597794071,0.169532524625083,0.0847662623125413,2
"913","N-Acetyl-Aspartate (NAA)",-0.660636212678169,0.0492654512227142,0.221958219543035,0.604136960693948,0.0906140636828469,6
"138","N-AcetylGlycine",0.015405122645563,0.0266207303566724,0.163158604911517,0.380938372495951,0.0729667463392365,5
"177","N-AcetylGlycine",0.209933988253622,0.0328777431604413,0.181322208128076,0.511006390463564,0.0740244814914197,6
"208","N-AcetylGlycine",0.0280323103506086,0.0868545496435365,0.294710959490034,0.676031020013832,0.147355479745017,4
"235","N-AcetylGlycine",0.0256382496262354,0.0165382666020717,0.128601192070959,0.302722535458382,0.0525012168145839,6
"303","N-AcetylGlycine",-0.0172760739762798,0.0374965171026659,0.193640174299307,0.479915085126241,0.0790532701228164,6
"306","N-AcetylGlycine",-0.082392362676907,0.00474449365321871,0.0688802849385708,0.135076379581501,0.0344401424692854,4
"309","N-AcetylGlycine",-0.0451947868834369,0.014856212318503,0.121886062855862,0.349803363567549,0.0497597767922764,6
"31","N-AcetylGlycine",0.0201156085137692,0.0218724663426356,0.147893429004252,0.351333492122401,0.0739467145021258,4
"319","N-AcetylGlycine",-0.0268560335446494,0.0568324327999221,0.238395538548695,0.603749678117507,0.106613725945511,5
"320","N-AcetylGlycine",0.0232996021534874,0.0534596884097279,0.231213512601941,0.654104221291794,0.0943925212518873,6
"324","N-AcetylGlycine",0.0181110459508037,0.0149642386429132,0.122328404889924,0.289226558720575,0.0611642024449621,4
"358","N-AcetylGlycine",-0.115416231442094,0.000346090042622677,0.018603495440983,0.0358024611894324,0.0107407331007195,3
"373","N-AcetylGlycine",-0.0625268767325609,0.0177902123511187,0.133379954832496,0.348735671089455,0.0544521385425138,6
"375","N-AcetylGlycine",-0.0244552502275595,0.00020758740216693,0.0144078937449903,0.0203758387393957,0.0101879193696979,2
"381","N-AcetylGlycine",0.0925030209839807,0.036596259268849,0.191301487889794,0.482614169698949,0.0780985053942018,6
"406","N-AcetylGlycine",-0.0473820543249494,0.0133697342062034,0.115627566809146,0.265865712340166,0.0472047564803298,6
"42","N-AcetylGlycine",0.296881764796342,0.0683178494510311,0.261376834189702,0.369642663801221,0.18482133190061,2
"440","N-AcetylGlycine",-0.0733115510628066,0.00527563009234608,0.072633532836742,0.196837273120719,0.0296525156109508,6
"502","N-AcetylGlycine",-0.087397682346567,0.032089618273089,0.17913575375421,0.390414038257527,0.0895678768771051,4
"513","N-AcetylGlycine",0.0289048172371223,0.067376374210823,0.259569594156987,0.690588239016317,0.105968843070989,6
"531","N-AcetylGlycine",0.0738965058585296,0.0349743624792375,0.187014337630133,0.444003314741322,0.083635354341615,5
"535","N-AcetylGlycine",-0.141988431083737,0.0101174097182679,0.100585335503083,0.242439751473241,0.0502926677515417,4
"566","N-AcetylGlycine",-0.0538008272963511,0.00631689355157438,0.0794788874580815,0.209523262685077,0.0324471199327315,6
"57","N-AcetylGlycine",-0.0220344520072211,0.0227402171727088,0.150798598046231,0.378407700773759,0.0615632698567212,6
"776","N-AcetylGlycine",-0.093957373419147,0.00509175336697657,0.071356522946235,0.165710617375456,0.0356782614731175,4
"83","N-AcetylGlycine",0.189928350104396,0.0930348711779483,0.305016181829667,0.754881677260039,0.136407383361714,5
"853","N-AcetylGlycine",-0.0513040608940978,0.00445502499640051,0.0667459736343737,0.197125515344799,0.0272489296315791,6
"879","N-AcetylGlycine",-0.113202961624869,0.00499915484678678,0.0707047017304138,0.0999915481106956,0.0499957740553478,2
"913","N-AcetylGlycine",0.0131909052505829,0.0104885450732876,0.102413598087791,0.247004089015699,0.0418101763395939,6
"138","n-Glycylproline",-0.140033985016123,0.0143804104022681,0.119918348897356,0.295611262642557,0.0536291159768052,5
"177","n-Glycylproline",-0.0120998057382684,0.00711019722096441,0.0843219853950582,0.218068819264685,0.0344243063860513,6
"208","n-Glycylproline",0.0938451382193992,0.0156999478192811,0.125299432637507,0.246006235053282,0.0626497163187533,4
"235","n-Glycylproline",0.00316983945984877,0.00759454955972648,0.0871467128452157,0.249299276991891,0.0355774965386045,6
"303","n-Glycylproline",-0.0128363620242619,0.00565732034483682,0.075215160339102,0.22711719025569,0.0307064606254037,6
"306","n-Glycylproline",0.0353780128629474,0.00316999270575587,0.0563026882640241,0.115472715738382,0.028151344132012,4
"309","n-Glycylproline",0.270893412770815,0.000596589329938586,0.0244251781966598,0.0670060747667324,0.00997153724306159,6
"31","n-Glycylproline",-0.134781554802528,0.00317257513168695,0.0563256170111518,0.122227343474443,0.0281628085055759,4
"319","n-Glycylproline",0.0423243504468483,0.00880686260102258,0.0938448858543852,0.233458702893389,0.0419687088222227,5
"320","n-Glycylproline",0.00142504830035131,0.00241654382607567,0.0491583545908086,0.124824733147185,0.020068814223714,6
"324","n-Glycylproline",0.0293613056317417,0.00619700729280894,0.07872107273665,0.185038727441084,0.039360536368325,4
"358","n-Glycylproline",-0.0259184057254603,0.0589829388150506,0.242864033597094,0.422206264552776,0.140217615173761,3
"373","n-Glycylproline",0.0328046651727291,0.00248865484365988,0.0498864194311426,0.151925572016608,0.0203660454501272,6
"375","n-Glycylproline",-0.00997431699436635,0.00943006962980741,0.0971085456064883,0.137332222219022,0.068666111109511,2
"381","n-Glycylproline",0.0601613887157544,0.00338518838747284,0.0581823717931199,0.154713512853264,0.0237528538196741,6
"406","n-Glycylproline",0.0240558792904935,0.0090540115250557,0.0951525697238687,0.275137314079588,0.038845873923013,6
"42","n-Glycylproline",0.0155709373402403,0.00630027477373655,0.0793742702249069,0.11225216945553,0.0561260847277652,2
"440","n-Glycylproline",-0.0368170124920805,0.00496942884641284,0.0704941759751317,0.181188722376618,0.0287791268295063,6
"502","n-Glycylproline",-0.0890501811839271,0.0129292886445052,0.113707029881645,0.240577961879476,0.0568535149408223,4
"513","n-Glycylproline",0.0467456844814979,0.0190756523356146,0.13811463476263,0.402557911034976,0.0563850635298844,6
"531","n-Glycylproline",0.0610593963729438,0.0131034110794029,0.114470131822248,0.286007247337083,0.0511925992295818,5
"535","n-Glycylproline",-0.0097270113674624,0.037305083956857,0.193145240575213,0.444061820976794,0.0965726202876066,4
"566","n-Glycylproline",-0.117045102723498,0.00160772797448935,0.0400964833182331,0.0900628829757289,0.0163693207682815,6
"57","n-Glycylproline",0.00543408370179807,0.0261199994153428,0.161616828997919,0.457760786316955,0.0659797941485911,6
"776","n-Glycylproline",-0.223266224103897,0.0288863693599353,0.169959905153937,0.310772283704217,0.0849799525769686,4
"83","n-Glycylproline",-0.125598746407279,0.00104205714551233,0.0322809099238595,0.0796786064612929,0.0144364617930595,5
"853","n-Glycylproline",-0.011371050869363,0.0225376697477499,0.15012551331386,0.376746312627744,0.0612884841653932,6
"879","n-Glycylproline",0.249217052766815,2.28363832476441e-05,0.00477874285222004,0.00675816295270307,0.00337908147635153,2
"913","n-Glycylproline",0.00753514077817568,0.0198059307965683,0.140733545384774,0.401608913185455,0.0574542293142525,6
"138","N2,N2-Dimethylguanosine",0.0498897661058748,0.00381548911889743,0.0617696456109102,0.142807296705283,0.0276242253064133,5
"177","N2,N2-Dimethylguanosine",-0.0782959413362165,0.011923796509052,0.10919613779366,0.280180697833819,0.0445791365795181,6
"208","N2,N2-Dimethylguanosine",-0.0696170626910604,0.00966672863425237,0.0983195231591995,0.211757265653913,0.0491597615795998,4
"235","N2,N2-Dimethylguanosine",0.024821994832102,0.00303164748898015,0.0550603985544978,0.15627595508276,0.0224783135821327,6
"303","N2,N2-Dimethylguanosine",-0.021058862339464,0.00228257267463109,0.0477762773207697,0.106525024634048,0.0195045835409317,6
"306","N2,N2-Dimethylguanosine",-0.114398731416523,0.000379605737025648,0.0194834734332882,0.0434994774174077,0.00974173671664411,4
"309","N2,N2-Dimethylguanosine",0.035928105296689,0.00304118146043272,0.0551469079861484,0.161813881132716,0.022513630909713,6
"31","N2,N2-Dimethylguanosine",-0.0334188024998964,0.0365353855907434,0.191142317634645,0.438580337568705,0.0955711588173224,4
"319","N2,N2-Dimethylguanosine",-0.0333337763900609,0.00267789515330274,0.0517483830984383,0.122724548389109,0.0231425804667619,5
"320","N2,N2-Dimethylguanosine",0.0209278637284248,0.00405912492525879,0.0637112621540241,0.184503786149343,0.0260100138576754,6
"324","N2,N2-Dimethylguanosine",-0.0200384940153215,0.00195334051622404,0.0441966120446357,0.0974807769722178,0.0220983060223179,4
"358","N2,N2-Dimethylguanosine",0.0499821338266422,0.0103142680790367,0.101559185104237,0.193726857791091,0.0586352228586102,3
"373","N2,N2-Dimethylguanosine",0.108646530529667,0.0119690028115168,0.109402937855968,0.304355194958738,0.0446635623514232,6
"375","N2,N2-Dimethylguanosine",0.118292597621927,0.0014880705372753,0.0385755173299763,0.0545540197836109,0.0272770098918054,2
"381","N2,N2-Dimethylguanosine",0.144051043665107,0.00190860360274218,0.0436875680570821,0.125095947538982,0.0178353749738274,6
"406","N2,N2-Dimethylguanosine",-0.0120368309279058,0.00695483695811095,0.0833956651038347,0.216234746185723,0.0340461377107373,6
"42","N2,N2-Dimethylguanosine",-0.122118053283389,0.00417153268937722,0.0645874034884297,0.0913403819718006,0.0456701909859003,2
"440","N2,N2-Dimethylguanosine",0.0309828571342648,0.002426646717579,0.0492610060552868,0.125150323310014,0.0201107215086008,6
"502","N2,N2-Dimethylguanosine",0.0619767342442412,0.00488457954377166,0.0698897670891215,0.159718560532516,0.0349448835445608,4
"513","N2,N2-Dimethylguanosine",0.013575980613405,0.0114092958709572,0.106814305553878,0.3079797180318,0.0436067576394555,6
"531","N2,N2-Dimethylguanosine",-0.002269196595964,0.00392211957368651,0.0626268279069482,0.1650050217563,0.0280075688830234,5
"535","N2,N2-Dimethylguanosine",-0.0671011622044217,0.0045190768661438,0.0672240795113165,0.13368427016813,0.0336120397556582,4
"566","N2,N2-Dimethylguanosine",-0.0640682689285303,0.0202709439681208,0.142376065292312,0.370869317662125,0.0581247852585578,6
"57","N2,N2-Dimethylguanosine",-0.132310235686132,0.0328668996961439,0.181292304569565,0.455038917045402,0.0740122734147789,6
"776","N2,N2-Dimethylguanosine",0.0616875186798891,0.00158874302755437,0.0398590394710456,0.0823119307732395,0.0199295197355228,4
"83","N2,N2-Dimethylguanosine",-0.0442241926379755,0.00298522084345181,0.0546371745558993,0.113456998362408,0.0244344872811025,5
"853","N2,N2-Dimethylguanosine",-0.105965398191556,0.00726039875077899,0.0852079735164438,0.237828645181439,0.0347860095219783,6
"879","N2,N2-Dimethylguanosine",0.155226457136064,0.0018447215992936,0.0429502223427726,0.0607407869440889,0.0303703934720445,2
"913","N2,N2-Dimethylguanosine",0.104897593739123,0.0234680465207176,0.153192840957786,0.428889183459674,0.0625407154323187,6
"138","N6-Acetyl-Lysine",0.0523913946649775,0.0138155837437762,0.117539711348022,0.244718546538237,0.0525653569259759,5
"177","N6-Acetyl-Lysine",-0.0210115009766861,0.0214694550168258,0.146524588437661,0.338523866142697,0.0598184127405961,6
"208","N6-Acetyl-Lysine",0.0323284860077546,0.00488789442753531,0.06991347815361,0.15185859557203,0.034956739076805,4
"235","N6-Acetyl-Lysine",0.101688285429196,0.0122727717133079,0.11078254245732,0.318091100767417,0.0452267835714412,6
"303","N6-Acetyl-Lysine",0.0248719147740563,0.0180755951998307,0.134445510151253,0.359556506174719,0.054887149679791,6
"306","N6-Acetyl-Lysine",-0.0882240327641534,0.012304220516949,0.110924390992013,0.25366052703107,0.0554621954960066,4
"309","N6-Acetyl-Lysine",-0.0890631269839091,0.0140780379804611,0.118650908047351,0.311011616025084,0.0484390303723163,6
"31","N6-Acetyl-Lysine",0.389807649484029,0.0298289259859698,0.172710526563872,0.363948311514719,0.0863552632819358,4
"319","N6-Acetyl-Lysine",-0.172500766529596,0.0248447173627893,0.157622071305986,0.42349778663118,0.0704907332389006,5
"320","N6-Acetyl-Lysine",0.030315995079793,0.0106111017554839,0.103010202191258,0.28835507977296,0.042053738944918,6
"324","N6-Acetyl-Lysine",-0.106188673204264,0.0106949474395594,0.103416378971415,0.236241396961337,0.0517081894857076,4
"358","N6-Acetyl-Lysine",0.213369912806864,0.0114832585228041,0.107159966978364,0.213835657194189,0.0618688357813098,3
"373","N6-Acetyl-Lysine",0.00652581198940189,0.00744392127740054,0.086278162227765,0.25920597484441,0.0352229122338489,6
"375","N6-Acetyl-Lysine",-0.132661558344944,0.00657866143058119,0.0811089479070046,0.114705374159899,0.0573526870799494,2
"381","N6-Acetyl-Lysine",-0.0131514079533161,0.0507661617326421,0.225313474369915,0.455116668180399,0.091983840729991,6
"406","N6-Acetyl-Lysine",-0.293351632190626,0.0424307780023056,0.205987324858365,0.499417776151843,0.0840939732306519,6
"42","N6-Acetyl-Lysine",0.142774734671269,0.122582028863034,0.350117164479313,0.495140442426256,0.247570221213128,2
"440","N6-Acetyl-Lysine",-0.204408918934173,0.0682871556978504,0.261318112073868,0.697161162809632,0.106682672521401,6
"502","N6-Acetyl-Lysine",0.0455452455237306,0.0868640986651775,0.294727159700591,0.624919644061971,0.147363579850295,4
"513","N6-Acetyl-Lysine",0.268877501714336,0.139124523906084,0.372993999825847,0.984532760611281,0.15227416278218,6
"531","N6-Acetyl-Lysine",-0.115173575325915,0.0368352809418488,0.191925196214173,0.446450604726717,0.0858315570659752,5
"535","N6-Acetyl-Lysine",0.0153558943737504,0.127825444498968,0.357526844445236,0.688045750756947,0.178763422222618,4
"566","N6-Acetyl-Lysine",0.12254429096751,0.0939257962831511,0.306473157524686,0.783222588215038,0.125117142632515,6
"57","N6-Acetyl-Lysine",0.0298956513729903,0.0114590361363212,0.107046887560177,0.328463499072379,0.0437017088459197,6
"776","N6-Acetyl-Lysine",0.0601441992603437,0.00563020332841567,0.0750346808377011,0.144983900774563,0.0375173404188505,4
"83","N6-Acetyl-Lysine",0.0853694860457248,0.0295868527373157,0.172008292641127,0.423663953386176,0.0769244470078475,5
"853","N6-Acetyl-Lysine",-0.160794790456958,0.0963159235118656,0.310348068323078,0.800098472450718,0.126699068341659,6
"879","N6-Acetyl-Lysine",-0.0085208775925822,0.0151856229142547,0.123229959483296,0.174273479991964,0.0871367399959818,2
"913","N6-Acetyl-Lysine",-0.0177384246464151,0.101951126364777,0.319297864641743,0.866374647932334,0.130352807388754,6
"138","N6-Trimethyllysine",-0.0133397076468704,0.0544832489110741,0.23341647095069,0.591430023587956,0.104387019222769,5
"177","N6-Trimethyllysine",0.0836323419355601,0.0306196981024775,0.174984851065678,0.442103555023032,0.0714372663046367,6
"208","N6-Trimethyllysine",0.228544810972101,0.0866199567041676,0.294312685258668,0.585739424041804,0.147156342629334,4
"235","N6-Trimethyllysine",0.0221368852320372,0.0576805989193834,0.240167855716337,0.587726576530638,0.0980481165205664,6
"303","N6-Trimethyllysine",-0.148625164965198,0.0336864612223115,0.183538718591777,0.490468848766046,0.074929368099021,6
"306","N6-Trimethyllysine",-0.206689114317528,0.0131985505724707,0.114884944933924,0.265469428096095,0.0574424724669618,4
"309","N6-Trimethyllysine",-0.295305462074559,0.0286540841809834,0.16927517296102,0.416935614046671,0.0691062999793113,6
"31","N6-Trimethyllysine",0.228804224595438,0.178919662679412,0.422988962834034,0.926707105669744,0.211494481417017,4
"319","N6-Trimethyllysine",-0.0720357872232924,0.0327074279822571,0.180851950451902,0.355298705854304,0.0808794510147752,5
"320","N6-Trimethyllysine",0.0185076650834024,0.0613208611681857,0.24763049321153,0.55918366229898,0.10109472552033,6
"324","N6-Trimethyllysine",-0.0869132340211998,0.0222310957639597,0.14910095829323,0.326905747523062,0.0745504791466152,4
"358","N6-Trimethyllysine",1.25693083727196,0.0664615734806356,0.257801422572948,0.51522891089348,0.14884172071996,3
"373","N6-Trimethyllysine",0.0580711581225938,0.00507024405044456,0.071205646197788,0.153035723469545,0.0290695833316216,6
"375","N6-Trimethyllysine",0.145671481509849,0.100489819048666,0.317001291872235,0.448307526255507,0.224153763127753,2
"381","N6-Trimethyllysine",-0.247085680077068,0.0745918040092707,0.273115001435788,0.647639655124661,0.111498732436196,6
"406","N6-Trimethyllysine",-0.155414178194186,0.0947058157653401,0.307743100272516,0.683262289338855,0.125635594588304,6
"42","N6-Trimethyllysine",0.12184712875429,0.0215064095143186,0.146650637619884,0.207395320652702,0.103697660326351,2
"440","N6-Trimethyllysine",-0.0738343472440885,0.0884009628777899,0.297322994196194,0.839809271627824,0.121381604096193,6
"502","N6-Trimethyllysine",-0.222099789621099,0.119620848783707,0.345862470909618,0.711978562310737,0.172931235454809,4
"513","N6-Trimethyllysine",-0.096204865057354,0.135005087599406,0.367430384698116,0.874978497649026,0.150002826417486,6
"531","N6-Trimethyllysine",-0.10217691048842,0.102499921003405,0.320156088499664,0.661485455327833,0.143178155459138,5
"535","N6-Trimethyllysine",0.147938881196331,0.134478149529024,0.366712625265376,0.643913071498685,0.183356312632688,4
"566","N6-Trimethyllysine",-0.0919996815178177,0.11261246294954,0.335577804613982,0.879610951723649,0.136999065051274,6
"57","N6-Trimethyllysine",0.644992500848523,0.0466163573898618,0.215908215197713,0.453825049724316,0.0881441597515701,6
"776","N6-Trimethyllysine",-0.247609965724407,0.00953399415526303,0.0976421740605105,0.213605018581963,0.0488210870302552,4
"83","N6-Trimethyllysine",0.23703502846739,0.0256647356709167,0.160202171242829,0.402304269839076,0.0716445890084055,5
"853","N6-Trimethyllysine",-0.15027137063029,0.112210650548931,0.334978582224194,0.918612899107736,0.136754433535036,6
"879","N6-Trimethyllysine",-0.346830075315673,0.0517620901466067,0.227512835124981,0.321751737047702,0.160875868523851,2
"913","N6-Trimethyllysine",-0.10651412639079,0.0999714457739168,0.316182614597825,0.774219261058521,0.129081011883957,6
"138","NAD",-0.0216158429963288,0.0373238724731021,0.193193872762834,0.498846255232482,0.0863989264668285,5
"177","NAD",0.0211112078363572,0.00995784517530943,0.0997890032784646,0.292331394046756,0.040738689995526,6
"208","NAD",0.0439823538672824,0.0107521809077435,0.103692723504321,0.238336069010825,0.0518463617521604,4
"235","NAD",0.0695627444788411,0.0121929345488475,0.110421621745234,0.267029929543786,0.0450794383077391,6
"303","NAD",0.0799363608032992,0.0073083663390239,0.085488983729039,0.241453428211752,0.0349007314608732,6
"306","NAD",0.123001960802793,0.000321984258125408,0.0179439198093785,0.0393366001551468,0.00897195990468927,4
"309","NAD",0.0503882485072854,0.00153777685029983,0.0392144979605736,0.106013528338201,0.0160092517538028,6
"31","NAD",-0.0334194260053806,0.0255836825587744,0.159948999868003,0.368327985001566,0.0799744999340015,4
"319","NAD",0.0106641145136044,0.00628735688134902,0.079292855172134,0.198814741962977,0.0354608428589875,5
"320","NAD",0.101946408543878,0.00505950171159182,0.0711301744099634,0.163057199842573,0.029038772103264,6
"324","NAD",-0.338298341235976,0.00417318918194667,0.0646002258660654,0.136324996446695,0.0323001129330327,4
"358","NAD",-0.201543293998699,0.0052762578835113,0.0726378543427,0.139073056447619,0.0419374847581147,3
"373","NAD",0.14202604324466,0.00246010759885743,0.0495994717598628,0.142778645209918,0.0202488995538746,6
"375","NAD",0.0446355639781564,0.00812171425442334,0.090120554006416,0.12744970972445,0.0637248548622252,2
"381","NAD",0.0111241722094476,0.00196418495566437,0.0443191262962659,0.12904302204913,0.0180932075453026,6
"406","NAD",0.186483961469534,0.000281037831288151,0.0167641829889843,0.0465595752840064,0.00684394904627621,6
"42","NAD",-0.134922023670782,0.0162421925887328,0.127444860974198,0.180234250844465,0.0901171254222325,2
"440","NAD",0.0623670644747957,0.00240832774862855,0.0490747159811298,0.118694180018133,0.0200346689042958,6
"502","NAD",-0.0852076419134273,0.00471319353834837,0.0686527023382792,0.159380535271406,0.0343263511691396,4
"513","NAD",0.0028746619258265,0.00328085821997383,0.0572787763484332,0.154391721963371,0.0233839625241098,6
"531","NAD",0.0405541151506666,0.00204797333527973,0.0452545393886595,0.115613921539035,0.0202384452726969,5
"535","NAD",0.0922046196552569,0.00418594579894322,0.0646988856082021,0.147075096596462,0.032349442804101,4
"566","NAD",-0.0544011700746443,0.0152733050542666,0.123585213736379,0.367932338137665,0.050453452234488,6
"57","NAD",-0.403414081935898,0.235144188068123,0.484916681573363,1.13769047286677,0.197966406269735,6
"776","NAD",-0.101358479154274,0.00711618157487566,0.0843574630656687,0.175423633340751,0.0421787315328344,4
"83","NAD",-0.131350420459707,0.0108815191250845,0.104314520202532,0.26326146787138,0.0466508716426275,5
"853","NAD",0.0493317941777427,0.00552929338282907,0.0743592185463852,0.190699635906406,0.0303570238517905,6
"879","NAD",0.122408388533787,0.00541426662340533,0.0735817003296698,0.104060238548692,0.0520301192743459,2
"913","NAD",0.0549135858734589,0.00793690740296471,0.0890893226091921,0.237394019082895,0.0363705636537863,6
"138","NADH",-0.101153361104053,0.0152494913625703,0.123488830922356,0.344408279693037,0.0552258840808733,5
"177","NADH",0.0719526762193591,0.0221246055812113,0.148743421976272,0.36366876526252,0.060724247739558,6
"208","NADH",0.165811626017988,0.0266673481762172,0.16330140286053,0.372122599053285,0.0816507014302651,4
"235","NADH",0.0387128729512568,0.0193799282617773,0.139211810784061,0.346073475035255,0.0568329837649718,6
"303","NADH",-0.0212656601486363,0.00783170083527031,0.0884968973200208,0.225609975198025,0.0361287070422545,6
"306","NADH",0.0460838190583513,0.00366165159041502,0.0605115822831879,0.137624329205991,0.030255791141594,4
"309","NADH",-0.0448288756845519,0.00267472154595357,0.0517177101770135,0.124527973629647,0.0211136667664713,6
"31","NADH",-0.133263842750849,0.0119184242544807,0.109171535917018,0.258769758937385,0.0545857679585088,4
"319","NADH",-0.0252974106928932,0.000911148701681552,0.0301852397983112,0.0751622905065929,0.0134992496212312,5
"320","NADH",-0.0940841175695562,0.0116642670545909,0.10800123635677,0.291017452501897,0.044091320110635,6
"324","NADH",-0.132119024471336,0.00434777877504022,0.0659376885782344,0.159560251799707,0.0329688442891172,4
"358","NADH",0.00800927622761632,0.00144913121715759,0.0380674561424531,0.0761242041816888,0.0219782560512096,3
"373","NADH",0.17030971974699,0.00249953855970595,0.0499953853841127,0.148325802017652,0.020410530614146,6
"375","NADH",0.0149922650481356,0.00209546532930615,0.0457762528971753,0.064737397681806,0.032368698840903,2
"381","NADH",0.13565808260248,0.00158758771813993,0.0398445443961896,0.104781452825286,0.0162664671340559,6
"406","NADH",0.0674666084977171,0.00516655080990273,0.0718787229289915,0.194124383336054,0.0293443657564865,6
"42","NADH",0.038780764615408,0.00291451194587424,0.0539862199628224,0.0763480444526805,0.0381740222263403,2
"440","NADH",-0.00669076881525169,0.00571971328633875,0.0756287860958957,0.203819986356333,0.0308753226335066,6
"502","NADH",0.0540175338829358,0.00503182457222272,0.0709353548819115,0.145125768141038,0.0354676774409557,4
"513","NADH",-0.0493770695153521,0.00723599583637935,0.0850646567992804,0.237007789108533,0.0347275007172014,6
"531","NADH",0.0829630676500899,0.00371576437620969,0.0609570699444264,0.145688714445804,0.0272608304209894,5
"535","NADH",-0.187436965503296,0.0103759423192701,0.101862369495659,0.227043126489171,0.0509311847478294,4
"566","NADH",-0.00102655285731225,0.00458008593641822,0.0676763321732068,0.199769629327924,0.0276287469145762,6
"57","NADH",-0.0735646744402341,0.0220339427368771,0.148438346584961,0.443449158516592,0.0605997012325928,6
"776","NADH",-0.00498805881618894,0.0063900310520772,0.0799376697938913,0.175970090341371,0.0399688348969456,4
"83","NADH",-0.0663081877924849,0.0117978344112616,0.108617836524493,0.277611945673954,0.0485753732075453,5
"853","NADH",0.0500654240743651,0.0126486010582524,0.112465999565435,0.329413526611778,0.0459140520578984,6
"879","NADH",0.0362382365329996,0.012511565114941,0.11185510768374,0.158187010307048,0.0790935051535239,2
"913","NADH",-0.0579095402362153,0.0104189463953099,0.102073240348829,0.293763559406489,0.0416712258745166,6
"138","Neopterin",-0.0289644928398071,0.00835056951963347,0.0913814506321358,0.193711989644219,0.0408670270991994,5
"177","Neopterin",-0.145894460051609,0.0107533105559501,0.103698170456137,0.247718892705976,0.0423346008129484,6
"208","Neopterin",-0.115682116063074,0.00467350903578741,0.0683630677763031,0.154316731186191,0.0341815338881516,4
"235","Neopterin",0.0416954903515968,0.0144640622978577,0.120266630026195,0.305844877341427,0.049098646108044,6
"303","Neopterin",0.00943231602221385,0.00372150575411579,0.061004145384685,0.149589885967061,0.0249048380645066,6
"306","Neopterin",-0.00120592241215104,0.00139407936014441,0.0373373721644201,0.086869650400292,0.0186686860822101,4
"309","Neopterin",0.0430804471215843,0.00876510053737012,0.0936221156424598,0.273248553065684,0.0382210686606443,6
"31","Neopterin",-0.0807993641862519,0.0165564176573568,0.128671743818745,0.287751916766447,0.0643358719093726,4
"319","Neopterin",-0.111827423843921,0.0113343622289254,0.106462961770399,0.269829177461373,0.0476116839209146,5
"320","Neopterin",-0.157261077695785,0.00675505840480322,0.0821891623318015,0.199406566987661,0.0335535850166149,6
"324","Neopterin",-0.0313620106737311,0.0112307872244354,0.105975408583479,0.254133553472965,0.0529877042917397,4
"358","Neopterin",0.132673936734675,0.0218646683404195,0.147867063068215,0.286192266845528,0.0853710886667133,3
"373","Neopterin",0.0376431638841323,0.00292426147643923,0.054076441048198,0.139772590476951,0.0220766146122967,6
"375","Neopterin",0.0843847810884142,0.0301926092988566,0.173760206315648,0.245734040372337,0.122867020186168,2
"381","Neopterin",0.0742435578746464,0.00536888086437996,0.0732726474503274,0.17535908717997,0.0299134330593575,6
"406","Neopterin",0.0655938014315234,0.00919099387367943,0.0958696712922258,0.276826326515586,0.0391386294123837,6
"42","Neopterin",-0.12229886256056,0.0258371839634775,0.160739490989232,0.22731996816592,0.11365998408296,2
"440","Neopterin",0.0292658529184412,0.0128278568975944,0.113260129337708,0.298321208605057,0.0462382541798354,6
"502","Neopterin",0.130619188690346,0.0112969093267263,0.106286919828953,0.250806315112569,0.0531434599144764,4
"513","Neopterin",0.0970536787197422,0.0130610548121489,0.114284971943598,0.307620347164643,0.0466566444216843,6
"531","Neopterin",0.144691997782268,0.0106238300928321,0.103071965600895,0.244003113604547,0.0460951843316243,5
"535","Neopterin",-0.0858030433721485,0.0280563011315004,0.167500152631275,0.323804640254957,0.0837500763156374,4
"566","Neopterin",-0.0149156571709727,0.00759454985871633,0.0871467145606553,0.240075987821643,0.0355774972389298,6
"57","Neopterin",-0.032938806213563,0.000876508877787151,0.0296058926193275,0.076756358680899,0.0120865550494972,6
"776","Neopterin",0.17902340816816,0.0224984577814867,0.149994859183529,0.343311566839516,0.0749974295917645,4
"83","Neopterin",0.045175735518395,0.00648828849399064,0.080549913060106,0.167093676965596,0.036023016236819,5
"853","Neopterin",-0.0593162191814706,0.0162128433054874,0.127329663886651,0.365086305210893,0.0519821176070634,6
"879","Neopterin",-0.0276625929200494,0.0510201139319361,0.225876324416562,0.319437361408887,0.159718680704444,2
"913","Neopterin",-0.0695834388619641,0.0112069862161177,0.105863054065702,0.285184865676568,0.0432184108456063,6
"138","Niacinamide",-0.0187397308933435,0.0493704027186962,0.222194515500937,0.496467996147135,0.0993684081775452,5
"177","Niacinamide",0.00336989580784568,0.0926742365507013,0.304424434877855,0.830104296191744,0.124280755114312,6
"208","Niacinamide",-0.114358424381587,0.0798555908071484,0.282587315368451,0.608387971011377,0.141293657684225,4
"235","Niacinamide",0.100088571054926,0.00868006519358127,0.0931668674668268,0.259237565341303,0.0380352143712053,6
"303","Niacinamide",0.055493977656984,0.0509961438079483,0.225823257898624,0.595958934562395,0.0921919589840932,6
"306","Niacinamide",0.0376644328444879,0.00310881655677597,0.0557567624309013,0.121819833112415,0.0278783812154507,4
"309","Niacinamide",-0.092592363118459,0.00924980501461472,0.0961759066222655,0.249477085497741,0.039263649462352,6
"31","Niacinamide",-0.060565834312733,0.0310075458489102,0.17608959608367,0.397801237547582,0.0880447980418352,4
"319","Niacinamide",-0.129385075443616,0.00395787563127354,0.0629116494083054,0.163063573492762,0.0281349449307211,5
"320","Niacinamide",-0.0590731371000813,0.0135677534336863,0.116480699833433,0.343373403231803,0.0475530465790334,6
"324","Niacinamide",-0.014053772524732,0.0339298321831068,0.184200521668932,0.423015050503631,0.0921002608344661,4
"358","Niacinamide",-0.175513401462842,0.00212781582441101,0.046128254079371,0.0820739301386093,0.0266321599099723,3
"373","Niacinamide",-0.123313476458248,0.00625985125670616,0.079119221790322,0.202256834360307,0.0323002870387302,6
"375","Niacinamide",-0.0141590572175197,0.0210677985038008,0.145147506019913,0.205269571557992,0.102634785778996,2
"381","Niacinamide",-0.150846977521894,0.00968638242122009,0.0984194209555212,0.28973464773134,0.0401795603535348,6
"406","Niacinamide",-0.00284756025564863,0.0217474596917035,0.147470199334318,0.392233213149105,0.0602044567726004,6
"42","Niacinamide",0.647313133116228,0.339129614023699,0.582348361398656,0.823564950715727,0.411782475357864,2
"440","Niacinamide",0.0311919726204269,0.0148914334791578,0.122030461275691,0.317463764105156,0.0498187272003173,6
"502","Niacinamide",-0.0241187442458542,0.00274040837844841,0.0523489100024863,0.109056501426886,0.0261744550012431,4
"513","Niacinamide",0.0861798249411552,0.0345896163241698,0.185982838789416,0.526672621457029,0.0759271759913952,6
"531","Niacinamide",-0.111125627659418,0.0106912358370407,0.103398432468973,0.27558816245766,0.0462411847535089,5
"535","Niacinamide",0.0743120003233962,0.0101921154373219,0.100956007435526,0.231554480335787,0.0504780037177628,4
"566","Niacinamide",0.0497863529361409,0.00642325853044151,0.0801452339845702,0.227926315058602,0.0327191547630271,6
"57","Niacinamide",0.317421168701864,0.251599599682769,0.501597049116887,1.11118901798973,0.204776137803688,6
"776","Niacinamide",-0.188141591054206,0.0179375737965297,0.133931227861652,0.29520359403082,0.0669656139308259,4
"83","Niacinamide",-0.0156285662367477,0.0373355712512372,0.193224147691838,0.404176570688708,0.0864124658266817,5
"853","Niacinamide",0.0909838175244654,0.041785307287191,0.204414547640795,0.535436765202182,0.0834518896202986,6
"879","Niacinamide",-0.100676058763947,0.0166657162805604,0.129095763991544,0.182568980281757,0.0912844901408787,2
"913","Niacinamide",0.0263290839921132,0.0292656792801645,0.171072146418301,0.494521061706243,0.0698399113212549,6
"138","Nicotinic Acid",-0.0701076809318361,0.00416812243937429,0.0645609978189177,0.174574097453779,0.0288725559636631,5
"177","Nicotinic Acid",0.15794812580165,0.0101584178924551,0.10078897703844,0.232371311516265,0.0411469275735446,6
"208","Nicotinic Acid",-0.0908754905146039,0.00272145836327056,0.0521675987876628,0.121991817747723,0.0260837993938314,4
"235","Nicotinic Acid",0.145175143511428,0.000967659288729776,0.0311072224528288,0.0848859593747151,0.0126994703874465,6
"303","Nicotinic Acid",0.0218007094550738,0.00319493863359313,0.0565237882098602,0.145345798309055,0.0230757399072169,6
"306","Nicotinic Acid",-0.0211510676162055,0.00130693621566554,0.0361515727965678,0.0833106579226379,0.0180757863982839,4
"309","Nicotinic Acid",-0.0852807782284226,0.00103944758247999,0.0322404649854804,0.0952010750490278,0.0131621147140824,6
"31","Nicotinic Acid",-0.0474164265792956,0.000548167692266351,0.0234129812767693,0.0563501434396158,0.0117064906383847,4
"319","Nicotinic Acid",0.0248165404388039,0.00672941464270347,0.08203300946999,0.219765981072874,0.0366862771147563,5
"320","Nicotinic Acid",-0.0401475661907035,0.00325416292516642,0.0570452708396272,0.143104951108372,0.0232886342993259,6
"324","Nicotinic Acid",0.0861452838779188,0.0082716675404743,0.0909487082946993,0.214401638004166,0.0454743541473496,4
"358","Nicotinic Acid",0.054897060148655,0.0105335867978873,0.102633263603411,0.184018693516888,0.0592553423692392,3
"373","Nicotinic Acid",0.0138568873041231,0.00330770223131363,0.057512626711998,0.15984683327127,0.0234794315352595,6
"375","Nicotinic Acid",0.107828747036536,0.00990719424796831,0.0995348896014272,0.140763590803647,0.0703817954018236,2
"381","Nicotinic Acid",-0.00115554265616226,0.000909069851059876,0.0301507852478153,0.0717852652440587,0.0123090065335637,6
"406","Nicotinic Acid",-0.0640815101273953,0.00560785627479512,0.0748856212820266,0.211320983435067,0.0305719268687116,6
"42","Nicotinic Acid",0.0400402128963075,0.0263225440581148,0.162242238822431,0.229445174532457,0.114722587266228,2
"440","Nicotinic Acid",-0.0243150587240177,0.00617415266713275,0.0785757765926163,0.18923149323349,0.032078426465806,6
"502","Nicotinic Acid",0.0895900855496279,0.000740185584620145,0.0272063519167886,0.0600937008662546,0.0136031759583943,4
"513","Nicotinic Acid",-0.0862302985380993,0.00319750169383793,0.056546456067891,0.16663755446076,0.0230849940215064,6
"531","Nicotinic Acid",-0.0814201483771249,0.00582144053163851,0.0762983651963691,0.194542103467704,0.0341216662302371,5
"535","Nicotinic Acid",-0.0103312244666454,0.00237192520333834,0.0487024147588016,0.106655154451786,0.0243512073794008,4
"566","Nicotinic Acid",0.050505943273555,0.00300577303860438,0.0548249308125818,0.155664959102364,0.0223821842790361,6
"57","Nicotinic Acid",0.0163015613932958,0.00752253713189595,0.0867325609670091,0.252370762527552,0.0354084197423342,6
"776","Nicotinic Acid",0.00893142486778972,0.0094260557195367,0.097087876274727,0.219446764966275,0.0485439381373635,4
"83","Nicotinic Acid",0.0229273737943808,0.00130378185447131,0.0361079195533515,0.0950522568750111,0.0161479525294776,5
"853","Nicotinic Acid",-0.0153809071728303,0.00276001856427617,0.0525358788284365,0.154247456404213,0.0214476827197259,6
"879","Nicotinic Acid",-0.0770508081991869,0.0122972409959586,0.110892925815665,0.156826279659747,0.0784131398298734,2
"913","Nicotinic Acid",-0.0634930839362846,0.00336849418169722,0.0580387300145103,0.161351287505043,0.0236942123091175,6
"138","o-Phosphoethanolamine",0.0973982780211536,0.00757343688522369,0.0870254956045853,0.221968375593103,0.0389189847894924,5
"177","o-Phosphoethanolamine",0.0371369276280381,0.0133863216279494,0.11569927237433,0.29000535671614,0.047234030154733,6
"208","o-Phosphoethanolamine",-0.0685585140124678,0.000947577224853093,0.0307827423218448,0.0718283924986514,0.0153913711609224,4
"235","o-Phosphoethanolamine",0.147241441676908,0.00584990755929369,0.0764846883977028,0.203972523005935,0.0312247432850234,6
"303","o-Phosphoethanolamine",0.2655513749686,0.00405983241840873,0.0637168142518812,0.178461015829198,0.026012280492134,6
"306","o-Phosphoethanolamine",0.244719665397079,0.0110537626862303,0.105136875958106,0.238530441981489,0.0525684379790532,4
"309","o-Phosphoethanolamine",-0.0245024129774427,0.00455744143615973,0.0675088248761577,0.16672247110578,0.0275603623469157,6
"31","o-Phosphoethanolamine",-0.257547786037253,0.00877759171682455,0.0936888025156931,0.210578740204472,0.0468444012578466,4
"319","o-Phosphoethanolamine",-0.24390682565534,0.0330497204310528,0.181795820719435,0.427875842193973,0.0813015626308041,5
"320","o-Phosphoethanolamine",0.00613025756880196,0.00854869166930556,0.0924591351317195,0.204773294292503,0.0377462838552918,6
"324","o-Phosphoethanolamine",0.237781868337444,0.0175020596355466,0.132295350014831,0.295003615065232,0.0661476750074154,4
"358","o-Phosphoethanolamine",-0.177024292678811,0.00359630210105235,0.0599691762579106,0.111067652562833,0.0346232200555848,3
"373","o-Phosphoethanolamine",0.0310281337695167,0.00487293544651868,0.0698064140786409,0.188641184122774,0.0284983492110177,6
"375","o-Phosphoethanolamine",0.0652800703813168,0.000721101105183562,0.0268533257750984,0.0379763375059671,0.0189881687529836,2
"381","o-Phosphoethanolamine",0.0809007859599154,0.00660710606526072,0.0812841070890289,0.182595204956668,0.0331840977609776,6
"406","o-Phosphoethanolamine",-0.0123476715264446,0.00321562092573597,0.0567064451869095,0.139861811518734,0.0231503093058385,6
"42","o-Phosphoethanolamine",-0.521632825232847,0.0602262857238689,0.245410443387947,0.34706277738723,0.173531388693615,2
"440","o-Phosphoethanolamine",0.0578720155966741,0.00601077616653411,0.0775291955751774,0.192810150397865,0.0316511615546047,6
"502","o-Phosphoethanolamine",0.0284841660300477,0.0110504552065528,0.105121145382615,0.230875589353967,0.0525605726913074,4
"513","o-Phosphoethanolamine",-0.0772224075714168,0.0166374398118579,0.128986200083024,0.29572627734488,0.0526583956773244,6
"531","o-Phosphoethanolamine",0.153389771195075,0.000769486333551679,0.0277396166799702,0.0768540894138253,0.0124055337132401,5
"535","o-Phosphoethanolamine",0.0520155574399975,0.00570843760697539,0.0755542031059516,0.157576522397128,0.0377771015529758,4
"566","o-Phosphoethanolamine",-0.0985079849073938,0.00450288981815365,0.0671035753008262,0.191125106772369,0.0273949199005754,6
"57","o-Phosphoethanolamine",-0.0561929716249537,0.00621070785534029,0.0788080443567806,0.195424799797413,0.032173249383456,6
"776","o-Phosphoethanolamine",-0.219333565630032,0.00169751169355352,0.0412008700582102,0.085895372897199,0.0206004350291051,4
"83","o-Phosphoethanolamine",0.0743575400365396,0.0030187866949648,0.0549434863743174,0.131219776187751,0.0245714740907614,5
"853","o-Phosphoethanolamine",-0.167605165209747,0.0087725724633305,0.0936620118475495,0.248007202072285,0.0382373562181682,6
"879","o-Phosphoethanolamine",0.00883777537163398,0.000852000975868708,0.0291890557550036,0.0412795585215905,0.0206397792607953,2
"913","o-Phosphoethanolamine",-0.0312050811994175,0.00230016852023436,0.0479600721458419,0.113338192680867,0.0195796174640635,6
"138","Ornithine",0.108274386242303,0.101128040293732,0.318006352599648,0.781572640229498,0.142216764337916,5
"177","Ornithine",-0.0345543573764682,0.001016825938646,0.0318877082689553,0.0913314289743051,0.0130181023876114,6
"208","Ornithine",-0.0498433219438686,0.00866130044469819,0.0930661079270977,0.209631459565294,0.0465330539635488,4
"235","Ornithine",0.0447683726210341,0.00845139145328837,0.0919314497508245,0.198209980292105,0.0375308572006386,6
"303","Ornithine",-5.14382862686286e-05,0.0047174616301776,0.0686837799642507,0.18954686247397,0.0280400357530015,6
"306","Ornithine",-0.0695572283211775,0.00479471228036099,0.0692438609579289,0.140278535622807,0.0346219304789645,4
"309","Ornithine",-0.0430092597757451,0.00245159710208167,0.0495136052220162,0.138824899820937,0.0202138446865907,6
"31","Ornithine",0.0401298920928882,0.00680918331969868,0.0825177757801232,0.187771650046443,0.0412588878900616,4
"319","Ornithine",-0.035889283145056,0.0061015395258958,0.0781123519419035,0.206060704290768,0.0349329057648968,5
"320","Ornithine",-0.0185678698762667,0.000359462269008349,0.0189594902096114,0.0489743653840447,0.00774017946614019,6
"324","Ornithine",-0.0322735090996296,0.0124207932956907,0.1114486128029,0.271317865164023,0.05572430640145,4
"358","Ornithine",-0.0516302521702309,0.00344842846911668,0.0587233213392829,0.115884245322209,0.0339039253829439,3
"373","Ornithine",0.0157089609817986,0.00393669096255394,0.062743055094201,0.188526278434012,0.0256147449806875,6
"375","Ornithine",0.0148095509599538,0.00021129721352594,0.0145360659576771,0.0205571016208968,0.0102785508104484,2
"381","Ornithine",-0.0467904190859628,0.000268095998072576,0.0163736372890258,0.0504735690039957,0.00668450943192014,6
"406","Ornithine",-0.0362331562822038,0.00718559380840326,0.0847678819388762,0.219025249177905,0.0346063428877888,6
"42","Ornithine",0.244064725853977,0.0156633655324921,0.125153368042942,0.176993590463,0.0884967952315001,2
"440","Ornithine",0.0341726049257826,0.000757074443233807,0.0275149857938144,0.0801692271881021,0.0112329459124622,6
"502","Ornithine",0.00625370386419143,0.00674955366537611,0.0821556672748515,0.200146226835635,0.0410778336374258,4
"513","Ornithine",-0.0688287603690272,0.00467518148301949,0.0683752987782832,0.181398888531771,0.02791409883619,6
"531","Ornithine",0.0111924428982444,0.00127332602442122,0.0356836940971814,0.0823127774823433,0.0159582331379211,5
"535","Ornithine",0.0719771958996433,0.0596851984666958,0.244305543258224,0.519208691704493,0.122152771629112,4
"566","Ornithine",-0.030903823286436,0.00291418793310529,0.0539832189953997,0.125239478891997,0.0220385568686083,6
"57","Ornithine",0.0119458709899802,0.00596873226777078,0.0772575709414345,0.211950353629064,0.0315402712622312,6
"776","Ornithine",-0.0161062703972001,0.00457000696844276,0.0676018266649857,0.157766322052014,0.0338009133324928,4
"83","Ornithine",0.0609153373630485,0.000991110067482241,0.0314819006332566,0.0819146607317245,0.0140791339753711,5
"853","Ornithine",-0.0021543830205677,0.00205152386531756,0.0452937508417834,0.109724002966296,0.0184910963498542,6
"879","Ornithine",0.042110961191844,0.000785618706532956,0.028028890569071,0.0396388371810515,0.0198194185905258,2
"913","Ornithine",0.0125199937281933,0.00284046203747102,0.0532959851909224,0.150814702280846,0.0217579948427814,6
"138","Orotate",-0.0131141237357316,0.00434255798514251,0.0658980878716713,0.174232716591135,0.0294705208136623,5
"177","Orotate",0.00116621679616216,0.00136887600257443,0.0369983243211693,0.0914894353644381,0.0151045026541449,6
"208","Orotate",-0.0549467766239262,0.00246064653207678,0.0496049043147629,0.115486227481878,0.0248024521573814,4
"235","Orotate",0.0699986931919879,0.00359487164866231,0.0599572485081021,0.139446779548641,0.0244774442043497,6
"303","Orotate",0.04423099460593,0.00661470987275898,0.0813308666667151,0.20963062865252,0.0332031872786308,6
"306","Orotate",0.185396378876991,0.000782597345854324,0.0279749413914368,0.0681700404405148,0.0139874706957184,4
"309","Orotate",-0.121937494491817,0.00393461924923391,0.0627265434185075,0.181536707307278,0.025608004117313,6
"31","Orotate",0.122440996648166,0.00109900886724524,0.0331513026477881,0.071560709838792,0.0165756513238941,4
"319","Orotate",0.110838166613305,0.0162369551119826,0.127424311306683,0.326340561986789,0.0569858844135679,5
"320","Orotate",0.00468201869546552,0.00906513317108385,0.0952109929109231,0.254655735210051,0.0388697250892514,6
"324","Orotate",-0.0146724447211363,0.0233151228347339,0.152692903681651,0.304443530859369,0.0763464518408254,4
"358","Orotate",0.0179805450847697,0.00529601674496789,0.0727737366428844,0.133000862292179,0.0420159364407042,3
"373","Orotate",-0.00433361943984197,0.007213796823944,0.0849340733978066,0.237492851915295,0.0346741902667868,6
"375","Orotate",-0.015577027798799,0.000463441901247092,0.0215277007886837,0.0304447664220664,0.0152223832110332,2
"381","Orotate",-0.173036612284076,0.00357046096738589,0.0597533343620746,0.147692322335586,0.0243941966028326,6
"406","Orotate",0.10672619669818,0.00673779386425963,0.0820840658365534,0.203754990506773,0.0335106795520961,6
"42","Orotate",0.0937539112895687,0.000140457607273911,0.011851481226999,0.0167605254854322,0.00838026274271608,2
"440","Orotate",-0.00242938559901346,0.0115377347036382,0.107413847820652,0.224602134012922,0.0438515197449267,6
"502","Orotate",-0.132969050884441,0.00732995366108937,0.0856151485491287,0.20631142467511,0.0428075742745643,4
"513","Orotate",-0.101833284761213,0.00249195132804395,0.0499194483948286,0.135386751959789,0.0203795294680878,6
"531","Orotate",-0.043887073170842,0.00113141781071586,0.0336365546796317,0.0796377388004558,0.015042724558509,5
"535","Orotate",0.0710421905077018,0.00304972678833652,0.0552243314883622,0.116939176955776,0.0276121657441811,4
"566","Orotate",-0.0108795365545728,0.00276246844441614,0.0525591899140021,0.120543130130391,0.0214571994305569,6
"57","Orotate",-0.0111452146687323,0.0292869856279247,0.171134408077174,0.536752922412053,0.0698653295370514,6
"776","Orotate",0.14734139239475,0.0127295494860129,0.112825305166939,0.260884350588608,0.0564126525834695,4
"83","Orotate",-0.0784698304331348,0.00115338666019523,0.0339615467874363,0.0887540364209856,0.0151880654475495,5
"853","Orotate",-0.0373020292198919,0.00331499335042166,0.0575759789358518,0.137203964717145,0.0235052949723449,6
"879","Orotate",0.172894470463776,0.000632506028261912,0.0251496725279259,0.0355670079782349,0.0177835039891174,2
"913","Orotate",-0.0518154070225337,0.00928731898867955,0.0963707372010796,0.255562854194693,0.039343188713083,6
"138","Oxalacetate",-0.148615883271126,0.0102219609313317,0.101103713736597,0.245235727807099,0.0452149553385419,5
"177","Oxalacetate",-0.0633359711686421,0.0299813005960453,0.173151091813033,0.438064340242858,0.0706886372246221,6
"208","Oxalacetate",-0.087639231252931,0.00826119257175481,0.0908911028195544,0.194815857389734,0.0454455514097772,4
"235","Oxalacetate",-0.0499935367317199,0.0148032018309844,0.121668409338597,0.297602781703189,0.0496709201159398,6
"303","Oxalacetate",-0.122873126857337,0.0100583184725915,0.100291168467575,0.297537149610856,0.0409436980755108,6
"306","Oxalacetate",-0.120959096806454,0.00176378662400688,0.0419974597327848,0.0935085007509855,0.0209987298663924,4
"309","Oxalacetate",-0.0912882464268345,0.00784798074604028,0.0885888296911088,0.198861288403454,0.0361662382755895,6
"31","Oxalacetate",-0.139351800400883,0.00988083773225671,0.0994024030507146,0.226096091525428,0.0497012015253573,4
"319","Oxalacetate",-0.00806401588950464,0.0241533143050412,0.155413365915037,0.404006673123775,0.0695029701596143,5
"320","Oxalacetate",-0.118944279745509,0.00725034666346369,0.0851489674832507,0.215374839389894,0.0347619204098002,6
"324","Oxalacetate",-0.0477424678895894,0.011426990131854,0.106897100670944,0.250856956126086,0.0534485503354721,4
"358","Oxalacetate",0.0730973060640751,0.00525303013067018,0.0724777906028473,0.143937211611615,0.0418450719148232,3
"373","Oxalacetate",0.0356249928734569,0.0173766147535919,0.131820388231836,0.360921144972485,0.0538154481439297,6
"375","Oxalacetate",0.0471782252436794,0.0499063657215097,0.223397327024093,0.31593152967537,0.157965764837685,2
"381","Oxalacetate",0.0915668035976331,0.0231831194442194,0.152260038894713,0.379347374882542,0.0621599005847277,6
"406","Oxalacetate",0.156799822110418,0.0708068820695051,0.26609562579927,0.698489414692384,0.108633084332464,6
"42","Oxalacetate",0.263576589106877,0.0141626638331128,0.119006990690097,0.168301300251144,0.0841506501255718,2
"440","Oxalacetate",0.0368590601308828,0.0667141902941937,0.258290902461147,0.677795809155529,0.105446819372132,6
"502","Oxalacetate",0.0649406936669455,0.0981640741962982,0.313311465152966,0.647536488398584,0.156655732576483,4
"513","Oxalacetate",0.0712699646658465,0.0779877167899692,0.279262809536052,0.746316677645119,0.114008564583229,6
"531","Oxalacetate",0.0207713616982393,0.047937102927094,0.218945433674909,0.49047245412887,0.0979153746120536,5
"535","Oxalacetate",-0.00265556670077703,0.0697769230016825,0.264153218798641,0.580982793201737,0.13207660939932,4
"566","Oxalacetate",0.134931363862143,0.0497557507014537,0.22305997108727,0.589042204394346,0.0910638518672966,6
"57","Oxalacetate",-0.161647994492015,0.00270053497838924,0.0519666718040442,0.128191415288807,0.0212153049250977,6
"776","Oxalacetate",0.0862962889890785,0.00892272561864228,0.0944601800688644,0.208100486757949,0.0472300900344322,4
"83","Oxalacetate",0.0884598513615048,0.020900970468597,0.144571679344874,0.365936432604878,0.064654420527288,5
"853","Oxalacetate",0.0736056936700705,0.0787723476184583,0.280664118865341,0.700065416059773,0.114580646721322,6
"879","Oxalacetate",0.012520106167339,0.0160819982238833,0.12681481862891,0.179343236414889,0.0896716182074444,2
"913","Oxalacetate",0.067399853320749,0.142238505047478,0.377145204195251,0.991569262845954,0.153968884869356,6
"138","Oxidized Glutathione",0.152858987612878,0.126655979926491,0.35588759451053,0.863765458165074,0.159157770734885,5
"177","Oxidized Glutathione",-0.161209809087211,0.00771897381648814,0.0878576907076901,0.207916598626736,0.0358677520355173,6
"208","Oxidized Glutathione",0.192671698281956,0.0716751547761705,0.267722159665894,0.575201030056631,0.133861079832947,4
"235","Oxidized Glutathione",-0.396682758039225,0.0597166738361608,0.244369952809589,0.684243395854592,0.0997636154752497,6
"303","Oxidized Glutathione",0.369531092688107,0.0980787602026064,0.313175286704757,0.772689188631598,0.127853275412747,6
"306","Oxidized Glutathione",0.293005637445106,0.00708961423461596,0.0841998469987681,0.187811762178424,0.0420999234993841,4
"309","Oxidized Glutathione",0.324590891179742,0.00352819109361954,0.0593985782121049,0.151601069652892,0.0242493680110759,6
"31","Oxidized Glutathione",0.122043562976555,0.187455696088149,0.43296154111901,0.952890291836248,0.216480770559505,4
"319","Oxidized Glutathione",-0.0150107355613668,0.0902667374427754,0.300444233498956,0.734738510970313,0.134362745910297,5
"320","Oxidized Glutathione",0.221425663519674,0.0269511993034325,0.164168204301054,0.469301427033879,0.0670213887544274,6
"324","Oxidized Glutathione",-0.146227782904029,0.0283154278545897,0.168271886703007,0.368755507578835,0.0841359433515037,4
"358","Oxidized Glutathione",-0.66525467160632,0.0479984039771267,0.21908538056458,0.420806352576242,0.126489003444472,3
"373","Oxidized Glutathione",-0.100750332803383,0.065625464467264,0.25617467569466,0.646870983157916,0.104582873412479,6
"375","Oxidized Glutathione",0.0855438079259849,0.0741213656364479,0.272252393261194,0.385023026938514,0.192511513469257,2
"381","Oxidized Glutathione",-0.0352618041331897,0.0351408644031346,0.187458967251862,0.474717289874206,0.0765298029126939,6
"406","Oxidized Glutathione",-0.0602751473371608,0.0553686191651676,0.235305374280248,0.594146204214266,0.0960630167868707,6
"42","Oxidized Glutathione",0.0140989876074784,0.00451476372828888,0.0671919915487618,0.0950238257311174,0.0475119128655587,2
"440","Oxidized Glutathione",0.230300418192381,0.01061194598248,0.10301429989317,0.287894178083783,0.0420554118247184,6
"502","Oxidized Glutathione",-0.3716325942822,0.0996071669881771,0.31560603129246,0.618421231222011,0.15780301564623,4
"513","Oxidized Glutathione",-0.0114072971606598,0.0424277547773724,0.20597998635152,0.55008835560924,0.0840909772977779,6
"531","Oxidized Glutathione",0.311254228194057,0.00532575607126134,0.072977777927677,0.202578455035967,0.0326366544586339,5
"535","Oxidized Glutathione",-0.288191936659446,0.152579180703662,0.390613851141587,0.798936340986565,0.195306925570794,4
"566","Oxidized Glutathione",-0.118947187350191,0.0184316110303487,0.135763069464228,0.354397057039694,0.0554250410168976,6
"57","Oxidized Glutathione",-0.509193480712881,0.564372892872827,0.751247557648494,1.63449190535339,0.30669553112515,6
"776","Oxidized Glutathione",0.0556751453962568,0.139861687966818,0.373980865776336,0.708247800314044,0.186990432888168,4
"83","Oxidized Glutathione",0.168457091218266,0.050623541975606,0.224996759922462,0.574037191297244,0.100621609980765,5
"853","Oxidized Glutathione",0.0464513184587136,0.0393163283292447,0.198283454501995,0.598180670253427,0.0809488813277086,6
"879","Oxidized Glutathione",0.583119939581751,0.121083201000194,0.347970115096388,0.492104056069839,0.24605202803492,2
"913","Oxidized Glutathione",-0.113060606372621,0.00869264931330046,0.0932343783874835,0.24919471346513,0.0380627755891511,6
"138","Palmitic Acid",-0.0724701785736537,0.0126351489469311,0.112406178419743,0.278942095108693,0.0502695712075031,5
"177","Palmitic Acid",-0.0379314628380465,0.0112936974027092,0.106271809068582,0.263391067214115,0.0433852843767507,6
"208","Palmitic Acid",-0.102590294205913,0.0062485138278537,0.0790475415674245,0.163461959482653,0.0395237707837122,4
"235","Palmitic Acid",0.00886438379230279,0.00617905242463496,0.0786069489589499,0.171771533868022,0.0320911525310714,6
"303","Palmitic Acid",-0.0420455365623471,0.00677166446064568,0.0822901237126648,0.23464851485343,0.0335948023277552,6
"306","Palmitic Acid",-0.0888550363534151,0.00089727242314473,0.0299545058905122,0.0694554857895187,0.0149772529452561,4
"309","Palmitic Acid",-0.0119168790933578,0.00223891441428213,0.0473171682825815,0.133734104959753,0.0193171530609548,6
"31","Palmitic Acid",-0.0791968012778821,0.00895536363315719,0.0946327830783666,0.208002917057959,0.0473163915391833,4
"319","Palmitic Acid",-0.0348050519932888,0.00565151081958483,0.0751765310425057,0.168261945777677,0.0336199667447332,5
"320","Palmitic Acid",-0.0679796268200372,0.00382631068349083,0.0618571797246757,0.166884174790047,0.0252530878755148,6
"324","Palmitic Acid",0.0123913753358393,0.00571210184948153,0.075578448313534,0.173307133760964,0.037789224156767,4
"358","Palmitic Acid",-0.0412163049230995,0.0085459045723227,0.0924440618553874,0.176744365415619,0.0533726039971903,3
"373","Palmitic Acid",0.0302839370985562,0.0062799237600754,0.0792459699926463,0.223417959141223,0.0323520317756484,6
"375","Palmitic Acid",0.0637005819919323,0.0199178416700888,0.141130583751676,0.199588785607252,0.099794392803626,2
"381","Palmitic Acid",0.0557503585103873,0.00654847112416589,0.080922624303503,0.186374460542529,0.0330365230317545,6
"406","Palmitic Acid",0.0830435056093314,0.0211355839393988,0.145380823836567,0.369549268691671,0.0593514727975064,6
"42","Palmitic Acid",0.14869618623899,0.00196728759478512,0.0443541158719811,0.0627261922132234,0.0313630961066117,2
"440","Palmitic Acid",0.0528637425869274,0.0229407167135786,0.151461931565587,0.41464554502877,0.0618340746320056,6
"502","Palmitic Acid",0.0513480927717139,0.0209278560566712,0.144664633054079,0.324469492038384,0.0723323165270393,4
"513","Palmitic Acid",-0.0147528481493726,0.0105545055999796,0.102735123497174,0.311646106659561,0.0419414385383152,6
"531","Palmitic Acid",0.0348274822096746,0.00419372626079553,0.0647589859463189,0.138491730636984,0.0289610989459845,5
"535","Palmitic Acid",0.00150132680104357,0.0220579707033086,0.148519260378271,0.324576257327473,0.0742596301891353,4
"566","Palmitic Acid",0.0520849367796664,0.00673784222604681,0.0820843604229625,0.235297162968985,0.033510799816494,6
"57","Palmitic Acid",-0.131184993078128,0.00776075092408983,0.0880951242923797,0.218612233619005,0.0359646838905655,6
"776","Palmitic Acid",0.0686518127655207,0.00173590246538681,0.0416641628427455,0.0779464731935431,0.0208320814213727,4
"83","Palmitic Acid",-0.0153366751812074,0.00325746698306274,0.0570742234556261,0.156409777376471,0.0255243686819586,5
"853","Palmitic Acid",0.0270902496363265,0.0199684725797282,0.141309846011268,0.385182105059246,0.0576895030598117,6
"879","Palmitic Acid",0.0146595564046816,0.0170319306074609,0.130506438950195,0.184563975940381,0.0922819879701907,2
"913","Palmitic Acid",0.105072979168264,0.0231779622733503,0.152243102547703,0.399065911146985,0.0621529863500142,6
"138","Pantothenate",-0.0828938830814236,0.02421672355106,0.15561723410683,0.39274589042526,0.0695941427866742,5
"177","Pantothenate",-0.0156792534265728,0.0259393776097129,0.161057063209637,0.411070971536682,0.0657512707224645,6
"208","Pantothenate",-0.204157030323306,0.0241143105643795,0.155287831346759,0.322887325882819,0.0776439156733796,4
"235","Pantothenate",0.110008737311178,0.0220446097976733,0.148474273184526,0.353925989010038,0.0606143682054474,6
"303","Pantothenate",0.00196894926428806,0.0115718544101215,0.107572554167508,0.252834302572268,0.0439163113397166,6
"306","Pantothenate",-0.11231561869738,0.0137311171645304,0.117179849652278,0.266270279656391,0.0585899248261388,4
"309","Pantothenate",0.0733764870081608,0.040379769231757,0.200947180203547,0.455182414873121,0.0820363427916321,6
"31","Pantothenate",-0.0677130253584003,0.00470060751447165,0.0685609766155037,0.146268859635601,0.0342804883077519,4
"319","Pantothenate",0.0231089893568573,0.0153025706309608,0.123703559491879,0.331917351355616,0.055321913616506,5
"320","Pantothenate",-0.0100529218660864,0.0128780035789653,0.113481291757564,0.254114793991696,0.0463285433596562,6
"324","Pantothenate",0.0127167913908835,0.0569115495024067,0.238561416625587,0.443799047113576,0.119280708312793,4
"358","Pantothenate",0.00242743680374287,0.0449981446703015,0.212127661256851,0.370417610546644,0.122471962329209,3
"373","Pantothenate",-0.0554164343634443,0.00618547708018664,0.0786478040391888,0.198891169703086,0.0321078315477357,6
"375","Pantothenate",0.149776847112573,0.00679876208511902,0.082454606209229,0.116608422381224,0.0583042111906122,2
"381","Pantothenate",-0.036726671393534,0.00168295473781484,0.0410238313400252,0.113160007379431,0.0167479090128432,6
"406","Pantothenate",0.0288458643083448,0.00939080438289804,0.0969061627704763,0.268968970958747,0.0395617752864598,6
"42","Pantothenate",0.106199576018774,0.113575313815519,0.337009367548618,0.476603218234034,0.238301609117017,2
"440","Pantothenate",0.0788530542333061,0.00798243044862409,0.0893444483368949,0.247546324490778,0.0364747182959743,6
"502","Pantothenate",0.150129751474771,0.0021581548374729,0.046455945125171,0.0944857826417668,0.0232279725625855,4
"513","Pantothenate",-0.106663377124386,0.0173535609073638,0.131732915049215,0.399910769055402,0.0537797373666634,6
"531","Pantothenate",-0.165537555484838,0.00440952718529862,0.0664042708362845,0.160342716572109,0.0296968927172478,5
"535","Pantothenate",0.0692605975868362,0.00989089119660224,0.0994529597176587,0.223397876687186,0.0497264798588293,4
"566","Pantothenate",-0.00442304122325077,0.00280776725073896,0.0529883690137652,0.125223884539125,0.021632411064338,6
"57","Pantothenate",0.0818965144932682,0.00342442498298229,0.0585185866454607,0.167592082298014,0.0238901129583708,6
"776","Pantothenate",-0.0118446934662224,0.00199711895472604,0.0446891368760468,0.101119707694205,0.0223445684380234,4
"83","Pantothenate",0.218770949759677,0.000440362310838756,0.0209848114320514,0.0538403996853558,0.00938469297141634,5
"853","Pantothenate",0.0414215991712493,0.00632611401253352,0.0795368720313637,0.190485953707601,0.0324707920356473,6
"879","Pantothenate",-0.215771016202295,0.0019249524761861,0.0438742803494952,0.0620476023096155,0.0310238011548077,2
"913","Pantothenate",-0.0872832926340909,0.0124593336535677,0.111621385287801,0.296075109278918,0.0455692397229529,6
"138","PEP",0.28477891600989,0.0688688481026434,0.262428748620732,0.605731108435705,0.117361704233232,5
"177","PEP",-0.225758964692826,0.11235719918742,0.3351972541466,0.768743615753599,0.13684370597353,6
"208","PEP",0.372561879090773,0.0926251201803103,0.304343753312451,0.72383631666918,0.152171876656226,4
"235","PEP",-0.109595302852604,0.043049731556895,0.207484292313647,0.538110727161221,0.0847051076351509,6
"303","PEP",0.29594725955719,0.101552974284651,0.31867377407727,0.686296990283253,0.130098023482713,6
"306","PEP",0.356972223557783,0.0821015844986529,0.286533740593761,0.604468963218004,0.143266870296881,4
"309","PEP",-0.0591305946844497,0.0846968035634495,0.29102715262231,0.726090889127941,0.118811337536624,6
"31","PEP",0.184769958028376,0.0423394503161296,0.205765522661426,0.449737457236898,0.102882761330713,4
"319","PEP",0.520360756450068,0.0831794575363328,0.288408490749376,0.696940629044458,0.128980198120745,5
"320","PEP",0.228363869593025,0.0350558527338049,0.187232082544111,0.446213571298584,0.0764371776186223,6
"324","PEP",-0.0795677283834556,0.0729111092520155,0.270020571905208,0.63502711505948,0.135010285952604,4
"358","PEP",-0.0973265698432365,0.15431911308322,0.39283471471246,0.781103756152152,0.226803228286269,3
"373","PEP",-0.0333568421772214,0.290774154778908,0.539234786321235,1.48807440465344,0.220141679674291,6
"375","PEP",-0.445373270438896,0.556811770853691,0.746198211505288,1.05528363092933,0.527641815464663,2
"381","PEP",0.0322106446568281,0.226904024771728,0.476344439215708,1.0596539323935,0.19446680298178,6
"406","PEP",-0.193500452645076,0.364863421707206,0.604039255104505,1.60425950001901,0.24659799326948,6
"42","PEP",-1.43932115267537,0.645385960844634,0.803359173000865,1.13612143791466,0.568060718957329,2
"440","PEP",0.0149687239637749,0.447549365967085,0.668991304851629,1.86653064293135,0.273114556540867,6
"502","PEP",-0.298076469215409,0.318263929059059,0.564148853636218,1.26053707955912,0.282074426818109,4
"513","PEP",-0.197998231074525,0.251845160520252,0.501841768409379,1.32726257483334,0.204876044036491,6
"531","PEP",-0.201091656051465,0.439224121878917,0.662739859883889,1.61803626337418,0.296386275619812,5
"535","PEP",-0.100565809110689,0.238517330162228,0.488382360617404,1.14199950594794,0.244191180308702,4
"566","PEP",-0.158812282034705,0.148767710969244,0.385704175462548,0.921181881876189,0.157463070257359,6
"57","PEP",0.520132883202124,0.0111864311478024,0.105765926213514,0.279154848336516,0.043178758565994,6
"776","PEP",-0.101206766163846,0.31982996649326,0.565535115172577,1.25450611555227,0.282767557586289,4
"83","PEP",-0.148735228978855,0.196863254089335,0.44369274739321,0.849157151780188,0.198425428858972,5
"853","PEP",0.0985141177862649,0.30966838638536,0.556478558783139,1.51056005877375,0.227181420303011,6
"879","PEP",0.375645910546724,0.189601394561778,0.435432422497198,0.615794437392509,0.307897218696254,2
"913","PEP",-0.262990887547387,0.515884380304964,0.718250917371474,1.98064226648967,0.293224709141006,6
"138","Phenylacetic Acid",-0.140776129981577,0.0102196547661212,0.101092308145186,0.269905508055055,0.0452098546029982,5
"177","Phenylacetic Acid",0.0307202287705224,0.0243018110625857,0.15589038155892,0.446496352384374,0.0636419817711885,6
"208","Phenylacetic Acid",-0.0554094417996724,0.0667085074289244,0.258279901325915,0.574745619428648,0.129139950662957,4
"235","Phenylacetic Acid",-0.0519009748265699,0.0197816095975872,0.140647110164366,0.392345394285156,0.0574189422832849,6
"303","Phenylacetic Acid",-0.155884948731895,0.00821946385235167,0.0906612588284084,0.263317336352401,0.0370123039279996,6
"306","Phenylacetic Acid",-0.136873751256407,0.0184232423922031,0.135732245219045,0.331273820343172,0.0678661226095227,4
"309","Phenylacetic Acid",-0.0722263825457111,0.0106965060415822,0.103423914263492,0.271217073271218,0.0422226361911518,6
"31","Phenylacetic Acid",-0.113350383368972,0.0164330033059715,0.128191276247534,0.310820853761217,0.0640956381237669,4
"319","Phenylacetic Acid",0.00951524563209366,0.0759196853962994,0.275535270693789,0.778352492631324,0.123223119094023,5
"320","Phenylacetic Acid",-0.0945217509117515,0.0144454736264832,0.120189324095292,0.303261612909617,0.0490670860939102,6
"324","Phenylacetic Acid",-0.136493921638671,0.0111000455102179,0.105356753510242,0.257618711005836,0.052678376755121,4
"358","Phenylacetic Acid",0.104338228243598,0.0163285749711207,0.127783312569055,0.221640980051959,0.0737757299096859,3
"373","Phenylacetic Acid",0.0176738919808804,0.0329261033156314,0.181455513323876,0.502357859659429,0.0740789031097152,6
"375","Phenylacetic Acid",0.060225294411359,0.143125174478438,0.378318879357663,0.535023690089398,0.267511845044699,2
"381","Phenylacetic Acid",0.0429600786564674,0.00638085348286666,0.0798802446344943,0.18162921393644,0.0326109733138675,6
"406","Phenylacetic Acid",0.171431367361545,0.07712607381542,0.277715814845716,0.784399137482232,0.113377006645542,6
"42","Phenylacetic Acid",0.349445243313583,0.00137058563849626,0.0370214213462457,0.0523561961661895,0.0261780980830948,2
"440","Phenylacetic Acid",-0.000162195318343351,0.089423669048621,0.299037905705315,0.824726528025134,0.122081713788089,6
"502","Phenylacetic Acid",0.101591360407268,0.126987931778962,0.356353661099422,0.75714352401498,0.178176830549711,4
"513","Phenylacetic Acid",0.0154826704811073,0.0789751136155488,0.281025112072834,0.835368673496975,0.11472802158115,6
"531","Phenylacetic Acid",0.00669444622688983,0.0231962489209963,0.152303148099428,0.359005241803749,0.0681120384675077,5
"535","Phenylacetic Acid",-0.0528601747827472,0.0562427373922924,0.237155513096981,0.540726770403587,0.118577756548491,4
"566","Phenylacetic Acid",0.0909608094822028,0.0323304342135734,0.179806657867759,0.459935582100478,0.0734057606885334,6
"57","Phenylacetic Acid",-0.0838673381382413,0.0246545463435388,0.157017662520937,0.379010551761142,0.0641021922968043,6
"776","Phenylacetic Acid",0.191955071695353,0.0301902258530103,0.173753347746195,0.388659343333031,0.0868766738730977,4
"83","Phenylacetic Acid",0.0864477629820771,0.0386333397270107,0.196553656101866,0.455088889855297,0.0879014672539778,5
"853","Phenylacetic Acid",0.00487306755119099,0.120662333687543,0.34736484233086,0.957918643496978,0.141811103048823,6
"879","Phenylacetic Acid",-0.00561525211016832,5.33622785698862e-06,0.00231002767450709,0.0032668724667451,0.00163343623337255,2
"913","Phenylacetic Acid",0.0636669899748693,0.14539400360887,0.381305656408176,1.08432651322253,0.155667382372839,6
"138","Phenylalanine",0.0906651566206947,0.0197430625948644,0.140510008877889,0.282667958668441,0.0628379862740116,5
"177","Phenylalanine",0.0292464883805312,0.00251843706103979,0.0501840319328747,0.127805889573407,0.02048754524518,6
"208","Phenylalanine",0.0420358979017623,0.00745821685530804,0.0863609683555484,0.208967997782563,0.0431804841777742,4
"235","Phenylalanine",0.0146653572716004,0.00422554705739076,0.0650042079975655,0.161690390801839,0.0265378567879635,6
"303","Phenylalanine",-0.0647071982948676,0.00702603238383231,0.0838214315305597,0.206491669270912,0.0342199561265848,6
"306","Phenylalanine",-0.035467921940593,0.000329049955711585,0.0181397341687133,0.0385000503661275,0.00906986708435666,4
"309","Phenylalanine",0.0317059448355531,0.0020313021056494,0.0450699689998718,0.102251261474192,0.018399737795457,6
"31","Phenylalanine",0.0256131204560755,0.0252738206325919,0.15897742176986,0.364227665986248,0.0794887108849299,4
"319","Phenylalanine",-0.0551793381367906,0.00619461950940601,0.0787059051749359,0.19822012433123,0.0351983508403618,5
"320","Phenylalanine",-0.00856366793856472,0.00693808670671181,0.0832951781720395,0.226096088077893,0.034005114092618,6
"324","Phenylalanine",0.0315139713212867,0.0206693358355584,0.143768340866682,0.324821053897885,0.0718841704333409,4
"358","Phenylalanine",0.130932389893853,0.132493511994368,0.363996582393802,0.675810102450161,0.210153524829165,3
"373","Phenylalanine",-0.024935215524131,0.00307089605530623,0.0554156661541322,0.144362323380333,0.0226233509723406,6
"375","Phenylalanine",0.04096316123827,0.000995212414516688,0.0315469874079394,0.0446141774443212,0.0223070887221606,2
"381","Phenylalanine",-0.0690738559324164,0.00165864457067424,0.0407264603258649,0.122604398675039,0.0166265078046787,6
"406","Phenylalanine",-0.0284393917021328,0.00195536354493519,0.0442194928163495,0.119035772572701,0.0180525323474538,6
"42","Phenylalanine",-0.0198072989841765,0.0283556550397665,0.168391374600264,0.238141365746342,0.119070682873171,2
"440","Phenylalanine",-0.00471105526781861,0.00468512071504468,0.0684479416421318,0.17542309951935,0.0279437551611706,6
"502","Phenylalanine",-0.0594156789748139,0.0010464653501879,0.0323491166832713,0.0678352279898573,0.0161745583416357,4
"513","Phenylalanine",0.0701221996775663,0.0183753586214322,0.135555739905886,0.371609871455602,0.055340399079142,6
"531","Phenylalanine",-0.0438967814532782,0.00140247971551613,0.0374496958000479,0.0927868508328372,0.0167480131091191,5
"535","Phenylalanine",0.1296128387341,0.0211645345761621,0.145480358042459,0.317179988788282,0.0727401790212295,4
"566","Phenylalanine",-0.124293224009834,0.00225022376579131,0.0474365235424279,0.136644198761655,0.019365879641745,6
"57","Phenylalanine",0.0969612446645382,0.0493766725918471,0.222208624026718,0.497442964855745,0.0907162908852347,6
"776","Phenylalanine",-0.0434330287606223,0.000977446549481184,0.031264141591945,0.0711506242252783,0.0156320707959725,4
"83","Phenylalanine",-0.0673110226352226,0.00249271308264301,0.0499270776497384,0.134994565161355,0.0223280679085451,5
"853","Phenylalanine",0.00807564704865122,0.0440719795496291,0.209933274041132,0.56244338508318,0.0857049002387739,6
"879","Phenylalanine",0.0109869818516895,0.00326302406276011,0.0571228856305431,0.0807839595806013,0.0403919797903006,2
"913","Phenylalanine",0.000561772654837961,0.00344852755013887,0.0587241649590598,0.164145161599978,0.0239740399534541,6
"138","Phosphorylcholine",0.0403505872232636,0.00577527129652426,0.0759952057469697,0.203867820571718,0.0339860892028614,5
"177","Phosphorylcholine",0.0542299353203586,0.0106110100444579,0.103009757035234,0.282693678330072,0.0420535572107322,6
"208","Phosphorylcholine",-0.0134791606971012,0.0129025858304323,0.113589549829341,0.256035462834473,0.0567947749146705,4
"235","Phosphorylcholine",0.0408788191416952,0.00402146791845998,0.0634150448904673,0.186142450815154,0.0258890836662224,6
"303","Phosphorylcholine",0.0163483812447507,0.00399134498800722,0.063177092272494,0.160775334707464,0.0257919399167234,6
"306","Phosphorylcholine",0.00328005279086859,0.0018679124229717,0.0432193524126832,0.0904144307489362,0.0216096762063416,4
"309","Phosphorylcholine",-0.0519635346416007,0.00595091893240615,0.0771421994268128,0.171214431639365,0.0314931710386187,6
"31","Phosphorylcholine",-0.230684502855452,0.0063738447806959,0.0798363625216975,0.152170039139715,0.0399181812608487,4
"319","Phosphorylcholine",-0.253286897537859,0.0399576662943409,0.199894137718796,0.510315955254841,0.0893953760485864,5
"320","Phosphorylcholine",-0.0437575240653351,0.00475655201773254,0.0689677607127601,0.150086021718174,0.0281559704081051,6
"324","Phosphorylcholine",0.128866206989617,0.00902484302341898,0.0949991738038757,0.227590091666805,0.0474995869019378,4
"358","Phosphorylcholine",-0.133196178429708,0.00291001248455341,0.0539445315537489,0.107798831743816,0.0311448898138652,3
"373","Phosphorylcholine",0.0973016285624971,0.00561306505121591,0.0749203914246042,0.192981498938456,0.0305861217199781,6
"375","Phosphorylcholine",0.17687169790339,0.00355683417024165,0.0596391999463579,0.0843425654132201,0.04217128270661,2
"381","Phosphorylcholine",0.0488081243858314,0.00332754452922406,0.0576848726203331,0.154883865968358,0.0235497506328767,6
"406","Phosphorylcholine",0.179332359692556,0.00340947148386823,0.0583906797688486,0.150933761937266,0.0238378951946553,6
"42","Phosphorylcholine",-0.317843713831014,0.00039463040305261,0.0198653065179627,0.0280937858984014,0.0140468929492007,2
"440","Phosphorylcholine",0.14637410015889,0.0152828425366503,0.123623794378956,0.341294025417174,0.0504692027158647,6
"502","Phosphorylcholine",0.0637049099422427,0.0143639177377552,0.11984956294353,0.281024200917074,0.059924781471765,4
"513","Phosphorylcholine",-0.144007745778866,0.0204429501145278,0.142978844989487,0.399402913085007,0.0583708690394558,6
"531","Phosphorylcholine",-0.0907187364429465,0.00298100793872545,0.0545986074797284,0.14846728432399,0.0244172395603002,5
"535","Phosphorylcholine",0.0724575317652059,0.00839260893155583,0.09161118344152,0.189665011871642,0.04580559172076,4
"566","Phosphorylcholine",0.107218722343608,0.0107659869361638,0.103759273976661,0.296042614470422,0.0423595462207434,6
"57","Phosphorylcholine",-0.0385748083827633,0.00868784609182921,0.0932086159742178,0.246166337593806,0.0380522581279771,6
"776","Phosphorylcholine",-0.214475107757732,0.00461455983859137,0.0679305515846248,0.162474575198979,0.0339652757923124,4
"83","Phosphorylcholine",0.0340606327196545,0.00528843747265391,0.0727216437702965,0.192057592380984,0.0325221077811814,5
"853","Phosphorylcholine",-0.0508936002057262,0.00259936170787337,0.050983935782493,0.139532650720054,0.0208141046243221,6
"879","Phosphorylcholine",0.125189712172309,0.0101202741122149,0.100599573121435,0.142269280677277,0.0711346403386385,2
"913","Phosphorylcholine",0.0621127242705368,0.0129802390702907,0.113930852144143,0.295830646024011,0.0465120756189377,6
"138","Phosphoserine",0.0114454634998589,0.00574492297735697,0.0757952701516194,0.1659811421446,0.0338966752863964,5
"177","Phosphoserine",-0.113540178938595,0.0128195777859905,0.113223574338521,0.275720580611313,0.0462233306639092,6
"208","Phosphoserine",-0.071198472441091,0.00194957706315139,0.0441540152551429,0.091323008790546,0.0220770076275714,4
"235","Phosphoserine",0.125404192019701,0.000920394019083843,0.0303379962931609,0.091270794724307,0.0123854351227819,6
"303","Phosphoserine",0.114339286333376,0.00101923032981015,0.0319253869171566,0.0840451945895219,0.0130334846313266,6
"306","Phosphoserine",0.0980455986920362,0.00176027666743065,0.0419556511977903,0.0937682305814903,0.0209778255988952,4
"309","Phosphoserine",-0.100344839565252,0.00101600187214747,0.0318747842682499,0.0838354219515529,0.0130128261864174,6
"31","Phosphoserine",-0.236167399991838,0.0113164014913813,0.106378576280101,0.243306051593105,0.0531892881400505,4
"319","Phosphoserine",-0.213098750272132,0.00830918384605846,0.0911547247599292,0.203634026847555,0.040765632206697,5
"320","Phosphoserine",-0.0263552796368642,0.00149710265876263,0.0386924108677998,0.114586600892231,0.0157961105907047,6
"324","Phosphoserine",0.126682287757182,0.00805193460166403,0.0897325726905455,0.204609243070488,0.0448662863452728,4
"358","Phosphoserine",-0.0390511470177112,0.00814091678713018,0.0902270291383363,0.174257866538118,0.0520925995611987,3
"373","Phosphoserine",0.0761825260925755,0.00125753619014872,0.0354617567267714,0.0963303087165677,0.0144772015605498,6
"375","Phosphoserine",0.158540214981888,0.000352605074033078,0.0187777813927279,0.0265557931168729,0.0132778965584365,2
"381","Phosphoserine",0.0403236751680417,0.00199217215976939,0.0446337558331067,0.116668648199608,0.0182216545158473,6
"406","Phosphoserine",-0.0315031308684441,0.0019168444971328,0.0437817827084827,0.109801280414274,0.0178738379441984,6
"42","Phosphoserine",-0.202370318210509,0.0205802484973042,0.143458176822739,0.202880499296035,0.101440249648017,2
"440","Phosphoserine",0.052294386378034,0.0014387849100026,0.0379313183267152,0.115617446232226,0.0154853958619221,6
"502","Phosphoserine",0.0386685987430426,0.000250778340847524,0.0158359824718116,0.0339293350459467,0.00791799123590579,4
"513","Phosphoserine",-0.00767504253914327,0.00348467938619043,0.0590311730036802,0.138566472693991,0.024099375462829,6
"531","Phosphoserine",0.0559088728976732,0.00603064779901423,0.0776572456311337,0.188101878887017,0.0347293760353227,5
"535","Phosphoserine",0.0936901369515119,0.0152918006626291,0.123660020469953,0.261994825007812,0.0618300102349764,4
"566","Phosphoserine",0.00275887626519299,0.00347520473075029,0.0589508670907417,0.159734794199491,0.0240665907111577,6
"57","Phosphoserine",-0.00492149453232861,0.00165298964560647,0.0406569753622483,0.108199186865627,0.0165981406870693,6
"776","Phosphoserine",-0.116069630581817,0.00250787586929613,0.0500786967611591,0.12066144777896,0.0250393483805796,4
"83","Phosphoserine",0.103989604902712,0.00174927206544099,0.0418242999396402,0.0990047711224924,0.0187043955552752,5
"853","Phosphoserine",-0.0109110482991978,0.00352899291007721,0.0594053272870136,0.175696023805755,0.0242521233093696,6
"879","Phosphoserine",-0.03362253831578,0.0030518634264328,0.0552436731801281,0.0781263518466439,0.039063175923322,2
"913","Phosphoserine",0.00831945420378027,0.000285108271714778,0.0168851494430691,0.0440474771913843,0.00689333339435982,6
"138","Phosphotyrosine",0.085636963762072,0.00531606581774268,0.0729113558901676,0.160533562503465,0.0326069496204189,5
"177","Phosphotyrosine",0.0909171549082189,0.0104972017202573,0.102455852542728,0.28562340622061,0.0418274266485864,6
"208","Phosphotyrosine",0.0724691256053924,0.0188031988075755,0.137124756362866,0.326927852592391,0.0685623781814332,4
"235","Phosphotyrosine",0.0693567363514011,0.0140376461016403,0.118480572676031,0.257143446136992,0.0483694912481692,6
"303","Phosphotyrosine",-0.031371665542342,0.0227667308662461,0.150886483378221,0.426851344523896,0.0615991488932627,6
"306","Phosphotyrosine",-0.0202151432489064,0.0184482505803651,0.135824337216734,0.296557832801061,0.0679121686083671,4
"309","Phosphotyrosine",0.146592896030482,0.0062228068904689,0.0788847696990293,0.227939942312347,0.0322045723732643,6
"31","Phosphotyrosine",-0.107565306597581,0.0344361847674606,0.185569891866813,0.379652104411546,0.0927849459334064,4
"319","Phosphotyrosine",-0.00982144861220109,0.00835494946025759,0.091405412642018,0.240997216524455,0.0408777432357942,5
"320","Phosphotyrosine",-0.048742267107299,0.0126031528427912,0.112263764602793,0.295055076128396,0.0458314899801276,6
"324","Phosphotyrosine",-0.147529072253848,0.0110354789229211,0.105049887781573,0.244247061567076,0.0525249438907865,4
"358","Phosphotyrosine",0.0629240974161127,0.0713900405139922,0.267189147448006,0.463301798678041,0.154261726203653,3
"373","Phosphotyrosine",0.138852624270935,0.0242502473133078,0.155724909097125,0.438110890809652,0.0635744279215416,6
"375","Phosphotyrosine",0.0538123290037316,0.000191718125865035,0.0138462314679856,0.0195815283297824,0.00979076416489119,2
"381","Phosphotyrosine",-0.0235458762368277,0.0118321422293371,0.108775650902843,0.277421464936062,0.0444074735251795,6
"406","Phosphotyrosine",-0.0670418114336472,0.00901131670872798,0.0949279553594618,0.239445744927954,0.0387541754927302,6
"42","Phosphotyrosine",-0.300565883929048,0.09884770742026,0.314400552512651,0.444629525380985,0.222314762690492,2
"440","Phosphotyrosine",-0.0171808806218626,0.108054330016232,0.328716184597339,0.865059306653377,0.134197820409667,6
"502","Phosphotyrosine",-0.0549286493476089,0.0118613332873836,0.108909748357912,0.218528695601846,0.0544548741789558,4
"513","Phosphotyrosine",-0.0851207498511642,0.0049832429238361,0.0705920882524104,0.190035517014078,0.0288190993493207,6
"531","Phosphotyrosine",-0.0920266372058458,0.015310937390702,0.123737372651523,0.257953359011061,0.055337035321206,5
"535","Phosphotyrosine",0.284889934357708,0.138730247706503,0.37246509595733,0.847020562304136,0.186232547978665,4
"566","Phosphotyrosine",-0.197549133154417,0.00991151703545711,0.0995566021691033,0.284650927769826,0.0406438126399273,6
"57","Phosphotyrosine",-0.0184410227805359,0.0544819877007323,0.233413769304067,0.653948032830352,0.0952907722891119,6
"776","Phosphotyrosine",0.0452336709695382,0.0169461149571428,0.130177244390649,0.287961928359383,0.0650886221953246,4
"83","Phosphotyrosine",-0.103757652935173,0.0159421186827439,0.126262103113895,0.324410592698007,0.0564661291089514,5
"853","Phosphotyrosine",0.0301852051712162,0.0230369319522851,0.151779221082087,0.388376454615026,0.0619636075346988,6
"879","Phosphotyrosine",0.072649766709898,0.00049940085416701,0.0223472784510108,0.0316038242675474,0.0158019121337737,2
"913","Phosphotyrosine",0.0913989435290858,0.00301786104311611,0.0549350620561779,0.159398775256812,0.0224271451709608,6
"138","Pipecolate",-0.0546464452457224,0.0185020737424911,0.136022328102746,0.279512564880511,0.060831034419104,5
"177","Pipecolate",0.312066967299013,0.0146143288636426,0.120889738454687,0.314971103333868,0.0493530290587494,6
"208","Pipecolate",-0.123437358701964,0.00472344148428809,0.0687272979556747,0.153125690291136,0.0343636489778373,4
"235","Pipecolate",0.113661197609051,0.029226460761523,0.170957482320965,0.439673876353703,0.06979309989954,6
"303","Pipecolate",-0.230106912802264,0.0235526964921623,0.153468877926967,0.431572818556713,0.0626534070530916,6
"306","Pipecolate",-0.0282168898671204,0.0296385219526544,0.172158421091314,0.37492061525234,0.0860792105456572,4
"309","Pipecolate",-0.0373241102783921,0.0079596392543014,0.0892168103795546,0.252651696282938,0.0364226103180918,6
"31","Pipecolate",-0.00364267633690059,0.0427768379654951,0.206825622120411,0.433642743240022,0.103412811060206,4
"319","Pipecolate",-0.0878069483189665,0.00701703801264496,0.0837677623710038,0.211098598248494,0.0374620821969227,5
"320","Pipecolate",-0.0855319302641041,0.00838958528131177,0.0915946793286148,0.209550278169156,0.0373933712514927,6
"324","Pipecolate",0.289610645797749,0.01574130776882,0.12546436852278,0.290587718027266,0.06273218426139,4
"358","Pipecolate",0.152920691702177,0.0447552012701907,0.211554251364019,0.422692375767144,0.122140903973226,3
"373","Pipecolate",-0.210172860896044,0.0135934923394577,0.116591133193986,0.287990064784162,0.0475981308096893,6
"375","Pipecolate",0.17474265897304,0.0699870313842658,0.264550621591154,0.374131076988442,0.187065538494221,2
"381","Pipecolate",0.0856717738447628,0.0330604135467829,0.181825228026209,0.510910413970829,0.0742298385049019,6
"406","Pipecolate",0.190855853463851,0.0425929381681983,0.206380566353032,0.476508666413222,0.0842545133985892,6
"42","Pipecolate",-0.268811766598321,0.00477650194864496,0.0691122416699455,0.097739469495644,0.048869734747822,2
"440","Pipecolate",0.0503206162917207,0.0179107824488037,0.133831171439256,0.364967091628784,0.0546363469508526,6
"502","Pipecolate",-0.0835816110486012,0.0138028745101855,0.117485635335497,0.280590666198828,0.0587428176677487,4
"513","Pipecolate",0.0632819783635342,0.00702181771415124,0.0837962869950169,0.224080892915627,0.0342096909129349,6
"531","Pipecolate",-0.0452610793633617,0.0284348430095269,0.168626341386887,0.400104809372432,0.0754119924276331,5
"535","Pipecolate",0.123542397872836,0.00671902622437419,0.0819696664893434,0.190721859045382,0.0409848332446717,4
"566","Pipecolate",0.107050640780693,0.0217932746620335,0.1476254539774,0.383992207272618,0.0602678392152253,6
"57","Pipecolate",-0.255067997331506,0.0247797779817902,0.157415939414629,0.45922011425727,0.0642647881577854,6
"776","Pipecolate",0.0126801591217448,0.00292823114989989,0.0541131328782569,0.122747911026981,0.0270565664391285,4
"83","Pipecolate",-0.267067546749816,0.00419361183749274,0.0647581024852701,0.166996153467144,0.0289607038501924,5
"853","Pipecolate",0.0256656017524361,0.00435616164584631,0.0660012245783842,0.153057601334962,0.0269448871026468,6
"879","Pipecolate",-0.012599496429879,0.00806736863078914,0.0898185316668511,0.127022585635698,0.0635112928178491,2
"913","Pipecolate",0.0830736095076062,0.00662607042037713,0.0814006782550191,0.25413214017592,0.0332316877402105,6
"138","Proline",-0.0818442171901404,0.00284996631285146,0.0533850757501706,0.122448846050385,0.0238745316722714,5
"177","Proline",-0.0913120214482787,0.00514847420740568,0.0717528689837952,0.193016731941631,0.0292929860985119,6
"208","Proline",-0.0356056812095279,0.00142084891522944,0.037694149615417,0.0791237422371176,0.0188470748077085,4
"235","Proline",0.0234640902230928,0.00604628881383477,0.0777578858626877,0.169514370153673,0.0317445239735265,6
"303","Proline",0.10751986430496,0.00621965951516672,0.0788648179809395,0.220327495211239,0.0321964271184623,6
"306","Proline",-0.0216706345637071,0.000191725997267086,0.0138465157085487,0.0321648032498817,0.00692325785427434,4
"309","Proline",0.0311685932182663,0.00191473542148197,0.0437576898554068,0.114631300866277,0.0178640020781177,6
"31","Proline",0.0708311827305308,0.00796831829499048,0.0892654372923276,0.173248091058576,0.0446327186461638,4
"319","Proline",-0.245703356234136,0.0129064708843354,0.113606649824451,0.268797803053477,0.0508064383406973,5
"320","Proline",0.0715604933512505,0.000901294688827694,0.0300215703924311,0.0808222031277986,0.0122562547897505,6
"324","Proline",-0.149541296501345,0.00138083133325306,0.0371595389268094,0.085224383255546,0.0185797694634047,4
"358","Proline",-0.0699060757793026,5.4341536757902e-05,0.00737167123235308,0.0133224044705102,0.00425603637037647,3
"373","Proline",-0.04104211382461,0.00243357590243048,0.049331287256978,0.13331134370735,0.020139413689043,6
"375","Proline",-0.0365634481327427,0.000700588837493521,0.0264686387540712,0.0374323079035616,0.0187161539517808,2
"381","Proline",-0.0271468170556791,0.00401180948070351,0.06333884653752,0.153190202590433,0.0258579758188955,6
"406","Proline",0.0467710765905531,0.00497838237314329,0.0705576528318742,0.175622652741722,0.0288050411477554,6
"42","Proline",0.136703211209,0.00170341569848689,0.0412724568990857,0.058368068299146,0.029184034149573,2
"440","Proline",-0.0896497660251884,0.011058087841259,0.105157443109173,0.329940493252781,0.0429303463788709,6
"502","Proline",-0.0269864983864281,0.00587803525594918,0.0766683458537432,0.173614442710515,0.0383341729268716,4
"513","Proline",0.134422146551002,0.00326140639539952,0.0571087243370006,0.145666210598264,0.0233145390811525,6
"531","Proline",-0.00117183222502207,0.00554389353728111,0.0744573269549822,0.187320026813808,0.0332983288988535,5
"535","Proline",0.0272552159392858,0.011084837260589,0.105284553760696,0.244450742176722,0.0526422768803482,4
"566","Proline",0.162781639380586,0.00687932888401599,0.0829417198038237,0.231412923820473,0.0338608153180437,6
"57","Proline",-0.0722181998592797,0.00363097566028529,0.060257577617137,0.147306941659521,0.0246000530496897,6
"776","Proline",0.0332134084072589,0.000626465917744915,0.025029301183711,0.0570534032762107,0.0125146505918555,4
"83","Proline",-0.0335054072989051,0.00217307027478932,0.0466162018485989,0.117587485185765,0.0208473992372637,5
"853","Proline",0.0123981333984562,0.00629385015667614,0.0793337895015494,0.213637661636982,0.0323878839400275,6
"879","Proline",0.0976925379427598,0.00364599683530755,0.0603820903522522,0.0853931711005927,0.0426965855502963,2
"913","Proline",0.0704820319243063,0.0042405690927924,0.0651196521243196,0.185422033842508,0.0265849866553549,6
"138","Pseudouridine",-0.201938849483123,0.0137615561230462,0.117309659120834,0.297270690972276,0.0524624744423025,5
"177","Pseudouridine",-0.0103483429765647,0.0144202046081958,0.12008415635793,0.286961614104106,0.0490241515449202,6
"208","Pseudouridine",-0.0693104114984294,0.0117501299319788,0.108398016273264,0.227590521972958,0.0541990081366321,4
"235","Pseudouridine",-0.0562392559341281,0.00302711321902862,0.0550192077281073,0.160632099442509,0.022461497497676,6
"303","Pseudouridine",-0.176957537084637,0.00644968809905215,0.0803099501870855,0.227721097551262,0.0327863998711157,6
"306","Pseudouridine",-0.183762580346867,0.0038326896835012,0.0619087205771627,0.134638289992848,0.0309543602885813,4
"309","Pseudouridine",0.0812732508389752,0.00192440483853186,0.0438680389182359,0.112323387115935,0.017909051894372,6
"31","Pseudouridine",0.126152951519602,0.0219466641267083,0.148144065445458,0.36001424194364,0.0740720327227292,4
"319","Pseudouridine",-0.0375390350719318,0.00569479544306419,0.0754638684607686,0.162884395806257,0.0337484679446762,5
"320","Pseudouridine",-0.109075674117299,0.00846180730925075,0.0919880824305559,0.196475227391864,0.0375539773953234,6
"324","Pseudouridine",-0.00329079546971278,0.0092128317676998,0.0959834973716826,0.198704801280346,0.0479917486858413,4
"358","Pseudouridine",0.032321001199889,0.00135278428449372,0.03678021593865,0.065294617726175,0.0212350675730321,3
"373","Pseudouridine",-0.0322745503557828,0.00274703891998337,0.0524122020142578,0.136391974470353,0.0213971918717674,6
"375","Pseudouridine",0.0587482136035849,0.0134599897502786,0.116017195924909,0.164073091945502,0.0820365459727512,2
"381","Pseudouridine",0.0724564347870679,0.00424118688114326,0.0651243954378331,0.188646595339454,0.026586923104988,6
"406","Pseudouridine",-0.12805377056697,0.00801411918424847,0.0895216129448552,0.267125594471773,0.0365470454443048,6
"42","Pseudouridine",-0.103965191590654,0.000748779297040341,0.0273638319144147,0.038698302211863,0.0193491511059315,2
"440","Pseudouridine",-0.117934822012571,0.00767985410259761,0.0876347767875152,0.260173662828191,0.0357767478086853,6
"502","Pseudouridine",0.230475995724098,0.00916781006454809,0.0957486817901327,0.214063007784243,0.0478743408950664,4
"513","Pseudouridine",0.131620073164792,0.00715389035588497,0.0845806736547124,0.240588927759262,0.0345299154258183,6
"531","Pseudouridine",0.0470530378244395,0.00341145897525796,0.0584076961988569,0.129906622468001,0.02612071582196,5
"535","Pseudouridine",-0.0396318424553546,0.0127010007634248,0.112698716778075,0.242832225690639,0.0563493583890376,4
"566","Pseudouridine",0.0794026724492841,0.00591785830365028,0.0769276173012676,0.224916713727807,0.0314055682527008,6
"57","Pseudouridine",-0.0927355876977499,0.00975422955808065,0.0987635031683296,0.252287875317845,0.0403200313286929,6
"776","Pseudouridine",0.0202441586268397,0.00129500026065349,0.0359861120524778,0.0804563933211396,0.0179930560262389,4
"83","Pseudouridine",0.0119391105239761,0.00170165764609736,0.0412511532699071,0.107478484174885,0.018448076572355,5
"853","Pseudouridine",0.594149334839536,0.0176092095112578,0.132699696726322,0.383421455370657,0.0541744243335939,6
"879","Pseudouridine",-0.187559656862505,0.00982410507342924,0.0991166235978064,0.140172073348647,0.0700860366743235,2
"913","Pseudouridine",-0.0773640515452903,0.00379711154599004,0.0616207071201722,0.178666464254613,0.0251565483389847,6
"138","Putrescine",0.039911629140144,0.00654382254424559,0.0808938968293999,0.197302993252015,0.0361768504550786,5
"177","Putrescine",-0.103399393045748,0.00782109804214957,0.0884369721448533,0.187753711137617,0.0361042426919367,6
"208","Putrescine",-0.119865659189837,0.0048711925747192,0.0697939293543443,0.168522032149544,0.0348969646771721,4
"235","Putrescine",0.0575815807548018,0.0210285170295198,0.145012127180867,0.310751037334786,0.0592009530181171,6
"303","Putrescine",0.00651020922984706,0.0186490994524294,0.136561705658759,0.361741561624509,0.0557510828780175,6
"306","Putrescine",-0.0858825997108775,0.0332983698633403,0.182478409307349,0.408864688108694,0.0912392046536744,4
"309","Putrescine",-0.0961508372775278,0.013419079761772,0.115840751731729,0.281123095609185,0.0472917888605271,6
"31","Putrescine",0.156202003913374,0.0138108012390812,0.117519365378993,0.261835381240237,0.0587596826894964,4
"319","Putrescine",0.0228483353866422,0.0234478452681426,0.153126892700605,0.32524262907396,0.0684804282523738,5
"320","Putrescine",-0.119260410026361,0.00363140377522326,0.0602611298867127,0.168581212828496,0.0246015032576713,6
"324","Putrescine",0.154735825565291,0.0042130540347448,0.0649080429126068,0.137225038581977,0.0324540214563034,4
"358","Putrescine",0.054137413363103,0.0014752382887077,0.038408830868795,0.0754742544812821,0.0221753488413576,3
"373","Putrescine",-0.186208312526732,0.0156013779218857,0.124905475948357,0.34846638350932,0.050992447025492,6
"375","Putrescine",-0.395569671081234,0.00188895183815971,0.043462073560286,0.0614646538778136,0.0307323269389068,2
"381","Putrescine",0.159705249802705,0.00769799652608681,0.0877382272791444,0.239347521681137,0.0358189812950406,6
"406","Putrescine",-0.145027886914,0.0384029698122703,0.195966756906038,0.478845461466141,0.0800030934946375,6
"42","Putrescine",-0.016966234614795,0.00811268250317064,0.0900704307926338,0.12737882479573,0.063689412397865,2
"440","Putrescine",0.196505567007579,0.0170396733609173,0.130536099838004,0.303917247320291,0.0532911396026852,6
"502","Putrescine",0.106746371299128,0.0201386760524383,0.141910803156202,0.251494425777799,0.070955401578101,4
"513","Putrescine",-0.376111785292388,0.0130757868482221,0.114349406855576,0.306012619652924,0.0466829498643457,6
"531","Putrescine",-0.2154109226945,0.0654211842067387,0.255775652099137,0.53867965091186,0.114386349016601,5
"535","Putrescine",0.0914721054972391,0.0145054517153388,0.120438580676371,0.256543136354934,0.0602192903381856,4
"566","Putrescine",0.13486529842471,0.0179237344467758,0.13387955201141,0.333070091894622,0.0546560982367259,6
"57","Putrescine",0.312021338970124,0.0813543378712429,0.285226818288959,0.584163616891674,0.116443360960914,6
"776","Putrescine",0.0885785639804536,0.0293530696205249,0.171327375572396,0.363522391641813,0.0856636877861981,4
"83","Putrescine",0.0533860596746716,0.00673299468900014,0.0820548273351431,0.189104543818668,0.0366960343606776,5
"853","Putrescine",0.00981963591100173,0.0129375531611934,0.113743365350219,0.268472417911036,0.0464355344558335,6
"879","Putrescine",0.13171488073839,0.00554073401106866,0.0744361069043019,0.105268551914317,0.0526342759571587,2
"913","Putrescine",0.0370843877940059,0.0163913948229569,0.128028882768526,0.295022087481528,0.052267572520249,6
"138","Pyridoxamine",-0.0603455209808549,0.0139359302249738,0.118050540977048,0.30419620699394,0.0527938068810609,5
"177","Pyridoxamine",-0.170614742455678,0.038366264266231,0.195873082035871,0.531190463980782,0.0799648508890323,6
"208","Pyridoxamine",-0.130538520765874,0.0081221932823523,0.0901232116735322,0.182154632232099,0.0450616058367661,4
"235","Pyridoxamine",-0.108058946408049,0.0128866314266957,0.113519299798297,0.261228617553508,0.0463440600773097,6
"303","Pyridoxamine",0.0357827432190762,0.00852525685766718,0.0923323175148722,0.245563132540775,0.0376945107800132,6
"306","Pyridoxamine",-0.128354136622008,0.00483640939597648,0.0695442980838579,0.146704780456742,0.034772149041929,4
"309","Pyridoxamine",0.0389904686081223,0.00905270693360541,0.0951457142156461,0.256894232408615,0.0388430751735008,6
"31","Pyridoxamine",-0.132275269999143,0.0139030255019125,0.117911091513532,0.280317100744743,0.0589555457567659,4
"319","Pyridoxamine",0.00118577584524885,0.0115476308179438,0.10745990330325,0.263133539328004,0.0480575297283241,5
"320","Pyridoxamine",-0.109943405574061,0.0115538116470065,0.10748865822498,0.276163381738292,0.0438820609646023,6
"324","Pyridoxamine",-0.116255121723412,0.010013242487323,0.100066190530683,0.237101087759673,0.0500330952653417,4
"358","Pyridoxamine",0.128325441977692,0.0296828245922025,0.172287041277638,0.341821672648637,0.0994699696595284,3
"373","Pyridoxamine",-0.0397078208726853,0.0125277835837002,0.111927581871942,0.310255642891479,0.0456942439549743,6
"375","Pyridoxamine",0.0475349408418304,0.0918177081972149,0.303014369621665,0.428527031112892,0.214263515556446,2
"381","Pyridoxamine",0.0305117247670802,0.0152038067189484,0.123303717376843,0.3271345666204,0.0503385318269355,6
"406","Pyridoxamine",0.102841920296818,0.018857026732778,0.137320889644577,0.372790577661725,0.0560610184423752,6
"42","Pyridoxamine",0.137618193682315,0.00832294621766745,0.0912301826024011,0.12901896153409,0.0645094807670448,2
"440","Pyridoxamine",0.0204090960646133,0.0436464175437191,0.20891725046946,0.581298671096744,0.0852901103525678,6
"502","Pyridoxamine",0.173203257708881,0.0422724146150113,0.205602564709225,0.469396277447611,0.102801282354613,4
"513","Pyridoxamine",0.0636585512910405,0.0175084942807745,0.132319667021855,0.32666560255456,0.0540192778564197,6
"531","Pyridoxamine",0.0633359865750451,0.0291508108913106,0.170736085498381,0.349701457147789,0.0763554986773194,5
"535","Pyridoxamine",-0.0649359820850246,0.0960861023165125,0.309977583570994,0.625483682953861,0.154988791785497,4
"566","Pyridoxamine",0.0900338280671869,0.0112108157404738,0.105881139682541,0.292521981380311,0.0432257942677629,6
"57","Pyridoxamine",-0.0310071792410154,0.00366231817760089,0.0605170899630914,0.179800202719949,0.0247059985212799,6
"776","Pyridoxamine",0.170144248275568,0.0119638009617803,0.1093791614604,0.214851877730538,0.0546895807302,4
"83","Pyridoxamine",0.142416579022993,0.00164540797834367,0.0405636287620286,0.098734267970473,0.0181406062651923,5
"853","Pyridoxamine",0.032897254479722,0.0858116599622851,0.292936272868836,0.741344471639405,0.119590732613558,6
"879","Pyridoxamine",-0.0422714404499339,0.0525150582630263,0.229161642215765,0.324083502397226,0.162041751198613,2
"913","Pyridoxamine",-0.0370697781671062,0.0490461285744981,0.22146360553034,0.565894321135467,0.0904121383577247,6
"138","Pyroglutamic Acid",0.0548164751176375,0.0356284347494887,0.188754959536137,0.474726479169396,0.0844137841226049,5
"177","Pyroglutamic Acid",-0.263406071433839,0.013152074975246,0.114682496376936,0.275150217689809,0.0468189330920124,6
"208","Pyroglutamic Acid",-0.165497950030068,0.00109223053700234,0.0330489112831624,0.0702449396981715,0.0165244556415812,4
"235","Pyroglutamic Acid",0.151473182889698,0.00182173568772102,0.0426817957415222,0.125377413075815,0.0174247701454042,6
"303","Pyroglutamic Acid",-0.0470896837265928,0.00503544061379743,0.0709608385928283,0.205305612943444,0.0289696410454043,6
"306","Pyroglutamic Acid",-0.124918671337085,0.00175201050858341,0.0418570246026089,0.102015936750712,0.0209285123013045,4
"309","Pyroglutamic Acid",-0.347667486710021,0.00263432591528361,0.0513256847522135,0.150727620115005,0.0209536230569783,6
"31","Pyroglutamic Acid",0.0244428561270087,0.0336745803252567,0.183506349550245,0.381459897315915,0.0917531747751225,4
"319","Pyroglutamic Acid",-0.0187222959125181,0.0050610869889461,0.0711413170312871,0.190919878086478,0.0318153641781643,5
"320","Pyroglutamic Acid",0.0120424672979667,0.00181820757591304,0.0426404453062235,0.118721956077646,0.0174078889008836,6
"324","Pyroglutamic Acid",0.131296261345946,0.00638759467403973,0.0799224291049748,0.173683275718194,0.0399612145524874,4
"358","Pyroglutamic Acid",0.104512000450208,0.0115226525401869,0.107343619000791,0.190342044538344,0.0619748673258951,3
"373","Pyroglutamic Acid",0.171520856446778,0.00243834872775819,0.0493796387973645,0.15312940262869,0.0201591531227471,6
"375","Pyroglutamic Acid",0.162368940937665,0.0015829883564628,0.0397867862042513,0.056267012653291,0.0281335063266455,2
"381","Pyroglutamic Acid",0.0914696381171634,0.00311923997800177,0.0558501564724914,0.154562334078813,0.0228007309020339,6
"406","Pyroglutamic Acid",0.0339912054152606,0.00543202842991971,0.0737022959609788,0.204374994406371,0.0300888363293313,6
"42","Pyroglutamic Acid",0.0237801995062133,0.0418815599338176,0.204649847138515,0.289418589360869,0.144709294680434,2
"440","Pyroglutamic Acid",-0.0130178293777038,0.00408220246047744,0.0638921157927756,0.183924561010138,0.0260838470465198,6
"502","Pyroglutamic Acid",0.147480647938479,0.00660565567398094,0.0812751848597156,0.175888543388771,0.0406375924298578,4
"513","Pyroglutamic Acid",-0.193286558890501,0.00247945199684006,0.0497940960038443,0.126732521878479,0.0203283545687629,6
"531","Pyroglutamic Acid",0.0783381550356808,0.00296016263215848,0.0544073766336742,0.14862057914084,0.0243317185260658,5
"535","Pyroglutamic Acid",0.135246482109286,0.00797782964729645,0.0893186970756764,0.192521980534787,0.0446593485378382,4
"566","Pyroglutamic Acid",0.0394961461984323,0.00652929620045678,0.0808040605443612,0.219026615512249,0.0329881195797739,6
"57","Pyroglutamic Acid",-0.0924818397965413,0.00571333709820623,0.0755866198358296,0.207512901408244,0.0308581083299193,6
"776","Pyroglutamic Acid",0.105755022732707,0.0198908241538556,0.141034833122373,0.343508006014413,0.0705174165611864,4
"83","Pyroglutamic Acid",0.0585852156958579,0.00545081908330559,0.0738296626248935,0.190567491490749,0.0330176288770275,5
"853","Pyroglutamic Acid",0.0260492041963416,0.00202659928309802,0.0450177663050714,0.121821790767898,0.0183784261345471,6
"879","Pyroglutamic Acid",-0.00645424048710396,9.283341406589e-05,0.009635009811406,0.0136259615488882,0.0068129807744441,2
"913","Pyroglutamic Acid",0.00536807829146456,0.00179187104395983,0.0423304977995751,0.110826131065541,0.0172813533611608,6
"138","Pyruvate",0.0458341444427554,0.00985907959308294,0.0992928979992171,0.251736779029592,0.0444051339218405,5
"177","Pyruvate",-0.0577363668142979,0.00405215751684276,0.0636565591030709,0.174274768379055,0.0259876814306405,6
"208","Pyruvate",0.130086838137157,0.0433383073625285,0.208178546835471,0.487493764391946,0.104089273417736,4
"235","Pyruvate",-0.0538600984672493,0.0093397807066549,0.0966425408743732,0.274433775079093,0.0394541520980469,6
"303","Pyruvate",0.025149645736454,0.0159602589872568,0.126333918593768,0.355550375224015,0.0515756062935067,6
"306","Pyruvate",0.0626543091501613,0.0406246214829303,0.201555504719991,0.412299918532337,0.100777752359996,4
"309","Pyruvate",0.124096726828797,0.00211120922788266,0.0459478968820408,0.106083476911839,0.018758150352503,6
"31","Pyruvate",-0.0896211363535896,0.0391356475620811,0.197827317532441,0.438058846966567,0.0989136587662204,4
"319","Pyruvate",0.0589643243478868,0.0337351722265207,0.18367137018741,0.496437107726647,0.0821403338519156,5
"320","Pyruvate",0.0921040676253007,0.0130460510626746,0.114219311251095,0.334261066280241,0.0466298385562195,6
"324","Pyruvate",-0.0770806197961739,0.0303367042483462,0.174174350144751,0.365224969247137,0.0870871750723753,4
"358","Pyruvate",-0.115451137126299,0.041813263797366,0.20448291810654,0.384999350935099,0.118058267813491,3
"373","Pyruvate",0.0673928730129561,0.0243785134643608,0.156136201645745,0.410772275007477,0.0637423374013965,6
"375","Pyruvate",-0.017394950847664,0.0719689834349607,0.26827035511767,0.379391574590055,0.189695787295028,2
"381","Pyruvate",0.0381151325401502,0.0020073316563672,0.0448032549751377,0.104125236216649,0.0182908522508165,6
"406","Pyruvate",-0.166609169867784,0.297102294433738,0.545070907711775,1.49293375216419,0.222524266254918,6
"42","Pyruvate",-1.44491681095858,0.0779526939939857,0.279200096694084,0.394848563360653,0.197424281680326,2
"440","Pyruvate",0.0706738870191759,0.0308937498132874,0.175766179378421,0.473950508050161,0.0717562422526053,6
"502","Pyruvate",-0.173825482786691,0.0998749396776165,0.316029966423465,0.625672970748,0.158014983211733,4
"513","Pyruvate",0.0694833685805946,0.0276713144976486,0.166346970208804,0.449341340379714,0.0679108662115872,6
"531","Pyruvate",0.132195843568871,0.0568238542232655,0.238377545551727,0.564997319858607,0.106605679232643,5
"535","Pyruvate",0.0895588829449228,0.0397750369780011,0.199436799457876,0.437469448698653,0.099718399728938,4
"566","Pyruvate",-0.0662299087987933,0.030042467881145,0.173327631614653,0.389883558470358,0.0707607092968325,6
"57","Pyruvate",0.191497390166355,0.00770542205743753,0.0877805334766059,0.202797315120857,0.0358362527278303,6
"776","Pyruvate",0.121562786725146,0.0878342798293169,0.296368486565824,0.591210587164306,0.148184243282912,4
"83","Pyruvate",-0.170490400581542,0.0412976971477117,0.203218348452377,0.508828648757631,0.0908820082829508,5
"853","Pyruvate",-0.00100410077617728,0.05546014215666,0.235499771033137,0.627753246034527,0.0961423789289094,6
"879","Pyruvate",0.10215403365618,0.0211202993000347,0.145328246738322,0.205525177533239,0.102762588766619,2
"913","Pyruvate",0.0803943859987573,0.0238178160060104,0.154330217410624,0.380753452849936,0.0630050474248034,6
"138","Reduced Glutathione",-0.139542754022815,0.0139880773666546,0.118271202609319,0.237860042615523,0.0528924897630176,5
"177","Reduced Glutathione",-0.326339402026686,0.0553417986423825,0.235248376492554,0.652659794947815,0.0960397475374845,6
"208","Reduced Glutathione",0.0283004193202693,0.13928312601634,0.373206546052371,0.900654634635288,0.186603273026185,4
"235","Reduced Glutathione",-0.27076012832512,0.0275438540727755,0.165963411849647,0.428007681474501,0.0677542791671684,6
"303","Reduced Glutathione",0.288322982135714,0.0968834528309075,0.311261068607861,0.927628773916393,0.127071799147114,6
"306","Reduced Glutathione",0.144298557272675,0.0131543735166605,0.114692517265341,0.245933718932812,0.0573462586326703,4
"309","Reduced Glutathione",0.160278305725735,0.0074427303869214,0.0862712604922485,0.229283710966497,0.0352200946121231,6
"31","Reduced Glutathione",-0.217788097101698,0.130783918864901,0.361640593497054,0.867915280695575,0.180820296748527,4
"319","Reduced Glutathione",-0.113644070091374,0.0809046276540684,0.28443738793286,0.632516152367992,0.127204266952071,5
"320","Reduced Glutathione",0.0543927027267625,0.0311690992944052,0.176547725259787,0.468699199557134,0.0720753070225918,6
"324","Reduced Glutathione",-0.273808264836091,0.0517148857250743,0.22740907133418,0.506007702915082,0.11370453566709,4
"358","Reduced Glutathione",0.0681568137195297,0.00823357413867472,0.0907390441798608,0.16825300451958,0.052388211583252,3
"373","Reduced Glutathione",0.0303952140055733,0.0354124626981127,0.188181993554412,0.470832097041931,0.0768249771646704,6
"375","Reduced Glutathione",0.318373864054945,0.000847091023545353,0.0291048281827148,0.041160442746534,0.020580221373267,2
"381","Reduced Glutathione",0.275592188556627,0.0395395284621376,0.198845488915735,0.5445481728289,0.0811783309162998,6
"406","Reduced Glutathione",0.0976800809539555,0.0988225582972871,0.314360554614104,0.869162870058475,0.12833715901048,6
"42","Reduced Glutathione",-0.300609450157048,0.0357739033506252,0.189139904173142,0.267484217667605,0.133742108833802,2
"440","Reduced Glutathione",0.334929572075393,0.030959736675501,0.17595379130755,0.473359826292056,0.0718328345019428,6
"502","Reduced Glutathione",-0.196712385144186,0.148753570751848,0.385685844635044,0.942935785082854,0.192842922317522,4
"513","Reduced Glutathione",0.0758946284558931,0.121230930844679,0.348182324141647,0.78194648521262,0.142144838600562,6
"531","Reduced Glutathione",0.286725082516404,0.0046899961092524,0.0684835462666209,0.186372623466103,0.0306267729584832,5
"535","Reduced Glutathione",-0.173119237354658,0.0845597263181536,0.290791551318386,0.67055429076978,0.145395775659193,4
"566","Reduced Glutathione",-0.155716646931009,0.113800398944335,0.33734314717263,0.985911224608543,0.137719763132926,6
"57","Reduced Glutathione",-0.284804269792139,0.0719300476467987,0.2681977771101,0.684730625521204,0.109491284011406,6
"776","Reduced Glutathione",0.136251908540288,0.085031409326639,0.291601456317761,0.661910735141132,0.14580072815888,4
"83","Reduced Glutathione",-0.119724772064948,0.0779657297198662,0.279223440491421,0.617633956266003,0.124872518770037,5
"853","Reduced Glutathione",0.128145134865853,0.0277274119161367,0.166515500528139,0.403575736683969,0.0679796684263473,6
"879","Reduced Glutathione",0.184377493621572,0.00583029486258593,0.0763563675313718,0.107984210536411,0.0539921052682053,2
"913","Reduced Glutathione",-0.069262577538263,0.0254421799827258,0.159506049987848,0.4742182201376,0.0651180722261823,6
"138","Retinol",-0.0663862601689324,0.00181761234271726,0.0426334650564232,0.108531733646756,0.0190662651965048,5
"177","Retinol",0.0261910380876427,0.00911898364518506,0.095493369639913,0.215738091540559,0.0389850049061283,6
"208","Retinol",-0.0535345198406514,0.00836820113172564,0.0914778723611653,0.200467850261449,0.0457389361805826,4
"235","Retinol",0.0154384995015612,0.0355759597212001,0.188615905271003,0.554233186386567,0.077002120881181,6
"303","Retinol",-0.172723876253147,0.00691933932698365,0.0831825662442777,0.195028416207365,0.0339591404656234,6
"306","Retinol",-0.0809693881041175,0.00096384640325889,0.03104587578502,0.0674958165335912,0.01552293789251,4
"309","Retinol",-0.00776506666178457,0.0410722098009211,0.202662798265792,0.546184951635788,0.0827367409326323,6
"31","Retinol",0.0295480906015634,0.0505164139866014,0.224758568216212,0.518306936339004,0.112379284108106,4
"319","Retinol",0.0661008525441778,0.0245778918700756,0.15677337742766,0.366889523415662,0.0701111857980959,5
"320","Retinol",0.00039101096993891,0.0133656686955631,0.1156099852762,0.308401055749834,0.0471975788495609,6
"324","Retinol",-0.00373762491769051,0.00628643771145656,0.0792870589154154,0.162867897234979,0.0396435294577077,4
"358","Retinol",-0.0704286258653226,0.00496615499624579,0.0704709514356504,0.125035983264964,0.0406864227814218,3
"373","Retinol",0.0713846883159387,0.0153559392484195,0.123919083471512,0.365762326724107,0.0505897539830934,6
"375","Retinol",-0.0355390134200235,0.0508512875163317,0.225502300467937,0.318908411668089,0.159454205834045,2
"381","Retinol",0.00861953476742688,0.0182331294660589,0.135030105776671,0.318258020631875,0.0551258098444804,6
"406","Retinol",0.00274348536590527,0.024852754837376,0.157647565275763,0.332508025305582,0.0643593490196206,6
"42","Retinol",0.160177936931381,0.0411963529744815,0.20296884730047,0.287041296591558,0.143520648295779,2
"440","Retinol",-0.0344004718870976,0.0211351607978376,0.145379368542574,0.385941948354865,0.0593508786762218,6
"502","Retinol",0.0406298499229046,0.0336999384992898,0.183575429998924,0.407102283057015,0.091787714999462,4
"513","Retinol",-0.0763133629009307,0.0580159009613926,0.240864901887744,0.641476715635796,0.0983326844284176,6
"531","Retinol",0.204872831343287,0.265417012818396,0.515186386483956,1.24409443898099,0.230398356252121,5
"535","Retinol",-0.0325806437706571,0.0441198184828845,0.210047181563773,0.420604084095984,0.105023590781886,4
"566","Retinol",0.0656663509941235,0.0390785160065022,0.197682867255871,0.500123736113536,0.080703692611204,6
"57","Retinol",-0.142603613386557,0.00553517378248671,0.0743987485276917,0.215891658245149,0.030373161899081,6
"776","Retinol",0.105632172721873,0.006004094505773,0.0774860923377415,0.184428646438242,0.0387430461688708,4
"83","Retinol",0.00296310348593059,0.0023625234134906,0.0486057960894645,0.120487606038956,0.0217371728313072,5
"853","Retinol",0.00715429664460302,0.0584506043452332,0.241765597935755,0.608723030910204,0.0987003920502457,6
"879","Retinol",-0.00136279156429376,0.00462296143061737,0.0679923630315741,0.0961557219370472,0.0480778609685236,2
"913","Retinol",0.0540556916468139,0.0343283188962083,0.185279029833946,0.515301656997343,0.0756398471885116,6
"138","Riboflavin",-0.192893816404709,0.0417394647072859,0.20430238546646,0.545625115676373,0.0913668043736738,5
"177","Riboflavin",0.0569271560671577,0.0190504798124171,0.138023475584471,0.369235523856753,0.0563478479512411,6
"208","Riboflavin",-0.0219255699918403,0.00768821330437497,0.0876824572213562,0.202319774120016,0.0438412286106781,4
"235","Riboflavin",0.122609170963663,0.00729850816212027,0.085431306686251,0.193312934298131,0.034877184906756,6
"303","Riboflavin",-0.0305719648017694,0.0294729466624203,0.171676866998499,0.496105552101302,0.0700867874643292,6
"306","Riboflavin",-0.13958864574486,0.00836834258148148,0.0914786454943528,0.200567990800457,0.0457393227471764,4
"309","Riboflavin",-0.0112967268341296,0.0189375547968067,0.137613788541725,0.349663573739463,0.0561805939164149,6
"31","Riboflavin",-0.255770373746612,0.0327180969654836,0.180881444502977,0.359820214144118,0.0904407222514886,4
"319","Riboflavin",-0.104919176877036,0.00494763291453739,0.0703394122419102,0.160538626884856,0.0314567414540584,5
"320","Riboflavin",-0.214423772637421,0.00789531025066408,0.0888555583554798,0.256577014909006,0.0362751297968367,6
"324","Riboflavin",-0.125654404404506,0.00592342988197064,0.0769638219033504,0.174356474847642,0.0384819109516752,4
"358","Riboflavin",0.298310545007528,0.0533017956788964,0.230871816553897,0.460243096708445,0.13329390543569,3
"373","Riboflavin",-0.082560938382564,0.00560546045945194,0.0748696230753965,0.201979487525674,0.0305653956282044,6
"375","Riboflavin",0.461646175605744,0.0376293789688295,0.193982934736099,0.274333297172726,0.137166648586363,2
"381","Riboflavin",0.0615939867342447,0.00222407253064874,0.0471600734801033,0.108352429402724,0.0192530193764023,6
"406","Riboflavin",0.380050645242723,0.00660828963908295,0.0812913872380276,0.236079141339937,0.0331870698693606,6
"42","Riboflavin",0.52264547613243,0.0139902467444633,0.118280373454193,0.167273708301474,0.083636854150737,2
"440","Riboflavin",0.0566468262205986,0.00595414978535124,0.0771631374773683,0.194819194411655,0.0315017189619637,6
"502","Riboflavin",0.131424110159551,0.0104688006018873,0.102317156928285,0.246380423152458,0.0511585784641426,4
"513","Riboflavin",-0.096769600613895,0.0315528130655726,0.177631115139135,0.458740958448218,0.0725175990887414,6
"531","Riboflavin",0.138226343233912,0.030481876224531,0.174590596036932,0.406493950425132,0.0780792881941568,5
"535","Riboflavin",-0.0725397217655693,0.0278926201799879,0.167010838510523,0.369117494009072,0.0835054192552614,4
"566","Riboflavin",0.26155934741297,0.00333523280043576,0.0577514744438249,0.156499028770492,0.023576940713459,6
"57","Riboflavin",0.0972136132595856,0.0631733525130264,0.251343097205844,0.554199993362611,0.102610389754178,6
"776","Riboflavin",-0.332655029172203,0.00946307850116633,0.0972783557692374,0.229763526787619,0.0486391778846187,4
"83","Riboflavin",-0.174667182341436,0.00697941259071037,0.0835428787552259,0.208672007611393,0.0373615111865416,5
"853","Riboflavin",0.101197763389813,0.00748843384677485,0.0865357373966088,0.212578593120713,0.0353280668561953,6
"879","Riboflavin",-0.341727143215123,0.0311911635889281,0.176610202391957,0.249764543476163,0.124882271738082,2
"913","Riboflavin",-0.242500997930673,0.0146780016375262,0.121152802846349,0.350204736403209,0.0494604246469273,6
"138","Ribose-5-P",-0.064279609516775,0.00747559128760851,0.086461501765864,0.220216712801847,0.038666759077038,5
"177","Ribose-5-P",-0.213801683147331,0.0504186707817572,0.22454102249201,0.644920780138736,0.0916684885713708,6
"208","Ribose-5-P",0.136553674016751,0.00608267033908473,0.0779914760668416,0.180486873836173,0.0389957380334208,4
"235","Ribose-5-P",-0.133740328732568,0.0179535959737297,0.133991029452459,0.378944672454851,0.0547016087114594,6
"303","Ribose-5-P",0.131421627208564,0.0196930832943413,0.140332046569347,0.366175052814211,0.0572903181092311,6
"306","Ribose-5-P",0.165860541177862,0.01820320146503,0.1349192405294,0.323266155338563,0.0674596202646998,4
"309","Ribose-5-P",0.00172384544531729,0.0606342958526993,0.246240321338117,0.661239149370072,0.100527190229559,6
"31","Ribose-5-P",0.0535034458236564,0.00636219342156438,0.0797633588909368,0.177942577846733,0.0398816794454684,4
"319","Ribose-5-P",0.0751751392107843,0.0198800261936452,0.140996546743689,0.360051628363489,0.0630555726223228,5
"320","Ribose-5-P",0.0614759549392923,0.0261335354665923,0.161658700559519,0.395001404377119,0.0659968881420332,6
"324","Ribose-5-P",-0.157031769202183,0.0265706570507482,0.163005082898504,0.334114701664938,0.0815025414492521,4
"358","Ribose-5-P",-0.0350742699359816,0.00580139176400393,0.076166867888892,0.142669516559907,0.0439749616789825,3
"373","Ribose-5-P",0.190328417651841,0.00766008671038085,0.0875219213133536,0.241015714104596,0.0357306747542893,6
"375","Ribose-5-P",-0.24776557434202,0.0114046251980404,0.106792439798145,0.151027316721449,0.0755136583607244,2
"381","Ribose-5-P",-0.0721998839206103,0.00473284051055719,0.0687956431073741,0.168636427347415,0.0280857036899475,6
"406","Ribose-5-P",0.0378670430950634,0.00461442749360677,0.0679295774578848,0.202864418212048,0.027732133869114,6
"42","Ribose-5-P",-0.603001888949523,0.35700359953797,0.597497782036026,0.844989466843191,0.422494733421595,2
"440","Ribose-5-P",0.0739222629371828,0.0143028888650033,0.119594685772418,0.314358770435223,0.0488243260151524,6
"502","Ribose-5-P",0.272932721342808,0.00207920225622958,0.0455982703205898,0.1075790746325,0.0227991351602949,4
"513","Ribose-5-P",0.183956392239334,0.0120008330598367,0.10954831381558,0.260334176400154,0.0447229118384091,6
"531","Ribose-5-P",-0.266177793916885,0.0438040706676932,0.209294220339916,0.511973157620061,0.0935992207955741,5
"535","Ribose-5-P",-0.0293035306853788,0.0228099191919555,0.151029530860542,0.293781471577692,0.0755147654302711,4
"566","Ribose-5-P",-0.0319457926137977,0.00849409666465101,0.0921634236812577,0.212078780208683,0.0376255601611702,6
"57","Ribose-5-P",0.0850518185439003,0.00442611927598882,0.0665290859398265,0.163998405858577,0.0271603856010576,6
"776","Ribose-5-P",-0.117654531483928,0.0221198448710084,0.148727418020379,0.363706231592349,0.0743637090101893,4
"83","Ribose-5-P",0.0703664523429154,0.0140943226547074,0.118719512527248,0.292910157541534,0.0530929800533129,5
"853","Ribose-5-P",0.0802575772689746,0.0243594310814273,0.156075081551884,0.422197904612511,0.0637173852275647,6
"879","Ribose-5-P",0.0415391827734171,0.0105075845479349,0.102506509783208,0.144966096366943,0.0724830481834714,2
"913","Ribose-5-P",-0.169514546534221,0.0465199616672672,0.215684866569881,0.603441793963374,0.0880529780560801,6
"138","Ribulose 5-Phosphate",0.0490193431270286,0.0196400422048185,0.14014293490868,0.34636790077132,0.0626738258044272,5
"177","Ribulose 5-Phosphate",-0.0451211806285295,0.15536872945794,0.394168402409351,1.14561168243734,0.16091857643849,6
"208","Ribulose 5-Phosphate",0.131670399331318,0.0187492884584641,0.136928041169309,0.302228280980883,0.0684640205846547,4
"235","Ribulose 5-Phosphate",-0.0646887613619343,0.0457108348093212,0.213800923312602,0.519259594380187,0.0872838614419653,6
"303","Ribulose 5-Phosphate",0.233862857356645,0.084275126724764,0.290301785603816,0.764426069297914,0.118515207691365,6
"306","Ribulose 5-Phosphate",0.383769632343687,0.011201032199727,0.105834929015552,0.251730334274011,0.0529174645077762,4
"309","Ribulose 5-Phosphate",0.0680060391145487,0.152193659533265,0.390120057845357,1.03084486593424,0.15926584669103,6
"31","Ribulose 5-Phosphate",0.117704369310207,0.0107727364170751,0.103791793592148,0.223359782228394,0.0518958967960741,4
"319","Ribulose 5-Phosphate",0.0983297994301681,0.138314154524445,0.371906109824032,0.915072634966816,0.166321468562808,5
"320","Ribulose 5-Phosphate",0.0792356625108748,0.077979126318414,0.279247428490244,0.663282423887723,0.114002285297572,6
"324","Ribulose 5-Phosphate",-0.119936908022417,0.0471331464423198,0.217101696083471,0.497216481617529,0.108550848041735,4
"358","Ribulose 5-Phosphate",-0.0093670710059137,0.0492463669096785,0.221915224600924,0.398283928839582,0.12812281466062,3
"373","Ribulose 5-Phosphate",-0.22256778988893,0.0210164603845649,0.144970550059538,0.337377025182005,0.0591839792294122,6
"375","Ribulose 5-Phosphate",-0.287730324963097,0.000965810839066184,0.0310774973102112,0.043950218180714,0.021975109090357,2
"381","Ribulose 5-Phosphate",-0.23572172471887,0.0541013362903758,0.232596939555051,0.522982108704894,0.0949573029404759,6
"406","Ribulose 5-Phosphate",0.00265891673058677,0.102960541297298,0.320874650443593,0.764723143441229,0.130996527496786,6
"42","Ribulose 5-Phosphate",-0.476115922875728,0.310687168469857,0.557393190189705,0.788273009140687,0.394136504570344,2
"440","Ribulose 5-Phosphate",-0.114278987461694,0.0658402038889957,0.256593460339494,0.664737130682785,0.104753841527806,6
"502","Ribulose 5-Phosphate",0.0128898363540793,0.0989058078995831,0.314492937757882,0.745120909063285,0.157246468878941,4
"513","Ribulose 5-Phosphate",0.0899142570586747,0.0322693587568226,0.179636741110561,0.423232979943145,0.073336392462886,6
"531","Ribulose 5-Phosphate",-0.380345788236712,0.0835594194953139,0.289066462072849,0.766931838117036,0.129274451842051,5
"535","Ribulose 5-Phosphate",-0.204368040092232,0.0234929771032574,0.153274189292449,0.345501022530314,0.0766370946462244,4
"566","Ribulose 5-Phosphate",-0.0599613434985051,0.0316548396328309,0.17791807000086,0.54388310415658,0.0726347479204809,6
"57","Ribulose 5-Phosphate",0.273487056973596,0.0155113327593653,0.124544501120544,0.357896109464224,0.0508450796691369,6
"776","Ribulose 5-Phosphate",0.0324280811172753,0.0260212101566823,0.161310911461941,0.354608804420502,0.0806554557309707,4
"83","Ribulose 5-Phosphate",0.288271782377396,0.0270856688685076,0.164577242863367,0.380970882400631,0.073601180518396,5
"853","Ribulose 5-Phosphate",0.0815916492379161,0.0786054267962666,0.280366593581094,0.750309887722967,0.114459182532658,6
"879","Ribulose 5-Phosphate",-0.0198912925571669,0.00631895462390556,0.0794918525630492,0.112418455992827,0.0562092279964134,2
"913","Ribulose 5-Phosphate",-0.102654796598939,0.0806998985509182,0.284077275667939,0.725767150282163,0.115974062151068,6
"138","S-Adenosylmethionine (SAM)",0.220724940020668,0.0140231869559617,0.11841953789794,0.285201869155989,0.0529588273207814,5
"177","S-Adenosylmethionine (SAM)",0.0410285828139297,0.00952292111918066,0.0975854554694533,0.235426459810648,0.0398390953695418,6
"208","S-Adenosylmethionine (SAM)",0.0816807634515665,0.00751425008610459,0.0866847742461419,0.187407780134268,0.043342387123071,4
"235","S-Adenosylmethionine (SAM)",0.0563289003371495,0.004979833705395,0.0705679368084047,0.203535403261621,0.0288092395635931,6
"303","S-Adenosylmethionine (SAM)",0.143329461457708,0.00639015707692507,0.0799384580594664,0.218182387543058,0.0326347388450944,6
"306","S-Adenosylmethionine (SAM)",0.0965114759073873,0.00672512941122203,0.0820068863646342,0.183092842065973,0.0410034431823171,4
"309","S-Adenosylmethionine (SAM)",0.241742285437538,0.00558233794621614,0.0747150449790144,0.202462365796453,0.0305022893846132,6
"31","S-Adenosylmethionine (SAM)",-0.0085802404851894,0.0217294570172702,0.147409148349993,0.315347958791185,0.0737045741749963,4
"319","S-Adenosylmethionine (SAM)",-0.0701550857534294,0.0410347174934734,0.202570277912317,0.485515607134506,0.090592182326593,5
"320","S-Adenosylmethionine (SAM)",0.125055426369958,0.00919742370435292,0.0959031996564917,0.260956101747287,0.0391523173097773,6
"324","S-Adenosylmethionine (SAM)",0.0438071734273997,0.00344608201232986,0.0587033390219829,0.13260359206221,0.0293516695109915,4
"358","S-Adenosylmethionine (SAM)",-0.132160716516734,0.0312171728702893,0.176683821755953,0.350253650296216,0.102008452052251,3
"373","S-Adenosylmethionine (SAM)",0.0431657762395904,0.0379206980374486,0.194732375421882,0.508428007654512,0.0794991593639503,6
"375","S-Adenosylmethionine (SAM)",-0.0254450396897169,0.0621142189865795,0.249227243668463,0.352460548108805,0.176230274054402,2
"381","S-Adenosylmethionine (SAM)",-0.125376256654679,0.0172911054798317,0.131495648140278,0.340386001392214,0.053682873556706,6
"406","S-Adenosylmethionine (SAM)",-0.170004073636096,0.0942951585975259,0.30707516766669,0.841231935387432,0.12536291224383,6
"42","S-Adenosylmethionine (SAM)",-0.630655338110433,0.0186646347846122,0.136618574083513,0.193207840340977,0.0966039201704885,2
"440","S-Adenosylmethionine (SAM)",-0.00983266110805094,0.0670089849035353,0.25886093738441,0.700707119938207,0.105679535155058,6
"502","S-Adenosylmethionine (SAM)",-0.127740229400045,0.0638699749667783,0.252725097619485,0.549382248076624,0.126362548809743,4
"513","S-Adenosylmethionine (SAM)",0.00997356009309997,0.0782763859470504,0.279779173540581,0.821712091909134,0.114219369305335,6
"531","S-Adenosylmethionine (SAM)",0.138889926498827,0.0458308587134526,0.214081430099513,0.507653696002456,0.0957401260845761,5
"535","S-Adenosylmethionine (SAM)",0.0618039624548726,0.144730120966105,0.380434121716369,0.835089080616682,0.190217060858184,4
"566","S-Adenosylmethionine (SAM)",-0.190482704932478,0.0669751394827393,0.258795555376709,0.587327154350265,0.105652843062187,6
"57","S-Adenosylmethionine (SAM)",0.140652493685511,0.0381624640987031,0.195352154067221,0.482348849215017,0.079752182936376,6
"776","S-Adenosylmethionine (SAM)",-0.280066165527133,0.0351311979695041,0.187433182679866,0.376667700265225,0.0937165913399331,4
"83","S-Adenosylmethionine (SAM)",-0.153520188784647,0.0333777464811687,0.182695775761698,0.477425160763063,0.0817040347610431,5
"853","S-Adenosylmethionine (SAM)",-0.0879741394594488,0.0454446465579597,0.213177500121283,0.522262194596524,0.0870293499898738,6
"879","S-Adenosylmethionine (SAM)",0.0458892013696034,0.049330794736845,0.222105368545754,0.314104424473279,0.15705221223664,2
"913","S-Adenosylmethionine (SAM)",0.0269832798877275,0.0776570740350237,0.278670188637076,0.708098006367329,0.113766628114329,6
"138","S-Methylcysteine",-0.0402995923057569,0.0351412432238134,0.187459977658735,0.446148691427081,0.0838346506211046,5
"177","S-Methylcysteine",-0.18904814421288,0.0714312906146639,0.267266328995375,0.652748121056195,0.109111021910914,6
"208","S-Methylcysteine",0.0186386772656227,0.0537101226412684,0.231754444706608,0.475396503943496,0.115877222353304,4
"235","S-Methylcysteine",-0.167591119820529,0.0217464715554454,0.147466849004939,0.352341413849147,0.0602030890063589,6
"303","S-Methylcysteine",-0.266087864073996,0.0416751071042042,0.204144818950186,0.608293170468394,0.0833417733434682,6
"306","S-Methylcysteine",-0.161765344486043,0.00747303362109043,0.0864467097181288,0.192609898794817,0.0432233548590644,4
"309","S-Methylcysteine",-0.100042665956354,0.0176924653735503,0.133013027082126,0.365711582405461,0.0543023409157013,6
"31","S-Methylcysteine",-0.0952466100812876,0.0657797735665803,0.25647567831391,0.564452406004953,0.128237839156955,4
"319","S-Methylcysteine",-0.0507869388121387,0.0134832947508876,0.116117590187222,0.264304360349881,0.0519293650084181,5
"320","S-Methylcysteine",0.176663791128105,0.0419534249273273,0.204825352257301,0.479623241800493,0.0836195999027016,6
"324","S-Methylcysteine",-0.196568221230123,0.0170802255087995,0.130691336777919,0.284467724121517,0.0653456683889595,4
"358","S-Methylcysteine",-0.0189445546974131,0.0392785454004594,0.198188156559516,0.3762566149766,0.114423985539832,3
"373","S-Methylcysteine",0.0693547669395909,0.0128720299752553,0.113454968931534,0.29172456260374,0.0463177971109294,6
"375","S-Methylcysteine",0.229243985542391,0.00660150425757944,0.0812496415843137,0.114904345066489,0.0574521725332447,2
"381","S-Methylcysteine",0.0918846931354388,0.00400842014176218,0.0633120852741574,0.171337719445082,0.0258470505788771,6
"406","S-Methylcysteine",0.194602742119545,0.0402671142888794,0.200666674584694,0.555848112285033,0.0819218268522695,6
"42","S-Methylcysteine",0.175032135423207,0.0617052696837578,0.248405454214995,0.351298362318294,0.175649181159147,2
"440","S-Methylcysteine",0.0402418227123495,0.0303490726573739,0.174209852354492,0.476286910183033,0.0711208744056834,6
"502","S-Methylcysteine",0.0749336983894469,0.0551268335991976,0.234791042416864,0.481353279483736,0.117395521208432,4
"513","S-Methylcysteine",0.0446236803070983,0.0277145112009129,0.166476758741011,0.434449539034936,0.0679638521579828,6
"531","S-Methylcysteine",-0.0512689539806293,0.0469343066631395,0.216643270523549,0.520839710560031,0.0968858159517063,5
"535","S-Methylcysteine",0.135586827241545,0.066402012829244,0.257685880151094,0.612386411887949,0.128842940075547,4
"566","S-Methylcysteine",0.0663080979454911,0.0142673401799914,0.119445971803118,0.317751465877351,0.0487636137914179,6
"57","S-Methylcysteine",-0.0135766794860581,0.0380380487841198,0.195033455550887,0.4591636591391,0.0796220748119095,6
"776","S-Methylcysteine",0.0912257640770225,0.000459404644303672,0.0214337267945561,0.0459260303368688,0.0107168633972781,4
"83","S-Methylcysteine",-0.0347367490714134,0.00688462523598663,0.0829736418146548,0.218761849936856,0.0371069406876574,5
"853","S-Methylcysteine",0.122197545738298,0.0279465185925424,0.167172122653696,0.41193162934102,0.0682477332865866,6
"879","S-Methylcysteine",-0.0773745310634089,0.024093202419727,0.155219851886693,0.219514019687705,0.109757009843852,2
"913","S-Methylcysteine",0.067348081929371,0.0723611535756324,0.269000285456414,0.689951732241539,0.109818906671872,6
"138","SAH",0.00326880397438055,0.00307979156396357,0.0554958697919365,0.128867379229794,0.0248185074650494,5
"177","SAH",0.0944642462761263,0.0069933436287014,0.0836262137651909,0.182017556453263,0.0341402588076047,6
"208","SAH",-0.175775405702985,0.0175986341542361,0.132659843789431,0.298364228902741,0.0663299218947153,4
"235","SAH",0.0426235823813178,0.00232684398158955,0.0482373712135058,0.126372091433335,0.0196928243343845,6
"303","SAH",0.0754470717498379,0.0100655750716136,0.100327339601993,0.263726669675122,0.040958464879301,6
"306","SAH",0.148233327132463,0.00441742302254873,0.0664636970273903,0.135607775265995,0.0332318485136952,4
"309","SAH",0.213195265224741,0.00637718062602087,0.0798572515556407,0.210384570073797,0.032601586428733,6
"31","SAH",0.156729193753832,0.024053381889466,0.155091527458678,0.348054679581816,0.0775457637293392,4
"319","SAH",0.0142608022931202,0.0383909536711514,0.195936095886264,0.46477653821623,0.0876252859295208,5
"320","SAH",0.0685235360331587,0.0025316483649531,0.0503154883207259,0.142850599046932,0.0205412120907908,6
"324","SAH",0.129238653250848,0.0138819818797684,0.117821822595682,0.274867545804222,0.058910911297841,4
"358","SAH",-0.0985080606605303,0.0376012769655893,0.193910486992296,0.359072841578563,0.111954271863693,3
"373","SAH",-0.0232600384378695,0.0201026132172606,0.14178368459474,0.371879583797066,0.0578829468514701,6
"375","SAH",1.78597978515577e-05,0.0321652164221357,0.179346637610343,0.25363444727456,0.12681722363728,2
"381","SAH",-0.0349518096049646,0.00445932380926181,0.0667781686575921,0.183423759713268,0.0272620731947695,6
"406","SAH",-0.240309765124651,0.0408953287470175,0.202225934902073,0.530285147857628,0.0825583922112278,6
"42","SAH",-0.342082097446094,0.100481367585995,0.316987961263507,0.448288673927849,0.224144336963925,2
"440","SAH",0.0471187175916941,0.0160853148639428,0.126827894660216,0.367162541583859,0.0517772711781641,6
"502","SAH",-0.127707673327269,0.0498418904966707,0.223252974216853,0.499179055615663,0.111626487108426,4
"513","SAH",0.0187971554247001,0.0337465682109102,0.183702390324433,0.510635320369706,0.0749961868040749,6
"531","SAH",0.0541817724827185,0.0353218570651784,0.187941099989274,0.467953408049512,0.0840498150684204,5
"535","SAH",-0.0193225566018844,0.0482161408291109,0.219581740655071,0.445267388228154,0.109790870327536,4
"566","SAH",-0.144325617477257,0.0213625703991108,0.146159400652544,0.346818386799409,0.0596693254516239,6
"57","SAH",0.105235549466632,0.0164456638479305,0.128240648188983,0.319423207117344,0.05235402539113,6
"776","SAH",-0.0883046744455857,0.021607673088435,0.14699548662607,0.301741726895671,0.0734977433130348,4
"83","SAH",-0.126981467393835,0.00826131319337971,0.0908917663673653,0.190394197867977,0.0406480336384916,5
"853","SAH",-0.0327691490029872,0.0277256426633185,0.166510187866444,0.411779911962492,0.0679774995412925,6
"879","SAH",0.113821840788895,0.0117522895357935,0.108407977270095,0.153312031724803,0.0766560158624014,2
"913","SAH",-0.0337894173870306,0.0464337051276457,0.215484814146254,0.600092455307115,0.0879713069961315,6
"138","Sarcosine",0.0466316565046714,0.17106848155456,0.413604257176543,0.828887278654178,0.184969446966011,5
"177","Sarcosine",0.183211417953556,0.0821813640205015,0.286672921672943,0.620507137303157,0.11703373019526,6
"208","Sarcosine",-0.0886669918981661,0.0364206949543519,0.190842068093887,0.440586817367697,0.0954210340469436,4
"235","Sarcosine",-0.671777575936334,0.122861875264747,0.350516583437571,0.840485505683727,0.143097795967622,6
"303","Sarcosine",-0.14037232408693,0.412488045247963,0.642252322103986,1.44748573908438,0.262198412545399,6
"306","Sarcosine",0.377187345169557,0.193224437412802,0.439573017157334,0.864325759948905,0.219786508578667,4
"309","Sarcosine",-0.167559574062509,0.0513940249480588,0.226702503179958,0.558324582663093,0.0925509093670963,6
"31","Sarcosine",0.746397157329378,0.0429350257346778,0.207207687441074,0.40406166883502,0.103603843720537,4
"319","Sarcosine",-0.207853410277951,0.154696931873327,0.39331530846552,0.943415852133775,0.17589595326404,5
"320","Sarcosine",0.139980684152031,0.0996850675893278,0.315729421481951,0.765528632213048,0.128895996569151,6
"324","Sarcosine",0.456867992829668,0.122221921552214,0.349602519373379,0.699043818963666,0.17480125968669,4
"358","Sarcosine",-0.324943753656181,0.326671660781486,0.571551975573076,0.991043842811233,0.329985686952978,3
"373","Sarcosine",-0.13463274482241,0.457782833652431,0.676596507271824,1.46798408096464,0.276219367427543,6
"375","Sarcosine",0.149764515929008,0.557247074872143,0.746489835746036,1.05569604988571,0.527848024942854,2
"381","Sarcosine",-0.395008421069477,0.184461134716912,0.429489388363568,1.06329947032978,0.175338308571797,6
"406","Sarcosine",-0.0422620997620058,0.0820856349787324,0.286505907406344,0.783072443028694,0.116965546906438,6
"42","Sarcosine",0.335606253361289,0.0317412160075166,0.178160646629711,0.251957202744897,0.125978601372449,2
"440","Sarcosine",-0.21384298454781,0.299870046768121,0.547603914127831,1.19688477019144,0.223558361794007,6
"502","Sarcosine",0.0822242830128372,0.477340542614508,0.690898359105381,1.42813448489833,0.345449179552691,4
"513","Sarcosine",0.127523673383756,0.125162413357383,0.353783003205895,0.7553934917303,0.144431306253978,6
"531","Sarcosine",0.229548615397386,0.124683199678207,0.353105083053482,0.865104319164802,0.157913393781659,5
"535","Sarcosine",0.545610783840762,0.0997036012753271,0.315758770702141,0.752474990594714,0.15787938535107,4
"566","Sarcosine",0.0937378353206514,0.142324058714644,0.377258609861517,0.917879535860893,0.154015182538738,6
"57","Sarcosine",-0.0808513820452427,0.0805433236386607,0.283801556793934,0.562679317161453,0.115861500392107,6
"776","Sarcosine",-0.419408175947853,0.243653444622308,0.493612646335472,1.17588547415579,0.246806323167736,4
"83","Sarcosine",-0.209846922988901,0.619956014781783,0.787372856264288,1.63922969070076,0.352123846049024,5
"853","Sarcosine",-0.398803310232883,0.651568930373104,0.807198197701844,1.78076285590023,0.329537284277289,6
"879","Sarcosine",0.48074251006029,0.00189138656852736,0.0434900743679217,0.0615042529997294,0.0307521264998647,2
"913","Sarcosine",0.525549377713378,0.265603125515419,0.515366981398129,1.12710277620925,0.210397689117308,6
"138","Sedoheptulose 7-Phosphate",0.0478450101095909,0.0342955645564788,0.185190616815428,0.433283635981599,0.0828197615988827,5
"177","Sedoheptulose 7-Phosphate",-0.107212533634159,0.0292050450754851,0.170894836304334,0.439157115887822,0.0697675247703461,6
"208","Sedoheptulose 7-Phosphate",0.144941353949731,0.0146922514830838,0.121211597972652,0.296392729182646,0.0606057989863259,4
"235","Sedoheptulose 7-Phosphate",-0.12049508441159,0.0160483810696162,0.126682205023501,0.342957124627279,0.0517177936330367,6
"303","Sedoheptulose 7-Phosphate",0.127082941804461,0.00875017957769874,0.0935423945475993,0.259363496110945,0.0381885226599536,6
"306","Sedoheptulose 7-Phosphate",0.047797853677457,0.0208652322642896,0.144448026169587,0.310216586040915,0.0722240130847934,4
"309","Sedoheptulose 7-Phosphate",0.0859648539103376,0.0102370511055565,0.10117831341526,0.273901363049527,0.0413058734837966,6
"31","Sedoheptulose 7-Phosphate",-0.0110950373883075,0.0137894190055099,0.117428356905434,0.287025887606275,0.0587141784527169,4
"319","Sedoheptulose 7-Phosphate",0.0164082538399535,0.00772258223365665,0.0878782238876996,0.19751830280695,0.0393003364709684,5
"320","Sedoheptulose 7-Phosphate",0.141684258074834,0.00429080222605386,0.0655042153304187,0.188812136352278,0.0267419839268202,6
"324","Sedoheptulose 7-Phosphate",-0.278811316069941,0.0573516989887874,0.239482147536695,0.538059630195977,0.119741073768348,4
"358","Sedoheptulose 7-Phosphate",0.19289974027928,0.0351396544330466,0.187455739930914,0.343473250656363,0.108227621910254,3
"373","Sedoheptulose 7-Phosphate",-0.135865130491258,0.00481604168674314,0.0693977066389311,0.178085739542405,0.0283314950974563,6
"375","Sedoheptulose 7-Phosphate",-0.14539976246063,0.0837350067815925,0.28937001707432,0.409231002690638,0.204615501345319,2
"381","Sedoheptulose 7-Phosphate",0.0179081074250706,0.0327633641602183,0.181006530711514,0.413209308585576,0.0738956067257703,6
"406","Sedoheptulose 7-Phosphate",-0.0683277962540205,0.00610200656334219,0.0781153414083443,0.185937928983974,0.0318904545889576,6
"42","Sedoheptulose 7-Phosphate",-0.501296254660149,0.29323220242774,0.541509189605994,0.76580964009046,0.38290482004523,2
"440","Sedoheptulose 7-Phosphate",0.0121950846360823,0.012745084137351,0.112894128002084,0.289346212697396,0.0460888347602594,6
"502","Sedoheptulose 7-Phosphate",0.0278306627712938,0.0175294447457131,0.13239880945731,0.285522857672436,0.066199404728655,4
"513","Sedoheptulose 7-Phosphate",-0.00250645921388927,0.0297408665336917,0.172455404478061,0.414818223043962,0.0704046240594226,6
"531","Sedoheptulose 7-Phosphate",-0.148491344374477,0.0600826267667163,0.245117577433191,0.547951559806286,0.109619913124137,5
"535","Sedoheptulose 7-Phosphate",0.0633580667446958,0.0247051260955757,0.157178643891515,0.305640746937344,0.0785893219457575,4
"566","Sedoheptulose 7-Phosphate",0.0391615922657577,0.0158764456646936,0.126001768498278,0.343910361862997,0.0514400065848453,6
"57","Sedoheptulose 7-Phosphate",0.118603290705093,0.0175696395303634,0.132550516899646,0.357069059441991,0.054113521924382,6
"776","Sedoheptulose 7-Phosphate",0.031605359615241,0.00283647883998175,0.0532586034362689,0.12173603663444,0.0266293017181344,4
"83","Sedoheptulose 7-Phosphate",0.0598965424296112,0.0255059386301655,0.159705787716555,0.424023094704061,0.0714225995468737,5
"853","Sedoheptulose 7-Phosphate",0.0786351553192679,0.0195400901739813,0.139785872583682,0.312718435320194,0.0570673435132874,6
"879","Sedoheptulose 7-Phosphate",-0.0118303784993972,8.06286122446707e-05,0.00897934364219739,0.0126987095600042,0.00634935478000209,2
"913","Sedoheptulose 7-Phosphate",-0.0605693656062483,0.0136699624151467,0.116918614493787,0.305974466325504,0.0477318244904919,6
"138","Serine",0.0156623587144144,0.0332763422093121,0.182418042444579,0.481080939161133,0.081579828645704,5
"177","Serine",-0.0269105015875981,0.000776364026911362,0.0278633096905476,0.0822317736390317,0.0113751485478312,6
"208","Serine",0.0627076310639004,0.00177599973558417,0.0421426118742559,0.100811446344542,0.0210713059371279,4
"235","Serine",0.00411380708342616,0.00157032480178825,0.0396273239291811,0.0945014391543155,0.0161777872497459,6
"303","Serine",-0.116152699347968,0.00308099747723053,0.0555067336206206,0.162731206732451,0.0226605291098514,6
"306","Serine",-0.0690929955670455,0.000316339726785662,0.0177859418301551,0.0417932455017044,0.00889297091507757,4
"309","Serine",-0.0328929523095452,0.000697331275142024,0.0264070307899624,0.0746242481814363,0.0107806251762288,6
"31","Serine",-0.077180957191497,0.0113975804920254,0.106759451534866,0.244469768497233,0.0533797257674331,4
"319","Serine",0.0973926119611194,0.00523898414954153,0.0723808272233852,0.200342328955643,0.0323696899878313,5
"320","Serine",-0.0598114132057804,0.000888593990701567,0.0298092936967914,0.0828511775549565,0.0121695931916503,6
"324","Serine",-0.0509011465169047,0.00397854442450437,0.0630757039160434,0.134601570478015,0.0315378519580217,4
"358","Serine",0.0681122998982048,0.00323997824245612,0.0569208067621684,0.111902547875021,0.0328632431066286,3
"373","Serine",0.0424648016279973,0.00107252503596703,0.0327494280250363,0.0800616716580327,0.0133698980048904,6
"375","Serine",0.0842466454253456,0.00256426718992203,0.0506385938778125,0.0716137862415056,0.0358068931207528,2
"381","Serine",0.0152571768112966,0.000858509990311729,0.0293003411296137,0.082537783399493,0.0119618141761728,6
"406","Serine",-0.0618902126074113,0.00172621028368064,0.0415476868631774,0.111865665593905,0.0169617721346201,6
"42","Serine",0.0792210548912944,0.0134349000474764,0.115909016247557,0.163920102778619,0.0819600513893092,2
"440","Serine",0.0629508322887085,0.000498818484584445,0.0223342446611576,0.0650011862841694,0.00911791720171924,6
"502","Serine",0.0567288381492179,0.00241238653590374,0.0491160517133018,0.103251124885124,0.0245580258566509,4
"513","Serine",0.0372616377820287,0.00150277021116277,0.0387655802376641,0.101179972575958,0.0158259818608661,6
"531","Serine",-0.0370672748137886,0.000574176725330735,0.0239619850039753,0.0531039257027203,0.0107161254689438,5
"535","Serine",-0.00496533959958381,0.00996857350388497,0.0998427438719758,0.211699892550994,0.0499213719359879,4
"566","Serine",-0.0170639127228385,0.00059363540128243,0.0243646342324778,0.0604864290556029,0.00994682027318638,6
"57","Serine",-0.0523127840032405,0.00458992001223906,0.0677489484216476,0.177405858625871,0.0276583923738621,6
"776","Serine",0.0297225679577259,0.00236519919791758,0.0486333136637592,0.101516272729373,0.0243166568318796,4
"83","Serine",0.174569904655222,0.00189112710313302,0.043487091224098,0.107584297741353,0.0194480184241635,5
"853","Serine",0.0216443600558233,0.00106908723071604,0.0326968994052348,0.0905176927101042,0.013348453285656,6
"879","Serine",-0.00233705017448352,7.69210687239973e-05,0.00877046570736112,0.0124033115516782,0.00620165577583912,2
"913","Serine",-0.077901572489402,0.000147026987606661,0.0121254685520462,0.0313001660739327,0.00495020180744619,6
"138","Sorbitol",-0.0188759477424339,0.0202203702977142,0.142198348435255,0.317600562378142,0.0635930346778863,5
"177","Sorbitol",0.140687218056945,0.0222020910812897,0.149003661301626,0.359508365583302,0.0608304899992453,6
"208","Sorbitol",0.0358227026526112,0.00842966775382776,0.0918132221078629,0.209446894549514,0.0459066110539314,4
"235","Sorbitol",-0.0739729016251452,0.0187556328965272,0.136951206261673,0.323094815918795,0.0559100958332918,6
"303","Sorbitol",-0.0521057860513943,0.00536244947208474,0.0732287475796544,0.170686962220756,0.0298955110122037,6
"306","Sorbitol",-0.0761429451908896,0.00358121457706777,0.0598432500543526,0.140824741067156,0.0299216250271763,4
"309","Sorbitol",-0.0783123933979611,0.00293298944349981,0.0541570811944275,0.151897208200588,0.0221095358141376,6
"31","Sorbitol",0.0499074853374215,0.0541100405515358,0.232615649842258,0.502020834477012,0.116307824921129,4
"319","Sorbitol",0.196184921771742,0.00536298649101634,0.0732324142099408,0.153873907754663,0.0327505312659698,5
"320","Sorbitol",-0.0395372357156143,0.0130311120469732,0.114153896328479,0.307019792590656,0.0466031330258908,6
"324","Sorbitol",-0.0811024869760978,0.010428325678648,0.102119173903082,0.214499023266886,0.0510595869515412,4
"358","Sorbitol",-0.0255129880887181,0.0493469973984947,0.222141840720056,0.441325757845163,0.128253651538003,3
"373","Sorbitol",-0.187984942563064,0.00197501877478254,0.0444411833188827,0.105704945637683,0.018143037116125,6
"375","Sorbitol",-0.0655373701954021,0.0162417188522108,0.127443002366591,0.180231622376379,0.0901158111881894,2
"381","Sorbitol",-0.0900051792289167,0.00793446916969736,0.0890756373521815,0.242971068429163,0.0363649766710071,6
"406","Sorbitol",-0.127750337472183,0.00360552511419376,0.0600460249658023,0.15735695544724,0.0245136870414392,6
"42","Sorbitol",0.331938885793434,0.010636306635267,0.103132471294288,0.145851339625435,0.0729256698127177,2
"440","Sorbitol",-0.0811187563335084,0.00536976707283572,0.0732786945355587,0.190505889812203,0.0299159017715655,6
"502","Sorbitol",-0.199739095372251,0.00822514797757598,0.090692601559201,0.19331609899386,0.0453463007796005,4
"513","Sorbitol",0.0282461430475126,0.0156588503639839,0.125135328201048,0.275463583521302,0.0510862838147121,6
"531","Sorbitol",0.2082991529642,0.00447429503465017,0.0668901714353475,0.154022325567108,0.0299141940712103,5
"535","Sorbitol",0.110057059511753,0.015333424378342,0.123828205100219,0.268095169460619,0.0619141025501096,4
"566","Sorbitol",-0.0574345828826104,0.00571846283696154,0.0756205186239921,0.227050596511829,0.0308719474522355,6
"57","Sorbitol",0.170670442705769,0.00685432225920748,0.0827908343912989,0.221312934023422,0.0337992166063246,6
"776","Sorbitol",-0.0449874535227655,0.0161028113606079,0.126896853233671,0.305573692745202,0.0634484266168356,4
"83","Sorbitol",0.185202337304866,0.00341770581320729,0.0584611478950533,0.144790807931186,0.0261446201472016,5
"853","Sorbitol",-0.0299204362354849,0.0138904881654956,0.117857915158446,0.318345983076559,0.0481152923810708,6
"879","Sorbitol",-0.0640700841421202,0.0108710401137392,0.104264280143006,0.147451959049306,0.0737259795246532,2
"913","Sorbitol",0.0856325333795458,0.00669651028466304,0.0818322081130837,0.23349983143057,0.0334078590670495,6
"138","Spermidine",0.0217068018943694,0.0035429098708534,0.0595223476591221,0.161702743637732,0.0266192031092345,5
"177","Spermidine",0.00237522983743485,0.0171622967568853,0.131004949360264,0.34077466526493,0.0534825466186326,6
"208","Spermidine",-0.0100162825719273,0.0103540005276324,0.101754609367991,0.245740907896437,0.0508773046839953,4
"235","Spermidine",0.0281238557803288,0.0058207317133601,0.0762937200125941,0.178336165947475,0.0311467807682702,6
"303","Spermidine",0.00819244529744853,0.018419965177092,0.135720172329289,0.358678321129119,0.0554075283348932,6
"306","Spermidine",-0.0040793308041145,0.0290900706626886,0.170558115206192,0.325805361940102,0.0852790576030959,4
"309","Spermidine",0.0514228684073835,0.0164243705140767,0.128157600297745,0.322797987230467,0.0523201212315056,6
"31","Spermidine",-0.08823152173847,0.0205447848604989,0.143334520826279,0.31068445546706,0.0716672604131394,4
"319","Spermidine",-0.00586751937067729,0.0107927189010103,0.103888011343997,0.266214986346645,0.0464601310824891,5
"320","Spermidine",-0.114795021875436,0.0254597796518311,0.159561209734168,0.4446256667029,0.0651405910983199,6
"324","Spermidine",-0.0940167245143001,0.00631854910164618,0.0794893018062568,0.177600474650281,0.0397446509031284,4
"358","Spermidine",-0.0522632591400861,0.0192212420128193,0.138640693927935,0.275456637806811,0.0800442419599297,3
"373","Spermidine",0.0419577066347275,0.00971090123798505,0.098543905128552,0.251806240127129,0.0402303808043645,6
"375","Spermidine",-0.0170902150048588,0.000278564058721318,0.0166902384261375,0.0236035615414843,0.0118017807707421,2
"381","Spermidine",-0.00137484997823657,0.0075990660389921,0.0871726220724839,0.23927053409642,0.035588073936344,6
"406","Spermidine",0.0683653009273767,0.00848631907281955,0.0921212194492645,0.261748037990788,0.0376083303556086,6
"42","Spermidine",-0.128596859093585,0.00137866055118582,0.0371303184902288,0.052510199984114,0.026255099992057,2
"440","Spermidine",0.0550433201103471,0.00579252248192307,0.0761086229143785,0.190380232705167,0.0310712151943538,6
"502","Spermidine",0.0795654678369098,0.00381636146745118,0.0617767065118494,0.141817939366487,0.0308883532559247,4
"513","Spermidine",0.0964458779003668,0.020260099758295,0.142337977217238,0.379652775611982,0.0581092358670217,6
"531","Spermidine",-0.0866219036776749,0.0326788511046905,0.180772926912994,0.468872913131587,0.080844110613811,5
"535","Spermidine",0.00983129052770495,0.0415506804066752,0.203839840086955,0.484165377195425,0.101919920043477,4
"566","Spermidine",-0.0833263493777014,0.0338307605783847,0.183931401827922,0.499274522721546,0.0750896803588712,6
"57","Spermidine",0.0257298477487314,0.0603155020013872,0.245592145642704,0.669306347747901,0.100262573609986,6
"776","Spermidine",0.0950396117243344,0.0244771334264322,0.156451696783487,0.325542401100616,0.0782258483917436,4
"83","Spermidine",-0.1795596955979,0.00227398212539962,0.0476862886519765,0.125911529222802,0.0213259566040993,5
"853","Spermidine",-0.0355520515732989,0.0124135256118523,0.11141600249449,0.260477486641568,0.0454853925486932,6
"879","Spermidine",0.0263507774025022,0.011589633354742,0.107655159443206,0.152247386544019,0.0761236932720097,2
"913","Spermidine",0.139859138949029,0.0478752703462436,0.218804182652534,0.634074532847559,0.08932643351424,6
"138","Suberic Acid",0.110403129348538,0.153797845715272,0.392170684415946,1.04527916202485,0.175384061827335,5
"177","Suberic Acid",0.189828601754464,0.0619324152441764,0.248862241499542,0.678395399308447,0.101597584653193,6
"208","Suberic Acid",0.107342408472417,0.207218368743976,0.455212443529366,0.946083107759101,0.227606221764683,4
"235","Suberic Acid",0.0655476003379541,0.118879712995604,0.344789374829915,0.946213012035903,0.140759672844417,6
"303","Suberic Acid",-0.0420711761734356,0.0234565554494808,0.153155331116748,0.406400613620117,0.0625254021038394,6
"306","Suberic Acid",-0.0975508906637383,0.00778924639578364,0.0882567073699424,0.204567931387265,0.0441283536849712,4
"309","Suberic Acid",-0.0878013681211897,0.00982584789719122,0.0991254149912686,0.256185606278989,0.0404677812117064,6
"31","Suberic Acid",0.22390537800512,0.243388240060035,0.493343936883829,1.07476872185049,0.246671968441914,4
"319","Suberic Acid",0.0177687050828647,0.0880511957031508,0.296734217277264,0.806963054552478,0.132703576216431,5
"320","Suberic Acid",0.183799715191594,0.0649696663485194,0.254891479552611,0.675477006069879,0.104059010781158,6
"324","Suberic Acid",-0.040175842824078,0.037168100699344,0.192790302399638,0.443924217198148,0.0963951511998191,4
"358","Suberic Acid",-0.25536124914699,0.00585380479634365,0.0765101613927434,0.152032347032359,0.0441731622758421,3
"373","Suberic Acid",-0.240711809407669,0.0645301748682357,0.254027901751433,0.605916540443617,0.103706456620145,6
"375","Suberic Acid",-0.0132690562848287,0.129070338322081,0.359263605618605,0.508075463532891,0.254037731766445,2
"381","Suberic Acid",-0.0821938987958422,0.0407378181572849,0.201836117078398,0.466536821474375,0.0823992497511202,6
"406","Suberic Acid",0.0410383342311671,0.0941844360745739,0.306894829012439,0.794266228868154,0.125289289296528,6
"42","Suberic Acid",0.612433311457904,0.0348243135733441,0.186612736900095,0.263910263435677,0.131955131717838,2
"440","Suberic Acid",-0.119893755875857,0.0688942114656643,0.262477068456778,0.73690997040921,0.107155814483446,6
"502","Suberic Acid",-0.0608686066506858,0.173987882772438,0.417118547624579,0.904854939552064,0.20855927381229,4
"513","Suberic Acid",-0.0364650039467326,0.242284147134587,0.492223675918364,1.38139323546843,0.200949474219511,6
"531","Suberic Acid",-0.108462935095692,0.252377393912304,0.502371768625889,1.24468239643369,0.224667484924857,5
"535","Suberic Acid",-0.181621362037768,0.346282831532033,0.588458011698399,1.09269078661578,0.294229005849199,4
"566","Suberic Acid",-0.131419358437456,0.179429379479947,0.423591052171723,0.990213229875733,0.172930322904895,6
"57","Suberic Acid",0.0894946369416957,0.150049311969879,0.387361990868849,0.911609472113745,0.158139870562886,6
"776","Suberic Acid",-0.0569570006028496,0.108867356390829,0.329950536279044,0.712922701852521,0.164975268139522,4
"83","Suberic Acid",0.312316332412242,0.0666886793036976,0.258241513517284,0.538476629565767,0.115489115767416,5
"853","Suberic Acid",-0.0584426076709588,0.164094277988669,0.405085519351987,0.955607026660503,0.165375470767115,6
"879","Suberic Acid",-0.199704993274295,0.0154779006140319,0.124410211052115,0.175942607767601,0.0879713038838004,2
"913","Suberic Acid",0.017747211657262,0.127774338378868,0.357455365575715,0.855769008993237,0.145930541913421,6
"138","Succinate",0.0101761475264933,0.0146153217422629,0.120893844931257,0.32576678091275,0.0540653710655219,5
"177","Succinate",-0.0488994117679325,0.00800559046522162,0.0894739652928248,0.223175177070269,0.0365275933718188,6
"208","Succinate",0.0634429809483011,0.0367762330810346,0.191771304112567,0.416159550875645,0.0958856520562834,4
"235","Succinate",-0.0654335414779412,0.00353983862463527,0.0594965429637325,0.129497847124882,0.0242893619534536,6
"303","Succinate",0.1192572694133,0.0108526142221789,0.104175881192236,0.277168758736106,0.0425296254042968,6
"306","Succinate",0.146467910874592,0.0168986267852581,0.129994718297545,0.277604701756301,0.0649973591487725,4
"309","Succinate",-0.0370702186232128,0.00259745124022116,0.0509651963620387,0.125481659578104,0.0208064542879574,6
"31","Succinate",0.219797467249509,0.0305962293830827,0.17491777892222,0.416313755162274,0.0874588894611102,4
"319","Succinate",-0.0195535374768716,0.00155436900532261,0.0394254867480746,0.104401446361302,0.0176316136829424,5
"320","Succinate",0.0359689757991026,0.0127463198761654,0.112899600868052,0.310780387091784,0.0460910690484347,6
"324","Succinate",-0.0190790690959295,0.00265418358151874,0.0515187692158764,0.100428446904678,0.0257593846079382,4
"358","Succinate",-0.0850890666876929,0.021821925360924,0.147722460583772,0.26808067656339,0.0852876023833946,3
"373","Succinate",-0.0289947166242853,0.00264235141713808,0.0514038074186931,0.145499160035078,0.0209855165020151,6
"375","Succinate",-0.214022732458377,0.00973059719063044,0.0986437894174309,0.139503384838006,0.0697516924190032,2
"381","Succinate",-0.103886583050446,0.00333961084106808,0.0577893661590788,0.157065487285291,0.0235924099414341,6
"406","Succinate",0.0600523270594889,0.0322573887073299,0.179603420644847,0.426530691308787,0.0733227894397209,6
"42","Succinate",0.368144719619785,0.0143218130042212,0.119673777429398,0.169244279101074,0.0846221395505372,2
"440","Succinate",0.0391364985261873,0.00140709767239376,0.0375113005958706,0.0890988722140973,0.0153139243413402,6
"502","Succinate",-0.0251054723027006,0.00727289914784827,0.0852812942435108,0.174673449283373,0.0426406471217554,4
"513","Succinate",0.0756838575844819,0.0141186134122278,0.118821771625522,0.324003547983476,0.048508785136007,6
"531","Succinate",-0.042309849838627,0.0336483025936958,0.183434736605954,0.438432310261556,0.0820345080971366,5
"535","Succinate",-0.0384733237871531,0.00880189942616246,0.0938184386256905,0.217338390677551,0.0469092193128453,4
"566","Succinate",-0.0044895243776261,0.00572494736611677,0.0756633819368178,0.191632637041998,0.0308894463264202,6
"57","Succinate",-0.0423788869208104,0.00605010690046888,0.0777824331097252,0.18299447519081,0.0317545453451651,6
"776","Succinate",-0.0899077185837343,0.00246389561165594,0.0496376430912663,0.118874812916623,0.0248188215456331,4
"83","Succinate",0.00140417606368041,0.0216220095589,0.147044243542207,0.329845720729688,0.065760184852082,5
"853","Succinate",-0.0704691495732894,0.0012002124709749,0.0346440827700042,0.096598892428219,0.0141433875655428,6
"879","Succinate",0.00836736130446418,6.17149844313239e-06,0.00248425007660911,0.00351326015066701,0.0017566300753335,2
"913","Succinate",-0.0696214425426127,0.00543487213855222,0.0737215852959784,0.195870946113685,0.0300967111673691,6
"138","Succinylcarnitine",-0.0790528380720587,0.0142297027903982,0.119288317912519,0.294157538214104,0.0533473575547997,5
"177","Succinylcarnitine",-0.0185684028212022,0.0363344056500487,0.19061585886292,0.469522344759843,0.0778185985160881,6
"208","Succinylcarnitine",-0.178947007435793,0.0186472460730149,0.136554919622161,0.292952425900466,0.0682774598110805,4
"235","Succinylcarnitine",-0.108933783138082,0.00422837982341938,0.0650259934443095,0.177498144946689,0.0265467506593537,6
"303","Succinylcarnitine",0.322515929757094,0.00996732819511509,0.0998365073263037,0.266428457354751,0.0407580834418464,6
"306","Succinylcarnitine",0.237885997868134,0.00265121746552513,0.0514899744176003,0.096882530507275,0.0257449872088001,4
"309","Succinylcarnitine",0.0414264680499766,0.0209153175247121,0.144621290011921,0.324916646857356,0.0590413944120453,6
"31","Succinylcarnitine",-0.0220963310898415,0.0307624485505055,0.175392270498176,0.400177545446668,0.0876961352490882,4
"319","Succinylcarnitine",-0.214357015297689,0.00614705546291661,0.0784031597763548,0.171136064705658,0.0350629589821413,5
"320","Succinylcarnitine",-0.0182191015171539,0.0157103511458839,0.125340939624226,0.350003953058157,0.0511702243267245,6
"324","Succinylcarnitine",0.14125931742988,0.0281732840555933,0.167848991821796,0.372954979810617,0.083924495910898,4
"358","Succinylcarnitine",-0.0270675587514833,0.00630599997484486,0.0794103266259802,0.14848066267367,0.0458475734539458,3
"373","Succinylcarnitine",0.0829167521183328,0.0583605520390365,0.241579287272391,0.728144078214016,0.0986243310404321,6
"375","Succinylcarnitine",-0.0400043173234709,0.0226431904188518,0.150476544414243,0.21280596992966,0.10640298496483,2
"381","Succinylcarnitine",0.0053181084067493,0.0246794327038895,0.157096889542376,0.442159192945294,0.0641345365928653,6
"406","Succinylcarnitine",0.0224359912574574,0.0793290721395521,0.281654171173714,0.777366942064634,0.114984833883685,6
"42","Succinylcarnitine",-0.315572109851802,0.024322269664866,0.155955986306605,0.220555070968074,0.110277535484037,2
"440","Succinylcarnitine",-0.0160343631831833,0.137475085855347,0.370776328607082,0.979180327026598,0.151368802298309,6
"502","Succinylcarnitine",-0.293255976647904,0.134032421609876,0.366104386220482,0.793650498099225,0.183052193110241,4
"513","Succinylcarnitine",0.131637995223685,0.0767734420426744,0.277080208680942,0.677859855683988,0.113117521515365,6
"531","Succinylcarnitine",0.0368588646072462,0.0522578958259752,0.228599859636823,0.45799306903995,0.102232965158969,5
"535","Succinylcarnitine",0.177463664469622,0.0474975965492776,0.21793943321317,0.397323611084323,0.108969716606585,4
"566","Succinylcarnitine",-0.154007336342543,0.0307589522017404,0.175382302989043,0.412851996478598,0.0715995253728919,6
"57","Succinylcarnitine",0.0382536912644767,0.0143617725269108,0.119840613011244,0.29023092555293,0.0489247253899818,6
"776","Succinylcarnitine",0.0379328331738855,0.0111247847022245,0.10547409493437,0.21722869155573,0.0527370474671849,4
"83","Succinylcarnitine",-0.169743696491105,0.00707236818422618,0.0840973732302394,0.228370708495384,0.0376094886543973,5
"853","Succinylcarnitine",-0.0698560088201296,0.101882162582188,0.319189853507577,0.859750335918503,0.130308712027879,6
"879","Succinylcarnitine",0.0891307287671395,0.0421032818367655,0.205190842477839,0.290183672306922,0.145091836153461,2
"913","Succinylcarnitine",0.131880311122324,0.0855872833062387,0.292553043577124,0.767496354340974,0.119434279910361,6
"138","Sucrose",0.0260780923833864,0.0578122197649344,0.240441718021092,0.652862522399218,0.1075288052244,5
"177","Sucrose",0.246885251986763,0.0279870400247369,0.167293275491685,0.380025663830121,0.0682971937255806,6
"208","Sucrose",-0.000542560922050725,0.0525842823044319,0.229312630058686,0.508186582037231,0.114656315029343,4
"235","Sucrose",-0.191560503748763,0.0973736342596846,0.312047487186942,0.849998665791913,0.127392853187613,6
"303","Sucrose",-0.0904580083035707,0.0143699940557841,0.119874910034519,0.287163374201174,0.0489387270911018,6
"306","Sucrose",-0.380917591008778,0.01145432352891,0.107024873412259,0.233015052461313,0.0535124367061294,4
"309","Sucrose",0.0984301527448758,0.0112831002670474,0.106221938727588,0.260602863374566,0.0433649248952949,6
"31","Sucrose",-0.127123806125982,0.0727432353064168,0.269709538775359,0.635973385440198,0.134854769387679,4
"319","Sucrose",-0.251271347888052,0.0256833530547127,0.16026026661251,0.319769238523358,0.0716705700475623,5
"320","Sucrose",-0.0441436111866382,0.00967587322447638,0.0983660166138509,0.296725218765174,0.0401577581223446,6
"324","Sucrose",0.0885701113458575,0.0190539325602028,0.138035982845788,0.307508889657644,0.0690179914228942,4
"358","Sucrose",0.0162797662637133,0.031265703065718,0.176821104695446,0.353259654839516,0.102087712394323,3
"373","Sucrose",-0.105449873996988,0.0521593138082902,0.22838413650753,0.686497374057983,0.0932374332982648,6
"375","Sucrose",0.0179181475846223,0.0105314795849973,0.102622997349509,0.145130834663053,0.0725654173315267,2
"381","Sucrose",0.201326154904891,0.0869105245987266,0.294805910047147,0.775457263352632,0.120354008795391,6
"406","Sucrose",-0.11325277712132,0.0646921192008691,0.254346455058586,0.725910961651637,0.103836505463211,6
"42","Sucrose",0.787972010232551,0.088674494196646,0.297782629104933,0.421128232719313,0.210564116359657,2
"440","Sucrose",-0.439380573740933,0.0463627855977958,0.215320193195612,0.646527531814813,0.0879041007744574,6
"502","Sucrose",-0.00998311882270794,0.0457340340229857,0.213855170671615,0.442583421874295,0.106927585335808,4
"513","Sucrose",-0.0138345218456244,0.0507381490353021,0.225251301961392,0.564719331323847,0.0919584589504976,6
"531","Sucrose",-0.0592154446634395,0.0409475285971802,0.202354956937507,0.505696820889779,0.0904958878592616,5
"535","Sucrose",0.152658996238794,0.0477662012203903,0.218554801412347,0.448092248257721,0.109277400706173,4
"566","Sucrose",0.275510830139652,0.00835920904012956,0.091428710152389,0.283537828531887,0.0373256146190288,6
"57","Sucrose",0.0752173143229773,0.257197583598157,0.507146510978984,1.2608205699537,0.207041696121883,6
"776","Sucrose",0.129851413772701,0.017053385510608,0.130588611718664,0.285307051011207,0.065294305859332,4
"83","Sucrose",0.336470507195653,0.0644146954740527,0.253800503297477,0.535969599453085,0.113503035619364,5
"853","Sucrose",0.0365802422738904,0.0190133697331657,0.137888976111819,0.364502686524797,0.0562929387714624,6
"879","Sucrose",-0.265091045565247,0.0226251346227403,0.150416537065378,0.212721106723053,0.106360553361527,2
"913","Sucrose",-0.0693367991532245,0.0250596884308471,0.158302521871406,0.438759513296728,0.0646267339301199,6
"138","Taurine",-0.00049188127137147,0.00145512328140153,0.0381460781916244,0.0912418835552402,0.0170594447822989,5
"177","Taurine",0.019798202920259,0.00984276071902051,0.099210688532136,0.211444713540931,0.0405025939889873,6
"208","Taurine",-0.0489779169385491,0.00143897592204632,0.0379338361103425,0.086738992616838,0.0189669180551712,4
"235","Taurine",0.0569167572580383,0.00173396776603707,0.0416409385825665,0.108525647578232,0.0169998419896435,6
"303","Taurine",-0.0149725095990309,0.00337933425121868,0.0581320415194468,0.140603882132168,0.0237323065714884,6
"306","Taurine",-0.0283326520255562,0.00270726338485113,0.0520313692386731,0.101707785757236,0.0260156846193365,4
"309","Taurine",0.0206489852995611,0.00396454714238443,0.0629646499425228,0.148448851183692,0.0257052106986905,6
"31","Taurine",-0.0466967678448722,0.00321875230336415,0.0567340488892177,0.124313078950725,0.0283670244446089,4
"319","Taurine",-0.0128428162811333,0.00262121927789668,0.0511978444653355,0.118853430986005,0.0228963721051903,5
"320","Taurine",-0.0609934848080681,0.00476117177472553,0.0690012447331606,0.191788377026534,0.0281696402021915,6
"324","Taurine",0.0744349335293537,0.00284132002488475,0.0533040338519023,0.121650876335867,0.0266520169259512,4
"358","Taurine",0.0186000358462025,0.0185203635708261,0.136089542474159,0.256487296762544,0.078571333981349,3
"373","Taurine",0.0385935002459794,0.000892826841129718,0.0298802081841763,0.0873104388582161,0.0121985439098943,6
"375","Taurine",0.00938591821968008,0.00154930395810097,0.0393611986364868,0.055665140942981,0.0278325704714905,2
"381","Taurine",0.0280060579414254,0.00588282562254754,0.0766995803283665,0.16638308236533,0.0313124725483514,6
"406","Taurine",0.0321062830186845,0.00622487421144382,0.0788978720336855,0.218315216911461,0.0322099213789887,6
"42","Taurine",-0.0497337578008496,0.00963874508396192,0.0981771107945326,0.138843401600234,0.069421700800117,2
"440","Taurine",5.09205012574944e-05,0.00333217530613087,0.0577249972380326,0.149940373063467,0.023566131439458,6
"502","Taurine",0.0234334485520648,0.00253568363444702,0.0503555720297865,0.0989954881002229,0.0251777860148933,4
"513","Taurine",-0.0655585790037421,0.00351641253893703,0.0592993468677103,0.159965461491673,0.0242088569843664,6
"531","Taurine",0.030589379596679,0.00407847569616065,0.0638629446248813,0.150297475178412,0.0285603770849079,5
"535","Taurine",-0.0030418478187787,0.0125337381146188,0.111954178638489,0.259520621117955,0.0559770893192446,4
"566","Taurine",0.0212642684969183,0.00716376472531867,0.084639026018254,0.234404116801401,0.0345537376784786,6
"57","Taurine",-0.107565674042663,0.00322421570365001,0.0567821776937976,0.164278217486245,0.0231812269723082,6
"776","Taurine",0.0147855957861748,0.00491903772569737,0.0701358519282212,0.162519681737845,0.0350679259641106,4
"83","Taurine",0.0386604292190842,0.00076938148563026,0.0277377267567164,0.059100096382283,0.0124046885138665,5
"853","Taurine",-0.0261866684251788,0.0134987629808477,0.11618417698141,0.281679005426364,0.0474319916316116,6
"879","Taurine",0.023466327720351,0.00294314955089195,0.0542508023064355,0.0767222203913827,0.0383611101956914,2
"913","Taurine",0.0172199713477913,0.00472588648189065,0.0687450833288509,0.154812993251479,0.0280650627467992,6
"138","Thiamine",-0.0783625457073911,0.0114173400968966,0.106851954108929,0.266173734086488,0.0477856465832506,5
"177","Thiamine",0.115285214024591,0.0151978387635109,0.123279514776425,0.297581547499288,0.0503286511566902,6
"208","Thiamine",-0.0531313383916005,0.00247993628588992,0.0497989586827869,0.110380535660834,0.0248994793413935,4
"235","Thiamine",0.133336623659629,0.00651616800181472,0.0807227848987801,0.193471266832615,0.0329549389364091,6
"303","Thiamine",-0.0232820059372488,0.00246817214851012,0.0496807019727994,0.118230900680656,0.02028206164944,6
"306","Thiamine",0.0607253898985939,0.0061036514702242,0.0781258694045974,0.148680475671703,0.0390629347022987,4
"309","Thiamine",0.0444211162501707,0.00204830736584892,0.0452582298134706,0.115167393623275,0.01847659495077,6
"31","Thiamine",0.0983616240582595,0.0113515938935855,0.106543859013955,0.244311611243036,0.0532719295069774,4
"319","Thiamine",-0.0271311059979737,0.00261885818879502,0.0511747807889298,0.141881420819648,0.0228860577155395,5
"320","Thiamine",-0.00639372373786687,0.00663796827937851,0.0814737275407141,0.231882140017382,0.0332615099862151,6
"324","Thiamine",0.22816508491559,0.00493338641854635,0.0702380695815762,0.136275914304448,0.0351190347907881,4
"358","Thiamine",-0.046456820886723,0.00251046050986613,0.0501044959047203,0.0946518969002359,0.0289278441982008,3
"373","Thiamine",-0.109601589132057,0.00679776813460598,0.0824485787300544,0.222810309480153,0.0336594913177199,6
"375","Thiamine",0.019143414129251,0.000199237506941426,0.0141151516797173,0.0199618389404096,0.00998091947020479,2
"381","Thiamine",-0.00338668570066173,0.00135438903411951,0.0368020248643945,0.0853918294165226,0.0150243637364977,6
"406","Thiamine",0.0615651199718269,0.00573031849367207,0.0756988671888297,0.20222148408588,0.0309039331198907,6
"42","Thiamine",-0.100362058110198,0.0068941731452056,0.0830311576771371,0.117423789286546,0.0587118946432731,2
"440","Thiamine",0.0956468802226445,0.00589972854266515,0.0768096904216203,0.191752308753793,0.031357424805685,6
"502","Thiamine",-0.211989568132669,0.012152943189909,0.11024038819738,0.264005296919898,0.0551201940986899,4
"513","Thiamine",0.0514740367743329,0.0157450303293642,0.125479202776254,0.36229954767761,0.051226670022174,6
"531","Thiamine",-0.0211537193025814,0.00365184601505175,0.0604305056660272,0.166752031471381,0.0270253437167846,5
"535","Thiamine",0.124275714222648,0.0206727985470116,0.143780383039591,0.31995692637563,0.0718901915197956,4
"566","Thiamine",-0.0800858037996164,0.00644292309828766,0.0802678210635349,0.207323632732077,0.0327692007284474,6
"57","Thiamine",0.08780069263827,0.0071669931082035,0.084658095349491,0.193086118853158,0.0345615227003564,6
"776","Thiamine",-0.130836210552077,0.0100544621828864,0.100271941154474,0.221393807854109,0.0501359705772372,4
"83","Thiamine",-0.283139510937904,0.0103065563726929,0.101521211442205,0.25734338500927,0.04540166598858,5
"853","Thiamine",0.00287592710569131,0.00736614322416096,0.0858262385530262,0.212503611456184,0.0350384151662166,6
"879","Thiamine",-0.096695516316798,0.00110283526789274,0.0332089636678524,0.0469645668114323,0.0234822834057161,2
"913","Thiamine",-0.0226807341880514,0.0018380010920931,0.04287191495715,0.118494728573229,0.0175023859901686,6
"138","Threonine",0.0617725557542238,0.0445968145552854,0.211179578925817,0.483018926690306,0.0944423787875818,5
"177","Threonine",0.121284734475824,0.00691409670113107,0.0831510475047132,0.23800843106631,0.0339462729940786,6
"208","Threonine",0.0896458455242924,0.0235412492991053,0.153431578558996,0.296651888399577,0.0767157892794979,4
"235","Threonine",0.123473389481104,0.00696893485801731,0.0834801464901525,0.190671583180539,0.0340806270922776,6
"303","Threonine",-0.163227042862532,0.0245759216553643,0.156767093662428,0.38845179729293,0.0639998979886744,6
"306","Threonine",-0.0494617435077,0.00981206617141841,0.0990558739874542,0.224159357275785,0.0495279369937271,4
"309","Threonine",0.0796740863014197,0.0111654580216749,0.105666730912217,0.28875314913911,0.0431382622538176,6
"31","Threonine",-0.159040834921662,0.0586929247816215,0.242266227075962,0.446947764151263,0.121133113537981,4
"319","Threonine",0.0707490984678376,0.0162433844586684,0.127449536910372,0.296422499310038,0.0569971656464922,5
"320","Threonine",-0.0886052498867819,0.0210956974834984,0.145243579835731,0.332728924719835,0.0592954431687889,6
"324","Threonine",0.0718127573572988,0.08273127478248,0.287630448288216,0.553016347321169,0.143815224144108,4
"358","Threonine",-0.0324855483674161,0.030043211342671,0.173329776272489,0.323775355518372,0.100071992989499,3
"373","Threonine",0.0903230452804396,0.0076239729839721,0.0873153651081647,0.241878175298128,0.0356463485366363,6
"375","Threonine",0.138157033835576,0.0820868244695492,0.286507983256225,0.405183475649117,0.202591737824558,2
"381","Threonine",-0.129626293074571,0.0105884316184221,0.102900105045729,0.214527813254023,0.0420087919734709,6
"406","Threonine",0.187471989934814,0.0252681720379978,0.158959655378331,0.410892137996196,0.0648950075609285,6
"42","Threonine",-0.18540868386845,0.10700651225974,0.327118498803935,0.462615417511652,0.231307708755826,2
"440","Threonine",0.134326719720868,0.00745188785402001,0.0863243178601489,0.224743661438827,0.0352417551918649,6
"502","Threonine",-0.123120957417143,0.000526142511705819,0.0229377965747763,0.0554339802250708,0.0114688982873881,4
"513","Threonine",-0.0483652750958126,0.0114831259901086,0.107159348589419,0.248216465023993,0.0437476208688515,6
"531","Threonine",0.148677875212121,0.000821844542821663,0.0286678311495945,0.0732323916563422,0.0128206438435959,5
"535","Threonine",-0.00647093045871121,0.0181799770358412,0.134833145167801,0.285780496763265,0.0674165725839003,4
"566","Threonine",-0.179312381008861,0.0179944877713669,0.134143534213793,0.342989499681466,0.0547638685195615,6
"57","Threonine",-0.0903275293226075,0.0549044106666672,0.234316902221473,0.465580018573662,0.0956594747587044,6
"776","Threonine",0.0168891486924425,0.0179990148407263,0.134160407127909,0.294444414623773,0.0670802035639544,4
"83","Threonine",-0.0703288042248812,0.089224438491041,0.298704600719576,0.655801798541424,0.133584758480181,5
"853","Threonine",-0.0294685499719676,0.0355190171624622,0.188464896366571,0.423624519682812,0.0769404717541016,6
"879","Threonine",-0.243702606777777,0.00811661848406946,0.0900922776050725,0.127409720854175,0.0637048604270877,2
"913","Threonine",0.0363780879622924,0.0782569200622408,0.279744383432877,0.583185968004913,0.11420516630334,6
"138","Trigonelline",0.00457016559050621,0.0159172810118905,0.126163707189867,0.345839267588022,0.0564221251139844,5
"177","Trigonelline",-0.20017789073092,0.0110206000584106,0.104979045806345,0.286700025389688,0.0428575159849678,6
"208","Trigonelline",0.0889870536777102,0.0122643912686418,0.110744712147541,0.229236768358118,0.0553723560737706,4
"235","Trigonelline",-0.0848558122960878,0.0215615069784684,0.146838370252698,0.42198737792749,0.0599465136301637,6
"303","Trigonelline",0.195595607161199,0.00907844534515298,0.0952808760725518,0.232104702390164,0.0388982547705185,6
"306","Trigonelline",-0.0912573006262076,0.000463231431180736,0.0215228118790444,0.0505686159875666,0.0107614059395222,4
"309","Trigonelline",-0.103419681196426,0.00967988480338906,0.0983864055822198,0.2603061420533,0.0401660818838255,6
"31","Trigonelline",0.257684657404085,0.0519040627680757,0.227824631609657,0.489247834284952,0.113912315804828,4
"319","Trigonelline",-0.111941509283715,0.0201202202497793,0.141845762184773,0.355631893296492,0.0634353533130845,5
"320","Trigonelline",-0.0808531177937286,0.0446101076477684,0.211211050013413,0.57489962706639,0.0862265500950533,6
"324","Trigonelline",-0.162753519677829,0.0092412998165005,0.0961316795676665,0.220053653920769,0.0480658397838332,4
"358","Trigonelline",-0.0767723145838333,0.00997905881594166,0.0998952392055881,0.194928988696962,0.0576745432461083,3
"373","Trigonelline",-0.0999873438836534,0.00634872201092176,0.0796788680323821,0.202292287958357,0.0325287616603157,6
"375","Trigonelline",-0.070032659486769,0.00426670471020858,0.0653200176837742,0.0923764549028439,0.046188227451422,2
"381","Trigonelline",-0.0192071344591161,0.0196529787036292,0.140189081970135,0.373534215857394,0.057231953056006,6
"406","Trigonelline",-0.0712711385423194,0.0167153315162537,0.129287785642162,0.320620556118335,0.0527815174662711,6
"42","Trigonelline",0.621859778033048,0.00322071524606691,0.0567513457643686,0.0802585228628949,0.0401292614314475,2
"440","Trigonelline",-0.19032016483825,0.0445903453106155,0.21116426144264,0.550389491109947,0.0862074487410219,6
"502","Trigonelline",0.104569303272042,0.0359099107764251,0.189499104948876,0.457929311382027,0.094749552474438,4
"513","Trigonelline",0.0188773537973336,0.0131955675171581,0.11487196140555,0.297202466413348,0.0468962818660465,6
"531","Trigonelline",0.0351998610518628,0.0356178487006686,0.188726915676245,0.464443673722854,0.084401242527191,5
"535","Trigonelline",-0.00327126481444294,0.0122976974785253,0.110894984009762,0.235711594444469,0.0554474920048808,4
"566","Trigonelline",0.0379601237303899,0.00978121283837052,0.0989000143496983,0.215669425556053,0.0403757617851158,6
"57","Trigonelline",0.0192629878249934,0.0344415981397689,0.185584477098083,0.423243774185821,0.0757645455119223,6
"776","Trigonelline",0.0935028846079465,0.0256478537767925,0.160149473232954,0.349719101219828,0.0800747366164768,4
"83","Trigonelline",0.151773765160454,0.0102795001542635,0.101387869857609,0.258220276216274,0.0453420338191032,5
"853","Trigonelline",0.15616766793204,0.00505988094608131,0.0711328401378808,0.164492630640972,0.0290398603821291,6
"879","Trigonelline",0.00701763026667889,0.00328183572476678,0.0572873085837237,0.0810164887509546,0.0405082443754773,2
"913","Trigonelline",0.0163566729873488,0.0198794134683995,0.140994373889172,0.386664054253433,0.057560712105277,6
"138","Tryptophan",-0.0454362898042157,0.00717805671752063,0.0847234130422083,0.212476165439274,0.037889462169634,5
"177","Tryptophan",0.017846652905894,0.00386499961080212,0.062169121039324,0.164766639627947,0.025380437383945,6
"208","Tryptophan",0.00355873344113107,0.0106641025953938,0.103267141896122,0.226776519371713,0.051633570948061,4
"235","Tryptophan",-0.0243358485776698,0.00131606501082791,0.0362776103241092,0.097522119767796,0.0148102723969318,6
"303","Tryptophan",-0.0161657986681247,0.0037700054532768,0.0614003701395749,0.141812720762755,0.0250665961433299,6
"306","Tryptophan",0.076145787422081,0.00152182000826918,0.0390105115099659,0.0902453256831738,0.019505255754983,4
"309","Tryptophan",0.110721809559747,0.00727225537401785,0.0852775197459321,0.202606184334805,0.0348144016512751,6
"31","Tryptophan",-0.0545257169428055,6.49380117170219e-05,0.00805841248119144,0.0180429171862772,0.00402920624059572,4
"319","Tryptophan",-0.0898227811965583,0.0102760354216858,0.101370781893432,0.241110007194345,0.0453343918492038,5
"320","Tryptophan",0.00789291579348478,0.00642517531380187,0.0801571912793972,0.171993356111839,0.0327240363081988,6
"324","Tryptophan",0.0680467317463601,0.0133088953103545,0.115364185561874,0.243347764687537,0.0576820927809371,4
"358","Tryptophan",0.0192732272443796,0.014036957368073,0.118477666115066,0.236596075682188,0.0684031124244919,3
"373","Tryptophan",0.0651036572300999,0.00199847781282907,0.0447043377406384,0.116594857832911,0.0182504694589348,6
"375","Tryptophan",-0.0492251893957363,0.0017926822518802,0.0423400785530707,0.0598779133216948,0.0299389566608474,2
"381","Tryptophan",0.0972335319757009,0.0015325751556644,0.0391481181624915,0.110461457676284,0.0159821523147145,6
"406","Tryptophan",0.0539814723289511,0.00128218976365572,0.0358076774401205,0.0973579337411778,0.0146184231004106,6
"42","Tryptophan",-0.116161048912254,0.0108253676995078,0.104045027269485,0.147141888661984,0.0735709443309918,2
"440","Tryptophan",0.103181868686042,0.00232990446105805,0.048269083905312,0.131303523465432,0.0197057709866004,6
"502","Tryptophan",0.00541208052926777,0.000157394605681973,0.0125457006851739,0.0275597438825325,0.00627285034258695,4
"513","Tryptophan",-0.171915972524891,0.00748099249355856,0.0864927308712042,0.233103250120431,0.0353105095157201,6
"531","Tryptophan",-0.00945721052716383,0.000681991129848139,0.0261149598860144,0.0632426643621741,0.0116789651069617,5
"535","Tryptophan",0.0550383129463313,0.00269950777619858,0.0519567875854405,0.111355233430836,0.0259783937927203,4
"566","Tryptophan",0.0273475741250814,0.00614650734450976,0.0783996641862053,0.184307147002923,0.0320065288769592,6
"57","Tryptophan",0.0832231373252558,0.0815354603353103,0.285544147786836,0.563243689599851,0.116572910185936,6
"776","Tryptophan",-0.110127643911279,0.00285245133636208,0.0534083451940058,0.11754411303586,0.0267041725970029,4
"83","Tryptophan",-0.0465311387880843,0.00313400203867548,0.0559821582173774,0.150480247164424,0.0250359822602409,5
"853","Tryptophan",-0.130161909650567,0.011842755650554,0.108824425799331,0.279299869438017,0.0444273857932883,6
"879","Tryptophan",-0.063620283441925,3.9375761823352e-06,0.00198433267934971,0.0028062701873965,0.00140313509369825,2
"913","Tryptophan",-0.0269135367719275,0.00726074399594918,0.0852099993894448,0.226628735761813,0.0347868365811676,6
"138","Tyrosine",-0.0458643974910044,0.0400992098912194,0.200247871127808,0.528092749661317,0.0895535704382794,5
"177","Tyrosine",-0.157948857954116,0.0546157434487524,0.233700114353315,0.524749221769725,0.0954076721659501,6
"208","Tyrosine",0.0385421196639222,0.0375995783565221,0.193906107063501,0.417130221540336,0.0969530535317507,4
"235","Tyrosine",-0.185648137772112,0.0518470447111286,0.227699461376457,0.49875062440037,0.092957915846481,6
"303","Tyrosine",-0.261325132111891,0.0244713295773127,0.156433147310002,0.447351552639302,0.0638635649611899,6
"306","Tyrosine",-0.14692889977528,0.0076052062431424,0.0872078336111063,0.200417781613401,0.0436039168055532,4
"309","Tyrosine",-0.0587678656119892,0.0216337127141521,0.147084032832093,0.376244505458278,0.0600468049582325,6
"31","Tyrosine",-0.0530314559272996,0.0614306633907647,0.24785209983126,0.581478013814374,0.12392604991563,4
"319","Tyrosine",-0.0267937842093139,0.00669938015562525,0.0818497413290063,0.218238726741858,0.0366043171104864,5
"320","Tyrosine",0.198246360813574,0.0446750138172105,0.211364646564203,0.486178677184022,0.0862892556243346,6
"324","Tyrosine",-0.198545183931645,0.0193715145079072,0.139181588250412,0.305903329143201,0.069590794125206,4
"358","Tyrosine",0.00398802490830791,0.0108403202001311,0.104116858385811,0.195919937405382,0.0601118962162263,3
"373","Tyrosine",0.00142879328855079,0.012597720932275,0.112239569369608,0.306553944018,0.0458216123175426,6
"375","Tyrosine",0.154257003468159,0.00135114817577685,0.0367579675142254,0.0519836161838872,0.0259918080919436,2
"381","Tyrosine",0.12723012524005,0.00675535757310831,0.0821909823101556,0.246744047150568,0.0335543280196666,6
"406","Tyrosine",0.192194297970391,0.049377592913502,0.222210694867511,0.601391180197815,0.0907171363024484,6
"42","Tyrosine",0.137120056710184,0.0641267295896505,0.253232560287279,0.358124921192733,0.179062460596366,2
"440","Tyrosine",0.037139555196769,0.0463273887184582,0.215237981588887,0.57332403979297,0.0878705380265557,6
"502","Tyrosine",0.113699759137428,0.0775543966128325,0.278485900204719,0.600047936775259,0.139242950102359,4
"513","Tyrosine",-0.00402289302144208,0.034724703839736,0.186345656884554,0.487303991683657,0.0760752958584849,6
"531","Tyrosine",-0.102376648981879,0.044633961709534,0.211267512196111,0.502625946303594,0.0944817037415541,5
"535","Tyrosine",0.154336131045648,0.11472668570313,0.338713279490383,0.804418061821901,0.169356639745191,4
"566","Tyrosine",0.0614363358421521,0.0129880029525824,0.113964919833177,0.290564368368808,0.0465259836947457,6
"57","Tyrosine",-0.0399055684226728,0.0360391180861282,0.189839716830088,0.424807342972031,0.0775017398580275,6
"776","Tyrosine",0.0787577355037629,0.00186530076924729,0.0431891279056117,0.101839401057717,0.0215945639528059,4
"83","Tyrosine",-0.0447928796899349,0.00405574501106003,0.0636847313809207,0.146029426242025,0.0284806776993106,5
"853","Tyrosine",0.101692418515126,0.0304643366596144,0.174540358254515,0.482043640716749,0.0712558028743559,6
"879","Tyrosine",-0.0152056196981583,0.0107594380068279,0.10372771089168,0.146693135536929,0.0733465677684645,2
"913","Tyrosine",0.0861690302458142,0.06795547631733,0.260682711964814,0.693913254720117,0.106423271513119,6
"138","UDP-GlcNAc",0.193765055106033,0.0122894651665491,0.110857860192903,0.260261774097043,0.0495771422462996,5
"177","UDP-GlcNAc",-0.00408162591878172,0.0154811029571636,0.124423080484143,0.337363840447519,0.0507955099018991,6
"208","UDP-GlcNAc",0.153317683553846,0.011620049487979,0.107796333369828,0.237174867839491,0.0538981666849138,4
"235","UDP-GlcNAc",0.0316311212118393,0.00603684355428246,0.0776971270658218,0.221200102244642,0.0317197192985753,6
"303","UDP-GlcNAc",0.2043156463238,0.00334680830944967,0.057851605936652,0.157581760074948,0.0236178192242272,6
"306","UDP-GlcNAc",0.132166069867111,0.0082884105045943,0.0910407079530597,0.193308412056662,0.0455203539765298,4
"309","UDP-GlcNAc",0.0166008408181827,0.0118465519663337,0.108841866790007,0.295452858888884,0.044434506047916,6
"31","UDP-GlcNAc",-0.190975513522423,0.0219759478826386,0.14824286789805,0.32044450736237,0.0741214339490249,4
"319","UDP-GlcNAc",-0.17659493226844,0.0196485970640403,0.140173453492594,0.319646174575649,0.062687474130069,5
"320","UDP-GlcNAc",-0.033658633118605,0.00956321773892578,0.0977917058800274,0.296648108207686,0.0399232967470661,6
"324","UDP-GlcNAc",0.00793071166721539,0.00190942218989529,0.0436969357037229,0.0792797426496507,0.0218484678518614,4
"358","UDP-GlcNAc",-0.0765361447737884,0.00844337449599516,0.0918878364964328,0.167905417458413,0.0530514671364678,3
"373","UDP-GlcNAc",0.0321736500433521,0.0160995750614861,0.126884100901122,0.382340669661699,0.0518002172799273,6
"375","UDP-GlcNAc",-0.0321413414239509,0.0353046776988847,0.187895390307705,0.265724209280542,0.132862104640271,2
"381","UDP-GlcNAc",0.0341607127361914,0.0201903512704254,0.142092755868923,0.38359270085175,0.0580091246707869,6
"406","UDP-GlcNAc",-0.154381840772527,0.00259268702379098,0.0509184350092477,0.13425806258003,0.0207873640456207,6
"42","UDP-GlcNAc",-0.343453857308771,0.0141350027354615,0.1188907176169,0.16813686529409,0.0840684326470452,2
"440","UDP-GlcNAc",0.0831370343748159,0.0514225624875459,0.226765434948861,0.60812017438525,0.0925766011541666,6
"502","UDP-GlcNAc",-0.121719158819672,0.019894386436993,0.141047461646756,0.303322105819817,0.0705237308233778,4
"513","UDP-GlcNAc",0.0342344032813685,0.0226334130784895,0.150444052984787,0.408227275178982,0.0614185274414943,6
"531","UDP-GlcNAc",0.0853294713353326,0.025833756296862,0.160728828456074,0.360753094116392,0.0718801172743367,5
"535","UDP-GlcNAc",-0.0069391143274931,0.0449559058071951,0.212028077874594,0.399534724933947,0.106014038937297,4
"566","UDP-GlcNAc",-0.0376666481765232,0.0116342288503779,0.107862082542374,0.260427102806025,0.0440345108037964,6
"57","UDP-GlcNAc",0.0625290222217109,0.0127632343946212,0.11297448559131,0.308957666855629,0.0461216406086868,6
"776","UDP-GlcNAc",-0.0836999272503808,0.0563705572523055,0.237424845482324,0.5150442387894,0.118712422741162,4
"83","UDP-GlcNAc",-0.122798098616932,0.0177963813005869,0.133403078302515,0.312654661133366,0.0596596702984301,5
"853","UDP-GlcNAc",0.0689509843466699,0.0368565657845232,0.191980639087704,0.459194266352476,0.078375767709715,6
"879","UDP-GlcNAc",0.0243124284355963,0.0257285314203788,0.16040115779002,0.226841492766993,0.113420746383496,2
"913","UDP-GlcNAc",-0.0923874186276886,0.00444451878249236,0.0666672241996947,0.184034851582949,0.0272167803094964,6
"138","UDP-Glucose",-0.0149973272656036,0.0606605606964103,0.246293647292029,0.635359305296193,0.110145867554267,5
"177","UDP-Glucose",0.0993304214889257,0.0174314632436163,0.132028266835615,0.348753441874255,0.0539003142285465,6
"208","UDP-Glucose",-0.00268861729464508,0.0517747503223138,0.227540656416197,0.548269303481901,0.113770328208099,4
"235","UDP-Glucose",-0.019180405282927,0.00758037623086596,0.0870653560887794,0.265605415087974,0.0355442827818717,6
"303","UDP-Glucose",0.225130238513786,0.0537082842724808,0.231750478473035,0.69772349128341,0.094611736650799,6
"306","UDP-Glucose",0.208236644414216,0.0172540405030282,0.131354636397153,0.282803271226049,0.0656773181985763,4
"309","UDP-Glucose",0.0935702745557377,0.0077588431134867,0.0880842954986115,0.268837170128268,0.0359602630540219,6
"31","UDP-Glucose",0.0995163014774085,0.0235064106339615,0.15331800492428,0.34381058364336,0.0766590024621399,4
"319","UDP-Glucose",-0.0040335652447196,0.00342873322314504,0.0585553859448048,0.159788500966266,0.0261867646842639,5
"320","UDP-Glucose",-0.0615841483215505,0.0528025106515607,0.229787968900812,0.666308440119442,0.09381054547292,6
"324","UDP-Glucose",0.0562503891798194,0.0395280151449786,0.198816536397199,0.385332122272101,0.0994082681985993,4
"358","UDP-Glucose",0.0197932220063682,0.0189830540782613,0.137779004490021,0.271254519000925,0.0795467453309924,3
"373","UDP-Glucose",0.0847010815945876,0.0350498316339376,0.187216002611789,0.435317907004109,0.0764306130137412,6
"375","UDP-Glucose",-0.289367555574198,0.00191608899801958,0.0437731538505005,0.0619045878432218,0.0309522939216109,2
"381","UDP-Glucose",-0.260577048571207,0.0105157048077759,0.102546110641876,0.281939093973544,0.041864274363264,6
"406","UDP-Glucose",-0.0230540948749267,0.0291438117686586,0.170715587362896,0.397183766051838,0.0696943466964366,6
"42","UDP-Glucose",0.133551691995493,0.320973377572983,0.566545124039545,0.801215798113072,0.400607899056536,2
"440","UDP-Glucose",-0.0276965097147008,0.0417250372221742,0.204267073269713,0.613648515079327,0.0833916834604169,6
"502","UDP-Glucose",-0.173770613523268,0.0129510218228738,0.113802556310804,0.254512920032684,0.0569012781554021,4
"513","UDP-Glucose",0.112826085845927,0.0514677890693713,0.226865134098149,0.602218694461634,0.0926173031614245,6
"531","UDP-Glucose",-0.158337472700912,0.00599854199185397,0.0774502549502193,0.192479703804819,0.034636806988676,5
"535","UDP-Glucose",-0.0408971994698728,0.0090486384626958,0.0951243316018346,0.218978282115762,0.0475621658009173,4
"566","UDP-Glucose",0.128919045513149,0.0481125027350056,0.219345623924904,0.587531260286423,0.0895474759880717,6
"57","UDP-Glucose",0.00481384639130043,0.0439569916415526,0.209659227418095,0.576316158330724,0.0855930211734117,6
"776","UDP-Glucose",-0.214245939255713,0.00480953717790868,0.0693508268004692,0.163267261057164,0.0346754134002346,4
"83","UDP-Glucose",0.0994814070028425,0.0669976291147463,0.258839002305963,0.6964769278859,0.115756320876872,5
"853","UDP-Glucose",-0.0716829162578519,0.0384977303138728,0.196208384922441,0.481361185975436,0.0801017377192622,6
"879","UDP-Glucose",-0.11621283958746,0.0378567342997599,0.194568071121034,0.27516080498414,0.13758040249207,2
"913","UDP-Glucose",-0.0947644260063475,0.0255197181037079,0.159748922073696,0.417417108711184,0.0652172243400313,6
"138","UMP",-0.367582134777381,0.0797801481904361,0.282453798328923,0.789363240473382,0.126317178713298,5
"177","UMP",0.295280893784831,0.00731717519020642,0.0855404886016349,0.215152204516931,0.034921758237061,6
"208","UMP",-0.202247768346445,0.0315839707220943,0.177718796760765,0.415259973832039,0.0888593983803827,4
"235","UMP",0.0064590081212487,0.0476767830384109,0.218350138626956,0.449040473100361,0.0891410708170023,6
"303","UMP",-0.0826797345554733,0.00344394359445239,0.0586851224285371,0.162814373403903,0.0239581009071128,6
"306","UMP",0.24185473244799,0.0200851751792128,0.141722176031886,0.330997265549375,0.0708610880159429,4
"309","UMP",0.314567575919417,0.00624946118080109,0.0790535336389278,0.20321761222698,0.0322734699632198,6
"31","UMP",-0.146148936132673,0.0264695579953459,0.162694677218851,0.347261794941402,0.0813473386094253,4
"319","UMP",0.164836850318892,0.0277234769602222,0.166503684524464,0.418680467814689,0.0744627114201763,5
"320","UMP",0.0618509135164384,0.0131971376685045,0.114878795556467,0.275309210161239,0.0468990718964752,6
"324","UMP",0.354601975967989,0.0107178353438724,0.103526978821331,0.22337283473114,0.0517634894106656,4
"358","UMP",0.182714417170302,0.00852090676701563,0.0923087578023647,0.163271181399837,0.0532944861657553,3
"373","UMP",-0.125388830660658,0.00752336699159808,0.0867373448498286,0.231393035850587,0.0354103727543171,6
"375","UMP",0.307308675389143,0.000316672737578594,0.0177953009971339,0.0251663560166582,0.0125831780083291,2
"381","UMP",-0.0422977559873439,0.0146299092761107,0.120954161880072,0.350006012848803,0.0493793298120289,6
"406","UMP",0.0865868107768147,0.0189498804597864,0.137658564789069,0.310650799859315,0.0561988737428465,6
"42","UMP",0.106401072907089,0.0121956854028042,0.110434077180933,0.156177369697432,0.0780886848487162,2
"440","UMP",-0.164770513879536,0.00831373939620028,0.0911797093447894,0.24275880773816,0.0372239604650022,6
"502","UMP",-0.325927644833336,0.00861262404175398,0.092804224266754,0.220971994357485,0.046402112133377,4
"513","UMP",-0.283624958923793,0.0201662671714419,0.142007982773652,0.377414892398133,0.0579745161995652,6
"531","UMP",0.329941556403282,0.000846591063486865,0.0290962379610641,0.064646814437607,0.0130122331940898,5
"535","UMP",-0.106793547640003,0.0338916289859209,0.184096792437894,0.424242719578901,0.0920483962189468,4
"566","UMP",-0.134178938513164,0.022193302739017,0.148974168025927,0.37712430793117,0.0608184494198609,6
"57","UMP",0.117969954679555,0.034998575843195,0.187079063080814,0.397727517984185,0.0763747076843233,6
"776","UMP",0.323230863298688,0.00217365282284248,0.0466224497730705,0.0971764872653764,0.0233112248865353,4
"83","UMP",-0.421077173124236,0.0505370734816163,0.224804522822866,0.564769509127749,0.100535638936266,5
"853","UMP",-0.183315340878762,0.00369848241367841,0.0608151495408702,0.161073243213895,0.0248276808343645,6
"879","UMP",0.31306230617948,0.00451313759299069,0.0671798897959106,0.0950067112681066,0.0475033556340533,2
"913","UMP",-0.047552675668568,0.0103819424181291,0.101891817228515,0.259088855983835,0.0415971601957976,6
"138","Uracil",-0.0513752853403893,0.00971365246969117,0.0985578635609111,0.228665214305823,0.0440764165278693,5
"177","Uracil",0.0588177852887914,0.0119325902354482,0.10923639611159,0.255730706885066,0.04459557196899,6
"208","Uracil",0.0512700790833965,0.0102493134950595,0.101238893193572,0.228431294797781,0.0506194465967862,4
"235","Uracil",0.0355598286136102,0.00723811075902092,0.0850770871564191,0.200358514628707,0.0347325753892532,6
"303","Uracil",-0.0392305629671109,0.00685016649012494,0.0827657325837507,0.182236975125521,0.0337889688363055,6
"306","Uracil",0.0150092663142534,0.00194746783831141,0.0441301239326541,0.100880888099953,0.022065061966327,4
"309","Uracil",0.112555995784154,0.00418280321004053,0.0646745947806442,0.163637946236686,0.0264032927556411,6
"31","Uracil",-0.118236009417263,0.00220130141647371,0.0469180286933893,0.093950011645675,0.0234590143466947,4
"319","Uracil",-0.0520617993102089,0.00980958337258433,0.099043340879558,0.201215527672965,0.0442935285850751,5
"320","Uracil",0.0391147368033431,0.00441631927872238,0.0664553931500099,0.172384397490205,0.0271303006455954,6
"324","Uracil",0.0242339480215069,0.00343215622207729,0.0585846073817798,0.130975943455102,0.0292923036908899,4
"358","Uracil",-0.048201164197379,0.00940128116564844,0.0969602040305632,0.190990337652069,0.0559799998977267,3
"373","Uracil",0.0288553303885439,0.00059190640900403,0.0243291267620527,0.0708147387274245,0.00993232440908664,6
"375","Uracil",0.0644755940476989,0.00126804852247518,0.0356096689464417,0.0503596767756739,0.025179838387837,2
"381","Uracil",-0.014509301832672,0.00306726594510556,0.0553829030035945,0.118038931264856,0.0226099754721434,6
"406","Uracil",0.0239092326633828,0.0017530219466199,0.0418691049178257,0.0946604382789857,0.0170929905059545,6
"42","Uracil",-0.224726645628073,0.0150235807007577,0.122570717142218,0.173341170532321,0.0866705852661607,2
"440","Uracil",0.0697526214347287,0.00128851168624441,0.0358958449718684,0.10163159781582,0.0146544173445211,6
"502","Uracil",-0.0907237358898457,0.000445564869665985,0.0211084075587427,0.0486721709393901,0.0105542037793713,4
"513","Uracil",0.0119363552007192,0.00279696289166067,0.0528863204587034,0.15001182889985,0.0215907499161897,6
"531","Uracil",0.078708920930202,0.00248096132852414,0.0498092494274321,0.12559660906311,0.0222753735255961,5
"535","Uracil",-0.00793658509396629,0.00769591907320977,0.0877263875536305,0.213809521242165,0.0438631937768152,4
"566","Uracil",-0.0472206990570105,0.00150582269783553,0.0388049313597579,0.105545675881618,0.0158420468891887,6
"57","Uracil",-0.0272757327929146,0.0135180713395554,0.116267241042159,0.304343764675821,0.0474659023924111,6
"776","Uracil",-0.0249607700922743,0.00164474205039157,0.0405554194947058,0.0904104204756516,0.0202777097473529,4
"83","Uracil",-0.102552971160197,0.00401618837252553,0.0633734042996392,0.159487421624181,0.0283414479959141,5
"853","Uracil",-0.0296351696752289,0.00334698848315897,0.0578531631214661,0.170408176267225,0.0236184549422655,6
"879","Uracil",0.0211586534505496,0.00175428964738478,0.0418842410386625,0.0592332617265803,0.0296166308632902,2
"913","Uracil",0.0547977787395841,0.000833654279284611,0.0288730718712889,0.0798490648024021,0.0117873822318939,6
"138","Urate",-0.0921027577627433,0.00813428568551579,0.0901902748943354,0.239195914148348,0.0403343171146253,5
"177","Urate",-0.123062543456252,0.00963172581802011,0.0981413563082359,0.250650983806044,0.0400660409366421,6
"208","Urate",-0.0602039022318233,0.0103197938011722,0.101586385904668,0.214761779805375,0.0507931929523342,4
"235","Urate",-0.0395653878120116,0.00834756824330681,0.0913650274629566,0.235018618960709,0.0372996162699359,6
"303","Urate",-0.00523013207261134,0.00758754551923274,0.0871065182361959,0.239550797019257,0.0355610871581863,6
"306","Urate",-0.0761555436599876,0.00814374748546669,0.0902427143068441,0.211710539222396,0.0451213571534221,4
"309","Urate",0.000830396126015321,0.00942224079190823,0.0970682275098718,0.236653213682495,0.0396279379392625,6
"31","Urate",-0.0893111936329048,0.00651797944786,0.0807340042848117,0.177118781566,0.0403670021424059,4
"319","Urate",-0.0274845107859425,0.00855989040862258,0.0925196757918151,0.210963484405897,0.0413760568653481,5
"320","Urate",-0.10239176329892,0.00418956991923727,0.0647268871431129,0.179065944371563,0.0264246410232232,6
"324","Urate",-0.044410257343794,0.00459172566977273,0.0677622732039941,0.154117564218899,0.033881136601997,4
"358","Urate",0.101288050100081,0.0193549676042212,0.139122131971233,0.25951663365638,0.0803222003438261,3
"373","Urate",-0.0360537947217561,0.00746609677730886,0.0864065783219592,0.23909011591626,0.0352753378847717,6
"375","Urate",0.00734066664541402,0.0522877080223857,0.228665056408682,0.323381224013967,0.161690612006983,2
"381","Urate",0.0548484401214952,0.0226649749482763,0.150548912145775,0.317572501563379,0.061461336014707,6
"406","Urate",0.0934104660289738,0.0129360582942712,0.113736793933499,0.281643628504523,0.0464328516861916,6
"42","Urate",0.0926978519196761,0.00619848551032862,0.0787304611337227,0.111341685907199,0.0556708429535992,2
"440","Urate",0.0386018358271228,0.0382645718491847,0.195613322269177,0.560468396861954,0.0798588044083481,6
"502","Urate",0.119919831001511,0.034929209230013,0.186893577284007,0.424764099805189,0.0934467886420034,4
"513","Urate",0.040115107375764,0.022127001459388,0.148751475486423,0.410310242654679,0.0607275355713095,6
"531","Urate",0.0503134401229817,0.0303401287082105,0.174184180418919,0.353160466604656,0.0778975336043581,5
"535","Urate",-0.0420410552700622,0.0659925089907559,0.256890071802621,0.494838540119023,0.128445035901311,4
"566","Urate",0.0302395270662746,0.0136290497353217,0.116743521170649,0.310978657140854,0.0476603429406491,6
"57","Urate",-0.0890910741233051,0.00154104902182629,0.0392561972410254,0.109506943817509,0.0160262754137608,6
"776","Urate",0.133988587026092,0.0156715004521438,0.125185863627423,0.230536166717971,0.0625929318137116,4
"83","Urate",0.11805144546601,0.000507557364104411,0.0225290338031708,0.0609171273136971,0.0100752902102561,5
"853","Urate",0.0234155609238082,0.0708005815231647,0.2660837866597,0.67794182215388,0.108628251023974,6
"879","Urate",-0.0178997889527639,0.0460641430258788,0.214625588003572,0.303526417386951,0.151763208693476,2
"913","Urate",0.0340707689683111,0.0224256372805114,0.149751919121297,0.358898352694588,0.061135964974952,6
"138","Uridine",0.117703206790563,0.0467421280904648,0.216199278653896,0.527006467996695,0.0966872567513059,5
"177","Uridine",-0.171697871768054,0.0255080041994926,0.159712254381098,0.41560954716442,0.065202254817213,6
"208","Uridine",0.163169887662057,0.00615917585890725,0.0784804170408596,0.188018155754413,0.0392402085204298,4
"235","Uridine",-0.12726370863132,0.012219537394661,0.110542016422087,0.339973768840392,0.0451285892287453,6
"303","Uridine",0.0259355383650395,0.0179325202295306,0.133912360256739,0.372414919191667,0.0546694921467945,6
"306","Uridine",0.0871373689681277,0.0249371655597726,0.157915058052652,0.379397571599762,0.0789575290263262,4
"309","Uridine",0.00840490995747011,0.0223450250429227,0.14948252420575,0.386421227073214,0.0610259849612206,6
"31","Uridine",0.109448899169218,0.012157024655437,0.110258898305021,0.233671208269274,0.0551294491525107,4
"319","Uridine",-0.0310881393630632,0.00324777181073425,0.0569892253915971,0.119246495678442,0.0254863563921336,5
"320","Uridine",0.0468181001427948,0.0502122874902536,0.224080984222788,0.622341028218814,0.0914806787344132,6
"324","Uridine",-0.122379866427933,0.0336438427520412,0.183422579722457,0.442344799241762,0.0917112898612286,4
"358","Uridine",0.0845798711928748,0.101977021233112,0.319338411772075,0.59821959481854,0.184370117999195,3
"373","Uridine",0.092186393122895,0.00769305129461928,0.0877100410136677,0.242599666263654,0.0358074743003452,6
"375","Uridine",-0.205948476444503,0.0135621302162395,0.116456559352573,0.164694445663717,0.0823472228318583,2
"381","Uridine",0.0252728134246541,0.00768382704906237,0.0876574414927927,0.26393133863614,0.0357860006358687,6
"406","Uridine",-0.075265113356861,0.00505131458238672,0.0710726007853006,0.176963485674649,0.0290152677694196,6
"42","Uridine",0.126353328853703,0.000119738018424236,0.0109424868482551,0.0154750133068916,0.00773750665344581,2
"440","Uridine",0.108359439406163,0.020338968381303,0.142614755131799,0.332050641857336,0.0582222299774794,6
"502","Uridine",0.016840561291128,0.00744898165573234,0.0863074831966055,0.181539330531273,0.0431537415983027,4
"513","Uridine",0.159690694636756,0.0213187414729208,0.146009388304043,0.409905313681874,0.0596080831668,6
"531","Uridine",-0.157052745472318,0.00933336567414449,0.0966093456873841,0.204456090318968,0.0432050128437534,5
"535","Uridine",0.0948760917575259,0.0815694918802376,0.285603732258942,0.634146647757901,0.142801866129471,4
"566","Uridine",-0.123055017752716,0.0196764343314627,0.140272714137364,0.346864947076075,0.0572660957453051,6
"57","Uridine",0.208210122042894,0.165173299205774,0.406415180825931,0.848263176399603,0.165918302790748,6
"776","Uridine",-0.164410504261274,0.00631128338248811,0.0794435861633154,0.162538334081477,0.0397217930816577,4
"83","Uridine",-0.164769440140522,0.00356033379763832,0.0596685327257033,0.151103338175834,0.0266845790584687,5
"853","Uridine",-0.00169305494944941,0.0727654166530906,0.269750656446079,0.730370528542104,0.110125244345617,6
"879","Uridine",-0.0361116589888649,0.0240775833957557,0.155169531144989,0.219442855412318,0.109721427706159,2
"913","Uridine",-0.106739938328264,0.0302871467298174,0.174032027885149,0.449923033261043,0.0710482778700715,6
"138","Valine",0.0384483023002946,0.0134659209235858,0.116042754722498,0.258943602742118,0.051895897571168,5
"177","Valine",0.110821057409996,0.0148515728768757,0.121867029490653,0.268734752430955,0.0497520064534683,6
"208","Valine",0.0635296798044765,0.00800192612291177,0.0894534858063774,0.180060831554229,0.0447267429031887,4
"235","Valine",0.0258043691361733,0.00382217454543213,0.0618237377180653,0.147856737641323,0.0252394352334864,6
"303","Valine",-0.082907258658091,0.0168569898563838,0.129834470986652,0.293027060010569,0.0530047008235808,6
"306","Valine",-0.117119863264189,0.00773924571986256,0.0879729828973791,0.213884045593573,0.0439864914486896,4
"309","Valine",0.146046301049009,0.00189679324563753,0.0435521899063357,0.115797266954319,0.0177801070752191,6
"31","Valine",-0.163131553919845,0.0100098410101762,0.100049192951149,0.220241066607502,0.0500245964755744,4
"319","Valine",0.158817238831733,0.00137835778676204,0.0371262412151034,0.0962120683028059,0.0166033598212051,5
"320","Valine",-0.10690671385607,0.00616284158881823,0.0785037679912132,0.185741783084141,0.0320490290773845,6
"324","Valine",0.0381195483397333,0.0079555662721664,0.0891939811431601,0.188036799957619,0.0445969905715801,4
"358","Valine",0.141312503477609,0.0239803309478913,0.154855839243767,0.309626804063129,0.0894060604729742,3
"373","Valine",0.207053755029367,0.00840519944455505,0.0916798748066065,0.262059096407567,0.0374281521597381,6
"375","Valine",-0.0435172619008137,0.00656834424465535,0.0810453221639309,0.114615393771128,0.0573076968855639,2
"381","Valine",0.00141142944073724,0.004889911167745,0.0699278997807385,0.165765348691133,0.0285479455412148,6
"406","Valine",0.0706320714223801,0.00762344049199499,0.087312315809369,0.229054198892777,0.0356451036656158,6
"42","Valine",-0.0594598448043558,0.00820826975304829,0.0905995019470211,0.128127044397725,0.0640635221988625,2
"440","Valine",0.0439158367758411,0.0199237763136372,0.141151607548895,0.378942797466547,0.0576249024780625,6
"502","Valine",-3.23747075134054e-05,0.00110124388974321,0.0331849949486693,0.0762519642142384,0.0165924974743347,4
"513","Valine",-0.040432248797182,0.00709099093587798,0.0842080218024268,0.217798606933052,0.0343777809441844,6
"531","Valine",0.0727038643756091,0.00357536423936975,0.0597943495605542,0.149533097140412,0.0267408460575568,5
"535","Valine",-0.01097871265715,0.0202106869945454,0.142164295779726,0.311756066651323,0.0710821478898629,4
"566","Valine",-0.135288954779216,0.00358595028546756,0.0598828045891937,0.171440279035171,0.0244470526017199,6
"57","Valine",0.0158201899751239,0.0585214196772772,0.241912008129562,0.546358262541302,0.0987601637615738,6
"776","Valine",-0.0539476611684235,0.0100861779211319,0.100429965255057,0.220622691959733,0.0502149826275285,4
"83","Valine",-0.138717734015805,0.00921324360056346,0.0959856426793271,0.214391739799873,0.0429260843789961,5
"853","Valine",-0.134997426126792,0.0102951391975006,0.101464965369829,0.299786039508882,0.0414228986542078,6
"879","Valine",-0.199677629909301,0.00233328380883817,0.0483040765240178,0.0683122801381738,0.0341561400690869,2
"913","Valine",-0.0377461820831764,0.0112665129401821,0.106143831380736,0.242360604650935,0.04333303770447,6
"138","Xanthine",-0.103389133985355,0.0183247208225193,0.135368832537329,0.368276280193411,0.0605387823176504,5
"177","Xanthine",0.0679469228494807,0.0395857007853742,0.198961556048836,0.422011572672476,0.0812257151249674,6
"208","Xanthine",-0.162890578378495,0.0106000088339573,0.10295634431135,0.249419005683643,0.0514781721556751,4
"235","Xanthine",0.0372755111297312,0.00261467637765735,0.0511339063406792,0.136565629305445,0.0208753298483216,6
"303","Xanthine",-0.234258162276355,0.00807037208301458,0.0898352496685716,0.246810160396799,0.0366750871005887,6
"306","Xanthine",-0.161456390901307,0.00654935031260179,0.080928056399507,0.147173524121244,0.0404640281997535,4
"309","Xanthine",-0.0876817575210894,0.00978475792266788,0.0989179352931908,0.27620409900788,0.0403830779796602,6
"31","Xanthine",-0.0520813032545087,0.00279162068553989,0.0528357898165617,0.111708812312314,0.0264178949082809,4
"319","Xanthine",0.152405752150423,0.00395903396320791,0.0629208547558591,0.15936520296841,0.0281390616872984,5
"320","Xanthine",-0.0987197262372921,0.0108491756293432,0.104159376099049,0.230369318498692,0.0425228872282195,6
"324","Xanthine",0.165183496474143,0.010821449384678,0.104026195665698,0.233682225956656,0.0520130978328488,4
"358","Xanthine",0.217473741224163,0.0365345061930529,0.191140017246659,0.377631619984578,0.110354740410268,3
"373","Xanthine",0.251882323048967,0.0248561184317251,0.157658232996964,0.379041891776788,0.064363704098564,6
"375","Xanthine",0.0967137680238312,0.100064201556972,0.316329261303744,0.447357131511218,0.223678565755609,2
"381","Xanthine",-0.0260119899321652,0.00861014811508572,0.0927908837929983,0.253471392316269,0.0378817196791225,6
"406","Xanthine",0.226350882635018,0.00741371340753382,0.0861029233390703,0.259001900332298,0.0351513712571165,6
"42","Xanthine",-0.12832848835933,0.00352906214953189,0.059405910055582,0.0840126436857202,0.0420063218428601,2
"440","Xanthine",-0.0726347277660255,0.0184412114508451,0.135798422122074,0.404681329629829,0.0554394736790269,6
"502","Xanthine",0.117885945121802,0.0102048113497316,0.101018866305911,0.210894204078886,0.0505094331529557,4
"513","Xanthine",0.0360812168413318,0.0207591336425744,0.144080302757089,0.361655099253346,0.0588205372900973,6
"531","Xanthine",-0.0403313517707614,0.0139026501234061,0.117909499716546,0.26225557521565,0.0527307313118377,5
"535","Xanthine",-0.0997186026506246,0.0199519595042958,0.14125140531795,0.32572316641778,0.0706257026589751,4
"566","Xanthine",0.0904541493184151,0.00684087421962043,0.0827095775567765,0.228468254319225,0.0337660436425423,6
"57","Xanthine",-0.00340292188456609,0.036530974989198,0.191130779805865,0.509307289277973,0.0780288141107694,6
"776","Xanthine",0.0613452192376319,0.0289197289518918,0.17005801642937,0.325568370821615,0.0850290082146848,4
"83","Xanthine",0.0281180610768057,0.00470880864904033,0.0686207596069901,0.174989707578062,0.0306881366297803,5
"853","Xanthine",0.0528037297519059,0.0202901826032946,0.142443612012946,0.366983074984528,0.0581523610917828,6
"879","Xanthine",-0.118245448046182,0.115558910069049,0.339939568260373,0.480747147821075,0.240373573910537,2
"913","Xanthine",-0.241716894433898,0.00543778563816225,0.0737413428014587,0.210685829209756,0.0301047771352052,6
"138","Xanthosine",-0.0983221347591474,0.0284610445540521,0.168704014635254,0.426070948986252,0.0754467289603096,5
"177","Xanthosine",-0.162447740368536,0.00424114069652457,0.0651240408491716,0.191568219771124,0.0265867783447731,6
"208","Xanthosine",0.0460285978089017,0.000901066823007136,0.0300177751175389,0.0603639608666854,0.0150088875587694,4
"235","Xanthosine",-0.0344056943408455,0.00502600458049115,0.0708943198041363,0.144233708688527,0.028942484863637,6
"303","Xanthosine",-0.0442427349919676,0.00522888954170808,0.0723110609914422,0.201892933734033,0.0295208670313844,6
"306","Xanthosine",0.0465518045159551,0.00251925887390539,0.0501922192566277,0.106503487685416,0.0250961096283138,4
"309","Xanthosine",0.0521141436407278,0.00155362076864763,0.0394159963548764,0.118500883803383,0.0160915131288082,6
"31","Xanthosine",0.0972936121709074,0.0102507050223343,0.101245765453841,0.227292586642342,0.0506228827269207,4
"319","Xanthosine",0.0406733944069753,0.000288907404055892,0.0169972763716983,0.047450409799673,0.00760141307989366,5
"320","Xanthosine",-0.000440895063845209,0.00477903227333316,0.0691305451543177,0.170035195595298,0.0282224268780851,6
"324","Xanthosine",-0.0314316372963602,0.00337813853901984,0.0581217561591169,0.134081938980438,0.0290608780795585,4
"358","Xanthosine",0.104995600829966,0.00248016387242174,0.0498012436834838,0.0967107604575969,0.0287527614466376,3
"373","Xanthosine",0.368726033100171,0.00624806530642028,0.0790447044805677,0.201834582424081,0.032269865474413,6
"375","Xanthosine",0.193288305900547,0.00504627847118041,0.0710371626064865,0.100461718790596,0.0502308593952981,2
"381","Xanthosine",-0.151516263396397,0.00421296299453209,0.0649073416073413,0.16830358474275,0.026498311249751,6
"406","Xanthosine",0.0248549062737901,0.005103103221016,0.0714360078742927,0.188610729222161,0.029163628092243,6
"42","Xanthosine",-0.0375529406558027,0.00902036037932926,0.0949755778046613,0.134315750225573,0.0671578751127865,2
"440","Xanthosine",-0.0548184154031477,0.00432826804768747,0.0657895740044535,0.190176285294967,0.026858481117664,6
"502","Xanthosine",0.108559174893328,0.00165370052435466,0.0406657168184044,0.0867115765296363,0.0203328584092022,4
"513","Xanthosine",0.0262335750987241,0.00294892821255967,0.0543040349565266,0.131865128054075,0.0221695294362919,6
"531","Xanthosine",-0.0055990380920543,0.00390923739209773,0.0625238945691784,0.1321837129663,0.0279615356949426,5
"535","Xanthosine",-0.0440415520331103,0.00217614955711591,0.0466492181833298,0.1079984108046,0.0233246090916649,4
"566","Xanthosine",-0.05182289537023,0.00393295098234303,0.0627132440744619,0.162449814330011,0.0256025746828421,6
"57","Xanthosine",-0.105171145930898,0.0220143095269763,0.148372199306259,0.378410297300094,0.0605726967191439,6
"776","Xanthosine",-0.073363550169612,0.00196867926212218,0.0443698012405079,0.0997876658491107,0.022184900620254,4
"83","Xanthosine",-0.0556197695843476,0.000939511480219631,0.0306514515189678,0.0751024044765239,0.0137077458410902,5
"853","Xanthosine",0.131823010452727,0.00235259550589187,0.0485035617856243,0.135841657160858,0.0198014961803895,6
"879","Xanthosine",0.0214467084296363,0.0017026576897117,0.0412632728914189,0.0583550801509466,0.0291775400754733,2
"913","Xanthosine",-0.111119051909578,0.0117694773739594,0.108487222169062,0.276312689037582,0.0442897229876929,6
"138","Xanthurenic Acid",0.154148248685383,0.00336151405592182,0.0579785654869265,0.158579288324807,0.0259288027333382,5
"177","Xanthurenic Acid",0.0278787897652758,0.000627229404183426,0.0250445483924831,0.0749685211580918,0.0102243940666707,6
"208","Xanthurenic Acid",-0.246964776557726,0.00268542860099158,0.0518211211861687,0.109943280008788,0.0259105605930843,4
"235","Xanthurenic Acid",0.0273047305841917,0.00235349300122414,0.0485128127531701,0.131001989071345,0.0198052728720752,6
"303","Xanthurenic Acid",0.00281369533543257,0.00681486184779229,0.0825521765175958,0.181474109450721,0.0337017849373795,6
"306","Xanthurenic Acid",0.0420833316350522,0.00156566920536523,0.0395685380746526,0.0871917135208759,0.0197842690373263,4
"309","Xanthurenic Acid",-0.0789730645439065,0.00130571107383989,0.0361346243074408,0.0864479213626222,0.0147518986000666,6
"31","Xanthurenic Acid",-0.00626670330889177,0.0282034137817213,0.167938720317029,0.399230661739442,0.0839693601585146,4
"319","Xanthurenic Acid",-0.0241004180777325,0.00147195555582008,0.0383660729788713,0.0933601366683528,0.0171578294420948,5
"320","Xanthurenic Acid",0.140094609907024,0.00258116628730642,0.0508051797291027,0.120057973398539,0.0207411277711155,6
"324","Xanthurenic Acid",-0.119552916373676,0.0087176969144744,0.0933686077569672,0.227158017269721,0.0466843038784836,4
"358","Xanthurenic Acid",-0.00300948550989763,0.000372613593560637,0.019303201640159,0.0357751767264834,0.0111447086631674,3
"373","Xanthurenic Acid",0.0104623463083766,0.00207620699437241,0.0455654144540836,0.134158882905532,0.018602002555157,6
"375","Xanthurenic Acid",0.16145838570671,0.00289940443161233,0.053846118073751,0.0761499104610416,0.0380749552305208,2
"381","Xanthurenic Acid",0.0918049113832766,0.00208980606694262,0.045714396714193,0.130295889156805,0.0186628243081561,6
"406","Xanthurenic Acid",-0.141681612428779,0.0200080925836999,0.14144996494768,0.392692423801913,0.0577467063760636,6
"42","Xanthurenic Acid",-0.160582833823662,0.0113219275440724,0.106404546632521,0.150478752945872,0.0752393764729361,2
"440","Xanthurenic Acid",0.0643900645511277,0.000308973560897122,0.0175776437811534,0.0447268573351617,0.00717604302403864,6
"502","Xanthurenic Acid",0.071319241869006,0.00137718338136122,0.037110421465691,0.0825639791858044,0.0185552107328455,4
"513","Xanthurenic Acid",0.455670991562299,0.00833174109149531,0.0912783714331895,0.247329496704094,0.0372642390939251,6
"531","Xanthurenic Acid",0.0347784946642411,0.000473794820619764,0.0217668284465092,0.0511131902846253,0.00973442161219416,5
"535","Xanthurenic Acid",0.191416288427094,0.00779528009143201,0.0882908833993183,0.191773124942071,0.0441454416996591,4
"566","Xanthurenic Acid",0.0774597102353901,0.0176456100249776,0.132836779639442,0.359249962089111,0.0542303881985269,6
"57","Xanthurenic Acid",-0.0396835155920239,0.0264883862098891,0.162752530579064,0.407572111736086,0.0664434423775704,6
"776","Xanthurenic Acid",-0.0105808639941971,0.00470054879167689,0.068560548361845,0.167256262541783,0.0342802741809225,4
"83","Xanthurenic Acid",-1.10724943606868,0.0071856774132402,0.0847683750772669,0.210930845637567,0.0379095698029935,5
"853","Xanthurenic Acid",-0.0186603184900593,0.0163632419572845,0.127918888195937,0.283968361610875,0.0522226674240292,6
"879","Xanthurenic Acid",0.0280087589484167,0.00324850938566015,0.0569956962029604,0.0806040865671233,0.0403020432835616,2
"913","Xanthurenic Acid",0.210712158433053,0.00202277758417733,0.0449752997119233,0.123900376828725,0.0183610892204926,6
