"QC(S)#1","1","2","3","4","5","6","7","8","9","10","QC(S)#2","11","12","13","14","15","16","17","18","19","20","QC(S)#3","21","22","23","24","25","26","27","28","29","30","QC(S)#4","31","32","33","34","35","36","37","38","39","40","QC(S)#5","41","42","43","44","45","46","47","48","49","50","QC(S)#6","51","52","53","54","55","56","57","58","59","60","QC(S)#7","61","62","63","64","65","66","67","68","69","70","QC(S)#8","71","72","73","74","75","76","77","78","79","80","QC(S)#9","81","82","83","84","85","86","87","88","89","90","QC(S)#10","91","92","93","94","95","96","97","98","99","100","QC(S)#11","101","102","103","104","105","106","107","108","109","110","QC(S)#12","111","112","113","114","115","116","117","118","119","120","QC(S)#13","121","122","123","124","125","126","127","128","129","130","QC(S)#14","131","132","133","134","135","136","137","138","139","140","141","QC(S)#15"
11422861.5904256,7311016.74885291,9282245.08971542,9220977.24475968,5066392.63254606,4946404.57755016,12290229.2835763,7967187.08147405,13503608.8510081,15307066.9463538,15804543.3755336,11002528.9269984,11954786.5708483,13697427.0530023,11392102.461048,13501128.5730727,14905013.4149544,14172917.3958525,14233466.3600663,18025438.9330756,11907654.3446844,10909168.1335782,12042663.2698274,14404376.4804983,12378182.220622,17799032.4921558,17295805.7754117,15280592.7778682,20458264.052252,16387415.804043,16132195.5259083,14845716.3423827,9266009.68857093,11293245.7542984,14381186.687834,7381463.93046659,18154847.5460839,11522740.8349164,9379433.6509376,15624070.4840629,9935686.88369762,14251618.3496488,12011796.5990401,2956393.88187064,10586246.058025,5614633.01711167,13295392.2338287,10965760.6710762,10398929.6368446,9520725.39234461,12615432.7084727,11997909.2250407,9577242.60262848,6136356.43643977,12873266.0879518,11469502.8343781,10520131.6369674,8168007.12029782,9188728.05510256,14060646.6304698,7866833.20514795,9392866.44665195,4017199.90493461,10555283.1601541,9865439.78967847,7195707.48237082,10286875.162339,14028703.0966795,13100035.9182192,13695762.9376521,13661792.7816726,10546718.3542307,9576654.0322045,9618820.90573899,11785987.1829895,9851225.69474284,9339534.94305292,10678752.3605052,10830201.5842243,8559728.74397586,11385420.4940034,11499343.4839195,11124917.778376,12258493.7726699,9693789.86010757,10097258.5715766,9271784.26114009,10359846.1836425,10005155.039136,13371805.6501581,11381986.7059905,4618754.13479493,14891257.5688798,5899610.85521039,8884833.23435979,13818429.9645246,12016972.6846031,10763542.4273946,2023894.19215627,10797248.6001231,8511528.93095794,8091304.35275239,9231122.42085929,9256833.81766176,9889654.20616235,6466187.84698643,6679097.53334811,10650232.0647554,8665716.41620361,8739518.15029189,10291942.2994081,11760067.4843692,7183462.71478034,6978750.56826563,12357508.2048047,10062163.8054698,6504123.70215474,10178139.3446117,7820365.56277944,9357134.22781468,12808758.6032574,9744999.3538057,6900158.49445183,4596897.01315446,8868943.69811895,9749254.00223465,12198763.5548069,12386292.6310605,7163932.05223368,4784252.67372594,10260944.0843956,8541345.79729843,9791825.22766696,10773057.2328338,8688150.01928657,11818711.8413182,8853966.76891169,3667767.72786727,9642879.09860787,7958387.86032174,14094055.993577,12571293.6974771,9795211.17094815,9058365.06106483,9291843.37904704,3485569.04388874,11708584.3652159,4649206.88137679,3319416.51598425,10987509.1134721,9809434.78843648,7960943.50055823,3767225.24620696,9195685.36167617,9081599.37740311,9654732.51434727
470466.265947105,489248.745678539,500122.79775599,510349.053042269,452682.889833529,446047.956584069,488950.363607277,500926.16351437,482936.706766939,494840.989735834,453881.772272164,455055.286180975,466600.15746851,483913.012112051,509911.146215807,435113.486391623,484746.665154805,517937.052921755,415222.75546707,512191.970194526,460278.022275777,494756.295387588,511525.155648612,488524.76960947,499605.395599572,543495.811217417,493726.99897503,456184.004377065,421065.565265683,483255.432656233,520704.156452645,492424.552976561,449650.176733434,525915.977099015,461817.255370105,473386.489197719,445767.280487218,510300.495225733,506606.851999348,487457.957170615,473932.953122724,503131.557448763,446408.333363662,500251.074262825,476435.753511114,468218.299166575,481312.036317644,454229.146975356,492710.136937281,494841.281294813,522283.615377416,500579.766036198,487889.897144748,463892.041959389,475523.406630173,489227.129822515,476201.918188809,554087.107010827,448643.459714795,443274.790780061,520582.241308703,420461.845286749,443950.511624931,415225.292760081,466762.383892092,474396.719613779,501706.724537063,449175.106017303,475658.588504645,489976.530602958,509794.70635847,476816.129486032,422776.707783832,426682.127602247,528704.465913767,468379.336472307,516208.879192531,442876.07655324,516869.689729189,449460.971600877,454343.368261555,497493.544529758,488784.172380668,423769.39659713,446160.137908537,458926.192808336,527072.736298264,540688.880883628,467963.898830192,455830.614085529,489950.968552531,524018.033635149,458197.000864127,529844.514615808,416865.885571431,495240.27063023,481453.845318915,470421.04873652,465344.984980843,402837.268267191,501000.62809465,448849.193997689,413282.580994354,456474.369385757,537682.881015316,489925.541588663,494051.83346105,449901.995455918,452714.077914562,477563.259852091,445245.067324882,469969.170430154,462054.116860909,522315.265416056,430291.843725539,471562.277095624,548068.194795524,476568.29209054,395675.557794177,467172.829515652,460593.955153651,444212.760328462,453481.244240486,451909.898862452,433674.308890321,487192.884448028,488421.388056811,431201.271217448,472219.078738136,466305.15622657,453054.03684504,439390.387200685,461097.730237575,458376.718233286,491500.181324202,456001.18808469,457357.026708976,478407.392787186,434086.938384504,455223.10588,407309.192194936,483318.988482946,438125.673269079,402908.974969937,439124.412119644,496197.648504403,409979.930563496,435318.666731653,442944.827885891,422654.347969802,473492.349901383,431425.474227926,471067.593258614,427548.276506139,390725.326115761,514007.624141305
6961364.19301105,2042505.79454206,2019051.66960714,3330872.87064217,1203484.52802044,2892916.94576716,12901909.101484,3611273.84788747,13043230.2427262,12733622.3856556,16660823.8642644,6849502.05549559,12761319.1352356,12788772.0913464,3953725.72493595,7232694.19553837,3938438.03208266,11143941.0049444,9860295.37154131,15261545.4767147,9507771.59732212,5769807.2905173,7122487.94534143,5904448.61483797,7877237.29192415,9831607.18802849,12192026.3797196,7433820.25521232,20185346.4379988,9630876.83172578,9545278.59264486,6304417.56771617,6649928.93510749,6805534.73760733,12406707.3103488,2563562.43018113,23604051.7455742,5655171.92178252,5459084.35746608,14339952.9287312,3783644.73099982,9340985.03309454,15768715.9811897,1194648.90758918,6714236.73865316,2098059.33804183,6839060.64217472,19691280.4295323,7835101.37263809,6167130.38942096,10707902.1489448,6825614.82714384,4338315.7856465,2454834.13167354,5128105.3726603,6167935.59845284,5955056.77017562,1818187.08181559,2527989.65516336,7303690.24713777,3036432.67573327,3229693.04613547,2200141.14429256,8474870.31166845,10570227.111215,2077615.29806504,5897997.40482586,9970424.71495434,9002718.08617003,5979792.6888628,6447148.89794104,5182366.84869368,7030220.85052417,3171101.99795224,7347744.1297667,8142805.18062465,2672022.09976051,6521262.6232679,4141158.02690787,7225128.29153848,6441336.4735928,5333452.7276295,3338745.20577623,9377568.01578116,7271800.02069698,2677011.68257634,3155862.07332338,4445821.05916759,6277784.23627004,8088985.23042171,7685807.29762175,1370598.51479533,6939384.32439492,1379931.18812941,9098547.35193752,7449675.94812133,4412095.80942094,9347068.53466536,721565.578650941,5867651.17395243,10794687.1684685,7097976.08100033,6881254.90537633,6251380.14304857,9018340.42931276,2986080.82112347,2531112.78684381,3878081.58488806,10939986.8050606,13431647.0994868,6024619.81541207,5650838.15150513,5011523.2937109,1802101.82053475,11889492.5327498,3094085.21374847,2252825.81993779,7611801.18503737,10881969.9138943,5375830.04028661,13161307.7730922,5950601.41503756,2877115.63502741,1803031.7771941,6099643.86806893,4278703.78917809,19958110.4571402,9238052.23016627,2828403.82069745,1872360.10092487,3863916.27394938,3094216.72208486,5653591.67592115,5187525.66264208,8950413.6304637,4101074.79808752,6108738.63399682,1174529.52861788,10073315.5869089,3957638.39034566,10248341.9935508,6782991.63378026,8015608.5487243,6030561.87271503,4778068.59158915,864816.962160167,10841170.0380474,1264186.60075826,624135.75954389,10435146.5247142,5233990.37928194,11818801.635086,1837888.65113606,8381823.4674881,5075735.9090203,5247757.20578837
44276.5772947494,19226.261677459,24324.6836463109,41478.846913547,20261.0640613038,11145.038259534,48198.679367015,19909.9689153196,37865.2902069266,59982.6232472146,133210.543767786,49330.3128652116,64309.2851189757,87161.5940047687,23904.7778578198,62774.029556824,37981.246690952,62711.7255419615,59965.7900702751,91755.717690928,41012.219640739,25633.5573009822,45941.1787373238,48759.1174958706,46458.3351968173,107690.941016315,92954.1152577517,79852.984914027,143084.683582508,78505.2155551357,53594.8539432177,80138.7202820428,38381.4128675036,42125.6047773111,39492.0521095626,28554.5446347978,71405.6215525663,23493.3975048828,22427.3850412433,41252.0918832504,33028.8441780157,48944.58701441,38791.3169351951,18282.0899852062,44128.2051531024,15715.4667213142,66172.4871585533,131850.301517116,22290.4790136291,38485.0475990601,35174.9639199353,45459.1684316543,29222.1366123034,12258.9455820676,30659.1225014005,46452.8376738724,44143.9866842109,21065.5165390831,24274.8934471336,82283.2754791355,33207.143179727,24293.3793585485,15262.0779175471,36523.3590641247,27202.6632741819,12422.8142887727,45807.2514883371,78713.6856764158,45191.6584583451,39628.1792530438,36917.9503611693,24003.4531316402,27407.0938873187,22797.5259269296,41944.1495916948,37723.1048738082,48875.8599583596,40461.2305006988,20369.3621151908,47484.7823099593,42083.2082922144,31394.9611696441,27742.6769819837,39602.965241822,60421.2983388101,48851.2792930488,29076.9130739621,27121.1924962007,41655.6490747622,30593.5062257782,24077.9091291593,20143.1097577231,60939.3697118696,14170.9963070704,56222.2670814055,31920.7515939074,87867.1028813323,52680.0706342527,5133.09460204843,39929.3050268417,23734.898798851,53110.4381066495,53704.0927732741,17576.6965102731,35945.7078370924,13259.0153735024,16239.4648240768,20079.6780681624,23117.7282161364,25384.2494722524,43816.4805799207,22495.3819131606,27960.2794204836,16180.074808175,24033.6879074435,51498.7767463814,39133.7867281112,22140.7135314655,30203.2143903852,27786.7045468346,43312.0134070018,48599.6545209561,26240.2569610966,17708.9300746402,53224.9388260509,68707.2323012433,111438.124054354,44450.6694996832,16450.9623272234,18071.930720495,25577.3040167938,39873.0657424766,41209.0354670137,17531.7591492506,23845.5110675925,16386.3937506727,14459.9024492835,9737.69748503688,21239.0143579749,21199.0352205624,16994.3048590973,17681.056447289,29157.6633392585,42432.8602600891,21780.3156723862,16415.8828354312,46815.6638383508,11882.6391330792,11279.275445008,16258.4394283995,14464.4355835932,29954.3880001503,20835.1089413403,21367.5132170847,30359.2230000255,34350.38059571
73013.0633108021,56332.8487940695,43734.527894983,36432.7221719495,23576.7157988569,41716.7477595631,132160.619839564,11336.5416771142,99908.6457777207,152808.088350434,76624.8875573524,80356.7418662147,111248.21675579,76856.8070125566,43967.1792071836,77478.7446488806,75855.0174884162,125544.614180051,114753.965887703,56856.4751685841,96951.7799213603,60525.1584414234,87182.2933437657,72875.392982082,82778.4907342914,120671.317701336,125131.277215101,90728.8909610047,232111.202952465,99549.0663340776,277906.60983072,81248.0695615072,56495.612350725,70979.0333901336,103476.808447255,26961.7640446535,131468.380239064,56655.8445864562,43135.6484697545,51465.9554283247,63421.6523607797,103959.048132161,92612.0666363588,51223.980871292,89723.7165840498,32814.3785977078,73509.0922890443,84925.4709711116,122436.271942291,82691.1591588736,78980.4828456447,66856.9816288993,72325.7573107638,18450.1337796763,60148.7571587911,89805.1945543604,103712.111460534,37931.4705964496,43360.5928747313,96742.8684621454,74297.4611779739,49504.7838972712,43758.805979526,90737.7224780637,48132.8559811701,61270.142243915,82534.1010788158,71774.7245937044,92992.3861166871,76141.323183559,66007.943762525,66068.2931348477,44844.8128043829,152795.761390396,86262.3402949531,96102.1325581212,39573.8087293876,77228.0308135091,67282.8942870641,91483.7063493568,82411.7887112836,11240.7514898742,55983.8731110034,91081.4884300709,54923.3652950908,46391.732871754,94020.5953415473,17031.4053555115,74075.7308853944,97674.8042906943,87448.2450408319,27185.3333632122,169604.480912555,37675.1497911277,87306.9562301902,76185.1201177684,48455.5097196574,38603.9768433863,19170.4805872085,87767.4047646522,108085.872210362,51881.2799750405,57838.3223030747,73054.4985281465,98046.0536722085,32115.3815908249,52402.904113468,7883.85978640681,72190.745525832,64556.3532833959,83004.1198768419,60538.7655606497,64067.469587218,38774.4555415325,84292.2998956172,136904.314220821,40400.2660150887,43428.2763858508,68367.068921191,57792.1642071137,90859.1252580474,70642.0016409095,43413.0207534055,26475.9598199325,87378.7115197227,42329.5639009678,69494.6540756395,90588.4970452031,43520.5798544687,32941.0168931905,27170.8952259346,75705.7664609331,81396.5044343085,97851.90422037,69160.25321443,74981.0217791739,46107.0460927108,35627.0155952288,50376.1552215579,61505.8770837861,89452.9840688941,70087.4176400395,38922.2288960939,72670.6994434346,43789.7832291864,32045.1878189686,84514.5625989423,24587.9848434534,28566.0633091555,71387.8067194343,83325.0806648679,64701.3845683949,46102.5392631302,47607.8927440602,80077.2561720022,89560.0800403802
14300561.1378928,7966522.29136043,7455867.32975653,7447268.56590002,5495697.45927827,6517625.71160993,17985530.0144659,6607616.05639658,19432243.305098,17511511.7268615,20171755.5021563,13705025.0621753,21796277.6296964,16961153.3785081,12286908.8194946,14146283.9830432,11977791.6440806,19039031.8119382,19852131.3883457,19598779.9826228,15786325.3360819,16000175.0808757,13734972.3744448,16453026.2071409,18022313.4539266,18304646.5450925,20099720.5609732,17958616.9554327,25146049.0268088,15916137.7587058,14998095.6361952,16528679.3188871,13360576.9560964,13356089.4358626,19447268.2944759,6872004.86679957,20817423.167659,12731186.2712799,14513287.8090897,17313908.8592082,9259553.93419373,15893425.1898657,18431513.8769822,2878624.28798664,12862628.9847248,7665505.34232561,12139039.5803138,15821273.3347111,11473762.6545298,12643756.4211182,14585756.7220734,13303068.6619344,12276859.3111213,4683527.52037018,9247853.06713701,13102123.7524542,12694473.3669403,10506814.9513555,7852688.81103137,16754572.7170278,7794077.89054726,7865811.45694344,4438675.7416173,13418693.4642609,20359422.1774407,8077191.32915107,12385596.4341448,15813826.0649496,13167961.6316519,9858181.19444754,16277761.5767645,17428938.4325652,12525557.825222,10462287.7420193,15357686.896415,17607792.4264038,9898515.87183169,12537428.9618252,12575758.0649306,14035056.688377,13970051.0291066,13131092.3811107,12139099.4225547,16910268.4438112,10500083.7854607,9159694.07897888,10668604.5184713,9249374.21536081,12320482.3232563,13402928.8136082,14518281.6680684,4150726.81024032,14905615.9393795,6381569.1389159,18131877.2776001,14308121.670721,11889258.3223785,12825557.6500215,1969984.21710116,11768286.4127533,16151919.7981934,11721135.4101109,15437736.0444761,11612728.3020031,15343330.8410877,13523677.0305048,8582097.09487109,10128611.6778046,10907031.2518962,15537639.4311838,11182301.2397172,15830727.0136905,13266777.8233622,9385955.99045132,17892531.019312,9151275.39182535,8485086.68211238,13720212.8995693,13595851.1558248,12612355.5747917,13291222.2916908,11295614.4175571,7701902.44219893,7787566.64049489,10560944.4357878,12063971.31931,21877042.3561835,13908440.093378,10840685.1721108,3899154.04450934,9675274.08951501,10946364.5650492,11376472.6647355,12047807.1521055,10755086.9685083,9823660.92235275,11158031.4027694,4672074.12732433,14998360.049814,11093202.2277617,15187101.6512302,14255600.1381199,11163668.410781,11496645.1149631,11117773.9176394,3361199.48143954,13563354.9949319,3476646.67251194,3138121.37098056,17950200.7786276,11207307.7468236,15281169.8197402,7256428.7819138,15563574.9439525,10266691.5251393,11361403.5627119
23073881.0359572,3866058.37487,5183425.91982102,12690792.8115851,2673783.0416442,4943819.51243353,37600519.0609654,10361294.7130126,34237166.1809282,26435210.1031381,47752400.7104039,22441543.9433368,24304429.1388181,46226692.9574264,13619459.8250293,15949201.2352261,14282732.5696194,41056940.1754462,32359765.7987722,23829465.7599569,28550731.1369948,14045596.5199168,23353055.2904955,19039529.6543651,20112544.4203058,27201293.2384187,27453636.7115557,20004116.3483908,36937751.9272146,17419565.8625858,28573009.8949622,18202223.2707112,35290359.8894592,23679843.8431705,13430874.8417317,8208694.74948624,41103480.5324703,14054209.6675205,13451774.1577147,25866319.8894667,9468629.46834712,19437972.0790156,30880199.6690272,2495526.75833182,23206492.6008689,6127318.84317361,36336806.1275683,35186879.5574386,22661065.2472445,20074369.8076915,37520681.3467202,14425478.726178,26355498.6713793,5365275.24303135,16930694.9061059,20278697.8840484,21142384.4413885,13878166.4566581,6725754.33438422,20774912.1318174,9612806.76745281,12230221.3938627,6850955.15595653,18773564.6119198,29951455.6027012,7438038.21904209,22477359.4239177,35716044.3579119,30041001.9346286,26606286.0808135,16301281.9497395,12253270.7100833,49805466.6196355,16652288.5907777,36092250.1369956,44636713.143346,9533356.12956159,22337222.3090175,13754756.1969584,29847085.1790315,16844547.4327888,15134472.9527805,13121159.7577722,17974110.8271843,74645082.6459081,10052773.8083741,10855188.4600867,9326376.60844725,21321564.2498541,24253173.2338636,18266498.4749798,2829965.93324733,19551383.267709,6240071.5476244,16580025.5215828,16162097.4503691,24315760.6665274,45533662.7284488,1040167.48029966,21843657.3438121,26171906.5569668,18804950.0950675,24485912.2402863,14198098.1076038,21984450.7811381,23123470.025386,9335127.81631207,8853074.36858187,21060138.6849808,22131716.0571437,20061653.1752429,16955600.0786173,11637299.7876425,12277860.4148827,15508088.6981889,12030291.2733825,8501102.14698579,21413760.0545782,19354742.7234637,15387342.8189711,33367282.3026803,21178613.4541311,7335900.15722071,7299941.60040421,20031903.0944278,21309100.5173925,38154739.5409345,20728377.5520346,15697218.7895966,2566109.07187267,15077965.5685192,18029035.562707,21298595.0280455,57792736.8975762,17100568.3024951,34456587.2525683,35326516.3849356,2733529.03786807,54028712.7960189,14181900.086129,18402152.79992,11777913.0231996,18772993.3262476,18528422.9562862,24736714.4527357,2078708.3946534,28521595.0277863,5555927.99499395,2277651.46263017,15472171.4048635,17552752.0089627,14122804.2831787,3394356.6478867,19520507.8567404,16848944.3731565,21832580.0209959
72939.6977067176,42993.9951905636,44307.343788291,51798.2078565777,39579.1160067303,34859.5636543216,97015.9983462027,58843.2737800811,100671.412831421,116122.946448657,60956.8077315944,58485.1354151598,66037.2441662579,71869.9603487401,44821.1540535161,76333.047220096,60880.3215954235,104984.194659979,110953.422809559,59008.8844712334,85774.7795727997,40614.6899437363,65648.2371892662,79909.4806074946,74732.1227645802,85075.0552301611,70262.4461480641,160522.860193846,131963.059561034,65929.8520744007,69435.7416177056,67067.668937991,93091.320466454,81696.1342296201,88085.0028215049,70425.0476869798,133919.259705063,44424.5873627059,63913.3541027841,67396.3653842995,62131.6638896598,91332.6796999762,119187.133731351,61863.1705120473,68569.974516256,67692.6178081539,80678.0632423548,335113.904360385,116733.165234781,61887.3413796553,78620.3417815848,65607.7247278472,181307.779811388,63148.3690181304,76972.4493190448,64979.5031864191,109011.339228926,47877.7608183223,68588.2712625767,179781.855607738,110979.468198859,52067.0214218379,87498.7144778598,107354.865783559,225414.118667089,57293.13470694,67641.3927664497,84605.0621506985,126027.084149412,82219.3774181389,51959.5480568382,60758.4882854485,90807.2493383778,54162.0035002248,115280.55594444,268521.232169536,47780.9281798446,58604.6745964757,85231.1724736197,115467.45561968,99250.7661857359,106581.820913483,42040.1075715487,74724.6607638213,127629.975340294,51385.5666507205,53933.4538310469,66388.0337962027,71745.7748155822,90330.386735414,57610.5548788682,62111.5172380676,118671.222402899,43116.0953095014,70407.649785066,50702.3620471984,67337.6021892508,134999.679525437,33726.547948702,62674.0566973386,85849.9358633437,56211.5232209354,61271.9437015146,35973.7101045197,66922.1679582987,108333.148961714,83942.4267388017,41184.806775861,61037.4775236644,74848.3447417801,69999.9228326766,116902.374479814,79476.247385997,41886.6302580141,88295.8672423852,40528.9391639611,42852.7655530958,42311.696648126,66230.3830021716,45816.9023564395,145177.529236486,74772.1068915252,52999.5570701877,57928.6305858412,101926.400551091,47294.0302916612,229195.36515216,74480.4849303532,65483.2688832056,99460.0012058149,67614.8980103926,214707.576022467,67129.2149765981,93699.4487609098,207610.731602625,85697.8628038886,69326.0714795309,27734.7500083103,88817.7772453493,96866.12789778,84769.1829567786,76399.5842001025,63152.3604190514,73525.0168156588,66597.5243521362,60358.8902217631,132990.304008963,39050.4993810761,43787.4235830295,148983.225884879,67909.4149862207,91001.9371299496,190305.654237553,92286.5116032173,89403.2054725997,62578.0947618101
55921.7695774904,19626.5301048961,455454.141834447,23126.958915452,22318.1923924856,16438.8917833362,35311.8786720676,47576.8937556474,58900.2835895827,85231.9760954646,30822.3199536357,64114.8320290617,16094.4583809904,28465.137144018,45707.8628983092,29069.2432715062,21817.6279435996,27712.9284734085,30608.1141655231,17321.1097334969,79768.2367766434,23100.7866295442,57018.1809602227,29627.3079030572,19114.1397483588,6955.31984756886,14366.1651520298,20771.9071117212,18934.1137619152,22439.8823239849,17438.5328803085,15576.295367186,81958.8683395895,68568.3393093602,25355.6444512443,35783.9412400731,30255.351930394,18538.0255634459,26569.3050897431,17487.0683605633,31803.4240271941,23730.7638673942,26295.3120207286,66830.8980888595,59980.3470430655,38206.9484875437,20407.4032522277,25714.2930288552,125582.252431486,20524.8923988307,96814.8971750236,22384.2712463479,312768.304685764,41674.4679962413,29711.2360520435,70054.8058374375,24060.3971148285,31670.1612920919,20540.3957404421,21285.9395070364,74139.6937318027,27687.1722929243,77037.6330150113,50352.7603024354,20010.1705689051,37777.0968305941,55779.8985534049,69557.8194427498,31883.5913587312,46608.7967501905,12909.884981103,29364.162137195,63704.6477685609,45211.4574922954,43924.7790352792,85814.9294490568,35639.6186379539,63376.8258082919,35751.3987656683,32303.0676724646,21573.6189735618,60267.7444651644,27743.2152654194,14091.1754739683,32717.3908514323,19700.3641282482,16276.484944373,33207.9984780633,68177.031290332,53470.6306567461,24023.8892577059,26058.6135609182,26969.5402436565,44609.2053802693,16322.4799735259,14856.3702229859,138816.852631755,35762.2036969158,33576.8850246121,56055.8745861574,74086.5367725141,27302.290361944,18893.8200995352,7878.52267338028,20275.3806849793,26735.4054043638,32796.8198995856,13548.3826664547,15685.4681414935,23416.6930057612,54468.173462848,29692.9638247714,21092.2299301327,28033.7574531358,25777.6712974723,17622.6796725572,29830.2152491513,15145.6735155027,17437.9827024681,165355.795670953,26528.6009311816,67909.9373971688,28712.5293151931,26705.0707579443,30483.1355790566,25740.528691758,14374.9947765017,15642.1148497558,53103.4184849323,32289.0004579861,37294.1246169437,51977.3526024799,58079.1602343987,33668.6409286331,32989.8544864668,20698.6056351799,46908.9162985501,28753.1780933408,188477.841024692,19397.0375866128,90932.1594497366,30615.2117175117,28765.6909259528,55776.6759947948,61551.0912480477,21598.4208476919,94416.4602374005,31873.0548597568,39859.5552343369,36261.3395231272,32894.2251613738,18334.2742892739,108760.794744884,49075.6940443706,43988.9604077636,51544.2143222801
558641.221246668,324189.781744671,304131.306680464,242372.073258366,341663.620469039,488454.927749404,850343.772743008,459146.918188982,985991.340447477,723352.930185361,557378.449156457,750875.904931005,988366.650474283,833184.491012717,794530.048967795,609790.553281255,1104286.55270447,780437.161053889,720861.712197156,575844.337079726,634061.701447465,499182.058682471,683790.649859248,385339.070649366,741957.729583603,394460.540436032,761829.907171739,799919.826686266,552395.628650812,447900.931834248,418279.130520331,461948.810272761,431462.50244563,754935.264943477,645823.230245724,371781.091691949,579227.770376069,692970.788586148,375082.272967136,515757.382280357,765504.114099605,431043.925150943,844467.77112541,139904.759175466,600673.668822933,652365.209373861,578870.094745224,634454.264476083,529396.628877201,698071.62994736,896331.460694822,490945.260834565,550304.282500499,404151.330942931,446726.724681155,565031.984149725,523675.553438963,1007996.28367665,735677.321102598,899063.838610817,500228.29713362,427085.788294968,408100.133039067,871431.505615667,632309.447337726,600064.727003864,628569.910898038,423054.212554457,391200.218510634,355402.934513538,609423.749491798,633994.147470959,890462.239153647,314125.552209036,831088.310962979,498186.447402479,344690.973807076,709864.672309013,410689.52554246,666669.74907473,748700.713544997,455285.665776894,241389.169894497,751347.828784879,496170.739953871,360131.041340311,659278.747801719,609772.024231613,547943.539817453,897806.764770456,861124.704479384,287570.58189989,475382.563338768,298870.409806528,1052365.37549509,672143.176551134,669230.613980039,506718.322576423,152530.498545113,706708.516359348,1120064.76746797,717518.66188669,917742.559248802,687253.469966582,674001.550534954,2088254.24489666,712416.061089107,770977.854680167,669276.958521399,963727.610238276,704881.872834654,861893.431932458,860202.090564192,1779598.65084765,927790.041729148,423193.939154983,584122.083593657,1044669.41034101,1000066.66135314,770674.718810752,837595.410244507,694641.563472738,486687.318373743,732359.491459551,689874.826683138,808154.023319068,846685.747473633,736502.980385865,944760.258093911,356721.933145656,1414681.55121273,972622.418542572,695647.376589174,528145.704610967,680889.68027441,870796.069943782,1076204.93535718,319960.803595971,1237622.90549777,502418.470847257,1023199.04905915,479498.592552133,592073.007648904,623573.260613327,750285.84487297,312542.9274,922449.20629722,142729.486143581,188505.518371149,694916.657554647,702728.564164018,961264.333985875,268434.984383593,778081.739502656,903287.648932601,726182.182823591
1424626.53161537,1026584.14069095,897718.173159516,1209888.13943354,981030.659781253,1205954.25876335,1884392.86696225,856616.918651991,2483295.36189971,1211570.8635474,1423112.59315774,1421439.66432937,1218626.91783519,1657649.90477168,1013249.90082297,1315732.41874244,2467593.46817416,1773956.4166827,1331429.29800706,1143441.25499128,1920303.00887681,1945559.2671819,1419678.50133304,2124247.62383188,2973075.92509386,1407183.43741453,1459849.94684016,1222048.41928487,1150237.72516792,1186212.81441919,1678631.10683481,868374.587104518,1196366.06061115,1386287.58746189,799883.967170688,836546.789217834,670940.144115937,458939.945297511,613778.392404094,688924.206209192,696671.153456256,750625.758530564,772974.103067643,408460.897352462,1370239.38802144,447637.6359997,768767.027954863,667242.906183994,497518.99810065,864792.706319995,1238115.74480636,506579.73787329,807751.988751204,672954.759821233,603663.357527855,1369625.35661567,719724.716621866,658072.209400386,596655.743269064,655835.166403082,465907.594425275,739238.645460261,474366.645441223,965609.423126951,811181.556038196,711767.55431164,1297612.96549028,694636.57076989,440841.754896553,407832.679588374,527347.536122782,711601.469467479,598550.476419445,843683.094226126,1399773.38917361,608958.836030964,400394.854411798,1355286.94208067,731220.168292835,658920.349051603,385537.293217707,764157.725850072,718598.516853514,705111.880422009,463799.496784917,575461.256696156,574221.586670043,887509.17298269,1316290.11928307,1055165.32344176,1198174.01733154,770602.845991904,1344598.86145568,952580.515264176,664908.361530281,813077.744643915,1378954.31125336,1352403.09209266,269401.96189889,1307422.67850663,702685.949450547,492797.65405749,679942.734557822,407287.939096944,473171.090165417,661776.005655556,468299.62915916,694157.518297211,712451.839062492,718002.669600633,1264033.58170346,612313.327639582,743035.475662569,839859.133186106,722394.623446395,635516.031852514,317798.141033149,362800.383165236,818118.899744231,518783.586538438,950378.213522576,1324991.09421368,640384.283408852,255177.510236524,747208.754472275,735331.765894368,594259.19345741,541033.072587995,1038880.79152996,352857.834841001,615563.358390553,1274241.74416775,1331699.64409491,1003447.53270324,664960.885307548,626126.892408188,1175311.40492424,366526.623721316,924829.014215386,941004.676747671,1013053.23722459,526554.277532127,996552.140226233,1295142.04550616,1200623.16620024,413222.534034539,1074688.70963104,904443.485398377,369593.440295052,670843.339514274,697831.142647143,508307.009225999,546360.233570629,710770.594521297,469952.928167571,1305811.05455134
3146417.81799148,1705897.54178544,1570562.95461925,1720178.60670495,1268902.10696812,1429737.21366973,3929390.6136595,1502986.44719639,4506292.37014418,3809085.25814439,4360364.09264031,3020096.45246518,4862388.09217259,3576487.27934017,2801782.45292486,3070898.82883867,2610146.21245608,4161903.52358625,4347098.06744641,4099909.52270031,3428174.86040186,3515635.22039691,3120761.29121991,3728988.22872008,3912794.76842875,4013261.81234752,4351165.99019591,3850328.64707255,5457841.90737482,3365472.79859491,3278737.56903586,3704128.58031862,2786870.38555589,2892079.96103915,4214025.89978959,1524604.30169242,4842106.1188802,2742430.60237476,3229027.50172357,3899736.61920631,1934512.59005637,3389516.12585321,3923211.69765044,700656.519242878,2814525.93754512,1662623.19932816,2743140.65636845,3383996.48114799,2567083.74572646,2686815.89872482,3199425.56994237,2870696.57062863,2674303.93367628,998894.01775485,2002313.21421302,2785667.1228992,2966441.07651136,2311978.52772978,1683122.6828911,3722993.9663738,1728457.18248944,1825102.06568737,1005372.72384958,2751751.40180775,4603830.50006822,1652698.46301684,2818244.74699832,3429449.06558118,2732052.53935999,2074572.29512384,3371600.01646413,3776544.85146861,2785135.56679693,2121916.74693558,3367856.21562001,3955069.64283533,2179515.30441525,2662067.26530799,2753842.1228023,3095677.37813978,3047921.22709036,2871293.73287359,2531541.23877523,3627334.15814406,2267129.99314325,2043559.02073263,2154754.05493964,1885948.1537797,2644413.45314773,2865464.46610411,3244559.27884881,900959.318504785,3211474.57481194,1281769.41802394,4055916.02007158,3254002.37349044,2616364.10142311,2861593.90332177,431188.267855612,2652860.73772992,3500393.38364471,2631184.05445016,3291956.21213699,2443604.80578421,3295083.06876674,2952267.01402392,1955605.80035897,2139498.01408936,2364468.74799635,3386583.80884763,2469726.07931376,3405515.89469671,2780859.44272679,2043864.14680984,3895683.13717635,1955401.86941054,2033652.51946376,3087428.03515294,2879762.78669733,2595018.98970683,2896818.00981841,2474500.09999921,1638619.05529614,1640341.47446283,2339949.53929861,2527515.33266104,4643774.39005921,2934420.78398464,2296896.21172106,814238.243366737,2121425.1016559,2467385.64372182,2365306.22061024,2520389.61619996,2266364.87123685,2172933.46562484,2397464.12772716,1017160.21157007,3127400.15242817,2476279.23871189,3309976.22993127,3167585.36449516,2358700.0328464,2202671.27010945,2446968.66122046,729599.046095574,3023476.19373024,738929.848111309,734577.012550733,3863279.27942342,2401192.32014812,3426507.91899717,1506825.32294873,3530898.65740115,2244538.77165363,2401170.20014239
237556.226213755,70905.8440747522,133314.901453213,68917.0563522571,269949.645834708,76154.8910851931,125586.028087259,86961.3908522461,98911.1779273294,61843.3401021462,115486.959114505,259605.099215832,67620.1470954215,105502.385272827,118367.340008166,72549.7018630243,82002.0603198629,94210.2390264597,64183.2364073334,69607.543428764,121207.9178622,91358.6139192854,334333.757982828,99609.1497837099,94198.4426398036,46998.6832039982,89740.339444309,60228.5952860053,72651.4476085905,73322.279053101,50636.8717600559,60705.9573499462,102772.703209913,314293.138971055,96714.1879679325,110255.143205448,71973.4200067587,73503.7110743617,71620.025282993,75149.9410918495,108627.268000605,72520.5346198945,106596.813476001,95521.4662883423,319873.433974279,111891.129929525,116999.975010764,90630.8971389058,119290.91553933,100206.077085597,114924.782528393,74217.181739105,114222.63766096,97844.2418399398,81018.2899425877,461027.546912533,75838.3624312456,107702.886922374,95209.6202963451,79252.3504084248,120440.949093789,92801.206134154,198703.792369041,157032.786174302,86214.5415445701,124244.716849992,606802.611261649,124625.555776888,67131.5865437242,94192.1009576827,88990.3516859375,88797.2381985688,153892.975312762,74495.5921853842,119997.00646686,160126.775197083,83026.4343354355,578162.683757946,126138.59756888,112152.33044533,81819.2081075417,152200.120775748,61600.6082405697,81116.9937689054,156373.8470144,79270.6168769184,109228.9912141,55904.9238809245,812675.044911458,92980.5961062126,93909.2743380688,90524.1884013851,96525.0773702321,106916.815633202,65191.0165355433,87056.4052487726,105422.522010105,142948.016974982,68633.0980027989,781887.470825306,113829.106459264,88609.3788879401,80450.1250081726,50392.5514562404,45086.0175353245,93172.9942733085,96837.8067618547,36979.3525027012,53148.5879604844,83094.1654799599,789470.629093995,79576.1324038854,68725.7216854812,59331.0029009395,80090.1974727477,61388.0593789727,62374.9601208694,63005.0945414632,84980.1172977309,55109.5041379312,65918.6777058042,855397.951838781,53463.8943033953,74029.593708083,82675.149438717,74432.8078048418,73703.2798739006,79885.1196708706,153682.644826412,85573.637214122,141429.306184317,140277.106662563,856918.392729966,128070.04421137,94948.6314927315,96405.7500940534,210960.998362959,132015.584276351,210916.094481755,88991.4196043381,98661.8783657558,101239.528259606,106155.941635265,821953.876815203,75672.24260236,143103.990882807,100183.196928558,57571.4124721542,142402.871311918,138242.810921293,93036.7297536524,63464.7444023127,208261.572615993,102352.476588258,88100.9151936577,811947.575248764
309260.181787229,110811.242915199,114475.397681194,176835.196579806,97367.3149744434,253065.512363751,427749.0709908,238111.500484861,421455.353868589,493151.302398771,408633.017060874,311141.905328724,412232.670876243,358361.341017778,383727.057402606,303917.71720913,287233.897033998,272757.329982246,295844.651583117,557832.291585683,319574.894267509,224230.674091082,327853.73233751,292266.625216531,315238.922631657,171646.47321956,471437.482599026,456983.858274078,616833.805637994,310623.253877804,422615.521230144,212021.776605446,367740.420073428,309990.320497468,484700.117072994,102603.528283012,739127.38670236,358326.596290356,227558.780935896,523841.361507042,291602.385205436,370673.127712925,445805.837165239,84181.7415865138,325044.640879111,138714.597673569,307500.98210911,567210.614768624,381719.586631194,246501.930357002,598346.841768439,406184.300756314,537495.432782704,177802.384458886,195526.204544989,316858.078730933,217708.277149605,163422.024271709,115467.062738402,377883.663767538,126486.784731261,178695.621101647,214766.702085548,315530.80255431,285921.246305869,129790.280269278,288607.297849505,261495.311626915,360008.269445061,371935.942637253,323102.54456795,248891.775162509,359290.66995654,153321.513467033,272031.700129173,290881.656127704,157680.281608032,294952.210666947,200916.059006937,283656.161725477,212365.598440138,1029482.80229806,204254.304599394,306100.66532209,470340.791190863,143916.520738662,190621.481840156,367682.149587534,306354.589982068,1938216.05137189,527580.443955474,67609.115063726,464193.96027343,133296.515999316,438595.006195856,245220.159155642,321432.964934616,464648.167864471,52977.0236920925,291169.340824868,550951.72336251,274766.492482462,263383.08825473,662754.9643658,356213.680018058,190480.671882202,164780.124998529,419702.595184808,323911.904195536,528697.876176934,300956.282071232,348355.579053646,166570.967778228,154245.862372991,415116.956907535,158745.914499437,182049.895591567,523234.292340626,409710.235462393,450706.057807362,432173.832597535,321296.559411725,282747.170596817,141549.340799176,1275058.54521989,250074.355857245,696349.216276498,316343.576389138,404679.856762733,294776.995915059,170043.830512256,292288.679898826,326785.40882344,204891.573825929,581339.256800917,328637.448151273,512081.163243312,123132.311806252,577295.796392151,254778.263686529,564443.760005166,358685.905319726,300807.361147125,327431.094402483,422883.798986187,83797.4960734138,588006.834894802,95248.5906048323,60312.5239895568,374966.624158313,190843.593873059,417675.519946289,294185.622131175,564294.120247732,1859649.46221565,333865.164553736
379389.776504396,153056.33936682,264882.417511642,192483.926301688,313131.85524489,177856.603954687,405777.376608576,181661.282036972,526400.440970615,325061.252952131,508840.411060422,364792.184851234,763248.836407633,467980.806232735,243212.49698666,333968.108732558,404062.76622582,407750.726718435,460368.5035106,455545.523954266,449426.25267094,338412.950291606,357149.73938952,265053.345929229,459503.849180554,299682.576844689,529464.704403047,316802.867107506,644790.983755607,554835.967824572,476533.293385437,252316.747852054,299061.532953321,341245.077618034,417050.691257666,205042.752259841,644377.099008999,237088.9762694,268891.573436168,511303.083744131,255328.951325777,515359.991884112,483204.410357726,107271.883282332,333898.067480224,148142.629410562,341607.315322205,503042.442404277,430330.826660628,208199.333570933,441535.048780804,367706.305238787,550144.120858795,130448.972976733,332933.361845146,358538.142080047,221167.274046057,186466.435078932,204321.801357704,337546.937860917,286152.925568012,200430.02112443,129423.539161331,297220.381829723,425200.605471642,159463.594668496,324085.586502857,502938.946511682,347282.431737152,221602.998425171,318450.99375156,307184.648559162,368738.84949001,259682.778034972,328080.2590086,768398.161082566,218536.840264346,291013.698332099,316978.757740921,357269.199487454,335301.775808686,466513.097709066,323803.142922832,333702.057031089,427182.482229743,228345.231945193,232516.384977271,210343.960412575,322530.969445154,344036.197001735,311054.689773247,102551.325269876,454566.863608196,126380.581973622,562040.744785771,349811.879841955,346067.788185825,422297.547998591,55816.1495031042,307909.811868673,378466.113818734,234012.74341744,350754.860268251,287201.473995018,273352.918402129,254667.936449338,239730.668119593,201536.16713192,365343.771622441,325953.68450814,306835.018434036,389800.669258673,288830.187841699,160438.78331543,426169.925384602,264200.770409914,161649.615115249,275624.192199523,280724.529870119,238088.566420048,302990.888104534,295070.983042381,114667.089323529,172844.320715957,210361.00788495,292972.155982871,903555.269166524,258870.003561867,195899.99202736,83780.81507681,300826.493916472,294641.315494509,318518.409695815,436978.716495276,287302.624127907,379619.67654688,376810.927692362,111882.848130156,538187.678533716,262083.688236668,526196.79547425,339347.423112083,308457.038041418,307625.450340399,240995.954779594,108488.70473697,428690.671947494,89174.0500313021,62406.3452618584,384813.282784815,379747.410312608,356961.155052017,153064.943252888,298373.074034305,213509.024663803,297857.607335231
122623.807511301,64173.2221548487,59172.1627283459,109170.769137342,99013.3394186248,41139.850677894,155015.127067618,95483.241952376,140515.141155735,53396.1224251954,124172.968286849,128805.786471648,123809.10323013,195693.047291489,111864.466261068,91101.7248065385,96722.4270789299,170037.616272777,94278.8066808045,60996.1801198497,100177.011774998,138532.614959459,109182.316266744,137047.37103027,142876.992202739,86135.3400354142,67309.5759434088,100723.795004298,91880.4663804907,90820.5626762666,53093.301493492,71277.0970377855,74302.8807467341,114353.176482529,170259.321018587,146802.055583818,112503.119706312,64900.02265904,98471.3692360768,90474.5575551058,148426.944006432,104778.16501269,132855.758653828,87641.5203785988,106446.075281304,116891.052414398,76172.263470025,123612.359698954,129126.560863721,111435.97525225,129363.395095849,93533.6729606125,212300.292831435,121486.298464924,95315.9311593492,124708.094976043,103893.614706275,103498.50697895,96247.8544152418,113121.497930191,97466.1172105408,121711.035915285,150842.93303178,202650.299926332,89529.0177146623,174903.081250402,112441.651270053,172543.999503791,87697.4323056287,86442.8974545736,60196.0316029251,138651.920268158,164158.636285915,73554.7321717829,163201.925836404,157793.024359225,80912.8889519944,97993.375828298,163279.458413787,137033.310728667,118214.817562397,186497.822065616,60263.8764499161,94086.0793244251,137914.210349792,80601.9696318897,68814.6757440897,50989.6387540601,113214.081064318,107348.654095605,141166.010896876,112110.49798054,155127.811104271,104883.450147111,97769.9375289461,97260.1311218185,124168.515659333,139429.404837819,60822.9333922692,103600.766510253,123389.897197453,136458.667545635,98842.4611619203,33808.3003545102,86492.733791614,67193.8279541504,101673.314900555,65132.661802295,78534.6416461797,73779.961432658,115426.573536894,71436.1244882971,69730.6015560914,66176.5389688546,145513.670362868,44741.0755238589,44431.9024277163,65500.9551644424,86082.4797726623,52786.4836011519,130646.427049613,114312.884021616,84153.938227122,56488.676863035,91017.1758572428,111399.589470888,129606.240903257,102995.236683474,229099.697627614,110477.062886456,135671.432379907,172132.163483017,117239.063379184,286182.763296139,163153.681077766,103050.785943397,148783.833811398,57478.6989551809,217425.748096903,81771.3080748304,113862.86029,119506.58645633,131820.204282606,93900.821995841,91041.5923516545,84616.7901627429,128114.286395765,44871.1772171985,104652.069143986,174908.476762876,94788.4276153013,85363.3447583003,235465.091647198,76030.140575684,74922.498526404,96029.4587735943
1859830.54489361,355842.833856204,356642.662969004,547012.598086427,320320.365281212,663000.364156861,5652986.11305962,2027542.40973396,3669311.63817388,2416580.46895795,1996675.63780521,1864556.55971721,6729673.33550938,1892639.89651106,815487.007044302,2395527.75598275,807146.243812102,1162914.20207037,2390094.41868459,4219123.80624292,2718660.46694167,795138.577563603,1875680.17525338,642821.209568479,1525551.02734258,1029222.78695351,4066969.63484543,2173976.73623924,8237455.16854252,772800.904979403,1806204.5832088,746893.996399264,2678730.5120604,1901866.45202567,1906666.87929596,286119.155390536,4956087.29172112,1338549.26240853,931370.114175254,3343811.15565986,1356724.12128267,929757.632482418,6553136.66766235,147764.064326798,1834088.42499915,810743.893193922,4845548.42576854,7961540.72832497,2560500.48807179,593422.257013627,3984018.79882173,2080205.14911976,988843.435942022,1687170.06787633,1271285.63435976,1921246.0429616,546374.662143769,654099.653792161,402080.621883167,2330689.56363969,504595.041017513,385352.141917671,997846.047735426,1856655.71503705,2750675.04341277,276725.190761607,1804040.73870706,1248089.96572973,1907286.08398844,1879661.76831263,1607373.44737563,852280.925249306,1776343.26147765,380104.909682957,893754.317806823,2974404.62312153,476423.467879976,1827022.34313954,583269.589871812,1090502.96780072,1644068.31967637,2651970.72695071,738215.52919035,1779186.75052926,4623145.97347854,318204.476171495,503099.643875304,3265340.15459424,1736244.88924651,7688611.26252134,1946860.74450356,146982.869762489,2610754.77429703,349582.980663765,5723901.43619517,1403516.75426137,397979.271026641,5884026.61308135,81581.3534426997,1738095.49100582,6250653.21520846,845789.732676932,479271.436239884,1635606.93134925,1097269.81101238,842371.408285157,279558.833875608,1947061.61387535,1356974.83677623,2200291.76598428,1710986.76409679,1029311.55508016,805381.619025911,661228.287798213,1534045.11217226,220535.03936183,426628.734767878,1618381.62760143,1956702.40158676,1392997.08886116,3497683.81083417,1738105.94957328,1064374.01236946,623189.712732914,6366464.70202657,359725.167938992,15127490.4613925,989259.252802681,593578.082903628,1511817.84238851,499280.412240273,584540.301160789,1665709.5127502,770103.084318462,2893602.68205052,752418.397681855,1680044.4196516,198843.681531181,3049939.35349698,834012.989533774,3793978.2149388,1641828.49782917,985341.98641746,1623827.82318635,2081350.48791243,173411.485586441,4203275.33316355,162071.472972967,99323.2297858086,2407817.84259884,620581.79032929,4244901.93268175,710973.20122616,3505614.11059064,6000753.06127146,1645970.45436816
9916227.61857606,6291871.48343898,3332007.92349872,7389419.04858984,3541017.82129258,7103346.15518891,10790478.4435644,9684324.18862829,13492539.1934515,12888406.6601693,10346619.0139607,9738152.90248155,18014688.4287418,10466759.7044444,6165495.38447344,12133797.9461197,14964306.8842985,10465194.2126677,11626151.0403143,19889498.4729409,10741598.8228736,6774361.9373323,9705415.47629828,6489452.12345609,16303706.1450805,2756280.82704873,24835664.6157354,23391560.6550337,32179689.9372712,12326297.3933478,24231323.6360462,6251468.23738926,10095016.6446324,9621407.65489815,14072014.9416794,2996196.94360441,27438461.5840602,8121632.06703933,5994397.66167716,13677481.4508309,8870659.37588084,13366486.7723143,17616207.4186552,2280802.70714604,9665745.94554558,3757145.93215119,11054162.969826,25520529.651343,8650541.6650213,9049511.33099303,15179975.4814081,12577255.9447688,19876465.4386441,5793236.08428532,5868820.38723103,9394330.63693757,9028262.29627347,12013753.0498411,4468801.90973859,9776640.7864112,5040266.3513999,6232245.13362404,3085597.09919074,11447321.4732233,9437341.4069126,3990852.41368239,8951902.42449536,13407586.418171,11509477.4745848,6051609.72543646,9288995.16742152,7146887.67800873,17095384.6640942,8134060.7700534,8824074.07962292,5611710.10989853,3572487.01227115,8910068.51598972,5176265.13321234,11406022.291222,5406296.49784312,27174512.1614777,6353975.30116026,15699441.9601281,5591614.84130768,5844628.33719537,4520493.68334938,12703515.6129196,8847648.54276306,14493169.5698515,21177708.9579993,1474323.66209573,15058697.1054538,2937017.01873636,19905522.4798833,3656447.29812772,8339558.04197701,10960813.7575357,1631366.30215916,8726681.57189872,11121626.4186266,9450216.02304021,11262233.4508296,33748835.4446449,7345605.33705929,18092157.731933,5657685.98794065,14525050.7410866,7934372.56433963,13494451.6306949,8800675.12817599,7477352.96292362,4750262.83632024,12388277.1486975,16698194.9100397,8091005.98113175,6495867.60188311,16051035.3544411,12311829.4189255,23225271.1617087,14683898.8765008,9286170.38305649,7799074.35026203,3923334.99076163,13115235.5922006,7910043.50661079,35477057.1206238,6418174.29172585,6474664.06250689,5398165.56035573,7401846.33207211,14033496.0711694,8881519.41019046,8257242.64949467,10909379.2021946,9557660.09606883,25089678.1501904,2711617.82436405,25550107.768555,6810568.80920897,14178029.9661298,8275372.07836244,19535659.2476598,8587800.35436389,8674371.27771995,1218012.10992485,12517880.4171024,3361720.73977744,1369620.18199746,12594252.0490723,9135442.41620128,18081696.0154799,4793722.954145,8699808.68406602,16953875.9261415,8706391.00884248
866414.568508495,491798.985415339,559918.96602608,586743.893154468,398876.008837515,432066.243644612,1005863.54308461,319583.682727579,865037.620169981,1053528.68626503,1740395.64926324,878147.544468413,1483616.01142323,1104524.22588024,1009377.58571008,860772.702444531,734539.034113729,627590.15053634,904067.611488524,1453947.20254563,768986.790509214,1117225.23258953,829235.6384341,1576868.18431122,1377867.57681964,1423841.35143621,1327714.6581818,1134816.81200684,1698013.0018488,1250531.746195,987998.050423231,1592944.49860417,362494.671161264,865647.727777679,1063768.79862009,600221.060096339,1118424.86601873,662689.492165319,702485.305715153,1235395.33068027,595439.791982606,670198.309961386,1350227.02388223,141632.102950314,869419.980469431,375185.397097064,1632814.9324079,1159155.79103874,355657.948091831,551339.977109924,866407.890439392,688906.174880046,230967.385788074,165978.289120481,288569.130057658,811475.617549021,496954.714816391,796483.471209944,864814.468430173,1122496.41629041,902574.044177605,608626.450583948,169384.47102067,762855.978390965,857606.080091019,1003182.92189285,719066.415841014,735767.555438983,681356.757382899,871343.563716864,1327442.14972783,906517.086250091,915803.42118336,985634.494052754,852652.454286647,492262.770810331,960769.271599489,788095.663832776,1226168.99867337,469121.589363253,618521.417827117,486165.964041229,735828.205954296,1585288.91077196,1956030.76702014,1061523.16288685,668316.545579086,373812.854224524,737220.003134464,718292.750065897,757384.632557402,353585.003020687,751345.590285269,540447.768613665,1654431.23833499,1882130.20876812,1121550.93959784,2790245.87371893,193033.056896053,717368.294630248,1117131.09624389,1764578.98148952,2006728.30405687,1063247.98456061,1706828.69580527,2656973.06596692,1305307.36870092,599367.446189214,986567.588456275,1593570.79881924,698276.317068003,1486399.6244566,1234884.89444391,1428097.82966898,1693776.25205387,1138485.95619548,1175253.16976031,1471178.2293292,1468766.97789676,775705.60637815,1479629.74596043,757933.373442882,797615.455723565,932770.762349585,1195052.39991153,1834827.20652942,2305021.85726925,1632303.8772817,976610.382106793,257748.829194904,1639118.85311407,1168665.21410384,734059.524077137,601440.663152267,927350.374235646,617845.269919516,947301.645946755,344118.429895084,947329.248536974,581504.041735847,1200565.21994742,1316816.45360385,845371.584729004,716133.063405702,871998.788237929,271228.492981644,876854.571242657,290037.579652555,431448.655825613,1245252.06423773,1389573.56617284,1564346.42931971,102927.409940586,1679579.35704155,1073705.81364327,747763.440549013
1257573.08596957,549969.716865561,594145.689233896,787711.132714071,410174.879589371,431987.79526445,1596819.57321369,778175.344219647,1704527.72858101,1425685.18376352,2179930.43979526,1307485.59573073,1699005.0535619,2161876.75123605,915688.319597021,1084726.48663197,1135736.7915769,1501841.77294302,1775566.11349016,1295010.45423966,1458145.99050778,1107702.46235386,1284463.10637822,1168087.19785175,1397974.20204654,1401710.03987043,1514097.88791528,1451685.88562011,2829537.87648781,1320962.06039293,1527305.33724288,1222284.61507397,1569677.07624672,1283627.75755174,1897831.71506142,710430.651925499,1736306.50499428,1505593.94819177,1264213.31803643,1583738.58696656,1032566.93201677,1308471.75655167,1649783.5378621,282179.19706437,1304579.77711922,689003.205560605,1712545.34552067,2286561.87361394,1351435.21297277,1085405.56845636,1521393.88904279,1115227.81734612,7430085.24917327,617956.858457088,1470664.05124845,1295898.73977987,1235149.07264252,860992.661724127,939293.820233271,1443487.63594152,1022329.24427183,1187339.3297157,651192.138049815,1504199.69702271,1468781.08308193,758452.340588902,1237142.06876682,3440475.08734438,1841122.94202554,1794328.38716276,1879289.22310829,2043025.03265306,2339863.70631534,2024140.47390214,2512879.78942392,16328437.2792411,1340761.76386867,1233481.21905327,1998527.01717935,1831992.11675092,3066223.84877856,2377502.31763625,1475494.24576629,2124350.4480363,4129522.73233141,1368470.08996946,1591868.44508236,1227131.49125279,1242760.25791764,2722670.02921215,2445820.94398985,547185.788577211,4244730.3238094,1294251.44854647,2122231.62322286,1987749.8410313,2709893.50632809,4100259.6238162,309294.004423249,1208924.00919014,1295776.03133872,1391551.18154694,1220675.88942437,830996.542050612,1022454.23427726,605599.976633907,669786.182451235,807065.909153184,1260579.94490544,1202520.73109224,1344150.82177349,1074512.31832805,964720.730778763,655042.576397121,1706624.92931196,785954.809650145,485324.74922548,1229648.15383235,1122686.2246325,901037.050255555,1959842.00425242,1304670.58824838,628195.252972423,541734.883630523,927155.564052364,1348133.89502317,1857615.28759568,1281838.23810713,872878.974646539,281442.958931787,1185236.63115757,1132237.40821537,1243484.48638953,2169899.35844755,2261098.62557566,1803515.90641891,1627806.05457159,601675.732044979,2539916.5313267,1536199.41744359,2608295.45610584,2360156.06649718,2024711.83666383,1284002.00481134,1537536.88381543,590269.829532012,3234731.10247478,569375.337785483,689263.39221343,3045188.45096674,2002229.09818129,2369158.6820257,2403583.86832272,2932706.16529073,1507364.70714674,1264723.11920853
618777.201562071,270073.261315836,319788.793811552,322410.375257199,158184.608681933,191486.24568126,711266.867337492,375293.42236059,865077.802073215,1324010.63067057,1021529.53706111,602232.070880217,877380.368066817,836650.406504346,460892.04620296,811781.778649086,802397.849375103,864790.693336526,711116.165656979,653997.651243039,723470.244633466,640081.39257097,632185.194791054,848988.568748368,718472.895420752,1110439.60959334,1163160.64770328,1227095.83541629,919413.928167941,808677.719805239,700623.874407206,779891.023435061,531181.028703626,654732.915796054,882625.272912037,266668.068595999,1088914.60515635,524635.46216906,544881.295921027,640914.481989364,497137.380825843,755163.285510011,676727.844807683,100452.834505871,564460.845712664,219546.600871679,323708.320038818,554005.440501155,841466.644500207,790541.548574764,867482.463711808,658199.12426962,516712.554772801,245543.053560556,487731.349934082,630570.00916643,1014713.00872709,367272.092642612,312750.800428683,1100017.52581923,402422.277689917,444007.193000817,217074.161722278,885836.512784737,409644.718724793,299440.235289856,530773.604648897,708945.550893742,674078.704410964,537002.702957973,648830.087221344,597537.561374186,579897.392387273,429387.668386128,734233.895959593,469764.736290024,488530.325166113,545767.752996888,538584.432559886,801448.020193262,678113.316458879,741684.419774559,726136.596158179,617404.910377779,285726.586181798,555219.63095969,485678.142910805,557442.850901427,555391.718549146,485958.527286976,652764.559288512,145052.865630313,753645.8596984,309457.786302915,540181.068833654,798163.997827321,645777.098430128,371723.411698988,74385.1793760115,520641.352854466,406730.755898959,451169.570925856,390284.879748618,408718.35195872,484313.247240039,208843.259175287,295782.062026395,449528.721378317,413679.896069477,419692.261690292,537173.20086628,639381.100405101,419163.488033962,217676.630103286,663522.647004968,442958.35627418,320768.01788163,393368.851236104,468927.915690214,384191.212687047,793314.747565061,578952.623613159,322112.150032093,176317.326961147,257752.39524671,556253.773232752,362309.946298294,627256.538665157,342182.435143939,183109.005595095,369454.441993405,687539.845566029,532074.767110211,857318.240295797,466247.627937297,447010.661193305,351961.154387416,133480.837000145,536065.461105876,476043.867710536,1109776.14048893,661540.749886138,453572.273094231,499177.824720843,482400.017521725,183753.856262964,929629.190914955,126450.220226619,143643.692471974,697585.346571266,637568.634814317,336603.7141133,381138.99513446,510280.567832373,281336.60938823,521827.157932807
763442.004145685,424640.495560929,397787.219878576,494597.901356991,217370.197012216,362495.157414185,1051983.37003611,527455.202407498,1204800.7879135,1026077.15224477,1132991.03326729,720632.553883921,844787.467194265,1031318.750365,478199.602706863,605889.207492391,680498.208177554,857612.48437522,1012570.46961768,1008663.94416935,862454.840350956,662536.059844132,809233.385181259,820238.584395859,859447.980787996,979656.592833366,895956.807893969,960063.846679323,1404032.08959132,862108.978650145,987406.425038079,816808.813820463,635096.427772056,769612.758087139,919096.808959885,347345.1231743,1391537.33289925,583974.996883468,637568.03777864,949451.038627038,571719.908914152,861868.028354075,1257969.56894689,186751.91968169,717185.610189132,371929.341571641,791696.850863748,1210793.42530119,847771.644775519,672014.133344918,1053033.35352856,636982.825495855,774653.59986617,435043.260887709,635387.914780542,710292.307542558,634114.447808047,508907.776724612,432204.921997642,1007450.22815423,731555.731471337,551567.850019638,370875.20946021,892982.754381717,797864.990063079,410077.399503593,705776.670041011,966459.060686447,741242.265119978,656113.440122963,824040.596769055,628125.254826768,724275.635168481,453203.183306571,646729.917189819,1110184.93834812,361718.450573813,728485.979928085,616387.525795136,717313.770041022,731325.8163891,760578.882378784,661313.359561109,858726.819890946,908854.005393117,396511.633684926,441627.263941745,609449.939006383,687906.64737331,932776.582762891,754179.86768944,225582.218235549,784482.134076371,359164.614084818,808474.332640584,848655.158520057,678275.924162684,936280.682132025,142859.827715367,730965.983161124,1003000.83849228,728350.062092305,729860.013745815,665149.379092288,894678.322484334,646627.802293218,418301.178650819,565572.809949942,878958.316829669,947362.022825378,699685.587401333,836529.355573175,576544.555177215,473116.373620376,862891.863502964,452905.538008069,330798.239569146,604384.879847589,737669.740004001,613001.686746435,982605.643301386,670603.076456897,409808.502406408,345530.869284808,765027.745766179,643125.710825413,1240137.85244532,923010.209199472,418895.05511755,324729.087739654,545853.912623652,620757.200475502,707271.926128206,1839791.73964525,852745.490651238,572414.186389019,753765.715426802,205516.858287509,1034238.58246989,579460.054503715,957837.479776145,847218.177230542,764093.223369143,668822.836327381,589259.409229308,227230.715219371,1131789.67399458,242609.709816499,188424.560838255,849947.39564121,724248.685217705,978354.602313633,475842.457371148,788383.871222567,713817.798774431,692146.264012153
67979.7807213374,23055.7789010822,23848.942367655,32768.7166398089,15561.4754568572,20440.6717702381,136911.42864495,44493.6558128863,113758.313307993,44161.1516334538,74733.0704379867,62652.4025556239,44755.7486713999,72388.7300723182,27348.0824149726,50907.245104332,136645.726637808,161582.63662868,72391.3874362628,62002.7867223466,71948.3028200811,58879.7566241185,63714.5764712684,43842.5972629257,78832.0052350754,33806.2703828558,65996.6929313288,79703.4828983591,93259.1450837308,62475.3360155805,51801.1081078884,33552.3427480448,48350.3021566912,62488.2118241986,40736.4910919104,31186.3211365399,46478.8736620403,18164.7498224226,28980.1016428274,41062.7120981281,43602.5770261351,66885.1755993579,76135.1194462975,16540.8460349129,58498.7244963441,17902.6538309652,59316.8352999285,67327.4302843023,38157.2352913918,24844.5514445947,91439.5460082177,35288.7650298743,121352.401234357,29058.8447154028,88244.0460235402,53494.7741936408,23189.9364552815,26267.9012771856,21219.3256022292,56410.3188646004,22719.5314760878,32085.477475097,30431.1494791722,33822.5041334104,41994.0327575222,31744.4981453048,51294.7485358931,124253.869366809,45806.717057457,55369.8901495367,38181.0086615461,73512.0865982798,89719.7845717331,43531.2831489667,154173.476476674,552132.932316113,47569.015286303,49727.1165761471,58139.5316304143,78811.3731596621,61358.2530341528,96085.3422548001,28476.1512615925,51238.8966067084,125991.436972513,39449.0066484066,50290.5312906946,41102.3550879104,50457.3867144048,75617.4902099131,77717.3114407385,49078.193997572,107222.713307311,54631.0547164009,36886.3964669272,56134.7758131389,78487.7810490288,73474.1343186705,14465.1946447134,45756.7222504903,58674.7488393631,19253.9856719316,37483.641440978,18200.590674813,18855.7087227297,24303.3184395311,18011.5061315735,31142.0535986628,23565.8349627397,30586.6989041919,47902.9369630395,23259.7027620161,38240.0516966912,19303.6073575805,30372.2921507999,16235.0371629863,13929.4236176888,15748.2477537493,27892.3148993049,17276.9402536589,39819.2180708514,53737.3020407125,16555.9560047903,10842.5598440615,26799.3831438017,34450.9775293319,61435.5631428568,22262.9248459164,52811.2583366374,20741.3471575187,27504.7598912161,44748.7681318203,45964.7822245394,94002.9128692404,76436.7416742054,135144.16286004,61569.6689052811,27205.5780173945,102164.748178355,49766.7380026841,61339.433676092,72293.2618386811,53633.4473576455,40175.0431334803,79212.259541003,39910.4187244607,68965.4523768247,18504.3689855196,70626.5508198035,69665.2198309517,37938.9675717347,39071.8529139999,325745.489180195,56410.5319819039,34762.3466996889,44816.1204278316
1942953.85040607,872462.037719491,1024133.95851681,1374878.14269223,589458.772161646,763952.999847002,2772933.37948594,1286788.75856004,2584959.74292776,2650511.18917431,2973200.67272505,2140299.37792564,2547843.16885755,2514138.28080665,1265397.14132141,2011217.76624834,2539925.58104242,2610758.50135704,2757435.99917959,2543795.6499888,2233514.07924614,1760122.56855318,1845906.48870299,2090134.41467993,2193467.50871998,2258277.72537337,2756272.47650048,2390058.39537385,3633391.61849016,1966209.94879751,2699803.02539557,1988904.14545325,1581087.22321735,1817926.19732927,2238254.9430407,1034555.76590703,2842649.85639868,1294881.12404374,1265224.72737536,2439858.46881619,1785414.4957455,1792875.94637448,2339710.48083085,454323.304982843,1765481.31087416,825869.368186683,1790932.31061817,1920352.54901065,22093299.529232,1776533.60382896,2317638.44420169,1576277.63277848,1598897.16809247,817756.958466407,1304738.2163053,1728514.67426456,1920393.67776658,1417295.52947141,1160071.25312117,2326091.80867515,1059995.0758435,1412728.3450123,645688.330911059,1996171.9554632,1675603.06538893,1219622.23301112,1829801.52612686,2431363.6591731,1594265.86082994,1569986.16673428,2200379.59491237,1521128.5902437,1756808.63560628,1399645.97148632,1960385.58293527,1512820.43741889,1074092.24688025,1609733.06382496,1178418.50343278,2071813.13676457,1605466.27572006,1607318.1862589,1982555.72541945,2087247.47136979,1974223.80002005,1068389.62294863,1303777.32101374,1285493.21479218,1789078.60027554,1661043.7690574,1951831.40831636,506724.755417134,2425861.77745881,1086633.99566706,1947686.88984307,2576574.66027922,1548976.32031445,2031096.35929963,193001.145264384,1741790.87920625,2035526.5337297,1332393.88762702,1427398.06000224,1492157.53298977,1618566.4471185,1291289.60552039,869545.135749898,1326567.21225721,1469922.05653745,1839960.5181485,1587568.42990858,2572606.40863829,1413931.78879881,1258303.13795911,1991176.02847473,1367762.30103847,812660.585099025,1447468.85722921,1707943.82940556,1549504.48579124,1991410.8940048,1600377.1657609,1246283.10431885,632189.159246956,1493096.86380799,1423011.29703227,1990257.84859353,1789361.12874062,1349283.62821575,425196.488394142,1396303.83012601,1505742.73411482,1686057.8649497,9350763.06917358,1284566.29117399,1642217.96201903,2182108.14855284,460259.954518147,2105365.1512913,1183959.13857665,21489267.1358692,2057288.37238347,1729213.88231464,1486491.61642419,1640822.8129012,386452.001790013,16989844.8975613,478963.851599179,351155.668834687,1717476.6360415,9455595.21580601,1360866.57018475,654718.106632739,1510953.51788674,1558349.84807299,1481511.59205789
244798966.973034,113984252.957985,66896550.6701278,183017132.944573,78778692.6057181,142779629.011747,364612680.535416,144677836.789647,321908488.661097,316547989.753347,275463628.180471,235897424.522364,365656534.994138,255639408.079619,122247445.657396,304903433.702697,181775154.959707,270016286.634262,305260042.193349,289331229.413915,285419026.729975,171312914.023783,243429628.435252,152667748.167416,196418515.857376,299729606.811295,375970902.570748,271198767.156602,481249080.881249,266552301.155491,312338306.807304,197765448.010728,156870971.473209,241466326.746693,347853653.424608,100275979.484047,392692062.053513,207003065.829845,145148439.042343,248574840.065099,60112043.3140608,236708787.666902,329454485.074278,37576727.0372475,236193144.876129,102067533.071069,310656210.141439,392241593.070125,222008459.453173,135564903.922167,281769966.219141,270953505.21823,110668216.074989,97937535.127552,174799966.239717,222456794.301641,133934727.156072,154121107.091049,81155728.6240837,274409834.820334,87980902.9821756,140345612.505636,115858620.318338,242153792.978554,243594623.763473,31113324.8150031,219337330.72414,273684669.174673,248813313.25728,139416909.262515,231254890.181009,106023508.521428,184770754.368975,67861382.0801405,173781829.041924,176588545.875958,116883373.371379,212978497.471552,131482661.53231,105687934.197158,225741539.391927,136691594.141032,109522511.359384,116721415.169796,303290221.718011,74915779.2482228,93996429.7884176,195678549.435689,224314665.800685,271474638.905468,253124136.484024,67905615.1157717,291640984.649673,56945680.7786892,316829528.624674,248014358.524673,37538318.504481,357802053.962943,37560241.7133479,210777891.862395,224612300.04328,134217106.910982,59155673.4354658,212763255.041102,244074187.321803,96237594.3219015,85348243.6403703,111830677.614251,290212880.046384,328708737.822146,219005947.798378,139757255.43373,160663487.970812,95223779.0258453,312379713.464439,65309708.6381965,74312234.9924541,235428454.852397,288680886.137087,212459381.404802,335837631.795391,210006387.95769,89090474.9484616,81444619.4247494,228990830.72362,27193361.7312311,416250082.880944,212202198.306712,65861854.6643017,116187299.652875,46323768.0029368,100428709.851161,212041520.085112,128728827.712622,281924641.719029,183158895.088855,171971884.571822,52522883.1725394,243712443.294005,134326845.650647,255561965.025702,258019995.014646,276707839.267295,201558217.657156,186782872.411702,44361223.9782476,262645230.230318,34213285.0893492,22525234.3292874,353915276.313432,124759248.854302,250553244.448838,65423821.6223584,188873120.963561,216889254.308655,215939545.170118
49568.0483355508,25830.4720888275,64293.4676583107,33544.5756124824,20734.828207261,28074.9198784264,84037.2485970262,35163.5763892076,47032.6093790087,84044.4540278239,73566.8160168126,56152.3035452867,45476.4645725583,74362.5676836526,39506.3357933233,43161.9672163329,59451.631161366,86322.2488522704,86086.5651584151,60075.2657998192,37081.5184985606,42516.8913466326,57472.7408800994,42080.816774072,80968.1251116756,113534.629567994,54592.8654272474,50326.3238850422,560720.615365557,209791.328573276,90474.7202241681,77345.7636841184,38077.7294922539,52088.826261841,36274.811683055,36869.7638162765,165257.775750549,76399.4073421989,126444.899704717,61618.795984481,40599.2491405249,129036.835691902,81858.8721878213,18843.2173808185,58956.8685504424,27753.1173524353,49964.7502715383,163369.734446354,71631.6824414228,67269.4893669225,44554.9415458878,40049.848573908,49291.6596579778,37120.1914593881,45612.271598551,55598.9024187598,62746.6613263614,55834.545254504,45017.8140395282,69693.5561154256,26352.5140821807,32585.9965968687,26440.4331727386,40370.9141678583,142213.8403466,22568.0759497596,44402.5125300022,41587.3095742311,49709.8486959453,45053.4645148013,29521.6108562872,47824.6767232518,36445.6513897508,27453.1869136594,70043.5492665547,74291.3669256117,28002.6054207074,49192.042498174,30002.3262815456,46274.2355107489,47326.5614252235,64626.0775913902,42752.1124066815,47372.7166329754,49500.9639745284,26525.5739303214,38283.4825003464,31392.9055655453,41729.0351819326,45981.3508291211,48086.2535604382,44852.8735610821,61880.0182119767,21635.2351171184,39718.6716735435,40691.8205196562,68452.6440169785,58317.6583674251,60041.93089547,50894.3105663552,202966.309371965,164907.945509348,248988.445522616,310822.503902571,491516.155140962,101923.858709201,53494.771988415,95924.7911965387,423561.668378049,600727.894630678,53615.1701671282,60673.8756572327,42571.1470100009,40237.3717119325,45565.1868137475,45349.385588471,26105.2330790779,52715.2537530038,101303.426321553,44721.3663208367,364294.099648185,57382.6535393273,36373.5199200884,30152.3825308051,57326.284016657,29199.8309878265,78395.136967151,76055.6009807383,33680.6472778632,79657.1856921749,37639.5279113682,42195.8423207157,49569.1986098544,41885.6854607462,76616.1802159043,53285.0994487176,39854.1084362388,98771.7487152332,63520.1147533913,58892.3154732746,136803.519807653,120289.037487905,73187.9573366576,46015.9418374408,45223.1341228071,28943.1893326382,56809.2239548536,64630.3463923522,64685.2056371476,101974.181285412,48134.4531087066,173013.286990685,198472.161185552,222701.524534388,101535.225990847,40195.2321969702
4210156.8329156,1370328.89865696,2188269.31953536,2804847.86598411,2110673.41740868,6607381.0260883,6988602.75047731,5877209.36281076,8861643.51271367,4624542.52943964,4624219.88206052,4541047.56896774,4680767.00511519,5092023.18121848,1020596.81422231,2898110.44884351,4675002.27707036,5157265.83370609,6446613.42050948,3924194.89278507,3819257.00584341,3893775.54617419,4618020.31334312,2974236.75994985,5020044.46269188,3891446.20466382,3962649.51671445,4189161.29610356,8792258.10475381,3358988.1227725,5620057.08569633,3432657.98222497,5205142.86752705,4337369.37153363,3117669.15761134,2624775.04915516,4739198.48575248,1608029.98277895,3948275.34423176,2060450.53318343,3757262.79248411,3587780.73009868,6043911.23801506,1182186.63889941,4396922.46493285,3088287.81988157,4044578.68291662,3528627.04507517,3600747.9828259,3526842.5437991,5529667.69640707,2251577.34300467,5682569.85653834,4510674.98146181,4685803.9294729,4726515.01426558,3369374.25047068,1250512.09650315,1986898.10595476,3771986.49261397,1239578.99400368,3647321.12108934,4357848.72651714,3490905.46824795,6690931.54977259,1573170.72093805,4454474.57065295,4203231.04807422,2862314.44349178,2643533.68999787,1181676.24142297,2354546.10190299,1477282.83794066,1757436.12508647,4226780.9292255,8319275.86887675,1358617.76173326,4324414.81871588,2645387.1542275,3650472.10976902,2893931.65897104,4912225.43273659,1275181.64203746,1981972.18528326,2690520.58309959,1176145.97354994,2810627.15560066,4838455.14667764,4395180.48506363,2913207.60516977,3712207.44052883,1432950.98472025,4034799.89919049,1462658.58156053,3417284.60504769,1701050.21838617,4464118.75523523,2750355.44082719,874762.124565367,4369093.05033938,3828090.08188157,1684356.75556351,3531707.08561196,1642965.76873133,1428206.41919131,991808.276534691,1789838.44895069,4803163.37390306,3892353.06815659,1789553.55903394,4481096.14764429,1629277.49297818,5035362.83268176,1227219.87103212,3537824.21848578,1862211.36694157,980586.743674479,799529.128751475,1980035.63300998,2056383.81434194,4713464.00376506,4614808.8250458,1955728.93723317,2067211.5461315,2702171.34474322,3305319.47030625,7552666.01041045,2586925.27978281,1105083.49179253,3319421.03945997,2546116.92584319,2285718.69155623,4573505.74984997,2504614.05743907,3800841.29958127,5170941.23652676,996387.465704747,968396.202540815,1354839.06979167,4464169.32097847,3393502.11753202,1188372.20297408,2713454.21576822,4514246.31174001,3737897.68173322,985895.07923402,4066985.42527381,1530744.64797567,665284.262036455,3830467.30162518,2540550.61214501,1485055.20770526,3282234.4518471,3162285.33097934,1620966.09679543,4575957.32556669
89102800.9078262,32361870.0141029,71242800.38784,53398459.3182678,53136620.4104046,157558584.897325,74545787.4774192,152863275.186366,196571518.763815,89280626.0683486,76129212.5505425,87099635.6606213,87718874.5708356,83611541.0935494,25058933.6326383,39272171.9464293,59878480.4948648,88906054.921345,71849980.2431771,111525042.592744,161910868.725737,44637909.8274398,85652602.4487541,40891526.7236828,44004943.3608773,56580554.3716435,43615336.2919602,85287987.7028956,115556452.50331,58110468.1856211,81126906.1405318,38532923.2047101,108858169.773786,83903092.2136743,56323839.3268445,36206595.1112576,88462210.2016467,43667592.3074172,76281274.5792754,41516936.8408935,49237949.3073637,50872013.6196447,61733002.5832277,17763300.2739883,81477925.0550265,57277710.6842006,27039326.5057217,56726616.0046194,66980525.8309738,32713795.0815794,87811858.9675768,22829098.3940854,45965375.4505764,76568847.475013,99514930.6144642,80303033.5562347,35108410.7811362,18739493.0954079,28400140.4723975,59773942.8326426,19407848.9168771,36898625.0202098,76885008.6423524,45266128.9207634,83739564.5017418,15749380.2607623,75048644.1005545,109657644.509037,63072659.4259742,51208325.2623043,25356327.344814,48411323.9530151,33095933.4848302,45081484.9577117,72538644.9873389,77277029.7230696,23940100.3166432,73882719.0276217,47570472.0688263,54501090.8046477,52679093.4095648,106031095.730347,30394274.7188593,31098790.2343335,17674074.1978195,20533169.6464462,53372489.7207576,109683235.701498,72678310.1483148,54995688.5416646,70487579.8648627,20025724.0524506,68319274.9320817,27807180.6168684,60950671.8939249,31715702.3222081,72864676.3217975,6669604.4451396,13554700.2232936,71213704.0428308,20269636.6840773,15744367.0022429,20251435.1764506,15687537.0840973,11747701.3266065,4691960.56177934,12866053.8120707,71779501.1955092,27683941.2386279,21111010.9362486,71464954.1915387,21504228.0609239,74301599.0945042,14924521.6044539,46655377.8640339,32860864.019387,10298235.6810309,12812069.7454208,25856925.7441309,24709188.4971535,49791271.0236065,72612524.8504054,17376988.4865714,32596818.8302307,39567395.7409701,36493875.6403186,109554651.928014,28812872.4014627,20103491.8181828,41544209.9452488,28882395.9297827,23802658.344035,69398654.4951732,25236947.3424151,52917500.3774673,50127521.154395,10503960.5625429,12125979.4880392,14375977.6039386,66584332.8063386,39000211.9294676,11403695.9658492,31394760.7096778,68328385.2522446,37536176.5768475,14508672.2306202,48360974.1978344,15098677.1169824,4581479.57933145,27553798.1902033,17500576.6258906,12981132.6296105,15547554.423441,31325088.011156,11818973.0599997,67031378.2958398
55368.896436931,28034.3762011776,34260.1836957041,38125.1377955909,33531.7735465845,38176.5347904603,84474.3122445644,42854.3465210267,81472.3857393883,78913.3346639029,84120.2884931038,59533.5577834301,81355.4810939541,62314.4658620874,51881.3650765945,59475.7792401825,75878.9130715898,74397.4597094498,78856.5219438249,74867.4611004579,67468.1640175786,74021.8594102835,53302.2864798546,59485.660237916,87240.1278519782,76199.5305319885,72401.9223774874,61652.5767531015,62050.8158027199,80925.6553876419,66461.2348485041,66936.6590175853,38938.1044538692,44145.6855812961,68654.3206432807,38585.9387882407,106979.903560438,60414.1155051886,62032.571820522,85372.840294049,63623.3678488028,85632.8085986306,102088.868985929,18315.8808861724,71691.1418178481,31658.1028180432,74358.5398173952,74208.1345827943,54897.8792801556,94822.1575776551,81339.9329701311,69809.4605128955,73401.7201952255,44376.2508309461,84190.4458045423,52469.6888083493,74861.5494588553,68405.288112106,39791.9916179158,75141.5170185669,55614.6378330793,70509.6342403873,37177.977202708,59268.627627762,73774.1306742489,49896.6802386142,63946.664504035,69950.8002436745,75287.2639663538,45910.0848671405,64210.3710255956,89308.8640617797,78967.1104711169,65532.3922519381,80672.4372352299,92160.0070331516,47844.4678796523,48535.2388533783,81585.7231979839,82822.0294509924,66767.4661681954,68369.2322583272,64393.4093621847,79971.3020816919,37711.6194908511,51511.1437865526,59431.0762035173,47834.7689852686,59438.6638073901,76392.4212098553,66802.7415450797,29814.5200563701,56618.6037287374,36202.8540357922,63539.4923540494,53429.1864997357,70307.0487580264,66325.8398403875,15968.7957649598,50257.4278330537,78128.7489158398,49976.8065153908,64606.2443501294,47278.8707142082,64290.4280647755,54589.5825733126,66189.5023812196,68234.4445530447,69571.8528936338,63774.6007515283,58252.9066281978,76525.5938036667,76584.1899658535,61106.318260244,58284.226309677,51790.6903827928,50435.1559596184,50127.3579681414,66146.567454937,49663.9751323252,58046.2706641224,58549.1260100104,52744.9655001945,32732.2774089549,97542.1687475962,67674.824946479,87755.3954433451,62877.3979715493,60628.3075487522,25624.1133280289,66572.5515364366,71082.310391404,59621.9555798864,71977.8000020451,57108.2056200708,77525.3285224009,82262.2038154934,27784.7251814936,76564.6883912265,66557.1528899289,72048.7597483875,64548.0403030852,56829.744058423,47511.5544861364,67385.0109898656,21043.1815189082,84449.7428579602,32871.4994819762,24615.3730765525,65189.9530509389,59823.6389302838,45947.3320801703,33851.2320751135,61731.6275687455,63059.920455767,64448.2109392324
1139564.61761759,439070.245888578,912641.03870287,262262.678016558,330252.221224226,505009.89104837,732854.026023653,1159959.24060393,717283.774779671,8523370.79144518,1100251.96674174,1079703.75232486,380304.124635641,732312.668478057,633745.316289259,347115.301402111,522193.498825424,509704.103901299,729120.923916731,229128.022385043,618670.411540459,308427.925965165,1134622.60582903,662147.618185058,299949.51720639,275845.851315927,398446.797189599,346317.00345637,207274.481831922,415044.559450265,278606.479674278,406410.013850791,2132060.28359119,1096622.19502106,282264.301953598,420094.46762373,1235777.57990905,184789.075006118,269449.602744734,212606.944998345,287992.162110761,355420.275277647,1181173.76866497,802262.441836181,1136048.60675042,291556.372548062,288540.720408169,176490.372227661,3665080.40458325,386499.689385604,878055.328974403,255786.588250508,1445778.04270963,923587.060655204,403593.873940889,1163786.38891324,393256.784428872,274220.301394337,257771.598296784,192712.726469836,645734.815530814,384011.463556983,579047.551569481,1043779.62203671,364833.481186222,398606.956171909,1030889.39878787,1144705.21192923,814510.797389554,293604.732530026,180231.031873964,352159.641465913,2743239.73117375,592054.129493782,685685.166405981,3749975.32507307,382904.66037089,1096835.00785706,798551.105657084,1149532.13778453,270285.700059592,643662.310908982,319169.142025406,292906.0515657,546405.134573088,220571.566489837,461794.265651455,766995.543898171,1021275.04968072,2211298.14896346,268068.808855588,336545.467599112,292555.411278054,357883.697901844,279666.981997092,167425.726572801,488426.311995926,443428.141944501,236042.562134527,1012204.77871309,2995791.57939957,218502.84250233,292798.636379814,142979.510243592,325650.950007182,332512.092167215,444932.304696878,439092.522800057,249279.110406877,396523.923825479,1051501.81159891,373187.613930087,298235.931951945,343818.576480648,278402.284658396,451253.536557992,349293.819189652,212284.37865493,408483.513263702,161053.896121508,526371.229603514,1084831.31910343,146357.520996972,633884.509893732,1340811.06266226,328404.208700386,313941.569312698,779476.21899831,275239.318612608,472305.247827706,395511.468594545,721316.919260056,1073792.80459511,1035962.95044805,702539.58758887,430340.129521702,1029629.96052588,670881.902887094,1654441.13038555,312819.619532204,905483.097522305,251762.907655892,169140.108671876,1088654.6438374,545089.049206149,256264.147891105,1013652.33129325,452651.316745402,306777.171898844,381710.742015556,320866.108613738,174716.639698064,2350926.85953442,2001198.0287246,1080480.04003996,1023625.65145684
206718.172631536,120414.17653436,117268.872175808,202469.05199989,63929.1441253993,59296.9333935886,255507.297001536,94097.3282035529,285689.936375334,288925.94279407,313773.746679011,195298.757886881,306119.105201602,261773.517269444,120814.821656361,193482.256435827,79941.9756595989,333234.15793395,297456.570739504,251703.84797859,222354.139166162,244901.579355543,211676.263825097,251457.915071677,329923.284519225,325492.384614941,267952.3542761,220088.786394649,395762.998143758,292696.098474304,241120.595938221,338516.803694665,183298.641900819,209983.643233772,274745.242748606,188293.626155556,416927.584358661,177084.281129775,245687.333179837,276796.10213773,155766.146940329,346120.646573894,354953.306886493,58487.7526306626,204490.607514254,148851.255727913,58800.486305692,367727.068668022,252531.878694293,263500.39213326,143249.339563957,223998.022917043,181143.394231386,74539.6609323091,156171.1096583,199950.439902463,256278.709243248,202931.455139496,143830.033710612,263695.296390511,154562.712670356,169100.818522969,87282.9753949724,257086.041391862,303078.953944654,104286.561526529,200390.242352601,393949.025475587,223300.672667704,108478.67929068,253204.363367134,300365.349797513,170995.911288418,165325.919446816,280887.229354145,179148.221791858,136974.784394881,189394.552245995,194831.919809104,278768.939875824,264555.596513621,205764.824768361,191512.233039911,219119.694597543,35553.4669602577,138505.869396518,182496.678105303,145241.921635136,201358.209356531,262731.884775121,240157.637843013,94329.372216561,277284.524473552,89690.182990122,301356.0838232,236888.065901645,218909.654124794,17849.9162472805,27416.6416091625,189960.840204715,237764.397769824,188770.300281394,253967.889809597,192463.754207895,288762.408766811,171264.362291739,132823.203233879,140375.881922006,265646.158934823,284470.10586772,182501.794142325,243930.946164804,202418.57459683,134538.679084277,276768.329816315,162691.956306586,108357.627255284,154787.246669381,218262.034017977,172523.496264376,307112.034182295,173506.144902466,89151.6438644195,103016.920701189,188885.23658972,222393.275559225,356259.085419549,270881.351284397,81916.5804772324,74740.9220553255,143274.118854028,144662.296956221,192861.28228605,229842.442154635,228698.329076395,71722.9980559532,184258.474686272,61507.378798156,168843.498363302,208464.693121541,311857.175611688,243308.309203129,253979.904653268,194510.799427733,75373.0474002719,44062.6717282677,301748.066341616,99071.6453744482,58804.0710140675,326636.303587709,69114.8675525861,300212.739249924,68438.474651718,212658.361957525,193642.345618793,200132.222197275
563021.606743268,300889.106862938,292512.304751628,331995.180080393,179314.128618862,309535.668664055,744504.818750517,359529.825086695,765789.022543316,738469.984543928,856925.088701193,531002.267856946,689708.075305015,750896.01375878,347172.520955379,421859.9566968,475783.520346148,591032.216139283,730383.12082317,763101.810570729,591623.517759967,518308.00644463,574419.41290193,583761.274520454,652134.142482612,752303.535672953,664017.830295172,690850.799486502,1063380.526528,717152.067045516,709670.524709794,579063.3030632,433692.994334415,543339.777905035,687139.997654085,285206.751980966,800705.358727951,396534.169678781,436832.040557595,792497.477106159,420202.047602271,641172.853714461,724896.100037357,118217.018642393,534332.201922069,252933.987249673,531093.876274495,843342.243246454,573589.273075067,524775.389072287,597935.258531682,505731.994327012,565737.692579637,285270.774789914,437730.410318835,510283.472458817,541704.429969184,350400.520480288,355320.221339865,669414.591957506,464321.564025254,427032.51190899,273525.737448081,638055.28677957,626100.475521914,298757.502509261,541444.06334248,640512.645928323,517000.611188928,472404.902112873,629495.717006991,479821.098450026,603354.714691692,345457.289211261,553734.965327148,999070.831953835,307419.851406163,560403.072306077,559679.568598631,562426.131631672,511386.072728252,574949.003293901,458322.193545648,698934.097227782,760641.163665869,312719.392408964,379161.214241727,494946.075110888,543023.659843901,687320.270986541,495152.828318893,178958.427766033,621288.381016742,274557.049846523,581021.823119823,663956.460503118,498532.47160566,880166.764050448,106382.634057038,561888.952500168,661977.581066846,501566.90033873,510309.86902436,518770.045184607,703382.90274777,490836.815301644,330733.944746841,431093.594492188,666056.988623571,596235.641743474,560366.464312313,641067.450044751,472238.581133419,353614.296110271,585998.189954578,347871.044762802,270646.980468188,491548.059678489,512364.083549408,477046.633717044,695580.524376331,492692.047570174,304025.53365468,245584.388062515,528285.410798802,500556.064948672,878072.498529567,714254.210448032,305353.71328031,196942.949297447,378864.117064478,476913.97794537,481790.231091156,606363.164109589,597523.986235185,454443.856427257,508227.913930582,136580.411048225,602705.305734838,414520.802007954,771919.61817644,580417.422667505,592788.713908919,491162.096069553,440459.114651219,153794.639509395,747942.825073615,179655.624183052,133425.157601298,686976.986554109,546616.264892675,668054.950025052,252445.25833351,519051.907774122,518560.956701022,518095.311734403
45482728.4613165,23188390.9427715,21015281.315278,28885465.1230171,15675761.8176492,22634751.4890449,71396133.719782,25825692.4022437,68510117.2358721,56201984.6090909,65575621.9406082,47055570.672211,67325378.9031146,54830763.5030509,35947598.9264696,46103799.729253,42128740.4982863,56059343.8109732,64765172.7644282,57581805.2772982,55054452.9478243,55113699.1397294,46850307.5232346,50030856.7292323,68473181.0198096,66285465.1483662,61099548.4521767,57882364.2035759,75593610.0393253,51021715.4530749,53625832.779364,55528073.9186335,38884167.9556468,46061584.7718865,58817383.6620568,25475621.0717257,66851185.0448468,38619673.6577675,43664380.6792316,53594270.8105021,35699863.8519728,50228636.1823355,73029024.2829161,9339114.95530986,45476762.6656742,24375652.8816861,49456650.1260898,60433647.7686173,39138829.157807,43772083.8852775,52822761.3893541,42471111.4467148,36179884.4582414,21528859.5384273,31404666.4081916,45202793.400447,46083240.7757861,36918867.7131365,27345210.2459791,58327800.6184239,27853534.4485776,32736253.453834,18026191.6438521,47049787.9154895,57311592.619335,26470890.2789219,44326949.2495112,52814898.7942089,44062581.4732012,41275899.2243058,48558851.2726384,52555665.8324137,40347719.2164657,32385341.337815,48639749.1880018,45090203.1623007,27555066.9950227,45154734.7658011,37081318.9580158,47457907.8464758,47538912.9931984,40504063.3063286,35742031.8269217,55363345.611429,42321335.6746223,26680505.8029383,32767856.3274188,34393922.3715549,43802187.0225893,46637374.7126173,44826713.5432877,14352356.7199575,45951181.834139,20128662.5111422,60228349.087325,48217057.1095584,42038420.5948509,50534255.3530143,6585553.56314993,43824605.0801256,61976817.7194732,41387579.963443,52049688.6218452,40262318.8237998,56263061.6875805,49483072.0158133,28603653.8018957,41448827.6860053,51788835.3867377,54605868.4236998,43713323.0954575,50812437.6607425,49574832.8765774,34705644.1861476,60193159.3285264,30684666.6417981,26425055.3841218,50145572.3736204,49768594.1071349,43169288.481839,53078665.0221669,42960821.7326895,30325545.0618506,24710090.302506,42065456.8424607,42226670.6253536,77531259.9264729,55306432.0931686,31288958.8147333,13365872.4952352,33554019.7803749,41387352.8342995,42223596.8883299,40250868.9345778,42894763.6950549,38653091.8314292,36153792.576345,15525773.2607124,47348004.128129,41815892.7166577,52247476.5050734,47995397.7412392,44382038.4094348,42123351.754182,37352454.7103378,12205350.586629,46627910.338097,14210618.4459012,11687805.4870811,56340109.4423048,36874940.5221516,58638841.2432947,21296473.4965006,51979563.0548377,38737167.324677,41803907.5054762
1172046.79765621,1129776.67810179,898011.317323775,757885.418767287,779421.548339513,923459.503661231,1676166.32891184,1273378.13508738,1376768.47894799,1271146.67581748,1800838.00416523,1194279.16197799,1905078.42620059,1676417.86395627,1255486.70935958,1025331.53738845,3197793.32863286,1296876.5761199,1377457.98526604,1350680.07143797,1302841.82194581,1011770.87461173,1231769.49478584,779620.946546811,1243473.0213061,889537.801618414,1127468.53843788,1149179.5061025,1139149.58344073,640741.50927211,688343.433427462,768689.702923574,1128304.3415008,1246625.68223585,1649994.49543754,419321.440027834,1093540.49471695,749336.71203552,678588.810337443,1059035.72219763,1111976.91705432,589760.186118591,1204519.15156615,132594.609152748,1301288.76204863,676518.568502791,3839398.67829009,2006107.69633633,885329.314358677,522097.960841254,1312212.18858635,612223.61252343,1599986.4396998,505182.694907562,1241291.98888155,1282726.18495233,614351.628629607,540165.007156743,759883.535475305,870886.446785602,785258.877556295,1023460.02557802,437510.145222129,829247.876467346,984899.911963944,713153.288306879,1271651.01054917,4031725.7488282,2528757.68316599,3042923.7235912,3771481.63646982,5298780.43295042,5430602.40424878,934631.003415254,4572832.20246236,3394390.82423224,2203729.36078457,1237481.82462077,4199440.99227708,4506726.14063818,3475462.33897239,5003171.56804335,3123459.73117364,3716137.11395566,4585773.40843558,2585718.17745743,3100780.09957025,2888998.08719192,1242591.33718144,6449842.69437713,4936761.64310943,1180589.09579743,1198378.06525403,3681227.85351173,3597941.78282412,5683778.6343499,4226461.83470702,6314177.45958706,843868.213087716,1272294.12639259,883803.580287901,913623.637458737,1018884.15593833,2265665.15225147,24285858.6368534,516083.725575489,741205.226763,690790.870444019,1755072.22555514,1065959.19011512,1264139.21592768,1296653.31481524,793213.930628882,802241.12180766,1414353.63436707,271808.757203602,368074.057217206,925241.92863085,1148219.04428699,1519088.91746291,920703.995279753,1396152.44904638,628490.580004409,596627.781025785,1020392.21632882,1052498.46986432,2119561.12510816,48538998.6751549,1637371.98362427,533067.628156837,837065.243571361,907629.813554558,1329832.27620979,4709461.35520496,3103689.14983494,3737939.66524786,4744773.02539231,1418725.66926997,4842138.30239056,3126024.64800255,4183138.32472797,5289573.07095674,2804436.31736202,1357122.14105547,2848460.8155814,1888460.75258978,4398515.59295096,787252.650251948,1266711.32737485,3520071.55430224,3760190.41260465,2669688.00473308,2289429.84708441,2845579.6665531,3522832.93282598,1336565.21873255
30293762.3657181,8528754.89716849,12662603.8791453,18572044.3554987,5027690.03110942,9557298.12349092,34776729.3292011,9618269.9392091,38421854.9638774,47470893.045547,49084442.7380995,27538748.056683,42167583.4078547,37862333.8686659,18505686.675498,29219063.6067007,14432395.192755,25633815.697545,44976695.0269142,46131839.2677013,34012711.3748653,17609207.0233572,28347507.111865,31018782.6403038,24212630.593257,43753048.7921164,43462036.1759272,34676493.9917006,62121540.8583301,24536356.8592972,39118355.3410237,32670050.0193068,21478480.193472,28018507.9419645,35257278.2508833,6765945.80524345,39374101.5032757,26720240.5379173,18764518.3312876,40629004.8037689,8228142.36829482,18217801.1705198,37165855.2065909,2051868.96991613,27366006.7317002,6312776.42949909,33800009.0610818,44399085.8933024,23377102.5786848,20972041.0441635,25823575.9217728,24280785.9095774,6944826.73550372,2453939.64050182,12400264.7020485,27084278.8410126,21259960.7744901,13864692.7859744,10267979.7447511,33644861.2634884,12939398.5488081,12837745.1530149,5804220.72882473,27931245.955282,32087444.3131839,5783568.10116496,25858815.1137901,26524284.6146294,19440538.3138761,20163190.867606,34361802.0944937,12168876.2367176,17372162.2678547,12998771.1197978,12532488.4355361,20239416.6363638,10431839.7904266,25818637.5174539,8412276.28781856,18846062.7033013,24821428.6125353,6061427.4911145,18711951.8324314,27657808.1212663,33433340.7120147,8326812.71381261,8981795.16895308,12384647.2065217,24971792.3288392,22258908.0226276,15746565.1160087,153709.394744968,25907111.1076055,6188669.56105441,34409981.5152604,24004149.8732347,15835938.9172555,34089689.2493545,1116944.03199891,24257235.2926436,36628669.8933611,27577238.0346429,31926987.1485392,27828013.9879375,42242757.9494032,29709130.1024272,9049624.96580003,11655098.3665204,37290672.2657467,40210880.6622742,22600393.6831843,34341741.3573494,19930926.1164229,13497082.3710769,35907889.7820006,18995690.0264238,13042645.6163762,31210007.5514598,32278080.5729594,23967729.1906069,39835174.4534311,23651883.9506782,11740921.3280482,10417806.3488257,21249196.8038195,22003793.9342654,57477247.0259092,32190250.5328496,9982385.19746449,203361.779905388,12076409.6270467,10933926.2466087,22834601.9512258,15900585.8961723,22066760.4782981,15628951.1499642,20460462.7007765,4014986.25961737,29427253.0368641,19938126.0201421,33669454.1716437,32613607.7472369,23613700.500141,22226942.8744777,18695837.6660153,1707578.06995623,34289270.496633,4487819.54018014,2202407.13239504,26883579.8925595,17639002.9136415,46729224.4418964,21324.9610984395,34156416.8427651,22259356.8005902,22130215.1824727
325186.145620472,21107.645760705,88728.7291827555,308839.454238263,33483.0938350539,219609.826878812,703931.833387325,93408.6121680876,384509.977427976,389236.511877538,1416657.49299164,351758.373604364,151609.570769657,780290.842903009,154142.575138057,185243.138887349,310292.984206413,531234.588040237,79572.7829203735,489388.326868439,299022.510074836,306728.229627464,369697.219801573,91222.7837922536,462030.143582998,174152.920544395,362687.14386162,200198.445390567,426420.445775686,366273.462866613,270473.30583949,199420.356246089,237298.25661335,312565.589893759,235371.092600779,73154.7804058277,562304.996291077,132460.540481446,122777.363516961,370760.006699469,393367.533619519,391304.77022322,464938.814254631,85888.4524810603,338558.338264345,64230.6211578857,165552.446767835,211909.576453176,190661.850301779,236639.549580667,251768.868286521,129409.25503124,171435.193163479,87241.3123683754,313557.606431919,340617.88928526,278493.720366297,91365.8266657963,77159.6179078935,151901.081418628,41354.2961323994,145601.26697358,72553.1269578404,150784.406709749,237446.670764852,92642.5252870554,309072.58249422,574743.324039321,199476.019163226,147330.813113184,226602.275624813,160618.542689483,141786.573679136,164659.576621487,302163.046509935,375244.10412429,114755.610448653,335030.118800787,185287.078193541,250030.399623093,41177.7563146024,143775.819718301,166205.869970067,225702.608583711,232924.000278401,109093.007969796,202290.676937606,146843.307152147,344605.039857761,103570.936250042,263246.404719033,92267.8991601382,209774.230909852,85714.1052276701,104053.800369949,225106.372077231,522036.760283218,151729.765407814,23864.1908580528,325287.272698985,345184.891287111,386514.417440762,626649.207201068,226429.45778403,157287.92247523,113825.538105365,129313.333032272,130383.621031266,274666.476884226,372348.660056738,317546.072606423,293480.663778521,217844.166768331,140516.833317703,191064.201808231,172397.980501926,90635.5560921797,136770.947632284,243574.559393265,169515.34861488,240682.649696698,290651.081633522,95446.4183415998,35071.9784157074,82709.8966634888,529848.394365474,182701.169656153,106550.589304152,64529.2374260923,60697.7859731235,107031.665142763,128608.452480919,330129.075829603,242750.904120569,381337.087712802,215718.590777728,178607.495317693,68318.3085785887,240755.992225007,200542.104650936,192467.683829839,169046.749637955,341850.942461481,317111.361487587,152965.798233965,36263.7925335986,165216.048801796,109941.861076366,37840.9978064179,222858.28100471,160801.504854549,86714.0142052357,313258.932537494,223777.999909766,65804.8132477511,295181.184798007
25218952.2539611,14009890.7615389,11743841.0650484,17610581.146125,7614015.7132169,7955712.59945712,35270925.1314359,10145545.6258421,36018420.5476836,37873604.6215466,50096304.761537,24556843.8250178,50671434.7058032,45839222.0438558,13047358.5466578,18590519.4177487,18609567.9308596,37189775.9987839,15181899.9238233,38141220.6905116,33150383.2585308,26710718.7035225,25410251.6200744,21190338.9008953,37034327.416219,49342867.3496476,28835521.4020809,22530557.581273,49491852.5763172,38947595.2613213,31909298.9976385,37258732.9706911,21004913.0902657,25709042.7054226,49999108.0230819,14599812.6245812,75946892.4068154,32835124.3642457,32720929.7104292,52819115.4788919,30300470.3921851,66135823.7961323,77312692.6583495,6743568.01896004,26402118.0000967,22185610.6823373,1806757.93279952,76473877.4283097,52949425.7803637,40688615.6754926,43744038.5092768,32250368.7649235,12550962.0452592,13810051.0413542,17405756.5119079,24360523.3130967,39993900.5678696,36498670.8490064,24524037.4708431,38040781.9637354,22089655.6641036,16481683.6420438,17513703.9413308,44887365.1773804,34514889.4834058,25117315.6242218,25098231.6848917,42936488.506415,41354829.306744,9073021.33451964,38212194.469901,30678780.5240498,36128260.1682398,13990446.8527548,38557887.7264668,7388116.12561341,12329631.843057,23906001.9215762,22508330.4354832,37570566.8897073,21446833.9469129,19303706.6330278,24751581.155258,51810654.8059209,1543408.40114389,13834259.534628,26889756.4003561,19153974.4249314,24486146.5331328,33250256.1252782,25739607.586174,8015044.29824356,28667076.0237461,13327085.6134356,39631540.8507353,36482704.1706084,31010191.4102005,910276.716947346,3770871.24232057,24604752.9323672,43448049.7749755,26523458.6662684,36674732.4214805,22432388.5272015,47533362.261422,32672082.5839474,15026978.6564718,14605952.3252497,33784513.4360008,43449165.4354106,22573945.2114291,37036849.8544832,26302502.1017876,26591959.7726475,34908321.2301984,15012337.6462165,10011427.5865044,24748625.6408944,30147421.657104,16517184.7181866,49402513.0428359,24361126.5900918,11613624.8855834,9010415.11426188,21618119.9651666,28600711.6952186,47162007.7835471,37362080.820099,15093574.8176353,11489821.3391386,21341876.4858317,14751244.4556234,24354103.5508484,35554241.7944881,52410776.0129579,9645175.20297282,36805984.1019351,5172589.09936935,40143144.534247,27659973.8415952,47328049.1441535,34524812.2439772,29238965.7801979,24721430.7079907,23701633.2815583,6301888.44520807,56626651.6066115,7540223.00924833,5138742.43572113,50288326.8321667,4083145.70938241,40737390.4866759,4444606.94357067,27442143.6620986,22395374.5247509,24531717.7827897
1370642.201171,464920.095234775,363055.3766242,1249658.11621599,816682.454047057,5796387.12753584,1470739.25944029,923586.540119008,2101863.94125017,913917.250546676,1222816.25977517,1432171.37415035,1700848.28011875,1064838.43325203,774440.070421348,1309470.23823783,1711758.4652698,940411.959470507,1269223.2822703,1950186.56507492,2899879.74769354,510618.935595778,1477060.38221271,577823.482899862,4346199.60171859,355339.917514918,5088898.19886507,1727885.69145454,1825692.60183115,903834.903449405,1369137.03777361,711163.61908976,1821920.88103301,1455985.6327909,1842113.30193691,327376.087728633,4628017.0262789,1178981.85897463,578747.530673291,1450726.385025,458119.739817122,1069175.85803683,4762239.87030654,225552.716471222,1558275.47390394,376284.900555169,552060.617101166,5898586.96068069,1662222.78490802,676926.911676415,1878782.51240692,2317614.10531782,851362.528512366,2134624.99516833,560532.30301762,1718228.74573593,857146.300444255,1419241.31616645,417514.196636449,903445.695556361,538242.202131723,385128.369094136,457511.042182062,1032823.27251818,863710.811668327,189740.194342696,1764513.10767054,1197182.15022901,1187305.93951888,584226.087040206,1017531.53042258,600362.667578233,2525456.4314707,344814.650246623,580595.192751079,1230185.80977003,810476.827856022,1747723.66735123,694477.765789605,660694.829337808,781221.632818012,2190961.9376801,764776.637774283,1539065.03230549,487518.160847246,381335.718319711,660880.480372278,1507640.14049632,1990040.33935,1891506.74743096,2163564.75150528,337520.215885067,857958.74626302,858759.658581308,1905889.99302762,443876.041445851,464145.472359528,525795.375502883,1015554.57273873,2061879.23280896,837072.814148621,725086.746924835,635449.652022669,1320827.65986438,568942.42905225,713800.561407289,396288.815390529,534455.396145596,707645.965821236,1993394.28559086,1964893.88406642,362367.349781796,624173.986219662,603284.944120861,2822703.65544811,477769.176648459,1065380.95636117,822832.978202231,1007740.56683265,1094161.01994719,975646.00861931,2101467.66281764,1148209.94712876,345388.18380424,832367.674646359,336089.180656649,1988089.63208227,498856.832271371,407699.317694134,653110.012100544,916712.978893317,470021.833942243,2159002.53302085,592426.339771046,2021749.1000773,679154.636823887,1945420.12223904,586917.041955717,2450249.77828129,938585.562651881,1922523.67320425,1098470.52742176,1381334.81830908,2052932.21661819,1901071.89365401,268144.421104715,1516029.22371584,1466243.45881209,305196.986632895,1162793.03923823,400162.229281184,3193397.53381606,783588.189065054,2012489.66929896,1696002.31383729,2113783.82307492
7221513.19297379,2944801.70401956,2296996.37533092,3806057.91354743,2556950.94413198,2182467.52276863,9221442.07732304,3384048.67621525,10417732.6275322,8953319.86188866,12509168.8707585,7120288.05148252,13132892.9939735,9498693.18261326,7724224.22426699,5557201.17560172,3741667.55762668,9549168.00768354,12428272.7525839,9332979.09151183,9453444.84615319,6328314.75662564,7073591.54915083,8720581.19184392,8085645.10433598,11600501.1915151,7837817.73411718,6692531.18893569,7629813.14106799,6875523.08907447,4591789.16308924,8974345.06150533,4157415.91577131,7194427.6383807,8090169.92718429,3279637.70543198,7544699.03754242,6994444.54960197,5136891.35874175,8014709.86370957,3089365.58157156,5104139.32671907,10297117.3120956,712641.077908291,7262862.58176427,3663471.26655678,9101736.71889814,9260869.82909866,5202148.43100364,5733280.28320913,5355863.5149138,4339703.20760981,5012855.97771149,2151445.95564338,2303754.61973501,7140817.72308078,5852195.98391937,4120606.49008323,3516531.1018485,6372902.95574018,3543693.36069186,5291936.25333549,2541247.1845413,7238299.59091082,8001925.37057341,3539557.90589465,6693083.59314674,7194344.68083053,4502633.52841734,5816582.41354976,6932662.26201639,5702523.02042131,6185481.7492041,3147035.46515597,10026849.9465169,8245088.60949969,2912141.76528849,6917613.56454091,3619438.18682629,6370962.97490653,8230944.86674317,4551610.84703231,4411219.29205829,8705966.11073503,10363419.6314571,2460812.38602843,4524035.10034744,4154820.10932161,6814600.9667964,8573735.69132002,6319646.5509548,1738835.00627846,4336989.28653699,2165100.88255075,9629769.07920383,8302873.72480197,5399024.80220215,11908179.2930496,474766.867137112,6674073.37131119,8493493.83494066,7423344.12999337,7123865.49680839,6155401.38989573,10518029.8899856,6632428.47957061,3417962.55299751,6261277.30471694,9257594.85341984,13960917.1636403,6746407.11323014,7786473.27420984,6170371.46520142,4513994.83227873,9183420.48819973,3101373.77089072,3110303.35982331,10891638.2546007,13797674.5699704,7339088.53769082,9029471.84826459,7033932.4961923,3296505.70176129,4235782.85094867,9164062.56424585,6731624.64123254,15140297.9825516,9823046.12041713,6849907.53056258,1726154.33019343,5204352.17404594,6003091.4422977,6832130.52046423,4386125.52052574,4438018.45420784,6012606.53856594,5764458.25874502,2094461.18700279,9842711.7392691,4668768.03155735,8974553.64165169,7316429.359365,6929980.69910392,6799828.85492524,3348465.38629141,1207748.04637166,7402267.98412703,1844572.2004846,1484091.38656622,6776574.79990962,5887411.00858852,9210543.16014285,1862756.20645116,7222792.61517783,9159616.08779849,6801880.63139036
417669563.335991,217234469.487979,231564368.265376,259206165.534758,133214773.924242,225340706.113644,584343361.179555,309507712.089378,552511126.70427,562994491.968829,626295342.927811,410022948.79542,489677422.071293,557726406.114854,281634604.533512,377730028.012408,409048150.090678,523584323.313968,507588479.603561,603116670.546406,485452177.761784,418775493.941523,417763146.340215,456417169.239681,505951428.725441,555793400.042848,522459580.916864,526693183.159747,716015228.62401,512000926.180292,538125505.332491,478260952.840649,365812747.02556,416542683.2441,507588274.422787,228137818.096871,676646408.784273,335002721.313745,360988935.428296,568675526.593432,304650403.948363,510172196.098376,607409332.234355,103050193.943966,420850163.285231,211688291.155654,486371948.930709,637651801.353154,452816424.614089,414061899.111525,503061760.848822,368239125.444615,387964242.278646,230714930.643385,371172481.957454,396920660.825898,414936615.214877,295043281.480942,272637700.173147,505542960.552093,317726257.523751,309145699.141693,186356650.04927,450065625.680373,492473474.521102,229016397.881903,402893056.439982,488090119.206309,424300153.120379,334545383.877792,473819164.108787,393722676.673263,428137701.659494,262544885.748481,427729495.68863,523446830.426946,230298724.271604,399801952.211529,353312093.05549,443085967.525771,385847294.853382,401805209.313848,378820981.453966,485637530.618291,473513066.442422,233696632.054298,275841365.58645,350346278.428424,403847319.396216,469081895.050568,402280509.967179,127705684.250241,458226594.008495,220573414.752081,431913773.530185,485969026.666359,390164965.875241,530860088.133792,72173775.5321535,387511585.646681,516961940.530359,406356943.832093,443651221.205723,384673984.875142,522671039.213345,371246012.722984,250588715.559615,338017009.389598,506858792.724914,460216275.080798,390873496.380955,491570166.489755,352226234.627983,264119692.687076,466055377.578716,263848662.672534,183299797.447079,376211361.034034,420448971.574651,359653076.337563,525600068.438536,373097206.239787,220143104.283284,181756863.986347,393370588.770473,383517372.363086,607639613.273076,517712744.023013,244824412.246909,165404736.742002,339551873.891896,341168547.815645,374593936.88563,466287258.76949,440362646.514539,375090113.483873,399063655.219577,117133803.923324,483832444.543834,325536534.776546,552206367.448118,443926306.715419,403603803.526874,375034384.653524,323295682.576663,111387510.807666,540292426.821186,132799041.236724,99790402.2190396,430962894.010211,407644051.045465,512695530.842502,209216008.001815,424308474.877256,366305733.19948,372873845.31256
1062810.74053756,700197.605669789,859894.900815027,909713.430261129,314065.451411909,434421.495733437,1248639.27083744,608351.073559824,1194824.60608488,1430651.07618942,3059796.32841517,1146449.88173366,1647513.56750649,2360147.6368207,689323.160172648,959312.773742335,1130458.87443854,1477978.10293729,1543779.34857376,2575896.64563002,913641.718277958,961958.738574659,1198130.31042492,1770813.29758915,1392608.64071252,2667072.06202244,1553401.34820106,805336.235318696,2677251.80553974,2591974.02761293,2376482.01750567,1798877.32666045,753877.976714851,1161967.67958963,2611693.13362762,1015043.97429097,2917847.63566175,953928.172273573,1236764.87108178,2872426.49135155,1054762.7762033,2022128.18437107,1471099.38885301,314719.524084141,1142514.41607171,390794.737741553,1672798.89587084,2019659.79537042,876662.776453907,1257221.53976773,1473857.15241263,701727.618313471,999364.376504532,429206.318524654,1009457.54288035,1102254.57857523,1217850.17572797,510373.656426273,940030.973236373,746470.681483363,1229747.72633912,1080896.90562616,308225.943606707,983683.832212625,1346415.91499874,640261.98660745,1146199.62377703,1789467.25311599,1853491.51095196,964826.018089871,1074813.52137103,1156695.92097748,692823.933834782,1373550.68891105,1680450.40818684,1601038.90866492,597188.278428365,1086001.28614526,1665641.98444013,1771608.15922349,1181465.27245735,1437440.81479417,1025630.60899186,1828080.56720906,2036195.42895943,616647.605251859,772393.515626709,880318.882084072,1115000.16261436,1545333.09705643,969149.999558544,424213.651197431,2385595.08668651,672239.059049832,1036551.30613809,1304747.07944797,2201080.05069791,1919147.14347271,266028.781388032,1022997.32435814,1116363.2476405,1844061.63812632,2173419.12980212,1023259.61125174,1780419.89605112,853426.745192819,1147337.68228986,1152378.33019315,1884542.15810654,1454511.08086281,1047524.94940403,1508636.06937132,786317.811822124,507710.578567943,2422935.84768309,1246305.26530418,542194.564814667,1020755.75270468,1465870.00551559,1190472.77006329,1280172.04591634,973981.31686664,615278.576764937,411577.843156427,1855815.81003609,2000458.12415674,1561364.55973468,1661267.4606099,520428.107442376,235271.486527959,1238729.30142777,667357.318703909,980622.963326646,1091347.61931379,1456531.31740173,1463664.40323855,576425.909759241,307883.612464532,783742.990344685,704128.415664543,1372406.389255,1121623.63292638,1230081.71315624,949465.249030618,806053.802874077,168147.016447244,806809.610894847,495147.089257948,318792.057664943,1698641.10915424,1004195.44031136,1567196.20187998,300415.593202787,1132959.57805925,1299975.40496537,975031.909662734
2240883.96319208,833694.62950597,788015.105871536,1724497.32106255,484778.817592179,1794872.09906973,3820390.46898756,1051642.40724796,10477991.4649732,3339989.91479421,3768879.58113489,2539983.12516003,3456861.6053357,3335644.0045077,1562611.51014203,1258817.04149263,983413.118229676,2225351.13212306,3058673.65937361,3784216.59343901,8490731.01587888,1173570.42031321,2536899.58628316,2308865.20437938,1630067.17889703,4111843.05625148,1803476.35503628,4413626.09037355,7422061.2161573,1318927.768362,3373138.07413091,1702059.34426142,2428995.30019853,2609412.85908176,3068224.74358182,873891.281822227,4294397.43389914,2404344.96024588,1363494.44995094,3620890.28098984,1425413.444168,1512985.47463839,3627988.42474538,343715.928567728,2477476.39091599,678345.288525091,2275826.16311469,7325360.82713842,3165605.08566145,1095529.08466133,3348366.98765991,1579196.23697535,1286406.19339155,835271.788043186,1514657.16532415,2516283.58680351,1259057.80644809,1239197.05375768,988568.604723121,3990997.02882175,1633911.48590344,839981.042981336,2517802.41681611,2505504.93557174,2367762.19507314,637199.159694394,2466445.92759237,5354643.62743622,2256312.41270415,4145992.86494014,3369543.05995448,1200909.76942751,4211286.73690354,1023925.37424607,1805408.85421318,3832522.05746931,631284.065973503,2400928.17897483,1055065.84956135,1309082.75957734,2808046.29942946,980791.246190229,1747931.01069583,2733186.94342854,3116513.22237396,858972.773359442,1354491.65168268,1633258.9827197,2455469.0120461,2910635.71948912,4183652.20847685,499002.125725596,2734652.11778728,1078077.21068245,3492242.83275107,3349549.63217463,1339487.99264668,3059705.908742,173696.097694934,2376713.32145629,2665787.33313738,1997895.40180968,1628712.27016278,2980526.55293085,3731208.9491213,1767059.73726874,660035.25820706,798086.080486199,3112638.19243044,3481485.53035356,2362307.04767466,2568345.84923473,3455633.99560517,1119843.30990344,2639729.07350101,882853.599606044,678503.790585129,3099926.49806105,3118358.81546664,3045639.61709933,3013772.86910634,2365656.5569687,1410990.07062708,626631.361552911,1879103.97166373,1535798.88151267,7082900.18562405,3481079.68125222,1775795.83702147,853566.999797508,1345716.23462457,1848453.44444298,2332681.53713503,2031840.46872199,3091216.42713605,1446637.8370326,3026161.92150326,475871.321046541,5133524.02544843,2420737.55731096,3516287.20590398,3340194.52586232,3494848.29991274,2355794.05366512,2148267.78266176,421303.335933963,4184869.95724507,563699.021919226,477272.926368211,2738412.73918871,1355597.28779156,6413885.0263895,1082698.72132506,3691898.91330426,1668410.20788039,2408666.55973161
1164325.8182589,503007.972311966,683244.449019539,392323.239557725,285947.508371993,1181724.59340133,1838759.08890811,1597780.10354337,2199467.21065002,943422.963096951,450969.085973483,1275175.66557304,957538.854484222,962552.940171288,417662.910586364,687007.704901106,3706708.23726058,3300111.40569255,1165293.94357001,851835.947015762,1363522.76579985,614441.086260249,1206786.0362268,399429.218674205,637876.928444646,282267.242959132,823241.54088733,821374.56716744,531471.571550229,697750.718951003,1405841.35093587,852865.883151132,2661683.1042627,1192052.85306611,160714.191069247,192039.006520179,1159479.6832418,320650.308238672,248836.800147298,679269.314940145,1001922.15474707,1212320.29505505,583916.801738653,416118.226105926,1169661.82231865,500884.412622257,344394.897374717,246685.468303593,1560594.02379776,468918.426274427,1071189.9255761,587167.773484498,1443554.37927586,971422.495829512,2663836.46654037,1135821.2489462,410609.346528326,332543.180065671,379542.116679325,377188.504794478,590039.090328212,293069.766448723,440836.937671628,279990.93222238,265876.868546351,220784.96109992,1225789.89248328,793201.424391262,633365.829891156,300758.287464359,197747.917261919,200574.133016147,930519.209527117,294689.179296587,465128.522198052,1107721.17803609,321386.008203356,1261685.09958639,283711.792365509,1176450.31921347,551083.712308822,879520.287739,249338.46795815,257264.997052735,667092.127625238,214024.110678597,587597.571406466,794037.083919268,1147510.93605748,1011939.39784357,842743.569471114,247453.478384422,973369.292237257,292826.217804785,315931.364781007,260175.351704714,262554.940585588,210694.370567658,178175.199846756,1102611.46380008,227078.478668751,123509.552259476,125217.062967682,158287.846361262,135518.831845271,110168.308168807,125646.89330748,383128.207565999,219053.661999168,155244.106992058,1123931.3887062,229268.879172448,194201.70171056,201507.220526253,136265.064265059,293943.724972411,165448.074085722,153415.813144139,150259.431842229,150605.227508364,162662.547510298,1156286.54831818,178953.662963485,140778.90978083,336620.413683041,157281.392267707,236109.640392864,143528.62803052,158239.223115061,274163.174203211,182143.419263969,304320.403327204,1156495.86066339,1074119.42502382,237715.862138231,503066.467727634,358177.666286219,192988.453467144,987120.148601065,229052.395603129,140373.228839165,148779.325758551,169895.683612351,1225472.77725912,546334.057008709,205178.883638427,249664.324799258,141388.31573237,155093.903635182,145071.976678669,138526.687675324,296374.176125643,856313.769996393,259142.344506719,158295.630205274,1089378.14233473
5833376.63453038,3342677.89366337,7359059.41816433,2323510.76718826,2674181.46614,4010612.1728539,5432408.47803974,7849625.29385678,5924387.60738419,21359266.3851358,7027911.57593493,5651863.89949725,3207777.3147338,5297304.03640199,5069405.51632805,2760719.54415825,4150137.13852688,4523599.12502776,4364341.01763566,2257155.10773909,4212967.33823539,2830352.47654091,5742274.90233447,4455199.77329817,3140210.50997089,1854657.87082245,3207488.73123796,3080264.58063386,2802744.67242113,3450517.61842467,2680819.22077719,3177135.07162452,13333873.0796423,5589672.02973972,2237545.37536692,2890579.82471082,23800149.4003981,2982848.00516505,2047387.28716928,1200263.22056305,2121992.57806615,3691190.74610763,7285589.76245173,5636705.32523545,5581935.84470317,1820457.59161199,2110933.95682221,1660941.20153546,18248739.4690512,2140028.53434814,6675038.99637398,1915518.08525173,11079789.7235641,5560800.77758896,5280591.41394569,5559895.60294397,3446189.50674207,4245909.62212705,1938993.73929698,1372469.27707041,5937758.95555066,2295106.80654841,9464221.70369363,6986281.80711736,2558028.13262765,3820036.38889146,5265770.29107266,9947845.47174913,6839226.13118775,3069713.30031318,1716976.38755231,6229775.3607567,25454070.4408401,3939560.81414162,5738929.56655125,36989612.3928198,3492139.97113366,5402958.91016784,5518355.97858684,51910725.6780064,2434497.5836351,6183849.90883518,2757758.91382741,2291611.0207866,6369267.97869992,1981998.77110793,5911785.77520046,6308509.65479348,5224756.9349514,14916238.909871,2182468.78486648,2417790.79033979,2484810.47428958,2935402.35883059,2875594.97318785,2412427.07827442,5113177.85878916,4506435.80820136,2510925.06755886,5164082.53439411,14164768.7651929,1803884.5915955,2054138.99025246,926657.721884925,1454427.69411178,2372801.77947475,3804096.07516238,2753384.32485604,1673054.20388693,2231668.94550598,5248294.72149904,3275060.95911709,1914777.98804096,3035694.19459709,3129787.27910288,2885238.10050416,2393494.75439125,1413067.57796994,2882523.1866345,1227364.97262742,3845363.04249653,5760450.08162843,1209660.38019569,3556544.36394049,22392904.9993337,2421583.15785384,2364059.20484969,2561677.66372781,2539221.95601643,3359321.09672713,2779735.96574368,6377550.91607869,5328373.66157731,7973236.46300017,4998169.02286112,3011819.78235092,8007279.16940996,4097573.29227973,14786703.4449826,2349101.80001538,14988558.3586066,2802265.57224643,3921513.36170993,5294389.89733647,4868890.28447931,4809915.74436294,6572462.81418313,3557259.97081133,2754828.36266766,4208059.34733455,3583305.78549262,1612457.45785385,14773061.9973491,10481076.386661,7570354.02129087,5236829.39383755
3894095.72188014,1460499.93180651,1336198.39197898,1714934.82862902,1117896.42876635,4555864.24930575,8206846.46931492,1690427.48999053,5790435.53138657,4877333.62041953,6322991.25732564,3754161.27584485,4349569.15335198,5993337.8746149,2867097.04669257,2827477.51831277,2526568.46070598,4369854.16918153,4073078.95809855,3950011.68472033,4172428.05982783,4434684.80041078,3838783.58087335,2673229.53024395,5169982.51562798,3407406.16564433,3818055.62984901,5312388.82567159,17789996.8164774,3617559.17262835,4621204.8424727,2652294.33896744,3408089.4118103,3748266.86719797,3797567.90741078,1143507.37146585,6887065.61227992,3217797.06060171,3398527.85517062,3466246.27709711,4064872.06295299,5036539.599595,8946619.67325251,862928.174303233,3616340.6689739,2124974.26472999,3639632.537766,12581004.2079354,5218508.8123798,2332406.52322875,5173030.37362949,3091697.05666766,2685554.85535728,1309517.25315994,3340294.88177827,3710079.96830036,2810293.38463571,4523066.60652189,1613330.6800892,5026390.66633752,1767622.221265,1418085.28171423,2337509.49952044,4382614.64076603,8395413.02737441,1709555.44180308,3678601.80332799,3348006.1827688,3347083.72648144,4064962.68592745,3526447.21347835,3622710.81197875,5408164.64496987,1720162.83385519,3362282.61009582,9878752.50338962,1492902.97872541,3476069.14701805,2810333.17149991,3396890.77218308,3213454.59306079,2748291.72782037,2295313.2724045,4481619.16362975,4058824.50591503,1268144.93180615,2438086.81065548,2120083.75489271,3523966.19057177,4151118.08631344,4233028.7094442,666192.967958969,2929260.4936193,1679947.73971446,3851569.87827145,3023881.97889868,2967511.37098824,4916941.11322166,559940.382821395,3483543.8560581,6360172.05043246,3450495.68746027,3470226.23477298,3283536.79848786,3064261.48243233,2776464.96079575,1687557.24179846,2404144.32357548,2749370.67811125,4332888.18521332,3532463.70805757,3424975.38522675,2273744.92649216,2756900.82781408,3447117.05310861,1548227.09422227,1465015.97761466,3530946.69794851,3468084.63372202,2927867.95270518,10505644.3835185,3536829.46231357,2663900.98701037,1405321.70696202,3450512.51610517,3030570.24624153,12124880.4310431,2764492.14856805,1797403.49829766,4417947.89574459,1836996.01200047,2997217.19459852,3356065.02462506,3619295.45789402,8122232.95518751,2123851.60660852,4173661.51056243,1022858.27494077,6577510.91636713,2165523.79076246,8160746.62503908,3221374.40592084,2781462.96747118,3524800.36894924,3166373.91893016,779604.761548109,11629021.4474003,734881.205699821,599887.813336903,8950804.18306512,2566729.62164807,4271995.87402367,2963240.94396371,4534018.23855028,3476298.08534926,3458462.86878376
64748321.7823886,61119162.499261,80180534.5181873,60337334.8457148,73796307.230618,92860084.4790681,78100582.5628177,108252149.840275,83312335.4560295,74795557.7870048,94709649.1704088,69974259.8799356,80343491.5188146,95687364.5029792,79259184.5008448,69040617.9556831,85685431.2940854,66460230.9676329,71339720.8589413,62570881.0007083,82897773.774408,67237256.3800631,78034119.2118778,94813198.9985562,79604652.6446684,61585078.4049783,76256360.2360529,68154138.9679965,58671481.2958297,86002557.3790406,56864556.6117977,51484877.9934419,96838301.3059727,69746633.9414262,78666877.5491835,102248142.04871,145462057.758418,59631314.9913672,90567697.2310585,68235847.1470881,89629206.9040707,101649182.321698,91750299.6958849,66953829.7616182,69189019.2965466,103267498.681745,54784482.386018,75807583.8537442,87087948.3323662,65940536.0222763,74065007.1300793,101311696.837814,90356017.6432427,87182314.7324546,73667601.2613216,69456560.1699054,64574514.9888936,58258614.2809697,104687206.620791,61613913.2494572,112003380.506601,84459281.8622915,70666693.4720092,117102542.752551,71697338.9735059,74538550.4986081,63618979.5124166,75258348.2960244,92249358.0113263,66986656.5082957,49133414.9935188,65022240.9630865,100941525.21178,79222457.8167672,91735746.5020756,125888523.007222,66998577.9512663,69437970.8959288,72287412.9521045,70244874.3712034,67125794.0325151,84929145.6356921,59949285.4139403,60569505.2570262,87669512.6620514,60458686.4549875,58843094.2145426,77868919.0527567,67056293.9178478,104058044.840977,64016836.2394217,58640104.7702205,90722891.7645893,55443937.8949493,62654704.4049995,57141006.4053316,79627983.1132157,70165802.847968,60839888.5134654,66066771.2454869,88247523.4666639,79026760.1177972,66400265.8607947,45724349.7580728,64100593.4959746,52403022.182306,62712594.4274798,56434294.2082393,54933613.5858179,58103044.1571951,67920944.0402045,56240787.3218761,64316880.8819322,62254278.2266218,73968645.517039,53675998.4479828,60826959.237244,54201673.1599536,63947885.0462313,82167432.4838511,67737412.9939781,65962706.1531104,78413225.5642541,59206822.5837486,93141747.1629698,75359967.8109587,74672279.5191972,62843150.9989019,86448996.0968048,64889651.8473606,88862218.1007305,75188185.3761886,70529110.7451008,63680028.2392055,124851373.081993,53564651.9811122,66799373.1020182,67385528.4426683,129848032.947711,54106834.6157592,74238757.350541,65674641.2004115,69131074.3570763,64902353.278896,58927814.6068826,54981328.9931611,78551237.875986,51570093.464763,55004286.1297482,97722942.0399398,66776171.8316765,59236361.6857895,97658071.7040306,79368049.8472064,76348992.0358315,65128846.5566903
89575592.1520664,45049685.7768633,66743043.8945848,72956926.7177254,31501787.6516152,43158011.2147877,103694857.129817,74344921.5251725,110203371.711681,113195519.787206,119462274.847449,89230577.1143736,108375786.768672,99203759.4508093,75165044.0243642,81172402.237046,103571425.486313,110247347.075016,126515509.66078,141034458.54326,106552618.976311,93252809.3586592,91757641.058799,120011422.370895,94855256.1268413,122682910.898406,115268924.000095,111036030.694373,133394001.104136,109722893.147564,109106033.432362,131975558.442091,76049157.9911357,89652233.8898439,110342187.689275,65697523.1936844,138247870.212195,80953776.7513816,71739427.1579799,137386423.13364,77580737.4907949,111057125.52608,105455912.800903,22898100.3047471,87385268.1668596,42698893.5949059,77417919.2487996,81053041.7725285,86516790.2681222,77984367.8478259,112868632.938509,79925144.7893206,71245037.4341597,65796769.7457148,74776165.9920147,88990341.9571648,79952495.0030114,72193631.2529022,74096327.3929114,124886945.120609,52678224.4585706,53711505.593018,36278965.1141396,91229438.7427392,71306778.3381516,66575060.4531168,85035797.7708117,129364933.620723,99919694.5088166,74279279.6169186,93936019.7607118,102143005.555003,92663581.9649092,76591313.4377398,108883803.350554,78401312.4782327,64813005.8631338,84952875.4172563,84638906.2277306,90344148.4076717,113140369.069447,120930631.57376,75366859.4947865,103212981.659852,83486637.2563356,64790535.5775975,96734492.6022532,115868572.866251,84893226.8215687,112211283.66514,127850339.904328,42519070.3517758,114691951.581343,40377743.2035781,94778500.6180661,104527182.00651,103725716.756681,94366244.8319928,13599493.015056,82501653.8498347,86112818.1981532,67338301.8482288,77483575.6562155,90228306.4599534,97152242.1263459,47694417.1525031,58468229.5229375,91308759.327308,58262136.1382366,84472144.3588122,83443415.8337892,78990207.3082113,77888052.8825541,60358349.1301714,98075934.4865073,66281056.5941724,42803383.3123696,72031277.4533338,80946103.7522089,101262410.657569,77325261.2692449,87190311.4322979,59964498.767214,35901014.3863877,75092745.7388068,91634876.0101022,76915191.1653692,113436618.799766,76354107.9995812,23764977.8098148,86441103.1951132,77314596.0279929,84220482.9676152,86973124.4225591,79907549.0654493,82691697.3208689,86236097.7395661,35795245.3812127,99425968.2316614,86042796.627254,117962943.544782,93555053.84835,87138679.139007,81020491.875464,83374424.7971895,28195285.2226923,85781180.7468205,39220509.0416934,30950903.5938801,101360267.191392,68802906.9072753,63588960.5102931,42789831.7947229,83160856.1106258,79001358.5337993,80899029.5903809
1118053.120116,1020905.45907816,1135612.05103403,1055900.61393924,1122371.37311773,1119850.59683804,1014490.52583564,1065446.42294312,1032103.03686583,1041566.42888812,981011.408559096,1042708.67765665,966645.606136065,988454.480070229,1169057.3974441,1096879.99386429,1060595.27661327,1036597.32273252,1042913.522503,1023190.75711502,1017013.30201667,1023026.85276411,1039487.82998558,1009692.33118084,1096179.42228629,1079197.85831724,993724.140774763,1007593.55325325,1014213.10650965,997163.990307795,1021747.59787027,1058372.3271789,1175852.54310132,1065642.8400297,1052106.32744377,1177588.62784278,1034929.87711248,1075260.12007193,1135775.43311782,1032714.498733,1078936.45189621,1059119.86436816,988106.80863042,1157215.62965517,1064220.62189922,1185613.43338656,1079820.52135263,1001290.54116758,1054314.04443796,1080710.44636057,1059033.22083942,1043271.32914665,1167221.9077253,1117170.74672428,1114589.43779992,1067816.59535534,1050238.59821989,1077638.05107869,1107757.52965262,1014850.32001643,1140609.66957616,1099209.82778872,1130547.96544719,1075962.08457313,1080985.33118036,1110497.20040357,982393.608242159,999838.373630779,1047318.6555873,1000903.56279647,996117.946478442,1044656.75839174,984911.989469455,1004580.28720242,939928.0787402,1051322.16415851,1057589.38821707,969246.424892301,1041514.77650293,979151.776057419,1013871.02900056,963565.441405736,961727.751120661,934413.351561386,958494.588178346,1015021.77902013,970490.3894562,1151163.50503924,1062464.97567913,1000228.94200788,914826.208073035,1039705.87574823,894828.697841964,1027027.98271336,926157.070067055,927292.055109568,920387.282022132,952555.781521567,1076862.92747096,968928.190607744,939886.637023445,979757.715932546,1015280.1893423,979029.023735214,923092.194156448,917522.910774967,978918.441932993,1025805.9992073,936754.379117183,919042.988917991,930890.469030532,936056.642943691,938795.695749195,926192.248613809,948796.530812883,1008998.80262204,1016361.17336976,1000957.00782795,968828.776641697,880960.93744476,922571.838830001,984451.143932212,920651.434357584,974061.940719802,921582.629644033,905869.663970361,875641.168544808,910784.317300623,1043293.68085274,983601.585551198,962767.405045151,958702.675215022,1007553.12933141,937170.68160135,918551.486378364,886413.50379925,969763.708245574,929804.931492808,847797.929156858,960900.525029392,863631.161091658,920595.403027593,891632.079617175,973873.090277354,899436.179898493,934362.756136463,897628.488786529,1062451.97586291,981774.062087221,899956.089031364,985764.48524878,849658.997692894,902198.033356843,902476.843784645,866295.660184322,920484.736115268
140684.871586325,27873.673210972,54061.137275896,44384.4967261857,26908.6881064812,30505.40606467,92102.3436669471,108101.143261514,158072.967629895,311518.08546749,325497.960169066,141268.492215325,226194.06682362,225591.1205637,31646.562912948,79504.9842411001,73857.5349666945,50656.8199424935,275359.656687328,539034.692919939,171612.181164165,58747.4390205589,131603.71050152,268541.091566404,57134.3856261648,752707.096901465,287915.505608515,195290.008906656,636760.176268294,273033.153652858,230512.167756641,375258.262260174,270311.587636131,120321.903376536,158521.170307385,41369.1117945323,167023.656420885,82447.2591913652,108128.500467724,124343.667474697,23190.0444731409,82745.9267442033,55900.0676944356,26057.3301169071,117090.245391731,14499.1770837557,86725.9751319724,176266.635474094,116156.494193563,55142.3085359716,74816.7185648814,71227.444672981,116280.491335576,68957.1318166391,44167.5120466995,111451.610899392,33112.6360160951,4025.16152801976,42447.5571676589,96033.0503429185,31259.4772518515,53552.3631451099,35932.6959404309,147384.037387393,279075.842509524,4354.30956128147,122900.16727054,49889.2996602423,79217.0696097491,44781.8786751739,247158.911640221,25627.5455788821,98117.9939850319,46416.576593848,95358.917833853,618917.719284284,104867.566939094,113167.929235306,37547.2174568045,238271.29256546,260768.908290721,31448.4440179064,51655.0305323092,127644.755419507,402718.087750467,26135.6747272772,77739.9651942602,170356.715096982,122491.815756566,145629.802241624,69732.3499999811,52149.5567763415,66300.0382064431,13072.968282446,803899.9484037,85734.5192967532,70586.1749553573,151658.559438241,40580.030855465,117995.580936024,45299.8927046289,215180.925729487,173286.109028503,183053.142948542,584441.212547436,16177.8949557732,62345.4112622027,111506.74643156,700571.098656097,473295.055107953,122499.036390181,78114.6551405028,87361.4766357027,25505.410499606,331859.208889732,203137.328583065,87483.2590093356,358190.135971238,549642.939879617,254022.584152377,167776.987572559,113002.940741071,49289.5741829226,151974.99829396,159885.594663104,67953.7511638526,566969.020213443,506950.916234497,6631.08111584563,78613.9136598461,114637.856519187,33106.5391012449,126586.033621428,26031.4222707252,58488.9311564307,72349.6462762101,12326.8698632184,28614.940305762,57115.4523107108,106449.368629609,100745.91174964,104654.096130869,49077.627454904,111582.595310334,54845.5182522007,6697.65186817671,53050.7135018671,15135.1163578372,23654.7583298592,163492.913952456,34334.7814932,319167.536403799,59996.1738060183,605921.533125522,151161.667691146,106878.945103513
41521063.9047402,19192647.131512,15643775.1864764,26458816.3980627,8223007.6650934,19062530.2667518,60639016.1145183,20423930.7609473,38827866.0745711,48418189.8482537,72175372.8185575,38278143.31874,52337037.6037374,64514004.426043,25631744.7577934,36818624.0679116,31662280.0992542,58805933.8270203,62147230.5465678,56749472.5133026,26270416.2123888,28479417.8608646,40156584.935863,33555463.591575,40516243.6422627,48643864.1313269,53635710.8582127,48953869.4373465,82516828.9486389,48149418.2573795,46936730.1582829,33695718.596262,35405671.4300399,38704792.7796385,57579753.3993867,20901143.2595997,83240717.767215,30489157.0000407,25551432.1374997,52478011.6354108,18257563.0381883,51767776.4349941,67355494.4817488,5971970.18073198,37734110.9770192,12758324.8039396,55571645.7686084,71728919.0950483,45537429.5241107,29271678.2615892,51780611.4476323,36832539.2043905,33123535.8974799,15898318.7123483,42030246.9479235,37193116.5546207,28132356.7654956,28909361.6671382,18858802.2534455,48649454.7358436,31060905.915527,21489673.4102519,10427644.1418441,40511574.7969004,45265903.2599386,25206469.289618,36819158.8777547,61100453.4153203,55556766.4870793,32153952.1051552,39925455.8889536,30401982.5024978,50511505.1688737,23453356.0475846,49014267.7978909,62417787.5883188,16954286.2973618,37159557.6915072,31143483.4760341,39687716.7695752,40975081.5619951,25497004.742495,28086347.9054066,64378377.4181117,73948239.3464072,17598901.1394291,24162538.6281634,22641120.378268,34486311.6306362,41286083.9427354,40345998.8454154,9615019.30547768,40861041.6008245,14383797.0452592,40586343.8761101,40717059.966861,38695629.1086861,65149748.1712818,3806348.98188816,35336719.163915,60216484.6750442,43337494.0469761,46617182.0280818,34223265.7209262,38549730.0454817,42467506.0832213,19575048.3670292,21595714.3252934,43652771.9429527,49491803.8651287,34709162.9891205,42091817.969222,14766203.8031054,27289378.7362659,57585647.0818427,20160764.4675376,17165817.7983416,41153461.5628858,42773048.0196938,35932016.2675315,52830117.2826505,34263503.4868331,14346686.1853141,13518763.0359506,36417258.0622711,37378944.6398384,70913232.8550832,40665065.0419889,23347133.4854208,13574454.6308016,25900586.2987634,33532188.8397272,36160832.3483111,31927356.2135428,45784438.5813457,35053350.0290938,43820924.3387126,8217743.01602562,57519840.6195904,13805373.8644856,57599943.6800126,36777467.0884024,40291512.4402663,34870266.7140511,32337930.4872006,6787189.06566043,55636471.6846034,11980957.058747,5460114.46483866,53593804.7682307,33026911.2848479,61345165.1182612,12187876.7727784,42141140.0186096,32712240.1672075,33706311.6115717
134917.663864154,80261.6179276062,112021.076561693,111153.633725066,86361.9501791811,65318.1419228199,168419.621379228,67972.3699946893,127661.678695329,254013.951923563,274457.419033505,154695.230502916,361442.55379024,157831.328884374,63927.5427412661,426518.57340318,64425.1526235615,85578.4260481907,187322.787988287,378190.170103284,112241.975422416,117169.846834377,134370.664445025,106365.76934044,123278.81077656,226058.79192217,621100.834610188,184933.815507819,399828.554280371,161091.375182674,137391.082907765,162034.819642391,99585.3221375706,151806.823722277,201356.5792559,116552.932174033,134607.51563397,132648.739482669,100481.391827615,198744.089676144,92353.9442646587,99617.08796952,153335.812106282,37120.3557746152,144087.903214446,80279.2201488578,142791.227787,223838.811682633,91836.0711707378,131916.208400898,119904.2283946,380939.161839982,90815.8298722124,46768.0889366522,64313.0017432955,173856.026737853,95299.1405073556,70995.6363383564,101918.124140824,178775.120142129,81229.9539277131,68564.6566185899,72074.10176071,175237.610429413,200260.713687062,98481.1873362631,155221.811055754,309736.9464888,167917.527485258,262720.164784367,547070.005992128,264654.309288651,135477.513648698,150667.375287233,127038.327114481,296347.43787191,482183.997563142,135349.224162356,285812.743886002,208435.675264761,262564.336284504,135249.946329784,274918.528429601,333109.24642806,217790.884039748,336547.230342114,129694.724349178,266043.3519875,162393.241178421,169207.417715196,157605.161033559,176121.690103404,232804.142178882,214869.198351482,704120.463777311,528661.678915473,154424.110351124,229876.30066989,52886.8886111265,131377.48547271,121457.776876833,430438.76731505,329656.536250871,195737.026422089,268163.736847619,94465.5617074095,157183.528938686,125642.250035391,200041.86869165,367793.295354595,135627.830089006,212777.53633158,167407.196629386,50565.5380734063,245273.851118453,153987.119679259,329084.948914496,257588.88266548,288289.759029221,201617.999372918,228288.534714637,105600.802691439,147131.275526242,177201.4059506,123327.318552056,155220.544863645,518562.515361074,233441.678470081,46707.8365167895,136767.62956928,163451.594010158,84778.9654279576,131769.546002324,83198.4223332166,128536.722001714,110035.155344762,90084.4415100412,87155.1716883768,117873.844811927,141505.10888879,187350.372461643,451841.761250351,199042.995099964,117580.719987815,80886.7568284427,49973.882558328,146500.25473086,62429.7613699976,44915.9868854303,320171.254514422,187158.046820883,296215.963060288,23256.5313570744,226305.098101808,171274.794344906,121618.343159924
334446.299161251,115520.246371929,182921.4798227,196344.999940528,87878.7451887778,104659.478650306,296554.006466509,233457.66491166,342398.525309969,840859.328931488,979994.075168844,340613.234943109,647833.81655191,446730.389082087,136681.959772735,225394.865589429,66337.9038794144,135777.494065787,560311.915753927,962040.55165613,472017.211809321,209575.956193955,346334.669960138,598408.131268968,214330.992007475,1242695.92597069,666861.02716787,554995.377968131,1184302.90703918,635583.929155256,466160.351208698,709170.820884133,550187.466980286,338470.297329888,431587.959547496,193306.921139422,511524.6518073,188585.984721569,246807.775154287,304671.891452945,51554.2974988999,202429.710912764,309754.224725601,83657.9597976141,338577.502985123,86327.1233637233,293301.675194737,712305.706725485,331986.046679305,191153.497710503,237166.176132228,241286.544491706,438880.426103142,110250.259870481,135594.204455678,313876.48861906,169819.452118027,76222.0422172781,137823.660719414,282586.063211274,252843.834621578,187747.256431275,124052.952000776,509707.554910727,623667.14840004,66783.6044671506,313978.57461492,179075.347868742,346776.296869219,325650.500155866,601012.814609534,140734.257048564,496593.923193194,276474.177504866,138632.455649924,2120456.06265147,228867.195076103,307463.744768174,267837.710398144,710611.26277632,435745.313069347,127699.151117299,200933.619764222,443492.95635996,952574.652354487,125389.468461911,215807.290694774,367857.916366192,286122.744619853,437679.959116579,189779.844978688,124444.482975769,205950.146566575,121963.786343239,1187990.39109315,350013.765768608,189876.43556307,511135.970185033,75463.9051313453,299967.775504564,318646.100118384,648763.800983839,458793.644159421,509105.728603708,1200522.70530019,217509.529744476,290672.039446392,306630.516643185,1143418.71655833,1003088.20586119,299895.255026945,490594.303859095,315858.501949002,127536.941206376,867821.642058159,428165.2081316,269437.250627877,695444.064046602,1421876.85459069,561321.50031275,698690.606015216,307290.403608608,187623.168656198,295309.463941861,492995.484550803,339423.558570086,1448436.71290585,1244687.94280407,61482.7760117476,201578.715211084,359560.082927096,266992.705200424,301302.282912956,131854.178429301,231917.119908801,193942.62102505,254811.717542705,86623.7482163957,606837.18769905,239976.079046953,400875.620490979,422285.435082464,152816.744479188,304938.216559014,186108.079133211,24210.4063839669,380279.961438097,100808.428225474,137885.962925983,496826.950146445,227303.176505352,1001197.1768778,273838.815812122,1122203.37740216,536583.547471826,305529.883050813
131039.82732855,40344.7844190258,762069.005166964,36098.9555956237,62257.2155677406,58887.9515825396,89010.7499307841,94899.3566379915,205047.240703195,251053.825358523,82386.5468799984,129705.443662869,48613.5924852894,63310.8138837078,72362.9961986521,70486.7216337551,35547.6599210894,51468.6343203099,53997.9356628151,34601.1209993655,156266.956994181,54037.1582953613,135815.180651785,56079.1595788504,42964.3509219492,34308.708193211,43064.5308138891,73692.3111288713,51118.004698397,55681.2844605775,42200.8011800343,42507.2043609386,144384.890054783,129093.386819347,58737.5832505873,70241.7212088353,104854.59966277,44196.6214427614,60960.7000278592,45552.6557680085,56210.9254696495,64418.6232821236,100865.03038578,102321.424700213,127101.86001049,46386.9050941187,113088.878785541,49480.693159802,331088.630134074,53003.8171178569,227999.462602392,39183.9227647357,442826.910141564,68185.8550721317,84329.080397535,120783.47286753,67985.3220495446,80825.9056860977,49421.2948013704,53465.1042504857,79671.650544064,54198.6352526749,124373.472485208,149371.211044319,78234.304653787,44677.8690363401,120169.816547633,81703.2622524905,76578.5471724307,52942.1251208636,47255.5808765865,55599.7343461753,146577.264617376,123763.330525365,89658.3914838883,189599.340439954,65195.5798352896,113185.664500256,109466.672309307,101908.81524383,51037.0514589275,138157.050738962,77131.9201679867,42364.7158045389,184699.382965261,58708.4922125012,49351.0573630754,80552.4913377626,116712.724312264,143312.916249449,54727.6081477007,56265.7694633861,82736.0181322221,97602.152482455,53913.517612014,59615.1276475446,409182.251722886,171836.867151051,49394.1701415398,111656.76839495,246884.615507696,36461.0380973241,36755.9719805235,32811.3202946435,37208.922977717,47476.1748416668,64016.5231278822,35240.9367043871,33138.6823393038,62740.2496575145,116275.19352228,75531.2205296525,40249.8050933912,36991.2708741987,56069.9285430153,47878.6893120508,38251.7744605353,44922.3502237489,43192.9985459051,38522.3929062474,53699.1105831957,113032.075241982,30463.0791569217,59705.7775228612,63346.8020964556,36350.154856066,45057.0343181146,41965.2153362921,61058.0060156021,40054.8180371985,42106.1296566818,64327.4136603081,110580.151249975,66690.5241653372,64363.7518104771,84343.8766300165,84873.7348292659,88588.2909674907,353708.341176667,54679.4457368706,109047.144627295,59801.1638416849,52980.9513631898,108929.857685295,119116.665239691,47786.6914020496,118491.374711848,52870.1951958652,49220.1710830597,64772.060704174,76076.7000349046,35496.5703644657,159845.768287269,101988.986853784,111784.609504803,115736.86087052
506504.744549883,260269.082674243,306128.746920576,288475.370932223,185040.52070852,282411.354412236,370955.861573399,560488.110326365,748677.720507702,368175.278516542,706540.565319666,507657.54777322,2100306.37966023,486966.683982615,293931.30884875,361698.51428538,434997.847537122,820279.730704738,636390.671508292,495297.359642931,592067.70990763,809845.401888208,539896.833489452,579679.404036819,378149.275349887,280060.388069809,653410.836591641,502689.27824013,342412.407304719,548718.37046524,393192.29630106,561097.288745626,632493.645433576,498012.217632713,2952930.0201096,381711.929408496,932124.879790395,193582.63401616,193930.956066412,358357.494130558,433952.126801479,268772.700360049,618813.059582939,272341.283612638,526804.412028702,297080.093344631,479108.975814172,246096.402374462,555059.08603252,347815.367917136,703897.082192689,351012.390388656,818566.192620424,759421.366102908,360216.73935711,516202.235080227,367127.340102669,472469.064526603,187072.517501241,1538303.49572238,388769.975314705,333037.764184951,228545.101824998,633832.487187176,417643.060800336,228590.500987689,488580.229128886,748241.928165213,580968.09445512,308150.672091468,261781.777989031,292391.835388351,870533.829306964,316749.746680663,375506.406105799,2971964.5117772,523368.28750009,464212.324861141,571000.451424491,1055452.79329107,209854.518157139,1854294.1186287,292289.669083429,267483.359848407,705212.325004816,160114.149197734,318656.186449871,585236.486074545,440793.695525041,1489473.92386817,432662.533458557,131362.987033336,926278.958050944,223296.72552,367883.636628092,256434.724216821,575582.175202782,335162.768034466,113501.911510582,426328.94427661,277129.297313127,223118.013273048,325449.677830897,299795.247958445,309374.989147143,112001.805109157,264984.436097717,410804.008408784,350482.764159875,224833.527707207,450369.339916971,452893.718817978,285728.98858646,300042.476473635,404784.314159152,274511.191738728,314334.831040682,351595.139203952,784965.930723344,179962.651268113,802770.184077472,464568.258520555,132319.208411082,564357.602845228,522537.872295797,271321.556254024,577777.826398784,1406445.86643376,169294.484401041,241534.616423295,771546.206661263,1664208.26996356,439311.070992293,623996.814885894,407928.200034119,386796.630479735,441832.0758428,147007.530452129,991479.582222555,348715.852961318,655239.751207813,278488.303555552,347348.110822545,427276.4665129,417649.032543161,125993.928961892,745576.56496145,247504.799493705,283041.551733719,1899582.77069544,1031039.40541363,145220.835722366,503254.739666643,481804.270641758,530411.228556758,422608.278292045
156176404.034288,77375813.5269874,75604437.753845,84767220.4076853,55913598.2249952,94151743.8109334,235831542.850251,100040972.777246,236220122.579916,167169693.20499,214218483.208085,159578106.091629,199039746.26553,205333704.458035,134477737.382304,158401137.552448,191055751.643278,214493068.329914,214379154.640648,178412286.021037,195831238.171288,170987126.109848,163998055.868182,181471591.042802,210167913.774845,184861256.475798,199914701.541317,191725618.891428,222350034.888594,178064237.158229,161520765.522637,188901356.883202,137292696.670397,165591349.679981,175649638.78638,98500573.5135949,225222926.142953,126027436.166041,137159286.172334,171163055.831312,161935851.432282,184036315.079043,227429535.037868,48490104.0016381,161931080.906721,89216053.5973389,200341082.595044,206956360.103235,152909384.231602,148276679.372567,215592847.397498,135336260.535069,172033444.326935,96835146.7361208,149115245.127494,158157605.006405,148956410.171166,142891701.374336,100375501.043418,194838519.369451,111858786.83521,128308063.726314,79541842.6108026,147277743.432159,185445465.750586,109126504.371446,143748501.752377,172203266.623745,130373870.355015,171457211.957343,137528902.913656,154693056.422544,181934746.010279,112900048.587908,174676725.571877,244669315.574846,96351619.6602121,145779560.860366,137408986.515381,176768669.489189,149417249.058329,163351527.872728,124029852.336176,167389819.448921,201612689.370351,97356877.6225425,130810225.103424,123090449.558125,142223807.84263,162537947.258189,167471989.687741,53134528.1163846,156670173.379906,77159125.5079631,150303704.36277,138275793.240685,141755540.387472,222299849.74742,26476450.347892,137233597.829109,192901330.095229,120530379.326358,152523061.780647,130244170.432316,163047155.924779,173034971.676,103423910.440987,139074345.420926,146722043.555635,152904855.308238,145430883.239909,175616984.569244,153369057.136864,136989171.695411,169859845.958776,106580114.428083,87585354.0380089,140075345.521389,146781250.306438,141433568.3377,155919586.070339,145193008.127141,93535039.8489798,81449346.3993805,145130446.89366,147032079.321722,252507016.555186,163525242.68975,138525539.159092,71980568.9963426,118026633.377467,162163174.906348,139685903.472387,143043154.836886,123842477.576853,178809134.860186,162579648.457255,62264816.6500111,248407291.271062,134494087.070089,173544366.244795,137282126.760529,135106980.549949,139063025.306811,139989166.251383,48003592.5308991,173056347.143792,57246694.072604,45037920.0506051,148290130.686481,166396037.443373,148283509.40471,123715182.786747,139958663.577762,134836277.602986,132249144.360678
360824.046857128,232809.636329549,1031900.59109165,201166.128337808,414489.608144134,195068.777056505,180355.322000181,312949.418188234,257526.918038512,350320.605032795,245324.646832921,385415.623416618,198585.97144314,311762.324998508,267336.586083962,281643.450875953,109556.512606005,193002.977373349,220973.778898737,119343.699973719,269316.87134386,216556.672520787,401440.784097474,293435.374453797,200927.893622704,173679.909315788,205719.462508598,223010.518220818,259222.615066056,213386.106589731,170743.680738988,172267.001687091,361579.740574538,413802.088918357,366062.358634811,340288.229888817,294829.462535961,146373.435721261,220217.237141197,232075.563722764,268952.999691567,212945.490851914,258353.556204157,296327.769844987,432682.513094579,255847.250043577,168301.422973719,249778.441953444,501475.375113125,183009.115985535,314995.662740055,203830.05997104,592593.969586676,296651.116019442,197287.710135946,463314.394108748,216483.071777431,240354.068087509,253973.221174006,226134.380750574,288236.890993936,242887.393352511,413757.762145021,418387.747360849,285454.345519192,326173.690063894,400850.743130849,939310.312722544,414355.948652405,417567.687910458,419704.942810588,831662.660332224,924611.66709153,534111.224050288,794200.318706942,487115.051113245,667548.942026175,453984.668939103,1143629.46520257,573872.002062492,675642.944267757,1185258.19832077,553914.347371418,579662.837121304,288250.550207446,901190.697608142,885957.61264165,624815.313813728,446613.74933859,736775.383958988,1977502.24216186,7317039.11099407,812649.033029925,929923.114408759,522358.19174465,964799.376988454,1061552.43479564,573145.244225743,214571.343081405,456831.565033596,435911.264593339,277688.481370416,223135.009983821,211312.028099197,345102.39965178,169911.344528682,338376.985081043,208695.936011472,291795.929403459,299136.300183659,445203.216986024,259817.182424978,230263.472835944,148137.684052711,450145.766932852,177669.296470243,214816.5733591,237158.015193971,316164.171582901,175368.305269188,358691.351739875,478755.870950217,224494.099929582,221569.295429418,322245.05198997,313027.613854564,493723.292462806,380121.363297736,429122.574642828,2638827.96469605,557000.024726373,723504.553126838,482245.670340595,551616.166485075,651841.776555091,350954.096677963,478759.137660308,418625.088466971,784599.779963974,346911.293433404,621180.092370349,548740.05286285,554057.334050776,484384.057149317,408726.588802877,546576.513113484,608850.552615031,256703.935746057,428826.456695189,838507.715352069,544901.619199538,648193.316402621,682081.78323644,470184.361786593,471108.818746543,479909.638691991
989550.745453939,516025.45304947,438511.946248409,423830.82005863,374567.415601518,554537.617734072,2238999.61821056,566880.670471782,1142825.15422962,1254626.22132559,1305905.63268756,954151.955391709,1606248.29216109,861080.056947625,940529.126114039,1060539.39744462,1229765.30678113,785347.722044091,1212678.51111155,1132832.21377716,882632.723616042,1272324.71178994,945499.061454866,917730.307753913,1392601.93437667,1262744.64248909,1415693.15664989,1237649.77815366,1512772.21109897,947708.620182676,985225.269634176,1391204.00097368,711528.407067957,971153.838098364,1126543.5718647,454553.41913443,1650713.0596656,785451.777016706,954340.055902843,1052283.41349334,702661.431509296,1115601.9222454,2310184.41628599,401720.286371576,970632.127761409,526197.45993554,1044849.30352981,865964.587491183,913608.115049858,1102438.84470585,1409317.55935194,963959.603562647,933877.652022356,559695.252919733,794919.079128641,977571.075461131,948170.720908131,968128.049678908,642708.040998245,1193765.65485937,687296.41626466,702688.90698908,351152.838039315,1232329.77340164,751452.245175709,648132.261451684,911805.141665096,1079079.38508557,890262.160033958,678729.394084171,762899.674095308,1363513.92745283,886637.464984243,676592.324107535,935799.923701686,1789686.00048324,615878.669677956,928239.6857726,888182.064949042,999390.702936187,1176889.33037865,1214638.41607003,734221.09078215,935641.095793528,603348.448467784,557281.950838465,1115573.45804404,896551.066948678,900113.038769201,1140842.95456719,1337216.66491142,311355.158103932,871732.761659914,450031.690512395,1399913.75543323,1093063.72143371,810174.572645869,732384.094398987,163671.935721116,860895.688096522,1859171.69638238,806482.356511109,1183333.28178793,1010150.62428847,1336774.20998684,909163.032306038,607648.819183773,823431.986775837,893008.30084282,901610.716578286,898473.51732897,1132696.78045696,750040.328704959,980289.209755087,1232931.80322395,780009.159340187,505110.069094345,1086943.80417034,910559.661819656,1092703.12274265,1194888.95861586,879399.666712548,562048.953821099,543731.401606396,1218799.76895142,934114.289132254,1675554.03279183,1220172.43988777,837474.412223088,651202.966385081,767451.450992939,1483647.34398746,936072.411051011,1100593.75654683,905644.633653514,1111256.98351092,900890.855888346,393524.009719655,1090596.88441309,606367.409702158,892136.660318272,966126.298687697,989503.630407046,918706.49179523,931492.746403135,380593.833724986,726271.264021605,360469.892821038,319624.927803524,1048588.31072212,782631.056421241,900130.674299608,924970.723458829,871937.305239249,916991.420500779,918236.714767378
199184.271080285,131952.217904879,176724.404925206,142339.685545545,71177.2505927051,158973.831652605,173876.624733557,319228.126557905,239605.27038707,178656.456726801,216468.133409,158111.099920823,212670.39689233,183064.033796206,146787.647028197,123098.260990005,114630.399576756,149703.936537046,181374.479491821,142905.308379964,203663.312467661,109126.797797394,175598.341647377,151290.703160241,111376.178292554,92363.8837255783,214379.989215597,492309.019436074,93745.2717800024,120962.667053503,95984.2150381393,138733.542113539,443992.008130176,156624.481805226,124054.144298516,98416.9106293042,365315.103635502,73024.2058260892,140784.516241749,86441.5873223776,84588.6996374117,111115.147477623,205814.666901007,127798.745358033,171413.419341251,94841.2228633971,100847.889158795,84840.4766072635,942816.364493502,138869.769805272,221388.439710152,112125.431036726,244648.481419395,207197.191777708,162208.561318229,158562.803586305,135993.817411886,107851.593373994,69762.4855765879,130408.876561529,327928.780245898,85975.0971313098,114777.209045556,261604.315732421,92233.310460473,145906.018931414,144395.261098559,248602.035872196,153243.516490903,92225.9964424745,71196.6569433556,84172.7316464323,332762.177131671,140823.105770435,121014.970150568,1031137.03829871,126230.063392946,154851.831001035,180089.859224338,253818.342236426,101898.110520899,146971.555252915,85654.4640673864,298241.029409024,175661.795706529,56904.1505756858,81576.7246143183,188395.491203357,131609.169387777,622367.573586692,65167.4096102716,48013.6926995717,108108.442387189,70544.0140216911,106830.848406016,65462.8966901568,115022.967531174,312175.11684205,51806.9484623167,130877.627129329,266044.408797464,65844.0331935874,84403.4682486163,125043.677480539,297295.947692117,87741.5756263338,79081.6963571974,126341.210099275,70188.801065327,94808.9914641094,135130.925156496,89863.2714544202,82039.6759512168,72840.3162702169,119625.017456777,112670.172751124,72331.0145808518,62261.8140147239,594012.517284458,44963.4209220275,179736.38297617,125442.84891525,45508.3061236779,93896.1597452355,1214134.21970157,80029.1414562545,127403.376269194,83621.4346033393,51273.0939316107,81918.1062247222,121565.057356208,135955.293403566,137707.714313547,1385104.46536841,137620.799633073,81860.6378668592,188892.152670208,76919.2639038167,307108.04630862,82980.2267092088,155323.027708795,78576.0951560591,61984.9383263869,117538.355218407,92753.1888521832,135306.291366688,283974.438090139,67739.7776831992,83084.6442548812,210846.702140589,90836.7119567294,55720.1726439038,600155.097141299,269323.480343238,140364.975742736,122538.329723956
233803.31774248,88815.8367831007,159018.09756928,132927.578101122,43970.3510382087,87948.7396948562,675826.514678087,72722.874453049,437102.724749403,278881.359222946,382515.863996732,237305.912640124,272952.063424943,259461.832267332,68624.0547625864,277841.298792227,518898.190818435,484689.042492298,300822.03915562,287676.167720742,311419.292588631,252995.630223586,238839.482609002,377843.132571806,565102.761006115,259211.972320395,519950.976077139,287888.11018584,400512.604150005,267214.02336708,224664.013496714,476179.255980203,205643.740869429,242209.627764137,200419.103176515,107633.366142985,426033.808925465,117197.067799385,234078.693194885,260006.744233475,296224.880505878,287890.981930339,700180.380849368,70656.4418244081,236229.016701495,72088.9588684928,646273.982030138,422587.428611651,208616.919064524,202914.629334494,429926.065667447,278381.544884219,222777.935117269,62353.1439718434,317866.278058162,230830.922609063,218881.475358441,135107.530352953,187504.3075794,284286.018996092,188342.657936868,130759.70888153,78021.4486608015,172131.341379531,411684.331902629,129491.729612615,225350.038499439,476445.15498314,135530.170010647,153537.903502927,211568.920002587,155452.653364451,175178.994999524,150096.895771984,316409.310794721,523196.536287192,318321.85912198,210536.453398009,214728.922276997,236796.49198141,197893.943102425,160642.880146529,210410.70567806,326016.607197977,1106131.58727137,343944.153577202,117947.760433404,113417.806685582,212467.074627778,254291.858967347,182304.49768863,40651.759523684,171162.565363688,138556.538843399,183991.158750696,192821.819757481,216113.002068897,545686.874137208,25778.1233328201,202003.162373244,488557.137447152,166032.321423017,253454.055057333,127398.16380279,221855.001114642,213113.73217555,121361.520304196,154867.129183991,240264.113467923,270934.62532227,194282.51394576,461948.195440098,368022.675493015,142935.248096978,171169.239093815,203273.379067419,288668.419846977,137890.260399608,195629.562756789,139381.026690529,248176.645332372,200367.843371384,79813.3509365164,83744.8410433418,192753.516188865,256364.868542562,365594.10863758,224309.91838146,48948.0654780941,43004.5211086151,228380.199072857,217147.1844756,200651.967149155,312711.565227923,181491.284239948,338631.910947662,169361.61297255,35166.0034922753,223168.753566097,281111.990626069,261301.694783757,157990.428261494,237753.225043927,207632.455344974,214461.041661277,46058.1770594502,247794.220053111,59833.5877109536,38004.9850017635,137124.864109396,309194.583330231,380093.696229444,91507.7535620678,260347.86951752,201539.085656884,193822.968734711
72253.8899243524,18527.7763596479,38217.7387366585,22392.2198321165,18173.276887829,14398.7479356168,32956.4516291609,35761.0327302268,78073.7215265258,167119.196231947,188416.609289076,67729.6656743771,136034.299565289,133825.858647924,35507.5428316825,46537.1940173893,35564.7930214919,112704.431093097,156120.340567687,147242.026665296,60181.9681763894,22809.1939157144,77537.9444109166,108495.213799489,21633.9158747162,135683.296375714,85719.5820726848,76529.1598285285,99248.7754542388,92491.8097698537,81741.9875618576,73107.477370385,124207.69780734,72949.0778156459,83851.4486295646,32298.0911279864,238509.068443454,89305.6336815964,75044.7803418659,130220.680524257,24476.6779996352,129108.141803072,52706.312508118,19334.4487475593,68434.6031513097,33772.7859539714,47814.1910033477,51993.8204539433,138676.830875328,75689.0408122646,87206.9965190168,56098.0554099334,85375.4502250446,29107.2163001154,124300.753490669,69520.8188820059,77457.8761774347,37587.4960961634,45169.8516659687,55899.7996981344,42134.8878683319,63674.9821456659,28341.0070220519,116800.883115903,78934.101266324,34760.5973628645,66805.7444552397,62274.5562089847,109545.591012382,19704.2805697539,70620.2826809714,36051.3566269483,58038.0981718406,48628.5120689519,61032.0164739763,121603.033211544,38165.1611603984,75237.4833387779,31838.018739168,99266.1387050428,93124.2208381313,77220.4014866031,38849.0122704998,104211.046465498,67362.2290058817,32885.5655027631,35282.3881420343,77989.0783774053,72884.7318344054,120033.807295993,62198.3854964536,26439.275525931,58501.4201463753,21355.9251914349,117750.485563934,62606.526903959,67601.7681229612,53798.7683125468,7412.55955893327,71904.4213388732,30376.7920790284,95003.0074903236,81022.2155560666,59500.8456058298,130719.051462303,34908.1165848451,30643.9586192816,45708.6179782736,148848.544720202,93808.5063634128,73269.3199225004,41679.2406476251,75622.6672025415,15674.1025568118,88473.3550185158,46957.7076660777,36736.2372522581,120283.035082387,89365.8547910512,68316.6695254558,132509.43576161,70447.8647824992,11625.6987255467,28737.4285014087,60331.7707911619,64453.7362851803,118084.064392904,99156.5307408476,29856.4733681351,19210.0136835547,77881.5021858619,24229.4579272473,69104.2451888472,73405.8935380387,80700.6396882815,50880.784798992,44051.4891885468,14534.4038376197,77478.3068153884,73776.7472455157,182323.937245542,86886.4372447111,41669.479262419,73615.3723080034,42996.6009742361,7866.24134310111,125123.374447066,21973.3221117346,22002.6898506478,95565.6287273958,97691.3933718125,101139.960653722,27409.8464174584,143014.064903728,61880.6047432361,72981.832167037
625497.541772777,70468.0398732571,71161.5706243863,189613.972490654,93604.2930465613,332494.401698481,1189833.24801168,425620.897933708,1710140.66340305,640376.078438491,1340127.23143023,690211.203899707,886907.652886907,1300552.70169124,467800.943119135,300226.99630813,665664.161659334,1030320.64757945,1159303.13702918,399828.572280217,1428854.65653084,161978.863692973,662941.62140112,366320.238289466,191070.649365963,647359.45950467,417775.317767076,468599.387647184,811625.127263047,407876.538985788,351504.08272092,490289.034329311,1001104.25511667,672478.153500823,260114.485141075,159773.252891303,623916.2007886,265402.981398714,199878.409091443,341507.561949522,129338.231546776,350998.382405361,733582.024415102,74565.7209352512,619746.8085457,238181.480261847,1076817.71974526,605055.187857229,552114.795116668,240490.909134511,1440251.53161966,163579.334599911,498562.138667544,267828.205983042,1196789.68175629,649827.760549019,345399.436799315,285891.375161335,118751.196585407,216021.194704961,158242.792928104,249408.437171003,332770.211775784,651234.532368165,542225.536013314,184182.269790542,701579.035014177,679298.345652178,311106.444606072,409901.891917045,183314.376387819,48714.1435470477,707491.184439254,165742.872941892,351106.508946312,1165524.27313813,109725.662498779,647308.237197276,51208.916767893,279985.920703974,169802.355937046,190108.175573447,65144.871895576,214937.85133252,2138291.15273851,54596.1475126611,270006.938844696,235364.561230799,644016.823132121,499462.252453057,531755.467846024,46279.5594311287,180202.571809125,45015.218806158,331093.07871382,259830.575695123,167148.270914622,1389234.4536725,37771.2225883522,615691.171457985,382375.617365504,146829.588602016,167626.971051948,227606.978960862,252301.992976273,315566.010353444,50683.4846792212,268313.926716903,71918.3679787016,232599.138991456,681144.607460345,184876.569099677,426365.804287188,252670.189336404,288096.458405663,85073.3869903164,78578.8592478429,311168.601673837,228070.437253097,246332.071850355,1065740.51437974,652829.540978432,130580.111092363,144803.963567711,431828.750370956,106406.027308908,793014.773466612,383762.936639509,347902.593799064,107634.677785038,122002.598459123,407055.648021811,616408.76922293,396490.638794089,526642.645199426,761845.110878655,693488.43389518,86791.345037669,1252617.68939847,251214.91245471,410404.046303814,212743.244158815,409490.352496987,681715.657606969,789531.49119405,67088.7628266282,1031156.83613569,112196.359674069,37231.1096979712,168691.765063504,269173.056535164,166884.585327231,213142.334143767,617738.15506505,281730.628572267,667251.015351459
1518483.98104599,680480.221065021,559483.741581269,677187.850383798,394046.691881208,651413.630831845,2289619.98187524,967031.381103535,1498557.77916207,2505358.23132491,2390407.8999217,1547678.4862405,1867636.02789344,2020197.22861595,766150.281811921,1886357.05416947,2222935.84052955,3340151.51047166,2207024.53059886,1593917.72172778,1303807.88674124,1295188.47434116,1502349.57243793,1692199.56839615,1854039.74152452,2422254.50707047,2495696.32469059,2247018.00756052,5354663.82022268,2197260.64115742,2034194.78731612,2038488.37908856,1739263.12643424,1536439.72181123,1617878.23070871,624351.008658959,2455332.20422812,827440.472510163,1026797.62700301,1065686.6508375,1235167.51705487,1866558.57545602,1291768.89991798,458430.017780878,1462128.49659712,505467.54131539,2385844.39936653,2421056.60755586,1439226.562335,1417706.17402954,1575235.85807214,1305574.05585464,1483849.59242068,562039.205585195,1577158.72215741,1391779.8305302,1510291.81161781,814209.945724983,527474.683466505,1942389.93583565,973448.699727278,792479.008793257,429671.140207786,1170953.57287952,959737.415723314,367348.248157778,1339978.79027411,1201636.85998587,998361.000852337,1761985.29322439,887588.344310677,854432.818535005,945540.447674087,817023.848951405,1176231.19254719,1985294.13280143,1043980.92597615,1283512.99854144,894337.947327628,1171904.65955042,1143122.94622342,801384.053538198,817076.750505299,800352.426756248,3593713.49427464,962937.550696812,713338.570455319,879878.936422303,1290529.32041013,1130428.03795058,979152.391802547,366187.126758911,1626700.97222377,474892.817590238,1162217.42454041,1193086.95604885,1398881.08509805,4034873.4597979,144178.967916275,1262504.62445938,764467.918210906,776993.698139019,982245.383908804,572966.862166382,789849.507649981,392862.997960155,463714.910227329,563691.007686208,700180.095791499,875550.835297511,1311358.58674782,805918.793586833,686605.907485172,469593.515774754,1130822.45768917,973388.307301721,606498.784198646,639731.24821784,954440.462391045,582922.678568192,1396895.52414839,1220015.84821672,576318.240021531,306934.671484296,639836.058061791,1086097.75124134,2647314.30774574,1072347.67530062,486403.88691908,298563.845985008,605249.939712403,1030993.35654344,1216179.94496941,1138935.85640498,661421.38711717,879130.119133081,601520.326664546,249805.10540506,1038681.49276891,691243.668186827,795676.024998127,740422.009288331,578480.693246344,1215280.78932391,650026.016090819,308953.082491324,1631976.96738397,278349.528741136,227938.281073641,732953.545472863,763047.619853202,707109.235609172,915940.638741492,896738.586686871,574971.931163428,1246724.44547948
76700.6515794176,43342.6644989365,39802.6853007072,50338.5373253072,51006.2031547388,42111.4812007604,52810.505859205,67832.2495757301,107626.03491814,96131.4589379058,115941.068039182,80501.5879180992,56999.6855032509,101146.146690929,43924.9328061712,53594.8282706646,64107.4253457213,79537.4427384924,96044.7407326103,35708.4003087019,80406.0158663511,37987.9836124091,78080.4551162284,61851.8110388817,44344.1349505507,45713.0485548984,53607.371549001,57675.1083654677,87356.8293314998,56994.4880525894,48796.6657583902,45711.3023170699,94464.7847801085,91117.3090254766,89296.069445882,62320.6852855516,162650.439924762,55492.9856454614,65367.1302904536,64729.9450034229,82896.1795294901,82440.5678556103,80815.9042455263,59175.9692290695,73288.4273597166,59307.0200009129,72621.7738833553,83660.6631030915,124157.195071689,87782.5481360308,95898.4916975573,56265.3461137141,160857.955650394,73296.7370514026,70438.4675364507,82489.3058475722,56827.8216321221,56968.1174348438,37996.6056914088,38881.1399407194,76397.3360272086,52333.9646566759,75258.8263996704,139161.93026788,69375.87416179,68912.7769499759,82087.9245579314,91869.9146074296,64071.5484239913,53597.4914548017,50219.160085946,72186.8625449955,139843.184338009,54917.8502284356,88409.8125509538,304935.470024587,70170.3750752011,84505.1123535104,84303.7919466482,124286.604392037,66138.3586282797,88031.5068862621,40851.0821478834,55785.2785240389,109569.883359342,41812.2318243042,56256.5636572356,48908.7913008701,50741.3190495173,106525.728423049,65280.7084693287,46308.7499195814,94572.5236001859,52654.4073361551,56202.2756316592,63910.0461667682,76750.64694744,93640.2729935907,40485.2193541644,79643.6464778846,111514.410228655,68715.2528908665,57365.9419779932,26799.2904036421,43462.4866555109,53273.6671642024,34801.7806253192,34018.9260935613,42990.1765149271,56073.6151985858,49015.1688040406,34652.9285270544,29523.4440140622,39231.7534152027,55911.3322909801,28804.6671246887,34781.5162971707,60608.2985965319,52109.738083713,40912.3880702838,97153.267544465,66177.254655009,40168.0563810807,39658.0206072875,83300.5530220114,56729.8630223875,79093.0035949844,51907.1475504879,86998.9493686373,50832.0060523334,41679.6284089546,55976.8515090903,98349.5733492463,76674.696644962,80442.444907322,74470.3029914331,87368.996296756,42350.5876441817,180587.638010566,34331.2523363792,96271.9187790545,64976.5286692942,44068.4324918784,84124.1833427891,66438.1296754531,42856.7099788667,85363.7983314248,32805.2547559835,40508.8823472675,54981.7691364734,43729.1749404448,42659.4076713629,139426.628790861,66637.0618749651,41771.7404867889,75689.271565646
19463.394317018,5961.42308439471,5187.0323279108,11613.0165619501,5233.7856269381,9367.02849893036,35075.5932881565,12302.118769732,30381.7863610108,18406.81109044,30817.2654977657,17910.259424643,23296.2678939667,28265.7824054255,16045.4541109483,16137.124965694,40680.5100504266,34406.0839153231,18067.2159962949,19438.3910183984,27114.2557300559,23856.3527494452,18807.8917004056,22083.2373176871,28128.4255684682,18255.3035174684,23838.6877225052,22821.8270422622,31901.9322239948,18565.6222842956,18087.558511181,14852.6995471164,12434.4160759311,19719.0236181269,18608.0404909345,10611.6580636574,28075.7912396577,11112.3665608932,7918.94936591928,17400.7337382523,17556.7383871372,18306.2604187464,24287.719297959,3906.41418001288,19581.200927498,8436.63403885737,16582.6819843878,19755.8598845556,14635.3196418515,16961.9920160304,29247.454415169,12649.7505777706,17026.5195024085,8421.01575445139,15571.4790018466,20914.095891814,14707.8616347385,12377.5045556125,9700.78500433016,18148.604427143,9615.91210600658,10665.3852523076,4592.49198867093,12904.7580408432,12421.7337772108,11920.0669947326,19951.6748764874,27132.7246282342,14400.6758600426,17131.6333015244,10348.4169026427,14374.3456572882,18443.7292535301,9458.83080096536,21594.7057201054,21199.5846169832,5871.63423750813,18996.2900924869,8968.61943050657,16618.6070733893,8630.58219241579,14494.1754131877,10180.6120757883,18985.7175129538,17830.0442366959,8122.93354118595,9341.56140213973,8812.57541603632,20660.8281080234,17537.3334475593,27125.7500367223,3922.83431526223,17508.8836798736,5910.57853677134,13583.9782110477,17146.8936798845,24554.8289747207,19478.7481735194,2152.97317052056,18399.2034947412,25796.9839152631,13828.9947854049,14807.1546396378,14321.0198897734,12251.1896674927,14384.358194559,9146.05533994876,14283.8145088421,13820.2407792969,12348.5823833691,18043.0155637597,15245.9977118518,13651.3904116651,15714.383105794,20073.1413343618,7977.75977734706,5615.917663988,14463.8274932016,17199.9540346589,13782.6140184274,19601.8533970816,19442.3165996781,8726.07954846893,6601.40916621357,14954.1964146452,17702.1806730205,29051.0793433858,17915.9787789463,14707.2188229163,4220.45425904176,11189.3507206391,24888.8059158438,19759.6558674436,15402.1212391365,17689.798505829,28719.8301775938,21744.6044588816,3519.78027167025,25638.2626727707,11142.3388505514,21520.6665726778,10743.8270007193,20894.798621011,19408.2039021679,20442.6916337891,4133.87716675964,21919.2470297279,5061.57563554164,2132.09787366927,17804.7852361278,11192.9281418158,15058.7978650961,3365.14731931946,12820.5599496129,14759.6566921141,18235.9388405321
71052.0022499788,23343.4083775955,26520.1111165238,27768.3438539124,18865.3958559015,33226.426379386,221299.475544021,91706.7152833348,152143.623482271,97666.8830937179,71909.7737679699,76940.0147733775,245673.663179935,62636.9471119466,29639.4273456111,77390.6178576924,55686.3762137092,57983.4176632503,111228.001678189,134763.312669338,102796.960042688,29550.397893001,75174.0027223173,40147.0942137503,76044.1002028767,36434.060481562,147197.763111524,79854.98957857,285328.744802155,47407.6937343717,80196.1494137485,30094.7241757823,96492.5806128886,68594.7877875215,68260.6790471772,23856.9859986346,168664.866037387,52240.0673247655,43781.6709234673,127441.267151636,45836.9212368377,47787.1997708706,245297.950602018,16097.1181333538,91922.7714188716,47304.7098551136,173181.896018734,291671.412135724,83652.4403235552,25069.605781498,134125.691863452,78350.5843440688,40494.1120645644,69082.3453676609,60068.4525933479,59649.4941065125,31001.2892393616,34473.2334398074,29237.5756511291,101432.142590716,24016.5023842233,31986.5093547256,45969.0945648839,80498.662668195,113718.187946683,19558.1356301678,63219.2655262728,54599.5304586075,83007.9864933556,57494.4829311719,65002.5395938809,54113.996131574,77090.738529468,27392.6570984574,53581.1838384237,122479.847847973,25019.8811368773,58332.9583908435,29333.5825885326,48465.2453537037,77124.133913385,101391.741830864,37882.6016141394,90759.7532694737,165188.010543482,19001.6543627556,29302.029085865,118054.707333013,83508.1223726812,250237.018012155,68063.4024126795,13436.1895060509,96551.4391815073,38509.1358347605,218451.619772021,54574.1691420227,19808.4937650407,191783.721351851,10072.4675035013,45209.3042634037,190814.445222602,29282.6182735069,31846.6984495927,51259.93890321,43382.9362216427,36935.8178986185,14442.1713335921,73799.2343338114,60117.2085075562,80820.7277493958,71628.2666374015,60435.1654951744,29736.5165192454,27915.273592486,63807.1941882292,16250.2761148899,41302.561140049,79928.9788315603,76612.5450016103,57479.731268893,117337.966882711,59981.1841671485,42742.7879888069,34565.3712974364,193454.768846755,15714.2099063354,524445.869999256,50361.3940973845,38607.6467429978,52538.7733980252,34843.9709073799,39173.0255679077,59364.9868850163,34240.7648398147,103032.607884381,43219.7345273849,70685.4697758323,10862.2295498965,114990.723854907,44834.3961690732,119155.417063843,64273.2523601435,37857.265155963,49920.3796473466,80952.9756447994,17059.1250556243,154561.000109044,14865.1489520046,11442.8219276697,94858.9313811924,25750.4196248053,167261.338473194,23252.0682534666,127600.870670995,216689.279509745,81809.5375806851
10164749.7230759,3815953.93378975,3474082.63329593,5247145.60355967,2869949.21247791,2161153.10123988,15827011.0435171,6326793.64346941,17826968.9499491,18967242.7245491,13957188.1949423,10288227.0562426,17113619.0400526,11461769.6980761,5352657.71169081,12120316.9955788,6098719.93819926,11033115.8573154,16181900.4003028,12353276.6407536,14833631.4496014,8427783.54367425,10309629.846874,8050945.56567326,10851434.4926564,12106486.4749199,14804881.37492,23918723.2080191,16509910.3631613,10896232.1714874,12604242.0387388,7893768.83579399,9640249.13895386,9806517.85843732,10709865.3038604,2963220.25106031,25770305.3641704,7455194.51773523,5481995.18567141,11004638.6370301,5495488.67344924,9643533.26521447,17847840.3122189,1298943.65003503,9539926.49424535,4404240.40147567,3905615.15047856,11530974.9657914,7274116.47751904,6447396.72032692,11745490.9586081,7239230.10230658,5823604.44415049,4823491.7831336,6178892.1179664,9273642.28624335,8090808.83849536,4325977.04389791,4341633.44768578,22004864.4690793,3845876.18055812,5005929.68690348,4740401.08753915,13473040.5777191,6348966.76667412,3976823.34227309,8768674.8183175,9012426.99600109,14238113.4419109,6875165.7428416,9274587.17161313,8958658.06571573,8916877.90236641,4027807.03301777,8313298.58569946,4504695.96152388,4863964.82038002,9340600.58953332,5745437.69101975,6817633.05994962,10982011.7169903,8453502.84429489,5750236.71594477,10171837.2150817,3709311.3661827,4486630.5466445,4549197.95185436,7996836.67413296,9710114.90820528,12198761.1685076,12282468.7978095,1591113.06956754,14777762.3026143,2428850.41577882,14095532.455905,9497986.68203908,6199876.71100035,4295142.5064663,803068.687190478,8732628.98284424,11972861.7722684,7029452.45724136,3836338.34521041,7521960.93486034,5769231.81132083,1742126.00051025,3324190.35407722,5324093.75606204,5930076.33138712,9417193.20095173,8786428.70752062,4167492.0806643,4808430.70561461,3325987.10237424,9522611.91096851,3962084.4043278,3257929.95303778,7196882.49916745,10419805.4937132,7145447.67280744,11052367.9392319,8941282.45438422,4797831.75029256,2914426.51179081,9267343.2376988,5021135.34360581,10924676.9141117,7076843.63205661,5072029.04926187,2440600.28902524,4957489.06801048,7548089.4233565,8724587.59249828,5069450.74865261,10494564.5073466,2928424.84178017,6951984.63580775,1601965.16750626,9927260.36079436,4578159.84466053,8541909.7685066,9807380.58685825,6202440.180074,8226836.95703783,6191020.26045485,2418978.43303166,7429256.41717491,1457878.09489399,1530540.19670597,8742906.92686046,3376942.08827273,7686088.89465576,2619967.95646338,7165301.77464589,9230823.998989,8175028.73081991
2153400.33173789,222523.809097838,109080.668399118,446295.085852635,161340.34236191,596926.482216259,3759623.94695681,1504777.14402209,6787596.32241436,1840297.45378272,5660378.30147851,2159720.69812726,3235135.54825602,9532306.93233485,1073595.67719256,1166471.16937638,1217206.21693206,6836874.38625848,2533221.1568361,1105972.76419749,5166067.39028897,809527.032539715,2234869.68435962,1579341.01946107,1224552.76783258,1509593.50270535,1331210.0685052,1453074.02057681,7584921.44726401,1406864.20427377,3409102.33690151,734244.284257984,3517815.64707809,2256303.42423567,3017381.79720846,619756.999904085,7983834.51175232,1167606.80079698,1311824.03528704,2345587.36955495,1449140.66752962,3301994.72677233,3083279.26556282,437425.581162164,2192891.33399416,956828.759042089,1633535.23451775,3344609.77257053,3730803.59146776,1292313.00037193,5428533.53819407,1413789.78197908,2112705.85452566,1345261.18103401,1328388.9623702,2067115.26354029,1083216.25571062,964918.771529643,459747.007079047,3491418.17150413,1294076.16900661,1083887.39387411,1271467.97192754,2763652.71473318,2851052.68058944,530994.988938942,2188412.32880659,2193256.75442601,4028031.00620815,788802.85973539,417785.551917304,373626.60424542,2856215.63812663,628061.596690793,4421258.75593686,5933504.45703628,215192.83421235,2067360.35747456,895612.884664991,2204260.10636592,1339346.74353915,2502940.82560268,292628.941126128,628451.752574752,3632604.07354871,298568.628166274,700979.790324677,3387615.34195917,1979673.11571101,4415547.32373661,1686557.81770125,106569.080687689,1964964.82013887,199446.18117315,781361.578064927,615173.675519489,663894.461582943,1467038.37277743,67090.3770675247,2032141.39693867,606622.437318812,297977.736283933,220088.699553736,215808.908895806,253156.095619326,235980.559664329,358803.438360919,676349.794975114,618911.170639041,1213260.6565952,1856472.06244642,386719.069843811,336450.098006892,381840.269237181,1101900.121316,386705.563493148,130312.798907768,254938.964527201,2247355.06763751,229961.718475416,1325864.49452751,1930069.3699413,279613.601580369,216560.38503283,1694246.03944808,464505.681276959,2973037.07889723,844798.60116827,357196.467855059,232848.858657804,385107.827798837,890612.469420754,1954818.58535159,1272798.91701313,4047361.16910889,1008705.462402,1478722.28453818,128010.850504965,3901392.81208316,684207.65987139,1650919.53056214,552118.946129891,1045911.1629078,1943130.02429161,682901.402253821,100500.734577765,3237421.22056679,293708.636788061,93111.2534810948,1365354.14564991,603908.281378649,237832.107469242,88975.231323936,1125327.87809778,801055.342888981,1923968.28493449
7349201.74390371,3288979.87974929,1730496.39506556,1987942.15744644,2145224.62154392,2213403.2351793,9078451.62584794,4484342.58764739,9845841.30168133,11557395.9496963,14398742.3001106,6829066.20450877,10163289.1467887,12368915.1548746,8278062.15008934,5647820.9921066,3908742.54908193,9205080.86656181,8594293.83483645,8005735.53292686,8964439.20301802,6500495.58909983,6572846.4626199,16553380.667417,7934132.70646547,18201903.0601298,7179580.39072693,26738595.1012517,40943486.0032864,8214876.28377392,27538068.7807952,13147695.3089986,5880927.15213006,6721157.97028047,8569521.11028122,1627683.1062279,14393945.7357734,6620244.79271487,4091255.10067077,8095961.72561345,4511014.19140906,7535378.35948576,8620062.77791489,1728819.14450809,7245449.25658765,3036389.03849729,12448171.9806979,16576149.4658979,11524690.6175773,5816875.478311,5149818.37618587,5017775.19824098,4742665.6390072,2455879.85558794,4905665.92310401,6997926.83325433,6921822.62659168,2632475.62333478,2531465.32523609,20487273.4289435,4813306.45144214,6734551.84232012,2510742.82981034,8614547.07168107,4770024.50722541,2774838.29148814,6749704.67377457,4792865.47583362,8812714.58928453,6019096.41873869,14172843.3350427,6227750.22154112,6000820.09281032,10009115.8448222,7493519.94381037,6561195.9348582,3123595.20559021,6807193.57972832,3935886.08635463,6753584.36933913,7367296.34906012,6207615.293962,16713666.1216564,6561478.21809363,9600006.62316643,3451781.79390864,6202771.45564621,5378243.00449308,7172161.78943524,19526395.6072888,10201900.2518808,926093.37267665,19425541.5686675,6457169.40372042,7284594.40049066,19868091.5885498,7434668.74607892,12615013.5346049,433450.453629419,6933189.50332298,6589945.28799876,6601670.18506942,4948116.95925694,7307976.66483283,9587888.33806656,2180021.00069978,1834651.81368699,3492509.10691797,8125260.74955099,5193412.79985209,6460800.7296305,14944590.2109729,3802951.86115136,2457124.02379051,4949120.1486253,6977522.32682845,2331001.07673895,6021788.93009173,5090169.89447323,6440792.89022981,6957765.32379809,6362248.82735499,3183786.15825737,2174443.2034242,15491991.4302242,5714821.89606127,7583377.31530796,15592693.9229256,6052961.34664958,1654685.94010473,3691732.30285637,14230980.696345,6662469.25045605,8314523.41558297,6009467.18452992,2823801.13983608,4990427.76486383,1704171.55804409,5682322.22650049,4498195.79165456,16594925.7493889,13400568.1145733,4947540.96305641,6663338.48251308,2982202.45841502,2867921.32341921,12423869.3269478,892323.905360251,2448961.01007798,4980548.92448868,8350423.09223493,12321240.3660296,2835866.76821113,5014521.73375798,12731957.266939,6259499.18288864
119352.113250338,48036.6496163674,135489.831042466,156598.010617768,61835.3689134383,42059.3305773776,430811.401410646,29092.7620267369,114499.279041625,143721.783749432,128362.88099518,101579.402134518,91847.5154200991,105708.111567291,78497.7364738972,26690.4501641502,229507.640660708,192249.813499751,168889.820292053,228274.227833888,196317.833674986,350161.907927653,109675.809349831,246561.078849866,422052.859623884,291788.672424892,84944.8509417868,203231.150245345,183351.07865005,230717.333164166,136936.481888538,260021.338695241,151203.340277538,119038.199742414,86642.1364516153,130250.038534168,251444.007384343,103527.047570834,191400.487803892,240754.672646204,250130.530271622,201469.515953712,431965.809728177,83964.8014940476,110133.994307918,32283.8593750602,172571.750451626,130249.591528507,152157.809692221,187886.188372899,145728.714540057,21489.6798035535,116759.624438809,48636.3313088668,181519.456939807,102441.408157651,193522.487273662,141511.388883371,126584.696739805,214890.841218196,108020.509073916,59251.6834997637,40021.5193451074,87124.7072190444,360399.627056789,121020.997191153,125888.443335276,302865.241439944,178487.37224884,233022.562905392,136758.22458241,352392.457498095,294244.188527718,87457.1455058426,158119.171799351,177693.624092589,59449.2805541512,112802.796060156,153035.132703202,210017.216727421,168792.052082875,109839.954442337,121389.857168965,242493.470541999,177621.507633909,71641.8572686998,102570.635350595,53678.8535279992,101822.40174527,46847.0405724292,121605.544159498,81623.6893779884,172484.489392239,115169.950344797,51984.4142514358,122883.519523372,139552.091456437,176177.353569874,58378.8174801585,113077.453164895,377360.940287799,85272.4683451639,372540.335000508,78239.0392173443,221389.32318655,114387.102684708,116344.308822367,103235.41646652,42810.4055177935,188076.362161082,99521.734324908,180363.789932456,224687.398956137,261084.083380622,133840.162224595,161619.548058839,92059.1741490998,90660.518061947,156857.137003291,65232.0211929858,127238.430999157,97320.7858107176,166603.907977634,45555.4010481799,62034.6959814754,112448.655228361,70976.976609469,231190.326872315,48844.047609274,25839.0120903268,136212.536384637,231552.254820303,114820.119486585,194980.485214093,163523.898303515,141937.751789721,147292.059815232,46160.5225758015,151268.768833597,138281.775022257,150369.293538382,100397.650644619,228075.682101717,91540.2244128633,135664.093334071,67439.060686533,191649.812265672,121750.086398611,52233.8714410626,128603.17167595,212534.284748651,171755.93811613,52114.3667831984,125097.325104823,64941.3917409771,126369.133846212
119196.072362478,67085.7498415307,356122.812731548,53447.3919288823,70768.1201866298,91642.6556555253,125935.448518375,54359.6698942394,165117.083775624,157202.6471891,116785.799656492,124356.610165346,102252.92029512,95322.1100299843,82970.8170550851,105626.658584651,103235.691350846,106283.906001172,108180.294874495,108298.472216298,135235.966642693,107904.693103527,127121.983700059,97942.0390271276,109286.465062637,98186.7077443977,111153.172423815,108815.192507066,103254.843310347,96988.8076759832,94449.0618398037,100604.751652795,125750.445262393,115909.478478662,93294.1749121203,68418.8653777229,136477.010771778,75251.7916985786,89762.2872053304,101891.145868491,76741.3618193475,112610.389677619,126989.097426009,65603.6522154248,122092.053808085,55744.7892626266,90517.5601718045,97149.7676227756,411017.542358155,82011.2757160349,167143.061781633,72732.870245924,235138.704011114,61169.5737167212,85086.0974622742,118479.457878549,91665.487216228,95513.7168117797,61846.8622609549,92163.1289752084,95884.6804477997,78556.8996415728,84225.6387549004,108704.292988726,110108.832001563,60805.3388915597,117283.6699672,135268.031235081,130232.434104095,117796.984117718,124955.118525339,127063.457088967,141118.445302663,128019.659165588,166153.179231942,153477.649665246,110237.815437398,115753.091485542,136870.592214099,188627.730344622,109859.796390263,182662.407779229,131672.535038405,115661.664940552,105535.945886224,88411.5290366467,103929.135008275,100923.358890069,104951.390392038,171558.517413538,125732.629518075,65582.8507091127,150438.222119051,116589.868043382,123485.033977018,143318.544820587,252419.650182725,117215.575023428,52012.7882350303,116489.506982163,413653.323524021,78203.242469278,94029.8687935209,82168.9811026441,103675.915565205,76959.1542648654,74463.399296053,83309.8393243688,105541.87609812,90743.8598067338,116019.281833052,135455.773366666,91288.5709976325,68068.8080156615,119873.648574502,82068.3355011794,62176.7765389173,93597.0058215408,94892.4782930905,85056.0534239578,105328.628941452,122424.151885667,56663.2452640637,75298.6667371308,105139.55215685,88502.3516310291,113112.654736766,101306.035112952,80886.9339361907,45206.3726538914,75961.3926485399,90510.9824500776,118084.325594815,131655.415483852,106213.340669903,129073.700741574,118993.478801061,82558.0710280068,251245.983325712,96836.7292668088,155390.438368839,123186.240429505,113210.628075303,116179.817608306,130849.254086361,65915.1147108527,160042.465389206,78218.183699154,63950.7952754687,130603.969381784,91323.6817471631,89178.5131295705,115371.905893803,140036.254977767,123838.466994679,113175.115231565
1321714.19988625,294944.536346216,154307.128276294,405807.62833503,105616.411598496,215810.335658111,1717663.58229682,707739.214790118,1907341.36075421,3128587.41228429,2994932.56500852,1313662.23601345,2818106.8067732,1965900.38072144,275707.880991585,1781124.37716011,259780.621198101,1341476.83394486,2721382.40684299,2484010.98465053,1694425.56323466,418322.831227648,1390036.86942543,693974.644733075,628299.800224942,2847754.37377073,2887741.18602101,1380731.96024275,5751892.33365502,1787487.54539793,2741858.35745795,1327547.00328975,2039206.9421759,1387112.64072291,2086693.24472354,296367.921334969,4991658.54330815,1501536.94905344,1677198.75211207,2454616.96030622,180381.209185467,2175744.49546867,1618689.93969589,351543.335233093,1381597.25014261,706812.99166832,1572887.66226219,3497759.50039235,2441264.95597699,682280.135630506,469122.248237997,1861539.88681127,905153.143566286,559294.198365669,1599705.44436675,1331709.92356491,740851.105936792,116233.092251419,199696.354560636,1992775.25228034,538915.990535429,272181.844308169,524910.16714943,1301221.63623219,2294096.66824319,50311.5182779555,1304035.29726379,593325.88870797,2473663.53536956,1239455.19092697,784662.958654277,232560.41258593,336356.876078666,614903.530179959,754921.12130986,1496813.21063808,123598.699022151,1325101.20118646,310060.016654442,816959.310024942,734993.589123545,629007.7070678,197496.210925055,601340.413792306,1419093.02103994,175626.593452636,265137.869529127,1036047.50699552,1335949.24748335,1755549.38197186,573777.681189774,58882.5408961197,1007417.36483865,85770.5517384117,1254039.07874992,494784.432000312,377190.237702032,719274.300946401,58103.9774987798,1331790.98653739,473084.234807419,994880.924329194,477460.648787252,723417.39744388,1408487.59909086,129749.321543108,231532.660481634,681482.041286624,1711716.80131787,3015837.70533164,1294697.46211982,464596.89134319,377749.152020012,110420.34215314,1735494.51009106,527198.219848933,237055.900037208,824425.907119514,2052973.55289456,515795.629704023,3369575.62627352,1330972.65008005,364726.77057119,161009.197198576,1016865.79896451,473631.007675223,4376361.95992102,1443180.55250767,95088.0230124091,494200.381468474,152787.976229324,329205.084726983,1420514.90950722,960927.392634338,2130450.33669875,163602.328620863,306138.3452933,114151.266776544,682760.405683684,494149.125159593,1257375.97112532,624191.662407873,375122.252946553,1361525.61189569,166333.4226153,42413.3475809566,3651662.25581259,182500.970725242,53787.505559159,1174637.12160219,356089.558999617,1124961.89817865,117459.714607624,2987748.14631369,1008664.34986015,1330147.06687344
813440.684126648,269819.856784838,210003.857679426,371935.35170345,232717.683681466,628095.951751853,1214568.01440239,517095.106058001,1255497.78526401,638561.480297762,1291666.21091671,833843.799018601,931454.635628294,1086248.02178699,539043.477247049,692067.963041947,1462017.07449651,2575584.17181492,836787.845478121,777884.615316265,999057.960032747,545050.667657396,841348.776450046,622565.330682036,778435.415324865,637592.81804256,840865.558513826,777929.461639242,722208.948669443,891085.434257118,570131.312618177,599229.980186152,689709.368821492,838898.680063576,761209.193940311,465424.639225059,1120082.99319308,398224.226040496,459301.800044761,656467.004401125,997539.255953476,1941513.89227007,982223.721052482,231141.010783999,806152.983276897,350875.828047782,1155346.44816406,1383941.71853333,696891.979797788,720470.510681596,1635800.18309337,529556.499522307,980527.443482263,634847.313866447,3804959.30183592,799371.383898726,804660.789307648,805545.20578879,432171.447965676,820219.545019686,507896.32424173,564232.478456164,486542.300272837,912148.94677721,940463.33234039,768583.557391688,795505.888191711,1191876.26520887,786725.517962059,1066361.51527408,550419.152723607,443599.935215377,1338956.19823825,443663.778663575,1813276.88320702,2529893.68006985,508694.320449506,832091.80344447,1028375.09516974,1142961.95661911,657866.686447143,1209948.1263904,569032.795193577,978636.068726467,1851900.76325563,524723.044281599,746854.020069919,485350.910019471,716188.633243721,646675.259759084,800695.675612339,240767.404432301,610306.816906912,455518.609753607,596538.387619524,693011.443725909,826039.00702992,1721702.7370686,152876.740615612,710348.345315337,886106.324552751,545043.068020998,962590.445249055,447889.756414367,598880.985991075,1202144.80571944,589784.501273157,624922.081920455,381441.291183971,741293.07489387,753486.730267706,825334.060754964,646070.403524656,811762.067616023,672321.501693949,309243.448290416,385601.945242899,571030.328650807,768513.309135183,538357.014181415,733520.422798734,743677.343737285,415993.939638596,307683.211819397,512229.556282293,703083.86498417,1136536.29886004,830661.248732231,928705.571999021,310925.788546394,491183.314126485,1042400.83811572,732299.106184707,1433957.48005642,789738.944718992,1659201.56704095,994103.19153817,252456.591697806,1870393.81032007,521379.579447233,785683.823282137,513217.066490597,669255.317249506,727321.945140811,1089405.87352693,263525.534201055,1201105.91555677,344298.111297738,276366.037918068,848843.986508424,1301887.50507302,589995.326235496,1506025.29311971,522374.485924171,454287.13098039,740332.48570405
1042947.32733448,519628.457381464,860376.589392026,1051955.78739142,464363.914869223,719158.646684406,1230717.42804838,495572.579413601,1505810.35183614,1248582.80615917,1532364.11623412,1107263.899655,1398593.95020171,1412350.11894145,809056.410733519,930271.360120893,935876.562589618,1139393.29683739,1290173.69995585,1410962.87351556,1221892.44239868,1164290.78949881,1099948.62378255,1070737.64183924,1591315.66123886,1462892.24666596,1195940.32562707,888330.400807595,874892.851607777,1443902.55451778,505146.192481588,1142056.67210287,1104268.53195216,1081610.3331195,1015128.63226121,1069989.42783551,935603.408247148,837786.546047734,897151.692801459,1070234.9924015,836168.828016147,1135389.60608245,1369443.66790762,367914.273616328,1048273.89037071,714712.886276679,1246899.04833387,1474149.95471983,1095967.98987322,912110.816350255,1212343.45468438,948279.739584744,869602.163507221,499567.925128693,1139225.71252783,1007969.13796621,872025.404104048,1048248.03847417,792929.00993618,887294.64041408,763193.893256961,790888.640068173,649744.592818032,1081571.20642635,1325694.69065954,1029961.07854759,1042879.07734591,1205817.42951397,805390.707299728,1142923.7821285,1065578.86543199,1055876.41088806,958606.200974234,504630.013804293,970227.764066601,1257641.81766566,623885.046134219,1009126.60137788,1030866.07127863,1088040.83112765,751857.728361047,564318.278656196,867534.730759818,1271560.41246238,897581.689684545,624775.825262946,642648.32642751,640696.373832836,1071141.9128699,959027.735476902,683425.231336323,685456.290566969,369994.384520261,693696.760807428,984228.080337751,1070407.51235833,1070929.56643201,993977.962420173,259205.336075722,952570.406438794,930275.266945822,984241.8796922,1207956.92984743,590700.013522797,1119945.57078862,977426.096482026,804318.79984279,537411.469487768,1114496.52860791,920209.961576377,975366.703999695,1174972.55121238,972805.55727854,849402.031126523,1058260.46233472,365577.551685912,657478.697066867,777389.785585768,729350.069770821,608611.554444049,936448.746997526,1124858.01272742,586749.377244072,583742.522193374,820644.998161475,1182976.35611081,1805229.78167837,993056.520287266,567127.695548922,566065.422636068,924585.483952987,694716.53048707,1000941.3336474,969342.668531454,1047664.02448353,946338.982379985,1020686.99246373,371652.684074972,1225882.62209513,860636.28417422,1128280.17625331,920229.821104586,1113859.51163731,1019342.43169854,899535.570073975,361989.7015426,1243029.82491857,610360.796203874,368383.917831942,1129390.6939499,958183.761513366,1030365.41261379,474393.667421221,1120740.37974345,838817.523474158,1001780.79131411
324670.471396542,179139.59538958,159617.880580931,206075.076507124,92630.018557146,106926.986129956,238894.060591839,396069.502275468,502864.04367603,351716.561943307,420947.877385924,301357.459357684,432455.232340268,377707.622680376,157707.373786498,548064.212868929,162332.175237486,287973.328598912,495817.850981528,511099.033133708,317669.246686622,152261.915184319,300164.620911538,240675.694050922,165134.414427858,214719.194528668,916724.913067913,615034.392293889,695492.463173037,258467.565145171,259921.715662008,214657.592379331,492608.21735391,311795.261150763,486732.153549078,93927.0880736107,795237.373931053,287149.550606625,226818.822722682,418069.129070066,112551.586893758,203146.491185206,526014.185937666,87664.8437314628,293329.49842817,137032.740076029,178321.806387895,562963.791776485,525777.024983213,249374.379809447,247951.893137946,361500.993924807,218156.083240071,242472.839058083,174945.949279367,314156.792182957,124677.139841941,185889.199887717,98876.2100459232,292901.862651945,477751.316768759,164378.355954181,150324.075027378,356851.215893509,326784.715277612,82090.224692953,331065.774056666,340039.694825599,320494.247367865,181987.498035557,280719.985844899,248513.45390061,476970.875885416,176743.491214383,224121.730451409,612899.715418078,142443.407712579,285474.48500514,170865.609099847,217358.768416076,259277.398978034,451946.107004374,171298.541126268,382729.758428648,188727.459336258,129981.197984536,95655.8253406227,399308.955301028,256542.346781612,1594760.73703677,331601.747246542,64378.9790101459,222496.19775,95008.8597117151,614529.928594061,124944.812703007,244160.871086412,168037.93075711,59937.0557760059,269617.037948294,340087.789662005,413753.770041389,357007.604826452,350085.810844458,245943.539991933,241007.968719124,151293.76807743,320943.055863096,370810.665308518,583096.317403283,267573.968913819,204115.167716687,163591.007816542,200955.435108189,645681.936924112,143887.74889349,190478.033112291,447645.643959382,461659.948401947,434875.456486688,488609.81410954,307001.324590514,155226.893568552,185318.428534341,603548.59347806,259070.451172209,1113359.86079313,253200.213614755,154912.702538931,280464.309264025,208483.611588418,307920.909885669,310049.794689906,256017.617466965,261321.730150088,172455.92957678,375734.160725943,128734.708948063,570931.223150391,205555.656537114,445158.202928479,339790.54133539,264763.711517562,263300.252637362,249950.68700835,35339.134471406,455111.088535362,97481.4228623971,82048.9081978073,550382.258298359,248154.348828007,378265.745832385,227003.105097741,570489.795239026,438774.606289646,269983.554246123
8466546.89103283,1627762.16470135,1000942.58538488,2417593.44892059,629512.443735417,1472850.17898812,11371291.9621013,4999110.73100012,13018930.9945604,18254796.411592,19061553.7007481,9164727.73719959,16686145.1184633,11762970.3810998,1851568.47836848,10085419.6895841,1604313.84307182,9059271.08283667,16468647.31797,13719774.4038436,10896606.2216536,2566606.27148675,8992518.0482869,4760776.16795683,3840529.36901692,17680851.5255533,17523019.9411084,9004440.55256622,36883120.0893467,12053525.7147693,18589982.1965051,7686412.36456262,14270898.2969454,8036739.67566087,13859006.5868148,2419620.84296863,36047443.5650868,8457506.46931539,11054865.296233,15580848.238477,1038953.68673075,15391097.8890435,9899931.56982622,1803496.52018257,8925358.17292614,4071887.57240271,10106211.5495228,23198154.8588054,15606765.4571049,4949030.51904766,3360492.85610876,10627218.4134816,6526894.99060789,3686617.59472258,10033150.1253743,8862424.88372885,5262940.45452529,746645.706040906,1408193.04390531,12739160.3568036,3764463.70710348,2116345.48412419,3551912.24906493,9383500.71794541,14145157.9444665,408682.976953214,8941290.28760698,3985255.0977485,17328412.462886,7985957.85901119,4784860.1870632,1582234.38415527,2232949.21876086,4385279.07264985,4613835.54858986,10796290.7485322,991929.87980786,8495503.66714522,2311810.73383396,5543637.11081587,5362668.41275165,4331709.05477736,1452279.45555097,3881858.47279792,10450032.7799873,1169671.78434705,1515034.57414316,6579747.68432541,8412000.59464858,12136474.2618522,3826684.40511203,437908.016098854,6871458.16918469,568534.115431224,8339128.00931094,3200419.45459227,2306403.74294037,4734434.47477695,342415.377325201,8392754.35949205,3019976.25897355,5407102.82116374,3138643.07415453,4341379.51969229,7803266.85693787,864793.50277631,1647193.7476827,4449585.53393841,9607545.02912058,17206684.5639888,8141719.76303402,2573623.84794981,2119735.42687246,591169.482745897,9322400.5683734,2910551.53592621,1475373.87645475,4957672.1346387,12355931.4318219,3172276.80594727,17596491.007999,8381918.9939986,2315995.03530614,1068882.18114744,5949587.14640993,2826636.36899282,24794906.1371989,9015497.36532824,611251.753247814,2381150.00620691,954635.672645587,2639512.11411442,8253757.96598293,6708493.06125808,14127168.3156786,1283176.49742384,2044108.52742413,748117.324999209,4754534.73394192,2977933.27560616,8212632.30507773,4089600.91396371,2714688.45017394,8616401.8538934,1152057.3836701,240272.923107325,21584842.7580594,1162467.29458618,376025.070082151,6717191.41416051,2395550.24026229,7245074.81071224,577537.296866525,18899292.1789338,5406369.87075481,8701074.62053394
28156102.1218196,5596704.14651939,3013183.80515098,8037665.10163707,2158972.1796413,4643474.65227223,35177730.6269784,14054682.3771038,38539964.1315139,59584584.2528224,64502057.1362155,27126398.255579,53893281.4551595,44664664.7528795,5528913.39324175,35693933.2614844,5277794.84224351,27445307.4943672,54549620.38124,48235775.3027292,33213956.4665406,8991083.86997165,27830883.287661,14779144.3344428,12639225.6662885,58312795.2066612,60564700.6397542,27792033.23055,117265648.352713,35442182.5964998,54746017.7173799,27416301.2499811,42658482.1576831,28546911.1418565,43395962.4790871,6519820.07909472,99548746.9172104,31247632.5627598,33695452.754798,48243194.8183571,3253141.73004402,45401912.4728375,32723103.4771666,7088921.58516657,28331711.8220269,14178363.9604815,31232083.1837791,71034602.6896467,46844190.0642082,14945355.2575441,9307587.65007906,38482181.6482846,18018602.411652,11186730.9396864,31205137.0029285,28099102.2761327,15023280.1631932,2238624.96651794,4195508.30669761,40168144.0035676,11044282.8504074,5971332.75307197,10803362.8413021,27269041.8078203,45961638.2159318,787347.3644037,28446954.7738633,11617777.4760359,48760292.9809798,25860599.451633,15151888.4137465,4563227.19105152,7040665.6780477,12447712.072952,14969150.4964568,29899986.5961536,2425298.10850494,27203581.5016101,6649799.11502495,16127481.7758309,15503927.8745816,12675827.0559903,4288199.52232929,12409461.6761278,28534484.1650175,3427630.1607937,4706283.1875321,19863010.8449384,26537519.1310228,35216689.8443552,11585888.6955099,1204240.22131653,20782001.8157406,1695394.6911084,24563280.6167938,9667738.63048566,7380694.61401481,14966238.47474,1009910.89995554,26263564.8053446,8821141.469749,19395569.8322905,9098418.56495599,14382403.4324301,28601987.94536,2317998.91728608,4867911.86155522,14449690.0616024,37061655.6171061,59912686.6707048,25618740.1988588,9326369.00567936,8011649.00458768,2224796.8832664,35203346.3976046,10662635.8868862,4948648.31317801,16391442.9877275,39062143.7184201,10861145.9311562,67382269.6202637,27319899.2603867,7187801.00259809,3355965.57431082,20347024.0677827,9513065.21987507,81114438.1666665,28570861.7026263,1667017.52142415,9320744.24971273,3225522.27359129,6913485.62020727,26529258.5875903,19448650.9668137,42065892.814978,3176629.69564585,6148232.11478004,2335125.86108474,13792934.5088553,9799125.59453176,25650609.7758287,12659022.0027125,7474002.23891138,28167392.0895539,3343019.6893045,704972.54622783,73981331.228615,3409367.54533844,1014992.18873194,23606414.5725307,6920020.98201616,22510228.1056396,2327034.09345233,57603983.2552962,19458332.1983814,26169732.0670234
44198.4124228598,12503.0934003025,14217.137111593,21512.5930861853,12373.7812587766,29781.7722956253,81025.2611446637,22357.1292934685,64169.7147463902,55439.4838995318,55616.3302809015,43023.7577557075,53969.0794136509,52600.7523927839,24616.0005866267,38619.0454264502,50037.3017624376,60419.484711901,54866.2263494456,37504.7310164845,54742.1353782781,25088.2931524478,39702.0283386975,34966.982692335,36329.0984289956,54752.3368339366,46662.0944237519,46508.905425168,79875.0765650592,25181.6584035846,53225.6386042491,42468.100794521,48539.4542355561,42660.7937834704,39121.2463458248,14790.7200522822,69360.2985902064,40101.6535307671,24639.868023676,41700.3930987119,42744.255352536,42671.9911068353,69656.4128031526,14959.0518823,39547.6857909526,21000.3686901502,49377.1413966121,59808.7950534689,52310.5455173994,38904.7923966517,59196.0428918744,41639.2869556119,43821.7704377172,16958.1562367204,57047.7881104644,42852.7380621393,39783.4182658924,25989.14663715,18664.0981044727,62515.1896020661,25569.7996044353,24773.8326538446,25136.8627005402,44955.862630758,44275.0889036165,13278.6382802346,41886.1938908701,69504.6146095996,42795.2997372653,50527.6159793953,51083.1619918668,26805.5534933422,42270.3411427902,27933.0183527693,41970.3977921213,76973.6633159663,20638.625610275,39590.4749311505,20260.3173204223,52607.2654559217,43247.1080151037,21150.0229687769,38018.3924013904,40606.9003624385,74482.7112434684,22717.3248620804,40236.0445024626,32551.7024906568,42465.0299957992,39216.8311035903,47644.9885296721,12329.0660793593,47850.3440385028,18116.7709355695,46243.2144287649,48198.3738143019,30938.8672838104,48517.4859401971,7344.58793758786,39099.6268563987,54071.1935091538,27060.497372429,30133.4486252334,31476.2606774914,43035.460141814,34034.2927456468,11128.9252453817,21184.3749180356,36800.2803819806,41497.3553711625,39033.395556805,44382.561707908,29409.2341766825,35543.2796021205,31282.5331948248,25075.4924567012,19719.8395941894,31357.3614258037,28206.7815935522,27758.566935666,47945.2679341479,39377.5380863928,16942.7437958103,14031.9881896073,33753.4657273594,32940.9199535221,74700.5014896161,39474.4280202714,33281.3751568232,13557.6427072027,20167.3451664895,36068.5674043426,40916.7254783589,35255.3027676515,31490.4706332472,51701.4483871077,40897.9198543248,13133.0427239696,51880.991462637,34331.8139855713,42557.9252919845,38425.0804663161,37734.0262340433,44703.8799314575,40782.6759251657,14085.1607294702,52363.0051629492,12215.2313631339,11074.1827308148,26401.3863410371,22704.3932494739,35884.1251573092,26666.4689424328,36241.5302411062,30005.044756734,37702.8005289657
2852858.81237554,1531600.65324091,2758039.64096539,2199638.29840177,830743.3822298,1153540.55320529,4897172.40380994,1099290.42058736,2772241.34721456,4676081.21793033,3444344.002967,2790082.57614629,3470839.17228698,2761445.17174773,2111148.46916185,2432270.47135772,2642347.71492468,3526636.82829104,4828173.38776955,4262664.05392404,2103934.16384269,3979093.80314445,2876314.12711045,2969610.00099531,4649147.38218402,3885726.98446455,3344690.43772752,2964853.38803101,6156050.04516071,4129417.91161247,4383880.42816645,3335565.86847822,2137988.68135209,2790066.37107997,2019367.75553364,1727167.27165416,3150680.66048435,2425795.85441371,3222981.9296367,4078470.05352284,2394119.6178878,3091759.99503603,4158412.58619685,655292.84950548,2936002.86844471,975530.013396415,2756275.54459336,1981400.36974924,1812122.42955259,4020774.33663168,2269727.52002129,1778440.34424693,2255214.38591,876009.900407456,2039968.98829899,2853156.36844659,3815626.5479657,1335850.51603214,3387346.01458726,3003825.52919909,1686483.91344926,1541894.73122662,599848.867087996,3299907.74911177,3873558.67507159,1147768.64071119,2784722.23537609,3087566.07934326,1984532.95071872,2754832.69100972,2659164.47586614,3155377.00149953,1106511.03480787,2036242.10763835,3106063.56465432,2381344.07704937,1423523.62588983,2815500.0783298,1762887.00553411,3435884.64688682,3864948.4180577,1505761.16987209,1714823.1055758,2379404.16204577,2718722.96535639,1381914.67672569,1602786.11758771,1760251.24202015,2563196.59122053,2095662.85116896,1561724.29962147,1147541.89700812,3550468.15083336,956191.476258188,2631308.95356287,2681097.06052695,1779776.06111297,2245274.43187727,286595.323743696,2556115.31430834,3669877.77618957,2030863.48169915,2138519.40836599,1686130.72224724,2329627.78555265,1606614.53470322,1244210.71477591,1511813.73857601,1906529.47489355,2424459.14553085,2443410.69733534,2338491.56967944,1719883.20079805,1344188.93431492,2152920.38019824,2287638.62122715,1121361.07711703,2390653.87418923,2609553.32334855,2103413.38617232,3164089.56867022,2647289.17227614,1781706.67625626,1149709.05714201,2183557.0273026,1916901.20600336,3102687.93162605,2366529.36617274,1667279.66340151,1196403.9810014,2938054.59971656,2176043.64499039,2548752.97680626,1428861.76937087,1682694.12529334,2060419.79539062,911320.229992267,518277.639444478,1183383.27847019,1215997.16100658,1746852.10115513,2004704.59470671,2585613.32390007,2611138.5686623,1312490.27960255,586188.628963133,1676674.9030837,719673.211695778,491228.822272078,1692543.24585841,1911128.64569661,1622212.04365349,1788480.4952626,2884452.45768995,1892748.23510329,2711403.51808515
510493.95634681,187285.00892434,248557.882140291,429816.058599571,166128.248344181,193273.984403837,569529.587760786,344965.743527174,1049187.08948167,916942.11226333,946534.471253483,481308.771110376,709481.585310819,790684.846624321,347917.391178152,439832.842477736,362303.672803034,639299.296404556,623992.678270709,862557.518676954,710772.674605954,387813.646857375,541993.569896929,394753.538462441,487382.246838979,697185.757390596,730465.74095751,582872.112496838,1051927.55035129,550429.384027365,579948.576820031,469165.984662304,473616.830505092,524076.644988673,645049.388104716,163476.50148299,993588.732038629,526865.847433807,317565.824563468,678908.557800039,210830.407581472,470842.909676058,680453.468702237,89716.0262576503,509201.052033753,186204.872561052,585066.881946469,997887.600490842,437597.048287536,368989.699818518,581592.353851989,408652.862659925,372938.624748468,220515.859431297,339843.132429684,518715.011407779,365195.545358932,243267.802967279,211234.770003434,514683.234747776,230136.375368018,282460.684268385,189365.77181964,610656.309053305,591355.870894252,171045.248446385,502226.271020462,677598.649334718,574191.324865705,563995.575939941,445393.181924065,328534.715865963,512622.517706065,251297.859956467,520569.858775964,743556.008102363,152919.263475613,500631.691276558,251322.488979488,458377.239338649,489854.086872959,404802.144878412,308700.54109954,558845.078551824,812201.40669844,148071.454348642,219683.919038154,403889.368173175,458068.651877367,655899.873221829,542545.547354573,115590.205151645,465829.326509539,193778.949145602,603163.959789091,429566.296866255,417426.560805495,820717.157622932,79688.8545532215,450194.414287876,529612.628211991,497105.31586242,548751.817115065,359222.511214749,541340.550415532,407966.045059425,145598.182337114,248177.785346119,647945.057293156,717960.237384991,502031.706465268,346264.621855951,451958.841752549,205766.84770623,535536.876412576,214245.91442324,159800.41242575,734770.384557943,640994.98718504,408670.479867113,804095.734289165,463382.62908205,293757.064308088,155993.568189677,629314.030104052,396372.582824353,1016232.55062953,578386.758037544,292537.916911176,245406.757485398,266321.238318654,281653.363630437,469032.552484236,236833.448722145,456029.919153305,490236.906379467,368271.344284643,97766.1547537793,577595.680209315,379304.087637871,531210.818784368,417425.607896318,473602.604930306,446949.930036209,357897.575589243,102436.644656757,536776.080912054,128861.303052202,101199.220786893,531209.953628821,328758.854484191,672229.961271087,193752.230026397,548927.15909827,544689.381315299,491445.683615319
19678097.623028,5383481.22197343,7245784.80452789,11887507.0028532,4022853.83128894,6041291.05223586,23331920.0698906,11139753.7163994,38081569.8666541,32852392.7057762,42113181.8668169,19232250.328306,27262188.3716006,34890261.6172048,14647800.3245234,17811939.7040419,13505060.8702218,28145699.8451165,25001718.496833,31509318.0079131,31650432.4822743,14150787.9737897,21911841.1621576,14151482.5279044,18718422.7273292,27205607.3898184,28458984.7736555,21943234.8488822,39160313.025684,19155203.1691084,22422058.1675615,17065046.7356078,17257164.822474,19914409.8782091,22646723.7191424,5853607.37830377,36144135.1081023,18760450.0950481,12510830.6384117,24668523.9509845,9300968.99963431,15007153.7432181,23883852.009004,2366696.38603023,19617957.7264536,5551172.49866088,22183152.6274677,37078034.5857041,13201511.2969535,16066087.3118557,22836080.9068866,16339544.8258586,10968516.6417044,8366006.39331731,12975772.1230753,20432208.9263474,16196937.5354561,9943774.07297895,7274161.38412258,20257264.7500312,8472150.39880998,10421714.1273589,8521163.20551764,23390011.8823783,20823169.3010346,5530264.72923457,18968394.7251649,28039003.4113381,19247231.3834207,22220047.1802475,17548896.986594,12264526.0370403,18444237.8663695,8215360.04316433,20362008.7272839,31003794.3624996,5341581.91500832,19150319.8196576,8524575.71597673,17962008.3457903,15620975.3647091,10209362.6015173,10414989.6438442,22933690.760168,32288338.9220493,6657826.0938184,6840435.64678945,14322850.9023048,17326513.0429946,29922259.1703685,17382547.9385165,3106044.8222763,19466285.5535326,4639284.69284099,24963527.978513,17824100.5122816,15646341.7873661,31043192.5763143,1243030.85376338,17528674.500558,19719020.296726,18006244.4482278,18695613.349573,15557067.4063122,21820474.1505555,13428689.1304346,6818481.22892926,9862575.19817153,28882973.5524918,29456408.358816,18517846.7836501,14515899.9671283,17356539.910414,9555312.93108789,23908751.5018769,9673420.25738305,5914931.75477189,31158893.3402404,28246169.4622238,15309184.374197,35483594.40203,19828109.0622086,10155082.5459384,6525641.6160011,26275171.9838823,17178340.0597469,39842635.8540384,24147139.1274625,11771916.5016151,9028836.31391723,10738658.883455,8972732.2632488,20996993.5321569,8877649.71352999,19659219.2234385,18442679.2045781,14444097.3331246,3369465.55196129,23635089.4365482,13642764.6173055,20777694.0863592,17956221.2363835,19430291.292033,18849243.2410349,14184790.2360759,2146167.1911728,20689214.5580435,3511465.73652105,2430570.72287211,20796554.8414491,12660564.5866331,26700500.3164066,9005086.87874717,23512746.5696459,23139072.1768343,18349933.1449936
43420068.7289777,12798947.0226475,12536659.3262377,23420510.1484105,8781930.40369285,26602071.6192656,74273311.9828281,21738194.3840942,62876818.2228431,56341643.2221884,61788556.3565444,42710125.8155786,52097235.8733018,62076169.0343811,26571662.3667596,40163342.337223,47054545.8168239,63781583.0721532,63165217.758567,42644652.2653149,53105774.5941903,24949999.9857907,42160444.5343608,42218308.1065576,37081568.4650314,55305106.7930089,51259254.2435937,53348816.482162,80400815.8929078,30944925.8755529,54290864.1093396,41086001.6938177,48279805.4321476,43066299.2816043,40718297.567502,12472589.8664877,78750907.2453316,34684494.051525,26194739.7453669,53266655.0510464,38847369.3087238,43691907.3194525,70153600.4649072,10337425.3516663,42162870.7979384,18300029.3379394,53559566.8277797,60161095.6660721,54308285.8808309,36731451.1825529,64864719.5465463,43826214.6064516,41910149.8866623,17729984.2326312,50488056.9160512,41273980.0193274,39975385.8814495,29568696.0884794,18071465.3994662,62339130.1081881,28221345.5098515,27213915.3444318,20072612.6146999,46209511.6866778,43577786.3089963,15364754.1542958,41331471.9902719,67035675.7559596,47910756.2835564,51247947.802236,49717371.0527186,29143303.7296675,49224485.9739743,30142312.0581238,40392105.9059154,69980668.9862784,20212551.4814998,39781948.166577,21594527.9427272,52386513.1799383,49076108.1072962,27687774.5562583,39158755.3034654,41174485.5500759,72443179.4533447,22724386.3359053,31704894.2560513,29109025.9158945,41312231.180468,44978002.4186407,55519045.1483291,9488982.55201367,55920866.8478327,17470710.677492,45668347.4285832,44999026.0442987,35714733.6277379,56500644.464855,4177374.36271056,39940443.1915305,58103852.4749977,29284443.0185671,35181164.6548335,33805798.4912347,44020527.1426611,38286522.9220425,11971983.5399308,19744429.6606843,39056095.3881119,43382607.5947641,39688933.1299386,42886107.8348063,25919487.8208878,32625918.6930133,38296500.6042996,23938704.4436038,16082622.5149095,32052530.2990122,33216881.6147073,29903982.7776099,48980907.6814087,38703104.6894168,17509681.0005982,13527484.2085402,31181596.9145904,33850673.3202852,74728348.4929101,41572018.5775886,30814302.7752022,10591674.3787233,22595191.8452702,37620695.1340592,39523434.269051,36364022.0799647,36182315.3129759,48063048.4117783,44758857.9400066,9553650.15081182,61840340.8333265,33121664.1003158,45820150.4899467,40799362.8412494,35966708.0782233,38685713.4313701,42107566.1800187,8331496.96547957,53845629.0296725,10675776.7069623,7655487.93467233,33991355.4880561,23596054.013233,48092447.380219,23815795.0676435,45707715.7981116,32174485.2820311,38797820.9551632
46728643.5704761,14827983.1618401,18599240.8767464,17009126.9727495,10165228.5407406,49240344.7392009,65498729.9997764,13945511.0500624,206027622.58019,59083165.8303844,61848077.4772716,48474031.4388113,48679564.8649407,63331485.2248081,26316140.922409,13325787.5678763,17733334.6526152,43450198.40213,37581326.4272452,53082835.567644,179469552.172584,21084378.8634775,48125245.1713107,32789093.49772,27443739.8495812,59928671.1721005,17894458.4786439,71060744.6385024,81277866.1267695,13817306.7547167,48756799.9939066,22455329.7486685,38508238.1696141,46499257.5660955,44684152.4977011,10126995.4882901,56707732.9023435,38151217.3815068,28058291.9413512,52342203.135037,21196835.6218273,31471730.3773149,62833324.5451194,7402398.5752099,45920308.1248427,15884506.0462271,23689351.5907314,112598087.24001,65047127.337069,19200922.1324963,59004651.2569269,21032855.1140738,19524221.3957929,14605201.2005896,31607882.5578369,46520047.0141179,23620123.6844148,29517521.1052971,21679572.5223477,55864801.780889,28849743.6245913,12324864.4054724,62552095.6146074,42289192.8164961,41818351.725769,12740021.4358057,45711754.3360048,56036247.9488259,23337916.2326452,38510957.5668374,52157378.932792,10677381.0654954,83202877.6854517,11228622.8450314,26948127.9740909,68526787.4853006,8947798.49264484,44440302.6511243,23582323.0090415,26695936.7626978,37802152.7123468,9006953.54647205,28385896.9246397,48616022.3435614,29786911.8337694,13219272.5332342,21250151.3461267,19775595.4080378,43674305.3633834,26832433.0587327,61327199.7386206,5150631.40476683,20317028.969813,20055187.1074916,45916713.6407501,55651063.5895755,25947577.1487611,28884065.0564768,5292944.94868669,43406209.2335097,37754637.1873305,34363091.9048387,33205599.5449647,35663904.6564636,52495484.9265026,31357877.3622441,12504041.4569099,8957666.57417739,41931127.8645579,46958228.5299904,42154964.8267185,37920786.6779642,62341470.0426227,23224553.3035149,37353032.0272046,8316567.84879442,11234210.209401,46914894.0675088,40783874.4945898,43687649.8791106,45673073.4904047,41992872.2996306,15229433.9025996,9480940.84189651,21022699.1160455,29275718.5698159,110148183.205238,69839059.0914505,23884292.3114848,21054286.6803196,28500146.0745354,34429127.3630061,41556741.7310766,36762862.4356795,66036321.3233747,16886014.804862,47799835.1607459,6834067.39597305,89518646.3023891,43513899.1515282,56662102.2891725,46946736.8573337,28019944.4714137,42440503.3962752,38731296.4771657,7015315.59545857,60557429.4629178,5897066.22961659,9235238.0130547,48114198.9322118,23221422.2845469,88230250.4210669,18934613.0296073,50072712.7498165,15053141.4642968,42508700.9487993
504462.442827886,285974.987680938,559256.304426925,314993.472410664,330968.906392738,384059.810658913,547162.69006352,617988.301373404,556102.735224269,852994.545052648,558559.219228069,495997.36963614,408639.700604403,540765.845806484,504415.07996938,419361.475810776,382702.18331544,487188.794768808,523005.583527574,255058.704927215,516367.025676384,312260.497010402,516386.96125039,395756.740295412,381943.103612476,221775.251406574,403717.028477827,400403.532183561,417454.923813228,332755.507513295,311765.009195388,263702.20634179,911263.859210255,454962.750322498,375051.663195221,353905.613765521,730396.278064656,255836.400568344,286027.19950545,251824.487559881,350185.139496174,366757.058945408,745548.944627608,436611.965632467,475588.548020289,274836.035216988,299845.723151766,360472.427154516,1957774.35557653,316322.341103239,576085.755176205,312918.365612383,888511.808617458,481337.180486485,325810.066170983,509614.795801306,319365.369624304,303481.29958449,286490.384935207,304015.099194499,423797.195793466,274346.6246392,488845.270960603,587364.294729168,350237.554681561,391425.772012468,448315.276498097,679892.600983334,466344.161821033,304145.72784754,292856.133509995,326640.827297843,1063075.67396623,314149.836079719,432377.907288416,1670263.97954818,303586.536909822,447799.061298409,463677.289959943,834408.11424957,485356.476192859,536190.844577829,345791.316484488,330958.670463169,474983.574230534,259009.456808456,310383.62619686,392350.474774132,427188.519829114,957571.982160388,321314.975326988,265660.179215646,485447.278288854,382463.323003208,271790.451440118,357448.840625637,368665.003081072,360856.692146597,228859.007247006,464875.163224556,1738424.54543292,306411.581215785,248575.287677472,205312.267021234,216766.43005563,245897.340333885,364624.019605634,274501.049566659,241341.054455567,289165.043498745,435006.630132892,385989.210116169,265563.25025929,255351.201264949,333388.318457265,284545.247354781,237112.08578196,246403.275048965,309462.996232694,207809.299516277,366066.209508147,443143.841584719,196553.104527658,342236.027494367,632070.175329865,307465.091933033,372754.816738788,269440.021922614,463725.99768183,334388.49375669,280829.293001092,481161.451347993,458431.342010363,570269.483199057,445178.031188769,305409.436918357,573211.72005403,319152.029841821,1044670.93637111,254155.550395182,449032.188569682,457290.074407675,269210.59614406,439787.839439496,374765.504039813,238188.700134343,563606.229391895,276605.550850566,255253.10325313,397869.820855953,309867.279247039,314008.298003218,884178.73142427,645519.220254265,496765.912048158,458951.896407255
732521.882955501,224425.420482898,310647.523442263,525253.405769056,166909.56049037,267404.920236298,887972.881249631,468247.761529714,1539410.09789661,1299759.58216471,1503182.85996172,747006.9250129,1018809.22847377,1386658.68860882,621253.145287504,762410.948887974,540607.523648156,1068597.61090199,950300.037600763,1307650.30252652,1149633.01273352,577788.750654314,816659.295537025,565927.805509137,747968.171159666,944318.820512248,1092391.34365602,877169.071307969,1635198.44131961,800865.538725633,989170.753540297,688134.386236915,717627.567304204,723826.77442122,897960.686202145,248931.410308381,1419324.59922647,784014.69383377,501299.668079947,1190382.98062852,409582.238426808,586825.577438824,1016256.12385332,103925.974475479,821737.715408612,255451.628354493,852819.300207581,1461318.62509719,564139.532664755,636040.292053784,797117.423543341,622620.249442839,479291.874502119,330536.686211923,517009.477151598,783188.873835985,614318.84153389,390000.029361718,277232.117804281,851787.351451618,338759.284492512,427143.359851266,335471.540929946,964919.019500871,790212.423556256,209326.734826559,806986.362818739,1147475.16248222,753170.59739433,947077.714531341,729801.977023669,534497.339751113,723490.64341787,316176.241369261,775184.201882444,1186199.7848526,208550.193867084,781207.81976765,377882.460474267,711736.886839732,664616.848865016,413011.586267888,373865.283110878,907714.140648115,1368356.26143555,249504.237799225,278019.238325685,622071.03406424,761431.142725351,1139465.77814618,700192.241187359,135608.3385118,794771.584570025,194236.525690451,914167.997370521,666843.520075399,630709.362001157,1307874.72292736,63147.3541851555,715456.197708307,789676.048715483,734139.354421115,754051.543034537,583264.47661421,927282.14744064,605211.962585673,264614.615007618,369931.856903794,1075751.01594306,1213142.86149962,684400.758355153,623170.899831474,682286.083260436,364906.224865349,973627.457156886,378399.937447513,233028.865747429,1100164.72876384,1095902.98566833,606290.315183877,1245145.01716501,734853.450584332,398981.532838286,227993.971620403,1034130.11083285,689072.451134444,1633458.69105276,983739.02576523,450728.789725419,362109.317768416,401753.058664602,362390.627357753,818438.451239849,402802.637129026,825971.301372795,679043.936101588,674148.229014612,142777.904085662,1001148.70167162,547396.671819567,766793.705925457,676642.843766065,771367.441380778,769758.045484405,574371.518963712,111205.145488906,805338.330227507,143653.741779135,107409.402886178,812121.425802615,531167.374347234,1033444.60222097,382371.957620318,905342.57745494,851266.306878258,693301.434517086
40012531.7223533,6815180.30713885,3629876.924033,9864246.19431558,2746517.20513884,8610084.38273217,35269233.2256581,34659587.3913986,73860867.6945273,43066425.2858355,78340431.7120498,39621395.5276376,57114926.6390319,91948989.0362806,11983510.0513965,32654854.1407365,27049764.866186,119290378.691254,104758411.865431,46245033.2270757,91732685.9623957,8274855.14697033,39653713.1487457,37435728.0841148,19410921.6837136,108066527.473204,61738477.5602488,37524103.0616498,78138412.0991578,62851763.8734839,80886045.3320391,51877227.8541234,114106923.203346,40168545.3001716,28680923.8797998,9975737.55065691,115026577.139544,37006978.3174247,27780246.2858907,45502903.4757315,17947380.9189345,52699042.2185388,13889625.156674,6043040.11159559,39878988.6433501,17727502.8073278,78058366.1389729,33375579.5650664,52313739.0206521,20441738.6129967,25835084.2235159,41042998.5547458,87986174.5212168,19892363.0625764,41000859.9056187,39984198.9472678,21998224.7912984,7345577.5016497,6136086.14542599,31314248.7082727,15352193.0475121,19200265.404742,16144540.5260879,19794035.3995851,47851324.4156338,6527810.81101826,39297216.9863663,16921022.0217503,80981373.669659,10921849.0332661,10789720.8457688,1205185.10716493,19698080.3316812,16609133.2792493,47086209.357998,69664854.5438651,4560000.65285749,36746364.6115902,8921026.3848856,40368634.5086362,12115485.259616,21252508.5501117,4234022.16522265,5369631.14804099,99218588.7046756,4466357.44227894,10409425.8831133,20463797.4162903,37345718.6385668,60692347.7372456,15576350.6116882,2492117.22663052,28027471.0071943,4066058.12460597,16847166.1416478,6635648.20744307,12002404.304524,54037781.2267294,1006074.11934659,35995180.9912967,3984368.15062434,5349284.6095109,6253844.3227412,5522321.76876567,8455988.03774281,4928690.74262669,7189192.35297486,15562568.2250469,25588343.7661921,42920997.3093597,36142126.4117123,7117114.83352552,5435498.00829604,6780235.94088368,13318476.1021139,11033116.3119516,3092348.01233197,3566575.92067254,20769614.79296,3298551.84852807,5839547.72715763,36005908.9310648,4355225.62525837,4281535.67753006,41557069.8762447,6530715.97337128,16223942.3463522,16689613.4416869,7812209.63911823,2787145.55385747,5542906.86895776,12976770.7517774,36426954.7058607,17134691.135335,29787243.7428319,41618694.1792376,15706991.2008761,2908826.47910326,35985177.577132,22996064.5239826,16266432.1463821,10719418.4488915,6423196.08275138,36177045.3424697,11001837.9619531,2273568.13009577,8706458.61323212,7959499.1659023,2537564.33069065,6238511.5956708,18808696.1497197,5442158.97345929,5623901.45542444,15869097.1632271,21018955.7412251,36017121.2730237
140244257.280519,36210277.7656323,30804118.4776237,67427942.8093056,28519106.9041151,125845589.096754,307617798.830147,89533257.4326087,207208571.93524,136307038.73213,238858545.851079,147921908.819979,219288156.004662,192863954.541331,60117808.8865792,126785877.605676,150305487.558491,220217135.886907,210507699.869958,183962082.4603,164129034.233669,213200990.424969,144022681.486159,124773632.534483,277964382.00184,193605881.723775,208558444.462772,143930923.770918,203551359.238765,130344900.729003,122634792.695439,131780089.511629,95026995.0638499,146164997.330832,146198762.518393,33577706.8997616,207753038.371712,54561345.7302478,43378301.3207178,112849500.129591,59314560.4964404,130782028.603943,284860708.223661,5237236.10621029,151675735.832358,23875987.2925016,519851093.200327,188701850.194115,133767610.535922,67972368.4998983,169385763.401486,75332228.5641331,123509406.058536,33247877.9239954,386794228.42435,140883818.583807,75888249.3563145,57991258.7967225,28594812.81677,100465540.692177,43576659.2740238,69678372.4366973,25372405.8779121,86134734.2162062,384243913.434866,28823184.2543206,143274999.543684,147550702.793141,129916768.671425,118369791.476646,109754121.737785,150955054.868325,147085643.544079,36377793.8124843,133762309.212787,610416840.155722,52329765.8620007,144345411.341469,126891592.930067,134529066.5432,83805963.0932086,88817141.4277158,70543603.867076,134047337.262048,607730733.4358,48027871.8869707,63421721.5336894,108535905.872531,136199617.549925,125259873.101003,134232839.222946,26908298.358268,95557700.3110533,36749883.8342602,124707081.482497,106129417.666448,95963317.6751865,654635082.05032,10081529.7329559,135617408.795582,254054229.772592,70513505.7205163,99934343.1979356,69664397.7385647,100974300.207563,63613875.0325416,62390446.2954628,73288128.8791337,140788181.31003,133528567.45309,128096855.077184,117885220.246724,89203819.9176767,80356712.4130262,160768022.243575,33680981.3058298,35067256.3337457,93356171.5537574,119969204.571963,81984600.913769,109440919.494308,133677765.923713,38304215.3575169,23819061.5516673,75536280.6459985,83189509.7202906,245461601.226302,113721953.996148,22557470.8019604,37980616.2991176,63132538.5293683,53341503.9200993,130203205.967435,116729427.141332,144905415.852814,406820271.486761,107675429.279381,12152937.9149744,182087287.973332,96207265.3265564,183603175.362057,105512720.498981,98757313.3826492,136264524.033183,100902969.241887,6659231.29437384,193794493.152939,25528602.4437936,11709583.5666189,168310647.570155,466626205.920775,102024035.022929,51293964.9520654,85936610.0556455,60129244.0529825,132149169.907459
839299.444509229,262488.986589113,426267.925434744,395992.948152857,214687.029068041,418057.594925737,1199587.10194362,1198291.47833276,1147903.21424883,893534.787496418,1390733.59196558,834488.912254534,964238.016833378,1139477.62108753,579888.211862036,811625.723563973,725267.198976062,874954.599870692,1079641.44220598,1175480.59042381,1068709.19985968,575363.639322571,756848.275408965,574523.923492811,757702.90863867,981780.626060416,1106778.25563342,793328.341296616,1314994.19567532,660099.355753636,804394.244891393,696299.196776511,1110164.1873606,843153.083088147,916276.883002671,402160.642392816,1434863.20952925,566749.541962001,462876.43569584,1045926.11687013,608768.778336796,708653.987335282,1236405.34045305,400887.073010355,782448.845241813,387834.946920397,939918.219134309,1097148.43671137,1172878.0675173,550009.015355332,1126631.74887918,797736.13694396,654758.128408214,639702.296352789,539946.722461854,840692.932946444,567747.956066152,632180.917889892,462887.027329237,864042.243790886,435043.009789765,471320.972286455,459872.908627911,1111122.14851128,712773.063976212,467957.231255276,812962.228428587,937789.973302739,776314.690808592,716213.452187406,639172.848037423,490735.532114898,1553588.38017561,493514.484402804,665882.205190566,1028695.00575182,828197.677025272,832209.694938131,585836.699640976,713277.087067042,595597.777142395,745838.840828513,586997.362486163,997075.069132363,1125492.58771256,383456.176822122,592797.528234891,891443.938827279,796165.366055004,942285.556324664,784352.612332746,236602.994734274,711606.456177821,350306.054243209,794922.011201841,730350.499880857,591404.773896556,972944.877333752,111084.514181557,793767.291870002,1035311.47165117,618309.945343932,697819.604204663,592459.08855243,738102.619465655,756505.724299377,439619.576860168,643492.93398638,694687.950548169,773025.877821256,795475.446352816,806281.613669312,630608.839327371,596820.526262905,820505.655821573,408074.464662801,514216.189740865,736781.770787992,738011.229883433,595763.152184634,921877.490313758,796915.213934001,372291.851778498,353187.094585084,849061.89110913,619909.67101154,1392572.35458371,779894.915792073,547002.792591329,314944.528601703,625187.336312014,745260.59571504,781387.12899432,1020443.62413048,837909.047345758,690715.549140602,1037853.08622187,224527.412564416,1403297.30778932,546133.040764033,1171731.67489806,708029.466824713,697390.156744211,815720.312386458,719893.637195111,231809.73994083,1055830.60409898,263855.595559968,206874.713898317,793606.343869795,567751.995856666,680293.715578059,581382.974563669,915628.322688197,853659.187673513,741081.880406983
15720038.1876801,8290352.84217107,9601852.11815498,13223243.1613063,6159656.22728477,3751791.9749678,17195796.9147758,6698422.49641996,17857606.3342591,23766215.2215981,30962714.7254486,15706989.6815822,29939278.6842568,22887381.570255,9804073.48088514,14324306.1130089,12333051.5228023,22052411.4555184,13593992.8303908,30360935.7445537,16089331.187971,17092153.3215184,16149825.3273111,15524578.4939421,20397995.608821,27626312.1259062,21346956.921965,17411795.2147395,17605248.1181204,23027841.3302021,15527232.9825887,22770407.0746991,12250301.2976329,16770282.3748323,27324840.6413648,11891203.354702,38943643.1784336,19961703.6944952,23395798.6147562,37724842.7454273,14658784.3127862,27664298.2668853,31251023.0526624,3914010.70926045,15788773.6131029,11414972.9640636,3442427.22176572,33274436.2125118,22005850.940531,26965602.1368689,21409501.1887202,22546174.7530436,9681731.88556263,7613966.50563722,10543876.0505852,16228146.8884088,26631938.0209311,16934556.2407893,16304187.1880554,26501114.1843637,12330459.235904,14017495.6126812,6849797.07596462,23311625.8715264,21584090.4901806,13712373.6104049,14694020.4717088,26123769.2452683,22017134.0053626,9586232.10496953,38003709.0216274,21686723.6974891,16647184.5349775,10661033.9806384,23161316.6617532,6528005.86587291,13629228.9753276,15685001.5476409,13638550.9190886,28094360.8335458,20819913.7614739,16564414.4865721,28889065.366011,34899599.9665292,2663850.84520653,14647652.6424079,14652896.940637,16923556.0800631,16182517.7777101,25546817.4685932,19460820.5986817,8062372.42980902,18105770.0117332,12672382.2026436,34232533.2119017,37527857.8471503,23089954.6534769,1168547.04807681,2719718.07857782,14606242.1969788,27582468.8890546,24957316.3578089,35442115.2350431,24186535.9025338,45690797.221622,26740279.797053,13401207.3465542,17793558.0979753,34022953.5212242,38597115.1632496,16620042.52941,44834690.1348651,24307396.8759943,16782933.1207717,31910123.9639415,14369581.6303118,12203378.3380858,25473562.7914725,28850339.5039143,20183599.6702769,31073819.2224354,14826360.7402037,12168803.764262,11459525.2356844,21545008.0040553,23277658.8956909,34423285.5347137,31174874.5124968,13363160.6687283,5089093.11108001,22449283.5515155,14954755.8749152,16443493.9763839,22234668.1633269,20152677.7702736,11641335.1784656,22328830.4525157,6229232.19077885,20550358.0595134,20031729.9533526,35236700.6608471,42530168.9013627,24121259.2608953,15587765.8943921,17115073.0181192,5444816.4551602,36440232.4401002,7844578.34704306,4637799.83466917,25699068.8375041,6108583.49226322,34760032.1894307,1165642.43575365,28661419.0144248,23782097.1361367,15613819.0047092
15600501.9273519,5942840.93860435,5584609.00833565,7865574.40317401,4437351.43046379,3390071.39234447,24815618.8921026,9332601.42323257,27871132.3009269,27751788.8368781,20704096.396014,15269545.0564086,26308006.6801547,16652912.5860025,8504929.86258153,17885871.4621458,9231795.4119127,17318244.710387,23421419.8880768,19133909.335403,22971809.100148,13592592.9750048,15360319.643957,12081758.7881855,16135784.735878,17949934.5681075,22854185.6480238,34420074.4466816,24241336.4935879,17394360.1503592,18584811.5424139,12220020.2747212,15529397.3867294,14452955.8951322,18141536.8971139,5001367.39827605,39313160.9892278,12222423.2116542,8712941.59183571,17227190.0257899,8934744.97799249,15627412.0404775,24877762.5118886,2101425.06234603,14577085.6852849,7558232.02275175,6365654.46500562,17319148.3198479,11233482.9027214,10313942.8037611,17217152.6055773,12220760.3882492,8762013.17615106,7579353.80082237,9686603.09236233,14978026.4708347,12486316.4308618,7193770.19968021,6731212.23382959,32291432.4397986,6522919.92255314,8076601.8545485,8349720.23326446,21241333.6849716,9461210.6396468,6781921.89961482,13824883.1515362,15702753.7213692,22311117.2248469,11247861.1731774,14364629.5187612,13805002.134599,13722425.9314304,6914740.09747805,13237377.838625,7783934.80111545,7950858.56069048,13759220.6175038,8964318.52663157,10181036.1396821,16699000.598993,13223581.6821578,8875057.39410813,15997820.6188589,5821284.72015152,7601538.36959289,7320343.11249198,13648297.2674944,14344396.1235269,20450327.3201731,18987457.2431068,3090725.26272138,21989238.4070688,3613825.47228048,19204407.4976978,15801476.8336942,10156091.8148353,7015113.44129384,1296717.54073969,14141099.3399038,19569725.9205882,10409900.6072982,6075251.86483642,11681756.2295701,8517978.11351159,2822172.24397747,5439160.76845233,7739945.45211056,8937732.0186968,15152125.9683674,13668577.7164587,6271079.30058358,7076167.7544044,4684030.19929244,15005374.3803611,6036147.05472008,5047173.3687219,10151878.6403745,15480623.9534146,11977740.5634465,17162965.9055637,13727744.2431284,8090650.31026418,4705901.70191058,12599173.1532688,8159492.36760927,15889865.0833451,10838678.2611684,7777761.00034199,3897604.75603141,8091868.46192585,11826298.1666508,13946037.830689,7982923.19663517,16478763.610544,4966450.87225535,10632079.2637879,2719856.68358412,15750988.7004156,7030945.04895823,12789268.2628277,14429918.6970654,9769136.35911314,13578783.5091861,9514744.80493342,3946161.07359759,11638230.4433526,2403984.20583346,2374472.58145055,13462201.681013,5872573.15029051,13566836.1982976,4920760.80664344,11625861.1978526,14157230.0220813,13123087.8460405
28924071.3677995,10270208.047594,13479453.1471034,17255697.9236937,10297232.7573314,10574554.6189644,37156707.6287145,15295951.2032833,48805155.3454035,40539043.2459091,53239571.8964129,29847141.8914942,53022970.582009,44894795.708059,16154168.889172,20194984.190933,25232889.4790001,43400156.3122223,67444211.8448594,36587286.1643324,40290168.9095676,24623912.4910174,30364456.4601728,30505638.9131783,33466168.3181039,38751888.4242959,34852391.2198328,47483600.4295521,58282868.7871797,32701190.7986342,33941370.0555942,26599920.3777559,30711576.2319194,29927882.880312,22558393.3679876,14185542.6338766,35570087.0397398,14574320.3888417,21802852.0085795,24847823.9757079,18741575.3908065,22924764.8653074,26736110.9959547,6306998.87914877,30752255.0363274,13672975.7082236,31383642.1761049,37225278.8778183,14754184.2933258,22377709.9012987,24092241.4455386,14075654.4668655,31296396.8059137,9711647.54212863,23317601.5906186,29147393.1378893,24195441.1442592,10218154.4900857,12579216.2601188,34546598.153949,14757574.7987388,16320366.2452339,11781350.4248328,23738616.2949633,30675172.4666411,18576269.2381351,27623018.5094795,31639979.46358,24674950.4245149,31757140.8966824,50322079.6724009,20105504.5530469,19703815.9071691,20261988.2569639,27568593.1302091,40235275.6476982,8868788.15686979,29357073.3091069,18698992.6976433,26470304.7822398,38215415.3533549,21088437.7772409,43383134.1411756,41678051.9000859,31414136.1092782,9791095.72965242,13728486.3005686,19555471.4116212,28517470.5098012,19664124.9849365,23373118.3427759,8264657.97841176,29681421.047701,24181931.1439503,43712355.968885,63171602.1589707,27478123.3217095,32822855.287981,2175451.04015949,26812503.8308942,21302143.3034907,22750822.6809707,21533823.2748258,15668593.5066213,16082654.0963306,7954942.10969464,10106515.8219714,12059320.5038072,21031131.5407134,28751852.5619204,28340761.4890321,39187637.9508368,17146483.4383148,7955273.6639009,22102329.1314564,18187773.1871356,7224852.56669981,13324395.4184289,28011751.8766006,17870685.0929158,29967602.1054881,27452435.106385,15180127.1143528,11403596.424957,14265230.1992148,23846188.5522978,60393940.3200976,20726136.7638626,10702272.196313,6532371.46564873,18026080.2499648,23259126.6761287,26696965.9872335,14401463.6373098,17105513.8185039,18686983.2014962,13133644.4115638,5621318.12873116,22928034.4340556,16961039.6574891,17865199.7630392,51041514.8010433,21442940.9132502,25576380.8461253,14022548.9622231,5364922.52988132,25360982.7855547,6794410.49531757,3856492.30910987,18381915.8060114,22550346.2463561,18731191.5985657,10705410.4476182,26305660.967597,12672806.076659,26303475.3622288
79210410.4886658,37983345.6975062,24071870.4545974,34391672.1042444,33320820.1198404,125204223.776489,106823592.093479,55596322.4688745,115880838.729895,94480751.3091053,118516814.337265,79994218.8758496,88415777.9814606,109459152.530045,51783191.9756513,71165487.506008,67027584.1369118,89364156.0263433,78461982.0769968,69000705.8796844,97349767.9106233,60859967.0588986,78156038.424956,75766610.928733,76808425.198342,92545262.5163877,96167348.7252815,80604487.9286249,68084618.035958,64149238.31736,58705322.4805374,69882024.4155601,73129338.2291089,77004388.3717365,69925357.6588576,29634385.1986631,120624156.357661,58775813.9947287,69021895.3158802,66815877.636079,56665157.6041546,86036733.0126271,105451061.858723,15678436.4833121,75871354.4382202,37270629.3731882,113261715.445959,82824745.5267761,95458203.1747008,65898464.0172691,86924864.4975258,68081756.9228304,59909382.2940681,43166776.2627651,55919670.7642219,72498038.6810346,65723635.117684,65271012.1079917,26679267.629031,71849487.8995342,44419463.4822068,39548088.7447208,50873515.1932418,75463412.0503426,85049469.1669463,32817441.6397825,72254763.199173,68886107.0321391,61660386.3786371,41537214.9861683,54159228.6480025,53203173.5602711,97430061.7731883,30173952.16811,67224071.7947968,76377251.2171949,41541763.3670123,73095791.7358163,50552919.6963096,65314071.120502,53648717.6257375,63003480.4014947,37291173.8705193,63227128.3373851,109066504.879689,36814288.6388944,48005094.3019456,57867507.9664962,68931166.6798454,99997234.2740636,72605170.7339944,16029473.4332032,47233058.2834228,29478953.7142803,69431286.0675078,48762827.0699049,60233323.9362694,104754275.576265,13202403.4894479,67720192.9648141,72166390.3296755,64790816.2582689,70936285.0916871,59216169.7486366,68948265.8093316,72969035.0021017,28341505.8068729,59379057.0400103,58703546.6621252,73591869.3014537,63585939.2168487,62793516.1501724,59144733.37055,57620340.2571631,58678227.8578959,27258334.2384472,31481021.1697883,46907706.529571,66226002.4274053,52374945.5242531,64990286.8291073,62821620.2221454,28365730.5121848,26404020.2825692,81218039.1875353,54699413.9617756,76291158.1873827,69853082.5063573,33095635.7171681,16039729.4846673,32582047.878913,52512251.5964524,60641952.637625,74631565.1713631,83282297.4683486,57203638.4104346,81799560.5296214,19602470.8444827,107654120.98848,48422241.843466,94984446.5127371,50042260.6274719,54487103.2511271,61227627.3680589,49823187.7111073,16388941.675716,81955885.4843155,16934100.5670692,20370467.2186502,45247149.9456766,72612214.0930781,67244239.0754265,27740437.3787603,72440168.9668191,73270086.5881923,62599058.6965045
239425949.10012,66488194.8881291,83752608.0197643,181491164.811917,46446884.2626334,86309033.0218273,391132395.500179,85886329.0637667,580885364.185236,339973298.947713,438695709.208112,246697289.390186,348539652.284026,359992373.269405,99892909.5978672,248428826.737249,281083608.138368,367963107.363794,288173689.696395,451140679.199586,474093004.875809,199022834.886988,246828361.818021,225530046.155768,279728455.428267,362342645.338931,365582951.8769,321465436.4191,691792314.729073,194276760.187577,403334337.803812,241804557.713658,306197964.457323,237754462.146155,382429777.513252,139797386.492771,435483121.422883,191251313.780147,230542721.954209,493478884.023573,92719323.7593856,189824994.784786,452529244.935516,48917341.3526153,240780839.090035,83749417.9103116,356542740.877492,584575689.082226,266145255.46964,189691183.491735,394071976.359666,266890070.455642,146811964.671937,55858321.3104267,124587141.266092,223883722.169774,207766255.570466,170890470.547814,116271618.873361,323457139.282712,108019368.875387,81842140.8554172,128245462.44209,240598792.827376,442355080.951817,109706089.274727,218775932.382867,458739106.083278,196530870.836004,169402598.656794,258443825.406756,170761987.501882,364992658.748573,124975936.160326,239058595.077222,245498702.869715,107329709.183329,230703035.035041,176094686.817496,219756177.12551,168813337.715067,107566821.979942,126675218.83846,354071094.182646,401983919.164216,135744234.171877,92287859.6819275,85719844.1968853,230003659.189325,222092996.753225,211922837.936734,58559230.0878096,308654070.510745,72070762.7678139,269224774.198703,254179493.510487,172510934.950797,392062889.716558,29358283.7341953,221085685.626792,314537955.46982,226212517.000762,225321685.881941,201530492.788605,373700600.965562,234126134.743253,107370500.962299,74898164.6790347,252370754.436026,411012005.406193,208173350.489672,230979686.339995,250998603.912708,162385238.871702,334975134.277258,140684498.215591,99769583.7838798,196963659.131032,335274602.22668,150408919.561992,325275027.179826,212101348.904944,56134799.8005575,68494201.5115505,177609647.037554,163045428.03993,512676362.526547,407902840.203581,81438761.0751746,51681031.8277594,147983506.431586,186595037.983758,207940882.183483,228054895.790101,236454083.829274,234586720.03444,298547826.28399,33511190.6312209,402464746.181595,221878099.043917,275672815.077088,241217494.283067,389886101.197443,216658659.040105,242497958.03621,46329571.8464638,425962891.910759,69699966.7400652,27985894.8822948,338723954.690184,237548376.208954,313549651.7195,44851320.3186014,335493099.985568,167581751.645971,198477702.952871
527089.377446059,390096.998286129,100694.750651071,94851.4539538484,49332.0562019059,104528.091003944,630820.380040018,405604.728568276,1258479.7221943,840118.167019559,1195263.62302852,521468.37333463,543759.179984924,758217.988052793,432062.238430037,334474.225755698,240154.028245351,347615.247489855,669103.162131873,868258.155975179,840489.987367788,258529.21050599,481548.410035336,843725.789939136,478684.310405361,1818612.13449584,466473.543564202,1097792.23953858,1224404.93882564,410060.951373488,563078.837628806,668433.988940133,611509.928943625,570044.203440701,674076.660251135,64888.8887143902,1565357.53627587,357785.440615868,212517.241652625,836451.27441709,392168.34625104,316235.372115837,581510.922538971,51457.1069292204,504705.619332157,79739.343878178,836772.022981649,11211955.9898184,471844.743304324,296100.330713467,455054.893394698,296348.975873104,384498.35158138,191181.334719061,316444.640356266,465637.993471569,339790.404539395,152518.162440704,121855.397321875,746237.419058331,622761.854417411,339289.666217997,132127.038094058,508685.089934871,323501.382258135,117124.894828652,532865.545859746,320520.771734905,770729.090904969,807236.203439904,471840.530089907,339002.72768602,485550.248107023,146746.131037876,308252.235549679,1065535.75668275,92837.1041957875,483251.347555423,204671.915413766,540658.695789881,396371.464164207,350255.489377081,461088.044440246,538026.709875306,575794.276046827,114488.573821391,232894.928239354,330187.223820737,521957.080746931,1826588.09931571,572387.035017513,36052.2052694077,348506.633384835,147332.287618487,485178.383352343,745842.58298828,385506.340314652,716916.797706282,23928.2394625041,458624.720561221,611977.860502901,427706.507245271,399454.716943022,426969.482359614,1695835.06202564,176849.992494637,100135.259035586,178690.872819582,827502.700539605,446639.661775073,425689.403424487,614225.912237151,274620.814909459,168730.992753652,408008.173008313,115903.947119123,111504.49045276,521247.422875534,410179.930669172,246901.473688545,553461.616393457,401193.116397869,587025.804770332,62790.3127207167,1342786.82959564,345318.096876118,588170.446723053,2301727.28484984,298311.297536284,115262.451894986,164591.298541016,397193.768285874,407431.782033384,436357.070849433,744865.101872212,233964.712891225,463583.579433153,58899.7615887422,652728.466471843,332928.506834945,912373.437434868,519662.05675735,278016.511110473,415640.333768137,275462.712645645,55787.8995928031,707594.492675318,39153.042729212,94350.0786956703,475885.108607558,488385.696778071,7096445.24581173,181760.920444515,616851.604748998,1004482.68524576,378111.21145625
1150260.74479186,262914.824111192,88898.8862211077,313470.337252612,86108.4466289478,182715.717478097,987002.813943067,1032272.98193909,1751482.75087996,1470754.16792149,2311226.43320894,1059214.044008,1543377.05020168,2511783.31555006,451555.051575816,981132.221695295,741998.625584977,2743079.03306333,2964344.81758038,1352756.84017992,2715534.61368531,248097.39865819,1422825.1533262,1160265.15010257,499203.574439574,2726221.29383133,1646586.48468381,1318460.33252751,2163956.57125106,1804568.97727931,2106909.04688179,1425515.64417438,3325386.82531157,1120697.95726954,826475.915672368,414987.400924755,3637253.42537222,960463.306240867,852465.114875581,1246510.14967657,576458.706995881,1407709.45048121,470621.092329665,133931.283023234,1103953.33947199,633767.604715492,1829400.20427957,830677.472615881,1401323.28473174,705109.718078722,819541.068975287,1337458.45647897,2193842.82301068,664105.315123039,1176024.23947298,1154945.94973296,687211.777538778,204559.840051883,203391.902360107,1041224.37184551,480006.246248869,594866.886681253,568220.414081342,621758.259608085,1419206.01534689,274186.285707621,1145971.72103293,630675.438187052,2138326.51758605,407979.781735288,399692.924669545,33492.3389360267,778964.204659431,554402.652387592,1453833.58148436,1575903.5503852,203643.632848802,1153624.54922207,324404.729686091,1207302.88437143,277507.490587491,821488.241515596,169006.108639245,200594.517060002,2296807.28493539,220190.72799571,352965.197946072,810941.172188417,950828.359319255,1764609.54576262,523562.089945101,86246.9779612385,911455.723361318,142143.6938257,572024.515935023,241076.856340497,420075.444423309,1213465.10319376,39623.3797664238,999232.543039913,89104.4808292893,106624.045965339,206052.330369435,210325.96237605,277625.060834165,168909.863219181,246136.522895266,555982.505455683,843400.11733959,1170638.79830375,1159701.87164305,258483.675270264,187676.334737495,206252.3422032,425120.465464931,349102.271518284,114611.940320023,98322.3450539962,675114.796883248,93060.8444848413,205312.026347924,1007739.13168757,160087.865263927,115399.593494711,1318742.62030224,241737.245479051,492019.002790779,538923.929435157,252835.491712168,60727.7552150654,243244.36506411,458555.332169006,1036214.2015413,523195.256612328,897462.929031105,995582.525706721,494962.417530917,124409.45440279,1216833.67745879,674721.943405613,571373.334473982,378122.365113336,263729.17049395,1033836.77568799,391127.263659914,78405.8311361873,277002.549580989,237427.109163353,69780.6964181112,172667.414716853,653697.312379413,273697.370455564,213616.229255841,518653.730337334,614871.164200631,1134563.74125293
47166.3510068071,29804.2582458367,28581.5087609357,30671.7534494617,40596.7175285547,40586.7631048327,40202.115514217,72605.1689335839,63425.0636421659,36649.1900970255,57616.4836333143,41826.9976242986,34731.4278872899,50480.4035024058,33982.6452667812,33692.4359077463,41993.8942710989,50818.5790178397,58246.7775274802,28647.2691249511,41266.4840688561,40771.253260521,46260.1211286471,37626.5060601439,45644.3303341499,37449.3980434187,42572.1206217685,39875.4131478512,44199.4463797863,28930.9825341921,49313.1806423514,36947.2919208272,75192.8519945867,41350.5578286028,48121.7817600088,53288.5655681854,48919.4561856488,27715.7823995603,41329.4552803994,28097.1133261822,40652.323464247,31242.931548141,43998.5427103816,73444.420075429,34225.8297571122,75792.0929650345,38752.072913787,34583.6613477652,96277.2281400389,37484.5559413211,77558.302728617,42097.2111726256,50118.6533041578,46930.5028954044,42067.5369963963,45548.4208316825,34310.8086257482,32879.9159318847,28501.1322447896,32856.2242696832,123216.42286497,51427.5347131567,55055.7332985329,62278.4234007026,40492.198393771,43441.0272141236,38031.3261208076,112912.649493102,33825.9667675866,81765.0850813132,30453.8538641113,37489.959258071,73861.8851384986,45020.6942057501,44556.3417949853,77653.0324758671,57076.4085924414,38421.461797134,42379.8095317156,40267.7494158297,39169.5994841902,53688.9160827452,44667.1447029821,30217.1328199836,49775.9962464481,33977.3859775136,30530.9611219274,36631.7168384896,40325.4971037969,66494.5324089984,49187.0296186231,40252.3971066503,44158.9191938848,35084.5486945093,30225.4149763277,36129.4303297994,38124.5846286878,48689.7422961978,35380.2734263487,39214.3519779468,56315.7872439903,30230.8095923939,26844.4568388312,21496.8617006819,32649.3814465631,36047.1100363236,37324.0199891885,20361.3069959724,32065.7927927493,32264.3568929992,45342.3165656919,30799.3890732521,25586.7864783512,21323.109590731,37082.7028089926,32044.2894612876,27310.9810690984,22384.9324550644,33421.8407988611,492019.60797688,41104.3220390414,48265.8830179103,23097.3471023431,28261.8397209879,45216.5559013327,30983.4592004596,37338.9175751954,28327.4242634285,61807.9283792271,34660.1208480051,27943.7615794021,57604.9760384975,44000.2226146709,51257.9606031998,36804.0285555986,33390.1293679639,41702.4572800855,43261.6775696686,113382.050836211,29731.8244933007,169475.963906522,38458.8836992019,33847.7644876304,41930.5647887814,61259.4794667613,37473.2289448333,42443.5191594881,38662.6864075311,41047.8726957882,48637.115997786,24992.2686452698,22792.8793830688,88394.9413638421,57660.8757799788,46198.6141767213,49482.4010507708
114061.78367254,100284.069908771,42406.2001702926,112799.28797997,32993.5178498419,56686.5306639879,92432.9020271581,105505.208528036,183998.215181147,219426.059950039,163490.851517355,108163.265342328,127494.17067646,127566.353289728,79673.4893259643,89400.6132205901,82634.3122775777,137321.186665445,205842.821640781,116147.361311463,184043.702773291,94223.7998116758,127610.334357971,77128.3900608769,125005.490244851,117151.134854357,136765.062114687,125471.293556368,230178.874034517,87379.1436003577,168938.572850226,73522.7359361295,123060.163391404,123161.376746244,207393.791103257,104602.203635469,113511.932602656,100910.267520804,124694.167165814,99189.9951461001,71258.1906824188,66866.2902357053,117745.479904391,33180.9490489635,114550.60206857,50538.9426701923,69027.9893609918,215268.374265001,99240.0672416857,144130.026885618,119583.04866082,104072.636626922,134548.8709724,57257.5204382241,61760.2672810979,127456.043846413,166388.741362184,102945.709160153,66183.6778264911,136651.312735669,124695.37254856,81956.3100997508,44765.8388302023,143235.973259894,136532.973759649,75607.5065140098,118268.724859772,237498.677288361,66106.2044096879,64802.223430364,94025.7363134841,117355.17972146,111551.868521992,108913.754876871,103818.262805203,127867.834736026,74458.0606861367,123047.244600647,172704.910217981,135784.241909345,177490.017391553,153255.398419081,64274.504231401,146925.785018959,70350.6557569838,87410.7620890036,150958.694745102,130510.153032378,135315.455535806,105960.043051599,189205.992321923,56124.6267894683,153744.419611408,56418.4573619347,91855.3564623599,123094.667273822,106642.163066188,79696.6206701506,33505.354538395,130839.585552576,81941.8993537897,88603.954522281,81386.466146523,170681.062781063,78232.551338768,86500.208270366,108118.171850263,122425.424500408,68882.7118439136,84367.3257791954,149714.231221635,73349.3212835152,112967.034517251,74815.8836412729,211207.643093898,127636.748359464,48984.3976646808,100562.736808742,102696.969216688,137683.700328636,142400.026893452,134861.792272909,43315.6294439805,45601.6709522487,96884.7986534991,104551.59312933,76018.9472472406,97682.8223187902,84296.0993124573,37744.59154226,73616.9999182024,94880.7963328309,110991.44759146,136318.17253656,65487.5687122397,64079.7234673531,83705.8588472064,48481.5680040247,98192.8763962201,118038.00797172,183531.65058766,101240.735454131,163374.937001807,130794.785527502,87160.9521204979,31154.5437167718,141566.674949439,39778.8576957272,31188.7440169288,207297.296439754,117918.860047498,185301.690644943,44811.2231339427,141542.744821688,72284.1095206517,120311.330314426
6550623.39660565,2323083.59502266,1302383.30163535,5879287.42151373,2302174.69531117,6706843.77493218,14965182.0298842,5141782.2029077,9043674.77488025,4648558.47937503,4941979.29006991,6727785.1535065,6013879.52649367,3530875.13837562,7115280.28772028,6006683.24851584,26189993.3807494,6004911.86331902,5364157.60228866,2737405.8201463,7787444.65667556,6184425.79128569,6792858.25610683,2115876.00845441,9322650.3995098,3216530.5217773,6045353.5249377,7214092.86614989,4409374.75424246,1779701.16410507,3692551.63337723,4655808.88343159,3143453.53958361,6417803.78534875,2410275.5931601,2493314.42747142,2474978.096588,2691545.07063009,1447253.4490342,2082462.93185279,25576585.4231722,2117907.53976678,12046985.5267626,1170978.31058031,6341147.76315403,1960675.23353971,34360884.3437112,8257190.40119569,2348900.93321015,5479817.02667355,12905722.6697083,2926807.62059701,7490340.05471343,2806493.01476331,8532682.93965977,6862073.3070113,5338885.90309619,10678983.708439,2212213.75745357,7024276.582067,1538596.6757949,6796022.49509046,1865909.06671987,4445380.98822098,18096500.4217837,7592880.00475843,6215196.8795932,8422949.24632624,1478118.47817986,10466595.5954985,4549104.2103361,4133939.16506553,5486781.42912557,3379574.79030881,5985835.80167193,21822258.7542373,4426861.41305272,6078934.13723071,1591287.27014392,6625768.75135109,3767206.91205405,8597176.10508991,7122997.94030434,4177521.46873399,54216097.3793928,3331175.612714,9036406.42309409,4893617.85347698,6038983.39852538,2916556.97856246,7630609.18498428,3005279.097833,5309770.98704215,6597446.88782875,3270842.68930039,7754008.73760161,5714240.43618442,61283071.0136241,347285.96172189,6253382.47641064,22765188.1470999,2841931.25176914,6265914.05789946,8156371.95652219,2960591.01888199,27779011.896778,1672768.66592302,14774956.1012938,2857337.30903551,2573094.29221842,6350030.50140327,18467175.8832897,14211064.9138404,17569498.5939839,1450254.40826578,4595689.37385353,7387583.03010767,4932890.03980588,1668783.94481801,7370972.99575439,9376648.97984701,6575157.99247858,13154302.9526468,5870212.40638908,5999389.47847717,7827566.55049572,15082870.926349,7312390.82362403,14324346.2010703,3108055.82302186,3768610.65752034,18459937.5211321,6604257.77359235,3413620.83424908,3219491.21428603,36974362.42134,12206529.118089,2846375.88347792,7083090.23813291,7439549.93277559,4620745.38754147,3650242.13819531,8886218.59566996,6238291.13025936,16735751.7810773,3083107.54825108,3281997.44335665,2483919.19905756,817364.700647497,1823990.10484889,12125613.840813,3556467.03985583,1889671.72280186,2444512.59705398,5369280.71173493,6262329.2761338
640837.526392732,192679.292324159,190982.938823011,391207.229434655,130294.089016512,620587.34746679,1197591.68942582,278375.524602245,1060564.32359304,786157.404232322,1007859.20484375,606049.625990735,820532.606296661,986353.591496292,314498.66648344,557179.267987105,638099.723828498,692562.071398256,632553.660239916,708309.073943934,794088.968361764,429842.651433487,514658.02399391,470625.765945364,586338.034693148,698068.720935435,1128786.24072901,734025.42859032,1527317.51063613,509268.186467346,905380.397654427,418914.204617769,460349.337106953,565355.867723581,740763.651300598,260868.452750144,1110862.72278524,357979.593703575,350256.1564834,587272.244106551,328905.836976736,441933.770589757,1193418.8824462,54076.50416471,563741.262656989,147745.605310589,499238.748376566,753797.266878558,963682.357457987,313383.959863716,756636.072583614,469218.609958791,547149.760958853,173067.577408628,232357.930462695,501012.977761188,293203.245825603,307112.744551085,157832.882553706,564646.346297098,231538.886556229,199433.876087369,270749.263286894,595934.438456821,599589.070705101,215085.749308972,527611.263215627,1124939.23450695,665152.056837636,375939.457896383,591114.160343594,347355.150148526,1172194.41788499,329512.608470472,614899.09836335,770414.412964475,304448.510436436,475165.508298451,482848.001084733,727925.070232536,365815.531332123,635610.436022382,340081.467019254,1099751.97856094,787971.9273009,329866.746865978,185175.983890939,269136.514880654,440043.076002441,648314.986072568,636314.942793542,136043.430820427,694881.884343979,213849.0661905,609670.951661869,578232.462591874,450353.065807276,805517.623274642,78636.2213853519,452325.885669126,864610.204112501,437574.113606658,452668.769052235,865702.190344954,634919.077347375,539444.830471039,252519.804432468,178089.52445059,453351.182354383,675538.158996516,441652.71788336,491672.729237146,435355.119449935,312648.902443738,653757.728888569,210286.950074214,315976.900047597,394140.102256149,626671.420311911,440543.633814415,579342.445203741,427595.910435272,198472.344133744,164212.689409844,546117.564542906,362981.481329618,1111434.23237876,632818.767029926,212226.26858602,296760.728589306,243126.137257553,406628.596030223,432714.854928358,468270.250310138,752038.075860986,318920.805012926,948913.154912829,115486.284284422,951039.758124875,277386.409548015,813409.999095522,317545.282541172,651563.52913735,431195.655291221,439603.010737952,114461.090110864,1207856.51875446,108733.4673266,53491.863301324,593241.871614372,483193.875321018,580574.421173049,190522.85472413,716822.430322735,484695.315717694,401744.621255518
8740428.77593514,4476929.87554767,7653600.711341,7709037.50970527,4272641.55428434,1741627.00370572,6223359.78312102,2928067.31934923,9933409.283368,13033663.036083,18579269.1294824,8452096.42944318,18144035.2234324,12636366.9191398,6864382.02865189,9328920.60017002,4174834.93027819,8255922.41916558,5510345.30032756,23309277.2492612,8547978.11971107,9895300.79049614,8052934.23515031,11130054.1957339,10342981.3164881,15780326.6707337,14976241.4039246,10219255.0884479,8029428.95416716,18730575.4681192,6697135.11749437,14195255.6505764,4581599.9059389,9043802.51014131,19878216.0795885,6263904.66925757,24493861.9100471,13161548.2276118,14329173.5406662,26874050.8455882,5314451.48707369,13303871.6701699,14678682.2240681,1428996.29335778,8706687.68323003,5234105.65939628,598109.987066116,15242221.8521474,8868826.72453893,11226923.0724895,8448128.48977909,13875508.3692305,1968442.19758397,2305319.64002018,3156133.52318826,8086797.99311204,10398887.1098453,7976690.15321932,10880744.1525209,14332998.6094512,4547909.22249436,5827160.36396512,2810510.8657995,11746356.4203815,12373962.620525,5802702.51475359,8393346.82926848,15000970.642933,16895608.0963241,4824077.85411453,28629967.7649553,14867941.3206284,9635673.07164656,7112944.7103619,11032336.6161301,1043744.65836117,11984929.8318273,8386395.35285453,10817746.0886848,11381975.9670919,15700025.7868788,9537837.39928533,17481430.8611523,20314353.1541555,195812.45572879,11175217.9777911,8300185.12621228,11204875.6818186,7658882.53597666,18710228.4016373,14683355.4780225,5338300.42261307,10278751.2362837,8690832.08191435,25876831.5140062,26624579.7606823,14233833.1970436,124839.460432996,2266053.47939782,8034997.76388898,15162475.4726757,19773666.9866216,21182762.3074561,20728401.034585,31483388.677167,18228095.1670352,10527002.7705904,11797543.7303246,20376171.7891481,24187607.093747,7868541.42341603,23548620.7267336,15017596.2173352,9093236.72762862,26545363.1980397,10221744.9635247,11182542.7357544,24572762.5070899,21125645.143752,20834985.4076761,16588324.5047487,8288447.9835808,8794046.61789553,8163500.70723422,17910423.0572651,14995760.7977686,20142827.1489665,21158273.4001974,6933607.20717145,2443815.50583452,17257876.6756897,5598718.39381945,8128724.93536163,13267373.1456948,16832861.822008,2890927.48759298,10753996.7734141,4698217.31527126,12214904.3030064,10480333.5590196,23844050.9169464,27925740.9266902,14794814.1229941,8343187.8967197,8160452.18744393,2989172.56363843,15612003.2845489,3146434.47770363,3227580.51562265,24988726.3916568,2733314.81181726,24409076.0398359,426568.052216804,22332164.1342145,22178623.887749,8479962.02213034
1060659.20222802,777033.34728751,621826.869523254,811318.838557404,507958.037360653,688124.117218281,1428246.87022916,879396.388165296,1560346.00889576,1566107.15212646,1580325.65076773,1288291.1478743,1734228.05716636,1907575.53145408,1119255.56701146,1320652.65201698,1384823.05229457,1891471.49451025,1455836.01521468,1695462.48317039,1627024.52183683,1417050.26377122,1475776.80688877,1608485.234337,1737866.63098977,1716987.47031775,1683825.27252571,1714040.95148844,1162541.56033804,1709317.20786544,968208.398943205,1487029.56812987,1159432.06913133,1707522.4439585,1687832.6912909,1076696.05665185,1867902.38532383,1148203.44216222,1150835.77204827,1715702.66116722,1555259.81480353,1661351.85771039,1688416.20746211,138202.156226172,1959430.13520151,908801.567648756,1236672.98956999,1888446.71398371,1229995.30582918,1469419.36607886,1668276.81914224,1460446.33062889,1423933.28760089,1239298.95063023,1623399.23401674,2073644.59234242,1744228.37123447,1516437.99452807,1612776.53760897,2078459.32868951,1049146.78673517,1380702.62288505,917728.6098456,1939881.13505035,1548897.77475661,1641803.10143412,2135212.06152465,2532668.2245973,2030038.15126726,1814274.55725105,2132667.25946096,2954415.08562858,2520334.8335331,1020219.6565893,2943116.29676812,1428605.85012292,1750044.72730608,2224543.13612423,2500206.13586674,2504805.45702482,2437898.12221764,2671787.11518683,1773850.13383361,2785417.30520397,1292623.39599698,2100375.92444913,2588543.98387078,2275031.4891133,2302954.81741356,2612302.15172694,3648410.95306817,1429074.05047658,1230493.4972449,1977494.99354447,2475416.83982062,3156258.90352182,3134315.74495783,1960666.84391474,634213.26419752,2389469.58024411,1096495.29584497,1202215.62432236,1260358.82263431,1128393.65649189,1137764.93526799,936413.163338206,984616.388601142,1226802.09989753,1091831.97593528,1225922.98300522,2508809.15587184,1438003.91280949,1510998.22581311,1099774.35011894,1818938.82189386,896202.186383249,855733.729605494,1316184.96045177,1424282.78514749,1107269.59903225,1647579.61012719,2789841.07248031,1390491.02153371,905163.47191332,1327343.71100601,1925187.49671615,1810237.94133259,1949432.04207939,1943418.16238933,1323110.02286659,2615924.90799859,2000638.81149056,2768391.50834103,2888095.94636793,2148094.65418492,1978637.85590897,2400799.3594366,1238956.47594728,2375052.96637951,2269718.32219746,2505702.71638084,2517813.09231484,2216433.10196442,2868786.873168,1844305.99901004,1280339.86516081,2710006.70547867,965652.379115888,977844.788113775,2738890.95003844,2363426.03811381,1994462.69707249,1243108.35295177,2119447.51441,1870174.55478189,2934236.01908953
1418727.11628937,1139561.73990028,825517.290476575,1059008.28028742,821111.486249576,1052402.44099457,1772981.54728257,1280896.80247624,1974398.55941458,1849171.4512843,2040288.74133008,1746418.78976108,2351487.51965565,2540148.19077606,1748556.01803214,1965470.33291854,2006752.20136564,2290792.02642665,2018458.35049506,2626646.7383885,2266837.54471903,1940715.40297302,2115625.68763782,2303919.42824988,2319068.67211126,2501764.49091889,2541547.87439829,2420279.37891471,1707494.50777028,2372575.21032166,1441435.24467958,2291141.01927356,1817398.02105751,2549761.82844247,2477054.76197348,1592827.90488244,2520261.48535175,1891705.69810125,1742929.5752483,2638691.92144416,2365158.95949441,2388634.37850327,2140014.08199289,225795.172003961,2810058.06986002,1559740.23810696,2020994.54616745,2869143.43499426,1629278.94355725,2116059.36458327,2237021.90787945,2149531.21270716,1855374.46345229,1940545.00538944,2492472.59474143,2879860.96554022,2535786.13929967,2242239.58804906,2623124.24900782,2911063.13611589,1536759.79775405,2077449.64209256,1377842.55360683,2678716.90299479,2139551.84231559,2388185.23776526,2938093.03356762,3280711.59679328,2570207.41075233,2928598.92808951,3156582.99194477,4054658.91902988,3260774.85850568,1502980.13180921,3642572.48406333,2284642.91198717,2435550.31679507,3262699.6621682,3643170.6733542,3259129.54896016,3476262.04645754,3538696.55389507,2516343.02995177,3852212.19224631,2233089.60677224,3191220.22902198,3674982.177989,4066544.16421841,3360203.92793189,3434728.24121355,5125851.42018227,2198199.17446086,1739136.23452025,2747224.30409462,3621505.00121031,4376272.35146325,4223483.21978066,3557618.52021736,1208512.60237749,3360461.44715187,1448451.38653982,1773527.54100505,1769606.88692861,1879878.20928428,1702320.89602804,1439003.23805015,1520832.75728681,1952205.743687,1607971.84868889,1789412.88036992,3596365.4449538,2049387.18353762,2370446.73736738,1708145.79349885,2368737.56965603,1437645.63530753,1412180.04242532,1906104.62686767,1911866.33728383,1065605.78732171,2187194.78883186,3772738.56535822,2192770.04400682,1377801.37542451,1941545.69556142,2782068.68814804,2516540.88394919,2763352.76765198,2778831.91565527,2045591.45520912,3956497.03405077,2906347.69059367,4157857.28730853,3830540.80799259,3004869.94341219,2797596.07258577,3116650.56924906,1928257.95852138,2814368.93140238,3143559.63059675,3177227.47263155,3216350.40562537,3078360.68766473,4197858.92810653,2551273.184527,2003993.16230399,3432344.25513329,1433965.41892637,1495997.20714877,3517090.70092935,3719655.41705551,3062813.76426822,1502598.78118085,2750250.55415496,2802758.37295924,4236968.373585
92978034.3016953,27573181.0452446,25360975.1929455,40968021.7815576,16278408.8373354,58173915.735015,170880319.50292,40174410.1944252,131993808.7934,128719440.835566,148761092.138803,84935864.5034181,96393447.1597927,128099944.937827,56681362.446251,77279388.7640606,84809603.0686184,113155031.660519,144166809.258,73453673.4896095,97350189.0231644,87668893.5882779,89601793.328607,92053955.3314542,111285791.5623,104418838.00338,113679333.904914,105058596.322724,247090536.530071,72690257.312273,138021503.567097,71200721.9721286,89148680.0630782,87531875.15557,79507493.921259,34988617.8267319,98028812.6186185,46489232.6466774,52914805.8308561,44279295.7803019,43951907.4589316,58776959.6019256,114443052.089732,15860911.6196929,85681464.2107812,21284434.9824044,140459340.256112,119448518.985851,67476680.969868,50822697.2635161,99030591.3314778,55339635.3187944,85827995.9241976,27042166.3157631,81395117.1255317,87338387.7138758,58671187.17894,43022923.4883679,22718648.9530034,86626984.1088845,41695980.8461995,52752338.8610453,33161286.9926868,69251625.830598,113351390.302455,19215939.325432,81331431.643909,68500054.2708815,52270252.0385824,81703165.2358112,42900949.74934,49937210.8097326,80258006.2754697,57203812.931918,66167285.4542034,142726499.713861,26715390.176892,78986018.9276525,58467085.7930375,65219842.3577622,71142514.5200567,47505743.3697015,43039274.9290151,55567149.3049559,130619386.423293,27439472.3268298,27827300.8522603,35105488.9947335,75988831.2896394,68985692.3595108,71440517.7600624,14700064.1114427,86740459.887973,25730728.9314054,55086943.5403825,53680590.2678306,60547248.5328996,147347335.532963,6711776.82085508,77398323.4629685,98948247.5383824,61717545.5527274,64120903.7063895,42344143.4321164,59222314.14729,41306185.8451003,38791105.2884502,38627348.4540484,89099842.9370248,73191593.1436064,85830826.6058958,58708995.2802704,57273305.9491737,39072379.9757928,90675217.8961893,51097313.8196032,25294603.9849165,58505368.6183466,73456260.5853507,64372946.8232351,124543472.027029,92402885.8491319,43309543.209792,29273623.3886989,61212855.1592866,60420182.3834048,189702414.526091,69649821.7801795,37103455.3403696,35608280.4978655,37400363.5090882,63412665.2471757,79060407.7360747,64657776.9268168,76173555.1857301,79532264.9185646,65177721.2040506,16060041.0097394,108607264.285134,45989186.223146,83259220.5573639,53911570.0277903,62459335.7328408,76867794.2714762,60351755.6222204,10373395.4962408,110569832.41696,18005400.9199667,11960485.1001912,88804210.7497776,98490688.3637863,71320630.5029411,36802630.9503447,88120136.7355344,50022872.0848429,73568872.0675712
1272735.56883318,540824.851608689,908839.995897266,1028917.78381671,498098.098605126,732931.585976329,1984246.1752871,616945.299532577,2035243.22630495,1257455.18521817,1723950.81835823,1250302.35346487,1372386.91192574,1720994.96133537,951487.8248812,1220830.00739637,1183467.41076703,1277284.24121884,1288279.22940415,1414726.8373067,1958598.53404819,1372634.31078832,1318650.45158658,1403605.87171224,1628014.15021377,1727189.88225779,1698456.74420781,1333102.51852543,2239514.54081735,1301503.3834376,1226655.83731088,1489316.5514606,1122473.24212843,1327230.38562401,1427682.62083431,928481.970077151,1313347.88518829,966511.072815477,1161378.25017987,1327743.52978459,1128521.14836296,1142475.34377409,1821645.31220859,541202.538960578,1239098.71367409,517785.657423506,1900353.86263429,2988976.91185087,1466320.71139722,1065619.38324392,1625866.58108086,1137633.99425205,1041405.67796414,694439.958446965,1001416.26680667,1394076.60154305,1105844.02076446,1434251.48906144,929667.23041,1305699.38900278,1306492.24133431,762382.545250081,926578.775614831,1123146.86001917,1749402.56657935,901202.940855003,1334370.68458791,1369603.73391351,918882.064008169,3143952.18424249,1667312.4045232,888083.328240473,1684989.86736892,666210.701217033,1250018.29619669,1904232.57960841,758391.077945426,1281754.85825638,1397736.42862221,1212757.52528127,1118061.99609512,1046697.85934016,1410472.51298797,1324784.6393361,2794539.31689119,784277.560399065,837349.812365432,621691.260976702,1220645.69835244,1310069.63791728,1263265.74213168,559776.386377199,1873483.71365,1121390.7513797,1049923.53816103,1736478.10730039,1625453.13156218,2431515.24232426,324326.989339401,1278025.64628919,1817558.88163764,1288082.55076379,1439414.45295366,1016194.46686948,1605377.03152271,1579507.57248623,1052042.78527667,759947.853473789,1159163.47421623,1413252.9420588,1243463.23106617,1885894.71879223,1638461.56887769,1259330.88068422,1249692.64193758,853986.145101017,860490.774125022,1278351.42916447,1024839.83228759,1088508.44140004,1405989.94419792,1245951.89511404,928766.081456246,582420.949797512,962154.967034872,1479182.31148053,3015975.25866105,1443662.47454707,772212.349240869,625786.245660983,1185754.26706238,1002632.37894502,1151695.59159803,1813019.92386167,1362103.70717531,1792790.19260121,1263147.21011078,363409.737859856,1716110.985203,1577843.84570983,1587995.65054338,1351751.69366282,1252979.01576941,1250714.68053191,1124599.75779674,472611.176551215,1915883.297278,436144.148581605,349453.683346655,1235232.25828855,1483774.52718517,1457571.51281318,1018843.86780976,1171510.28354752,1087272.86567483,1138344.03893372
230879.537296686,55548.5340736082,105497.315246775,88401.504421466,45664.2531456197,71089.1343614413,226071.398038764,86668.0798454426,903663.515163121,410867.855572517,364336.322850975,224909.788639686,271343.534838638,382191.820547964,112239.79736048,173851.218408053,156583.062902146,420940.960181979,191672.052372323,310847.597009078,894705.571082554,76330.9281036086,231602.751389907,75465.3243001235,102538.050823877,219382.284895567,165581.151394251,187286.526055947,425876.514840379,130655.810144727,273083.330536404,125160.58785286,269118.29197595,250118.843820733,96285.8908124107,40995.9381251902,203056.137022484,107271.312925854,94696.3804515779,173810.768656784,48286.2587404958,90718.9065908508,109614.909882227,38152.1544077378,226207.186481266,52601.584874393,88323.9914286866,290958.303397315,234114.742224218,100268.982291465,177327.684902588,82114.0596715679,159255.15651483,42518.8273583274,95492.6672243331,265460.229393325,115853.893649732,62780.4857282364,45593.8208564694,100977.499264168,40398.0497875639,49007.4225574259,93075.6799994626,161891.568094955,129549.664188658,31268.135771329,245204.337067766,227474.037941975,127791.085210288,118146.408058498,64931.3927187351,57117.0881649275,168573.086241048,110770.935935325,189402.466220443,614191.804466531,41768.9424087017,230685.018211789,54828.6255740226,123193.410355606,45291.1249470778,73083.4911711815,62993.8149709327,121907.053200293,182566.542488616,68420.9401087949,66189.305790441,125090.466044203,253139.625124507,264642.922685479,149981.275542068,52116.8111840725,135288.065685979,61416.7011087827,98439.3202558237,90339.2737179926,109984.435816042,89927.9710110995,14766.2684758136,247787.175483527,185793.645980878,48795.4865169811,39643.0779882844,23461.1408125262,62304.2444471548,36067.6045119455,34249.2296606933,43675.9030810609,43453.7486081348,64595.4518439228,243941.851335811,49152.2961637653,168180.773035529,45039.442632094,109313.36563026,40808.2618726082,32386.799022543,50404.7028406279,94739.284036226,35947.5345858232,187247.354251138,249378.72333927,53924.7199314698,44744.8110251437,129812.697123875,77229.5899937286,376616.975223171,117967.379141262,58798.5166235758,56868.1048908295,45389.6834122594,55273.2901661896,274267.1300848,43390.7569899865,60399.6806451563,74227.7158763488,47447.1725555134,19699.1101999768,100210.363152009,132188.084693484,44025.1902443902,31478.435955771,63451.6632112568,237653.95985519,64493.5917153907,31396.6455569365,67408.034888863,28995.1154701617,40808.3707022457,48036.9968272644,28163.1745176406,42275.5979445359,109040.312811112,42282.7973601092,49994.8416503248,261521.327901502
45542800.1854943,17064819.0243309,9368984.14446615,28516611.5732787,4263400.4807688,5099798.18090413,53707102.8216025,4964258.29122123,51669414.2593563,143994993.395012,103153184.948147,44253826.0686134,45308272.464115,72807059.0565986,14519001.6932345,59931058.4663843,17863354.9758447,59159087.6966456,118920528.578199,83156887.4392152,27660469.3735831,17781683.3599158,42584716.2297691,28311938.4451916,25739888.8967401,62219842.9499032,79466825.3726199,86105023.2333002,67783554.1738904,41250949.5792239,42345512.2370543,26891935.5181927,33277182.7217746,42539649.6796817,87152812.5785518,16983214.2620595,121721157.171008,19153695.6201086,16446807.4412455,64349080.5234357,15168820.4751774,35481356.2913094,59809711.0305388,5076581.32202559,41111265.6307349,4568052.24342673,17319111.4883789,65518129.4445596,45108657.7187201,35378011.0164282,48061788.9213298,38668719.6381486,28469892.3077156,4198943.68232836,15617244.7809057,38625231.7705063,46122392.55359,10867657.114425,10293457.182736,76204584.3682103,19702188.4980684,16351954.3332393,8019847.26623118,97941172.6640001,14029561.1407383,11030661.3596742,36870343.2246746,74490550.3755787,48084375.3009297,22348951.8911512,13634694.7797847,14433307.9281306,30679008.9187718,17957975.4007625,44292519.0745459,26654184.9275976,13565374.2952885,38079158.3713925,23183971.9025782,38408101.8767975,70358780.4668191,4140090.1270179,6984667.42769123,38358146.8028526,12168743.5957757,16779767.2901154,8295951.90491067,4709885.56109931,37337108.5394763,47879292.4454398,18013264.1525097,7640566.16071418,49078131.4812484,4264331.20925491,22976103.3698625,18759146.7611734,23342621.8946943,15401085.8229579,3124930.03693753,36087253.232211,45002610.4437917,40898748.5897793,18764906.4823401,13521029.4390131,36026501.308286,8492868.56332921,14337412.4037867,3526143.68768553,30477089.9953317,67834192.1054013,35393633.3061112,9214905.15658958,8369093.45073661,8860790.66215457,73150758.4242954,15798569.7203842,11693651.351043,21985347.1278296,84812462.6376017,15089834.2785345,69017570.4913533,37671199.344542,15096478.4485383,4565559.05154369,40994835.8334933,21161404.6780412,24436933.3230457,42197133.5393592,15058900.6020519,8884705.83964457,14138265.3304542,35840108.4369442,37118899.4309326,32361904.3538393,45790852.9403427,12594731.3799676,32707222.6683065,3479400.47849879,48055817.1034553,7552257.96118501,46035142.7601125,15633721.9025915,39930299.0843617,35272607.7680738,21678037.5757624,7893992.36379535,45517465.8732693,6556332.13734891,5192663.59587386,60828770.752778,20142762.3221589,52780797.4014573,11284013.5015914,34920670.222471,35264220.4503761,34584212.2995946
46308.1183982354,8294.63585490111,19168.8101426345,46896.9874348845,4816.67232150857,9105.34130940583,133499.148019707,16927.3362460283,63981.9203808607,46071.9060461299,92267.6835486976,36717.5502131485,31971.2907525306,50486.5905028977,28278.9957670274,35658.7989169126,36436.1643475255,42336.0898177333,22200.9966392277,78017.3325776777,51524.1106200943,24674.0477826638,38326.8677571627,26185.9292705732,38616.8679523582,46953.8446794499,42492.3099314233,55387.272218136,46599.9098422959,43217.9552620035,26256.7403663422,31647.5914933475,61594.1505395226,45549.0086497901,53587.8744597406,16796.345866906,92320.5558744614,38842.9094156009,25347.3044114357,72525.0252410719,45390.0064585783,39780.4235171144,98296.1282193709,15643.4882097509,45603.5415462953,15710.6711541078,63279.8928638254,78452.4420039452,689664.442544081,17782.7357777734,57286.439505991,31513.9106853068,12997.315078745,23703.79393033,25327.6601328542,47047.2065004068,14331.5532070687,13443.9461473538,19593.2225431091,71681.4216567752,21862.788728562,9377.41022302377,15544.0363433882,37003.2290059088,46098.5107305505,8278.82828829028,35531.4410877493,96286.2514290688,37239.7981500169,34309.1436553804,56723.7097817586,18755.4920193426,29631.7865413906,16058.5477269213,28457.3856981104,17056.0445235835,15744.6829748522,38209.6791306781,23351.4810626613,51188.0550448264,22080.3183614025,51731.4197311589,27751.5990868864,41407.8753907372,93180.8390518366,14572.9098654433,25696.0090859133,22800.9492697307,31853.6439424774,62767.6872223652,43309.8040041868,13455.911280292,34099.5104799849,12409.1481592917,23219.0505259619,47286.514544116,25980.9386786596,70354.7450182482,8516.89678674953,39187.049757757,87491.0859734365,51788.4968820196,23328.2723277501,29020.0149559945,63190.6330390478,19308.464173256,23667.8182596882,41565.4010449842,32006.0073845993,95820.4155242747,42352.6859881292,29762.3412243401,20392.3334092305,20773.3603302772,43779.9095903217,19175.6653251732,21802.8797380488,41113.6396773466,58101.0408075131,21415.0716123013,33189.6074452356,36694.970093913,38389.6568983897,24959.110928026,33989.5940291469,33556.0695489475,37671.9386888653,48465.4556101174,8604.80893950467,19665.488707599,21647.8665331942,29050.7034390939,24458.4026081709,650738.333106486,82337.2225148094,26455.1760020149,42520.4798596827,10568.0511419371,62328.2762521321,22394.8533635876,730037.083821252,47158.8611747888,48155.1182002142,38239.4017373765,55967.4491470603,17672.4738948607,770707.739430639,9720.83316444328,7592.54504658541,58691.7216212302,593238.605587049,43691.0025645485,16990.1534599728,57851.4394026033,55264.7476756029,39619.4810249068
66461.8684621439,38134.7414677722,15460.5545056782,83659.9942485844,12729.1047127944,16526.5670423012,246802.794617947,47578.4775684066,88793.4929368485,81234.6355672257,123222.01365035,76671.4459420897,88772.1074910074,101020.924202939,20802.673773877,34736.3161208995,24408.9295595531,17958.7149895441,65055.9372452833,83008.647746988,72850.8805746506,20608.4649930892,70409.3668458324,22620.5640375986,30734.1119351125,45355.9830714629,44150.292430387,65923.4712649501,538012.116374939,79713.6314537344,55818.6504779816,21241.0106013247,66210.3603428182,60192.6804708553,118229.267396232,27068.461420492,113975.092619444,26637.1594871012,43120.1900541197,84076.8961130273,36941.8901659805,55494.8421074692,84801.8423472162,19718.5122032103,77280.3278457979,17495.0726787162,176054.907678028,628109.801520189,97751.7510982519,24351.3103414724,72442.5673279221,25167.7688606532,81595.6323557557,32702.3101216493,98113.985454849,61432.5713956142,18803.3259753045,13795.5677839866,14521.0045868596,56503.2621986693,59272.5951469493,32774.4190717417,35512.6017788218,60921.7686716614,107600.350076735,14166.7044184397,77051.4336574619,117039.618574767,66097.7186336372,514806.251331731,34316.8206045009,25478.4838280406,88829.798556811,18378.5959489731,24119.5203904957,114526.876539411,13380.9725505503,51892.6823127484,46918.3200147282,37908.655158235,49501.8980382673,50204.6672301036,13057.1158720922,30318.5458391327,213980.033687152,13928.0685110115,20484.242675528,35157.4003888217,76793.7653933697,95470.731734016,68958.3703394286,15506.5508861418,76521.9769710141,11406.8115632582,36073.379271849,43835.358172689,22123.6107559424,180645.694320238,12334.26063445,56707.1411637449,61165.6839780653,57508.3877779724,21617.6050504348,54172.3140883867,67879.8579486217,15664.1576205016,17975.9661123727,25588.8762562808,78532.1097615054,62367.3236247973,57835.3332363945,46966.3073932411,31943.3295673121,17719.2780341252,116847.676168751,22825.0215958763,14009.3749618359,30534.8832243406,54625.03952741,56301.3689982353,188010.22648043,52629.2105844077,28618.1496793644,9317.09882910344,75985.8661566849,26008.8732977379,605120.838034,111572.00146101,18013.0054554403,28120.592362044,18153.1723338391,36598.6881630282,76337.1231870604,59934.2139614706,100903.88685147,126562.067315042,123569.029039964,9540.14973811929,110135.792794506,39011.1981363125,107696.937897263,23531.4998210489,97085.8756403197,67067.8599281021,31699.8102894812,13654.1052854107,1416056.82897681,24225.0275302936,15197.7544372817,66573.7663588679,179716.689236905,114351.814652698,21946.6715050328,63923.7110070353,82951.7110729806,63607.7089774808
8595892.96786185,3658386.520182,6099609.880158,5457496.24998953,2767178.66810703,3515470.26850848,12641437.369489,5996137.12952885,12143055.6770721,11739538.7848193,16167093.5018754,8603555.62660886,10305694.7054669,13814596.0263269,5544286.94250316,6471594.92662309,4924536.36113237,13897673.4941635,12420010.6948584,8596522.44744209,8791405.6644138,8623893.12144582,8623913.67750204,8633893.85868228,11755903.3641362,12010099.9418393,10458127.1632216,8057747.03523575,14719775.8780121,11190322.355577,10357554.4417456,8953937.64883425,11606932.1061156,8640780.57458622,9386955.52469275,5381992.3406638,18780626.7838952,6672621.62068337,7593792.05501918,9125949.80568154,3902047.20336263,12652391.4187388,12365436.4535643,3752834.9440527,8644957.11260376,3717887.69748273,9952547.2411543,13351288.5012367,11492435.3010274,9792529.85987886,13365890.2100457,6739836.16163473,12249787.7358643,5125383.48125855,8908663.1901095,8529989.44271646,9110138.01302475,6105049.78206379,3077428.4858357,7192343.76953437,5837192.25546166,6134497.13037675,3090792.52352023,8844893.91740083,13157824.8124267,3944663.10047389,8134513.81137884,11945902.1798982,10611115.3789387,6291817.43564263,5730285.84698991,6818886.69605366,12577200.403368,5909155.26750976,12610977.192391,15834580.322411,4895528.82630739,8273899.71634993,6920644.52130622,11129556.9748745,7085050.68957899,7099901.82240339,4094304.75072965,7057350.70245834,16134360.9318618,3198581.81516696,4056965.91503403,4678124.27336921,8488175.61202376,10565488.8417112,5542968.98685027,2832841.57421434,8136833.24095786,3064218.95363912,6598230.92103315,6344751.5326617,8764903.60932679,14436021.4747867,1352733.8714586,7835411.82481244,10259350.7110359,7525821.03684755,8943162.82956351,4525094.22170029,8604076.73116811,6122270.57751377,4312795.09151944,8971306.82663386,10665621.4630587,9296085.89540947,7913321.31310172,5238623.27497835,6590087.39107543,3910640.60951577,9421752.02838202,5099882.11874032,3164363.82710598,8992542.20038103,9470224.70925759,5529779.81752372,12964564.4210321,8280418.6808076,3344407.43950281,3340116.73645414,10124154.3388282,6647441.79176186,14245095.7911025,9488490.51411274,4072641.57311902,3602558.99652558,4536954.54473441,5155673.17505498,8236608.0516544,43434164.5430476,8532844.31616986,10590920.0294146,8952585.35504776,2800586.54593035,15782322.5876064,5855125.61750585,8456444.8372784,5840077.10646605,7603054.43324271,8030167.10037598,7981460.07253314,1561370.95232137,10426848.2124485,3176779.00983913,2577229.37307826,12091662.2965283,7408969.6110301,6372560.22674325,9123799.04541791,11138841.525009,8052270.81903754,8580562.47780001
17461942.5928618,2878818.11777682,11088422.3668765,6468993.36848576,2043053.39251907,4172111.77794008,7605871.81610808,5163965.59426131,20011571.8256682,14503472.9758908,44041471.7836921,15629232.8291782,7972209.57054527,31658958.2635534,23721197.4226855,7633696.8475315,14471846.6316004,32852987.4257804,7745211.61349082,35578256.660853,22501935.0899717,11174024.3584906,16676807.7789898,6701825.71830098,17325893.9432659,6110451.91362323,8628294.38279483,6457450.65540819,10312433.4407576,11361755.175663,3797230.68046707,6666298.3329154,4341584.52135611,15001094.7156621,11484695.8148195,5014659.57604413,17769333.6447161,15639828.840011,5145476.69764673,26859648.4152079,12035576.6328491,8584097.50705841,7860195.2356807,807804.055599106,14464074.621463,2648089.09141348,17659713.9652424,17093033.5808798,2018482.7613253,11069272.6589285,33907566.9788037,5893164.46848127,5352248.03819587,2856880.36086823,6708860.7439478,13884722.1743729,12119881.4487229,12414740.8095375,11394267.682759,4088020.07600491,3867133.31808027,9827638.88476291,3688462.98701995,7755018.64649862,8623587.99943157,8141874.33335308,11557745.7505598,21744734.6896839,7050008.56728294,15133634.7187885,4364196.44180636,8974763.11741596,24377856.2779517,3681213.70740219,26760507.2226574,16754828.1954709,3696957.55033802,12171409.132506,4954272.76140693,17022961.3225581,4209262.09201665,3418016.01750271,3882909.55783553,20283499.3497466,24976269.0159299,6239148.14700407,5692308.58686521,2373153.03962097,12465652.1044419,11622028.8896209,7561460.68773376,3114950.64446687,3985666.63588086,2722636.22696594,7672347.61627673,6688603.94638191,19624569.3354439,27517200.7071322,892948.46384391,11397821.7370359,8652672.21025698,17311578.1051807,23904423.85193,5494223.20453167,6607199.91345504,14685128.4878665,5389376.51373366,2349012.51956985,19673028.7594655,17503501.4927035,12111662.9764905,11000546.8400231,18056625.3654193,10485538.4934572,9782600.35333975,4864576.53928581,4899265.43008089,25995996.4672141,20902318.1093281,4957750.28352247,20912736.0132808,15286310.5202859,9194739.50805098,3532794.03165137,11974531.1083441,20050023.4529701,15169678.7018782,14492139.4654706,14431097.8436239,6095175.24098832,18980063.7373829,3684939.75072483,12881487.4993002,4566695.35096777,8006603.11976122,24450900.2492336,30690956.4597021,2733248.14813329,39870928.2504096,15256082.629046,4504739.54252771,4389741.39625742,15370495.8246183,12173460.8456974,24343101.5681492,1136322.06298445,5648372.32574918,3416393.20648801,1434862.46162419,9741529.23081946,8918815.35500319,3763330.44699099,10468867.9666215,6265941.54124218,9426154.99229744,13971995.0263733
9333777.39671169,2707311.38557315,4819814.88731283,6158682.71047546,2103868.63387547,4040742.11451659,18479326.6355625,4174806.1474627,18046105.6552564,9793655.4183889,19115482.1129354,9305074.06156814,10544873.6020311,15859899.8242078,5074044.38294892,7602757.72633387,10441741.4166117,10324567.5973267,9091094.40397478,11427078.2221527,15252347.6325219,8863860.37964483,9529663.27438189,9080032.09736772,12597324.1310903,14230330.0279631,11582515.7410147,10047168.416263,27550451.0909789,9556041.19599739,9722971.46407017,10264773.7525035,8200816.25024885,9128274.65211179,9347552.23216214,4288806.08824095,10809778.6887043,6257819.8586392,6644157.97951878,10457159.4706683,7429892.73322375,7930249.56823153,16309675.1655904,1885487.36797396,9063798.60912359,2370137.28923395,17848447.9454505,27908599.6670602,10648189.8168145,6177365.45089101,13063259.8834588,6671178.93465453,5831586.7388329,3198111.90298176,6867297.33509548,9080785.16103221,6417133.01120568,7279647.44714562,4605095.26074925,9726656.46992235,6860195.88590469,4355486.82716496,4500594.68143062,6810037.94133395,13399622.4965022,4167681.45688236,8333230.09518844,12759819.1687915,5360608.52610497,24335821.5847499,12726778.0880116,5450363.18577213,11405452.8171516,3743883.32540499,8094487.25639154,18706974.3189058,3968192.15443722,8796391.99799026,7482416.62014615,7152169.20587246,6396408.61378786,6561971.80781889,7391623.25680795,9008243.48678768,27202699.3607433,3932625.37464257,4495337.99875546,4473505.63467655,8611118.31461309,10213946.4994036,8464316.02838838,2465721.24037729,11307518.7616253,5414766.39378219,6727772.94872395,12509933.0785326,10536755.6998357,24444479.8265084,984069.492727109,8458639.89331826,13218410.6552118,9012347.16043665,10038921.3564953,5877623.01020606,12484030.5244287,9841050.95473245,5292921.50308871,4765249.36559712,8851963.01747059,11307423.2701488,8157787.06001756,12673233.2896954,9131440.02885593,6654188.52553497,9636475.19555464,4894279.40327454,3841551.30917157,7754185.83564897,7836910.52957469,6481665.81193423,12933821.6019356,8046930.57552821,4658327.29423619,2680175.34164704,6149060.53673451,9908286.51520631,33962849.2356796,10144793.1625667,3867805.48475834,2718914.2385104,6345675.37253501,6223350.09719989,8036680.83890568,12785258.8589546,9391191.87661858,13310093.8825856,9646967.36094791,1547604.40466188,13047818.694511,9268078.3567503,11176554.2486207,10037843.2704089,8269711.36514098,8052538.95308837,8250222.67824708,1461985.93015334,17438459.0479573,2292514.84900509,1433585.08124484,8279360.20034038,10444051.1163677,11365243.9185491,5121321.77350605,10269007.5758111,6959285.78006544,8032787.37938568
4628622.26016,2371394.21386624,1875160.53406807,2483295.03763267,2022147.74891859,3788864.09731625,7100355.93357797,2983095.87824923,5535012.69667054,4380504.71213968,6109736.24332366,4698038.47718235,6329485.70758504,5708224.60394955,3733588.72421488,4573039.78873409,4898562.15491568,6015048.2537673,5961321.01994166,6009763.80054534,5263991.61443324,5956727.03131542,4669889.22044547,5006348.67696935,7066007.20334503,6200390.51209552,6079835.96840812,4482027.69839891,5143280.28159315,4883586.7085336,4838865.47715232,5905972.83415557,3260452.59731826,4488190.00583503,5813313.88999162,2284727.42825176,5563680.27324747,4058575.35407373,2579031.61426772,4882671.03134606,4299195.47494697,4446227.77786974,7208517.04105292,960266.871277523,4758166.92860815,2325643.47614527,7396271.60284429,5553602.97547101,3804007.60040227,4053833.93509298,5296666.48675792,3986525.73223409,3573315.25775157,2705269.95442133,6015018.15456208,4775213.15121601,4267752.10019136,3617487.31517556,2698960.06512865,4424283.99786036,2943037.0865327,3709144.34921701,2490737.98118942,3947991.61689447,6242776.64025413,2764093.50868266,4681806.54729476,4218184.20013455,4347117.372129,4070428.25015858,4859794.5886716,5373720.13079047,4985107.17551345,2910582.53261552,5227280.75403587,7457612.67445633,3405935.87173915,4664967.82109693,4771733.7709405,4725226.93520671,4592248.3838502,4126305.33187252,3851613.08234509,5460906.31259737,7116321.94225406,3592550.93717873,4061621.47290486,4194521.2647492,4580326.81928633,3956091.20401918,4762527.99312375,2037731.80849564,3538247.61925209,2528667.42255325,5071700.95859588,4179239.48795861,4053090.33894714,8850306.07445185,1199644.53686263,4366265.582104,5417272.22596357,4094521.12880235,4723401.27260879,4118684.40488364,5601152.75036385,3858867.50242993,4104903.50043839,4399205.08051054,5815706.66666158,5782668.81805694,4420356.91945411,4676109.93631119,4472304.79992831,4266351.63346786,6152577.86248477,2725914.97974877,2837456.57152057,5507407.25844821,5724668.48429705,4321073.20274666,4735786.91093007,4756174.42917633,3413987.72615475,2673314.97766162,3558723.92252929,4434764.15546362,6443376.79598182,5504415.82147069,3720049.82636978,2387912.92612041,3790201.53674921,3298212.18178577,4720655.34514029,4594481.63993462,4503900.58106367,6586593.66027226,4894703.75849385,1819651.14094163,5426368.39807365,4558734.668483,5318196.66652852,4734058.88350653,3929675.6165182,4455043.96898816,4599077.16440101,1245445.1843677,5958483.51801185,1756215.75243472,1799064.3193026,5838335.83413821,7603024.52892313,4205209.83008533,2518735.54580202,3941110.16895326,3863144.58120126,4604581.56793106
1002391.32630052,652340.308319905,399859.59752897,707550.313742931,448111.720720542,526096.65606119,1388355.77903655,684950.055326328,1124788.94540964,859020.184735843,1278470.13509055,978552.784360556,1410705.28081628,1010418.08295435,831891.787674344,1093833.57741709,1250883.59550593,1278909.88562188,1302059.32756276,1337409.11186734,1132653.71067557,1390978.15088191,989017.728447333,1216914.5837253,1636313.64815482,1700216.19555046,1550764.23799119,1046164.94231873,1203360.20773815,1205485.51312948,1149820.27713899,1780672.91622584,912560.374176478,992439.09325266,1215938.80306355,679595.870180572,1163050.16259915,899732.792892459,741048.847575018,1057144.1066161,789966.661264487,926297.426098121,1371034.20302909,232960.575923298,949350.53034462,462051.754943299,1569367.13960486,965899.866526986,555462.970621242,767585.440608717,994982.485921626,896746.827381578,718074.370581064,633374.145187431,1079442.0240382,982501.560482748,887070.182051446,715574.819571202,576640.66313667,972642.109706687,652707.253592747,848564.488437985,402097.013934694,632893.664321805,1430469.26435979,541477.787677992,941492.600328694,1084487.79344595,907134.885221125,659233.466067685,1147576.53220509,1135368.04204394,807947.820608991,683947.171629702,1044783.41423539,1100794.89712328,819086.688851256,968504.689852748,841282.471541825,952162.591531855,954159.099475916,832739.274298551,805458.969432391,1048092.60199469,1205409.95740566,795942.63085782,856195.840076689,992236.086355878,928466.61543157,888482.315387639,942360.225945122,511494.27105141,956353.717790994,487924.699295502,1134828.46128262,1048782.97638836,811973.29906505,1597475.37177049,188922.631032067,912174.357839211,992699.827973539,874185.797703156,1084091.28500533,967912.213769994,1391811.41360977,854529.870544036,816767.920014452,1194662.96356107,1447554.9177379,1290877.56700152,899886.988212221,1105175.41618911,1055713.62153672,937176.899456004,1280099.72340524,726619.193978939,666847.591502005,1228983.163511,1269036.12101476,955476.227482988,731526.098772389,1039432.19317966,666851.133147193,652420.297789004,766108.682370379,958586.806317676,998488.956378394,1339888.57991613,870145.202067627,337950.662193053,837801.405368167,719334.946009577,972575.453333052,883937.909539695,730745.464979319,1396662.83772198,917541.079561204,416386.023774796,935639.459372615,1163949.36369078,1008759.31886954,1182974.50669105,955502.41275928,918381.51350315,873910.738706725,253563.42588862,831879.412991267,488846.491742576,395973.443085264,1119843.03034784,1335923.79555957,998579.579209436,550037.163754265,1051594.41594232,851672.497232644,966196.021000257
15455257.6398826,3672334.29857503,4131004.25502479,6722700.8749747,3246171.5060082,12720067.6956814,23146000.6638271,11889098.0256022,29157349.5636914,24787729.5452702,21651242.6365511,15262271.0918555,22986205.8482315,18645485.3408705,8446979.26016621,17167143.3203278,9581838.61218056,10659927.8439378,29284988.1134558,16853384.7443657,20130827.3921265,9640489.96903561,14955364.7643484,9744733.50910481,17576391.015808,11350317.4634839,21101679.0352605,24235196.7939161,67930968.1465379,10612439.3473434,35345288.2216456,10844358.3353823,11433396.6964109,15982885.9573748,22391998.9286999,4050403.05785673,30587473.5154417,12649903.6231128,8044070.85680434,13623511.4638404,13399056.4403525,9547290.69109643,25922644.4046932,3658293.44985867,15739077.4097221,4393769.82884345,25759409.7774766,44638069.3321265,23737150.6124804,10854861.6507266,18977694.1038065,15590970.7405091,18975334.0692805,10052440.9926832,9293455.41676803,15628234.7505453,10975383.5649908,11128242.4464119,4573122.61995566,25589944.4123654,6522252.78355726,10019401.8518793,9137353.50889166,18450653.5417046,15193711.9276884,7093185.10716905,15289757.7772702,16039756.3241768,17159666.3090482,34478957.3739621,15459969.3253951,7296726.90537234,24333566.4105786,10570848.9107812,10720941.7900416,26564987.708513,4872900.98860461,15345704.294228,8717358.13151183,14916952.4662468,24427654.5493286,12575609.4148909,12463124.0717925,17325853.223534,30879755.3775961,5043313.7870561,11883849.0268256,12056077.5838727,14587414.5974471,41262963.1940591,30272034.9998292,2703743.8404464,35649126.4681173,7663303.51640162,21002094.5106403,15225785.2535219,9319380.77916838,28059754.7573723,1871096.36172884,13990410.6861145,18810976.7482701,11859913.5031341,10101720.2387957,39822291.420441,10938607.8963835,13071488.9352259,5907656.16114728,8618015.66655603,22161521.8230703,12023988.0120411,14543501.6420612,20807382.1181996,11584852.1860247,10399568.1180961,20497220.069911,9584637.38402631,4715936.50535969,15658261.0629954,14531328.0826451,30601477.3801363,23442627.7045507,14686283.272096,12057065.0465445,4528772.79363877,40514657.8892672,9189313.14211255,52820536.2163699,16462973.2511385,10224393.9980194,12507123.5566547,5843025.48987484,10005406.8388358,14180267.7819638,15396356.3690868,13894501.9373915,13340822.3390984,28681623.6533828,5708951.23041053,30387808.5129559,9014409.00328996,25415511.4024761,15445513.6621464,11525308.9140174,15270835.8492896,12621281.4793738,3156434.65619428,33389341.7749126,3485817.23029423,2130860.6714838,17399190.4292397,15204989.8606403,29005090.9662056,11477827.5721763,13563204.57236,34384546.9303436,14756665.7075442
250807.914203851,258164.149097337,305433.696126419,292228.169698784,295843.838688744,292059.627133861,247590.791084067,471689.583120318,297891.862894378,235733.094749549,237684.215401201,290302.048713703,287023.397823911,342410.609826876,277329.502151359,284879.309511891,175580.548549405,391930.865235468,203406.872739542,76708.1163210211,305952.338270728,257935.136053157,260893.797067139,285469.926068684,272878.436223951,122291.939125481,208167.457482628,276599.887152006,233969.5228347,172939.949211622,177221.426719672,308988.563062653,427598.896088953,290185.474671216,325196.971822112,352507.820007402,268644.040328539,145058.867284793,258972.050520551,217633.603998685,274820.541136601,338107.711762511,256873.912542136,396523.055602292,256722.632272767,231685.622174126,256100.518216962,191735.909188488,1614390.87453599,227959.507588123,255413.542235082,230986.700904947,458938.19260343,352334.645181155,353545.502710237,261888.714637231,162990.837138703,259217.478632209,237939.227801761,136034.826195313,222865.068294971,261316.058161993,367031.956130557,397233.223093757,233073.615556902,340338.157482067,276150.891740213,359678.67821799,224895.583978928,156553.014938196,163868.740050691,239526.679955915,411226.437533199,216986.005506284,306004.995148328,597502.278282515,194509.748890185,257070.690930039,330934.419469323,249630.35774967,235083.361028452,419104.549241768,184186.440395315,166468.156223676,450968.413875693,216285.73812128,211929.465312755,409566.078925891,243094.208236935,530435.638485497,381920.299391474,259126.224858936,250588.363429317,397391.814992731,296522.89836118,209232.566908233,241855.768981087,325962.517779977,298215.520939955,254747.953410234,1479524.59082529,258173.469804924,144921.492380903,147926.211169082,133821.450847498,160475.125851852,291703.672474935,188265.623062141,160628.221234529,176288.333242231,257026.050499149,145466.845570474,213038.639902148,204337.110551023,361393.159170877,155249.821196266,146730.153745251,79649.6006378317,180665.065250317,57148.802509485,203257.618774376,250966.912154282,225021.692269512,295064.835922005,284590.012807989,220706.584571077,142817.494828938,178430.550182091,432379.219010958,300883.327259714,297231.603007231,327217.178191262,251475.815016857,343643.470903677,238959.014514576,197065.132781445,245233.471383686,240719.658426583,456298.278885343,177235.154975661,203531.282896886,244121.133249988,252557.882578184,260234.454727655,220521.669998265,214774.649386066,248730.644743423,320806.775534898,255685.465849044,327174.874277098,321201.797286649,167577.520718341,385072.306804416,282517.68477823,259003.271711208,258974.246366542
418399.526226468,165762.272124835,238385.202342588,214197.0505148,243825.584288285,250240.479068443,509710.997274907,230254.769469132,839193.035281033,495804.310268257,513626.249222106,427824.602807104,375475.319154252,441107.491265487,286112.153868571,275165.613552416,223004.943361574,374987.222986622,366929.860374887,288233.731253158,568799.254625677,329628.552880621,424515.2456234,334534.441769996,365778.061883561,305723.047831324,313395.821346934,362810.458553744,592958.069287073,460900.600329727,338664.733251364,314107.483492119,377968.336440394,455589.521109717,354270.945184292,237410.886658963,975484.880762479,243794.534531152,282567.465064002,336156.374507652,337602.353462181,536633.698675445,594530.675233217,204330.156454888,435085.033430015,199109.96880324,530306.70391977,376220.593314365,475751.061421627,379450.189370241,528662.491874914,258785.663907017,348966.143065949,218315.222139261,613070.553281897,481021.746597286,328687.268906923,493109.225639154,219897.172096484,419993.408171572,468096.435668823,312671.680218899,328023.416858322,594040.421349881,462412.424517612,323105.890532493,513690.939017356,770947.052323762,694707.66407644,475857.465413823,542261.693889624,496400.303759021,952950.636098678,331584.651978302,551810.559834321,919469.882915752,304277.780611603,563325.946825457,472987.395934979,1603937.55973839,499305.076069833,773817.249341648,641373.89519102,694665.781819848,811991.740717959,283707.31592955,469786.577664941,294765.752722983,568310.309314821,476160.199231508,477022.521762088,202251.764540697,575428.211209338,347587.521157248,395590.936373242,551039.989884038,448448.511225675,917114.369327027,169368.629300128,609442.246142895,479642.404045543,337949.171222874,371299.294536893,219919.039078599,330571.671539209,441154.703648723,289503.993486924,272539.314788869,308365.938506321,366348.290554524,634613.152457741,386922.631431833,408783.375265998,416234.712239224,403175.19219205,237671.423931737,169162.515898838,312920.840420987,356982.532134343,288201.965466262,648955.8538452,629747.219396709,221219.273030232,227173.757708472,315428.955587693,379477.120307875,556252.569222274,396898.428846893,362945.629199532,259324.331862498,340133.551056367,353679.609664135,626854.222957633,358433.26415622,632500.841411509,439632.114015989,728548.691073603,224909.265303756,1076084.43638777,454237.86319653,578647.252220341,599216.780505476,446286.026345778,640136.891166426,367242.570696694,188531.158795381,510160.190241161,164919.381331946,173948.612340466,526616.045580838,489973.667890076,305466.632084404,232687.566948731,396393.134004952,347549.850172306,624774.574618523
981336.824218893,260784.369385706,250019.785487687,618546.438063608,227105.159073997,421436.079608102,1946240.96093324,439742.845725022,2091571.29119573,1289999.47160683,2433262.46118972,1016381.09740084,1044639.11298559,1851833.55668068,190775.73768181,741222.248037805,682683.614811692,936376.123517134,1767827.69199523,989169.445111956,1537763.36136877,796703.532516759,995444.77084569,834623.138132293,1048171.78243795,1241821.56141002,1128056.27733451,1222273.87450577,3001750.63572333,756004.650735414,1159375.65975842,918151.697012771,712846.525639757,1023378.04752505,1255871.81274919,352735.707521806,1253117.46341652,424809.32633461,631165.798201873,878110.885042909,786419.68656654,721968.137028841,1792405.89255195,190246.227449874,974518.66611531,326862.005338429,1343481.40450571,2503632.80788174,965540.964918809,605891.723851986,1449847.59414827,706578.233229386,640718.84094931,332523.179455068,567205.935536324,931960.930758036,662849.875755135,559802.772089663,259158.656631074,1078537.6775632,481400.487228736,444294.795542885,424129.519057201,806723.432213428,962715.579704876,324147.390972334,893316.525709812,1086923.50157053,393701.770305479,1092935.02668544,385282.895861737,281296.491646825,426425.937786283,353149.297182624,396757.498798249,1011094.66739826,203259.694662054,912343.735425856,451518.989088229,411691.670469823,840040.858865865,395073.424651403,202338.028065593,530836.67946711,1277765.09989119,194555.793527829,190767.091680351,206841.822354789,859690.8831141,429226.99765363,329154.015169186,24240.5872213141,911085.170452575,114959.172938753,415497.520747594,205131.459783131,370313.824326424,962361.489826205,88057.9800813208,829144.939829861,1255517.82884409,1022089.7031745,827021.83448295,623521.149799894,949372.262393939,706813.983560497,449928.665966065,609635.133456094,1006040.23089004,1059479.09066677,791823.451964079,716541.731214466,668029.504793597,499159.902591652,1224659.661444,496107.129536524,284063.26866051,455244.272100148,771369.690261486,620468.363404974,1280105.56773727,787012.192342474,348034.029217773,267669.605835526,661876.993641484,710932.425026013,2716934.24385768,814976.808729702,163186.427124591,97902.1739431163,318056.932484999,671167.812351386,777948.89303178,521599.49640563,661596.220628814,588250.125064821,452772.045942368,83557.6187010511,735877.246667268,406271.956602992,600379.668289581,365166.053955838,636946.338212367,756067.939263161,574964.849799249,90205.2292915543,788671.831239511,128966.151057447,108068.88076696,857865.099676687,372109.362859349,1030751.31745554,62658.222209883,649492.055941648,311090.902280316,770405.575110159
892005.855283005,443760.906242725,423349.87811256,600267.431055071,298072.219390328,387364.851365019,975962.891942029,396476.453448755,1171919.40366418,1144934.55071802,1260535.05133135,893659.226662894,1054748.6084765,1269083.96087025,700674.85983648,795002.643392284,1013842.37586486,1164971.39984644,1043398.39302426,915402.772758726,868471.619994072,749839.708175539,899657.472676083,1153389.39042432,912516.944770363,1125123.49101097,935156.126103293,906286.082780552,1160347.86700359,1045665.13051849,897850.122363403,937439.462103606,600806.423666432,878696.886275774,892882.811357198,426692.768758372,926207.61216807,483229.793303759,630887.712337,801559.862493577,697425.390461153,974460.27674983,837132.410292873,149510.027077601,956135.34693044,382139.776213506,996929.41684487,794509.700261713,609170.49958791,834733.008669572,845862.491642269,568016.033921735,631363.899230315,315247.849042697,577748.362418837,916446.495653138,782661.882707247,582009.50713844,426590.89772526,759872.316855384,543057.671890283,622699.002348754,328894.917629499,833640.928434528,653565.311967274,526830.775407671,862955.382966007,823337.679155041,793339.784708456,617643.999126279,804328.291371324,922140.287506676,839747.267021504,621634.881905017,948595.93366128,695766.747949274,571362.252271686,907051.447427282,794907.727873118,1158593.10841416,881364.796743701,779238.59894699,707585.466003109,1079932.80256922,1210308.41369502,575310.97962975,718328.276065452,568702.646247857,899247.567898191,1055535.12582882,1082841.57070172,364102.568866895,1119360.79625879,444684.912152409,895119.267972647,943016.528595583,907650.260905579,1146551.95278467,156519.052140361,952929.778250959,731486.573358596,768906.266411525,897574.97106734,664040.914190021,808958.646843224,555248.075167898,523306.746292191,564219.400046959,774345.253407153,810843.746454822,890401.172273627,904381.964370454,780418.907151301,509917.873314132,918525.512135321,488696.643744276,383317.243072349,678336.105767405,779345.4925803,770259.838985605,953441.691686258,928360.456486226,495009.367616116,444091.813020316,833712.169865758,937121.305723621,951900.791147225,933386.741295408,537107.687108484,281759.072359973,540974.348038457,788067.263279243,914878.623573583,842501.427781239,689205.035327694,784325.6935987,804780.350987009,341413.280743357,994913.961279938,751860.418381926,917524.28204889,844623.171821687,794539.125598177,919988.194161834,665775.51459291,193585.766878719,857138.016866122,274191.336069411,295492.487216322,934814.457355459,791673.700029576,662985.600480304,453881.557574784,668876.62827709,736120.000120728,904965.059829915
316687.522351505,239418.47347709,241245.62963698,189086.690815274,209908.148928812,155839.734275639,477472.367694882,174913.12148473,348978.013809911,391893.972094452,526281.618749692,326402.808504221,574977.985654138,372298.83331726,277425.176985831,298844.811380644,437191.921240193,272178.862473696,409567.804651017,462626.27845353,323984.027602101,510124.626883107,340734.544442621,409854.111201683,536711.4473477,433581.778432932,479323.103138701,411429.032097158,555307.497582383,392448.187275088,385682.745566342,395877.794187768,250888.375989448,344129.761148513,488220.85377942,222280.624669891,464046.55853756,236117.978237818,235680.758059461,402133.405944302,347817.459131336,312322.487323888,569619.553345459,103702.979246832,327468.069886751,233568.971513674,272502.896936319,514020.091004187,302071.742932987,313476.473349984,459845.817502583,304295.341440892,272012.583192227,170183.090530744,196618.376858206,338856.279047363,315864.484454385,308609.510495839,224117.930491377,373062.27183244,276159.047251621,207515.245981055,125742.455428939,334752.023984707,320885.921138121,278607.664963091,308090.004457781,631757.779290694,408829.134952009,445371.008999619,359935.511679671,537403.652495729,381976.948829002,267968.898093324,374986.418263987,319651.752118859,267765.59239929,314664.346822388,469519.709021278,403261.22107081,416494.270334885,486523.550788855,384983.040394798,501802.865173316,236265.509808002,281174.227669037,320116.295241748,283765.55774811,320911.38549381,346034.720989919,402674.508724854,177628.479345054,369624.179608352,204981.070608682,579478.845172827,389809.459563961,433407.125174511,334501.316802339,80825.9859916849,305335.698906107,681509.175112575,395135.07634265,523170.023383485,354734.103494631,510991.916968005,577513.192532112,366955.063637268,358210.883941961,458293.357851399,495655.846070258,326632.385631944,457526.752709583,389636.335514776,401447.18494512,601683.965776382,322966.870788828,261167.544920025,516803.676878936,446704.646777156,365924.484382158,506311.153897875,338023.292587018,298635.958686391,391451.999705874,348822.858930621,424666.384644307,861909.150131523,512853.869337772,343392.599699136,167056.900016179,447569.442889411,477956.149512363,329841.013830456,446628.75272548,355475.427006809,456387.229020503,367760.651308807,150510.628530348,506551.59832592,301483.08031215,520894.828224383,326414.614922973,451831.777796942,333538.819749166,449471.297305655,196997.498777277,439489.370346386,171033.257116368,114236.928211003,563616.617812895,432006.547080166,695659.175624248,255893.666320196,452847.79704805,400597.687098231,339955.308132778
8594598.15665529,333727.734441968,6794622.93379227,4562014.34239043,2271679.19758266,3375316.99791115,14983041.1075615,2086822.10604475,6410801.35741674,11157279.3137896,15753664.5600319,7775806.56607495,8715852.45798784,12861764.693586,3236147.7286413,13144323.2643311,10357844.1921982,15888743.8646717,12092186.9200446,16363107.5021489,4167055.34473804,14673131.4131821,7685834.7696824,889286.577861341,17286308.9549518,1068300.23682162,19797164.7038588,6245881.16339818,25008772.3451253,3862818.20176102,13371113.7961908,1077912.74194132,10402893.3703247,7818446.16120347,6539672.08406952,4878293.89557367,3506750.93184886,5037521.15875335,16818202.3465865,15116402.6441052,13229825.0046503,3686168.75038895,12487306.9719601,2110493.37295815,7286484.53947093,4100276.85604965,15869502.1953593,2471229.59136995,10082941.9425787,12655480.2913435,7248350.83275742,10335530.6553823,10019413.4319278,1292511.56047541,2961506.4759868,6509948.91855944,13745328.7371658,6268456.78882024,6296922.81839434,5658483.35944416,430713.929721271,1972936.84540137,1184803.2119165,7751668.64908101,23880287.7644229,6673144.0801512,6741895.28316685,9723173.402674,1911828.99947589,7658434.86516251,9632716.2348398,12746921.8012794,6279786.21872458,7727535.43848166,10137515.6535906,11014070.2034361,8036321.00853712,6292406.13433592,6180172.09157455,12536969.7203763,7847864.26140469,7122655.23224823,13926157.0610264,11154653.053477,16465602.7917552,11279931.4977372,4636956.00228928,2427223.22099617,6278793.9082145,10879898.4675844,6218393.07686502,2068055.84405258,12483735.4740536,4306326.91711883,6245097.08888504,8872820.44874968,9345479.92545806,14790240.7058335,621131.745283786,5789526.459318,10026153.2134782,5691047.76602076,8024636.41764829,4284354.8006585,864203.958102353,5745951.19072646,3321801.25996642,4072086.86595317,1339374.8738365,5141462.70735856,5860557.13116302,14006713.8818026,3269689.38444447,3989063.17882936,5056997.08693352,7132136.02748574,5735372.46795859,1868084.82391404,4536446.88473748,3336877.61793048,7535635.26988152,5504550.66582249,4184948.16548607,2643828.7674829,6893982.67510282,9191729.25842556,7677292.84216592,920367.707991312,2271740.92719195,1053728.81867068,8189320.58470053,4892909.92348959,4865737.38255439,12722552.6711447,1714317.84542379,6855103.28834831,5233055.39874855,1112794.01529864,6830360.63554047,3557899.31407495,12036925.1174895,8259132.66228077,5483991.75362919,5690226.62608608,3179608.19257254,817079.971623816,10333151.5685079,1744677.78285889,113478.806804713,5577079.66571625,10656671.2758722,695910.943563822,2848619.37261567,11544264.7602379,5677536.12072739,5499850.04767234
72477.3594451798,31709.1207125672,29442.2500760732,32451.2495615365,39560.7633457304,26947.9686045294,82796.6217073888,27208.8872161526,150773.662389647,49489.8397803402,114368.540125364,62585.5236921887,116719.793126932,66525.3211207036,47393.6209729637,23077.6548203829,82976.2890583742,77053.2834893282,78159.0675910964,57211.6802745537,185230.842225863,66915.3607943032,56289.1114193457,63040.0358617868,73422.180484967,117212.038001418,60501.8073736083,90264.458895299,84521.0256911837,41119.4307305354,84721.9247028292,49649.4447564129,78016.7195510256,53480.5267595764,50909.1396284495,34242.7711257392,67899.5112046688,48493.3225402407,36797.4581997903,75945.5943537806,50984.7775694808,34782.3042313714,69816.2349461989,17146.7645995675,54566.1571369612,28082.4086427745,46261.9268290581,103942.279737668,60022.3014935868,47942.2238336431,78213.0990500605,36780.4333662639,52280.8142918848,20354.7198548739,31504.9358873046,56755.282570098,66952.2587721433,44589.1404945576,27232.1609874415,64841.4424684254,40610.2615923441,33255.8538655753,56299.8607904282,39110.5553348365,43611.4350361724,14603.1500686535,55387.8776705605,142911.150492609,51451.1501583729,34889.6511421825,36395.4759660437,48143.7644296861,108616.963287327,32199.1095876693,57425.2749109983,71189.6000382905,22341.556314078,59535.0192837637,34271.4573932732,57073.2545900197,60679.3247458246,34279.1030229124,24289.9645984721,60629.8503135723,48279.9958381426,48028.5274186755,34932.9555163231,30418.3174929866,55521.0109216708,35245.6259868532,46933.2567892595,15017.8309081111,54507.0909447355,18518.5248082216,82623.0589681045,36046.9085134682,41021.6341227568,40247.5250471514,8630.57938755417,52655.4782347465,50895.417483142,57444.5816133044,62743.2086207889,37687.7562854632,87773.1186310783,60548.1374187317,17018.3373394913,21226.2468219741,58561.7190211158,91892.6489149421,54153.1454158833,35568.165764241,77180.0720233261,46429.6553584534,63572.4139691688,30443.3483284331,28069.700014686,102522.648676791,64240.8849155821,39456.0270939878,43875.9380372631,47670.3597635481,24687.2268611061,35591.5018976559,30422.2974487077,54777.7171617334,119513.850522921,102574.816153884,29471.4810599219,12011.9200335604,30414.2851244353,39481.2330283914,55734.6153811904,78960.2299635329,55532.4831836549,55060.4450469833,90349.2414073079,14105.6593264204,114811.490953665,55020.5610333588,78080.8985906154,31368.5450741092,63145.6027839996,52198.4423619852,68587.8159203765,18741.4311015235,54222.2144164884,16908.2367680189,16601.207428977,55232.2663229403,65008.2426071023,93240.4148042089,11648.3549228773,47180.8751320157,47255.7269519415,59847.1216198221
267285.1963316,139661.619916157,160221.300745353,241776.34646567,84524.7109011888,106382.998054932,253364.050050912,219622.983903647,237547.788515642,332958.190581592,359095.261333453,280396.264938796,265727.62465733,377586.220607934,306378.473259716,214203.002567589,250232.659371321,418918.802140219,326805.481035786,483339.258304275,295531.695034375,282402.491033044,266277.464525513,278582.211481726,326482.330706173,284610.79691023,399976.466600255,348546.031474704,605552.928974178,500446.334785158,580004.841445295,390072.887361402,235030.332893861,273800.677697251,337840.537278546,228342.096939325,634494.601210171,281523.722657128,178290.02572672,317898.693688949,516537.177717176,477311.90098664,278893.039597541,127975.917443196,297780.884150959,162237.656540889,174801.168007239,290122.947707145,174608.096792181,269206.229337816,202106.431547478,262107.516847691,273958.382834998,213000.350161502,284475.438527704,238813.200629288,370476.770484586,124096.617048666,238224.764371878,378931.515249531,273757.762181862,176037.923804559,99346.9917943515,295203.541441077,152454.502912042,179679.311865201,236839.690362471,433109.22613842,322317.450229917,303432.278416794,111563.031070537,184993.074904632,141606.902994524,296502.653033077,315917.90336466,246107.093125475,195762.707416624,254739.153914396,277505.895538704,194671.447272681,299773.339705627,358308.881557445,165500.652333665,225067.281707289,126903.91219808,211491.563759035,209657.80372973,304070.895517354,281102.147563598,261413.469779947,295350.036531377,137797.355348853,461711.681523587,81094.9510612038,208923.395875824,129446.258738858,264417.3725555,171499.361649686,57445.4602048225,291206.831410473,208425.465317312,183778.367453403,181270.464540286,286126.444273111,151763.826712294,72326.0839693596,161451.246242209,226315.850429152,97120.5477536634,182071.321715637,285848.405200599,157063.435518457,166847.618994788,83444.2543014499,243079.326296004,330812.098234656,167498.461664132,234962.563436701,273756.97359708,198995.08024712,175884.01941608,296809.669840264,349118.567732366,151408.565382173,188569.330377245,333548.032348427,181564.364973789,208673.171143502,290293.47118914,119601.199798672,315164.433169888,251406.342124809,290938.289180425,233556.929614845,277675.63523667,157100.774177394,102308.022791359,124588.672405375,117847.695875452,166344.59866297,244010.01777644,159802.998422251,366848.644856314,290354.323107829,129913.206603641,86106.7739642503,173966.82998323,121519.888521989,90026.8917855781,242612.703370575,146976.209058014,157784.581123321,237911.726654173,153158.565453506,155831.556978664,276709.613751055
7033971.21557609,9515812.95510119,1340430.17577172,7248412.14041289,2961465.44338869,26313189.1868563,3065029.08568451,20816829.9445212,10832464.9584362,8676887.05396762,1613859.09226432,7620032.12277174,4149577.32153534,4556455.11459365,1649590.03605779,892074.369802754,19253364.8999768,2286670.61214912,3100306.0657448,896850.430323733,9523126.00796034,1218579.86435459,7775180.08644295,696726.624055728,1015290.94227184,1586663.4925481,764934.495699931,2560729.83425648,3669686.1016821,1229508.94820632,5240824.50331593,2092477.91912129,13459782.3829703,7594909.84121059,5924935.95271857,13691129.1961733,25543501.7733071,15445473.4118475,18471619.9060882,21251504.4732262,34485542.4776385,25487947.3732186,22457492.4681107,13056650.7901328,7659046.57940768,20074166.3078195,23785659.9519536,27883705.1427902,26104674.0470437,33609593.3137595,47159347.2320776,23335416.3579835,38153865.2186075,37347556.5256098,19700968.4524083,7722799.24302405,30288142.8348199,22779644.6039907,13410651.8069978,24261673.979702,30412904.6434045,18743788.5513056,25801962.9891637,24217936.5686685,18229437.5278383,6336963.20761771,7398031.81738062,18093467.9121042,8282229.28058122,4984201.56831283,1079474.90158724,2072437.13591926,20424119.9582712,2877537.85267595,2213466.07584747,16838217.384599,590700.337916149,7518256.98562346,942720.306001479,19305613.7263332,8044032.97992215,22379906.3271505,872130.806022708,6644898.69575094,6731247.74777845,836781.981919047,21614302.4988159,10220796.0316435,7383308.80038526,9649200.48435231,26955067.3528128,1457365.16701951,3735557.67055252,945654.301810592,3806629.83489326,599086.987666438,1748759.12835289,1069232.13081176,270035.090827703,7551637.75794268,2894356.33583124,2815974.41274691,3253233.15589456,17056745.5473513,4749294.87597899,4046035.7221442,689706.84057719,9409565.77375446,7725954.38063121,3997521.37355171,7205519.32652812,770881.878419608,3982678.72005566,4283789.89610401,1432964.55968571,4799758.34891302,1084845.40565222,1233071.78992765,1565223.64801852,8074559.56193753,10388453.8861534,7493631.19414021,2771783.56468706,931613.297953564,16693762.868388,2550671.56484885,11236261.1671938,4384186.82088229,1888556.07066219,21576127.8575756,1247794.43478027,4943185.14465052,7557202.00808872,2885344.58560856,4898126.65145669,11751539.8208254,21047679.7871479,6311902.82200497,19674827.5686345,5713487.35638905,1945984.40558517,376402.224329189,9623001.71272881,7338175.94453409,7762161.02347192,985065.787395232,5480658.92806856,4894047.81399663,744670.384706414,583021.801020315,645689.35477435,11418466.1976392,52209302.9912337,12118191.6488964,12225590.0484378,7606625.43106237
135566.129856237,55779.9696487263,158749.843534553,51450.1715265745,40050.1531398296,73471.845157633,181103.850985818,363254.513491354,152272.217004355,183197.051644372,279774.551295106,139704.492083066,132138.358909618,150042.808729788,81539.1180014021,82595.0126351517,101621.018185807,102734.15939566,141811.947427114,125659.903151001,183460.201987539,80279.5308150471,131681.244667561,87927.987264882,101488.980635939,98931.3614229411,135485.372895995,77562.5193164775,125043.411979189,85172.9640523757,98748.9811551856,87322.8616909779,325052.202575258,144290.397806339,119941.004887674,90460.3369847712,339386.921606149,62049.6831322569,75818.0240631349,122287.345100737,81269.2081063481,97025.88621682,250393.903064725,133032.959857204,131097.719003343,57040.5644030372,83031.0429101339,95704.2751778173,281405.349080642,70145.2325323739,233461.71266953,94403.2963176164,167649.158890855,128296.30964882,63669.4638695028,123818.466959361,84821.5231343233,86138.6820736802,60865.3969516457,78645.447665448,71439.6022294799,58186.9325749669,137668.124129864,399372.644655677,70834.4927330592,62778.4782362307,127407.433919406,143025.853789759,151688.021197444,87654.8494827494,72266.2342443914,70252.3327591099,473141.033158067,95883.6667465406,99443.0229162726,310983.354287109,167887.402830936,121695.876916591,125241.807592812,124833.075271528,80293.7675030948,110847.336689095,107105.651267371,114786.9939657,101581.913929688,79535.3432440737,79400.4203425557,143759.694892528,124716.72789266,178513.485315058,95104.9481450358,48396.3532854958,90047.9055231996,64061.3871007291,93279.4089703451,77581.3395539999,83965.0399231899,106441.007103219,32283.2982972666,125624.955125493,198149.565604177,86081.9422637086,87112.5056631996,66558.5723735107,96754.9652234378,107448.108266489,87474.3468745973,67889.362292207,92298.1956290646,125429.208804364,119843.438980818,105803.546664486,59178.0510261761,81245.3456933172,127189.137032173,85503.0591524164,114050.617458288,69767.9775001266,116724.625721284,69894.9735167252,134445.64961562,118624.859874412,49657.6715418451,69914.0831380642,181530.473082075,75360.6366855854,143588.8772894,89353.7938221789,59898.001502347,69238.7083745319,117043.813668634,143241.79803086,115331.238264905,124492.952866503,199700.325753822,93320.846764705,197576.223422259,45021.8696639399,348085.325693553,58038.3575722282,223008.73031688,69211.482249715,86565.3080663482,128116.582988621,131818.82284876,38750.6021892089,139584.615704982,59509.6876776911,46867.9859382793,107599.232955666,94812.2785365325,91361.3263693183,231580.160323745,215624.662470594,166416.794789753,118844.373430392
579831.07021178,163250.494847675,259435.172295357,355858.312320687,146563.465604412,252415.003530384,823459.656279956,295674.378110575,911497.67318426,661686.649311267,1708228.67369314,576089.024013375,720987.645532601,1550513.3463617,179920.069122141,574768.912926722,518292.795611087,898235.371281578,578228.849887111,1086860.58473159,631468.151395996,501313.167633991,572609.746523894,452968.286280826,714574.197920164,664761.403484162,929158.87540487,642906.96813559,1796734.0424896,765599.292401769,658810.131992759,471933.104043933,589306.425052525,589066.160128617,690384.382288347,313292.576137517,782836.403087489,320107.765690091,407438.407176743,736323.955860638,269231.443962243,532938.381919976,732871.635436829,120077.71726049,529724.72001789,195790.106072738,653350.602982029,1213121.10831675,425847.582659258,473615.103889279,680436.279720117,524745.651709626,338235.64162881,211176.252233523,467057.259779393,546755.516647504,417869.139080368,280901.9721428,268359.160143278,582480.576546306,292436.595190374,570480.749375544,251416.118067631,607491.116983187,901235.476858857,213150.593739912,555529.566645885,879714.254675971,433114.359640201,947675.406919812,649819.188394484,443565.719300665,599540.553235374,366949.046080892,577791.636825538,736122.807838062,297203.932498667,548552.499016432,468613.409916307,631143.808463004,413062.850394501,377711.398959545,425107.450048648,675941.149509307,883882.036337454,347331.537715479,293066.710572861,358972.673067071,542883.321719373,651653.727520151,499252.084549915,157110.229318862,689224.746658238,243658.858638434,796302.922358468,572141.89450067,973303.080298019,1097174.67600901,66841.2914539595,546891.786643106,527047.099795835,1026561.0176512,1141376.38977252,371433.367339947,755533.093174527,443906.564135731,333607.409249178,367338.347122657,1104781.70943741,903711.222130119,525868.033481092,598509.08234438,650278.263697926,272833.846701677,858322.301615126,568222.032194288,404542.02415044,444009.389761388,702191.424911887,353443.062570675,897191.001964173,517489.239880954,252164.162882915,242926.261879073,402055.667208108,897852.087502469,1737192.88515603,667392.380576066,160005.580845685,257245.206150552,588661.986795637,356511.189703,529357.372039571,292538.219878375,495335.364759932,596560.395410006,567333.52257372,121383.780567317,824484.982807978,566759.901350377,374261.827624703,479613.61340743,702879.991687818,506238.209076569,369243.69239825,98704.8342368924,722395.256183665,171069.331020977,103899.180457276,742608.82851647,346561.33722911,576498.825308554,324814.472262385,885072.019534904,401799.723050975,491612.603745446
2271639.69306561,968704.816706726,913573.671277589,1504955.08572187,577976.963322089,563814.313908675,2958534.29819766,1186296.01751378,3264372.55802393,3613521.39353033,4008404.51055287,2223749.23264155,2996086.80886231,3292793.99757241,1500637.26105412,2892498.84577608,2005223.28769378,2170976.76557507,3443378.91637469,2806115.28882049,2728252.39328973,2095626.67548741,2208707.67297186,2444127.05875448,2460657.68731529,3385222.18749357,4176401.78682288,3366167.43565122,4043813.67486574,2424449.54810371,2999222.58960778,2314237.96257182,1962290.98668866,2133172.32783787,3816349.79196968,993782.440719046,3449915.51420279,1782867.0711988,1503932.46634357,2578885.51636728,1737098.63393443,2125203.97865305,2784836.93585429,366944.625223112,2139038.12074677,740361.475543217,1261131.69938613,2211605.76710407,2248707.07604079,1682476.4493094,2330247.88520392,2363899.44278128,1681505.231789,763836.738136558,1370678.19206793,2101886.44438424,2112846.57186682,1141056.93533023,1026409.50772691,2900572.94103837,1294063.72309183,1822035.70797422,717862.32573088,2293227.565724,1377052.25567979,1152787.74699085,1963984.29765331,2817372.66086571,2079050.39249274,1569587.24454057,2466534.08279602,1904522.92790919,2034736.32594485,1354561.35525437,1585529.29496274,1562622.75678409,1414785.14615187,1886074.91463936,1968212.62310822,1765732.20077863,2532166.95906091,1718615.77513596,1710738.72432874,2831205.17808582,964245.293417742,1540125.36629,1243295.85443251,1527264.68958041,1968942.07630207,2801056.90465467,2125378.46277096,501226.510572128,2716754.97839611,730976.684263482,1965557.51745843,2799954.24610274,1968241.90305411,1381765.995534,225199.870975322,1816584.41813467,1755493.15714235,1636920.28364051,1301084.32810607,1365617.53878589,1616404.16220207,568998.287279632,1086966.91079282,1153487.97125472,2173141.75659566,1472676.35223295,1923931.97607128,1724021.48103321,1305297.86564722,857652.941468868,2827603.78229595,1234385.97219155,905472.163334539,1634576.41118912,1461485.5782694,1475654.36142325,2083525.87838624,1919562.61888053,1221429.9325941,568197.136573565,1700137.22657534,1711866.61512007,1558120.64221667,2045799.81780628,1137630.36197432,475913.132013724,1232697.55901761,1533585.32620709,1869327.74356688,2151538.29169382,1518167.11840626,1245623.02294191,1562814.95857537,384304.632802782,2130227.8579019,1313769.29222808,2942126.62338,2576738.48565893,1941140.70406984,1791423.39138109,1408688.72704979,420060.440670974,2323813.47597571,440296.802977303,393273.455040072,2615686.78216017,1466538.3109272,1290371.11348211,764138.261857817,1994739.17618161,1684950.41085266,1751658.06985565
231194.676480215,64962.076624997,62818.4876153299,85124.9736280654,40055.7124305989,110542.29293712,407596.726799722,184408.032111022,351786.395386124,419233.805493181,389185.95186197,227149.47958447,337659.858281226,252477.305281758,160975.788390372,356860.260089222,122155.831328804,218596.587325173,471066.176736785,274454.037877665,234109.753388665,165938.128409722,235478.342061188,204620.315171393,257001.034716537,200022.651603053,490642.116512376,514126.412747946,1657185.57802521,218127.775302406,1008307.95571029,158147.021790019,270894.087078283,226353.427871014,461134.138934756,58031.6634772944,578067.543554775,207313.304663507,168987.486668828,264426.574329782,256287.661376919,187529.659069756,485038.036958954,33691.6963016733,234736.398661812,46702.0122654198,210827.905166739,565315.705144733,267128.970068453,170906.411037465,221371.006855979,221103.161276821,691168.983488159,106986.861321331,138623.312296599,212879.149130282,177997.234932778,102767.474362386,116462.846052165,411747.719405587,75489.7406104487,110113.488088612,45594.1443471204,324388.666305948,218346.477015372,69355.7162194772,205050.117867778,279712.532387445,326907.487013959,507792.960590805,247385.020389109,261328.99241858,250717.121828109,279198.961016296,187435.901248065,1408312.66549598,94789.1128968785,211705.162679906,156174.296737937,220837.862024865,483767.781918929,601863.731021051,186141.230329479,226072.65955848,355284.437383919,89566.5662230679,141692.544444604,231156.053616027,182456.330950666,396627.657129502,427048.773118074,31109.4350086091,811814.053143194,90590.0743119057,270139.233906823,248479.113633635,144184.005730875,207862.886102659,17278.655398112,205064.973703547,357975.012495139,157929.885550486,212102.606324498,535634.972331985,140702.087459202,107084.512470609,100622.099700276,144498.672446159,232054.207713655,186909.986271897,175630.083927446,177989.819524196,103048.923550172,81684.0750117549,329271.270492009,182035.664262314,72413.1008502424,217449.172390422,260163.312061246,391194.980329046,308090.333895266,185327.779144824,150605.430380644,32963.5595044037,234259.669828066,114616.754421486,602500.574447889,204977.337276991,125220.023535106,75322.5631564561,84337.7257106973,175097.769244121,165257.013009609,149478.596845074,213139.625372511,139958.666337568,224424.430597251,35076.6675627957,347835.637931253,101014.916857888,312698.389249823,187107.086784458,151120.378467629,173309.826353696,120280.753927394,23926.3325475991,327841.905570244,22397.1071637087,10802.9252621923,289037.866003742,129437.465797559,369745.356945174,226159.402324814,261587.774179464,246684.028298683,164829.793665834
1189803.40107259,369063.632932949,287253.28436315,790869.923845423,164337.334500004,397085.997848361,2699515.69800724,1656901.34853164,2080864.55933009,3008070.65291805,1415257.19795406,1195484.14582471,1635274.63303388,1278445.21390679,426249.202859551,889580.95621212,651490.992569875,914432.9026455,1612864.69016712,2846279.10218822,1740134.91394872,630696.232261255,1228060.68804812,958218.341784876,1308331.12184295,1498948.62545298,1873064.91053894,1565426.16467484,5928119.9844524,698971.973708056,2012349.99334873,964738.736242264,3288105.71060789,1237698.97749892,2896829.8055571,352885.557980266,3654553.72624884,764445.787305445,1022912.28900589,2751510.24143089,10388087.2075132,718600.081540963,3224922.36903175,190884.808884225,1219174.46622112,241177.78059005,5585241.03010717,6554527.73858137,2014384.1893,734639.082583989,2368479.15107809,1097815.73490904,4221644.37088471,1356139.21976317,686125.579039472,1061963.34214951,797579.529501497,773450.936868053,352266.11484594,1905324.51112055,702251.523878153,308310.365378789,787460.975679102,2103109.02011928,1752483.95606133,621047.263465817,1078485.09380189,2861840.52101904,1470341.56787094,25498285.0980961,1892643.97603969,574924.175360359,2262499.54954004,471651.02347874,796577.593300655,10641030.6170521,284780.776790133,1107903.10955385,709519.559141472,1407542.36698666,875764.856676738,3470187.89836864,1155584.93194658,4071694.39722827,5501203.04753237,286088.757316915,511390.411425036,2185966.19493779,1127553.30939434,13271182.8011028,2325844.58361792,210283.058462774,1831589.41354642,738813.493580367,1257620.58173843,1540176.93543503,492285.748463899,5137877.89343734,96215.2996793541,1047119.17702299,2545681.6226852,688474.225476585,480473.192458841,2219090.47637653,1752283.46855783,1061503.27209426,376607.039869818,905996.301918361,882808.457609134,1155550.57455909,1039590.90746303,1772714.92233778,608873.61581582,640155.237444676,2361521.6680648,349213.428018404,291310.362281284,785857.59451849,1191438.97820222,1431830.21838921,3606677.05857879,1030144.89913427,22912948.3362682,360524.094140021,9608270.61482914,507679.397785985,6152239.51677412,2403387.82226937,345522.584874856,600651.220749755,531231.721788556,535886.457110421,1004772.43268936,761834.130823758,1388379.98954584,885626.693739427,3145519.06454223,141505.024069939,3401298.82971669,637856.073002221,2408088.36439305,1804196.25263309,2303470.16817563,1020761.11273083,1065193.58717434,100677.784602941,3672462.0129077,193272.850663633,97751.3384388027,1926507.82919953,877206.295886282,4627454.71563646,1309312.91967095,5585511.97451731,9903556.39329038,975134.237939065
8769659.96761033,4534872.91216666,4799711.77301403,8206221.00533015,2682549.09351244,2413903.67604246,11194661.9140891,3527832.82471641,13517287.4235997,13560648.4385444,16132934.2650303,9080684.88669816,15008621.3848228,12918328.0032305,5045581.38570936,8425566.30736764,3182499.20700496,16301036.4611241,13405283.3778044,13150315.1226458,10882428.5226905,10155057.9586473,9067441.48051754,8822072.86824057,13543078.4117886,13178536.3973983,11466474.8628897,9203352.8100364,18871006.2782674,13874709.1038475,8585534.68455597,12291622.9015126,7534858.31327591,9838754.28750589,13188217.6518523,8126343.28067234,24945235.5950098,7756752.3538046,10720197.263094,15324696.2038843,6100674.98713046,17751963.7831026,16960966.5451228,2618293.0616271,10108250.2899093,6253545.83049735,3026357.24823396,20689448.360615,12508336.3595928,14408123.8406443,7067175.06845089,10398541.2993387,8265081.01894668,2942033.9760739,8028928.90045997,9550940.41332371,12558596.0760601,8878820.64057941,6621291.8365743,12210479.5745098,7550345.93991193,7832748.55167873,4066869.264265,12386358.7200071,17998631.7055993,5025233.74592552,9978261.98694908,19136857.6960093,12559736.3192093,5135898.2116182,15194098.2261971,12224206.357295,10688147.441005,6788357.69231151,14283629.1211873,8440941.97667992,5125151.6809833,9756742.46432784,8081083.93489917,15659944.7818737,12529414.1510404,8632643.15650527,9733779.84317097,13455012.865628,2236412.15358981,5868256.10890012,7682445.62049457,6160558.12840365,9919720.1215016,14217905.6989183,10186629.9810879,4398561.31232707,11725789.4326299,4822940.87028571,16159992.8567678,12886930.4251377,9953481.50934931,996768.270949795,1429168.11940041,8821389.67006998,12082147.0743322,10517909.8026912,13863364.0678947,9600362.33543642,16564731.0164364,12040707.7663914,5846292.69603116,6446710.03965686,18476509.9000658,18947685.5879855,9178898.94408344,14596844.0046733,11139359.8008776,7019366.95238443,14963577.1242147,7373329.44403401,4671772.9229988,8731331.92682762,16183671.9974172,8219140.74840412,18461181.0795168,9365248.90383394,3890125.14977449,4766059.85270965,10886693.8337589,11368897.1855368,21953397.7930205,14130727.1175981,3981095.36023371,4073445.23724251,7362739.79209472,6410185.63010776,9192195.5338589,11647062.127138,13091291.9594882,4149048.12687698,10982234.1170536,2775905.15218735,10397290.3135386,10361407.2708959,15865805.5481099,14704310.5506923,15127436.0569455,10274140.8912323,4365786.16212165,2225818.5732476,19895966.521326,4657923.91318783,2433411.83064737,18688798.9042283,4055293.93274691,18010942.479467,3217641.84933648,12617181.2521337,11355182.1837495,9070001.06800003
37402.7184351373,9523.93211344495,26133.0081387554,30866.1951581306,12333.5393364005,18949.0972476849,49564.8778331719,19569.911626944,56159.9352543333,38379.9105419004,47380.568773927,36736.3489408016,54495.2030367473,41913.1675280105,32805.6782060695,48513.6038777601,26279.5803012694,65470.2377090344,39098.5068737862,60593.8119947428,47030.6449362143,44997.3459728436,38897.4149489705,39055.4248981699,53082.906631525,43505.637556281,61007.185364488,61719.5023753383,54531.6649380508,55685.4160131693,35180.3730646298,45989.3794235236,49931.036171302,35862.9599918531,34193.8897743255,31768.021750479,47129.0805235581,29900.6980896786,45649.9613668797,46826.9596784745,31975.804232464,40518.4903970356,42744.1076959209,10252.6739241064,37413.7479693116,21513.6288143375,34225.2113526077,40058.690402684,28093.8847357197,33025.3124127682,31850.7805631775,38132.2893162684,36293.9334173057,21141.8256115864,36532.2007761914,36191.9899077666,33667.5709943842,38167.7012281551,31232.9501741283,46770.6525981923,20383.9852049994,33764.9856386343,19895.5408072542,38557.4806059233,100144.170559107,22500.8851814767,41244.3817193484,50208.1666779134,35469.8714991814,44351.6370253032,53239.9606292984,47163.02777122,40112.72613311,31459.5268738255,50747.8930405378,40422.1216704008,33781.0111080847,36314.3760656525,37474.2070176446,40368.7927569001,37642.9861413148,42564.1109702566,39950.9793476948,40897.6576200118,35381.6828549672,38999.7866124947,31211.4723412288,24650.7457138437,31273.7248906609,52662.9143486059,35501.0001230468,19581.0538666848,43390.4265646845,32022.5967201398,64999.236860001,62082.3895170922,44713.1014816803,21266.3186809977,6829.07812629168,33378.9450294094,49838.2575564641,46649.074729788,49478.0474803385,41343.0799452285,50350.4981954391,70436.1702021252,30591.6702164808,52597.4059160566,48897.7412246714,65775.2088202411,32970.3748508333,64627.0441441204,42853.3491930506,44165.1068766992,57535.1246406532,42721.8994688691,46096.5817322678,49213.939341956,66089.3938501085,58543.3578068043,39450.3529838875,35043.9440395138,32220.4185490301,33900.1736484911,59275.9986767718,50603.005715161,119885.428096861,47132.150910023,27072.5810407235,28885.1920848378,49985.5764750809,53340.6815835405,37870.6703141757,32592.2271103203,31011.2316487002,30028.1605680698,38403.4595974906,14397.8056751462,45667.6020266688,31375.4777543843,38911.0622442523,47771.053787782,46035.6370460082,36971.2216064324,24449.259902529,12236.1887704669,36623.789050093,19838.1458297984,11723.1232730822,48065.5948300007,38407.2139060419,26470.83928593,28110.8040244787,52913.5369080693,50000.0009470538,39263.2054267708
386341.611453188,240846.567220303,296200.689861825,297218.201785684,167163.191725403,151504.510994395,540179.76764539,282215.600408236,390622.999546054,373037.270658693,573738.392785719,442147.222205134,484043.523410524,589759.866624211,429859.317083958,386685.029975301,485339.388105725,627238.426652865,540819.64434691,576777.681388668,397526.633205568,521437.062178319,407277.331858312,525429.365609097,526757.756589774,565769.121144976,578119.108340784,555595.499878919,793749.087175658,541057.853759327,585880.992876267,567160.551245992,342869.292598609,372298.924038798,481276.443858989,303601.540199076,591413.16898242,413431.65826219,314282.970182947,588434.402231792,475618.842987193,471271.413858325,536396.876185687,113664.871575055,412262.605892583,253126.375098355,403924.779216075,368541.849916905,395551.519361332,296190.432336913,355744.470969726,363748.352461543,401818.533109762,235240.668607441,321555.505700099,372876.794721912,330024.472820198,258871.006491126,376607.586789031,576747.44007602,333377.66532315,361522.424477896,152646.93440836,327466.67080746,329704.032921892,332306.55098549,423851.752691026,485390.939065285,474006.345432064,393886.451313581,417124.04742134,523574.686445006,300181.299989534,466745.796117553,490324.494352409,404065.898043446,360578.581869309,363905.445749233,331249.880378265,316204.183185161,441607.190856481,585087.9960287,364309.937084989,426365.38926321,474868.043187039,356690.084790007,331026.161622236,342253.176903999,361551.283006852,539116.6848992,428141.500236566,222151.297207791,681177.911646211,207781.660017972,365221.935246341,482737.779118194,519590.926252875,510955.316065381,50773.9832633782,342885.583652294,326097.470471182,321075.480172416,365012.540830224,256175.791293176,231758.674590357,130208.305678452,204434.792972566,336936.913014232,217233.542834646,372975.069651631,337233.85458998,289219.372954829,246381.767055962,178282.740996836,340889.412977547,382416.045732291,222285.826063421,318303.300845875,363900.625788531,315088.734100492,259371.336531302,341679.773990516,352715.44196869,173959.929942628,330277.539578153,451658.712261632,291229.84322059,361656.297871488,498088.967922982,94712.8960802989,468361.434183346,384670.461955443,338329.942413578,408926.81517436,419386.71022391,291045.744028324,250977.481036711,124624.629841685,291664.014032497,287455.437197611,338396.399202348,363086.779044687,375475.881798636,351467.897894529,252900.141589021,170775.967236704,366793.690533047,152902.910335425,109898.883835971,305593.253643097,320178.320942619,181688.382024087,184380.505807574,285778.856602821,318821.303177662,340337.407743654
32188.5071752092,29697.5182070373,26608.1486971765,24575.7149565147,35407.9611902359,29511.2318118207,49079.7861683098,39341.6347973319,36994.3079232191,31521.4654333759,38876.9614749143,39524.0820570663,39193.3730049639,40921.7612581556,27633.183908227,20595.5067613958,39603.1603870948,50777.3990138314,35350.3170677601,29195.7604176887,32663.1083335208,35204.3693034464,34711.4944278655,34472.0699178945,46368.1509980578,30922.6246006463,34506.7662391825,41268.961009823,73477.376756124,49486.4466355154,37089.3532570748,37926.6409341598,28855.8939185055,35447.4390713248,42495.2746481784,25648.7577909665,68835.6881525613,20300.8512696589,20893.501822561,32247.4062379026,25846.8777571265,63816.6244074335,70051.1835246943,51119.0333876836,40402.0455245472,25333.5808045206,293468.67973021,80359.2456782731,101299.320572557,36178.7552050109,94788.5525983732,21872.2909266549,41646.7403634533,46661.7898988652,136489.359588939,35348.9846368142,43419.4008037239,26820.1161355912,21796.6245219262,44920.6409588524,44782.7375949239,23296.0471636779,24997.0403542474,46428.3325172322,113987.524150011,33587.1167601348,33468.7940428721,218356.385818204,107470.393815676,93843.9437488343,92603.1487606475,132539.734654064,96300.729103714,95878.3974782178,145485.428917437,354488.447445708,59641.3102631483,38907.1375663214,115839.629792564,137200.859214382,97172.7358827338,88399.6871277538,57888.1826022072,108143.711581045,851827.351766623,54209.2950066209,103522.585408891,70375.798182269,34557.4666092107,138262.252016365,152255.253361854,70941.382972469,121337.595384523,59503.8683034582,100392.476181723,75483.9737936219,136974.39911304,1089524.25270982,62729.7827756494,34561.9706249387,95579.8063140525,21722.9262440152,32312.3183448902,32143.9121115007,37695.6817352491,33768.2270332504,28389.0126198499,31639.5812072033,37887.7175354827,61530.5157761243,40787.5285290751,35495.5197086115,31232.6455800598,21709.3585535395,43459.5353878765,33611.2439965534,24793.6795665645,18437.7186763139,46124.6651505683,30422.157649986,73808.3388636911,42828.8103330033,17830.0951274606,32849.4024933064,42652.9789281882,36391.432202245,108769.854106226,41750.9515537689,15866.1972548291,35169.1042800726,27161.599558492,34295.3296196205,40452.2692258737,81182.740860904,107009.640047194,117679.969399267,70869.5529396298,52893.7051760803,668841.803919015,68038.9103360648,110664.237047787,85465.5092422402,74514.2194465982,42224.8857980451,62428.5129717,44265.1343403817,144082.276934238,67398.9790330382,69802.6530868839,124684.183854832,200913.27248204,126469.094049705,771672.106016333,88074.1353353984,74977.0351704245,44932.2688557002
2854496.45180464,1113927.69983911,964769.886650705,1499261.12985172,773250.414263998,2000587.91238907,5765233.61096372,1902226.2809061,4654418.0127586,2867119.20140496,3364879.99001245,2698993.72281495,3642866.26417067,3102119.15221257,2066209.28349931,2681678.30845592,3718258.75909672,3575643.01537006,3331827.96610431,2896872.90904983,4524599.2253769,3000069.21412235,2782768.1870516,2563946.03514783,4204253.06028712,2584063.07249596,3425651.75778281,3723710.53349585,4294675.49713532,3454494.41207061,2788187.99415594,3303822.54395922,2408203.17218445,2846030.48824299,2632436.40461116,1187958.43320418,5541313.29485724,1831969.3010263,1678636.89613754,2563551.84663705,3209022.36439012,3573520.7913242,5940497.77698823,558058.931569948,2811217.72596125,1255822.42979818,3637057.46298524,4086067.67465316,2779534.13586295,2562217.20348922,4666306.60437932,2353449.28257026,2550771.35389985,1600353.12522297,2198889.28932152,2792314.86929119,2588235.22373563,2845032.78808341,1620035.4940382,4210536.29043553,1899805.77704797,1845943.24711959,1504737.93472538,3128846.03351251,3222160.65612929,2131824.34618865,2543130.19792357,3415827.34637706,3160217.32933929,2976687.45416227,2404817.08528932,3010694.28272199,3795651.78615647,1585693.28789724,3529611.71231011,3970581.47347197,1831679.83582963,2639676.81577375,2628911.12925053,3284420.22054123,2839562.65367595,2981201.38900017,2162027.5298681,3642189.27297437,4318688.13259485,1581004.84613607,2200532.53504972,2281216.74809131,2540636.99823399,3706959.38019789,3548885.62366431,849085.173118765,3350462.26603213,1576546.85103013,4102654.39947433,3558574.00627082,2656078.16457901,5363684.35200859,426563.595024713,2525912.11877436,7035027.27182092,3080147.36794269,3216058.30655408,3746659.99296165,5058759.18541701,5516562.53766733,1936812.72134252,3381073.12607457,3005825.06153224,4729283.5808642,2580046.16043481,4326482.8835275,3833990.35512515,3851964.02807505,4199122.30838207,2254909.67801431,1938077.63771272,3262531.09508183,3985346.14113431,3953460.95731449,4532338.65466526,2642325.86948138,2283211.23477396,1851452.92537703,3507904.25955752,2834200.52795018,7242273.23716094,4316464.21175907,3143313.97720317,1437897.75929179,2662999.41259186,4495524.57258773,2667855.87327139,2630441.77303569,4622588.85340762,2954485.63403852,3748593.39765264,1076195.47678399,8488239.95308747,2172778.47291135,4146810.51665405,3328775.08070725,4085115.10876621,2606002.80901775,3486472.77271975,1112313.24608981,4169917.7294649,891112.835365739,652431.652873975,3058509.70883959,3125789.96038492,4414315.21778128,2581220.6316206,3199447.11036791,3665368.76525908,2530493.70587656
44550022.9196397,20489311.4484987,25068999.0174408,23974864.0037433,11171095.2707071,19518486.9011464,83285784.2492427,28075976.602696,34178148.2245556,62163093.6526158,68124132.016269,45484923.558339,46559657.7656207,52543808.0180907,19105145.2259209,41129619.2127892,105874381.718627,127273525.200991,39443100.1140582,105003789.723183,29934369.1322393,62238467.21063,47226486.7939573,57040612.302452,100340655.463826,64497659.7564354,66595102.3371305,53686026.3108366,61925001.4040979,119462952.111002,49374219.0616308,67579404.7172903,36650000.3279345,46879921.3056482,56964924.1285868,20121223.2339661,172496863.696554,24469826.6851298,38580888.8168815,99320135.8075275,29130530.5325711,118419088.62884,93929596.2547965,8286706.34774165,47221638.4279167,14035990.3748467,71411624.8356902,80908402.2416138,57652177.4344926,54499542.5333591,78385336.2179633,53542129.3574027,29417902.3822852,25415961.8362406,79478845.6145341,46851390.4642716,57333663.9744434,38434551.8319649,35575681.3167542,57211811.863058,40379636.1165665,30523959.8298139,8293146.87379769,43807578.1222036,52530600.7323539,27227298.475324,45966045.0102095,64747243.239712,92416965.8473977,27077098.6989639,48145550.4570252,47508651.7130629,42596877.1167865,33963062.3953004,113070323.074478,26971424.2506576,30313442.698258,45169290.2663393,35499154.6772839,62660821.8332218,26684172.1548591,51246153.1768534,39212392.6800955,62849535.8039187,61680216.3327117,32599573.1337386,30818171.2353511,41446922.9914293,44479804.3321876,47095831.9077409,35913708.504653,11755480.7843644,32063001.2577718,17227898.6345634,39663211.048316,52863365.6246008,42328133.6278307,62569654.6636053,5018334.31428741,43464923.1925947,75249028.2257225,36675672.7406271,49850132.499521,36943908.0716401,61012978.9994054,52564011.7011599,24137583.045504,43793286.6749604,56531918.7529783,96472527.4585266,44187467.2780667,66230496.8238399,36766223.0952888,39237028.1177877,53221295.7700219,36618773.020424,28291496.5140786,28588200.8050805,70824135.363139,31816394.9781704,52788490.6026511,44997503.6376047,16607128.8837093,17253146.2164609,36480551.558289,42195131.7829252,46310090.2578586,75744859.7420682,14948694.085639,8187995.82035252,45407392.4356,56280804.3863489,44833097.2316243,66978721.3967223,80975951.4519504,83038760.9166289,59805869.9056073,8558033.46630319,48262902.0114087,30865506.445847,77692319.1709998,43507867.5962748,48087334.6847589,45030873.1108621,52276901.7469781,11519863.6451505,71046792.5556425,15544249.3752857,8111454.55906243,42866450.8014647,68108429.2647323,72358731.4655222,5042863.75839641,48102889.1288798,35952489.0186,44294673.0496949
2268591.31817175,1246620.35977099,1152478.30250767,1628365.08251993,830199.931498411,1254454.17781905,4053235.80225657,1707828.21517256,3406210.22521076,3003938.60909302,3130463.15760772,2422650.18742896,2633291.37623234,2926799.37610183,1394780.51699392,1826720.2366118,1792702.11297806,2160909.34937895,3072895.77595126,3241702.37081799,3136766.60738649,1751422.42959623,2403037.38787952,2354657.6989497,2057351.98041038,2525653.92786163,2560797.79881187,2705798.61508468,3137758.489498,2341336.7073019,2097391.69328095,2336376.08929639,2739454.70937382,2209873.65638957,2602993.41507083,996735.799159022,5144195.11063003,1907093.92040517,1471948.48875675,3008993.71069692,1372295.65184862,2257141.82186,4283676.57218391,740946.298447571,2545407.61852057,1224035.92106317,2452099.0296184,2748628.28658673,2951142.38267759,1826245.28449277,3656272.76229838,1710724.40488109,2352764.72276924,1463956.23659483,1639992.00386781,2352688.31454319,2012227.99118896,1420075.63991335,1186378.69119079,2607605.8881182,3832788.34622693,1561288.69148511,1089725.2324876,2357309.72281058,1936571.28945193,1170897.58374864,2315210.78895494,3294246.92976472,2673125.72890133,1918151.14987676,2218689.95189177,1566028.5602928,2633240.96886887,1147615.50635033,1806963.83398829,4748831.49965859,1152182.5311222,2231278.39328463,1786056.41404614,2456523.93783665,1979809.82747821,2399701.98410277,1683069.76923035,2500566.49675002,2649584.30671552,1069942.96235481,1251769.36630709,1822620.60821658,2244934.46778627,4174146.27490589,2120820.14997526,656631.555811008,2118427.94198662,1199490.15030765,2236712.58271984,2226452.15846669,1598881.32578408,2319006.45057067,466107.830574542,2318747.60719763,3589693.10277794,2056978.6386412,1973254.59609942,1922311.88707582,2555060.58294184,1411316.76674157,1163411.46504597,1712587.99597446,2564572.80117703,2744123.80616748,2094889.52402344,2138953.35550678,1610670.37315208,1157935.89673756,2687019.59872891,1124600.57677079,950772.29059277,2083387.70416261,2208437.01921701,1542218.68524755,2886974.2020289,2202937.0650511,1237793.85149333,1080586.32866849,2481780.79123981,1551137.28048694,3524772.5191046,2908013.73983996,1006570.14499506,1275503.84359102,1462059.69208844,1544942.6206578,2143021.7951804,13267849.0850135,3149097.8836589,1748785.89949735,2364360.91488735,728653.474231078,3516226.92951192,1529853.16539987,3124478.81883192,2047244.97862421,2343828.76039542,2099633.63615688,2161757.19222345,915572.148072433,3967546.33952856,692082.41674704,714317.678289234,2687226.13735858,1847087.44639382,2340622.65946314,2999844.83818356,3110882.48560681,2749234.10893377,2093079.30776911
711643.992187505,403390.072402793,313754.760056459,425453.416063299,196072.116861944,273619.982923431,832735.365225117,375619.93581615,1350380.48994496,811876.247504398,677072.666896811,668417.885668339,869184.184499269,546168.327546132,820358.979364562,316949.393601588,799653.118943281,1225318.22763848,1149735.12431013,618302.035266656,1173241.6539394,510598.115030853,638183.625859179,802028.348962438,771115.978532015,588101.74146274,501897.186653146,538155.271445892,809177.56290862,784375.857228852,453073.603764673,844080.809772563,529620.821703265,630882.613327632,762336.599707335,435758.359579022,1539165.99959088,528722.434953051,465947.54175359,616762.998564059,615349.309231479,738983.86003143,1018290.29261883,153917.370042119,590735.25481975,262991.437720213,1296819.17874645,1064085.37120933,599832.973697338,648447.925449028,586310.291289217,323567.729759029,844690.319508079,259999.295899591,494334.684734326,605633.99352345,715841.332816583,400010.143202829,336191.887892454,530374.185638444,491001.036170849,580374.21069043,266178.68231205,633590.718297848,626941.764739939,299285.75428496,558160.221625319,1330733.277846,793342.175989307,550060.164493636,532514.618198471,618156.672601207,743024.273269397,362142.073720916,992250.392897193,1150931.91220545,278771.412010921,538072.087407206,449774.703620074,780547.6749259,788020.623167822,485361.316852507,557603.939013673,629295.30471112,721144.08692138,266125.950446597,382228.228437343,443447.019092997,548044.144555059,715819.950979643,534331.561238234,245563.987011161,586225.814489438,219716.15693906,678027.751696795,456745.666566967,437360.213009747,693444.850502773,72152.4215003279,554162.638877476,962183.149697332,380222.05873282,523626.043340281,531459.225435758,525142.654545215,355726.006908114,350336.141755263,350112.417121132,897170.460745218,983703.587789967,463395.197936454,599445.899789695,795583.401954619,328945.863474351,644710.406806163,331202.953299702,205272.3460497,597344.298579747,1053422.90680783,511493.424551613,547077.841721471,503232.12848519,314163.180577383,226802.74932764,343062.376213816,405694.201709759,920767.7809456,540711.898846915,507692.390247515,324640.260051379,417788.652454897,476213.359349566,518162.75122969,750309.857957799,610160.340196637,663417.3429738,654456.404337539,211376.397892337,930483.288282472,606297.628136978,787135.128926641,562869.56227035,909258.642876022,504253.563113919,374052.833672551,103782.516070713,795063.922052316,238909.204832815,139130.987061931,571108.850679822,564244.597074462,696784.870147388,420642.993904892,716287.865535424,598245.143493627,523820.429406813
315676.980944841,333611.551852666,350832.260830574,319175.597391951,317002.665517842,350352.204436504,327622.480662332,349792.176932169,320385.044289984,316939.995573656,313309.388593282,306115.245222176,296791.910823638,289786.504291441,338227.729656562,307117.658270212,329943.969709634,325846.019330091,311996.814390588,256022.677288818,316816.24608578,326867.933775246,321945.007803095,289160.617549072,328843.247068372,307076.574895729,292373.005231814,290429.398680357,351340.341142292,284177.759885792,308153.56143409,292783.833860233,344457.065468538,312610.478120868,288745.161466011,337938.484669629,309425.804620465,320870.612090763,302435.998399697,272849.657499164,341006.113344895,330833.500606555,319903.421516185,399681.79219157,305404.355129068,331733.920413629,291365.76961452,321315.032360483,342566.875689576,324127.280294635,306821.777493982,307701.05868651,336995.185798151,343934.123059341,330282.451983921,304907.554552111,311049.667649906,287183.699912646,321926.293527173,311528.286024407,298535.594352099,310947.077960305,332798.56274219,294865.487037491,309368.335964657,303876.836131851,285536.255692028,294450.604991334,281596.359622977,334324.169867317,316726.59526066,306534.792289431,273749.004327189,316530.737869761,311144.226866791,308399.744529705,325179.672710861,296139.544426704,293587.855291174,282565.447044881,290300.39730872,262502.604720369,299426.990035876,281126.38866736,276932.452805958,303443.148123342,327231.782153816,337021.901667175,306325.385370853,276437.757115453,265055.998530812,335729.43295718,258831.563881523,299511.847576894,276598.673616771,280706.210520072,268841.971774345,251283.81626247,344197.476027837,331749.753659181,304123.811018992,298385.769588748,296404.563081609,282068.752221277,265518.460567616,270082.114260621,283789.419348084,281534.018245252,279504.081655594,268224.859259361,292119.180714527,290270.502912413,286899.877248926,262768.27735686,266539.341112136,316448.203766171,309820.484149045,265773.336365385,289602.161659382,266661.10901274,270720.189420566,303378.505386918,278556.838361392,297213.557301455,287437.033763228,287732.344807515,311247.469603708,293893.874611064,282997.555401565,331881.032226904,236511.450225882,278181.268859695,295551.771734995,295606.270066226,280574.000250403,305202.016040434,260828.865571307,329858.82237872,249861.791204769,289898.349737142,266082.867716361,264115.26147366,280898.280463518,318463.77208613,293685.295237991,322630.255140712,283009.221144107,299182.796314791,316788.972056502,241580.377540761,309656.629444845,243211.366194581,305319.284202471,277234.250867707,282351.162083358,296827.548212661
907666.730806991,319118.467743327,918166.634792271,297933.024868219,280990.840462035,187013.749790875,330517.084560155,762931.651701112,910373.060701662,2419707.57861166,2941558.50989106,1074311.82512896,1497872.97453572,2193877.21353999,387702.449327439,381498.502423748,791152.292742948,2958666.08166472,2601156.78364874,2138780.02341219,530309.167691809,259204.94386029,1092183.5187889,1529342.94480949,308317.22092248,1882544.81294599,706015.716706624,926182.17762579,672700.112741445,2169766.46473492,1070480.28534008,1237650.97757182,2194354.57082119,1130003.26235227,948223.137039735,587662.994152562,9233750.5913047,2253998.38313597,1771347.58466625,3048417.13566411,371866.043658483,5033049.25933826,796133.88164251,344602.22169904,1125853.93053318,781224.571141301,93758.3606549518,239154.832164219,3504650.87307206,2143418.84662313,1411964.19796953,1111390.19696416,1912545.76985945,472308.100584885,781342.813541737,1117154.65818533,1812962.4684419,692737.612700555,1060742.17379531,956596.955515296,696005.416293564,1660145.22880055,428074.990617748,1829968.37787348,876386.812547436,483965.39200941,1107917.21623099,701972.979966788,3498528.94087593,146549.954386542,934132.446429943,695179.02153383,661696.921399306,859140.865525591,1449626.59947347,423429.661758092,600983.747515955,1060163.55008029,448933.058586615,2250775.95539727,2058257.32422172,1604176.73529628,585088.110157036,1583759.79766777,64490.7722377316,616416.912983779,505777.740926553,1675960.8537753,1146532.61523697,2790791.14741048,664492.003335822,515388.36812897,663208.016579518,180740.163595385,1857713.16778137,582566.90237157,1605414.61211914,60171.8313408259,138081.184711688,1162055.3319658,243497.495586211,1636279.77479015,1915998.18694974,605364.033212175,1614117.76884955,500871.216145671,278938.22495859,736676.545278619,5584573.59602398,1818694.54092776,1061303.21231312,258065.558516431,1021376.13432181,266187.032612527,793088.66368719,834988.242984167,413962.665051881,1629810.97716421,1632677.50831275,607900.762441688,941904.171349572,1141098.41030316,72221.1011957431,422365.94198014,866206.870636428,1258007.16736356,745829.42448786,1070545.8103345,232579.767327348,335220.095806247,1492216.95710481,164863.357569871,1125081.42406977,1524530.64148145,1193156.1311072,300450.42476037,468558.98025029,199931.416042901,663463.908519861,1507715.97630016,3153218.06737793,1040424.74557001,417983.179222608,1204226.14126834,442653.778314207,58652.9098386223,890600.331919406,364445.721481976,419530.630069336,852499.706052278,304721.973095549,674701.247043657,492970.761761438,1913633.73441859,870606.389217648,1197455.77356265
1326236.93039789,875798.140520095,788555.309723761,980678.57447487,661187.262024925,746756.380101753,1494562.17140693,781541.014320558,1499009.69038337,1402379.10846891,1758957.16134881,1372633.67831271,1634116.34705632,1616700.78032745,1078812.88360069,1265346.97357378,1292063.24352619,1391373.69405992,1639921.39354178,1500912.9179125,1254550.86669312,1329802.83666285,1231224.86813443,1461698.90621099,1594786.3082598,1511158.08137641,1520641.8231899,1471655.17123682,1488772.36539623,1408643.73583199,1281655.67895772,1351118.71959929,996107.332664648,1453627.05435318,1172840.644005,652807.784794733,1183418.1943294,833191.82031079,708007.995321851,1041339.81606392,751202.83977791,942529.138539845,1205381.51383137,398531.478676366,1372895.79993879,585875.088354048,1083848.12432866,1071596.92959729,891625.684623672,801558.958679237,1009114.10379746,755919.047742947,894450.393830035,611855.855380364,1035909.69456398,1330536.762988,873693.880934096,749292.969875563,667422.236579615,950026.625258664,793746.722597227,815393.296528405,568962.766768265,1036623.71585732,1076083.48264979,720195.18316088,1390114.01348836,1372588.22571818,1287406.50631989,866653.300154962,1109597.21991758,1101675.74795749,1132608.08121813,869549.226074097,1116305.22287938,1234047.91008428,932545.586468437,1326570.88945182,1238700.54211714,1222729.5509015,1138028.74634834,1003914.61901095,956423.726989692,1233163.48763913,1286236.93845872,856412.696168895,980490.996413136,983309.857312013,1345292.11700306,1017840.05788999,1285011.07317953,728668.374244118,1285588.62742527,856987.793028133,1256981.54173962,1261912.23427307,1206113.58215925,1278284.81985723,503397.322637259,1328866.97814956,1225533.38484216,995095.146608666,1023050.14785753,877006.565044582,1022057.55949376,769944.383901744,872931.787511142,811835.275987565,979031.982074115,1048727.18927486,1230482.13328115,1082307.05074712,1000708.90014142,894058.726525407,1343573.0179379,825773.265885828,791320.010842218,1059541.67696273,1125202.93519533,1022526.59459698,1034186.12061294,1394231.88541079,715910.423190351,770826.371518067,839185.543970998,1163519.99710785,1252342.8282502,1134254.07696781,875873.155125288,742146.295639905,989101.017100943,1064626.09328507,1339545.61968798,1056068.90089649,1041383.41043974,1303116.63748874,911382.089626844,598378.821984722,1202534.94916966,906236.264249063,1228004.58155129,1002571.82530089,1016156.97388446,1351129.37866084,1034971.63132456,571031.16133877,1149819.38701959,673841.12663795,611981.384888224,1274490.12103733,1360709.95296601,1013819.15920697,849381.865531479,929837.739612584,725829.294050533,1353288.43678411
12940748.6062007,6260164.02091762,3900557.84410108,8143692.38889079,3710016.18493691,5847945.27599638,17114223.9623602,12020500.6513074,19629193.785877,13753544.2924636,16923871.3048727,12611660.6888064,17454032.4320686,17159564.8620164,9084724.61297682,10054331.5097655,20321180.227191,17680614.7673024,16122226.7519071,10576756.2774456,17298174.9247329,17274151.6747708,12887355.4824619,16499679.1583677,21505082.8605471,16886797.2986391,13813399.7932219,20450644.2207257,20821051.3083552,16575674.1821946,12179334.4350823,20966334.5679732,6220978.42517417,12599341.4567768,11795605.9339244,7301848.90371593,20923866.2255945,9344061.97666576,7262102.78586777,9509522.61651955,15893777.8792588,16951595.4686895,18340022.5304282,2209347.40559095,12249117.8127001,8515625.47909884,18443311.3982992,17487591.0506346,7941164.89881481,13431131.1634604,9844755.40345253,10174617.0157603,8916827.22064867,9311233.23150522,14520941.3915357,12361845.6296935,15012649.8885525,10081948.655347,5664025.45214234,24055965.3628084,11248257.8356872,5160612.09268833,4036891.64628157,11542094.3994939,14480516.7025602,9637677.4283487,11668138.1819911,22349111.153248,11436453.2239242,9397861.9877989,10206910.894601,21216776.9189453,7908201.38530841,9856157.04346564,12551124.8036057,13886164.4833678,6324621.66247435,11555293.776627,10291375.6898824,16119574.9326409,12792446.1152012,19131036.7395775,9445581.44571839,17556486.6392167,17105200.6797187,6940402.08384022,10058142.2079803,16354908.2542732,11517002.3277522,20817196.2056787,15710854.138902,2714773.44556729,6848498.79910905,4214790.17086906,17123019.1202024,9486382.51811762,20598096.0484814,18760300.317673,1140878.02492928,11528154.6311962,14772339.2251275,7835573.3427015,22353980.6828647,10665317.0629391,18098900.660005,13858309.4910757,7671549.34394298,15945966.4770515,8125529.67316276,11958613.0744099,11362223.9368594,15200677.9650084,13548191.0833271,10652883.2771709,11335228.2740347,7772700.94330565,5901946.29965862,11771281.5029411,8356881.09065153,10674711.6510046,13193887.6604028,11894255.8282929,5757274.51986876,7189305.21412738,18780528.7981733,19132110.8609278,23703228.1312346,19557683.9517041,6786789.22392432,3897480.43729354,6647623.47456134,16468129.2467566,11935224.8329465,9334856.12398492,9277958.93873131,15572088.4878239,10255316.2896581,2943682.37227029,11358413.2964297,12731508.6374222,14862881.7031653,9582221.95819435,13458529.8176766,11699045.178533,5821023.70498815,3368572.8038425,10232857.0225159,3546184.57175805,2167001.72798292,9370756.22775158,12645458.3055642,16851983.8257639,11618729.4975491,6239942.39642336,14980956.8746758,11619124.5151024
7246907.16014036,471110.396339879,284427.421573808,1924698.13958124,344905.652638093,724083.964546113,6860551.02475889,848272.145660761,40269676.197464,19424689.2189853,14758795.887867,7594432.20686724,18028389.6325391,13124845.6597682,1788858.8311938,11559012.4148144,1733644.36010948,8455342.72317319,13848731.1587016,14824857.370527,31767739.010492,2007420.42708013,8390473.10330275,5235754.40931597,2409928.89720754,10578043.4306971,18068142.6850747,6776288.17793507,13668712.8790692,6301817.50156606,6919774.79088666,7090042.25068528,5628609.22874334,8341244.95728895,11743359.5609166,851636.768194587,26117575.9254087,7947271.97863034,5357587.54104111,18314723.7624281,895603.565759147,4271277.75441824,8137247.74928128,91737.8295410441,8683614.31245625,1733862.63686369,11225474.9717984,16122202.4065196,5481535.23416445,4063282.32257409,4865123.55545841,10569281.3379899,2849066.76414367,441104.441114223,2794957.469131,7621362.57052635,4602937.71130859,787875.455410305,685238.282950943,6921276.26232249,1453121.33543557,2710898.06728872,1877954.10271527,4402750.66416422,11595200.666265,210685.226708562,8361821.22643647,9184824.84641362,9564017.45638824,4460635.33142424,6719502.39791594,1965163.17274281,2659329.75206879,1073423.90752,3834095.10876283,5837527.12985515,553345.67770489,7391785.80497279,1064133.45636082,3998512.56034085,5287767.77556262,3428316.28911286,1349915.61592902,3320098.11005078,16011991.501506,900376.387279038,1252683.24308007,2963205.30053727,7361902.25649133,10434228.3034058,5078971.00826233,84937.799727337,4019253.41386438,138500.093433939,7843776.93711221,2963095.03037286,858634.226004795,7837722.62631841,19010.4338630758,7499490.1510428,1268666.83608753,1264006.21101346,1166538.0945072,2191540.08917865,4076898.1574243,334621.773248437,273569.299146369,1674853.65373256,7568471.78460168,9535534.28673488,6989867.49978104,1071040.55864992,3999067.30264724,254195.023398263,2652572.30504829,674121.505274402,236406.978731461,2317808.25807425,4913912.96118016,928656.203088451,6121858.80538911,7488473.75299034,784993.849321954,364993.952839236,6299406.6172215,677787.899935642,16969961.8083344,6528102.93691669,145050.144806362,100122.360987837,383594.981145144,553818.449828177,7279543.78716201,2850100.87213355,6627972.8318828,2191490.04023029,1636373.39852457,125200.146023943,3326405.23474402,4923847.06073685,6951352.97390984,4433006.69509341,4915823.47530622,8106543.9050368,925544.349430524,43596.162405271,6725742.79778835,189301.53492623,25761.0621062271,2324038.52882142,1192720.20660625,2014424.70545031,11083.2286284293,9504436.77954167,4627630.94268547,7737265.73921408
38608.8768852093,25881.4898710095,28535.9092543451,21991.0117495303,35632.571685814,26308.8671235505,24605.8654105264,35204.1857349605,16432.3741472827,37330.9803132506,28245.3425671396,37384.4241357598,19189.8110227513,28730.6284673741,34757.2576320398,25395.356108789,24563.6954382341,35845.9804696149,17503.6146497568,20755.0622776196,37146.547498785,28786.5549806671,34163.314679588,34855.8683957831,28364.3853595457,21724.8788505626,28966.3204512364,19932.4983714795,19890.429251898,21480.5674736756,27343.0569255162,14465.2106641335,62307.2146506044,19086.847114018,76388.8529450085,107455.443075372,87843.1625625531,79555.1429027482,80830.6148569158,79017.4691236792,119032.808038285,70811.2122435095,69653.8732704637,111509.089678357,25747.982964762,95243.7461475902,95462.8149642916,75640.9656082008,87870.5949678592,87175.2841800155,70788.9878095195,88619.7135138566,96533.7330301482,122407.002098015,61723.0091502489,31161.2655493129,83141.7503327031,81546.6729773952,71272.6073754896,69368.2231087838,65080.9313523696,66408.5712293978,134404.653103852,78369.811523897,66355.8596592508,107472.706907235,19685.4337301863,41444.1881172106,29168.5490599558,40981.9826164929,32809.2758041206,33040.8515734228,55613.3986505509,37743.3105849931,39132.7649230294,88763.9261941849,40915.39989808,31203.4045825179,37965.4507704468,29375.4936434233,35589.7955651432,46225.1706576353,24928.7482550502,30069.7953053645,65867.2316591754,38170.564264469,38855.8289042145,39114.8124924362,28313.9092721908,35500.8098156776,32417.3998069431,61941.7485160729,38341.3029641636,54614.1852011359,36915.9966997398,36056.8049137988,40989.9169098566,65927.7032488173,57138.9585540163,29274.0616481566,41213.4705108982,36690.8660976348,20402.202313252,32037.0776837219,15984.9730951763,35031.9075394815,28448.9413080726,19293.4233851024,29622.372632078,18808.9934928519,35147.1986378287,27649.8962331199,26713.5032475394,24978.3645493559,33715.6672059754,20928.0507697582,17770.57963905,31545.0869637902,25471.1378760129,23260.824034851,33084.5703540165,23468.8521697554,29222.5959952098,18800.5313757356,23505.7942827179,27950.354052969,17306.302232285,32258.7649141995,51154.8677465777,37659.7012968852,25996.0155624815,49100.5625190027,26030.9656893435,23947.8795386491,35628.9163938261,21862.3082954953,30198.3636914665,24222.2637170766,28707.0455585701,26443.9358108266,29633.1258311242,28375.4164014666,30218.939546265,26126.9305920669,21480.097355743,35677.5222478997,25552.2653691546,29756.5439607485,32675.0798328352,17999.0898608458,30431.551356186,21263.4933013283,42141.5798193194,20316.8555079005,20485.7344608847,34863.3797995312
6141214.79164676,2874598.7334911,3121723.78602764,4239191.98862268,1894198.45712272,2580667.81346423,9842724.32589536,3726872.35610919,9458809.22208445,8052381.07848491,10990307.2227254,6028676.44670255,8911766.05622401,9392173.6520135,4057240.91750519,5456203.54545625,5925672.35343743,8387707.45553225,8640454.65879054,7658562.28684162,7145063.31383317,6618809.336072,6227477.60169923,7114731.22626499,9106207.83492344,9644494.1055743,8489620.78440479,7392619.9498274,27929482.2104594,7829381.98673624,8689727.84929781,7143216.54731845,6135854.6823065,6126483.67471249,7898364.43204169,3468375.10621489,10130141.6761795,4264061.12642134,5707876.39666295,6360049.12231084,4570521.82447096,6460031.65928691,8843305.78094446,1701143.73941044,6099842.50172525,2325900.48789246,12846298.0373786,21321080.9863511,6660172.78495961,5551019.82701421,7484739.61130187,4807619.10173277,5738062.02894167,2730440.04717091,5884410.30155993,5926879.02996285,5630527.65603993,4849386.62888096,3129466.43801338,6828627.1592233,6301997.7192195,3814216.07036797,2075683.5160649,6332098.68920153,10925874.4446374,3659802.22142149,5788073.98113139,8493648.14259599,4938842.73500168,21768932.7037285,5581179.94572604,4620742.36736316,7345869.32934956,4057885.86576598,6334039.23964525,17061948.8675307,2583774.60980987,5779699.07579053,5519843.44081208,6467143.59423756,5050039.04919225,5400036.08599049,4258867.76269158,7628875.16646039,20085623.4223981,3008487.10019083,3808171.1935068,3795807.96509654,5740769.34435844,7521317.51685146,5547851.33765704,1789806.75799046,8877586.3558325,3059217.59112758,6117578.6427427,5472182.44177407,6503683.14468653,16976697.5681924,827442.582710484,5531753.58294026,6763577.56841813,5228656.95330675,6921512.66232067,3848727.42042944,6749165.46286154,5902912.4466201,3632651.2573272,4200407.15873094,7243122.60728199,7108430.03674894,5610383.85822845,6857189.23446765,5000452.51928646,3808416.69273334,7372268.84158095,3918906.35917444,2515537.37140762,5089510.60328263,6437721.15199146,4065862.48270111,11573753.4661137,5560436.75463135,2579453.58612862,2284902.66823719,4649117.28252035,6361926.37914006,30640790.629717,6337929.58720759,3249619.78470178,1816142.87496327,4116442.11926012,4705640.3612268,5339859.77327109,10635567.5167085,4830602.54527352,9650801.22185513,5970460.56706384,1165326.50290486,8498495.32209306,5014459.14811201,6801417.41545965,5285088.94276289,5411130.66415764,5218311.1574935,4100323.27936993,1213224.84844476,13398260.994048,1624273.40852621,1075054.62159568,6491852.8771028,7331457.02869732,7283285.62229591,3871096.16697703,7459188.3213998,4967867.78679794,5318395.30522473
9592494.80690265,5291403.71624923,3650320.84864716,8646980.2304579,3512627.66520466,7990975.54696955,18212298.4110771,7723769.55695122,8172408.39277655,12433333.5362927,13851836.4441187,10059998.6295983,16728381.471379,13010098.1411476,5362478.14962197,9134845.71773053,18512716.1945719,17403125.313326,10680665.1080208,14708134.7289484,7252434.49528231,10796126.0423647,10411434.1740534,18804319.6201127,16327781.2738348,21045582.3797332,18525831.134342,18360229.1530585,26085442.4677657,15619458.1784131,13266131.0924099,21158821.8963723,7912404.45378532,10335511.2618567,18675549.4745268,10267560.3974251,29242751.4867558,6440383.61182858,12096483.9735716,12587721.192334,7880546.59750789,15183922.3693509,22468956.8303972,1527160.13503454,10100071.4399654,5259988.96427032,18421540.6144683,19105523.2712629,17175767.6865731,11798393.4354184,20579280.7337819,14066077.058703,8255965.19608991,6158002.09278291,10668429.1191364,10362606.9635467,12252179.5024839,10722635.5251582,5530559.93252966,23572478.4024941,11351862.1772391,8901446.56746041,1975165.8890659,10358310.8469354,16478981.7472098,8328849.99496377,10338014.1718176,31547174.2191839,14611872.8657429,9843510.93951159,18205762.7137791,9418702.95528323,15133667.4784729,6518679.2515512,13838969.8197839,10709883.5558546,8193398.97786169,10082670.4623389,13875436.0979183,15075055.433197,6690595.58964029,11265563.0366285,11391380.2160234,25293287.6900814,18100524.4624186,8515585.22703955,11729866.000413,15499865.2859296,10419132.756296,16058985.8670277,23708542.9059771,5324586.39115346,8985898.02741935,5497888.90360673,11926348.5755261,20079939.3082379,12121604.4423562,19744365.6235269,1458805.72215314,10038134.7619588,16308987.7902092,8859337.59262243,13382044.7386601,15659551.9601382,21629575.9590369,16008663.7824217,9101523.45859055,9303412.12074341,22206805.9000656,17765985.5532593,9961387.85073146,18229160.4134552,11009066.0643034,9987427.57061026,20480431.1510371,5740788.57914914,6475762.97037133,7335851.68926041,13769020.3902298,15776168.930941,15367557.3263393,9819145.05562878,4835357.65652022,5164175.00806906,9750627.35563937,11705327.20547,20893770.6615085,22215170.356462,3784653.55809525,2484143.45788737,7696131.97486321,12190286.6616471,9702787.39599011,12847265.8796396,13581777.3453468,16560795.0136222,13871262.5107276,3329294.82391431,16863664.0145305,8610074.28609351,24476674.5265071,18633262.37468,22493270.0686126,10333790.435361,12105668.9746886,2786122.23908787,22178829.5482484,6232727.31690833,2508738.5926035,17018733.1824296,13128906.2880056,22624239.2526438,3691056.42183962,17047107.4238971,10715224.9326352,10002843.6468307
295088.713052686,166871.73299809,165737.942437386,184787.827248809,118749.222380011,190396.701568789,517295.697884604,255143.516763118,243161.063687675,423782.848714096,389420.427531868,300960.583721617,381311.878125044,337157.845506726,205042.723572583,287751.036435686,514225.038471166,549120.984115838,273434.16710465,523690.29131803,216904.311567951,347500.879062123,311419.524446026,361138.012119201,486869.756929226,402508.384413919,412578.887431196,396367.283401091,493833.362479166,475668.618745581,405640.00806461,398578.556348044,285400.381148225,307507.513000579,386346.7497028,168030.170856062,651639.170920716,193312.180628475,250716.048217685,511087.787112775,287313.691928611,492731.942016915,620302.557538761,95564.327102935,322129.000668451,166605.725921211,390749.961039508,503041.023934307,363682.650374972,308038.358714475,466026.733733207,336057.494950492,207206.736336563,236430.755280938,397650.644876809,317907.457910686,294637.10091995,180900.149044024,205660.300738099,402673.174729018,274173.881266055,189474.920840412,107059.939422428,347553.407455697,303297.003090694,238724.777796147,310749.148520185,392953.107666659,465183.754286898,228407.904339337,356758.653592842,328915.48841152,230227.445850796,249628.792244965,484279.644198871,245741.313077599,205575.955148368,307623.485073282,268923.591427613,358199.548526275,238168.489542121,385848.666418889,269203.960011128,504895.053815691,358527.359233744,235420.238097425,230624.613592791,368245.174724647,298563.233995458,426826.585177404,317587.819993693,105442.910373687,313740.040909431,160095.852344586,364436.052713047,374582.38058852,235608.452440964,338041.987960845,72310.2176886618,292843.494761765,536355.91871205,254717.111497583,248608.938375087,286274.343096428,376494.805290446,217503.759781259,186038.572139088,319786.455110585,317283.500578605,470691.613575669,290344.322590622,371904.504933719,212922.524719435,178416.705899501,385704.464220381,240242.219490942,180716.920595568,201940.429699647,390290.840875807,268427.913989814,339500.59114379,289638.206510737,182302.68668938,192023.98695735,340871.059244113,227984.461881979,412751.024043157,398236.894108977,132371.019569401,118914.243015551,260774.858735479,319714.153441891,298694.488053639,369476.761679519,417708.860003681,398246.053646078,270716.153081166,90854.4592743026,242259.965796411,185887.595810795,462505.599737871,341579.871435018,306720.130420157,300673.188059258,319932.685221737,102374.296428593,365319.905194604,133027.820916711,85879.7147779182,339387.088997742,338529.795763752,608943.417482008,96077.1338701995,342457.040762972,349395.095168337,300296.962917958
140178.150529586,63005.5817144841,61746.1016630696,74153.9180317989,49975.8967923927,48714.8123889416,157037.710699061,83800.0540331433,215308.082627576,111441.430561975,275074.613530557,132797.463721327,285752.294089372,203052.239652069,138120.0898583,148385.758899742,85148.9341383672,134665.8930441,214207.556566066,108216.608431203,159797.612222,170657.805883453,132430.237713334,200741.118694627,210673.94247246,154052.443147432,235018.487809627,175555.239684337,209948.569357663,207081.645294951,122864.842746262,184761.709065576,128841.440636681,129857.152599309,155533.808394007,80863.1071923576,151374.097914964,115752.331120201,152028.90114344,141284.679356836,77689.3349573606,112822.93980158,130484.259207998,37667.6168365969,130817.191356981,52911.64797851,129707.419554923,205614.814521323,165667.426909245,106880.690556209,89065.6625614656,74899.4039064316,73156.6997972989,41897.174162995,55515.5241485177,117386.960904521,92781.1827502134,98068.6064786303,74364.9764526818,134133.960324925,528743.185956857,96479.9881491345,49044.467054475,104640.147980286,152129.724701333,70875.9357792275,115331.21136781,136623.31470529,130730.134571112,241646.348190571,152971.486020415,96460.0814206267,138628.57481005,58294.3134454874,101998.004611847,114855.570818189,58261.7608328762,111992.991149429,99467.467762433,138167.629127993,109490.01806651,142302.622434003,144740.73863002,125461.355677231,52730.8256983372,60419.5567549001,33190.756672844,58229.9776346232,122194.182330589,181075.308286456,69914.8198357794,27973.0055940674,121172.477330339,38778.4704601742,143456.342697693,159661.486587877,158184.672920083,210899.20675533,29797.7709283771,100679.223137687,271417.361831128,192388.488941786,228663.670044183,90515.5213385319,245818.068540708,205724.272716763,113056.138554832,92491.8362622794,172293.774595184,280552.23713725,96153.6947036537,191491.954543308,160726.015191643,105722.777452637,219980.067272888,71903.2771438772,64229.000137726,149997.161707918,148670.229078366,97916.1320256309,229692.19428374,90333.5166354117,75695.8306935326,55485.9674285663,116681.502634584,241290.134329863,367494.536902313,190023.346795152,69413.3821330174,24324.917425069,72699.4234714683,98543.2851269479,100622.043935414,106157.472615932,111753.970750454,58614.1793898779,92718.2311883335,24356.1980428739,158354.397875981,82582.1454005114,134963.995937466,120198.4291522,96686.0289559255,115596.793091551,84054.7023883975,23289.3298499811,180128.243531516,29208.2842137479,7332.14729857056,161024.014931413,123831.992992046,170949.530380902,49721.7132625525,148180.191174211,121502.432035683,101730.00270501
373716.027438452,237434.476350326,142660.451543361,279624.085912657,150418.824133032,198222.988313503,486408.163001571,151273.168187107,375022.834629327,350394.831080425,487206.092238201,382341.677377517,579279.268061222,325634.722029898,232392.531807564,252063.92109016,937993.118894103,284114.509667406,605350.836337391,431478.954442503,387865.683127191,520539.133668189,348574.588286441,360895.932582247,530842.271111921,502988.294467202,587951.458315749,499240.707813113,572178.40539451,153592.306268632,637971.372200565,250302.790830928,357177.558348077,316549.342451739,452523.457354166,372268.131415179,419982.157316831,249556.247374918,222211.144258417,642506.780159092,599253.295598974,176231.77730957,443432.892052176,131605.527554869,342396.517233806,152056.386020185,175046.875114649,598236.830128738,487928.932834103,291604.622892705,724889.771066096,373736.183637257,448184.440997516,102589.792635151,156576.905100616,349849.601995824,309502.048018141,364912.662689826,134036.844310561,293914.761500406,263635.840003779,247925.684735375,199930.57368573,249466.187919312,271696.812113813,167553.700416899,392658.961662932,1175534.26705613,348470.912014088,269406.185594121,217388.852405938,538868.718671197,854115.975797286,279537.403543942,257068.679039474,266782.861830849,196099.922000545,350576.614619181,310809.96868815,336786.479681295,370456.7128271,152020.322155696,106366.504117194,754489.592062788,145936.14891437,435941.337099913,250042.520591548,131097.901494614,322330.826239779,249195.427432915,633936.698101251,106690.234085226,352684.497840345,104363.059569988,399775.930467829,240659.90573263,325731.462482475,160234.796771314,100020.437261107,295909.91260098,344801.05915855,358506.360480582,316870.86125824,326418.241649099,481354.366888383,357390.249331915,237440.415431269,167095.290240858,279394.525104805,459235.675846548,362520.137859026,194740.45938657,222630.15876397,334840.656015379,495683.337270515,234588.450966832,162467.600698142,344977.854419873,556670.15362187,500497.254586044,307319.657560247,374337.613540324,272931.500848446,184082.632477089,225719.694119704,247405.467871349,486206.287350067,626440.78506536,209396.61030917,78967.7209548412,185962.52519804,196081.268653911,353014.775340663,380580.869586805,220693.340210965,509895.456234185,1135823.81273373,109023.458207533,1201134.63478289,211519.276643844,310533.50879755,149501.008826734,825698.428618836,346330.95609384,589040.843750492,85227.6592929934,333281.230312061,136674.367942842,95625.5210207784,368242.195722749,389954.410028738,639199.687003723,136846.610042347,278938.772817942,392732.498321058,324495.844639886
75062453.2697544,37582927.7879086,36875097.4057839,51847159.3226847,24985590.9659303,47784612.0747446,102589767.875161,43976428.5887537,47656098.2619673,125059740.444025,120574808.150502,74172137.1607363,96113442.3404754,99813089.4511978,44724568.6654066,60224748.8307575,43405455.5256778,96290034.2756529,137129874.403775,89561209.1515397,40536241.9588823,73855880.1339128,75862971.5326579,52223466.371548,96915983.8215728,77934359.8361432,77614006.394361,86850742.5206519,169169025.810346,128156202.009316,120775943.513272,62192015.865144,54814575.8011032,75216634.4236593,104035433.328032,39204066.4498532,161003950.639569,75784544.6682999,60420862.3173852,89392223.3437578,46931794.8096164,127664283.606735,103946406.200974,23606538.3557201,74331176.4705991,37256254.2148455,96027536.8483667,101663187.102873,62250343.5394744,84761249.1913339,61571738.9123114,57673947.6958362,66404819.4955808,31433870.4087597,86929786.6255897,73564282.7740034,89120886.603968,47246876.4904321,39063193.1302814,99483431.4608497,51094321.0320549,64002229.4538677,21745374.5007609,95160122.1667937,91087115.8218949,32569382.2358913,73698528.044268,89767990.6165033,111508024.620747,64376907.4774684,80588439.5781829,76641788.0469244,60192307.2511365,68102378.1698939,80624224.0951969,100329260.607566,39104473.6048367,72513709.1040916,54221054.3086529,86680095.8994176,106150536.870303,62729657.3215571,49866610.5299214,86155469.7414047,101042848.096816,38207521.164568,66682745.3599733,51165021.7702141,70978874.0702289,76541028.7038128,97274134.8148609,24916666.1627339,107178116.115216,26327923.5825315,92387784.2266367,73964996.1054672,66887059.9338615,100916114.219427,11702177.0813308,71034362.9405632,73562054.7159978,81363827.6889618,83099758.7955091,110470532.77142,72207232.0193886,60556264.0640976,39163450.4729264,44169665.0911041,95143341.3838288,92353393.2053157,69372159.5185291,64071734.5600479,37332861.1928208,37908581.1905656,111352716.132603,71490115.4971112,35262902.6563098,74065114.2648101,77119966.5339796,99763572.9064827,120009295.924694,68767198.1312529,35543586.9337717,35952522.1591472,57237866.0744384,65984467.3099205,120828970.515542,50928531.9245301,42560460.6632625,33540728.0399913,47858601.0124894,43768455.8904489,68046450.8937882,55743041.3482534,82830822.9308806,43835201.4034597,53774572.8520299,31601401.1310469,62137552.9658742,41898352.367187,84158636.6536153,73228818.3140111,64819372.5977388,68392749.1432523,42167701.4532274,15926533.8554654,75178525.5807132,24121184.1517518,14449494.8965572,105808497.621543,53473206.4766794,93458836.8965137,44488760.267118,75216619.687745,55616245.532442,69160724.6775029
2452684.03750919,746526.275125511,923685.340720925,746295.761243023,2752415.5528171,853996.422455854,1715353.51960263,1030213.86180337,2081040.13435259,1567433.40926116,2809045.37579762,2413652.11551777,9645143.77691333,2839684.88562054,1174208.75979056,1760077.27672736,1297364.36101389,1175530.87500487,3085009.16080627,2097721.23523458,1720372.97383865,1288142.45231235,2431652.30222068,1199953.43959197,1522528.18814605,1457843.40872265,1937085.63610318,2974967.84036828,2997616.5651699,1177413.9981612,2317662.10908107,1202662.26732136,1168740.01383625,2429640.86862749,1535317.03600231,634558.668221467,1464782.68745001,1108546.94910027,1192240.66510152,2041484.83209293,1221642.40133555,1073483.35309247,1716322.9136721,675208.527817221,2357834.73155004,2923773.18634944,1342922.14002926,1545674.67114528,768320.776071727,1109561.19479321,1413464.98906074,1515269.72351806,1934871.76049177,733878.719991432,700076.964332947,2405590.84004311,1176527.47772791,1050845.59979539,1005515.0633213,2857586.54059207,759628.364816291,699643.362989881,744716.487349218,1531410.12805806,1241345.10960526,966143.832364973,2195483.58810938,1135707.41543551,1063471.91482421,1473033.84407746,1196471.95236091,1319989.79287367,1271119.96778067,1506597.17513917,1275305.42793383,2104321.90683039,1106488.10990475,2262747.18633804,1037515.50754104,1135983.90273993,2894896.89057592,1465123.82626646,1122881.16992348,1599788.2564914,1444234.55298909,1173840.25553242,1299409.63899243,1344776.2221734,2277725.37172167,1419570.92642245,1816388.17468697,413737.798740181,2609045.49203108,671655.560046162,7773508.65650293,1465590.12874533,1945882.62419515,1726252.62491436,229947.555800556,2237789.2375392,1732412.61726558,2092001.92256311,1860070.05987646,1646479.79681075,1319407.73604378,1700072.28104702,787964.045272736,1495197.70854825,988928.751137627,1391669.55895968,2157522.82488075,1318525.00860795,1175988.62368774,1242338.46654466,1385090.05606345,1570624.76192373,1001747.45288813,1464374.36421713,1418927.73335578,1700198.86114064,1492230.03861132,2269884.53257123,1130804.61348105,2740826.23980197,1234312.77736402,1797009.45129009,6996738.83304783,1239874.31411804,1216473.58586044,574342.339467481,1246658.20481539,2088605.50447279,2255789.1431441,758552.762554523,1276157.85996264,1291023.19471969,1194909.68516384,657207.738172336,1267352.66980897,1156729.39834952,1254748.95149558,1244585.81644364,1168626.67534045,2225359.0882004,1304757.32674909,724018.520608346,1055894.28593123,345264.600258291,351778.184641608,1388959.86396126,938996.232554515,1696278.28892471,575943.849748997,1513922.38591074,1424967.59383244,2301828.99253882
861555.708937657,376576.171311694,174193.852088495,487212.507850174,224041.697695812,350917.239349518,1659150.91574073,688666.808763207,1708551.93050908,1057721.65012132,1296549.57472334,879607.360019129,1526589.59457626,929308.595992575,503098.557611486,1118874.17532891,926671.529159493,513469.802264901,1435235.98275748,1082703.57335503,1635470.84981591,532153.696922593,862535.831183339,910428.910452349,629638.376640806,1510637.29176681,1313596.07665224,1569778.15199289,498447.204793277,562285.713347415,430113.114994211,1007009.46067385,803002.787460687,836146.081087938,1024125.69068997,175302.176868508,1403836.0357093,690743.425812066,300513.085467353,784434.309741717,491238.846813754,508604.807968964,1289954.46184526,132762.802295077,850893.909279189,245949.285809211,2120409.81136002,1478030.34045655,658837.879179922,395017.735600294,1008311.05684749,854787.750315767,635892.988785799,421870.57300943,793223.692142607,802891.79232273,414033.065384239,258741.099051891,181917.038847011,1120641.01400699,403510.645600798,468187.006140054,269425.495015894,455736.538639398,536487.448429879,118862.710608467,813773.193868235,1116189.64063493,682134.792923805,649652.775784327,416861.901596391,452090.889562916,684134.903564293,147866.228700686,457086.791072945,1609754.39162077,622664.796024137,779889.183195095,371594.769397641,466659.723346891,1040927.8182194,610984.262658443,256584.218981824,283094.227491992,3331731.67741747,447867.990961595,512978.793869357,604098.409463397,754523.072261354,934010.157218272,1141692.80151479,114029.462335723,275555.752806698,143784.634445068,861171.06743716,597207.432241431,342203.280371079,2634912.39250496,136111.147055525,774392.504703726,1094684.03243368,589289.593936996,464065.524554633,932895.390041963,1356068.77425265,289528.183991422,273318.117784189,383992.822716093,930972.952244778,749181.567041214,746669.231169832,366353.865940879,420326.541272044,229957.15910229,903106.511400978,147235.240144202,333817.771832938,989964.561161866,878839.754204549,792527.732343421,624732.438711393,756967.555075933,438881.016208491,265724.411395641,730656.213413472,323583.876771198,1101529.40405181,1593917.33702569,309388.827541404,302286.26872697,152718.165352656,522979.742653093,775662.536767634,832393.102324546,655628.922267468,988263.655566367,575099.571632051,228059.786341594,819271.384323405,387255.330799958,810567.94769452,301600.516115363,542745.439119363,744438.087540844,686003.119088436,170411.047380077,840232.503110257,110485.544665334,187962.729689342,878426.677470432,737526.521781921,931205.607115279,295071.568544607,543373.314351997,691540.123463794,762372.340164379
3339136.70086046,3262788.47818518,2963215.47265497,3993162.71824513,2529582.59162529,2230000.90676151,3286578.46829683,3221776.68334362,4084104.1962328,3150765.71735551,5466454.89576619,4431267.86459183,4231935.77824974,5627544.41630468,4528064.93307555,3328842.1136442,3486572.88560617,4326816.86422372,3721138.39889003,3644099.54576753,4772593.13812312,3581856.63974677,3840432.19088973,4854323.01035322,3349485.48880015,3579135.3036969,4517019.66710192,5669965.1694121,5693464.9319581,5755115.37533429,5926609.54003002,3512054.62741885,3777887.84528853,3201627.45944649,3839289.22723173,3116068.49070334,6585643.23555242,4315395.41982235,3068360.10525813,4345519.62653128,4652614.76973899,5121182.54181575,4142818.48532777,1804525.77186389,2894335.6181569,3301542.240603,3734794.55109831,3397547.00196077,4135357.51162424,3323908.4030294,3099276.64968948,3041540.20881287,3502714.4021613,2784068.24221005,5484099.48117115,4293259.80459441,4189266.86184213,2691778.10477312,3598538.83762019,5065329.01494883,3777768.19106488,3636902.03204805,2564588.97193655,4622859.47847658,3059135.22164538,3892815.47072701,3929332.68049749,4072410.48706686,4999683.92304316,3620646.39316711,2775883.65693282,3534483.65424302,3741273.41629078,3552708.99184848,3611012.56141559,3487248.70593839,2526782.94476145,3891960.49911554,4199562.73448399,3429813.14562314,4097410.17300637,5146591.42959251,2640329.62747109,3185043.6749608,5217528.32792655,3701856.02917087,3726829.20496004,4880966.91527867,4154495.26383315,5356123.95009078,4227127.40753593,1634218.43153866,3897383.7718344,2600013.57098802,4005463.63805862,4439015.47543359,4984131.67934464,4826203.34465959,1106236.61873403,3879462.66387885,2800997.14257706,3463355.16857474,3201743.44133181,3139269.45097868,2494153.91602608,784574.98956639,2468430.29414683,4052735.07356325,2328336.44805486,2626626.0685711,4289143.14076204,2599826.16201522,3439991.34116821,2238866.94232318,2586919.72792562,3406139.14744274,2222501.89813595,3597147.1072855,3308875.6557402,4101469.27102181,3057615.51195554,4063579.59537496,3868721.54388487,3216004.48557411,3920861.20909885,4645424.82994936,2354351.39086054,4185640.94671778,3921300.85325525,1732156.43959856,3664219.58888745,4416332.57666115,3923481.27809041,3882037.8658193,3710795.28422713,2792933.87370243,2896237.68196866,1937257.81655205,2798378.75787152,3243750.41479348,3605117.05572032,3015887.43291642,4330331.24778034,4393480.76538506,2290517.22714413,2506544.177788,3260799.75547395,1935627.41214419,1903768.5871461,1867020.25885692,4053441.46918672,1790083.32380684,2953997.09276688,2825986.38108426,3929853.91424889,3411014.21419418
3917889.48374449,2301775.1042476,2720928.48376363,2742692.0308316,1514784.62727093,2979554.72404439,8346089.81738915,2506842.9183522,7095968.93447199,5753230.30283123,2540326.55415161,3888024.17646763,6123847.97169242,2444363.5654764,3480366.31078044,5758364.54005468,5577187.25877412,4066395.91427154,4540844.98982441,5289405.58123055,5083495.30128619,4773300.12035117,4540476.01460114,3489512.96803385,6172572.28567545,5118734.83744976,5987334.43675116,5588849.53504972,4122037.08410175,3729081.17228739,3589286.92529213,4734009.02071994,2847006.69854019,4514316.16280153,4703772.84639044,2012019.47286325,7636421.65534901,2811791.25886978,2410351.6533783,6044080.23534246,4523528.6602322,4339937.51372606,8888783.0548354,723257.926274219,3911804.88973352,1793143.6987674,3263792.71412255,6920284.53388617,5157352.83203303,4330773.42310087,7910334.08985376,4020312.38424324,3748991.44207716,2266737.07893985,2528850.68961674,3880875.11956155,3715369.76417602,1900895.75701905,2787315.86701968,6256969.92169033,4323940.92753863,2585383.70356077,1938000.54613163,5094950.32359643,3125481.01733149,2799397.16396661,4233854.2435958,7975321.4015855,4186336.64037178,3867571.15230613,6039818.05012747,3894494.04233517,2603755.35647285,1684515.19434367,3429985.35492206,11982416.4183227,2777141.76634566,3536265.45068625,3085039.42139442,4774868.3060198,3362779.69411378,4679493.30911864,4397726.26489288,7060448.27391374,4159412.28103178,2613407.81347104,3381404.66433735,3465808.07948345,4803782.22454828,4694890.07715353,3884510.13565448,1413962.266994,3329101.83234781,2252695.55042344,5187837.28588806,6130054.80910393,1735339.25239102,3705761.45292257,648356.799090445,4194265.37966155,8313125.7071405,1884899.53406093,2291953.16191159,3555131.49790651,4871937.42620672,2050665.15901484,2396685.94560768,4654478.09085308,4668449.88558907,3724839.69441645,4381719.07301791,7447422.56950189,3805137.31948997,1951448.90432544,6260863.23130975,1965142.39926455,2646604.68999817,5079429.35531681,4217874.11116215,4421897.39727019,5358668.35836864,4343861.30943237,3698219.28672885,2308838.78641879,5164075.02408672,1810693.00377973,8417083.89221381,5434718.70839165,4682297.14249501,1400883.51722914,3709147.14127176,6327321.2085574,3711185.89325391,11984995.3564999,5683402.37214836,4561577.92422823,2013850.11880871,1483994.45358507,2619682.98278149,2801737.1153211,6657559.83090624,6871406.94703599,5280249.58454834,3613597.29801213,5197786.81759887,1844018.06305728,5724880.27474801,1421897.80259443,845930.649347421,5391206.21797322,3314764.42357627,8592656.06542115,3557651.02628448,4179876.5345342,4064834.64684678,4280795.06727404
3939608.28295365,1120820.83753247,2913205.62814362,2110493.03329219,606940.097787794,995819.090000065,3095202.57409796,1181666.49443661,6475958.80780886,8389808.7524714,8388175.28656239,3779056.97126149,6123916.90166398,5761143.88472431,2181478.67090007,3184303.63945103,1512695.66518272,3341022.77746658,4638831.14598191,9560096.8351416,5638088.79942301,2767668.01475331,4009080.90443999,3560408.00683655,3496881.72345598,6741054.50165833,5826654.4670246,4654748.27619297,10232230.2416255,4960499.76231391,5513009.34652831,4269119.10535386,2621315.38961085,3871069.34597328,5449773.37189292,1032317.83392842,6651114.73718597,4781417.26871931,3084327.19417261,6378492.29430043,903630.15169047,2638791.01828774,3634062.83422443,414657.552940455,3740025.18499215,731155.709927313,4996448.08376148,6591443.63050664,2363945.20261726,2975886.50825814,3267947.121246,2733844.70466125,1127089.34960177,529270.460663525,1447880.76191837,4063243.26796534,3325632.82278577,1486134.72304225,1544205.33068119,4232171.81407541,1817666.56524156,1633734.02197498,743128.878389094,3380592.72695943,4535895.11803504,806402.938069636,3556256.20763754,3725735.66605493,2535193.51814728,2308143.56718349,3606483.97943361,2028967.63864452,2037809.86747563,1878683.65704299,2086110.55833766,3248083.71646431,1316396.11198223,3657704.48315441,1566480.79544649,1941267.94069744,2416298.00098689,1410312.17825748,1632823.72629412,3530929.12085871,5125992.3521021,1226589.95921046,854666.886186712,2171119.43565523,3611914.35968338,3821323.63540363,1810699.59355658,50247.7676558937,3264926.49296879,697424.985917508,5133243.73363455,2962512.3243708,2771219.92732705,4789185.93894065,386721.320128458,3720400.2701334,3117405.88222929,4338101.82220817,4537697.67398902,3808547.10092747,6127132.87427862,2055577.88088645,1416371.79670456,2237745.03652139,5702632.23970137,6772433.41085486,3606573.93249302,3079920.65010312,3712902.28346922,1487700.57751952,5874454.99999498,3149129.34411265,1667643.33822157,6823309.64829814,6885931.33243972,3494518.57045852,5352691.23913813,3764203.46764564,1789885.99830931,1668568.93005874,4086771.44290236,3489094.19525078,7771177.20478639,6000889.07338261,1227410.58124685,95955.6945693598,1383501.67021421,1045114.9532193,3754581.79843745,2204959.52973167,2423377.46382209,1624700.53665882,1804871.31571416,616495.129344803,2744925.27329093,2548644.7374083,3086313.74191495,2676371.38589527,3078410.22503166,3547697.62050692,1611517.67125703,201102.75823129,2733856.54832749,726524.918625976,267108.088297143,3173196.3114201,2145167.11348167,3738374.37162621,29361.4464421989,4390349.90526359,3150470.66929047,3505657.19103295
1270537.28646186,507814.251725025,1132897.23550887,707380.593385781,345088.692491197,320886.519704731,724557.523188606,317913.867311191,777463.618163239,2359028.84461357,2125364.7804601,1141651.62315935,1759985.36203391,2173187.99498107,785580.92934722,1355487.32799658,670929.039532874,2417775.56306538,1249718.46006147,2528650.13723045,746982.719800636,678816.626015127,1123749.0963831,1800666.64582038,621901.860009226,5334221.88866028,1579741.57939824,862277.896743195,3836928.67886959,6094943.92529975,3794799.60245435,2993310.41522177,523541.035723019,999422.296371529,789856.053865989,728227.986980841,2526757.15518207,1877762.86832111,1654655.14084513,1578762.19701482,564981.560539693,1483723.47115981,385662.521430326,113031.597254798,866331.040231211,620868.922858306,717995.516309474,546880.932100744,551740.507570924,1259131.63435053,235986.482728361,1225583.58052354,431777.711161676,168323.998439043,358367.801335586,789576.260648224,902582.773933282,453811.498179746,742547.130954457,518149.796365137,169562.336548056,626377.514599829,224106.860034152,645201.409248423,744981.493705568,774595.37710952,644682.64863609,128657.669987119,803734.023760173,362091.401374203,317056.20009277,206988.016449107,95123.6314386258,180255.596511629,324605.389340835,99139.8876178765,335370.057246015,514971.609939317,211102.345980196,287369.282611347,375160.468628485,322592.23274751,308594.663769725,528673.274144205,70664.1727751212,485570.085013923,186179.658860003,313079.682508531,445832.066755711,164486.756656842,131204.187700451,218396.624919968,141840.735806727,181766.842698919,543265.398251394,133885.956445967,397742.856797944,88317.1590044772,72794.5731138803,406908.935528059,400549.696175479,1140617.61901173,1317665.23522242,541914.734295656,1699688.50524965,358414.026974598,394682.268331195,498523.900245487,1347118.72384302,1826096.61345656,332043.374313167,527469.833431702,839271.542060028,254040.353110558,418377.03456611,1399467.23425294,852438.096134525,975075.305324893,951278.412604468,146000.8767996,709269.076374757,335068.705064899,478048.330838013,681465.003635571,547912.009295574,900842.903420575,1367936.30332495,1062724.19113427,343377.757710205,239453.618618874,1361824.80321068,160934.851078293,240864.913291182,197054.652850438,364124.464190973,121170.688350152,93620.0574465556,150166.174437185,64170.7785512346,277730.515808501,147282.622485264,173846.711537086,246333.486162966,267504.409664434,134524.734558419,106889.765035886,158190.794672224,140926.649159287,149646.017970562,151052.035451687,168957.27052026,277775.019953694,45697.861548574,297458.506211286,203566.968958864,255307.307619364
287746.800103513,137007.723617254,1161640.80024911,82739.7319162253,162960.582422085,165612.487154052,216973.300202757,117231.451440575,405344.530192605,423733.801614264,218022.390667395,324063.006823449,150086.340537233,179727.307038032,167463.325354871,213304.048729483,155585.777411156,184425.612803205,153446.585274198,157545.676974689,292994.758971537,142912.808172071,284214.679949819,132981.488786826,161718.8641844,147539.326643592,140203.154451275,189790.851309624,141901.040432601,151652.61862857,91091.9863259423,139891.040873832,218291.994822226,274702.675997701,305032.243204958,284071.648276855,288868.231404706,280676.975360883,293104.422644006,305516.671856064,256281.932381446,260188.134809416,291560.975585548,216943.542386036,267617.304731348,244291.083213916,243507.235804494,312255.302320029,424111.570920477,244816.393713151,499790.508214372,220040.01664296,773570.142556938,219973.829801758,239812.222993279,286241.888746085,307521.498720241,286324.83576583,230639.352495743,291103.376125869,311640.857425645,251992.6981086,315453.265723043,388033.025629873,261466.578014855,232510.590019511,273929.73579598,313395.742713149,247522.373215147,203049.896123288,274307.341613003,271001.247744847,275988.951050234,234776.683009545,301711.635192801,552209.244236532,213494.755364828,257340.490427532,244122.369480862,293515.594462654,236672.303856817,301043.783503858,246235.945247789,200368.900636042,257864.780411833,216891.783772362,206634.400113585,225297.429931648,281133.223512131,315536.295922533,252390.380333321,143976.369080561,246082.357591085,259299.269163536,215232.2601969,282134.99003757,690171.629230943,232334.040676459,140059.632298093,271152.081469495,504279.03076103,141886.831137206,154886.580231894,147828.558052622,179973.072840663,138213.868892401,137094.715765468,147317.841985411,158279.216781855,178889.645292225,265852.511045603,231387.58801594,129314.71440979,135700.921263471,217984.203494726,114979.772953561,115731.304713803,180043.644102425,161281.972447756,105331.457740759,204091.01016175,248310.642471639,100651.264155636,115139.609946893,117415.800501175,139067.03340403,173650.751943522,162287.210166955,178513.083538931,90343.444284666,160208.760114785,173376.127711932,257962.91039751,261463.992077088,163377.36993971,194852.598891397,219902.941220823,208657.039047218,476034.132708946,167759.107076329,298352.331504792,196066.352982487,194607.443848959,246193.349999623,266394.352108047,153777.479152046,295975.527478967,138685.278058717,129753.146828171,246118.637727266,181263.732677926,163523.90641957,305245.5194767,267463.59647157,260004.456881168,245894.149099253
934839.290790969,340149.609796144,957153.847431144,1514727.9649718,368446.51756384,751952.646669816,1446807.8606845,382941.900474829,975616.412516107,692340.737747518,1258942.18727528,944682.708466018,1698396.73753593,1075608.3285141,334431.989416488,1114889.03851016,796456.962761906,1208261.69556109,491959.5167149,1233477.90787386,874616.981918395,1183244.82523547,965702.909221047,1189029.65982383,1509491.85879823,1037799.45775875,1384759.12932686,1116769.16909095,1352638.7128139,959954.282834298,1146290.07290907,1408493.78832831,949107.358987572,889018.754318123,687306.600206822,1366771.96840386,1237763.35478525,396390.155787178,730495.193887322,785489.171855869,2227890.64809449,841688.953682057,1301173.64963528,115654.377984736,870882.551201828,724798.901934639,1469438.60710121,821264.823489652,560742.645846728,496741.172586706,689445.051612399,763416.959074901,376528.989614455,255300.929758299,1509207.88550123,921708.147358732,667367.725648725,1060601.04245031,845700.451297114,1294686.73197215,904176.041088742,351438.559469152,323856.382041711,599080.045119657,1164782.30666079,1667797.14302356,855637.338396627,2142935.643772,619597.411670158,1043101.51682996,499715.521211542,1183058.12410085,850213.495703056,696113.949366188,661567.855198117,1057871.6810414,552787.32971415,891738.274618228,419165.163747681,511836.464759938,767868.127336063,764819.484042137,554758.32361988,2027665.08494694,2833259.03896696,538809.315176884,1238565.72896368,506273.289416786,851900.467710788,839116.053029578,1606714.4313459,641780.95687009,666762.955449329,369098.040199262,1042271.42156837,814665.310449603,928682.885664287,2549077.57260428,66046.3925270857,824259.29271909,1135728.45413918,463880.163024701,1039649.22675115,1146776.65348069,909375.818323477,736911.347391746,363493.166914152,455029.626008969,280589.387100426,623255.437028793,940717.500281039,744454.814959274,675119.972277744,662154.715551367,589145.418987546,587442.196702194,551065.550846194,326698.429111603,633949.712598909,1474003.54212274,671818.207966224,886222.546761187,885352.434124128,574899.009684464,789266.820304827,983473.856158081,1449416.64125118,895957.184532435,173469.776712346,938024.017724326,983806.477695836,1041225.74933685,846155.113409474,569148.399921965,690051.984641281,612601.154585112,726391.763840596,482100.799537788,1137852.46663076,582453.677107795,672382.893274253,601168.300440386,2113477.915488,797325.736036753,486880.867484171,388325.136256187,457547.095311393,649553.919959348,241999.218366297,537051.274420336,989272.075184152,610399.674985337,1711183.48190127,727983.104804675,602071.469289944,829072.946528804
4453696.73049623,1164855.27158837,746875.310350782,1898738.35617853,766552.388386849,1398423.82141415,5849875.60757698,2482294.23769902,10394888.9728805,6298055.49302387,8890532.7421456,4434059.45532991,6958738.55635066,10467774.9633293,1915460.077037,2484701.55949441,1519361.30515872,6975190.00064856,5541247.34983953,3590821.84868401,6428176.63036571,1816720.03171339,4379746.05898396,4233762.91653475,1888077.8814913,6475430.68818725,4003242.726835,8106926.14514948,14049016.7237569,3841580.90032632,5469529.95662494,3257774.64879337,4884947.73999821,4433961.57678238,5333621.08571883,1937443.37792819,9406762.56878149,3008378.58572721,3025374.01807912,3818938.61035738,1882370.81021509,4143415.66347505,4247443.52898933,969803.365404877,4529350.18209829,2541993.78661239,5323307.29288763,5956258.6974451,3182392.94219219,2307003.0392533,3764296.21394192,2800543.5881363,2814080.64158677,1351289.56113236,2869744.9746086,4300733.9353276,2616415.38529072,1044696.00380952,995815.960643716,7381097.32037741,1546507.37346631,1933782.74262002,1493020.17656548,5497212.97721631,5075838.54876153,789313.885460878,4288151.15396209,6342779.24852056,6837535.65689539,4051853.33745876,7680503.8471056,2288370.90761791,2798182.29625939,4329978.42196287,4279815.25269099,7508512.71645247,1977695.09455742,4254992.0528553,1554826.92117625,3841680.33016961,5071456.3798199,4061679.11233368,4728654.77713642,2967334.36486293,8071947.14760837,1477021.70750084,2524681.36417398,4684226.37856207,4052148.78451377,5947475.24986987,3224247.41480774,1328585.23176539,5995231.54539942,2051707.85228554,5313300.85359251,5473838.99993337,1677140.5056642,5121509.4489143,257984.2950649,4335542.44006129,2631190.08020531,3599840.65091109,2353403.20454333,3010563.2349601,5809799.82597648,983521.919049352,937208.235595959,3381231.6541298,4011703.32409848,7521492.46000046,3886741.71925758,4068482.31228165,1992706.95009794,629879.936191675,3122515.79869402,3861866.07424658,1429896.21268678,1900602.59065128,5293856.30134152,2169847.39680026,7881324.55862015,4127349.49823739,1676575.24390424,1579279.18295043,3515567.86943817,1750030.82187632,8674438.48300623,3778295.82096953,893216.931404677,837860.107381194,657459.492405044,5224030.87805277,3985036.888475,2820038.59282078,7419540.62985598,2759890.1945285,2286831.78162493,1119325.89824562,6515534.2182724,2999521.02004804,4044512.67522612,5266933.97092737,3969591.89666635,4052258.63845221,1507879.97325409,1272078.53780897,4543875.89263758,1112424.67978856,678413.738273542,2761546.05333488,1744657.94691885,4563499.60413821,182516.470323418,6304158.40789656,3606144.58269893,3940581.58227713
4026750.95394876,471776.179113248,196810.741221045,660132.749299944,312487.386908722,885822.53418068,5507497.46854554,2490245.41346974,11456695.3499885,2875641.38123573,8240667.25294645,4273658.00376031,5936921.26961831,14955996.2311293,2039672.0255215,1873061.44943271,870239.076271904,10391035.0837872,4765173.08108069,1320927.78450694,7513084.50840574,1157381.4419361,4254260.24980546,3560980.64963278,1286313.39970318,2344847.78993326,2502683.24084499,2376197.09063461,8815855.96911712,1943193.2085592,3108337.79533006,986352.69709418,4057278.24977644,4380549.13397908,4978789.50281468,1586185.46615506,7732034.81749366,2237108.16000868,1786659.47335865,2418769.95400599,1036384.89663127,2907579.81519961,3505891.8533543,611649.917861025,4388542.04419528,2430447.2751427,4379098.87625715,3608766.09122794,3015000.83074823,1478492.08252468,3792077.40074059,1554191.18379081,2807027.96807172,1318655.53241663,2683460.09031503,4245724.62625076,1658117.59957073,880390.461419807,799907.860322096,2571588.63739534,897410.944962366,1320697.89585207,1427451.74118016,5959211.41276266,3446358.39841995,676412.107794442,4375051.11222735,5889601.45962796,6108290.98234403,2338138.82262991,1255818.92115445,837474.840903851,2737359.06441918,1346909.26482599,4605158.38762226,4501160.44732999,356314.363675709,4261658.54671447,601338.487709413,1875997.82720721,1728886.92398491,4075954.86820163,555976.423888596,964075.232962071,4743135.25490762,278914.526434786,1006010.33789145,3597494.39451029,4176617.36806318,7427952.14837823,3342140.07988412,266989.101667049,3958176.81350488,332167.149524107,2432573.16604672,1347448.82808084,952201.6850309,3623122.03193741,118840.578751841,4340518.27943991,2014639.79713927,1621071.0226849,949797.184931254,925354.889758643,1574532.94261564,605032.705232352,619922.441984501,2176562.77142434,1414154.23723989,3499976.70457657,3939402.16289182,726228.421733244,421484.135735216,192842.689671786,1938416.93207236,663003.58067098,548036.051810846,679485.456583342,2671018.34176474,522100.680535839,5303089.16745891,4229854.3120132,929469.527044122,600990.6520197,2583870.57887776,473407.99447114,4064869.81937227,1304279.34841355,1065074.29740495,464744.306349487,384216.291860744,3064000.31013629,4265271.98723973,2531615.26870594,7679482.13619967,1489173.35354147,2102642.65819406,507651.771341078,7663971.40863587,1069295.28418768,2524115.08368889,1267804.20703292,3086785.90863722,4224561.39563875,928093.416695526,239584.209622487,3337331.53809591,541829.219293344,159570.018471121,1693194.35659071,968554.44650161,1262693.08226777,139514.797546816,3491200.31273542,2211591.53378096,4341220.1441194
11925675.1097333,2339514.73579702,4551562.399753,5384634.54017207,1814565.19642999,2098795.41996999,19352898.6586387,4309545.24978329,20376249.0197264,28179458.5185516,47334280.6747939,12399283.8593227,22724560.3055455,30863558.064235,3178754.74557821,8567904.34083915,10447460.4529152,19222598.4244588,22947996.2019,31563664.9844183,15238307.9693465,10548095.3964626,12637442.5119052,12483661.4552267,16373219.6448374,19622713.8762431,17706260.0537651,17602820.6744801,51947732.0017113,19186138.5789034,21709338.4619174,12762267.4741669,11458682.9759812,11485994.3825153,21207477.0947588,3003062.31632707,34657852.6540991,6562570.50723195,9650352.04203663,31766763.261172,5153901.79704401,16751013.3250226,21857399.6216981,872184.68275943,11353989.4485416,2723835.43455305,22253902.9165924,46922759.8701005,12645757.1427074,10905633.4045314,14270682.196,8827025.16277457,6201657.26687746,2059969.05623553,9966630.59753487,9608712.11485557,10209326.3576837,5587548.63876903,4569149.87285956,12898369.6880243,4880317.59823245,4828139.26065751,1817219.1539331,14548238.3372861,16401122.8815341,3087751.62167224,10340577.8643221,13685966.7627223,13156457.0168065,9279938.53195794,11269229.270341,7537970.04733777,10681033.9413381,5259560.20193742,10015511.365431,10502215.1135689,2675791.11502882,10663190.3477554,6631783.71468033,9299124.38205629,10099263.4250196,9295172.93294653,6491442.08538997,13195300.8946901,22193358.3263564,3551972.06232558,3849297.62640504,4928518.84819911,10504054.0121751,13803543.7171788,9719274.99201887,728745.887984761,12504296.7201669,1772774.10684673,9879982.74695957,12070659.9155242,11080041.6892261,24514422.450257,526924.993523468,9752798.34629517,10516203.7220853,15560374.9272746,14888455.1467704,9361979.12915078,15711845.2341161,7957693.39398874,3627364.61459862,5665099.91942176,15942765.6525314,19424706.9377752,9467226.27812129,12031428.8916903,7998568.48152609,4799155.6593121,17496960.3440793,5945529.50889268,2183430.5578287,5762165.90243918,12313608.6345688,7042586.32090385,22473422.197287,8903651.94321762,2720856.50933056,2530703.2731898,7452842.67712341,11499983.125743,26486729.9463177,16192215.2306215,1910191.55936869,1164531.79577792,9612223.98766398,5910740.86318541,8793315.40200653,9802965.26660996,7959313.25496354,7568112.30663866,9274614.85214909,643819.295376991,11841041.1747062,5835417.49639067,16412391.6372663,9073275.68686615,11383852.7171423,9305698.56027966,5577227.85922386,582708.822690575,19088510.3985858,928144.287263363,499335.384139623,12744548.3827066,10419093.2771104,14021757.1223246,703910.155214855,10311884.5318844,5900489.46098454,7374806.79242297
147025.878668451,167940.221132939,135308.254991203,157539.281816357,119077.452010857,96499.1118120396,114683.415687059,129262.443337862,141927.37892877,375326.785531336,115733.363233773,147168.71905527,222604.507936326,119281.624980536,121500.916986637,166628.426940569,104447.109790969,145233.007478632,207708.810395293,97290.5467234428,130603.81638695,95776.7419321606,165177.744796263,157330.339247317,139192.222827453,125900.165098294,183944.314934035,161231.87411917,137484.232967395,107369.891100862,162291.004745586,177817.378553945,139737.817759705,143945.607989603,146233.117064205,177244.766104383,64045.5173270986,150386.784221019,215621.92346735,87010.2785190903,91092.4374462163,93744.399642374,93612.2105069617,85012.5870803686,168019.270771347,126715.81433064,314615.090935514,140682.141416402,154362.652094166,329297.677450276,94147.72638962,163835.036687232,119360.274254673,79891.6010811885,146399.299271933,131588.909922027,371749.991621675,122882.499485238,107764.800093296,153104.911819304,170490.798184198,119122.072898003,100575.139250544,228038.810636513,291767.204146336,162551.963921814,125951.781850871,146522.257611489,75327.8443378799,122039.858680116,157503.887775777,115048.109820904,69301.8763386614,97619.7463764782,90193.4749214583,114593.390683329,144661.101778348,147576.648998764,130230.104828733,174100.570938743,221007.00192974,125430.154237266,157468.519016653,239394.295424633,240848.77967725,96666.2646227119,101032.93665486,113782.145036248,169256.471129445,132061.251388116,171456.858095781,116248.381661935,274811.382997096,125260.946912969,141150.640040139,123710.375539049,141023.781055785,229083.100410284,111757.25688653,142599.107388701,82723.151922412,95313.4152898757,107751.669835417,110822.892818278,107932.376143231,71613.4352798874,106647.726713546,90002.4455772164,78419.3634197956,110014.482480312,144409.626375532,99011.0253788556,127403.491141032,82188.9386543498,113398.602564046,121446.407882408,91510.4201142598,129354.514437223,104250.887619271,90053.7237512391,141486.241678453,146009.004507366,118397.107119242,115037.555511692,90625.8655529523,129710.185002218,170405.05169102,102941.164452808,100511.733989753,129926.578262352,102332.422657012,104104.028104363,157286.81947594,130616.54097963,93313.3973494977,72709.8982989598,97807.9664398429,90780.6787955777,53237.6565975852,97247.0050649984,128124.45044706,143544.002166765,177544.010960245,165044.820276863,97941.9453337788,102758.624328827,127278.396184157,122597.81120814,84429.4278369498,115956.655607879,222289.323783384,224364.463973561,81979.2720763352,90943.4775454261,93440.3295041109,125374.719246204
631939.450074063,189195.162484544,221253.548352079,199777.206591152,131567.296867155,167551.290595695,948394.409423489,276844.324278259,1343377.81740106,924921.917070642,2317220.94628462,730727.376171974,1065565.53047039,1711315.57500051,297821.752606687,517965.701655448,588480.416676357,1371057.47828696,1153642.99946635,1315937.14731769,895253.24413041,627967.437069189,681160.784338366,691429.935181467,851957.738518554,1134093.45496187,893495.495380847,804996.90620642,1910301.80786342,963396.007507624,1091399.37545978,755799.717422738,333817.58091709,703697.612348123,823247.649165375,152466.341735554,1502830.34845091,424951.250388225,316576.315489807,1076923.95806533,475534.503640871,851746.571968685,956766.085488404,97728.9820376383,666209.731611389,242748.046407126,950134.747489831,1064420.85729208,612011.165839216,658101.087634487,1052485.47118502,537785.036114732,647188.978715361,189645.112471857,428228.007690379,577046.471961331,616770.306105236,372735.433797309,367433.612958084,699294.583274254,271915.974329983,396732.813092125,146124.344305913,731636.984898344,537226.384498424,214640.161303631,649305.711673476,596196.588915167,520517.688810278,432808.793872678,472092.379034877,372050.311451313,581142.298360194,316685.28760129,807425.319232186,1730909.02268686,238706.956758635,642811.410449011,340535.728515158,638114.89504279,542646.281682315,415345.982398605,307362.404598274,655221.874869161,1157461.86834142,242349.351943481,261249.564421153,306048.069284468,532447.327353352,591661.917913905,423775.695897108,56227.7472989325,636881.146513135,116475.828619197,635142.76837626,413304.842924489,613836.616459519,766611.250023895,38901.8356591013,489151.517100598,652161.068425549,749631.537546363,890949.102924963,397572.129914756,768051.941599309,537215.045969138,281129.503351891,376566.397168011,870386.274971727,888668.332378717,541886.344586378,624799.740483369,596463.976617669,347946.577519983,762021.55897369,344740.205555343,225341.975285701,562174.055594196,731959.289412796,454565.887560405,792411.700768012,538561.830281155,160162.898865367,197234.23653534,601240.388772837,647496.127468181,1270180.47428961,779185.753236028,205202.04980925,74850.6429240314,420102.66323242,370049.305936255,560684.906041968,398370.293969377,435183.833969807,624763.292857806,588612.610095677,66064.3201898014,814199.633482637,424841.231688599,590200.931604271,411787.543596056,398682.551326028,601208.573420001,407171.078747654,44502.9073691975,484405.973194758,86613.6798445275,72602.0170575114,608313.460466396,372830.18765379,655633.11461621,173979.958150234,354867.151878487,397261.904367329,550349.807746458
636605.533488446,1174333.71078939,536224.455592759,165435.276173918,305680.934549144,612925.336719648,65922.0501758094,54665.7300837462,232205.637816312,395249.396860529,280257.238594319,681024.59179364,59583.0150505948,174581.396049958,81275.6174037886,80547.7851286549,1713878.79466348,2513202.77731193,3401735.22139624,386808.822647644,150338.607358436,118370.584069709,686227.487389258,717309.325138923,174035.29520133,55611.0300605967,64243.7034881635,137996.891018058,303663.627411686,1466077.45927506,205943.534217291,858819.762634498,291936.606583615,686011.44887633,973095.408045965,430950.431989212,176291.319982102,106108.147497755,396837.026999638,291273.779515606,857386.793782744,1515731.11775378,71677.8665799845,319019.71380172,640608.660764154,317864.987515152,776226.155491914,1304420.82080338,355921.220526862,1099412.98526421,989579.189803163,41451.3263270643,3604605.75946361,52451.1340931065,638044.295946515,629131.231817051,978092.847531799,678814.028506334,674813.182565458,133382.409968125,1138104.01416345,1062321.90179315,55489.0437651727,335815.341390454,704423.944960746,1196827.22870734,680003.927005179,339971.777910214,74470.9775753543,87867.5569405668,73071.1003026594,62392.4463210175,441300.143520523,783849.368967959,1890262.39749267,2232082.51620402,255050.675806643,662533.824817833,3361739.64298722,1431001.29760507,1366746.1469477,1438268.42802156,815147.184553826,177599.996980318,814379.926061057,216785.002267073,606055.658692381,38683.9445572737,683378.439594108,252557.140938822,219832.628087267,245975.144486219,271662.224161365,413713.062227454,23760.230352334,75101.9646087428,373021.061636666,698231.496842888,428550.383852862,608754.914560923,46573.2955107601,115633.92425786,400650.656740587,175376.585129435,109505.562866355,950810.792739516,2346184.79172815,1384153.58342143,1138286.77316089,514021.509472139,637590.940452052,1496019.46489273,521699.22958883,712552.157826461,519169.28755184,932629.52436829,163062.061335895,39641.2326084248,434485.477188962,238626.765776619,374619.204226293,654006.061527352,55187.5551859246,437562.632585486,208056.143907778,391782.349704815,32407.7662604423,95739.3451419778,423339.911831315,292051.832748633,819396.147293849,2187495.80227942,634721.457994291,1929524.1156078,127092.406826908,2112356.28978633,412659.633236285,302974.009925999,598659.758035629,584351.442870137,368045.09008459,64540.3610377403,156727.503960695,665564.902072044,594442.348763706,449287.291563172,425215.723295997,230506.239581661,84019.1170606183,498182.111750229,1188222.23174592,1546125.4706031,795142.530769178,271810.30956095,233589.344275675,653927.396454483
11269309.7261279,4174725.69051299,2355422.90761948,4607801.50650296,2698255.53436232,6020510.63475202,11944831.5031485,6821708.30331347,19838452.3330635,23530951.1176983,24166449.265402,11878265.2022471,23053834.9237927,15381865.9791272,7584462.47238934,16042998.9315389,2599097.45949396,9958858.89139732,19714643.9260178,21022843.8312429,19399217.5465044,7611082.07961003,11739618.6293658,7390635.2277609,5308087.29444565,19807181.6248508,22052048.9453447,14437482.8644959,32364908.6442316,14849832.5540031,16785091.0009715,14557567.6695003,11111580.8728312,11950920.3676111,16368247.5660114,6921465.82751107,32900890.8212689,12469441.1688473,14581641.6382784,19525195.8547628,12507374.6777942,17464064.6581418,19641439.3499468,1976303.08367295,11549812.2698544,10217704.8944599,16785218.5716826,36358455.1687369,14867788.7919694,15097933.5614218,7642933.39135984,14618567.7275009,8663821.10788628,5157895.28652949,12245319.1869159,11676285.2855519,14195650.6076502,5684472.45060593,4422788.40606915,26622780.3541177,7070571.86310976,8019986.57579664,5513730.11475522,18816610.6837737,22468828.2811388,3006655.39532163,11824403.6056,9333056.40951906,17436891.9976591,19930324.9816535,6603667.57439261,6359227.20981817,5682138.83618192,7854596.15456228,11054514.5130697,11959406.821302,2791747.55984664,11502929.9600163,4966361.71894986,12160421.7623932,8014319.45298749,7716823.83266725,3467464.21521107,10482318.8171102,16885863.9555249,2828129.3706045,10485668.9466461,7270253.2188578,11024566.4201265,16867723.877757,7835880.23372533,1771637.20450932,7455293.14559917,3023492.59181548,13829781.6786436,5905208.18541371,6814391.5907968,11543963.4571342,719688.484813163,11140491.3058739,11840307.5460826,21819545.9144625,18674134.1551429,12216044.4082527,18461219.0705362,9435274.15738575,7259425.30696936,21572331.6335631,15575334.920601,25930045.3838894,10373414.1379373,12380241.2845277,10680593.5255435,4294811.21041673,18181521.6954217,7080920.14159562,7216793.91692455,15424129.5262782,21654706.8848237,11160533.6425566,34775191.0071703,10990349.6426886,9428984.42170694,5117523.48548327,14468268.3229041,14516450.6207883,37100372.2589992,16629492.7160961,7589634.90321291,4370058.97615694,4188497.11663103,10318822.4911537,10735751.7719912,8015345.78164646,13787408.9015471,6718178.63828465,10533402.9025194,2585245.26020848,12660786.7463046,5983614.71191876,9908466.72880688,5097031.8124196,7932418.0365351,11175891.4098411,4863451.93272063,1758576.46482018,26364900.5656921,2452360.36547595,1538488.92975035,8975875.83847397,6210012.96438369,13889154.6198935,622805.2841892,18434079.8805791,16245045.6739014,11739920.8296995
9254750.66022846,3105837.35024558,3549743.02731738,4377810.42625585,2656274.6637702,4379803.39161674,13019624.3279061,8027754.57905936,16796213.3730066,10309006.6778544,11909973.7289127,8396834.71299957,11211724.8148158,10834575.7968213,5158378.18745755,7613560.73075489,7372119.16743075,9493974.62385959,10724262.5022433,9818183.2319,13941479.1937429,6447211.69948621,8593945.71082071,9070420.64077771,8124399.23388033,12253556.6404782,10565818.3444887,11910208.6196881,17645993.1822376,6735861.38723958,10534856.883407,9551281.66936421,9906868.89684173,8521377.08883827,8353575.64789154,3357933.70411184,12349899.5377692,7920558.04936517,8037132.78415148,10117481.3328865,7126717.000074,6794370.40512077,13432174.5870582,2453640.45727752,8471465.21970574,4543812.07549982,8033093.62478422,11552536.9269609,9416819.8576197,6470561.78814588,10142546.2406101,8615298.72246423,6198896.45037046,6617843.0990938,4787843.06634455,8603832.51865834,6881463.97249135,5311566.11040354,4360589.5309049,12382017.7205128,7455997.49144135,5353088.02938751,5900468.53737088,9013773.92501501,10197615.7640907,4619638.36606052,8352599.36772922,10735062.9905663,7332025.01694886,10296354.1512324,9306865.64706648,6303236.34810952,8634464.29974931,5746341.57388759,7812303.74326805,7497958.91885396,4264468.73591764,8409819.48590413,5006638.53341323,7328701.06220804,8391152.17112399,9281804.14392075,5860282.09793872,11571086.0649869,7713342.47265838,4314953.19942092,4919844.27739617,9752591.73238336,8552157.48575628,10518015.0080572,8806804.80467123,2056317.07583291,10561487.7243302,3704801.80806023,9689856.43981462,9716899.22444896,6776505.08401599,8302996.21929605,1083517.62769716,8025122.39320898,10988648.246698,7806080.68367406,7712872.08805553,7192489.56331174,12025107.5475365,6389312.79522796,3703636.65373119,8383101.57207537,8991038.75653884,9432740.83082396,8064921.35707862,8782766.85993847,8597559.95647396,5016888.69550478,8468350.21019908,5333882.34572524,4337977.35425853,9036873.24616925,7798125.84175565,6928162.19864006,9410468.21738601,8043989.28707571,5042325.24758005,4384549.74843632,9168843.56243387,6582987.63215454,16274403.458471,11190146.7233323,4976261.91484359,3386706.87414565,5286515.10047037,6998992.48571513,8361701.56950582,19258124.0675776,8791875.33426099,5730996.01050766,8185468.49474834,2256342.60108527,9915698.85484023,6568365.28182228,10032877.5844595,8935622.54242652,7894304.52103577,8104217.31121198,6308218.71723801,2540306.10244821,11007824.4360106,2242805.92305114,2166246.91326441,7944270.95566949,5241232.01602265,9309947.80704925,6140301.70482141,12648375.9511757,8792414.24749523,8101969.14361088
783019.117059574,389045.327602095,773147.598270453,417375.698863575,206024.916573373,414027.805669192,1023652.26492014,776254.047236202,1951603.89561834,863135.748946711,1155802.83769255,770620.107571903,877411.525067565,954096.53830026,464415.523360447,576768.914884467,395466.563091873,655679.068646966,737229.722455743,1327091.03843242,1735437.55325129,357950.06046181,738552.176236852,584273.021220735,473048.447698774,849310.539066724,1083193.22720329,672589.105781891,1875421.28950054,625099.75101096,727449.71249163,674277.721709722,1182570.36389767,755432.869270191,819691.094662133,307272.235671664,1312738.4619745,588530.567758075,568780.099608976,1330604.86911302,341569.491748263,655339.74394103,1143927.53132104,371069.117150272,780630.98374477,355802.755851964,1333108.63278105,1959912.06889843,1203888.01300471,477367.127699882,938530.946159556,470038.268046632,961188.294412558,681283.006205856,510822.955753116,732818.792354513,497708.616200523,571564.007419472,604860.467402688,486144.627579104,851482.604475903,375221.427523952,653292.673473796,822144.558618282,906560.877149828,280626.933809101,716148.007362309,634751.922747354,704901.081264982,918099.657133765,367595.977272179,352231.668021764,1306589.3848636,424104.3682263,624920.102321878,2288432.88412613,313201.403159717,687637.772590159,614247.555124743,753332.295751343,457778.47400299,755454.895243624,280566.008037568,716766.624246837,1305003.33444203,260727.685495499,295011.143759734,838170.598249577,678659.46916192,1447174.23198766,611052.012390446,164990.860119401,602668.681681934,229141.144949903,526376.21678794,427781.827674867,490883.622682183,1320986.1744684,154040.672906788,697700.692419162,1024904.30902932,492514.310880469,514743.620026346,441742.763357044,488749.548083432,506557.806226798,529918.425466713,759432.158066742,686596.407243206,678625.231289781,641289.299315056,369577.499235198,725843.376413982,464840.638925744,843860.109715742,396637.428333113,238911.770384184,690762.161705421,719946.530833359,503875.865829754,1246683.8318901,651795.81958263,393713.040623469,287824.738735552,943921.745964915,408056.631067961,1812105.32911097,508040.768058357,248403.689971511,524213.752911261,844292.251406756,443691.583959778,664603.660962548,565100.96120387,846899.759433906,583338.796851803,793561.952854988,222609.625463258,2445297.11895819,752728.34652358,925615.084996768,400922.668920556,437615.729871335,670357.63298639,586355.402485846,106479.653051737,1329181.02073394,233817.349559459,169691.159655653,1194311.3938806,414029.687933445,685248.031310429,972552.965999312,864518.867196196,760853.451963762,682138.986297053
3321167.24607218,1103791.98933529,1070387.90594296,2460263.65911416,1141480.55114088,953792.734417626,5641093.40007092,1918545.98895175,8211825.0637718,6509779.20327636,9992463.7826551,3289893.89340803,8231713.08531433,11021292.1758436,3241796.34778751,4289490.26415825,2990506.12751932,4401081.2045463,7285488.54430243,6423425.21421411,7375242.66423961,4846372.73743029,3151154.02124673,4156938.36081372,5028165.53460208,6863255.35830841,5976169.93900952,8075819.17175897,15244988.9470624,6321137.71157757,6927698.64491313,4640267.30414569,6102661.81198952,3057738.26787403,6952935.78074626,2418989.55741298,12041827.0597576,7017274.16557196,3393901.06203604,6729886.22750145,2887128.77204979,3467366.44839623,6991334.43250311,1879821.26207632,2754452.71279085,1520979.73025198,5822753.26320649,10621915.8998375,5193489.15337333,3062636.21181274,4247588.30952933,3941446.80221006,2731212.5006971,1395705.0965371,2537148.7395953,2297374.72701544,2870609.51547168,2301723.29437179,1522658.48265853,5766632.64292102,2945458.12110149,2344645.33307248,1393168.66580811,3504022.30190638,4530719.9881286,1917037.48731795,2267170.6122408,6302366.21897545,5461491.61933233,5083185.89039201,5731508.0419752,4377719.37383816,4442100.02165344,2317370.42931442,3380184.29126854,4040773.86784706,1897200.87692454,2358432.340323,2863843.32054454,1982694.11303317,4137656.87683831,2383070.05810072,2435378.37782468,4809306.14751499,13138938.9483253,3189745.34208922,1911761.1803749,2689580.50771929,2121111.73040911,5433885.97728434,6029950.67093345,1846008.81851829,5427039.08511625,1933604.03639861,5014690.36432398,5811379.44457711,3302248.7745219,9418158.02052424,2209637.28642722,1949006.253208,4590292.21303465,5098615.72991212,4405125.48220049,3592058.65437489,7243756.76566127,6026361.18171261,2482481.1423263,2286902.40983369,5944834.41981152,8097451.2395849,1940147.39365532,4612633.19177338,3601264.49202335,2320251.51738051,6432520.88292089,3195989.81085217,1773782.04893779,3901333.81011417,6603972.65893688,3797003.52641419,6348105.66976387,1832813.15461306,1626184.07880062,1472737.62404838,2290135.86307475,3161032.1199867,9576873.35089188,6607283.86730847,2681451.03564238,1308271.32843813,2642618.47192149,4262396.02984957,1648640.10730922,3420748.11139587,3636911.15263552,3330545.03532712,3262712.17728982,1108369.24109109,4713337.01630613,2641480.88738155,4593929.85871266,4203278.60466177,3863830.69571065,1629147.14393265,2007988.75939484,958304.86675933,4909722.76211548,1806652.35645243,808633.918453804,4824096.88592368,3945453.36568943,4552905.20878773,1492635.35162545,3058864.77219483,2537683.08039098,1208456.94108213
2126447.09949729,1294431.87071664,2832742.82042493,794605.637201498,1022215.48467215,1438863.96419207,1842073.4053545,3497694.39929371,2323301.99310594,7838862.97109777,2542448.03686056,2161611.85412304,954823.2045072,2167645.79269805,2090586.47668886,928286.159562079,1456958.71220379,1682654.09369256,1845419.58974836,527340.155646585,1776020.77819669,844553.328001738,2305284.15846338,1465441.80499262,885041.851742306,588888.394081149,1080610.8696074,964357.038610405,622184.643288355,1183532.56317718,783450.153740566,1089405.89987753,6451399.4134699,2067173.54859668,834688.527669706,1198712.08323032,4326177.1097014,569701.885199559,807498.321976705,467178.714648497,871244.304371722,1028000.40594891,3724885.14674338,2383575.17245679,2122600.26264567,805264.504044825,833411.035310346,583328.621276632,10569963.8555986,1203799.13684445,2821369.35636344,827338.145768096,5306107.229937,3131274.55683594,1534862.37531394,2241557.1297941,1442505.28890049,1026381.48325027,829853.457491091,542641.718910852,2552843.2740831,857893.058958053,2496688.66039567,2800315.78831187,967438.012627502,1460471.82110432,2032417.75257168,4113012.84288909,2393326.63731186,812737.584631278,584885.037631463,1225281.20320642,8409831.44291543,1486057.88925067,1904612.07442527,13483861.5130521,1309010.61818395,2077208.71592232,2281353.2026552,4623948.29140735,804225.214046048,1907654.80316583,896047.926857734,1054998.96003392,1916549.85834212,652928.9777703,1048597.86022618,2434518.68568231,2100383.24301307,7533630.25613183,563452.462399376,939419.324669488,963103.792147909,1056416.97405031,762114.609116395,552371.937246566,1282971.47494223,1196850.56089347,819783.803771477,1979782.28971692,7792027.92751856,713920.59091236,897022.20578179,345827.516076221,635952.160260699,953422.970256139,1438371.80436403,1212730.94772242,693456.498970813,981617.274757272,2056776.91625036,1187541.05570124,885120.210225451,935693.13902126,970196.322623985,1319103.98129306,1068843.22215772,596154.917405815,1181171.19530794,415134.299762875,2139108.71032346,2209332.17501891,442423.482065391,1938829.79223863,4911758.75996351,947882.854500752,814906.22472743,1177625.93301795,964043.991522494,1617283.81296806,1093960.88038719,2591459.47804074,2155494.69784003,3628005.89248377,1979947.67252384,1049008.19721772,3659159.01360128,1917843.28211284,5858151.18112779,939084.510458137,2804855.73343941,823000.40424839,686241.495023874,2041877.70759832,1894829.90546793,950067.064058015,3024675.26163054,1399473.09690765,1037119.39437431,1291693.00661734,1039196.66880032,460734.952677562,6188273.76493342,5816433.77686306,3467421.8172212,2028638.2667403
20469987.6088177,9921365.08660179,6263660.24996708,9917158.99073711,4312832.72852724,8740044.61151575,25720783.2570777,14827744.2490276,28152605.0824135,23841833.0387155,26427509.7170986,20886185.7611569,23761813.1149238,30468123.9079532,9600255.23955509,13031598.3075533,18026748.853718,56314009.9657788,37870546.828324,22577105.6744241,24362244.5843001,12081851.811782,21868130.2970113,17698986.6261565,20097566.6372108,29693634.4050314,21382847.2586126,19956614.8909497,33345013.9783635,24682722.600732,24440943.4556965,23875603.0451193,40648815.6930011,22112520.4836854,20063222.0938132,11475657.2616329,57954866.916371,13729598.0010243,16703417.8636849,22465425.6895272,20358094.8437785,44324883.3753239,26423113.7239977,6026219.79834832,21803963.5079159,9824214.85548929,20637192.0675636,28715103.8351256,38762203.9934761,25227263.8213817,24610387.8169113,16680283.2179246,53961226.5509638,16088432.9562336,34235846.3946978,22885371.1667024,25064944.1760989,12653300.2457248,8294190.4903715,24372322.6323891,13510879.6304628,14588089.8355074,10199463.3947545,19614009.1331186,30005836.9061875,5955195.80779795,22285852.2618406,27992318.6190559,35271034.7491608,15833067.0803369,18813376.8186297,15401431.6933505,28460627.4625398,22494393.673579,35522748.1510666,56329959.6814503,10872344.7750225,22355092.0526622,16298722.6126739,42503311.5791026,26254531.634641,15965327.2050471,17330878.7100192,20007444.7590606,39185262.61934,11463663.1773373,19441560.2264929,18500287.4534031,22659883.6079156,31023477.9643681,32806923.3410814,14471883.7612299,27975718.3340033,10715104.3321983,23927120.4754844,23548203.3568503,18264806.7439296,25597450.67461,2464062.93728488,22341523.3058048,20114988.8614456,12196821.4957448,15683900.2859155,11543018.0691715,18839925.2583778,9321938.52064583,7667403.48820263,8737543.43533332,18498394.4782013,24599650.3549352,22886864.3642617,15337789.2998052,11472554.1537807,7264743.89802489,21439834.4526213,19589626.3603168,4876582.82703325,12234630.1553629,21858799.7460867,14376562.1113408,23200565.330228,24327911.429472,6608344.53759892,6698715.51324529,19812570.2726032,13923072.0106206,28066293.8583746,21548019.8193934,9106134.69937401,17093545.5341239,21545545.4416473,17461495.4026625,24101566.682057,28674853.9081457,23963421.0405752,23342511.7084527,23410128.702203,5994343.37171255,37253517.6285566,19239336.0869723,30989833.9540181,24100150.203251,19650390.5176318,24445915.8456783,15889158.4186202,4791736.98896537,29355769.6064743,10953460.2559117,5456603.04947289,23049043.8921603,14646143.8207977,22465118.7085562,20947601.1952623,23145801.4757423,18693853.68747,24652006.589666
56425.9963035027,35852.5495944039,33253.5121703254,43981.4619485317,14065.4376351022,17601.6008596418,65180.3633041191,38117.3083420137,57197.387436995,91886.1297098454,181892.142497709,63394.6629817135,108243.916200035,162824.332741226,47597.3280015992,72487.6187321094,55612.0532307115,137540.322430252,123150.568329164,152795.801752171,65473.3824455647,48185.4860910518,58788.165100129,64202.6492696112,55784.6790926481,120964.683741902,100165.569324952,76584.2837781928,262738.814687202,131068.328141696,163489.492733399,68141.0285639751,41559.0279304274,47876.4517750623,166049.84960845,33389.1086713771,306634.191526598,55933.237290889,40085.233743213,133958.944614487,41881.0632288506,116663.194446399,79769.1007659586,14407.5248720589,62558.2291935428,11142.9407870226,65647.7472317521,199040.367020806,46148.6692177729,47813.6364346378,154771.497867231,91449.9467366301,42517.0919282932,19192.1127591495,96715.9026918559,82538.1708528022,41084.2497344545,28725.6488642803,27452.0755623298,64031.0527462241,46389.0771490217,37158.1286638872,20291.9038289907,80334.4138938702,61110.1640142802,23562.514178389,44983.1879621312,176991.150567039,142713.279477864,72086.96805792,85054.5985452558,37578.6632213867,58886.7706068652,50111.0602454057,134798.338660253,108621.267476849,35284.9732294572,81868.1053311154,67145.6079495591,54543.2803492562,72841.5780936003,48560.8656485965,45446.7513936038,77868.8229956316,115118.14024178,31609.2324049633,28330.5714042314,39247.0868942337,47655.8294045918,74442.0432110707,61793.4260319988,11170.5535960789,181542.703918377,16268.7984773931,86028.3898709664,76896.9685088782,53746.7513587203,110266.159272623,7389.65064827909,58953.3942681662,57351.6763419209,61937.158380772,50231.6206461608,51224.6424675651,120294.313533731,54229.0072330668,44349.748459449,42766.2965065058,109996.213515547,151306.014213379,55427.4612294883,77711.4761395988,29541.1714122431,20943.2953371457,148379.426516839,39941.6331300521,26566.6757778457,79973.9390582981,118339.636216294,57252.8290974391,134601.133990326,65849.041792292,35449.9023658901,26290.9446330413,59288.7064663204,60035.210416709,249900.483856887,117360.976246345,37438.5076788924,13483.2694270401,40439.365388847,28576.166287586,63752.3757901944,37851.0017806962,120207.840304219,75683.8655553767,68698.759333972,8720.8329289541,107991.620200916,31187.1202495269,56520.6121567902,105256.254749007,111196.643395359,39169.92785464,53894.1309383376,3010.91382584645,71136.1064737113,18758.2437860949,3523.61142204645,126380.331424151,42741.3567355563,107153.089906268,19822.066595751,33414.5942217579,51589.5384461079,63192.8398868527
4561011.07307613,2945614.37304965,2092032.70882881,4293551.40447005,946872.033166076,2618230.35771342,4322547.21541623,8230349.64103768,4451281.03522599,4459150.54447791,8030220.68181869,4390418.13877404,5053775.79305883,7139676.12397974,4303475.06934668,3379934.04195022,3609194.41617098,1548710.38741472,7221268.64372082,6475032.02830598,1983422.71745803,1280334.74519275,4216549.65016751,1518767.80908408,2055296.33073537,774142.705861893,29339721.6881732,6091705.12382642,3412590.02097693,2454814.64187204,3518813.21668135,3040817.89785961,6981583.13300821,4347403.44424543,3456820.2037679,670805.674257579,3353611.94061984,2496243.45738468,1890962.98492816,2788760.77465534,2597904.06867008,3917311.65421929,5291389.38281621,1384689.02616987,4520620.9089773,2032685.18834867,1892917.29254166,4930377.56164923,7305414.48171185,2649280.59253712,5883841.59499649,4348533.51277403,2999557.32387374,4815442.42170975,2126010.05921236,4593362.04334302,2450217.74679305,5700358.80361778,771224.569029072,2792507.6411165,5159804.87272213,1452178.70272974,1376940.61127132,4785820.81533779,2235895.52221195,1426626.21971031,4116574.25108975,2811840.05695295,2735564.45699241,1652001.01525003,2233552.0242455,420763.570338976,8300532.43213977,3125505.12858794,997501.773652587,1424228.7690232,1693632.90541985,4445135.94535749,1564107.93812817,2378319.43655993,1522837.27856253,2556360.27140082,3421168.16634462,3306272.65671669,2285313.45359185,1449202.0769756,2940049.23417997,5709638.28577698,3928028.19102969,11528159.0405594,7108699.60554883,387630.826073395,2564604.60246462,800419.460612923,5078412.60765217,1584932.63665132,3243976.53578051,717662.694671719,682754.489194945,4340054.90628416,5865552.79463301,4779624.50218541,2825419.21196603,5198347.95077415,1094188.93429727,3344975.07861543,1308465.83147824,2861305.32756638,1460023.09052419,2307452.44445075,3882949.11863277,1285859.03989631,1150845.81362,2585973.10541327,2422071.91199314,1418474.39487877,1909245.51703815,3287079.02397441,1733846.90041409,5091352.8609018,3056057.72643605,4273801.03685524,2876419.91772461,1639927.52726542,14977218.5392224,2709770.33466846,4728004.81514939,1145180.05889102,3070955.22202595,11808333.5835453,2357325.50027581,4343294.4238808,4180608.78192289,3406338.29774869,3033088.49843397,2150974.9993407,4028840.91629795,1578027.85918166,5576538.1561065,1044814.85428114,4948942.73501849,1809453.55276727,2524101.28459845,4070771.30196768,3807827.68353022,435596.346482982,4070173.19165413,821791.877144521,276320.862728137,2180117.80415269,1104458.18655576,2745894.21220079,5225827.92823451,4073854.64237537,5826911.53425168,4242729.54769243
23215754.2080458,12376956.8652209,11077396.4950661,13798189.878132,7891289.96981688,16397077.148942,34004560.2851119,13897824.2607841,29454736.0333656,26520394.1083485,32161303.4933741,23335856.5188894,26583194.9045294,30825705.4276955,15549451.7682079,19475119.9812704,28528082.3770266,31580904.4927183,28708475.8687511,30165285.558096,25643258.1823483,23412816.0672098,23889364.5936,22372162.4358582,29729428.1192364,28127161.1875402,26916656.2078568,26663520.8977631,31726798.4124077,25360060.6903034,21738123.6699234,24932891.8871716,20295666.4368214,23645117.2450628,25133021.0999446,13421056.8062034,38145130.6768991,17199829.0086879,19537052.6180788,27451206.0410593,23011503.1882086,30465067.6368588,35737188.4594458,5546245.9340967,22870049.9296477,13339901.6121917,23198890.8476692,29112437.3486927,28271409.4081211,21195304.4357939,32893483.9047063,20119714.6912396,20484416.5293575,12776036.7795385,22357054.5696185,23044060.7601603,20221802.0758146,19533266.5239788,15090338.8191609,28438670.5592289,16786115.7006308,17087327.5911248,10736985.6196494,21330820.7854954,25017829.3565092,12675468.7496217,22650494.7410742,28854372.9768864,22105793.9442732,16679933.0490765,25297833.7671763,23715966.8683993,22849250.6055234,14435387.3127114,26673072.9654305,24992627.1176084,14689492.3767369,22706991.5601693,20203266.4580808,26848912.8591942,22457573.9364856,22619158.2271034,18586968.6518422,25203056.8320481,20622896.0923115,14889934.4502747,17714849.6597181,18955289.2651258,22523656.80988,26534397.2630455,24688142.8108945,9258215.00879089,22786149.3294301,12225508.3220544,22879541.6658078,25568281.2622712,24392115.4595585,22374654.9924626,3833176.54312197,21513984.5460685,30785347.0150392,20277511.6835653,26330286.2069187,17091483.1938979,23542267.308446,23067803.1367826,14029800.7399512,18747236.0784867,24793399.9915299,24910919.4445301,22145238.724024,25180312.6171875,21302532.4312426,19592628.9548869,25084669.9554547,13189756.009218,12532077.6381793,20241982.5182883,22795929.448145,17960348.6410643,21604584.5710525,21386780.0085544,15293722.1107615,11443319.9476672,20564665.1839244,23454230.1481943,28307965.7571268,24739515.8658654,16636912.2928604,6857952.76943203,19041836.6127008,21784265.9939305,22360626.7280529,28467290.4690242,27086798.6495917,24714588.4807741,21239933.3888521,7776447.5368794,28396283.8128094,20570532.9388111,31918980.7656056,24651060.6681408,21776262.1297779,21499930.808162,22394603.8218474,6805934.579374,29826882.7427637,8105987.79615521,5987750.55302752,25809115.6970611,22548253.8230313,26491863.0980852,12553492.020238,23844350.6524969,21854866.2149114,21979983.9839548
1866450.67240062,897207.502545749,825686.766396359,1378049.92271008,543733.029522308,628133.460096776,4448669.99366445,551012.686914674,2499079.37047454,2015121.08607738,4063754.10801439,1998502.42650719,3154638.86838268,2835358.4155294,1003384.29817516,1679406.06432983,2680653.85382645,2558441.2524762,3093997.65051742,2523914.99008887,2433060.90746181,2451258.63627308,2163323.75227761,2726380.68475678,3510075.93816852,3381131.87021284,2909853.09270505,1619077.34362886,4862679.78545608,2370302.06009795,2624142.82552814,2705612.19528399,1932458.2643003,2000955.99207424,2133656.60409165,1208391.97019168,3193156.97507575,1200149.87845587,1147765.78030535,2090143.27538247,1124277.73960732,2008702.19218266,2777944.81151058,383390.487570761,1920263.16081459,708861.214299057,3108211.63065203,3972084.02694053,1506201.03152108,1823688.02852869,4075852.29996749,1531229.458039,1822247.34163716,424814.28944795,1443576.3573456,1842616.11762071,1777008.25668924,1666099.97939287,1076254.46823881,1646626.4833092,1322880.26083103,871281.273371367,808221.061377626,2029279.79037759,2132431.29755712,904422.525324558,1705230.49500877,3139300.74492825,1655042.94491148,1854874.78486699,1548925.12354187,2107653.76347685,2232602.29896346,1204758.21089703,2095339.87691216,5028754.30279819,962207.779031656,1805751.84761444,1308412.56789796,2055653.57374555,2142016.79509732,1294108.18956547,776175.494082647,2172816.61924285,3286556.15088557,986142.441524755,1076951.86254444,825063.630757834,1828434.94707179,2685753.36874073,1874018.09000964,733728.597057673,3423871.11892318,601609.348191578,2635688.80426311,1521054.19441801,1883014.98674185,3362641.17006801,280386.036037984,1898221.32603798,2631528.36570211,1994833.06832085,2515329.45426101,1677783.40459743,3174768.10098045,2534940.21846626,1085254.62497575,903588.676706059,1814469.18560226,3475178.61493783,1862816.16022194,1608482.26559872,1925998.93015539,1355846.01456544,2629817.03343898,1719293.97791817,1117463.09398887,1602668.48393163,3096485.60434451,1628493.62842877,2713324.96217594,1878864.86680005,1034417.53079905,1057316.72926511,2235606.04026807,1846736.33946314,3971699.93542899,2705041.68384681,677402.736353519,809065.364556444,1388755.55799814,1077723.27306286,1995725.76316179,1922805.4656277,1736838.67429033,3323208.53412447,1749900.92095168,470879.141567137,4811366.21188194,1420778.90992937,2059969.31787631,1629699.29591578,2378766.08646053,1878488.58778279,2240879.13549727,237334.998433843,1582582.6394083,548264.279439921,419801.344319159,1927388.46280707,1816085.25646605,4041377.92123058,713373.538235108,1816179.47997608,1881514.87206373,1988959.78320948
4390115.58113875,1779560.46714681,2824263.10626837,7253884.86422758,1745049.65866502,2106626.96610605,7665638.54502628,1668895.48484279,7517407.73135581,3868397.67704537,7951881.10171326,4428913.28832546,3729567.08238879,5654353.14471066,4332871.57071763,2415096.31915362,9273982.97519749,5721681.2456052,2622065.9288349,9278512.45218201,6355421.92034253,6416016.4045148,4682497.69204204,4988401.26509338,8635268.101801,7732454.63852027,3744101.31658314,4220030.0689734,6533330.54445037,4924073.68864692,3852987.36383839,7593004.83242854,4336753.01451178,4377256.40217233,3877064.27764965,3077899.18006378,4140357.12567302,3205710.42647553,5611717.48814126,8052043.30908476,3670419.47218239,4046813.53784956,7171604.20520596,1074708.24110167,4613795.4838813,2859000.85585797,6930119.09599267,8719901.09540433,4206357.48661295,4723676.84722808,3963055.92663312,2433944.64521575,4589804.23629419,1519066.99132246,2745427.85270837,4597904.17640323,4448267.45018569,4086485.03382678,3334558.02285174,3661923.37613172,3850752.11294723,1902492.23701974,1746503.81158437,2805788.44384882,9179788.14636906,4709581.6386749,4539299.17997983,13416707.2674798,2103954.0187244,5677166.19212154,4846988.85917948,4524437.26752498,6627992.11173198,2419242.28477659,5190757.2898865,8342045.8361797,2332327.0899114,4624920.25600867,7492563.2869719,5235239.74752934,2060639.46244583,7574797.47176151,4902692.30063425,4522551.20341554,8880549.05275573,2359453.66605918,3147770.91675998,1564460.94811136,4462425.70740557,3207134.17826421,2628195.77855265,1644856.89639834,6446434.41406061,2623324.79397222,2738796.09735706,5833039.61929644,6152726.732466,7495216.83982723,1138024.23895693,4220203.6277876,6513612.96367047,4307587.09624958,5630826.03219684,2370095.58121867,8844371.64215023,5537435.13683104,5023967.23376833,5494594.4190053,2336244.7638807,6098841.53043492,4657334.19149018,7054197.73077497,5864213.56759412,4215980.44790481,3023495.00312282,3508256.30087372,2020880.43089932,2875682.61112668,3275391.52720729,1649046.46704473,4165666.98789532,4331836.759729,1541130.13035854,2701478.35390467,2329401.07618761,6364420.37750446,9024246.45376961,7349719.1772158,3275921.75989239,755475.562648097,4345636.86156095,3136575.23179005,4378557.94051919,11437746.0884998,4702659.3371706,7939984.65108264,5615154.60766547,1013315.94635845,6064654.16175632,5579043.46221319,5132047.57453016,3916575.55297281,6717488.62266105,4268706.43791874,2349048.50687832,895014.163026073,5092924.50465946,1504514.99266036,1096623.09880353,2778838.07614282,5733047.01585916,3365246.72434824,2593554.98990262,4918133.65304027,2397492.98837652,4284365.45913934
250942.236235384,154472.808831686,284511.816166683,153607.182325781,101475.659112361,160131.459224734,255624.105978685,285832.351567074,269916.461495491,211568.609643291,237455.674737684,240631.846966272,376185.353691703,242439.531148824,215674.718308813,269340.527359895,174945.829055315,235962.844021403,404959.162048146,319481.257808546,229980.164719404,103163.835117981,247553.124280324,211716.301749148,147398.001122149,91871.9091268946,407887.972595228,317458.66731411,309119.261500689,305366.674237136,278242.400388245,132831.785603248,433285.780652304,240889.124047861,263916.520196094,148465.428653153,993787.11389287,197087.59705152,222517.92371127,242771.399768629,179550.383606383,412311.949214392,305034.108735436,150167.644452885,228961.92338694,242788.230785,190508.224414618,336703.488042058,519751.378881982,132862.785713381,273286.501196205,197016.71650818,750709.539187872,221184.015845613,343931.272647377,224097.98654576,153596.08354784,96228.4083983699,137093.972222765,239364.572041029,208014.66679006,208775.589995516,196588.584982768,330400.655969439,318789.309998209,138530.872174785,189224.842255177,272986.640593043,596074.427578467,190305.6686453,176125.641586471,199973.276001684,335884.470169559,233463.256930602,250605.929848824,1350409.20598957,108224.088937644,252315.970026382,212881.429092122,645521.370303765,271986.495566839,377290.264796885,177267.678383401,229412.020271492,362750.549519795,131672.946668558,167574.311205833,230213.218464469,228046.585922692,615536.167293469,258644.755251745,107967.338435181,262512.312179331,130211.397601853,473002.622959758,152699.072089454,171160.441281821,208014.318853929,108707.78450352,227055.154333388,390570.511498586,212970.147173452,197231.696534478,237415.884720916,100953.805740702,79425.1866863607,137075.596622963,268526.344440692,196032.441520506,224155.693403944,184826.475306719,154273.440530978,108100.879029239,76581.2659968252,233550.274498673,133114.574425198,118343.117275297,172860.862285026,187754.923641381,167393.763595174,205325.502532686,230132.281828475,138371.419811945,184179.752059235,384970.269045699,144023.510544811,449089.067446127,120678.221360196,262396.524952721,359633.595985703,142731.38168138,241326.881419422,226319.046451726,352504.959806284,473708.753526495,132465.997327377,175980.903795363,127724.78557329,262822.828055749,136566.71199432,355049.685330824,247328.943424082,146397.572348041,220169.688638966,182158.2631824,183423.447878065,384460.172032387,122052.307559551,112241.808514779,277967.052250581,170206.680191331,243878.598936754,702438.497270851,465302.84571361,335610.319469494,176007.50506159
2114359.04141269,1047073.88613088,1022766.91489377,1372716.48176702,468599.909094888,975954.176860188,2760737.79308119,1247217.35965289,2806156.91038365,2644631.27794252,3706536.93563358,2085872.98082479,2283772.29226536,3336086.28967488,1050202.745551,2294524.38549038,2326684.12241266,3621411.45113189,2410041.50567962,2435893.67746339,2008166.89868228,1692342.25986432,1968359.56174964,2788491.40001454,2308067.45301097,3174322.25358896,3235041.3284938,2499138.05990307,3410067.57075936,2507652.56249278,1605781.59131076,2896173.1849519,1755127.16379505,2078733.34536327,2618828.4046687,1305510.73730628,3332082.62355912,1405939.54703476,1849431.06466491,2262358.9288536,1603705.20140656,2247361.35207997,2665352.29566673,335747.022974437,2200614.82725952,679001.490757347,5269726.55637247,3873162.3040786,1689830.59687329,2268604.90802426,2432771.49164772,2198781.41442443,1870546.63640961,887528.404716176,2030706.94221139,2027601.30299569,2382881.50494352,1590508.50226123,1099712.99974767,2449541.81223624,1724442.98712525,1143466.54707828,589265.747940511,1980475.64207568,3128603.28532892,980509.929266325,1926427.9765047,3195692.13353969,1869297.43316942,2788605.14673546,2415244.62084696,1460365.68627004,1972601.76771763,894878.031986656,2762465.31396134,2851193.83662627,1333726.62272928,1955622.44519856,1778053.43146893,2156715.53844609,1784839.46351954,1863238.16621875,1634378.05165008,1909170.34171559,5974706.58229454,1681033.46548867,1385965.83098261,1303209.06154681,1926911.88662626,1799245.85179808,2794576.99014799,692355.799674393,1388865.50225479,941803.378016157,1486995.01023196,2425070.35484768,2922881.92210389,5602583.07565785,249636.432134932,1862057.4459082,2159350.23206611,1856264.62899087,2920489.00919934,2112873.35073971,2770862.13610139,1730736.46882585,1171567.22947541,1624263.81554124,1851368.71967685,2943926.21802324,1769425.37371425,2554556.30148715,1676025.80270904,1291228.34041992,2388849.57822325,1093077.65219929,1217451.25412215,1504821.87589239,2549084.08159182,2193543.61276662,2590594.97448298,1863192.51808022,968900.854652709,629937.8786227,1471173.46275077,2829040.2823039,4376957.6554828,2935886.33132124,826043.975354824,588758.447631442,1602702.66493656,1803944.92076429,1834592.86371372,2019706.47914319,1699054.95067511,2756128.17320443,2087159.01057626,505943.806424536,2546411.27822427,1413415.61322849,1949450.81479219,2124513.14069263,2294434.08079184,1825773.09525421,1444842.41821,489622.939387288,2400560.65309082,707136.475367097,477390.741647409,1821288.87846128,1754789.10774841,1892555.89508661,910743.702121544,1906507.34041304,1328449.88110837,1804622.95374981
1012381.30243261,1203627.28473611,676169.842012084,873594.725290801,709075.736831299,613440.941700747,454931.885558612,633188.324832682,1166301.32119529,2671679.9760703,796335.741748116,969656.93885172,1586444.19036884,757013.012568952,727362.828220487,1188446.09318382,631565.571961955,979573.57564202,1298544.28535861,554859.546627293,839197.616774633,854382.240606613,1018376.24687118,853088.028780544,959032.617998413,785394.704556046,1105265.93882944,1002085.64897088,800365.614218875,682082.293644999,830607.818893495,1108974.03837767,913914.283580598,990864.801208484,1000779.23374846,1267247.79443052,675384.052324007,1017183.3204689,1459597.00415116,589499.809341691,737410.948207799,539410.827286004,574172.310996532,513457.729588115,999616.565207048,763683.155137412,2025674.390799,801173.735922516,810488.510059896,2423198.56886791,583594.845087761,1254058.23139926,1048970.29330101,479192.907244492,973607.850789527,1032954.64007358,2588523.52428848,804545.663489691,598180.145651729,1052556.63458654,1329367.09581782,827256.445796298,681035.74447371,1518582.46612968,1917462.04096177,844986.504790409,995209.023999633,951859.490429132,551310.547465364,881481.99229226,876610.276334534,719268.300167539,485220.947126389,564079.729655041,596674.583187998,674803.458130099,708507.886741599,1017214.62409351,914848.771603285,1181757.16988486,1454824.80576133,738410.265421364,896304.519458522,1424002.62807856,1745175.9508663,764339.989473137,645809.339773814,761174.716400915,1034155.94686111,845677.373401574,981186.65910247,838164.71565116,1661973.08375056,616908.402448682,922295.219698651,812653.238601312,890656.989721247,1276261.59798139,594022.238032759,941937.571535776,470471.634629656,665817.315467102,752135.726365952,665589.765929473,652258.292246112,552996.553379326,596487.994715694,551383.921385982,612163.04849546,666143.176784015,951492.218029789,471498.469859345,640391.951857418,538118.046884322,681312.783768538,554893.183465392,644473.231253673,684299.073618856,651259.789587141,600165.246192606,842574.075097962,990774.920801045,571581.91697267,503048.075416603,518650.359156602,851048.542693901,989460.364120511,627448.041306617,610428.298085218,658467.087749895,523080.662977351,710718.592397262,890672.555021853,788497.106386033,461735.034582879,490338.344144668,466046.427722316,486396.892135515,441839.287004233,624636.956698996,886264.510641098,811681.408821021,874672.627611614,1017664.65952759,576108.800203086,712331.422646289,837018.099272508,595875.933786147,547095.097281431,809156.489536928,1386974.84744823,1428010.34989791,428530.110951519,630847.101260939,510085.102592207,961197.725618772
1866383.03966385,638696.87202118,1002863.14118271,950032.139056711,523555.632913606,880936.150531902,3871628.24839289,865406.79986438,1775380.84968163,3376118.12008138,3795449.66135506,2097576.82737103,4394464.8617204,2187810.61804625,1144536.76738791,1851544.19219612,2336693.24194652,3596307.03536052,3037462.41624895,5789251.39542789,1965349.15142818,1820218.38996755,2221826.63553881,1731553.89637775,2646659.88688576,6149527.91377491,5406901.15915443,2316050.93190715,6287855.25637673,4160021.95541231,4205790.27202673,3556279.14926563,2592085.08241698,2251026.47897544,2230324.00716557,824973.585471498,7598317.41306773,2420623.29843504,2395130.50131261,4712138.02267332,1365839.95045392,4735722.20984182,4570432.54875918,418029.646533481,2373004.29293326,983334.773753763,4092867.80350709,5350382.83599407,3689238.20231357,1806486.84879162,2712860.96084696,2847360.92362199,1172409.16049945,757253.753786874,3130981.20967521,2591252.25219436,1925425.41836698,1708678.1217649,1307305.21038245,3049203.00498318,1135130.11067262,1226793.77931337,563253.126391945,1637698.86237899,4500659.77153086,808443.121485019,2495573.88037133,2260555.92927342,3701031.57626373,2367618.95889383,3363457.89191606,1916024.39381862,1972205.87059512,1811868.77764299,2973090.65058761,1881111.56079031,1187495.71474663,2705611.55234748,1585773.61551048,2485749.34386697,1609141.11837299,1462399.63260127,1849131.20768947,3138294.53425504,4324686.51116182,1285359.94721004,1799997.76099284,2101827.55195212,2857732.7910792,3262949.49424591,2218033.96180729,521947.518095512,2353566.88860644,694614.054774654,4842683.26995084,2778149.48078987,2781508.74330567,3650086.32279407,273907.196544913,3085783.31435351,3230443.90842493,2754077.84954424,3955107.71413786,3097128.85923164,5754342.5603684,3518070.4496697,1256024.07310138,2182799.07343836,4577688.30432479,7320747.59373854,2875599.35435826,3359996.48381562,2301597.73942539,2110469.91969726,3714471.77215699,2264744.65884174,1177848.68185961,3323714.71815876,4625181.50294303,2790743.09076385,5284229.37562424,3005415.67370316,1336791.66519219,1378461.7872316,2606953.21121749,2998581.80311225,10980926.8868363,4985747.52142699,771476.616122765,528696.190130037,2118793.36791106,1606506.15479455,3195175.78713536,4359546.48176218,4329923.86965809,3064831.33315385,2994980.93840419,620556.704036076,3005404.58707184,2340780.09913246,6304454.05190658,2885375.57688033,2613577.93507167,3374953.41215907,2333298.64644255,493570.048618542,9848801.43460345,701542.629852641,413807.916713756,2814562.34250372,3439056.07953617,5016580.43428948,924451.520182751,6337269.8721844,3089375.629832,3560599.40417265
177710.450503443,59049.0264675674,65728.2621792928,66375.5084961122,45283.6308084115,220733.414864624,296759.908319927,129164.151695013,237084.217376511,172453.533398598,301766.854554193,184572.052058884,138765.919275343,369339.411897068,61436.7442666156,77443.9130178163,249795.916717644,492487.196176473,157245.179889726,144982.918792766,175260.631387975,116607.563228998,183613.521399828,111155.182543178,154294.22328391,174052.294817977,142365.183627484,107726.972156339,539199.681649323,277785.4082194,180046.130164996,153359.580351152,354595.61816386,180019.268868852,163512.971786358,92596.0815678646,575040.72406807,127497.110776991,151124.867048263,138332.313944225,239120.062635866,364528.874639976,277101.360331591,119795.609065009,178823.064960378,68950.2867280908,290452.42826074,388657.630350923,439449.866353433,147001.891625424,457200.059794124,125076.387487515,371760.161489754,320246.719808421,857150.034402718,177993.844682408,146182.903000209,197745.540650581,111505.126231933,122299.463496707,146226.883008048,83335.9274622005,146194.099474799,134411.724161345,135044.056372917,55802.4686452196,188905.103999308,257057.898557425,318283.640404188,243529.752115659,192150.834452189,160020.818682731,426441.091695672,198547.357508217,324977.711423397,627549.983944083,78392.2267623428,183482.866099332,121474.837777505,195826.815061846,268931.413445503,135338.63974383,200414.300581751,132685.838879662,680033.515196991,52433.3738777877,159026.324811479,311249.25687062,171243.055394525,257185.609544527,449941.684756722,73915.8464484504,133008.438942265,84892.9401190144,290630.129219094,416619.533694746,204624.606560442,242782.603015767,47595.4729012485,178036.511299578,150010.385639985,191198.830734317,191835.746636669,205873.763904508,316728.151726354,85615.7427598602,60123.2452684282,126294.274136727,161590.174609019,316186.978003385,168511.664179328,126921.427015457,125712.095652418,94627.97534652,282825.933807844,225899.461364961,45610.6005125996,74579.735974071,224652.998204177,122428.702643688,502812.482978159,173288.093396723,70600.9448682698,51136.8556437175,110424.842819862,158865.444587905,459032.701171454,174962.788311818,61068.8596779736,42918.4363482981,75982.1929060876,141859.171854311,168679.314360932,346675.034218191,255786.477619847,165868.150935536,311664.32049809,67691.7078058676,641366.858712669,199312.429961289,305695.367109222,465296.287731678,382221.115668262,181391.80197167,188344.61024734,54593.7452151209,421572.668921837,149603.491231877,38177.3623886878,205556.177102684,86534.1301417103,218211.193028057,479641.215736502,323145.181477594,185676.209059405,178008.517716887
577841.246646642,119989.46843647,430175.857608982,246651.973643603,99845.9137510316,187113.180588837,321351.546488863,224145.485400062,798461.071618355,527193.651192252,1239772.24605796,627739.044502853,318145.166338921,1385582.28246966,645042.231454814,317833.057932793,581329.162398908,1007729.26871325,349395.120205295,983673.578592944,894843.450285123,540717.768140988,616992.016154225,328433.608380096,651228.71809883,260523.328475761,340103.842795657,275680.022315114,416914.284364794,446408.995137099,188706.545668806,257939.878655483,168987.384193469,498077.022115988,578115.247823916,233945.060923927,555374.116934629,560793.886379297,189766.056587637,1005398.03018873,400170.064950234,282460.245429016,357224.585441287,45403.764631802,599076.784641533,108652.988024918,708338.885984782,758018.533654242,85667.0598140829,466237.084712765,1257461.67735023,255634.846361289,243460.388307708,109140.127358986,251545.967149024,575858.496397945,532822.169052243,505911.562078468,460589.457596648,204038.469513435,232569.121362611,554135.248948146,159913.582609272,365938.037629383,395565.834471685,394267.353380153,627083.750196349,924290.117993756,323810.144591059,702611.265732615,229703.864366366,446474.431343332,956677.793416843,183675.066231005,1029374.63461772,763556.822057506,207154.244627455,532395.534940741,272656.445109092,583940.759853444,206475.299417602,136627.386373869,167084.732925499,787942.089845186,976413.871813536,328824.770320022,223720.211507077,71700.7264733715,511358.521154375,463405.96241104,316928.828138189,123429.775657328,194249.404725972,125586.297502007,325523.062327968,359855.938540847,864679.180757156,904039.538954869,59622.1158086567,555002.111567249,399166.852884804,801888.544356614,1038032.80561462,207766.845178567,371235.061671529,558943.639298645,227655.206966082,105118.271258221,930124.221734059,714505.12147669,533365.77207401,415309.493853293,724040.081338925,459286.129703944,448507.004203328,261569.446254346,215938.804063665,918471.411097633,881819.107207542,186524.880368196,620127.713286931,511350.746372865,391079.972374094,154633.077941378,450858.276819856,688286.777355998,621683.057608919,480995.273686751,576960.972642345,243707.31132921,747580.839090156,168501.658352627,510056.807038882,168753.410633384,375399.625649005,962137.300788204,979766.098477646,155449.782826648,1200118.45916815,651337.60737843,249380.06339009,264330.383383327,721969.19175229,524958.841384005,750389.336784991,59020.9030267595,272890.578654717,163975.933046019,59169.2507929415,463513.224332714,362138.478309089,217166.782983964,350133.365350191,364428.221976335,387539.15024576,496269.198062034
11901666.4902831,5205513.53931293,6727189.78506669,8193977.33765541,3552000.28590039,4835277.5537142,16114635.0492352,5810466.56338423,14424225.1643477,17244642.2702631,23732528.1183327,11751207.3149422,15659961.384155,18381604.6118756,7369258.92956352,9230340.64704015,12342291.7546437,17445329.2966576,13617113.433315,16849675.632317,11545919.0064699,13447036.2966929,11712568.0502924,13626580.2156822,16890298.516362,20100770.580996,13502579.9761398,11702320.609017,22374741.762225,15828826.3075655,15686334.0652186,14206135.201736,9832599.75840817,11620042.0408355,16320694.9779273,6818631.40006695,18477560.4018491,9790948.16233725,12768686.7597298,16473840.6790965,9499486.01707197,14767982.7276884,16282929.3508193,2421982.83350651,11548641.4222876,5251702.53698642,17083016.5007177,14569220.7738697,9177091.06436061,13665573.2520744,12836345.3763398,9713899.83844564,7953959.87106897,3693264.57252264,8268075.60460032,11442293.3439449,14055664.9087467,11037997.8732597,8322660.87138196,12180090.0373294,7472666.25284121,8251606.59785489,4053919.60371364,13389857.0810808,17507484.2480704,7037091.00335531,10848388.4132434,14283569.9002874,10138735.5612568,7662873.70622113,11606289.9029155,10969721.2329444,11068633.682229,8577541.27810735,14158093.3361129,11256300.5485833,6288427.29422966,10747896.8847671,10007609.0544452,13001364.7637631,9067434.77903102,9251325.2269861,8891516.66864218,13584151.3565063,14633508.501122,6375922.16162513,7490405.16046592,6775572.23679933,10615002.2131282,11688483.0159977,10462057.7179378,3692566.04664111,13522045.6815799,4710467.08487429,13134602.6964081,11980312.9914314,15038108.0476893,18738960.0543791,1671493.34123044,10560082.2255962,14200976.8550053,14381487.487631,19695346.6867158,10688117.2163262,19441927.0042293,16654734.6977938,8019371.15079251,8838576.80226228,14845444.2144158,17720307.3575373,10421568.5066032,15762142.4892541,12844694.2542332,11122365.387884,18666183.8415423,9773982.90177406,6678286.78689831,12269140.1556064,14442592.1613433,10732152.8052772,16862718.4398679,11262421.4489353,7357886.75880939,6557237.30875065,9728879.56395333,16372283.7540649,19414695.3144598,17178683.4561949,6681111.21186035,2775690.00338296,12025547.9913569,9024139.89056382,10989474.7747225,12252672.9404444,10454370.1541754,12908275.4083686,11728845.716234,3274776.21946844,14220343.9414924,10601785.9841249,15602176.7810778,12294097.5760381,10893029.6400683,10766724.4554689,9490765.40798824,2377701.80893648,11952751.1665975,3697362.30591656,2812984.56874078,15177541.2305299,11264433.614856,16380970.004022,4339112.67761239,16080818.2276004,10382509.041471,10770331.9173263
124607142.472341,87017946.5463007,79916999.4685273,96582886.7820269,67420007.5980926,61094565.4324071,145265689.712208,103586739.375917,140200102.203342,139051107.152533,164290695.23162,124550436.107889,150722742.534038,160721512.340914,130409656.106131,114202476.18049,121854649.899791,165051068.328939,135211248.237956,138174812.021429,140948733.423581,131635834.454574,123267966.575287,142660672.444122,143005688.346024,168946132.474118,141186647.700038,168398753.039554,180842934.398526,171949522.032539,163243086.746806,153942033.039145,118470125.481612,126010119.834456,137197257.621727,82954909.711197,191172475.415946,119600482.208735,121283048.778071,130428572.842221,132107663.905765,163601712.478413,143128471.437312,39769728.5496356,126439150.735297,89865236.1786852,126826538.375622,126344372.487634,111141818.199007,101269717.126077,116053408.009081,98291093.8790143,105136868.941269,71796115.1662129,130086205.891367,125400183.860734,118081314.497463,82470291.9973294,93348733.6626826,149439258.054931,100680356.450487,106090828.943238,58523181.8510757,118952897.315575,115203683.309656,90142685.5289868,117318853.948302,140961406.140444,141630668.263295,113158990.331161,101336573.245661,120462168.539422,99262183.4179066,107631625.178343,148608819.803706,119395082.308178,94704004.4362486,121664671.872154,112542320.185307,107089929.332678,118063466.230431,135525493.663006,103792701.853417,107968117.601075,142789204.766675,100014397.676224,97298020.3032711,127874701.076168,117668557.31534,142210817.487711,131454575.896424,50335565.4364418,138941797.780139,65762206.627466,124094575.226421,131614486.363317,139916403.410885,153703978.049556,25969655.2079105,121941581.830772,114763621.651117,107425416.538235,106479409.083263,92566458.0414304,93508782.4244799,59065891.3418581,77145434.1273662,106386974.909685,90563586.1672136,98185159.8213479,113193831.661564,95112308.5925048,103739323.998082,79578943.6753993,113237896.438434,99697384.6363039,70305253.264305,113529144.312754,111180613.394462,113620510.602276,101561692.49325,120778081.824128,100795292.689109,80174864.0972273,107139482.356498,127635885.468293,102837246.139942,125071959.78146,115164427.158272,44654552.3530232,107575195.944516,133436374.772501,118387808.220717,113425236.474752,124606895.701474,94110311.5228825,82819574.4267244,48759117.6436681,95699350.2872071,98299455.1187679,113307238.75963,103071117.98065,117950554.36344,115866481.534452,87339891.2673701,53478445.3560315,101592442.189764,46687186.4242332,46663148.047589,98627565.3683016,106616810.52657,77634290.8191519,72132199.133939,98899657.7930777,103532789.771797,115413023.892025
1031584.52505405,357834.926826385,323965.531265088,624836.921404077,228279.883329756,250521.883241522,1518870.02920957,432696.979979312,1587697.25236922,1689224.78140518,2451458.72985808,1082445.0885697,1423108.00181714,1952049.85391843,410741.071513549,1010403.2887201,661961.800782355,1740953.27859294,1444820.57374597,1074277.23203115,1304886.20433939,612109.361366106,1040259.41360152,1132085.64187645,711563.300342883,2115991.26928853,1745618.84474684,1445953.4435418,4672368.96112888,994223.290850702,1624511.28554824,931782.531586595,1525814.06394193,1120369.48540998,1320987.3372812,439278.193712992,2015468.10202508,698874.353348913,1009886.9890656,1121358.66924057,583880.542842412,1162327.00118566,1160559.34589222,318177.455963492,1063991.19483704,370514.975585943,3312494.99256944,5237317.44477654,1234846.16930487,734357.842312432,935731.759369048,963410.342578053,1295894.56949943,469352.959060549,1750968.4752142,1097335.30395867,865035.961623706,505062.065215588,348805.609020006,1457235.41418196,745484.262785003,493550.641040142,446440.153984176,1180872.49220084,2236897.9466957,280166.206443422,1063756.92496332,1359955.5299384,1062618.91734955,2878460.11368036,1477034.35502838,671297.000364792,1037385.56883637,860104.204769147,907350.390680773,3123324.58436266,470301.007404351,1024570.89743914,608486.486766801,906774.317564235,1174340.52820369,788648.729523676,1052941.15880918,888470.361883895,6549672.7296541,620036.391312343,465555.504105144,532740.825437125,1016564.20340526,1095111.47966776,1031947.5373768,284327.088864756,1544003.14129001,433483.01021161,1040427.50607056,1335592.20451784,664078.938926868,5239604.83366092,88592.3128133492,1018924.61771175,537969.478063533,918884.263185023,671917.649118261,749023.10438948,1582952.36723049,255173.703319471,356179.212237063,426153.268219037,1021687.80735254,1855432.44039794,995258.676301718,963642.416936355,564182.257384115,232816.220075384,1009852.10991121,968101.229018463,507529.011835118,541513.489239199,1195667.67206239,707075.946279516,3334616.04955624,1142645.19971617,449070.552063126,314699.242595236,650035.974917051,634936.624271049,4984239.51524677,1493220.05443866,308595.384867753,504946.955911401,390757.413058387,723832.278069816,1052813.65323132,840440.840400481,888843.921070587,1210846.29147652,738106.604305278,222484.591706404,1555697.20330118,814091.351242965,1394996.08499735,1271024.10625335,1001080.56281238,996359.768948045,418312.228171119,230473.969752864,3505388.43763641,257722.228109871,221489.154229838,1182345.04870554,1549595.17984514,1006952.79122544,717533.159424262,1664791.96872194,655708.89020039,962602.509779577
2567896.77931988,727220.929665109,1615954.1498497,2565051.57911382,617771.803020984,1139481.21638645,3967241.04790654,956356.947323594,4526702.9454472,2448991.11996685,5345668.49643929,2439219.26874773,2171851.39134927,4088256.46379885,1403573.00143895,1758441.27583533,2834186.87749999,2453863.8067263,1874241.64874894,2964108.61337537,4408148.04591175,2350528.57567528,2602918.74703592,2156748.52366749,2873843.68701858,4161822.89216419,2708757.0372395,2781914.92521028,4384186.83136634,2802935.71423305,2293054.73325463,2963127.8473541,2366409.13216237,2422527.61154408,2079460.29424525,1413996.52873087,2532959.02046886,2057608.62213821,2622933.06354386,3243808.34236534,2565082.98079133,2455589.25959447,3693823.31177702,727796.04910768,2447261.34480961,792686.963020752,4598553.64504507,5211414.6732246,2373665.38548467,2020924.66955806,2619056.49017461,1953040.28766341,1706644.55092798,957230.57559284,2071694.36374073,2412234.38885199,2162727.2339999,2487289.74073492,1700298.78249654,2728844.18639051,1955518.07071759,1083657.9036876,1663050.60135498,1747816.76468374,3987615.13224038,1257146.82228749,2428786.8846982,3874437.57822787,1574525.59879843,4833823.23752064,3976848.00107452,1775258.02576487,2911571.38187569,1182116.9244585,2144723.12578489,3809254.97353903,1553934.48492826,2464200.03570678,2248283.32369967,1965285.87424062,1463261.81938458,2241525.30574736,2926701.60693895,2245417.28686449,6418613.33954936,1668359.59948306,1373774.27707647,1185592.39740101,2366582.32679171,2239183.00927543,1907121.51275496,937274.755967915,3102513.86240383,2299714.06895993,1628034.22203169,3924653.60810271,3724965.07022212,5080602.82557434,460604.625029035,2230201.40886196,3024139.26030626,3103341.73627875,3544265.36230693,1545895.27294504,4386862.05640023,3357640.30866525,1839092.35818921,1714168.32856447,1631274.39981526,3262885.48514453,2344988.39870568,4980357.25917677,3379869.35232491,2767932.87240989,2462985.72769737,1595104.89879208,1534479.17132901,2374342.49474923,1811160.78167784,1623469.84926659,2865517.15703486,2252142.006803,1493669.24923773,955839.183483405,1556511.92455712,3542039.34977282,5369807.8895076,3530238.8167973,1029348.28558994,868337.220352874,2263638.5485384,2202598.29117877,2307154.60995421,4167375.54432906,3017969.7388565,3078797.54839867,2970469.62110303,549592.54219956,3466744.64162191,3290509.95687562,3127959.76979902,2775989.73636811,2710874.90193501,2349496.39083198,2168602.73815254,775114.035125734,3779005.5123894,946185.520274658,421422.570356839,2104625.43559773,3234703.99576645,2397748.51855296,1438947.82869538,3180187.64537816,1989771.54064452,2185637.31870499
14140638.2629044,6808232.60508488,6375264.12340877,16815110.0988428,6305189.73753191,8066090.78437902,20952725.9181062,9315620.20688753,22966456.4595213,12288954.452243,15125003.6892608,13614597.9043443,20403723.341364,11149134.9106139,12015066.7669052,12072805.0309604,18972179.4561971,14042747.9342707,14126695.308652,12370127.4225213,23839548.8146328,12307010.6029437,13591399.6262216,10882117.8559471,15546475.8317897,12977979.8140014,13333719.0862021,16866620.9290179,16516652.2014643,8814614.89920571,13833223.8633102,13095242.8287184,9430608.89853472,13774952.2792376,9498600.58204785,10177580.277939,11358285.3553218,8460348.5986606,7143389.16873301,10351777.8419157,21912433.0595215,8235470.93207421,18089589.318283,4371173.83739763,13549046.6340696,7171294.86013997,18995046.5450646,13884975.6071728,10011528.4198353,11748312.995757,15809156.7772642,7843122.35587329,11900253.3704076,6430301.61892717,8760722.82099402,13100615.7516081,12271742.7640626,14118256.5802179,7676220.1297334,16689597.5202289,6579212.22481296,10260991.7242338,7456865.94196543,10991278.9507904,13392838.4920996,12464252.2409926,12578174.3996919,21902614.2011768,6955832.98716684,13514646.7788003,16171000.3675228,10072624.8971654,10208145.5766955,11388678.4380606,12146642.7145447,18092380.7894309,7141834.06545359,12506621.0582596,6310612.35389692,10206794.2312085,10720520.3829201,11836011.6168372,20522421.5753424,11392633.3092396,26001258.0448804,7045907.54572489,12787527.5075903,9307197.41429461,12682618.104963,9328193.65022489,14529827.9403205,7059807.75301115,14684855.6507621,15143242.2185716,13498853.9161382,23787017.8395733,11735437.776102,28242673.3063707,1172133.90827078,12335798.5785901,20781949.2067725,9307032.77487258,11239603.6917741,13288867.0473483,8204525.0713569,17412057.082891,5432199.40717795,12523009.5696852,6562465.27170732,10594699.7489054,12387792.1838797,33040185.2938849,19036915.2590699,14928675.4918007,7556938.526965,13204156.5083713,7790298.44332172,10186606.4621522,9113913.69450078,13286394.2351593,11867132.0067365,13175698.3841322,13703578.1239778,8982953.31571123,11208330.5958487,13442954.8435602,18891918.2055023,12408451.8293933,13723262.9205944,4487251.36687472,9920395.73704637,16502933.6772161,12664103.4759657,10255947.1067843,8302347.91910932,19112670.8580584,13614009.8931377,5384306.81673732,11141978.7842077,14305349.8588788,12027415.5319929,12882906.5002996,18309138.0301786,12542382.002326,13887984.8689895,4755368.55283377,9099067.19907678,5879484.63557366,3270876.5463002,6585592.60466747,12960146.3834166,7847687.93695637,4090462.51281079,7008749.52529018,10448428.8175257,12365735.6323163
2295465.72044714,733855.288427085,1037902.74529237,1362790.00570106,845107.303583389,837149.991962949,2952454.51549955,1280219.03547112,3258055.85883982,2655147.42137456,3315516.43347729,2224621.56280859,3398142.26249637,3207616.59685886,1152770.507119,1477610.03471588,1797005.92858275,3316409.87600056,4107595.90487086,2279916.70421518,2916645.28137677,1773091.28579744,2127585.76011845,2166663.3387402,2252763.18328521,2350106.40527992,2179476.5456817,3388737.27917836,3704778.72821719,2211821.63963926,2289903.80448107,1673757.07589182,2325267.8009896,2198219.25682131,1616311.69830029,1132919.73534646,2476071.94282044,1096057.7159254,1574033.60261182,1721029.12610248,1466493.69294501,1707558.77770755,1804387.28733184,495384.281189555,2185579.97511903,1160763.90368495,2351144.82032903,2607180.45310168,1067583.84268519,1715832.6488943,1749847.55203763,1073688.15309939,2244492.67918983,773384.892413249,1801058.87819506,2156626.50354763,1883810.63705728,825749.315505967,1045422.58336479,2533895.35101599,1134385.47448859,1233641.58039064,943328.400110049,1665784.81846159,2081082.97149188,1475232.65210806,2106957.84444907,2217851.6482577,1642021.04921642,2525441.21405866,3595311.50634295,1573795.91841738,1462358.48957277,1633883.88602404,2121187.24082948,2791731.00131397,642875.153557655,2087598.31891579,1394940.01962549,1905964.61504844,2675380.06732275,1542294.14380949,3317594.38887892,3008701.94949335,2383970.85050937,705860.021667487,1065551.84547276,1532771.10872442,2057698.85005842,1412523.54795906,1747809.06640935,628482.917354618,2186142.87679876,1848805.36497383,3054656.07731577,5310574.52562919,2054298.08206273,2549626.38280929,180258.694935452,2202723.53679468,1471472.87610062,1691627.43997799,1677475.99462357,1236685.08992114,1214288.20196105,650413.255454377,783441.329926874,1008374.32283864,1617171.99789378,2127499.4398767,2104210.94187761,3150177.84462518,1441415.71399489,678438.410944287,1607039.59362621,1369545.82898159,623422.624728757,1068005.94474281,2171928.97131541,1451049.94091172,2253576.19145898,2094278.79923545,1283904.74842226,1003694.484371,1032234.53922411,1798424.19582615,4666809.99481679,1567244.10327263,935376.53407573,551177.951115988,1324515.81431214,1894675.7381458,2145638.06618108,1100544.68854295,1354182.97789349,1513957.47979261,1002084.27400508,472645.058212073,1870649.26190763,1384291.86912065,1340601.6686221,4184996.90891314,1798583.19132897,2139158.79422226,1091901.48287385,450074.299803693,2132686.27005261,587454.099227523,345642.537463591,1435165.08912071,1721930.92569143,1444610.85417146,874411.80835932,2110035.53449831,1007838.51745552,2069867.38785055
257835654.688416,171006834.524544,102361613.433082,132333103.631833,71555052.4886504,86820372.4316719,336799461.268631,12242401.4149275,399318339.192829,534772808.765145,372027855.356363,252992090.102571,482292838.650856,275701101.854959,145836331.788851,314495270.240034,163980453.322605,342799854.070802,397641297.04293,370938799.152314,295386853.925065,222528816.151811,243578085.044461,268142236.124503,275056219.447127,426990890.382667,466816831.926708,362422544.169847,1188808739.53153,313870465.606322,875645328.953985,290005642.497953,122726888.028319,244377968.413971,512170763.442073,73422848.6316373,569480610.662457,156149314.42321,125193940.24281,341834418.138511,153380779.50713,283375464.414061,373413142.742831,100913511.204655,237259057.401625,70505600.950124,226471181.526482,498339875.299622,351194555.17615,252057735.485275,260973539.920467,267997215.162149,165630163.609132,10008999.6495682,150793859.936493,242165125.698751,318750508.249688,168316291.049176,121575975.783154,335807410.698808,234586067.121768,157316944.981851,79181515.085583,378860209.156929,152522466.057689,139796586.141701,230291861.359496,269321072.98992,269182053.021214,189471434.381682,227107282.779861,209900272.758962,250070928.723525,430550409.954998,253930030.045011,162395471.93058,108018320.068247,228344439.944864,218469305.886203,260502799.401871,291911647.947082,13328212.9721946,150531855.042093,366050950.934713,150826169.915729,125737920.052869,197475346.332025,16649852.9548779,225676886.591383,347769418.205777,327554019.158722,31228966.7585649,760508325.092988,71332925.2837194,325958559.12574,267379327.556199,150480157.192404,216185983.798577,30425354.4837042,223426833.291209,293750112.702581,174476813.798897,169478503.223434,258114026.89494,310245554.852563,171729475.438387,158662868.454922,9912078.65416061,249008428.558065,314892195.431778,218986610.544962,217337850.653907,194725296.000677,144009274.769163,488722005.189825,371483198.008241,90801808.6799728,198402738.624766,297893214.515126,266430618.163906,380179513.449237,221594142.240546,124892196.073673,77477969.2850455,271347375.643771,148246013.298655,317807753.560746,347879122.824901,143268552.845664,45252309.4969227,162221304.68182,227360557.707811,224862434.398983,354359279.62068,207461134.843392,125654752.240768,244907591.844562,60375628.6820891,327660032.14135,156121611.707313,483606357.496712,242398495.991548,184472786.72592,216947013.551124,136771816.505292,52295538.8579479,364496004.998096,26901389.6090542,42984624.315814,374792065.756657,279559503.005819,408451701.18922,83255366.4770815,145270132.183588,274136820.633824,221358570.747189
