"","1-Methyladenosine","1-Methylnicotinamide","1/3-Methylhistidine","2'-Deoxycytidine","2-Aminoadipate","2-Aminoisobutyric Acid","2-Hydroxyglutarate","2-Hydroxyisobutyrate/2-Hydroxybutyrate","2-Hydroxyphenylacetate","2-isoPropylmalic Acid","3-(4-Hydroxyphenyl)Propionate","3-Aminoisobutyrate","3-Hydroxyisovaleric Acid","3-Hydroxypropionic Acid","3-Methyl-3-Hydroxyglutaric Acid","3HBA","4-Guanidinobutanoate","4-Hydroxybenzoic Acid","4-Pyridoxic Acid","5'-Methylthioadenosine","5-Methylcytidine","5,6-Dihydrouracil","6-Methyladenosine","7-Methylguanine","Acetylcarnitine","Acetylcholine","Adenine","Adenosine","Adenylosuccinate","Adipic Acid / 3-Methylglutaric Acid","ADP","Agmatine","Alanine","Allantoin","Alpha-Ketoglutaric Acid","Aminolevulinate","AMP","Anthranilic Acid","Arabitol/Xylitol","Arginine","Argininosuccinate","Asparagine","Aspartic Acid","Azelaic Acid","betaAlanine","Betaine","Biopterin","Cadaverine","cAMP","Carnitine","Carnosine","cGMP","Cholecalciferol","Cholesteryl Sulfate","Choline","Citraconic Acid","Citrulline","Creatine","Cystathionine","Cysteinyl-Glycine (Cys-Gly)","Cystine","Cytidine","D-Leucic Acid","DCDP","Deoxycarnitine","Deoxyguanosine","DHAP/D-GA3P","Dimethylarginine (A/SDMA)","Dimethylglycine","Ergocalciferol","Erythrose-4-Phosphate","Ethanolamine","FAD","Fructose","G1P/F1P/F6P","G6P","gamma-Aminobutyrate","Glucoronate","Glucosamine","Glucose","Glutamic acid","Glutamine","Glutaric Acid","Glyceraldehyde","Glycerol-3-P","Glycerophosphocholine","Glycine","GMP","Guanine","Guanosine","Histamine","Histidine","Homoarginine","Homocitrulline","Hydrocinnamic Acid","Hypotaurine","Hypoxanthine","Imidazoleacetic Acid","IMP","Indole-2-Carboxylic Acid","Indole-3-Carboxylic Acid","Inosine","iso-Leucine /allo-isoLeucine","isoValeric Acid /3-Oxobutanoic Acid/4-Oxobutanoic Acid","Kynurenic Acid","L-2-Aminobutyric Acid","L-Kynurenine","Lactate","Lactose/Trehalose","Leucine /D-Norleucine","Linoleic Acid","Linolenic Acid","Lysine","Maleic Acid","Margaric Acid","Methionine","Myristic Acid","N-Ac-Alanine","N-Ac-Arginine","N-Ac-L-Glutamine","N-Ac-Phenylalanine","N-Acetyl-Aspartate (NAA)","N-AcetylGlycine","n-Glycylproline","N2,N2-Dimethylguanosine","N6-Acetyl-Lysine","N6-Trimethyllysine","NAD","NADH","Neopterin","Niacinamide","Nicotinic Acid","o-Phosphoethanolamine","Ornithine","Orotate","Oxalacetate","Oxidized Glutathione","Palmitic Acid","Pantothenate","PEP","Phenylacetic Acid","Phenylalanine","Phosphorylcholine","Phosphoserine","Phosphotyrosine","Pipecolate","Proline","Pseudouridine","Putrescine","Pyridoxamine","Pyroglutamic Acid","Pyruvate","Reduced Glutathione","Retinol","Riboflavin","Ribose-5-P","Ribulose 5-Phosphate","S-Adenosylmethionine (SAM)","S-Methylcysteine","SAH","Sarcosine","Sedoheptulose 7-Phosphate","Serine","Sorbitol","Spermidine","Suberic Acid","Succinate","Succinylcarnitine","Sucrose","Taurine","Thiamine","Threonine","Trigonelline","Tryptophan","Tyrosine","UDP-GlcNAc","UDP-Glucose","UMP","Uracil","Urate","Uridine","Valine","Xanthine","Xanthosine","Xanthurenic Acid"
"1",1.06172170746096,-0.163582838685375,0.483925697349331,-1.63008515625775,-1.14300180778224,1.10062749615758,0.773030139863238,-1.26543743147475,-1.62074898074863,-0.350052703210225,0.172219529555636,0.402328642837097,-1.03875469549603,-0.836456476213501,-0.690115052831094,-1.08395909786397,-0.307841831115726,0.993700540956846,-0.161227158186474,-0.110573626092725,-0.432805089236964,-0.22775461273587,-1.54778429422591,0.0985122854096462,2.30624286295977,-1.49629466282267,0.303081234297527,1.73575334351649,-1.45919633667848,-0.212613581880836,-0.7987997323295,-0.38384825039933,1.5847217544864,0.215618882245881,1.13152683688784,-1.58778451226061,1.35640975883928,-0.186693451691734,0.649698902872985,2.59845506397891,-0.00115013948085216,0.0779179797067964,-0.151016106724725,0.707120677565238,0.331956428945217,2.02385483373614,1.88563225184363,0.169706188262447,-1.46180114248456,1.49902934012693,-0.982598023850277,-0.817599535160794,-1.29425386725566,-0.449559491204663,2.13071804437726,-0.500077895746018,-0.139439356137886,-0.757339858349835,-0.936710971577645,-1.64685264287964,-1.04156101207268,-0.014092426354461,-1.26177773239382,-2.16065130480789,-1.54216666439816,0.767119535100457,-0.520552150382646,0.699782805320837,-1.21518686687631,-1.06384794842419,-0.392889623882973,-0.433230424268826,-0.136286701304946,-0.618815484439066,0.381084924701942,0.940651226059542,-1.82505477945578,0.353494366852821,-0.59866782512086,0.923051603248608,1.31544917478088,1.38212438423302,-0.406882715291457,-0.51669656136859,1.02990053540838,1.78666467469587,-0.445711265111084,1.11868105132811,0.967841520823487,1.21571467618195,1.80832505252471,2.06200542884612,-0.266199055835638,-0.444976792947878,-1.43145761517119,-0.8816855941944,0.542247912155927,-0.585801791512222,0.8395009056602,0.0460269920436611,0.219526315215529,1.66319506209576,-0.118171097198314,-1.14935459329475,1.44578628571709,-2.01099230087518,-1.31977992357969,0.748012978907947,0.639430899005423,0.611599744306918,0.551573907187946,-0.0332279412936074,0.749737162151351,-0.453238852943093,-0.65398093061503,-0.448663319258641,-0.207798707485863,-0.487394775532775,-0.336914418144412,-1.40338664284459,-0.731611622595191,1.18114657641254,-1.14747073206407,-0.660899261859031,0.145925082197928,-1.07842327915458,-0.291312760779966,0.845327571271188,-1.94837436568003,-0.484700130524938,-1.43308324787604,0.209217593824135,1.52865128994401,0.260211309158117,-0.251016295274841,-0.337072186137375,-0.35719659578567,0.100241537957714,0.991411398658553,-0.18070033619533,-1.49540062634551,0.638766318105245,0.915234863505971,-0.650958394533163,-1.09227924741695,-0.491165142388834,1.80352314169735,0.0278792053865156,-0.282182212577618,0.696160149655801,0.538072668419874,0.212012802316768,-0.146707250096183,-0.740304444209815,-0.328278297485864,0.229473275407406,-0.180060457410478,0.545441405741398,-0.648066418028616,-0.594069978928866,0.233145239566443,0.807834227028377,0.673822823231962,-0.267422228514143,0.205075927496804,0.27726406888992,1.20005699084875,-1.34774122365838,0.64982392655278,1.30025831117198,0.111184609924515,0.421483473546635,-0.68594109035557,0.181173962692693,0.24430909339473,-0.0428048582932116,-1.12166520054012,-0.800400670218849,0.907819781576802,2.18393022811281,-0.305312340311631,0.0160077500235907,1.02943838872425,0.0201225961887997,2.49004000756894
"2",1.15272608575883,-0.225381419368732,0.4330185837036,-1.65178015309979,-1.37500499393078,1.0493553871922,0.87784236349182,-1.36886578088193,-0.269521653876793,-0.460048105497387,0.0506182254019832,0.314507296729028,-0.849156641340424,-0.921036111933449,-0.52523729833642,-1.23237592419057,-0.384903492418622,0.669361569277449,-0.172097956438313,-0.144105349509681,-0.436363559480258,-0.333391846871168,-1.66109887608797,0.112775170488623,2.0845364897924,-1.19321394762369,0.470989854957626,2.11423409389901,-1.4901949775915,0.0583964072183973,-0.909661475452593,-0.478425736278857,1.53824941637252,0.0507722610095874,1.29924098870463,-1.04123754659302,1.26370364685021,-0.3764956646616,0.493867711186937,2.67036585071808,0.03030945343755,-0.010874665469119,-0.0781826966522515,1.04318946118839,0.238263046626225,2.16999380595913,2.08345262932775,0.16152282982065,-1.27499557256549,1.39898730909033,-0.931261215647679,-0.699908480352454,-0.0266703402627369,-0.456959651143077,2.1422685617398,0.116339560365595,-0.287406344572499,-0.71616903747768,-0.765977779816774,-1.43862057636278,-1.14532944201995,-0.172464822665049,-1.41944948421601,-2.38085479757582,-1.61101176870532,0.689061419846802,-0.943810583187776,0.360258959936784,-0.841521825728775,-0.385591688907085,-0.780166016526628,-0.634768639958863,0.0305736639850299,-0.764201625703421,0.101968677119278,0.621909725388894,-1.90515312822907,0.580166911955208,-0.555248132358281,1.0358709093531,1.29452496535527,1.480629861038,-0.172656651115576,-0.450046409107123,0.709758137820167,1.71866207956355,-0.300767016299813,1.16869746235789,0.913013630302906,1.32873435545039,1.60231601967056,2.19055759569414,-0.98155113866002,-1.04033364667013,-1.57569500295582,-1.3895566328762,0.22616975379464,-0.679561444858783,1.06170451820095,-0.122621274891489,0.011060346856329,1.62692830008583,0.0564273446275161,-0.959569472744415,1.15711433352451,-1.76416443025449,-1.86559625849933,0.954630608482994,1.23660984333835,0.843528588752613,0.398137258560309,-0.330940300995234,0.770771156934238,-0.458032050903185,-0.57496333058061,-0.552481395423955,-0.304007808747212,-0.569335905088344,1.00554017015215,-1.56169656961487,-0.762421423012545,0.239754866910885,-0.766774337204792,-0.535040747670763,0.0588782879550356,-1.20416359220711,-0.486985171620325,0.841556660743634,-1.61794907734459,-0.472513944834022,-1.60944817580472,0.0846030396285309,1.6214651352236,0.168478421055364,-0.445350775391483,-0.39265320666174,0.0612442664234049,-0.0105513510264545,0.743689830410104,-0.49164942201519,-1.57644831073599,0.638605547891985,0.712407876339598,-0.746450363380467,-1.21228718283453,-0.817191145316342,1.80353186859928,0.0640715190248014,-0.722973561606116,0.614020285773934,0.573775553889998,0.605989947062539,0.160393604119411,0.172214458555991,0.080863862149566,-0.0361716975060898,-0.665380094964887,0.816511423594114,-0.842154519889139,-0.610148907122481,-0.192497892163809,0.505718162235606,0.699226070525741,-0.01986102759956,0.133616014403102,0.592775693621921,0.967151928932872,-1.50426545631355,0.449771100600481,1.23614047911926,0.0111571942724599,0.591361282415724,-0.491509453768243,0.112144987884135,-0.0830933038227986,0.102873059791918,-1.18280103598021,-0.296461433408695,1.00083448455521,2.16844057900792,-0.430241410482302,0.327949347335732,0.975484158459729,0.119075837413197,2.28522009516022
"3",1.00803816421209,-0.290104882782073,0.551312108277668,-1.41590472880467,-1.4740878749371,0.912214547854366,1.1513004625743,-1.31625134117946,-1.67793586919202,-0.624098380361799,0.0970710389507196,0.254912954418865,-1.18817109457507,-0.765503761408881,-0.727469918720453,-0.981837594506498,-0.258986440613207,0.908716725168375,-0.227536225926457,-0.0954214075949825,-0.496106494296277,-0.304166573609927,-1.52163016786716,0.154411349397928,2.34832500070285,-1.51113390213016,0.47421448001237,1.7958123096106,-1.45372115916366,-0.588720753658155,-0.704785194670883,-0.482966349320049,1.52020885079022,-0.112734770296844,1.32209647953484,-0.51539540813498,1.2982531091457,0.111577818100162,0.611129443992752,2.50443723265749,-0.0308322135955007,0.256037660751353,-0.408075300529513,0.389767538896412,0.25354353538416,1.85061027453423,1.93579648456776,0.0360093359647634,-1.38553547359922,1.48084971935463,-0.973763850352015,-0.718561582576686,-1.47821598234311,-0.545991272033929,2.00309554130376,-0.707680966043249,-0.373426229101937,-0.86283813760306,-0.893523725512737,-1.69241722579384,-0.734208077296541,-0.163233163812518,-1.32907273377066,-1.98692385525724,-1.59589863989638,0.75515180420148,-0.350260847931947,0.319804325164042,-0.820017779804953,-1.30219301755083,-0.392917671039309,-0.432012192625562,0.0343304538573366,-0.696866861306808,0.407571638069976,0.946434376310338,-1.71039257001132,0.365193569927249,-0.367136338002752,1.12197088803305,1.42613782265515,1.28266635652085,-0.506545528345182,-0.277193200310378,1.03828588676384,1.90044704549271,-0.403899237220479,1.16973524381772,0.936726559946811,1.28912191310685,1.59846857035856,2.34456945211926,-1.04490314714762,-0.508719689950082,-1.55129319421514,-0.967171770131846,0.806174018625492,-0.409353048914422,0.927709874816687,-0.0821761154798201,0.0373275193591109,1.67695320996895,0.0243981569208884,-1.07649081475808,1.51444430434441,-1.36083733150756,-1.10121806120012,0.77278213335192,0.849047850214725,0.826998616324609,0.419598709003532,-0.143560111005775,0.866303014457698,-0.540193786792965,-0.679528107320152,-0.203860471781853,-0.217315374998308,-0.735457126928759,0.692391867180756,-1.52599687794244,-0.625202208945166,0.900074812121881,-1.31927529938355,-0.451832083723297,0.194958598199499,-1.09343157613424,-0.0936263127271726,0.955743363293317,-1.54845866680004,-0.532599233793772,-1.65068258033798,0.193258334693101,1.43663092054381,0.230309711197621,-0.371712308614899,-0.500629489059911,-0.531521766127721,0.00286004722810322,0.952312540533663,0.305302583661768,-1.70052675020536,0.659472682070647,0.97921000006642,-0.745772376462881,-1.1553202576122,-0.559969428573656,1.78258851719167,-0.119646899523371,-0.310914758949459,0.632654776723544,0.464162943644812,0.346636794239961,-0.143667715771994,-1.10617937011422,0.197861922106502,0.299211610871653,-0.174674456943699,0.766753428023652,-0.817329779113315,-0.710788596141629,-0.795393757451093,0.696871264063929,0.673904965650682,-0.380310264551704,0.415419287407368,-0.0915125920338579,1.04068547881104,-1.38962707523238,0.665187794439853,1.18882575578664,0.155444922479489,0.900413343991384,-0.828667233468282,0.153705571902544,-0.0490040146018569,-0.0113806758725744,-1.20502529906918,-0.616246976145942,0.955073640136134,2.06162693565194,-0.199321939033694,0.434127989887315,1.27752060206565,0.150450264098187,2.20288198975731
"4",1.05542476214047,-0.0734933610724785,0.383546276116733,-1.52554070226939,-1.45469863097793,1.09344334572666,0.756678070681327,-1.21255353982069,-1.48034030521532,-0.205010101055923,0.288017644478362,0.408287441585202,-0.315131023612761,-0.791783908474113,-0.245770530474406,-0.783948016459199,-0.23516128840687,0.887986665074986,-0.132641733468397,-0.119585192589574,-0.564956205846597,-0.41639068028989,-1.64889506068499,0.0499125274735392,2.33804162026024,-1.51473676942343,0.646138315520245,2.15398129471062,-1.29005619439545,-0.220888491402494,-0.988436165191859,-0.506352301711369,1.58337354691185,0.180486047886027,1.0518403649934,-1.29073526917935,1.24583524771659,0.20231394147917,0.735794129073623,2.58358867047896,-0.244378989847849,-0.0414744272130573,-0.288220128631681,0.756747717007167,0.349063314264664,2.30750302357721,1.909601896864,0.350930678229156,-1.39291008051095,1.28180130972231,-0.847848288526323,-0.839710077250809,-1.0008233156966,-0.49165853224776,2.17779244993402,-0.114693931529094,-0.16203277841539,-0.93823584200241,-1.16337404423436,-1.57637246777795,-0.810207099526671,-0.138335516614842,-1.09399355977477,-2.15822956655079,-1.55890151511746,0.789771663754025,-0.555723045380385,0.653727973555345,-1.00400129559951,-0.940930368261045,-0.75377152338607,-0.384501082063259,-0.061584954975677,-0.815097746212341,0.0806413521748903,0.656713875999818,-1.75603722123141,0.210293141605024,-0.542053703463505,0.947619339329792,1.31253918782086,1.3809123713025,-0.219875227527472,-0.53986053230361,0.769223394267879,1.86310725778308,-0.422196357170188,1.14675556841607,0.993457762325561,1.38694319526634,1.93584218997862,2.09108618948117,-1.10959296407714,-0.849222363691329,-1.20068770550055,-1.29762020311495,0.686732726151928,-0.65562173968923,0.975777271942574,-0.0196428907410974,0.204842024494645,1.60100660573687,-0.0288052349417194,-1.14570532761916,0.974765210815664,-2.19704982456558,-1.74280386745648,0.772726562459056,0.630918252156389,0.64462891326487,0.626110677621065,-0.0782373747402404,0.847349832015881,-0.272316745889405,-0.362706476514596,-0.395912246905921,-0.268809170185867,-0.432718643463648,0.680499676760825,-1.2127703323742,-0.857899420733169,0.804444043329481,-1.20702350106171,-0.600622601102575,0.0407179447037654,-1.20695862331362,-0.54712003264173,0.758208022023967,-1.75755985040523,-0.539150787111683,-1.26460813837246,0.176770453890709,1.42501694149163,0.209987265130045,-0.464591101445759,-0.24002784845294,-0.296393584993914,0.103587871741118,0.909778906798985,-0.200595648241857,-1.26165240008714,0.595557801957322,0.884223985887217,-0.698989412331541,-1.10353200848217,-0.588485937549505,1.80127880013208,0.770226144613074,-0.402260318891399,0.730764086880365,0.491078094029264,0.0635731336962755,-0.200347654437195,-0.551052415144728,-0.169734161131725,0.172703912952506,-0.246733543884034,0.575482005242361,-0.697699208904227,-0.651076341209515,-0.257027262899735,0.760936826930467,0.753607237274555,-0.441446814412599,0.358821913626703,0.307239920182808,0.980153604029809,-1.69614120791831,0.271452263162368,1.26255447536671,0.012169744977554,0.557223097679551,-0.772466046040794,-0.0573403797603637,0.136272584821613,-0.00550591657145389,-1.14961774250367,-0.780034019845832,0.889434135787336,2.26526340964006,-0.393500682683812,0.0718414087061487,1.15767088956346,0.21830602876114,2.29308694170554
"5",0.805806137659697,-0.252149406784913,0.569943643007822,-1.8744568509992,-1.29407022901556,0.927101823839502,0.805576274695316,-1.37303254549321,-1.7035582344061,-0.21221395307717,0.185193499618952,0.260041970138016,-1.02941900323479,-0.501371582986868,-0.65644705265719,-1.30019347770117,-0.0778678291222955,0.964942058984886,-0.26615333011107,-0.266233174925339,-0.623979045154346,-0.343353546304044,-1.60775408118568,-0.0155463626441399,2.28441804930786,-1.46820975997461,0.933115929388998,2.32772800093676,-1.3330650790123,-0.197557814194877,-1.13944144597523,-0.412801536484795,1.47453953061662,0.0678331475523257,1.09542340245376,-0.563721723621927,1.01477271310019,0.875533817100146,0.446027241726084,2.48506598459058,-0.263762880006461,0.360052658669355,0.176268873127109,0.713589893322452,0.769641266206801,2.09524789311223,1.75832506938777,0.152621043079325,-1.43170122582453,1.39901289783939,-1.09691539623988,-0.88961406321485,-1.14248476463168,-0.453127411543459,2.10132209823652,-0.615828348044628,-0.156419336969503,-0.705800062828509,-0.966106367548661,-1.76182462463989,-0.381339892880856,-0.085620363923582,-1.28992908363191,-1.9508790664645,-1.39413106020882,0.441711764911569,-0.124030055114957,0.452216320551615,-1.29047396465394,-0.948015209014228,-0.571395896367466,-0.101648886781522,-0.0421159721501625,-0.880189068604264,0.273105428613894,0.778016864268388,-1.44225768721486,0.165654562885308,-0.619892835603621,0.893730608927302,1.54555507267938,1.81629971541252,-0.317943517401607,-0.477136265517243,1.04952968280097,2.22890517378106,-0.280646287053711,0.684256211900521,0.639676517374561,1.13989885696281,2.22665844756,2.06307833162608,-0.890166423383533,-0.644594972235909,-1.30614517265505,-1.15923794642002,0.93968579202256,-0.106937183152499,0.346810996206314,-0.0615131189343796,0.125305934598915,1.8896110558851,-0.0337743658036474,-1.05968686350236,0.819235107600801,-1.96333833486089,-1.70121927548496,0.65564807513083,0.730949249054527,0.716880947399634,0.688579811355935,-0.179570322458418,1.22112797026648,-0.438355865509336,-0.506307861657073,-0.27710704302012,-0.314175702243157,-0.714555483821991,0.637758586360543,-1.48622442246963,-0.882431828467719,1.54075389096054,-1.04519036146081,-0.502503338596718,-0.149124284165818,-0.865567603375127,-0.30327692890587,0.490345958181066,-1.64107161673395,-0.726961113925608,-1.44627037582715,0.407765217882028,1.40940668272295,0.202531288274364,-0.467033250460342,-0.358335671313097,-0.634371255382471,-0.0255575262634884,0.879427756552049,-0.0391147354771501,-1.49677846770834,0.519720393849139,1.01671741238835,-0.626488153233838,-1.22587865090201,-0.608775104606117,1.80310395571731,0.0334472726059357,-0.357627082813789,0.45550133292119,0.582919066056522,0.1010048368802,-0.396965462963798,-0.687810768494805,-0.022508371435116,0.250304472411895,0.049536367435795,0.428837564450945,-0.925309536224164,-0.682692953946798,-0.112399895856132,0.892215491993364,0.752311382300471,-0.284905422641626,0.0820445676347444,0.262839992043565,1.0561171659846,-1.67350800145496,0.526074506131056,1.33278198472752,-0.101622628724817,0.430475293409936,-0.702609697622779,0.0921445450142428,-0.112030152339391,0.0471040790137502,-0.561477736646362,-0.634137530149039,0.795814689007331,1.91115098415504,-0.505813661888613,0.160262366043001,1.02083145370289,0.0246864539827574,2.06567575849625
"6",0.767667100137747,-0.639665309133574,0.788867100964602,-1.65095176085939,-1.21068332310315,0.933861390322373,1.25574151313625,-1.34561675128045,-1.78674509440778,-0.398127767305268,-0.0508141510440087,0.269943511107069,-1.2329554337632,-0.698032867576855,-0.721049202941711,-1.14106318211407,0.428690019258903,0.710863778330429,-0.324816651757058,-0.123091167864578,-0.476079512720509,-0.305248999282984,-1.19526860824207,0.11779695267449,2.24733780022602,-1.40830173215575,0.521265367443238,1.55446450840891,-1.40603757091943,-0.463029357535463,-0.922943272575844,-0.456144897624637,1.53562187549768,-0.101924059428575,1.22166601764785,-0.480604110608594,1.22782493041209,-0.158990841799086,0.642278969372702,2.453203553134,-0.230446844734802,0.257664661722842,-0.0615142749194473,0.411317650537165,0.591402031533383,1.57479734683993,1.69851894614119,-0.321089084614015,-1.3683028661074,1.4643429053739,-1.10486356418848,-0.857917631474341,-1.38320560696579,-0.760210617101896,2.0571569472991,-1.07497784874149,0.0244447399527906,-1.09094545388798,-0.498388417904611,-1.81687613900926,-0.25150302297267,0.0342029216396633,-1.61106713386456,-1.78967554574761,-0.985679902514986,0.878058017073277,0.250666321611935,0.63545780207319,-0.694919184597943,-1.23174270160784,-0.0912496878514687,-0.242522376946679,-0.236757037228863,-0.95228796239243,0.733747313586105,1.22667012386242,-1.42423277905842,0.36604424146373,-0.57308084376105,1.04745664927008,1.55286619973994,1.497991896243,-0.590568101794774,-0.379228094773858,1.22780399260782,2.17314650723406,-0.247939516975045,0.914262455031978,1.07436583629227,1.25055898345607,1.71149378534629,2.27798305749503,-0.528468339672428,-0.333078641700036,-1.73013393357465,-1.36673914004372,0.853618910620524,-0.248666164432495,0.470646809610924,-0.171787233069579,-0.0774143984245415,1.91654398410583,-0.0282773582684093,-0.976368104658721,1.41135753764817,-1.20628490208819,-0.938072157339519,0.779965066940191,0.558208745444102,0.945683406365371,0.528189757230855,-0.184151568130937,1.04396466932235,-0.936680785522053,-0.621515321902171,-0.0367185105452073,-0.337988277353701,-0.650033685252517,0.854139480948065,-1.41479340108251,-0.926619972422805,0.161510702529911,-1.07317008619261,-0.412150093236538,0.146075529068854,-0.719096581399439,0.106084809133884,0.726914317804106,-1.63875185544738,-0.596174297230114,-1.64304469945666,0.437271923335736,1.60285424824438,0.28348790496136,-0.407260963393415,-0.814430279576188,-0.810590862118481,-0.15197747206321,0.912186980495097,0.513193649693138,-1.94441568683689,0.670737753054167,0.939330253851904,-0.615068221167333,-1.13540501427391,-0.641940605161798,1.69384239117678,-0.091837095040816,-0.106377549724271,0.191972428311673,0.598745496888145,0.165786561216782,-0.46799881460135,-0.994297081654213,-0.166151473503629,0.443633454828918,0.417309499948019,0.965844097930738,-1.27259434931068,-0.35049513640273,-1.514272747147,0.755224927342582,0.792831399305986,-0.317165006627832,0.427770794634295,-0.0607282443664358,1.09000310751241,-1.51921137078399,0.31156618270776,1.21186543915992,0.324119398357741,0.561625164264547,-0.922743776178692,0.115873057370929,-0.671141096468528,0.263479635800627,-0.857614684142501,-0.822865760265143,0.885918893474053,1.84566054299623,-0.144935633335201,0.274127819677467,1.00051196003272,0.14517764665564,2.21270423886858
"7",0.935580794819836,-0.328183947561641,0.574137093877014,-1.80143665055739,-2.0586952085341,0.850111697896096,1.05560009497113,-1.30643426863432,-1.40351573848716,-0.367964986232217,-0.0831020856030256,0.173713060554043,-1.1280186324236,-0.667906766342291,-0.791511620608045,-1.085315036857,0.310462077946158,1.02473547517776,-0.533482907500939,-0.12697159836849,-0.460081959999457,-0.304611258000445,-1.43412086523316,0.102771787949149,2.25989285027036,-1.54161963826834,0.796603054297937,2.28503196685912,-1.45126850588734,0.0553731365556688,-1.09199379271535,-0.479683244426144,1.4727819473289,0.0979862571319129,1.02160916379689,-1.09534941113792,1.04598814073139,-0.0487179070624531,0.544451416492684,2.60726866120542,-0.239432884035086,0.0105933402266104,0.201650783629161,0.928790311771635,0.227398241813377,2.12740297827388,1.95576555948839,0.0165502081580619,-1.02861998762344,1.36559072640706,-1.24055446594648,-0.676923000622563,-1.08811690128036,-0.276864036300781,2.09136992522164,-0.54306523272346,-0.271683688403936,-0.533991395586156,-1.20969624499016,-1.53392364019932,-0.402599263390679,-0.0277209502733048,-1.24149707691991,-2.02135719051429,-1.10374881674087,0.830273653410766,0.174256966580036,0.673046181788858,-1.62819087938226,-1.34263707326713,-0.170309981244406,-0.313672633491566,-0.333092093934447,-0.435469481324861,0.722684571499339,1.19486513881515,-1.74848354582181,0.0308344564009934,-0.498572383769437,1.08869121251712,1.39407769068847,1.19130312817886,-0.232253356815473,-0.358999446624977,1.60717129572848,2.04068021601934,0.0702242119643604,0.856346462599307,1.00783670294675,1.23352434557083,1.8230235032807,2.0216844336823,-0.424602747858551,0.00210164079181714,-1.210436178933,-1.03972314363003,0.735538475557013,-0.596541756559948,0.478340262915697,-0.0711136935554161,0.10067543753908,1.67461883631602,-0.233024947585963,-1.12956193395003,0.71948881122246,-1.87556923212252,-1.40350053245228,0.805754086838261,0.737504978292409,0.640374828419555,0.48684524081291,-0.185260570082425,1.11842895058356,-0.355654132963664,-0.683233247923272,-0.387689185352634,-0.435000383583114,-0.808803115945602,0.323625800250476,-1.65877095342713,-0.70482749245806,1.37429460955796,-0.474975308852783,-0.56900298016265,0.0656285001129416,-0.784656589607475,0.218247734548905,0.563458821858102,-1.80930588440727,-0.590283608611585,-1.49033477876924,0.281319181544893,1.51094412169515,0.23207624531274,-0.459684716559833,-0.492225723502941,-0.136008446955092,-0.12500021065765,1.12344985071069,-0.0875737306564542,-1.54109241113271,0.588529958857781,0.921407111820844,-0.636348531832657,-1.14493378913085,-0.875129828284744,1.71592330034767,0.00118955414803511,-0.182788591800825,0.522004881243745,0.407392543084398,0.0638423932578887,-0.535875872755317,-0.991582227217654,-0.450866199071527,0.402897315633149,0.404358143089082,0.654884479521659,-0.946956434315653,-0.599061252037097,-1.34007243718376,0.864677319597363,0.939040224437992,-0.128100793965187,0.285221379764027,0.559539691084212,1.21932363615211,-1.50477611205812,0.950425063258706,1.18973845836878,-0.284652374846991,0.221542470394216,-0.584466797612643,0.0885040703654014,-0.221154136913124,-0.0784387883224035,-0.947303910355066,-0.695516783165926,0.791385987088117,2.10727964814844,-0.395067442324955,-0.0327911817046884,1.00700479179445,0.100433670737882,1.13180537322691
"8",0.765558263786473,-0.685373213394464,0.750448045804085,-1.79436367137603,-1.37172843421418,0.9241090878072,1.17082735312039,-1.36841536023457,-1.60190768051278,-0.374453487643883,0.0279141747319845,0.287487290156329,-1.37609930264523,-0.744690585370961,-0.64783407495789,-1.22316072885917,0.197982834537332,0.765201026092696,-0.43146337132938,-0.13600403884815,-0.431443137397021,-0.287148283647214,-1.31517796852267,0.0453922449840235,2.14700331558574,-1.69992131990592,0.582069815018635,1.93214408103195,-1.46058882049649,-0.513053200153513,-0.914057542724023,-0.484549184403318,1.47299472228012,-0.22902748677794,1.22105922569109,-0.784654964840127,1.19292077718344,-0.0447284847055326,0.652541085875546,2.38232095737874,-0.290770282236037,0.655053489406683,-0.0249560154104127,0.406670503867373,0.396708252203554,1.55820607340461,1.6800588045128,-0.354543541211296,-1.17187170568505,1.2256382174865,-1.26494921605156,-0.835182940165268,-1.05853388150201,-0.49439307243932,2.01218154162108,-0.95926607375088,-0.310153051976248,-0.990687012923333,-0.7288107989581,-1.47915030119065,-0.134571960681527,-0.192103652293424,-1.33931650460506,-1.89028066581888,-1.18852573787531,0.88655048745178,0.46592157587462,0.627946603911342,-1.31234983906472,-1.15288007848699,-0.0870321241325416,-0.269193475426914,-0.190000529384255,-0.667759774740933,0.749635762731821,1.22239623211301,-1.56458249198209,0.0758613048495764,-0.347392111107299,1.21718406439578,1.43561794737371,1.95261060726319,-0.623923241763935,-0.180387511508046,1.50575312217632,1.95510037577377,-0.30822175164673,0.887298478028494,1.08121413895944,1.32526056896824,1.70194148765572,2.40413609501194,-0.268160090464945,-0.124166576985807,-1.56966700934063,-1.10571636754819,0.590927164184704,-0.342693878810273,0.631803724462657,-0.174503197898492,-0.071980372350459,1.75865430175732,-0.0587590422553366,-0.412434281135327,1.3501032620273,-1.5658591764787,-1.42310517077988,0.7192970093792,0.936905908782837,0.891872511062334,0.377056429462332,-0.317082683346875,1.10086678564901,-0.895838949734263,-0.444676307938914,-0.0468668554659194,-0.299202101228261,-0.82689177679552,0.44104292781922,-1.19246588106607,-0.994443707296946,0.669546410924736,-1.18815771337002,-0.408674135250931,0.147044470598319,-0.82340028302477,-0.049102450206415,0.765999291554138,-1.62266100031937,-0.777784064882589,-1.80450059783263,0.301575759664096,1.17007580669175,0.16557202655079,-0.237457647503201,-0.864129811519992,-0.409211922205481,-0.191972308659058,0.928501846796959,1.24152068796176,-2.15800033048696,0.610477602277888,0.546799326417466,-0.984270009780404,-1.03726338669978,-0.795537657206284,1.31488208034663,-0.0490656969800054,-0.134976830809893,0.244635620583186,0.485275591857876,0.44544795816673,-0.477958386871803,-0.761669001778543,-0.379061374817564,0.651584852627893,0.693952020082742,0.944772649824114,-1.21880454468841,-0.239722453663963,-1.00435179334301,0.933121090949047,0.86060618899777,-0.0770387630714549,0.548895269672216,-0.00109594891540486,1.08559130326701,-1.61468738091095,0.282136817662679,1.10528719638174,0.0306741630278554,0.510407718952424,-0.938797658373414,0.0811581799848025,-0.301295385970443,-0.118263122720435,-0.995294618761623,-0.466349736351887,0.794287472191864,1.78492823776286,-0.166933610990537,0.289455852022629,0.996899467320185,0.146200735962853,2.24087298409022
"9",0.854316541417702,-0.648032930994301,0.773737020002607,-1.57180450903838,-1.1624347231982,0.91321564245392,1.09350561228582,-1.28261682513039,-1.41800681550242,-0.481829304147363,-0.256038777945067,0.245412785493792,-1.55843088907562,-0.649530297045192,-0.831993365573408,-1.62272436125532,0.0462124312004742,0.779026261126617,-0.317226842548297,-0.184798575788115,-0.217187791800995,-0.328784919545397,-1.70585343164008,0.08666183223417,2.18038827710563,-1.42414905982911,0.3303348401355,1.62630857886767,-1.45172658887876,0.598001740071896,-0.883581452138223,-0.472774842002024,1.42369499301298,-0.23502516130582,1.34978416172717,-0.753119024935368,1.25090869140667,-0.379460238514518,0.619545436424283,2.43245333747418,-0.183276405719709,0.187880652806485,-0.365550276344895,1.00016842219878,0.353633431236094,1.5488121187737,1.73020514850318,-0.32222590869701,-0.850623157884266,1.35843395646476,-0.939957842235982,-0.415933228649098,-0.945089295255921,-0.777471240389541,1.90088805359547,-0.799232890039691,-0.240751916937353,-1.09401938197347,-0.899071438597131,-1.12324369428909,-0.535167761119749,0.0620063486667277,-1.36532574477243,-2.08895569706817,-1.35838889699038,0.948173643686319,-0.0730472905308606,0.73130831679907,-1.18927145265864,-1.15002270486599,0.15925662089059,-0.536410003030605,-0.242865702481704,-0.797491936239567,0.931413420723827,1.44928030855137,-1.60628442981899,0.33518661341868,-0.37801371432271,1.18864490931047,1.42478147318088,1.44558079239327,-0.409660539443524,-0.225280462274355,1.30715728312095,1.81153969196296,-0.389334009693933,1.04691309741904,1.11478269027192,1.28068183492404,1.65109137467004,2.2116415634436,-0.416319263032037,-0.171173994956373,-1.7874772346635,-1.0040357527178,0.332602356949383,-0.445380772154269,0.783932456540783,-0.143674363387372,-0.0709414229873605,1.78646656471135,-0.239765935713037,-0.729442526797377,1.83555943017801,-1.6873104789637,-1.43903502367939,0.738153686753941,0.83070921407632,0.658817835071205,0.306601861192432,-0.406578968142371,1.06533603141385,-0.972654346355598,-0.647181542971139,-0.22858014512237,-0.280803478427448,-0.750140373898457,0.715884219129899,-1.65598197734687,-0.821485473621162,0.605816321655562,-1.08303242224532,-0.520836753545765,0.222339605621022,-0.720618365294807,0.142059880743633,0.80128413350578,-1.76727734502785,-0.771728059648884,-1.85345886946922,0.12105086261233,1.46782620138552,0.141458125182591,-0.431288605245928,-0.843069426462893,0.0467785476540663,-0.192014043118883,0.80746737928373,0.958606318158851,-1.77940818294686,0.573117185499175,0.763289724120922,-0.715893788744517,-1.30063116148342,-0.799140145271757,1.77383973235542,-0.143303795992438,-0.315488014151832,0.162348980683739,0.425936549381347,0.591087545844718,0.03566067892276,-0.715944457455959,-0.501011902332949,0.465545624190705,0.122350149537746,1.12147748381488,-0.769049467017759,-0.374220458046,-0.746408121025254,1.04255798977113,0.681268008588668,-0.404486626963928,0.480020275563185,0.561352570575552,1.04830375078079,-1.38509824025654,0.314391666625398,1.09491399689024,-0.033318870007805,0.2521768880302,-1.01999941870143,0.0856896043680441,0.0901442635328206,0.192590509244994,-1.10948877170039,-0.620308394925339,0.906492838302692,1.82026510813329,-0.110545470082353,0.0520446670380438,0.758176494165783,0.0874269014954417,2.40993983352956
"10",0.806416730625435,-0.740760249271844,0.829410579913747,-1.27500754628643,-1.51600774919924,0.912745307594958,1.28829246208189,-1.6156993206903,-1.91288149167225,-0.651243986797189,-0.242745576123401,0.24522140550894,-1.33722786172679,-0.786527434105911,-0.690949549278871,-1.30562471397072,-0.0951681760520715,0.621796294036132,-0.155034244345864,-0.05690103742447,-0.387232389604707,-0.342101142350979,-1.52690236010717,0.0783471562254838,2.05199629765557,-1.53375687388546,0.270825461693807,1.49154982852787,-1.47533653004945,-0.354879547142727,-0.901641428686134,-0.463804634738974,1.42651654395658,-0.140156256889266,1.30028248223021,-0.24472681011101,1.30917498898662,-0.308851699465026,0.70451166026671,2.40994614559727,0.0908586176057118,0.181691734796403,-0.743565898842671,0.453242613868529,0.407179990251657,1.58672106002491,1.68790670367817,-0.404870110429378,-0.885654606314161,1.46830734004862,-0.959984340617438,-0.405322278347736,-1.48441229455338,-0.54790052264703,1.9424109040104,-1.0088868471925,-0.280202268572986,-1.06342220452021,-0.8153107395969,-1.12390566100381,-0.26892913915295,-0.0167330780925974,-1.33551761070971,-1.91295296268181,-1.54368516421734,0.752245822406635,0.358936425833902,0.765819275490011,-1.29116242591183,-1.33235395402457,0.0815209314748393,-0.284980248843109,-0.210511657232197,-0.773587922964467,0.888074795610511,1.41932287310195,-1.6556570607983,0.142450611101088,-0.420461523989489,1.23352636433025,1.40059273677265,1.40101234034513,-0.650321753544612,-0.218890723422027,1.50402749940254,1.98985844238431,-0.252775496368478,1.09948489611059,0.924097056691445,1.33569534667094,1.68444394603255,2.25479507789461,-0.318783466747312,-0.0314132443234908,-1.64025951920393,-1.18574473440039,0.299787826477708,-0.393103707658272,0.876906594048281,-0.197080704481659,-0.0857515746408953,1.78349506164562,-0.159171635398965,-0.836530929838399,1.62393787211173,-1.43504867271116,-1.30897503380768,0.816300828136279,1.25303744568649,0.889306002204973,0.392228287671408,-0.289455399611102,0.943590856391271,-1.02267525839089,-0.686869858563528,-0.00898942169173626,-0.295612301891112,-0.676262271039694,0.80501152379925,-1.34146886176979,-0.842845511817816,-0.187930110883335,-0.951622258467888,-0.163164274445612,0.208543654630076,-0.807777044074573,-0.245157787647722,0.815379062227927,-1.72550007927266,-0.638636752136365,-1.81170544388697,0.132278577054769,1.44313243247506,0.100809024342654,-0.566466394603108,-0.902286849826609,0.0736843383473834,-0.150411020617755,0.836237373418875,0.776582777141957,-1.95093124153609,0.648098411664888,0.748943851106587,-0.807514564776116,-0.959005426862499,-0.7098837569189,1.69194643987292,0.053596297847431,-0.283335747132165,0.343744324581397,0.009775910591581,0.530349842883171,-0.0679483067436608,-1.06030432260233,-0.296163342425747,0.555697581161377,0.522618049138402,1.28445981082539,-1.33629902935759,-0.0302844000350492,-0.950871036092969,0.991486113246512,0.683120207721483,-0.333413887653499,0.606618054202969,0.0101397032138741,1.03046398334047,-1.13926389251579,0.5113442566936,1.11603661052514,0.214520152951686,0.507071914390438,-1.02309449310867,0.174422727305158,-0.495761535837477,0.18475327131466,-0.918645159126299,-0.30285028960165,0.983590030859262,1.82676796272322,-0.00574258993462874,0.334006984793272,0.787264190781969,0.125837962223226,2.18295931606812
"11",0.749743172812163,-0.642639888429336,0.777770545033722,-1.49340419144043,-1.25812457591805,1.00758122970341,1.05433983348951,-1.48202148036858,-2.08807672316065,-0.320418854148774,-0.230513095954154,0.363548091278984,-1.47185272256093,-0.695823059159136,-0.431378692093479,-1.21219983607317,0.50306779058151,0.925778225391442,-0.146045945902002,-0.0878504560072653,-0.371553576008499,-0.387804785811253,-1.64901698246449,0.0861019413636163,2.21817523262757,-1.642158973859,0.347205797006252,1.60533132835544,-1.39246644558721,-0.730431427574909,-0.82358725621283,-0.4748730532632,1.49173982271438,-0.0387045570225493,1.29087869688708,-1.1252384353561,1.36974481291927,-0.087384971881505,0.790091902531856,2.34355199826404,-0.101062279163512,0.21708597274061,-0.334022125544054,0.184982032277187,0.315701867138693,1.56762802214232,1.69611341038311,-0.32995856880046,-0.95348387509964,1.38362907078671,-0.752268890360183,-0.501761640377718,-1.61352142787622,0.00317753116789368,1.95708205454467,-1.00936579017386,-0.111951794850314,-0.979949854104917,-0.872818031962432,-1.17177472753147,-0.36691707689933,-0.0472259438047185,-1.54520224103911,-1.92931546494583,-0.918019455126181,0.90374984417546,0.188627847890744,0.680047215845136,-1.34039223913719,-1.29432042419707,0.129382706986553,-0.345878755761762,-0.171380795493497,-0.675263718627245,0.892890454728306,1.39620808274558,-1.5686565717371,0.2188182976292,-0.462738539152596,1.10364102528091,1.3816575728723,1.35252877502348,-0.699581148103444,-0.307395717480646,1.42113283700018,1.99867310539369,-0.331029133272899,1.14385338294376,1.08834635631028,1.38921889717368,1.60872849104035,2.19759375189655,-0.576943185949361,-0.129092833425649,-1.75787554489916,-1.1996087056745,0.454790702973378,-0.400310775863528,0.928849585414628,-0.079041496192818,0.051672844297931,1.64581437580492,-0.179501312156882,-0.875355388645234,1.32171836898051,-1.79342406148091,-1.35501286856059,0.68602064835727,0.575805504699576,0.69587006042278,0.476748708282711,-0.167679252093465,1.03040046703517,-0.851238400720934,-0.735917188049471,-0.29664746536058,-0.292512932168627,-0.552977642469868,0.614090846474577,-1.23751313901745,-0.884333612856521,0.295494793897629,-1.18424898453874,-0.455832265474969,0.155673502097885,-0.78148848516737,-0.104263304073797,0.84740490606122,-1.56449180428552,-0.626883830480752,-1.70598973740227,0.239585210670233,1.33341444753085,0.100263262163749,-0.375582754609733,-0.83687094689527,-0.141940281731824,-0.104567487293581,0.912205301422094,0.926104605115241,-2.01256174082099,0.623633630969456,0.893975724295136,-0.729295358339981,-0.853143788716999,-0.549778131147616,1.64456553859142,0.657583226713243,-0.133787900980363,0.303931754981173,0.462569794494043,0.462574626612305,-0.0727123496202148,-1.12957340551705,-0.088004189554111,0.517437001842377,0.449261653016068,1.02548589303224,-0.960351161658738,-0.288132736091041,-1.52617380511322,1.03166166818962,0.722194570721268,-0.3715383313984,0.589556891921946,-0.335241368517817,1.04464685633044,-1.26987728101113,0.380121451155045,1.09281356896865,0.177810975310748,0.249682822214122,-0.735106144693823,0.0391290347094666,-0.117277657059995,0.320110288540525,-1.16323972283748,-0.807044991863453,0.865642420446487,1.83771107248812,-0.163921442146716,0.0175575341795115,0.979238368967276,0.209731180646128,2.33702869339267
"12",0.801438444930618,-0.654454641380988,0.771545728504191,-1.40095873134402,-1.45575290698558,0.894511912728896,1.33115542996679,-1.48496853748974,-1.88831676915061,-0.417827164403975,-0.118248047271076,0.216640836635621,-1.31779189776082,-0.785262097840963,-0.669034171064256,-1.04873560736801,-0.06051339801733,0.68428811606725,-0.295053978372083,-0.00259046592452918,-0.416019321821597,-0.324918801512418,-1.48183633334133,0.0631493466760533,2.0759476332998,-1.47012055321099,0.370499504227908,1.58924170509347,-1.54709867855259,-0.474027026831509,-0.922035330306498,-0.463113630794079,1.40549222719527,-0.113345037415251,1.24422988435619,-0.446390728216656,1.32748971790196,-0.310989522757619,0.642022979548528,2.41567942613581,0.0356233257161273,0.186279985308821,-0.354970096383183,0.387711574185416,0.441473935676311,1.64799234780661,1.66370929786276,-0.34340610572443,-0.986817976337738,1.4763175634779,-1.14237643998122,-0.689272617305061,-1.5401905775448,-0.651715124798413,1.98051647755916,-0.845927185206911,-0.403485196264036,-1.07778822322904,-0.925898227884279,-1.21422807932036,-0.223904743980183,-0.0321091610601508,-1.33615555711993,-1.89137749252002,-1.54485076392768,0.723836779421806,0.643561386925091,0.757008336689,-1.31694351859521,-1.36198259028657,-0.0439741982410099,-0.302320296293438,-0.18799113006374,-0.762364254125687,0.735133307658803,1.3161853336813,-1.62089944757637,0.104009472346222,-0.44062790506174,1.20862839298096,1.45954213466151,1.46826098339978,-0.606079066892042,-0.195986006707428,1.63063677470852,1.95323193868512,-0.281485947090536,1.02501310477647,0.886524671705137,1.3184234367316,1.70655158530873,2.22502490327837,-0.458887673432255,0.0627412299646545,-1.63881808007111,-1.23508959983944,0.211051072145155,-0.344332709021287,0.766324687267257,-0.0570901902318062,0.0676316204652124,1.77503761547365,-0.101916150375422,-0.757224418450947,1.52898252080741,-1.63876470772714,-1.33669505223521,0.8051478842822,1.16630388086868,0.865276217846374,0.420247596812196,-0.333835233747051,0.935744113154255,-0.805090807608276,-0.694788917332008,-0.0700056581435615,-0.234571808199623,-0.768645678681394,0.774024286657121,-1.51862191873026,-0.762504253376473,0.32210254906386,-1.16441534246139,-0.147345723469591,0.180649299431744,-0.937782187505855,-0.231371201391524,0.775935312619122,-1.71981413747343,-0.568308778718041,-1.73023909868357,0.154671458439409,1.38693822927986,0.129335956828647,-0.60174985151249,-0.877760589343201,0.00380859547757081,-0.129141301118073,0.89957679187185,0.782842288452119,-1.88427375626495,0.637111667688575,0.77901809305219,-0.811823347033279,-1.03265881285143,-0.826967741059613,1.66637603141011,0.116176805434442,-0.370277047011186,0.414048351864803,0.0508921314018556,0.424266365971332,-0.000317822450353824,-1.08579931172971,-0.306606978946462,0.684330356566164,0.839720536488747,1.15522264421955,-1.26433296803434,-0.104372430838134,-1.09845036081616,0.851947986523056,0.699329320493281,-0.358813015892673,0.706770477629307,-0.00142987421564316,1.14960685402482,-1.12881288148397,0.517694216910319,1.15468820028111,0.11551278696065,0.416118066316717,-0.9554498991363,0.186337725663284,-0.459580325296048,0.00260267287842063,-0.772121300798265,-0.196324196707625,0.92953669504948,1.87383557720566,-0.0470533049335824,0.27488315782934,0.711793005535248,0.169235663825326,2.1088492107838
"13",1.08248524840135,-0.324125747574847,0.603298987672328,-1.7097804770185,-1.43385695746138,1.11672365182671,1.1633468338664,-1.42514644468738,-1.41627594103184,-0.123300271882261,-0.013192888930816,0.447351810456875,-0.985421849279412,-0.452860445669099,-0.65933767796434,-1.01100751287196,-0.111511638773586,0.804484811334919,-0.0149266788407774,-0.05903582274195,-0.36989194075145,-0.353199566503072,-1.64884739242186,0.0874308426345902,2.15704883084372,-1.48229910316144,-0.00992151833630713,1.43943593393192,-1.35891038466193,-0.225681118511672,-0.976154682682923,-0.498190602152665,1.60282240012791,0.0838705709535215,1.30216706365271,-0.865842789583554,1.14391519134514,-0.134896845555814,0.906543833141124,2.53494320353106,-0.187616965557307,0.182960209777877,-0.414488323382964,0.715850538605657,0.457786352109309,1.96083761145354,1.93682218847214,0.0515740172141547,-1.58274550859481,1.44966987664424,-1.26436895726692,-0.92027955270205,-1.20824615320107,-0.573571639231061,2.20022442974882,-0.616514577830727,-0.0469157863353862,-0.887980886150423,-1.23226833416379,-1.5306205950181,-0.363154643451336,-0.139769904090905,-1.43429224978083,-1.89029242285605,-1.61241512953812,0.740469385083523,0.0130021360459422,0.937899446769067,-1.17139927637757,-1.14630520928085,-0.602553054453661,-0.298968021337925,-0.115096425697292,-0.855490190421398,0.259789725124809,0.75513940354862,-1.69650500020506,0.319197276939747,-0.497220134759789,1.19630674840906,1.46597706274495,1.46160167689218,-0.329032788823362,-0.234695796652732,1.10540224701539,1.83567454607693,-0.265895548469574,1.01450908909474,0.950141969334613,1.24063090784108,1.76809770953772,2.0656055403521,-0.399140511122282,-0.379159294229998,-1.55049655267212,-1.1646673754786,0.869360954277721,-0.542946747782094,0.853105887516437,0.0318616118819958,0.233869906325516,1.80902214536943,-0.0416703698471676,-1.00949079085154,1.19230761021877,-1.63369069042769,-1.77271892593012,0.756396713693711,1.41459444732019,0.716264697871063,0.577358489707725,-0.102493177054788,0.947046103114836,-0.599897609441682,-0.585780264040509,-0.769295446619083,-0.18022095503629,-0.599741424951599,0.512613610919058,-1.39987656712139,-0.554791517230787,0.20748789617859,-1.15418676092988,-0.795823430832533,0.164635824072159,-0.846201929507169,-0.405273975866772,0.713717524663979,-1.56645717728418,-0.401455097267149,-1.64415137390684,0.309454529671724,1.3166023084486,0.131511878673596,-0.108814490402934,-0.510009902385922,-0.448193543429746,0.0151972411172215,0.980003735284657,0.244188233952911,-1.54029103476152,0.615001645269376,0.741299378120348,-0.736639255980461,-0.915540153149381,-0.679943764548702,1.70174248141623,0.053564884603224,-0.330216153787335,0.664715786127209,0.545556936504184,0.334036074659557,-0.128429340634301,-0.828311423671813,-0.515120207448171,0.275151013639524,0.303601282590886,0.504511065344521,-0.973590522480689,-0.567617677492746,-1.15565240808765,0.898275773105215,0.723728742267266,-0.366443453707248,0.513403282236125,0.314765466622269,1.00499643831905,-1.39793449386576,0.641680770453993,1.22335514503265,-0.0176232702848577,0.644763308261085,-0.71374861960237,0.00302674162960624,-0.163294439352714,0.0419755505461741,-1.28236442200654,-0.217680677619439,0.885241966561653,2.18631518230069,-0.422055442697047,0.134357332965161,1.106593071379,0.0452213453514019,2.2369407133688
"14",0.99493171344768,-0.512996238270888,0.72092522331513,-1.36292746521878,-1.27053472684519,1.01542362375141,1.0680845550301,-1.27707479219566,-1.70089574326839,-0.364830199240806,-0.0272252122848652,0.344860351899216,-1.29939092125824,-0.670531060732237,-0.629138478869016,-1.19942866105674,0.235827548716979,0.948056033653853,-0.213500610405813,-0.111980867084814,-0.239225490207478,-0.367647871643689,-1.45491369126064,0.159062751985708,2.36338968262819,-1.52736855291783,0.319437317830914,1.46367001662138,-1.3866212577072,-0.612188060360377,-0.868770461925468,-0.526576013119255,1.53407635895082,-0.136701728983502,1.33386022181791,-0.887874208482742,1.13535811031432,-0.0293196011455554,0.605241459312851,2.4574165617614,-0.165918937364473,-0.0466382229033852,-0.312488337254805,0.298116176841702,0.308605460894079,1.71134408223333,1.78240941635315,-0.107089576656611,-1.25920148844019,1.43534913658545,-0.521754699033614,-0.801749323025258,-1.3120549616939,-0.594121474891498,2.07590469467266,-0.703945524181113,-0.121880398355426,-1.06728718619057,-0.709912326722555,-1.49431535952994,-0.675894821215286,0.130926015083262,-1.43232835655144,-1.95927232228999,-1.27103434273511,0.947568023478284,-0.0800852785310691,0.6123423638829,-1.73837523768197,-1.13448572738696,0.105726297521517,-0.309266673031121,-0.179414141749199,-0.411681551290178,0.866883324633215,1.42173003366824,-1.57619148265241,0.242509822599819,-0.508260373481868,1.11657652074207,1.47352051053973,0.989193024656832,-0.529183731740639,-0.266770867613698,1.38266471262904,1.97816985808721,-0.239309890533949,1.02091368176033,1.11839489726622,1.1716995742345,1.72465145582661,2.27346564218104,-0.628473694453741,-0.156045815992861,-1.63610267318849,-1.20770344337879,0.639385997312849,-0.404440444830756,0.832653910233982,-0.0255866192548097,0.14896189757367,1.76083346710699,-0.0600898012510189,-0.915737208153747,1.64922563863989,-1.61120150807495,-1.62270777283356,0.672113330304733,0.74461390015597,0.742831035405938,0.519673288698171,-0.108310526157372,1.10038986535675,-0.698930527502137,-0.714160493918802,-0.279144149930389,-0.248394480197458,-0.677920552289537,0.983173863113945,-1.80222372572396,-0.824107398457735,-0.197819985568593,-1.24246263043507,-0.390795894241078,0.318586460851304,-0.600033369690396,-0.199048738775632,0.787942442645886,-1.47605633400118,-0.564796566259762,-1.85217827807021,0.285363900338416,1.48395720199152,0.116823013076624,-0.65209962481028,-0.665933014387738,-0.570724618805553,-0.0443668637532198,0.865528025102127,0.92675168699883,-1.76021084081676,0.59718961242093,0.823424822369658,-0.694527350230808,-0.985267883046736,-0.752656527791796,1.6513716872068,0.100507860123479,-0.0983740378266737,0.380267497672277,0.620851790835609,0.360779925968336,-0.0141572772583141,-0.825953639910162,-0.0999404293037243,0.251872527677118,0.127820862251257,0.795296767021938,-0.934365491301683,-0.436477733184331,-1.2534809343899,1.07065875960088,0.743454380846,-0.389270976569195,0.491572843360411,-0.18035196780888,0.979392794744374,-1.29976674794744,0.386954186878934,1.15576543287205,0.0799111062941852,0.239399073454593,-0.723553614366115,0.216916348282129,-0.0718919931933763,0.122748559171909,-1.27073212933648,-0.650877384951677,0.82799026232029,1.93228272633053,-0.143140295521349,0.100099618322685,0.945843753049331,0.0237129468643692,2.37698721010087
"15",1.04664631670287,-0.471317618370304,0.456926265562863,-1.59967207709748,-1.29316992202989,0.94976669393741,1.02774997320452,-1.39061248245439,-1.8453121127495,-0.106505586690569,0.249761621584749,0.27464706431187,-1.2586437900114,-0.703201923632772,-0.551985663385503,-1.18548852265018,-0.245393418781713,1.04840548819438,-0.287160248316203,-0.0940625601068644,-0.248007814084144,-0.321020600222846,-1.03237893497397,0.262563238729648,2.1548572684362,-1.40113461252721,0.53289275159391,1.66282181157075,-1.29303036201242,-0.43834618303823,-1.26991757176804,-0.479587286612619,1.50703564067364,0.364619450232738,1.03236881001253,-0.668986140860985,1.14500358685293,0.0877122325203799,0.434216435633045,2.51423431844427,-0.0961264761832116,-0.157871487338094,0.430057035745694,0.480125426557893,0.260226918366857,1.82161155327532,1.90561276338211,-0.124392919758414,-1.3049942544507,1.38048610892344,-1.36553595046415,-1.35257220498482,-1.62901297943329,-0.519298223523353,2.17692104252097,-1.13028110322322,-0.0588180709977039,-1.11022110974942,-0.441151194045552,-1.62879947033097,-0.330786355919312,0.20349611599952,-1.36772657654498,-1.56925074322479,-1.43012517567506,0.650689020446979,-0.0633664762386141,0.453572714639386,-0.802614780844455,-1.15661236451369,-0.747714879659219,0.0178344368964979,-0.179824902821426,-0.956054598471472,0.0589886354881132,0.586630650808067,-1.47752153032974,0.280080094316215,-0.600321701369194,1.00294254519103,1.55603180292418,1.12363329802894,-0.576051497816846,-0.422990600077109,1.31072191681487,2.07062474418183,-0.292788874579884,0.962717689187706,0.834384651932294,1.27991356156647,1.71279710423771,2.34799391128887,-0.782523036424722,-0.282683112222498,-1.55517136927273,-1.25524054971716,1.29640957149212,-0.349525122427366,0.4827544998849,-0.00620106256340026,0.158162623896632,1.81705918793432,-0.0758216924369515,-0.972031724508742,1.12687020074072,-1.61807410032962,-1.79558330817403,0.555933864215931,1.03357837058092,0.888955171713712,0.553590602039771,-0.0512735790381057,0.850874823020452,-0.921292437103212,-0.815350364696218,-0.319599891887915,-0.144368886638881,-0.517068930144537,0.885380621916386,-1.25341061671908,-0.764307157782985,1.16007321795882,-1.16359741443619,-0.441668451049006,0.157824908547409,-1.08204718510481,-0.340322501689777,0.362495174608897,-1.76286381608752,-0.470776156819513,-1.58114347481565,0.431435620635045,1.91535721945376,0.10818445188529,-0.249526087120589,-0.641777545695421,-0.254261679324311,-0.0369216789826465,1.18399049495804,0.0933415563152099,-1.79278271925704,0.637934666160304,1.14269152317284,-0.445159739942754,-1.24195796179351,-0.178823942846459,1.52026419954709,-0.0351074573195491,-0.184204634418197,0.402928617227447,0.611078909433605,0.032933416672193,-0.327295616858599,-0.974862839522435,-0.251300651740013,0.0348816065431567,-0.212044772353491,0.88919779199563,-1.1514431487666,-0.385394011417761,0.088260747006083,0.272767464783388,0.734711339632996,-0.561513956105531,0.334924010512329,0.0162987383991914,1.1309047047512,-1.4307169556243,0.418244311565972,1.33429924235182,0.286457519431655,0.836404896383524,-0.922897114341949,0.223708017552903,-0.354085805513022,0.225610068160814,-0.765081186333447,-0.390811506714921,0.963049542205037,1.97764546797293,-0.333257682969868,0.311135359983477,1.15355433663206,0.10924693202717,2.10920824917609
"16",0.8481140979309,-0.589105585382627,0.743690928326532,-1.50605768284077,-1.2046005007427,0.976303038089401,1.31005344544791,-1.28227668782297,-1.8607332444096,-0.411039991462634,-0.054425704073804,0.315932998800278,-1.32930372727979,-0.867613385345435,-0.692990526923145,-1.07285014980391,-0.237825749033741,0.716398706015408,-0.505704276772985,-0.126746352334089,-0.366465764507295,-0.370085771456009,-1.09500104393518,0.113402419410233,2.1280781179529,-1.36728007543106,0.409062932050211,1.64560693903434,-1.4318463951068,-0.596064617484299,-0.780638039928901,-0.531769920165423,1.44531839626812,-0.190473544692636,1.10547479821168,-0.57809593645904,1.2670893098314,-0.330057680532442,0.676615912526557,2.41568227829578,-0.133702713437837,0.0440324598239952,0.21516696843662,0.352126043563839,0.33710848521704,1.51923415649849,1.73904617930835,-0.287764640401906,-1.59877092395512,1.46609207792802,-1.37103862453657,-1.17056991235041,-1.5918660223156,-0.389415388882612,2.02809881711143,-1.01782971701177,-0.408315872630201,-1.12816337708982,-0.617920115080497,-1.251458815637,-0.290402388736372,0.220404670669765,-1.40283212320275,-1.76677797551956,-1.54010350976161,0.739350189711308,0.531504201806932,0.660677571437767,-1.01952784277628,-1.27693296318668,-0.175788631453767,0.107511312694279,-0.246699994251724,-0.844036935870777,0.653743038166672,1.13513041354522,-1.52222983746123,0.243999856296249,-0.49767596045303,1.14607464937048,1.50136713952821,1.33465926991295,-0.615685967474011,-0.274560180660256,1.773284340077,2.0395369629346,-0.361391120928385,1.04011592650549,0.935160979724589,1.33415878671564,1.64783901580648,2.26249593397846,-0.762288256673394,0.134874598030559,-1.59738629353977,-1.16566002580783,0.475151771804739,-0.462920578831941,0.613414336356288,-0.0265681240498826,0.0566199033761163,1.75035219639581,-0.197084808970243,-0.67916372340416,1.46869246277493,-1.67670013128058,-2.04914531124168,0.839596724646714,1.21323921312488,0.710523132758266,0.475884269088246,-0.196532404238243,0.724405887062283,-0.710176251712739,-0.729369747381025,-0.331925541506729,-0.237058139895706,-0.868535445153387,0.897745697867561,-1.41661295533986,-0.681255112168627,0.0558378305583869,-1.29168598207465,-0.349986189782375,0.0332888088432297,-0.963748940531217,-0.342224296513709,0.9088716422538,-1.48736202921353,-0.505947745441978,-1.59773836879597,0.249993427055547,1.8014177283724,0.0312701292832215,-0.215123938449947,-0.79037538560293,0.167733085664142,-0.159927607695061,0.944154703457624,0.623780218615004,-1.74897229246668,0.620292186973551,0.937284410361476,-0.563713865622026,-1.17414017879056,-0.849895941061511,1.68025784276587,-0.233139261177613,-0.592867757276884,0.332809943147377,0.305850388018537,0.220517943062638,0.0800508342237598,-1.03757300444069,-0.221211983314051,0.540202869598725,0.713310144410636,0.980470380316043,-1.14133160951053,-0.166315900181561,0.0968628190249652,0.694860431865779,0.67409837920321,-0.486688581097165,0.340201003602181,-0.0773744006561291,1.44728689093741,-1.1649675174162,-0.113399973547108,1.19608846351675,0.104610938770537,0.454168247809516,-0.930547831917575,0.255517288110964,-0.312338301493389,0.252496101563678,-0.61098819219576,-0.300031170023986,0.938336361923149,1.91430093300237,-0.0625817458068803,0.0864854729778235,0.844106838079257,0.217306622788929,2.23173148388012
"17",0.845614554937729,-0.689983017671434,0.686134806544253,-1.5306715865027,-1.24870313872881,0.990164487608054,1.20244124074594,-1.26333555076354,-1.82284665370725,-0.4503235513102,-0.183758794903039,0.330312695826657,-1.50114261095688,-0.837254919494499,-0.645141973115874,-1.33408835071701,0.0704321823610913,0.757707318293504,-0.351938205427846,-0.0586937929473218,-0.456237146401096,-0.302695643116594,-1.44885798222334,0.132545542392106,2.177466506664,-1.37358165685226,0.501508213782491,1.54899071762242,-1.41169351674032,-0.445374117929239,-0.834894201717214,-0.444622673437681,1.50388890913409,-0.168993081164563,1.34547632117462,-1.40776513466086,0.873640367135778,-0.204546563860251,0.786692855469147,2.39839002616099,-0.119467895126157,0.177589906861343,-0.241662834491691,0.332032572178638,0.302025623479791,1.54589432485153,1.7947987618442,-0.28986785690933,-0.868429862343825,1.48596252958271,-1.03580147410062,-0.559786143737932,-1.57621483654458,-0.504471735600957,2.02392230259404,-0.964024793123692,-0.22434623625849,-1.04982109395794,-0.830006309590971,-1.11496187957666,-0.243902141076347,0.0358114782172013,-1.3260258566302,-2.05187671111999,-1.26226172313465,0.901354018257913,0.0956995778943979,0.626432995206317,-1.08080526097034,-1.27433216202734,0.126827558928289,-0.385536181233621,-0.197433778210214,-0.612913496039248,0.908985246473405,1.42931152614404,-1.56928433911547,0.375912984294157,-0.513019208536246,1.09036427308726,1.49302135839,1.26743201637624,-0.589720750020069,-0.330270354514808,1.71281357089783,2.01600480567804,-0.274831046504606,0.825643524639503,1.0619971386641,1.521498578693,1.58723748751394,2.15244161681837,-0.482694402469844,0.163980449585529,-1.543307917651,-0.994841208781633,0.421648573806189,-0.507099139357675,0.433330180128029,-0.144950089372581,-0.00299024290179864,1.85154126897531,-0.198072194144106,-1.02582960508909,1.76790187382773,-1.96236236404731,-1.49527511485215,0.786403942633432,0.581239367497925,0.650847996340004,0.467506517527331,-0.193449715999208,1.15906487751656,-1.00001322558878,-0.743700979228836,-0.060591410279345,-0.289665917287394,-0.695940557355398,0.774782525740482,-1.41555319283117,-0.794013314398643,0.183463506532188,-1.15672399698416,-0.546111187206364,0.229060619536478,-0.635161962369853,-0.100448152273229,0.819570240590907,-1.71648370858451,-0.575169234336857,-1.76026676360719,0.214753080171528,1.28843872457069,0.179605339794117,-0.247502684796174,-0.814159938913195,0.10719725446386,-0.0932203813084897,0.899748925769099,0.833709456326263,-2.0656452973992,0.628760253726724,0.720856023697371,-0.871478520491341,-0.977535746380776,-0.52619643006082,1.82980001818813,0.181314599614922,-0.151141524628303,0.262764093828576,0.349256942603222,0.358532261405296,-0.211274897845613,-1.1224669174997,-0.616307544007793,0.435759801143223,0.370206695258076,1.05312540623515,-0.990920566503666,-0.246028503664538,0.223774354795868,0.98714516738649,0.722625816229505,-0.440569065939051,0.55465492519263,-0.0419293130088733,1.27076272017983,-1.21802307297343,0.550808324438492,1.15042676650921,0.182578588766192,0.110675618582558,-0.70085695708336,0.074042982368577,-0.19462415816479,0.174566558365769,-1.1118428741222,-0.764975069296043,0.826381816447834,1.82367849762014,-0.148249851760479,-0.0351963644843886,0.842343243760793,0.305691862761332,2.2923305183175
"18",0.947526827918877,-0.569572613848516,0.876611599448098,-1.30219703849687,-1.50610492548519,0.983180176684699,1.06645421495618,-1.4902737625526,-2.01251093341416,-0.519665900617728,-0.227411829717567,0.316622325409613,-1.41989655554427,-0.53320538095704,-0.619507430483808,-1.47616157895744,0.32883404340984,0.989453590088831,-0.125057457364281,-0.174378529040962,-0.465443927680789,-0.280845330715227,-1.46918793751493,0.113264939122214,2.13015419234567,-1.48264310812414,0.297959714913871,1.72398995789844,-1.38886026352693,-0.912295979985109,-0.872258988580998,-0.399709496805375,1.44235211446731,-0.156446274020397,1.34789521019989,-0.58897633977949,1.26685699845246,4.94324763736562e-05,0.66708736282613,2.44310507374789,0.118607776320985,0.282484554007034,-0.352842818917246,0.0623296458235631,0.300753471944203,1.47775413090554,1.82400760145233,-0.274753094936087,-0.547809741211422,1.43614869408739,-0.69879488223263,-0.301008324537769,-1.71770062293385,-0.583862871176093,1.92416914536947,-1.19019769938989,-0.231383255504784,-1.1134340986488,-0.81534613880464,-1.10069711545952,-0.675089948169316,-0.085897874562972,-1.70428006538447,-1.96337700170269,-1.13842720232464,0.786538042252761,-0.241606606915824,0.601732823316036,-0.913886529498547,-1.23157429122916,0.103132282808211,-0.391534963698439,-0.137843123366663,-0.570482711028876,0.831237967574615,1.36689606484662,-1.68336900338912,0.33320824617444,-0.347513825072626,1.18547601574013,1.31440696567551,1.40769158207418,-0.866617841247376,-0.170240254315309,1.34893933357989,1.93722018617322,-0.215638030339489,1.16965821621641,0.97295273683965,1.24913549240646,1.51942904632578,2.31940906568722,-0.344707320413782,-0.155791692724672,-1.79815096831079,-1.20176405763726,0.144517219465219,-0.431454947578464,1.05705066156083,-0.0595847106083896,0.126920177831429,1.54607350187301,-0.136708079019114,-0.782341107791942,1.59893540697445,-1.37130199809308,-1.34488096481086,0.632067455168743,1.23722049662386,0.753333533736767,0.479552987541066,-0.160653092645066,0.918882342994235,-1.37851226945399,-0.814521181333845,-0.28916025317772,-0.322179841939754,-0.612936062278636,0.906304356769704,-1.50345149452785,-0.594275346620836,-0.330903259365885,-1.16822560443921,-0.249033500333679,0.155079184666183,-0.835392530582214,0.161134006936179,0.813176617850157,-1.47898138301481,-0.518975904457832,-1.79007074561578,0.168640721262124,1.69831922463742,0.216557302214069,-0.489356762065921,-0.865010653387243,0.0393784330160914,-0.111512669800638,0.720388272696668,0.864242923703819,-1.93545355253975,0.582844298074778,0.860875160663586,-0.560113869633473,-1.23189646879603,-0.64263216693844,1.6305455207499,0.0311198794055931,-0.250666179510037,0.266409822751607,0.425154974749158,0.677331158868949,0.110720690989989,-1.071879980425,-0.195119127848298,0.260134860977806,-0.165936077161658,1.18621023154838,-1.27724236725942,-0.167548801868382,-0.689194500722594,1.01306438781502,0.688680409132257,-0.163952809255509,0.507913521657605,-0.557154802783578,1.04345321041581,-1.08492269221452,0.511322805850077,1.16690379836699,0.109922120435404,0.664593674072067,-0.770669073312581,0.0947983483280341,-0.535481921498721,0.46362615390831,-1.10728460504178,-0.291534010820047,0.91878856688213,1.81528011240327,-0.253994970924029,0.17841625019532,0.787118811299031,0.0666045099620627,2.23601293080209
"19",0.78988953427198,-0.64376391293199,0.690699686258402,-1.70936633016368,-1.33021032247847,0.914151315849303,1.17528477247421,-1.38419146501858,-1.41618633661536,-0.502599893480637,-0.0142604669380137,0.241146739378998,-1.23180414517385,-0.804549561262576,-0.654278613161093,-1.31578831881272,0.138952691218545,0.744471801339323,-0.417576163340837,-0.135593586430627,-0.444465378538575,-0.367023568708605,-1.46165698639065,0.0523267427624405,2.18990454863691,-1.75376775760298,0.288754952158906,1.94006458385335,-1.48999066225688,-0.513429548623134,-0.964401482933738,-0.533129938357795,1.46466805568657,-0.185224612595941,1.25243060781058,-0.833844322068289,1.24111333775504,0.167391247299526,0.688174318146093,2.42397176904114,-0.341614525215032,0.640841009018805,-0.165162172456536,0.33199290493256,0.327731705924462,1.64504136963634,1.75567135624854,-0.294376908182409,-1.07855860546789,1.13860105559512,-1.26567232858556,-0.632664920121814,-1.11983985256139,-0.532799181822754,2.02388949024102,-0.8799551648385,-0.35683170276717,-1.00309658287732,-0.815942369811984,-1.54035554840347,-0.144536584513143,-0.18489794988002,-1.41267675108649,-1.8917338129701,-1.30441067188549,0.886718842327733,0.421871854289659,0.664766971722909,-1.01928503720151,-1.18354110967948,-0.0694096866367076,-0.302227009293968,-0.213494410328857,-0.807185370628455,0.750785946921257,1.24195767402904,-1.58210733419265,0.0259871774083972,-0.452268802707944,1.22070770431689,1.44878640896892,1.98543917443421,-0.593088757532433,-0.240358811084721,1.68967160227001,1.9460611945998,-0.272526252284053,0.922530098498772,1.07946943843417,1.32707386681529,1.71586327892591,2.41353712750688,-0.378392712873436,0.138445689566451,-1.7066425282966,-1.04773757042053,0.602736807414984,-0.403420028853701,0.643802391007982,-0.0872982088915157,0.0588533520521225,1.7158651853007,-0.00555826113347811,-0.35084452352204,1.16132407417321,-1.60880681495843,-1.45616284156715,0.656177258563213,1.07036166681644,0.898986442263165,0.430147313463806,-0.246916240259173,1.02128984664966,-0.823747606788608,-0.550468477455899,-0.112164389630792,-0.363959749010902,-0.798510802544122,0.32716385977175,-1.04490402728648,-0.839019393387282,0.691410817794266,-1.04913701536553,-0.504406230625899,0.140504834546032,-0.941697037180957,-0.0576786742739142,0.750212169902386,-1.64902116138072,-0.708357203852489,-1.80968081612463,0.363442250087645,1.1961409276961,0.201996679130704,-0.23140029383229,-0.808370331111957,-0.581347386575206,-0.201870078993441,0.954456651433582,1.222338069628,-1.75299558389797,0.564796202507411,0.571369521791303,-0.975337543053916,-1.10999354206434,-0.719199744550881,1.32975728318059,-0.0627121783183729,-0.0850163174841643,0.386958507325652,0.414770955918156,0.460404014077356,-0.430370537071846,-0.842818856115393,-0.360852287436429,0.518200349162423,0.586930257146405,0.89858059191546,-1.19890080456934,-0.350574840063334,-1.13688433713279,1.00497519545485,0.859382704416759,-0.0588699266817005,0.578769629810833,-0.0486827382526759,1.10536814478574,-1.50321710886908,-7.68944135170548e-06,1.12795246051639,0.0900394280588937,0.513183989756186,-0.949540215514147,0.00545628591874793,-0.379070876669877,-0.00404192083007373,-1.06928752937807,-0.350776613928716,0.776294123841882,1.87896122422563,-0.184533616025365,0.351951208021453,1.09580988615663,0.169931816035874,2.20503277815505
"20",0.940353209062784,-0.412681269932197,0.661739032221688,-1.70748325221712,-1.33168032245059,1.10787916380697,1.05088882228287,-1.50617559481032,-1.75298938585053,-0.40878589440741,0.186236411251923,0.44503853236959,-1.15158439706383,-0.758842388679291,-0.578808520433076,-0.969485244549282,-0.205152079521935,0.731946023519388,-0.0563949552659492,-0.060139230656945,-0.300035310182976,-0.284953603776629,-1.34373609339249,0.142422886983199,2.14492875926762,-1.48615467636043,0.489723816971816,1.55665374258035,-1.24362930704383,-0.619390763713668,-0.720271182164818,-0.392339841851605,1.64886604340612,-0.0997623113113209,1.14979266990909,-0.621807920366693,1.33203609391827,-0.398877393540744,0.702153564406638,2.535903822709,-0.121845280539466,-0.0348732930727383,-0.317917593531784,0.350199958826115,0.546620791320457,1.73583572660542,1.87890639034301,-0.0949229933792272,-1.34472016747612,1.36008132176129,-1.04274304065937,-0.788406463495202,-1.38127690362,-0.197135703389829,2.14409614111006,-0.774074299080514,0.000467153452242781,-1.07384897867867,-0.706048476364604,-1.75854578104229,-0.901091939643631,0.0082576336206154,-1.53542073260968,-1.73891186899138,-1.6452859278572,0.827471179281358,-0.197307693010941,0.713895568443746,-0.563880299432484,-1.07877513258636,-0.486083686729852,-0.370334194002241,-0.0383457109366827,-0.928151676165156,0.307414032681122,0.855771364495763,-1.7168879817956,0.499204588040724,-0.519208026580148,1.05415249631608,1.30220868627145,1.22857464271286,-0.613988947345873,-0.344820318450221,0.819461171964148,2.24060915922915,-0.346660087656753,1.13675682988419,1.03654883938194,1.29645422144241,1.69224708644969,2.21050852023621,-0.696584488906851,-0.71460017745904,-1.50449269261981,-1.13807710711769,0.692093241461896,-0.474201139706298,0.897686771051163,0.0475899806226302,0.185146034908776,1.85189767828458,0.03366039130314,-1.23019308278021,1.15405610049127,-1.72417055099858,-1.80292607995048,0.837532815070216,0.950845899963303,0.849537836914737,0.675684722150444,0.0394671960010809,0.886275625868879,-0.697590768000729,-0.590312584493929,-0.204292037405095,-0.230809158219474,-0.399301035899506,1.07000757440958,-1.28777782936226,-0.657950495371537,-0.0184112333181644,-1.20813171392517,-0.406922481853452,0.218737283922962,-0.890528886832873,-0.30649628070845,0.909020880965959,-1.46135267996915,-0.389707117028168,-1.56870742156115,0.375672081855908,1.70204402021539,0.140255449560719,-0.398895229323731,-0.593991284479601,-0.695442698171459,0.0197940618048122,1.14138976700826,0.199927773447769,-1.65674113273353,0.721785148441984,0.935797078497667,-0.567217050905634,-0.878261568136922,-0.390460996293713,1.77690323874681,0.00587156594059346,-0.380808568322958,0.453201045865181,0.578805947176147,0.340403676389512,-0.274335044983315,-0.955869171499101,-0.0312822642656495,0.156266553010028,-0.0409491963127248,0.925630792954371,-1.13092674841381,-0.308392897768385,-1.03828335752051,0.782886752155843,0.710295396635796,-0.55425824622085,0.585451336661238,-0.178780046509034,0.98501307547436,-1.43141013103414,0.0032122688109895,1.27439373574071,0.287300702998419,0.708173824979871,-1.09842792390913,0.125245867288302,-0.173718874029699,0.157108037655251,-1.04484716520749,-0.373825287164782,1.03183957225393,2.02969225539592,-0.319580662059682,0.268946411291428,0.993089654209839,0.145633934815126,2.25933956721154
"21",1.01325096894085,-0.493615967943937,0.616116227809981,-1.51982084546416,-1.34087102710741,1.07246646763358,1.13748454224433,-1.29983906532386,-1.74166997236906,-0.599271980389259,0.160885915341627,0.411467717139144,-1.20171182837621,-0.72237978685222,-0.765901855173693,-1.05962714122994,-0.371390182213689,0.658185116020803,0.0281952313215701,-0.105428909708458,-0.247515591871554,-0.26285656333915,-1.56715069427135,0.153676734826678,2.06449710516659,-1.58541439929441,0.310762178497727,1.47787828909723,-1.43127499529565,-0.358199401070648,-0.789349609156531,-0.414306248782562,1.56770394859904,-0.285472463933827,1.35482712794341,-1.24087612372094,1.18514468239117,-0.41885891248715,0.789776259345735,2.55217006739547,0.0798498361844914,0.197996967515318,-0.583279768929706,0.490703075142294,0.263248048629211,1.85237360151689,1.95732236656603,-0.17031961531907,-0.760080455251149,1.38983113706891,-1.17248654632232,-0.403271189198229,-1.45753509697819,-0.417430921233257,2.14146148731352,-0.720602600578036,-0.212845091186906,-1.01559690937745,-0.608019792817309,-1.16365959526098,-0.621811427391736,0.0596286488599874,-1.41390537681081,-1.87253522125245,-1.60636240704627,0.754198005469349,0.0288930092250157,1.07517433575244,-0.798106932980961,-1.2092277606177,-0.337293700942245,-0.385647988854552,-0.144179251121249,-0.808865233426461,0.520244092053526,1.02468860468363,-1.66787944698978,0.310068916973242,-0.588523218613172,1.0053634155879,1.4920973720607,1.37954291552466,-0.587392983568609,-0.428122111227513,1.43855903257034,1.97465107518171,-0.421409037379368,1.04660094002499,0.934950596931289,1.34739883031838,1.7525135044686,2.23825047094175,-0.250284576716177,-0.108420906575267,-1.63523657991545,-1.31561313956003,0.159127509767382,-0.510237851851171,0.89841431246771,0.0370355052970837,0.197042064680558,1.83922206822915,-0.023636585853354,-1.32531997605392,1.31416660442268,-1.79665371056526,-1.86182982766031,0.785327534826631,0.67252477811244,0.807762955456197,0.542641217790093,-0.0871931780664748,0.839223436095062,-0.732857728580016,-0.662230923204152,-0.255114916409427,-0.11106764604627,-0.571806616711093,-0.226865089051801,-1.40543182718467,-0.743733628960151,-0.335531320670231,-1.25725735832042,-0.527266816676581,0.223349027407268,-0.881135689284565,-0.193620331033239,0.794928874572901,-1.61863870309671,-0.46118635479455,-1.67422719928316,0.244661094387705,1.62609394919801,0.206742412003567,-0.272854243221899,-0.727137508372306,0.0145677694758522,-0.00557730314931661,1.07372735437257,0.562592715622865,-1.66929674269,0.699148448332704,1.13194908024593,-0.628156014673814,-0.889658843518556,-0.62845461358593,1.58680397451031,-0.0934434236086531,-0.216402076022864,0.528909256483219,0.381910688968679,0.390867099173135,0.0872944587881221,-1.07303826523714,-0.0975158254535928,0.468001093720134,0.390938714644453,0.949522731848118,-0.998165663522354,-0.338929574865638,-0.322566684557225,0.716090633241448,0.807291338373783,-0.413916048819103,0.459846512286229,-0.00443849003511029,1.10497283757863,-1.39729411495121,0.0114778675887456,1.20931231705347,0.27201506989378,0.541041961367145,-0.865954773353217,0.282045907290871,-0.245370548211822,0.0698662188569576,-1.15287376667722,-0.670426821588811,0.988532181091341,2.03430760101383,-0.119369591301847,0.167647471080511,0.888382407850531,0.169689897925697,2.31531684592057
"22",0.881158015430031,-0.512585407984925,0.684915387727239,-1.54393700574569,-1.29313466942075,1.0442781715044,1.09192486042786,-1.3375357330096,-1.9295666688079,-0.340868641582913,0.261834376698807,0.381090945807519,-1.23701997858896,-0.712531616779379,-0.548915910551354,-1.05613856230551,-0.0278853652262056,1.00076291139089,-0.0720955407760392,-0.0658051566592324,-0.354834547137621,-0.277041322174615,-1.31434524201172,0.129786709876755,2.0814369856196,-1.30273611782111,0.489289212316344,1.43188946873075,-1.27034056265682,-0.734118849274312,-0.692762545483239,-0.396899356029708,1.62386906653025,-0.116657499585202,1.17248327050296,-0.546535242830667,1.35700784773812,0.426704173625855,0.696253805471352,2.49227898437584,-0.0674748852148662,0.000887488089879931,-0.40649742819631,0.285582260611103,0.50206809767695,1.68927357747176,1.76538089152166,-0.171400975182885,-1.45412153866239,1.3960245444917,-1.12019926454742,-0.880052062192048,-1.57788541939969,-0.63352440997609,2.11081493832439,-0.908091044511107,-0.0674769762068061,-1.16428633199075,-0.459096087528183,-1.87579733542674,-0.929932809239748,0.0567895396514587,-1.56416030694161,-1.76181046518858,-1.32997907855355,0.824000039195517,-0.123314994759147,0.68804027772773,-0.585830633413719,-1.17251057538916,-0.413066051433967,-0.320029500169815,-0.00955953176851097,-0.993276184910176,0.372996630111311,0.890219750100672,-1.65072409047079,0.455961809249752,-0.52334061271481,1.06073350297888,1.35756136774453,1.22687341435817,-0.62918990015449,-0.337365407468979,1.07650716889626,2.23221273487072,-0.331750723940525,1.09804408097565,0.996267587223216,1.31301841406389,1.67374717641738,2.23495966830237,-0.531159519074463,-0.512934769842363,-1.55161223229646,-1.11415985387841,0.758065830010923,-0.443078740304786,0.803162907088808,0.0286927171142603,0.153964146339242,1.83474495966475,0.000340272768234181,-1.20018621087149,1.19904250606435,-1.62420711116403,-1.72334312328714,0.858761752206734,1.02716679956025,0.888777882280612,0.637725229983755,0.00254819661096852,1.0333995730959,-0.775189361450119,-0.647967060968928,-0.190846161546435,-0.251025324701482,-0.481478060298616,1.02617362276307,-1.34521419612136,-0.697314895321153,-0.20468527073298,-1.20465146065037,-0.3571971201784,0.179696452138928,-0.801218359849297,-0.0945807298805503,0.920210513801376,-1.48605784416801,-0.489606309378558,-1.5447806974366,0.412286316917577,1.78979140929482,0.101969817811768,-0.324131541248922,-0.694186292321936,-0.722171688189178,-0.00861356464613854,1.12099299269394,0.170651338316581,-1.75818325736653,0.747866085173687,1.00140361463389,-0.523797426443026,-0.887524678525199,-0.486252439217847,1.77471298206599,-0.0287465850802343,-0.412141972370546,0.313595843352177,0.579029397085731,0.332294844480149,-0.417510204340821,-1.00235122885712,-0.0324803848710261,0.0646887823740673,-0.101950094432168,1.00261028065172,-1.06748356028088,-0.280842084866733,-0.970481124407173,0.513514728210484,0.698329960151671,-0.536302033977728,0.48999107126781,-0.264299727320389,1.09160138791685,-1.46450202872975,0.101535754916767,1.26160953952456,0.333930077554173,0.724809089573713,-1.0426120461374,0.151899458253231,-0.229437319072881,0.211336885856079,-1.022758052414,-0.397502626420111,1.0161107445549,1.9436361827708,-0.359030533251257,0.24709454712327,0.980112770676356,0.141368664687986,2.22764599297489
"23",0.960733041103737,-0.498251008911997,0.712524877543913,-1.17518507770885,-1.12759392995256,0.972446654999356,1.13809236189264,-1.27376367589203,-2.32090151945349,-0.632279394309314,-0.100425132433266,0.337835033863417,-1.52191856430528,-0.980240768311024,-0.747193699861124,-1.26858411678462,-0.231226542513703,0.180715000587158,-0.0955038669991879,-0.102054867861779,-0.199464802912144,-0.251866780471853,-1.65969820370226,0.0973798747915773,2.14156753109473,-1.15308735028299,0.324945229676828,1.44436886176843,-1.31983831700837,-0.781853269035556,-0.71264553810946,-0.362292718950895,1.51056920488229,-0.29222133529861,1.33685269204441,-0.974178477109963,1.38713146193308,-0.675956056149854,0.781711289086278,2.39980126314687,0.166956418787955,0.34798305736424,-0.77223003728167,0.0150390084793942,0.269398380254517,1.47981152030453,1.76801530750043,-0.211398842152579,-0.362068452292868,1.38116503804558,-0.865091085268298,-0.152408019022363,-1.6535288112132,-0.775512361042535,1.93947078169026,-0.975315831954109,-0.145715238652219,-1.23938824996189,-0.807862506595249,-1.07856089203274,-0.425119541773904,0.126692838194168,-1.53351716370167,-1.91737775036333,-1.62839406964127,0.799564745354761,-0.0710477690929113,0.970092801199025,-0.758356646430875,-1.21382280057286,0.194368000019172,-0.43147667691071,-0.0841891000022798,-0.886612380815873,0.957947165077207,1.45697961784019,-1.45806205145584,0.324330180332992,-0.394111312533448,1.13815868062712,1.43483427604063,1.46840998250329,-0.873091156484101,-0.267230038599494,1.71496645827125,1.95879870357201,-0.250961085622843,1.14457590623002,0.964263483499738,1.2860930625632,1.65012775497401,2.22090055535722,0.00683152866490323,0.176129332580534,-1.616899693325,-1.1399744509836,0.245291032831985,-0.393582034049469,0.910392314186308,-0.0172148966520799,0.14019908025427,1.70060738749099,-0.014737397855654,-0.877627876851485,1.4840997041026,-1.5223177157543,-1.53679641131145,0.796222043287734,0.513637041203773,0.867157190572708,0.519747318268024,-0.021319711109195,0.772593849063821,-1.12201511122657,-0.738848560436466,-0.152702356348551,-0.193971228453351,-0.592735600063166,-0.2156430583051,-1.13975710820795,-0.768772374538002,-0.0502252699958936,-1.21066325370196,-0.414026664097017,0.266666900707211,-0.916261653211672,-0.0740070160288915,0.835046650529363,-1.55421432828462,-0.481455131869476,-1.69698251366377,0.153734242448252,1.49913540937725,0.144173365041872,-0.465265702302765,-0.737001232513644,0.0212800509473225,-0.0706145802464914,0.938731670832758,0.74312658970152,-1.84461313984288,0.704489425293127,1.03079792204482,-0.623833458887943,-1.02546454430163,-0.530641300900092,1.57827124052318,-0.0856348541429418,-0.0707587227620274,0.28996031937152,0.43957984255244,0.554709004231183,0.456823857561768,-1.0435292846407,-0.227756211378625,0.537897586023531,0.113111042767646,1.00152399932696,-1.10985517771284,-0.190650526661997,-1.45155451374312,1.00543684593884,0.804614225152893,-0.311573569212231,0.562221846132591,-0.464706710978074,1.17475357280552,-1.12657851572107,-0.350325889878954,1.15208939173304,0.266161312233444,0.612087687510028,-1.24162163981347,0.23976720837327,-0.344291459993095,0.516302774222214,-0.974420172631156,-0.805752255186161,1.01158978961976,1.90182371535906,0.0701650118136859,0.353035448450398,0.828633663411276,0.114047817267494,2.28955441126737
"24",0.934377385178519,-0.60010974846044,0.783492505487723,-1.32064796930902,-1.19238381383554,0.999205533810837,1.13374155926309,-1.44140895958513,-2.12634259452998,-0.412954218709645,-0.1323267475222,0.338909912573383,-1.33583027099868,-0.620043045664489,-0.569955469018807,-1.45993504009799,0.309764496245424,1.09049833630551,-0.173264318539694,-0.116583269188552,-0.230358529991102,-0.342979660909118,-1.46843451508295,0.141905988063089,2.26296141154635,-1.5502891375076,0.298552055473253,1.33348353962268,-1.42846619327621,-0.692625378264367,-0.863826159276245,-0.472247374759959,1.47893756299974,-0.243806451867636,1.33196425123458,-0.733200016934906,1.15493185049455,0.406489084673393,0.592850031253905,2.40493771090866,-0.105525368275343,-0.0411169384089838,-0.379502236667201,0.2073240758957,0.282512823119103,1.57455458367399,1.75283279924674,-0.298291154775048,-0.832820072643958,1.42271875521078,-0.501077744385849,-0.47040375366059,-1.65264051546304,-0.479195652792695,1.99042210471908,-0.9778676341827,-0.145579752364791,-0.960074341257512,-0.577779268240205,-1.3556094642936,-0.672185699906819,0.0990539116398362,-1.55814945938669,-1.90782044807005,-1.12230366501787,0.867277345084369,-0.172129843424279,0.554999778765613,-1.35952700547608,-1.24349584636596,0.162011517397771,-0.370362314756694,-0.218366610431443,-0.333091923482783,0.940008962491587,1.47514377862332,-1.61802086852862,0.225397474992006,-0.431094559255366,1.14926028301386,1.4031640096161,0.949059780823657,-0.686955477564894,-0.25744405487724,1.48342632277554,2.00868651990128,-0.2517983566446,1.02518276078144,1.05462132883144,1.23670548665503,1.67465597655942,2.25087163718777,-0.624610470980658,-0.0803877731712386,-1.65760272095323,-1.15402368065751,0.480804332697331,-0.24330245038569,0.872242992222321,-0.0707379732878176,0.10690944379147,1.74684099818668,-0.0670047539580208,-1.07152380210013,1.59234879823611,-1.65841240540173,-1.64189643580549,0.717300460117248,0.634310531518315,0.761363244717181,0.48325855145641,-0.10625850691092,1.02019618880441,-0.972763330715179,-0.796229587680277,-0.243581577768958,-0.324502623389055,-0.612885283459908,0.992661018311779,-1.50594470439662,-0.690972017858843,-0.411199388010062,-1.15808008957987,-0.327278735557261,0.321221424340473,-0.602814234015873,-0.0247806703806571,0.757018488961363,-1.50235537752568,-0.532021547090977,-1.74823506859984,0.235717726121991,1.5161004727282,0.110165289481727,-0.593027862225656,-0.826190912853496,-0.445784627608146,-0.114722378671594,0.837367266401944,0.95322766086666,-1.82375547987735,0.627319278525376,0.964021740767001,-0.677586399138232,-0.920414158972902,-0.524744664121628,1.58216915535011,-0.0102788696041228,-0.177877263874583,0.355051400719394,0.476643174636519,0.464905162184985,-0.0982701211521518,-1.14331064594112,-0.155112729556225,0.30294975275301,0.100260222351499,0.944497690614761,-1.02614308690616,-0.344166657601092,-1.48005067069758,1.03920465990488,0.721720969524249,-0.261092670583787,0.47583782678271,-0.262122585270554,1.02590761276838,-1.28840753489344,1.16241145023157,1.12521814555551,0.165302935710708,0.274072982021366,-0.682520452463027,0.211014797953281,-0.252388356150775,0.432643871734083,-1.13670752684508,-0.760940459870218,0.827547226224025,1.84034577303937,-0.0551865844318351,0.134402628082818,0.822117039237069,0.0405940797896874,2.35634712531933
"25",0.922003481630681,-0.610831246779956,0.607467689457698,-1.3715684023462,-1.31582906159443,0.992496468561951,1.03958362351297,-1.06676476439873,-1.95938762947732,-0.365671786855749,-0.180684332127098,0.320285597474711,-1.49468609840202,-0.610066531250811,-0.76999571324509,-1.27020941357631,0.070767359079594,1.10787248603569,-0.213012217939604,-0.105515892723759,-0.178885067207306,-0.286010972454315,-1.37238643852971,0.112132402508092,2.17756839666371,-1.57309438245232,0.357103059653267,1.67258751010696,-1.48448546290305,-0.731112261613186,-0.92899959688836,-0.429661043610462,1.5033810609497,-0.207522045464023,1.2797268457596,-0.97034815133534,1.09150155273889,-0.0294849315656442,0.561611659326967,2.46731934965284,-0.362725951275633,0.379887973030692,-0.354117943126021,0.222877951862415,0.460795823135806,1.57469151473841,1.7877521969872,-0.264917897690988,-0.981184211772578,1.43024802923729,-1.00496947753197,-0.525244485068593,-1.40661651696346,-0.568455085773874,2.0261870984689,-0.923242741377461,-0.175146673494384,-0.577563470208567,-0.811774626914548,-1.39012747018495,-0.599109672196366,0.0851927501893543,-1.513597070636,-1.91830360416725,-1.37155744375164,1.11760100490878,-0.105098676454996,1.16625025122358,-0.963785031642676,-1.23647956030424,-0.1273909765961,-0.377840223743689,-0.319909825986428,-0.480405268605029,0.691140032322729,1.18311820174251,-1.60752947572316,0.206207948999919,-0.503851229799029,1.07997133133155,1.46777761336116,1.59292221358604,-0.667764394939102,-0.325429251482447,1.3141780707796,1.90102131926924,-0.36928373990184,0.978998139596607,1.27648691005603,1.41693660885046,1.64793285152098,2.25179435217391,-0.227491830471607,-0.147536252200031,-1.67470373764614,-1.17430694477744,0.594370419782658,-0.403198950568055,0.746384903016075,-0.0329966952836454,0.117617425944789,1.763596398256,-0.142715129771474,-0.999451067935829,1.6767494027834,-1.53126582082203,-1.45524718613063,0.642649080637598,0.546002571026433,0.738971453871706,0.386601283788711,-0.248519299370706,1.12333888972936,-0.829235603183587,-0.710802472106387,-0.180603805115701,-0.311174391782358,-0.655906754481561,0.531460866614317,-1.31806933118775,-0.72831161985112,0.142241544770773,-1.3842725833354,-0.461057648642047,0.261623680174128,-0.558634598034235,-0.0725876568302758,0.700678118906371,-1.48401185893898,-0.524772720657062,-1.65970875635405,0.305689105051944,1.47052814242345,0.166296201040962,-0.538695000533742,-0.807938171310592,-0.301694831333226,-0.0995520037478164,1.04922050077326,0.567040872302166,-1.97739429919075,0.605041613383877,1.00215102459213,-0.672187099976496,-1.027688130345,-0.571460076889728,1.68051369019028,0.207694600488389,-0.0713757707313803,0.489231700267019,0.482941576890361,0.403107312589731,-0.332903510159872,-0.993652691685729,-0.220010331845102,0.645305244281425,0.109593372872512,0.983761198453066,-1.06484091853334,-0.362909920487812,-1.13276971419141,0.897228130281148,0.813226671399969,-0.441355250630044,0.643627036055371,-0.284063278502692,1.03854582399442,-1.38981315397843,0.520550256348028,1.16502289026184,-0.0578774633291589,0.360307903195837,-0.769093013993756,0.131613711291645,-0.267310665106515,0.0984018167792727,-1.24086706685377,-0.830689738849133,0.805540007204527,1.9695563721379,-0.107243065032284,0.178406473082163,0.965111697409201,0.264540775956644,2.30414283398235
"26",0.847437002650127,-0.79317255731985,0.841763201565698,-1.24916890255746,-1.04478525462364,0.934598912395892,1.09705361349883,-1.28335309116656,-2.10360715751014,-0.67848147314838,-0.3686151480281,0.289210144377013,-1.53550517471661,-0.631867934686977,-0.613141180300017,-1.43630226993965,0.463115820655341,1.03879526308414,-0.20406634489919,0.0116711321754029,-0.463243668686706,-0.284382811257127,-1.43001010585059,0.117311670829432,2.18160388702619,-0.672162021154137,0.490652617858412,1.57889392384757,-1.60213736968722,-1.09259757744297,-0.819354443422036,-0.401785830875636,1.39960197022426,-0.372707483105013,1.31667953806984,-0.787833663070526,1.22065801797192,-0.173436812665194,0.430742565620727,2.34945910818426,-0.0117011290296286,0.419079563739828,-0.694795158271515,0.0076516344497876,0.788396242297304,1.29253987658177,1.63953897994716,-0.421785656248163,-0.618436073990105,1.43662343553055,-0.815036649882807,-0.356284997061545,-1.68401964434563,-0.880528298130212,1.85539941838265,-0.998114467130209,-0.252868186780843,-1.42781362774578,-0.814314477274929,-1.40371227592676,-0.515925069493763,0.281147034146075,-1.45763173181482,-1.88320277008045,-0.957576218389666,0.756847910347582,0.428249514611955,1.1405507801678,-1.14441006742396,-1.386994809116,0.311379569544169,-0.565237761573751,-0.484213087862209,-0.581162571828942,1.0964283040201,1.5850969515496,-1.49545878529255,0.340068164654604,-0.406360685166922,1.12173854470314,1.4256484758007,1.43023204994968,-0.796810883754711,-0.219991261754655,1.41359003496312,1.81808052501619,-0.312061471931259,0.783985936510096,0.919118894796627,1.28973230856196,1.35540272560534,2.33491944809655,-0.342216403813312,-0.101625439251608,-1.74545748144279,-1.04831706439685,0.199088106283224,-0.248825520659544,0.452309803254999,-0.364120054778202,-0.201713870568075,1.89997107170336,-0.0871258383855413,-0.788372901917672,1.35353044948093,-1.7231144635905,-0.689627741758929,0.708361205315228,0.55802797019109,0.97317829423239,0.26413117407511,-0.349540868327075,1.35444823413418,-1.04141634062792,-0.648545428853587,0.036631753753337,-0.364918005001014,-0.676260323936118,0.932286243485982,-1.47157369511499,-0.639665784118847,0.121510870857188,-1.30610789959007,-0.18019165003748,0.16252537361998,-0.2143484840612,0.324129035760146,0.813318039592661,-1.6567090188134,-0.525334022084119,-1.53072944411691,0.187953044047094,1.31534080577874,0.0553527816150898,-0.517201016372273,-0.869654068094706,-0.595239579779086,-0.259624366607412,0.854863072193889,0.677063440130329,-2.08279050053662,0.978950927763569,0.950093766680076,-0.72582641689362,-1.0871820399987,-0.663616220480322,1.73991469604504,0.0360495154115981,-0.721897619037352,0.307066174001592,0.170619628563541,0.554729419560706,0.140338814383459,-1.25267826702105,-0.300137174838728,0.688657315031065,0.491784988002507,1.24111835320766,-1.26603712814149,-0.154298045476902,-0.931265234030909,1.04121994307643,0.784962564298842,-0.162083333214479,0.723172650107496,-0.62821892518704,1.05382376619664,-0.992422400525768,0.0908247654692941,1.03280722155973,0.240429891498277,0.365197456353228,-0.923742453835422,0.0905123753128459,-0.521826977300241,0.349018110730978,-0.688696237473148,-0.797358375803908,0.885267632758097,1.76810649648742,0.223563330363379,0.196667874132103,0.757020392140035,0.125531712201404,2.56365495445907
"27",1.00223054502879,-0.551404443189245,0.767870999742845,-1.35270043368575,-1.24799133651708,0.989364801986504,1.02916130358936,-1.42967124314141,-1.90485959601711,-0.584901609288881,-0.155480550498039,0.30429864459929,-1.38281463832824,-0.746269794152785,-0.490503190449022,-1.2884511516395,-0.344409070597914,0.876669562421661,-0.132199270265237,-0.108041328848947,-0.324401137776813,-0.296191360068338,-1.45340063487388,0.0673283933551425,2.2319456501222,-0.91931148738046,0.303448274305504,1.5603449899312,-1.3393119192179,-0.618492644852969,-0.772479922260976,-0.377359627164169,1.50298539849288,-0.427033018279783,1.18019930855312,-0.673608538344785,1.38392533966343,-0.275351871219201,0.619282399083776,2.51975042738676,0.189156312318001,-0.108720852740717,-0.389451948439266,0.315301833854755,0.336145844575426,1.73319435837724,1.84059096661159,-0.23202457449158,-0.803141326983189,1.47743823265084,-1.03577341588827,-0.430596414143347,-1.50416129362255,-0.495391613305247,2.05407218935087,-0.91182053266572,-0.254452705240732,-1.16208881656538,-0.812639925268443,-1.28041148447238,-0.626173846622688,0.116314773258538,-1.49388353692675,-1.98842395031457,-1.57508542308233,0.822297807123129,-0.0802628750048466,0.697754599679321,-0.877390064308795,-1.25947920109906,0.0253113613915774,-0.281615577426477,-0.068805330932154,-0.827313187869057,0.866803042463844,1.34234147964272,-1.85403355909455,0.394494139984328,-0.494018915701283,1.07103881376584,1.2825131687326,0.927015401947288,-0.71592337407347,-0.328681201235956,1.59492673925543,1.91652663727426,-0.413909747794527,1.15222286967313,1.02852285901973,1.30685232578314,1.60393589146228,2.09249256317247,-0.623818836932344,0.0295047154711834,-1.7928368827516,-1.30548299788219,0.0233865533615146,-0.528287942197902,1.06115493427947,0.00559530220417153,0.150160804593051,1.65904714656562,-0.114584505632693,-1.12810170802336,1.40925858719007,-1.61588189736404,-1.34596533738455,0.834040166715338,0.840743532661641,0.764431600554902,0.468453439890272,-0.148374591739351,0.81066216977886,-1.00448105814129,-0.572287110489138,-0.354097531969963,-0.211084477902631,-0.643175229693786,0.365068245327923,-1.63782816735605,-0.535992528968168,-0.139674409087663,-1.31675812384158,-0.348537080681015,0.159696989976299,-0.902130370017197,-0.388680914775958,0.928843303770738,-1.50412857951457,-0.501590376399567,-1.55616420252924,0.315809695966934,1.87808935580712,0.144317046117457,-0.337854164978841,-0.785502074187692,0.110762923362869,-0.0797055273918664,1.00726680648978,0.580866315731468,-1.92412333639322,0.676563228632967,0.981068652354781,-0.558381326062033,-0.925043380150208,-1.05679146988156,1.90906023969677,-0.158763199866927,-0.484622551106774,0.540854434135745,0.349532814270885,0.47534330346256,0.566149486595478,-1.06239505975881,-0.24879208823213,0.362637503640545,0.0621366223942121,1.07175029886781,-1.2146459036254,-0.247214130552676,-0.0620855159853827,0.958790113070232,0.610234090156816,-0.437929983828209,0.582215987894326,-0.156477908683185,1.18282162066139,-1.12671183018144,0.165184850301993,1.19475786540748,0.149738171564498,0.472093676238133,-0.753794981726298,0.174574332244365,-0.399465649855437,0.397749752823139,-0.795533177172632,-0.586372701505514,0.986939450917235,2.03866538918681,-0.233326758560866,0.223656230395425,0.728822874377032,0.119226976505884,2.30399424309072
"28",0.938449385978869,-0.526179352052239,0.714590841521871,-1.49611536021584,-0.794030022286577,0.907354086239187,1.18230413753033,-1.3856520380722,-1.97507120705961,-0.619615311076532,-0.0268408537839367,0.258748407158001,-1.52033382635795,-0.615215591018527,-0.563993641104621,-1.50012622229625,0.00440602080773748,1.11199612681237,-0.25295297452111,-0.0671417970157297,-0.399573903538477,-0.25320849467442,-1.51063691940322,0.175871853522712,2.20253240233975,-1.27274863750722,0.488627332272911,1.62746658751104,-1.40432911534109,-0.792957079645084,-0.854599770135426,-0.394100992882742,1.45086780992984,-0.407117312174784,1.31630659048149,-0.805595440296491,1.22941388368549,-0.113777784959273,0.402426652583531,2.4345960921085,0.121457858899696,0.270857001624631,-0.102492378521902,0.172861711864048,0.40515069552855,1.47588325430392,1.75386573043646,-0.238624430398297,-0.873793293705582,1.39403388533914,-1.09453855151316,-0.573381861706306,-1.5980748020132,-0.645999601804602,1.92122033246638,-1.00182823142395,-0.254151849682291,-1.24753187093623,-0.884755489884923,-1.31604804052768,-0.693810037396814,0.0551150341611142,-1.53612511318331,-1.95948296568593,-1.32419250350609,0.83317550666585,0.275381145753886,1.16656609704231,-1.09595237676409,-1.25440972043914,0.182465605075049,-0.487494740913505,-0.539119416234587,-0.822570454960938,0.998941466458698,1.45968688596663,-1.49906426851875,0.382660690853616,-0.480211789748709,1.07889281787134,1.4561254801101,1.41026290299447,-0.744987980519648,-0.25244694161312,1.62619820248747,1.80372936131607,-0.340654863991671,0.922144691658587,0.99882279909345,1.25574995498999,1.48947342787593,2.31160089536453,-0.492804454379103,0.0700974720488907,-1.53163343495602,-1.00636209840041,0.309451843974349,-0.290204637466394,0.56342369509726,-0.261584203831981,-0.0918263474214374,1.8541510244025,-0.160654657761059,-0.801498708508751,1.3501221650624,-1.8004958545358,-1.47877259628776,0.749429732266979,0.321376702210614,0.722459023996795,0.424784142777448,-0.188248652988409,1.27303959710847,-0.985943759797364,-0.709683518323093,-0.184718251028359,-0.29376747901455,-0.654225702198004,0.858370940681056,-1.30077351308141,-0.480170406054004,0.458824911836253,-1.2354180271357,-0.425824084569137,0.220737509328994,-0.244272766186754,0.0505092646502128,0.66938666206846,-1.6756920968544,-0.475870341151699,-1.65315072052863,0.18961344246078,1.4156309194585,0.0681661373099216,-0.585528871627726,-0.749958319209085,-0.218748644330394,-0.141944219371116,0.818546748470625,0.577374429678425,-1.78320218698374,0.674532477666337,0.855008419115017,-0.63270413965973,-1.14220782954319,-0.439535327564695,1.79721386884819,0.110766693824016,-0.607713943925184,0.511283404398452,0.297352150442019,0.480423619186773,0.32110350556784,-1.26984814155082,-0.189560374970216,0.477045948351998,0.235981479778186,1.06511300765549,-1.02348693288632,-0.210492843447879,-0.921869983578978,0.955373695965866,0.756670272225908,-0.38354557699512,0.577862632575885,-0.351909025568277,1.11567053865459,-1.02034826804774,0.288893088618261,1.06567825613371,0.163746414456762,0.32759490939576,-0.793514898335462,-0.0457675390363044,-0.326975070935147,0.364969379750458,-0.979198126808456,-0.959157200267849,0.926493476022069,1.92574498173584,-0.0408206970954795,0.10621329853883,0.872864779559442,0.105626718735103,2.64228666843563
"29",0.987048447276115,-0.497016476112051,0.613884441803173,-1.28807418443172,-1.28208414849329,1.0338368827101,1.07585917942541,-1.36565447924027,-2.00176240408607,-0.524852418937198,-0.249849064701974,0.382175554212763,-1.40907692386077,-0.864164050612329,-0.788353064585943,-1.33913184194583,-0.315509725016835,0.610209605869912,0.0145000916960012,-0.100901727766583,-0.296673805829303,-0.276522087123123,-1.66742156935038,0.111226373689697,2.11524934794964,-1.30353008156153,0.349012696403153,1.40262433812057,-1.36650641679166,-0.580662511763786,-0.660304457145355,-0.426401573293986,1.56182025924115,-0.302977065720941,1.33070941395737,-0.890861443460536,1.38797304150511,-0.336868293347659,0.767740219406584,2.50000920530528,0.0674724505675249,0.0433675807541533,-0.257700842037671,0.31530875167121,0.236640165175179,1.52888072241211,1.93902204494471,-0.163638657339616,-0.615409113103787,1.34417793061669,-0.98131535280324,-0.33809092393281,-1.56434825918705,-0.440133893737547,2.09526933880085,-0.954635252660902,-0.0445007022211255,-1.04896117699036,-0.511633012594545,-1.32808428940959,-0.49891012455935,0.121955487586287,-1.53268472243156,-2.02248826544347,-1.7148074252008,0.711840930652006,-0.322952208182343,0.934125625039467,-0.775247735091849,-1.18897734793859,-0.0649076645986717,-0.41148580530252,-0.130482160532624,-0.858780842146056,0.700242666424171,1.25432123283603,-1.56474926062672,0.33651122013924,-0.518097892049422,1.04775124747573,1.43057673426398,1.1673503079757,-0.769123138066381,-0.351210987459001,1.53218850155941,1.93837624453946,-0.34607171921383,1.17342131578604,0.902244731818536,1.24115007500175,1.66199736999101,2.20284693963872,-0.363866685215733,-0.0338851731941518,-1.62542587978227,-1.32561644054296,0.481807121962798,-0.567459089902925,0.967527323542731,-0.0154779783938021,0.17286384313102,1.67014265358003,-0.0148083992527634,-1.09382025256331,1.24590719693077,-1.69288617601431,-1.86661396816521,0.766748310688069,0.638202928235597,0.826276300224448,0.585438846547201,0.0630407116697604,0.850208238883661,-0.700070996154247,-0.692911945770497,-0.225563122656382,-0.216505014118465,-0.59210279907063,-0.155667728165698,-1.49667737617138,-0.598539007812687,0.13334499574721,-1.25066755389909,-0.515535674153594,0.177234181268238,-0.991896934471973,-0.203998047669508,0.904790272427445,-1.53004221469321,-0.435450890512291,-1.61402721770701,0.332344926196812,1.64739900386411,0.181382347151386,-0.262212158971639,-0.723542276853395,-0.0954582650590891,-0.057239239835145,1.13745662607938,0.665053914406225,-2.03400617839435,0.668309444345477,1.14143848533981,-0.589140422682371,-0.924126629583409,-0.791844752507084,1.61120211777254,-0.107953211081447,-0.18531373826973,0.358975671895118,0.48906454855382,0.444027969242353,0.289340779426917,-1.04534103281738,-0.0391191657985422,0.326229459402946,-0.194344281614737,0.921161876784543,-0.940818423245169,-0.31034525254536,-0.254669743551673,0.978508465311121,0.794886973803199,-0.360074124184574,0.480350260874368,-0.151046653939544,1.19407170979273,-1.35873661531897,0.296201641935859,1.21295112082609,0.245312062919448,0.694915420028058,-1.06790194647051,0.27496702735725,-0.143289891392398,0.364427900150193,-1.00529039125251,-0.778749568146176,0.967861129172296,2.00610287451335,-0.219142217070124,0.284925120468579,0.932383912750666,0.0360616615622643,2.28204524567211
"30",0.779533127666919,-0.600766033101559,0.628189969696683,-1.72342950415726,-1.54706691021318,0.946482399498581,1.38959110129924,-1.31923193409901,-1.37733526019009,-0.619602247832987,-0.154339573152061,0.231437929152824,-1.27409594020677,-0.692504670828006,-0.786814172054429,-1.42207388480778,0.213383205555127,0.818624565620898,-0.699059154614829,-0.0304439439494135,-0.524747898357496,-0.443236660881255,-1.61809307393432,-0.0271397658855513,2.07015803652948,-1.72705343667347,0.516439422117065,1.90347232588689,-1.71686020180881,0.109253407565355,-1.01013943170935,-0.617249942670801,1.43383225956102,-0.181060522854047,1.16306070089846,-0.892347846549181,1.15288963331922,0.0375397938959866,0.413906678244125,2.45642248387385,-0.365019322517788,0.168736968657245,0.21047067055254,0.945569675016818,0.323240442997615,1.85009532718535,1.73984858894193,-0.16222967259818,-0.832924243218869,1.39107931174235,-1.28846855212493,-0.508709611498494,-1.11900457453857,-0.445110127048321,2.00934256141659,-0.700212053980423,-0.391394664161667,-0.606543058128297,-0.957663309905709,-1.18767533985841,-0.23562776252669,0.0163584544408375,-1.31255033891023,-2.23761600930002,-1.30286108448657,0.7975960045461,0.337696721515046,0.572126635907904,-1.09795410403446,-1.18204390212704,0.0889397795565393,-0.405603061484461,-0.190883793577284,-0.559140305667137,0.976552444126075,1.47609424428687,-1.61631184381927,0.110520157763983,-0.577076097194078,1.06323292749587,1.53256610335774,1.42940027716415,-0.278522714530525,-0.387500813661479,1.9249548724002,1.84148153122979,-0.188454629496365,0.906903395758843,1.01510710948168,1.32619276881569,1.72198817548627,2.37526900457779,-0.460501884062863,0.312033482970836,-1.41664215031513,-1.1919096960477,0.286365809930692,-0.59003813172394,0.458228682501277,-0.168645301736033,0.0364058815717696,1.81235060172413,-0.183424291978804,-0.834942609551591,1.36279482339155,-1.50764935165759,-1.47467968573045,0.882292256597193,0.433681016607227,0.723822254390651,0.303037205531561,-0.277874108700279,0.87542008701334,-0.623705779772306,-0.679989655572339,-0.390550325834584,-0.468557663588295,-0.866941873435256,0.832329790351421,-1.39982339568804,-0.896728851759223,0.949857284983904,-0.748796003175451,-0.477374431001692,0.071399619120768,-0.831942224960888,0.30689010021592,0.685184920741936,-1.6034169485823,-0.724451516585908,-1.85356495944858,0.164815092003468,1.40683714190853,0.223609359881543,-0.526089842655364,-0.722343799222856,0.122391620544995,-0.237910550948861,0.597770957006065,0.55212128921118,-1.50239833368773,0.591485503435289,0.707489355546277,-0.808144446005687,-1.17096590215336,-0.705800324238833,1.59047752305617,-0.164997533361244,-0.336220419045694,0.37023518448653,0.241177327905437,0.203498815467541,-0.531357096113028,-0.930433432634218,-0.259960156798961,0.487475876843747,0.40278388662084,0.876427914237725,-1.13392902805206,-0.736657002888434,-0.797814396110344,0.862395219660679,0.810041802657813,-0.159630745321653,0.589010913061828,0.614362929273089,1.45407961246904,-1.68714260471952,0.650393058914644,1.1372195946025,0.0644107308008044,0.433173053315405,-0.617678491339914,0.0205006587899397,-0.277197773087262,0.198383139051358,-0.709110055156008,-1.04722523459399,0.806608902286959,1.94207376518826,-0.0433735168890587,0.15682827826237,0.787565838271087,0.148827217009204,1.95817795264218
"31",0.906109374364354,-0.600921349886322,0.841382508641701,-1.67868384808452,-1.2565109424468,1.03837619751348,0.876146445254174,-1.3270939338954,-1.8728851196203,-0.453941085876649,-0.360174971631542,0.368118930647817,-1.28613318658022,-0.579725609958118,-0.645609086824124,-1.0382581027377,0.0205353464689749,0.896584309237624,-0.235218258245288,0.018499710186739,-0.317033238940313,-0.299286940272237,-1.66508626448611,0.090809203524229,2.30241030913682,-1.715927103235,0.236050620762863,1.50444868274132,-1.43632143569021,-0.816697996821027,-0.828531394287785,-0.426762333775851,1.52343480914969,-0.042833306447163,1.29913795313114,-0.896325022300038,1.45224389592657,0.00543956937413083,0.653979218470805,2.4680316153056,0.158436859092295,0.229044038585183,-1.06354475040984,0.0906702385580937,0.322512496944084,1.6508801100993,1.79917853362574,-0.240049815737859,-1.06956647358479,1.51411413784892,-0.964734492097355,-0.630592034758923,-1.50469508136417,0.212257353913679,2.00293735191001,-0.702762659343736,-0.210088966231797,-1.17701973293682,-0.966779803968839,-1.34868167289649,-0.85251516572278,-0.051448322314057,-1.32110913293647,-2.00849245322687,-1.43884162609793,0.776923740496206,0.221720530787763,0.679207574812504,-1.3343325879224,-1.30191235667624,0.060078773972914,-0.381895482334668,-0.255730988024157,-0.577892021739888,0.889899324169326,1.39016638118241,-1.68281847075385,0.0457048531471912,-0.454466559889361,1.10513008750983,1.36225279931921,1.402987184204,-0.692129934689775,-0.309483612168986,1.20865942195481,1.92250224558668,-0.300633717448848,1.18743085313994,1.00791462600331,1.10341729358249,1.59925335861403,2.34394317441709,-0.435174782408498,-0.345841400122781,-1.59206405989752,-0.951786809535611,0.123261501740086,-0.393828371059111,1.04798236514926,-0.0328960297871964,0.135239342804715,1.65553863068378,-0.106260991580927,-1.28807841506285,1.69577794196165,-1.54491037404735,-1.19809771202372,0.71913895025428,0.807537656285544,0.717295323211093,0.509127953564207,-0.17662085607726,1.10017248180807,-0.754643082658089,-0.717112707937766,-0.162458456578343,-0.311969077589815,-0.576553559532142,0.560729458278916,-1.56738555533782,-0.737925775726422,0.517463651895133,-1.19179773028176,-0.424697828256475,0.324674787606822,-0.601570130981763,0.203850722531815,0.868155573655812,-1.74181924645363,-0.582832384504041,-1.64656075565428,0.161904134172554,1.50940906886293,0.156974481240654,-0.38124683741324,-0.806748751167512,-0.285613291238209,-0.192437414807767,0.81924488969966,0.817299298062327,-1.38953379637209,0.643463100990841,1.02062957818552,-0.679125494590605,-1.07790477249481,-0.609831444839051,1.77338362408538,-0.0744048702271947,-0.251863631858451,0.327301332194704,0.416306326010948,0.480825214816095,-0.365704300567794,-0.782698990087314,-0.426656082051647,0.47138305666391,0.441210246908986,1.07635198084156,-1.10492962722886,-0.347556703568529,-0.274265207503551,0.962832723326345,0.668021698266301,-0.349454243740535,0.587585958921577,-0.34150774426626,1.05204256543587,-1.04923030333509,0.281309002056515,1.15078462068861,0.0698334046672369,0.331592530748651,-0.846155285199775,0.159632629916561,-0.261970527774397,0.0892534612164131,-1.0559779467068,-0.502481792772998,0.961557589412462,1.8946506748027,-0.140303621095949,0.0585569554708002,0.724320945212123,-0.0518728989589448,2.47197064265772
"32",1.01192103168515,-0.266796540897476,0.519591349119198,-1.57404207020567,-1.60076165949793,0.978628335136668,1.06137025253087,-1.15379521701228,-1.46898040459846,-0.379271180254873,-0.00173909233297479,0.277674023972129,-0.945123430492663,-0.978606412346759,-0.656300324064932,-0.811848555820626,-0.50119133599843,0.592188447195989,-0.156286927313605,-0.0778114366764898,-0.533966163371531,-0.41092068176144,-1.53299956383763,0.0971598427616472,2.22646057955047,-1.45506458979896,0.530576552393117,1.75223489557745,-1.43388489967279,-0.322395659071625,-0.695970665646901,-0.502678225012693,1.58859303181827,-0.323253078119795,0.971387600656119,-1.13609191687418,1.32942777829168,-0.438484208064279,0.634267074584699,2.60913511381575,0.0882961148960504,0.0185921273578318,-0.686801673915903,0.575482213336209,0.143772192813268,2.23552739725478,2.02960537594315,0.157444093948904,-1.40146251125211,1.49645674229105,-0.919264149531337,-0.683738187175437,-1.15500863137555,-0.36699941607322,2.21814448780718,-0.420476042027363,-0.285695422829789,-0.998000130959302,-0.956327030493505,-1.51669281246116,-0.772432111626558,-0.13793830474166,-1.21070854000416,-2.03485032426675,-1.65771549930987,0.587036363135546,-0.141376344611415,0.308130077870643,-0.86753919405273,-1.16724914132331,-0.484807888084072,-0.27469279972093,0.112837242255874,-1.01973738280322,0.492689913299887,0.954137354083626,-1.88027348041066,0.335747513760121,-0.761765195853776,0.903958782705849,1.25611873282918,1.15913600210824,-0.402210025837336,-0.566007153549676,1.15213038387118,1.71714394348987,-0.342705682893511,1.23389701120883,0.830709560507705,1.3160273996681,1.65898700176057,2.38114040219927,-1.19190914644485,-0.32808973287628,-1.28359691188539,-0.96962531996746,0.506656697280045,-0.54420237830224,0.935496223289669,0.115746032908716,0.298052991814773,1.73630525521489,0.0468007508897265,-1.40568089612191,1.39982331912729,-1.82107637282365,-1.59892303634333,0.864854723231547,0.831945155422825,0.759156627240059,0.465985345453747,-0.0984682937703395,0.732532188358925,-0.404052323987615,-0.588066194721764,-0.403751469399056,-0.315140585499782,-0.618721953318075,0.819110570516413,-1.48947466156355,-0.606197279220506,1.29951272250076,-1.0372446251903,-0.458954434401876,0.0784414106333435,-1.24390278846555,-0.403553744381044,1.05667639308227,-1.52439633669556,-0.47358194790323,-1.62400291468545,0.161525567592363,1.47875333348751,0.0798228299302185,-0.305353512756457,-0.423701733470776,-0.166130212973418,-0.11718974830321,1.0068726701186,0.0065834447248901,-0.95709720607228,0.660314845214221,1.16555318981253,-0.748975160645275,-1.08945528665685,-0.378661730396493,1.7892625642508,-0.130388837144932,-0.729251856804477,0.610450298190375,0.406813187783442,0.0961517318028532,-0.0662929724862694,-0.504534689357026,0.226799718843597,0.389230371775247,0.296107582296222,0.593253918803625,-0.724121546639524,-0.794224275276531,-0.310518441964653,0.981966947940663,0.645250194056966,-0.467987241463397,0.492568440119483,0.165720660382195,1.21733779310225,-1.5012272354358,-0.10452891252081,1.29023790827101,0.169464808014484,0.604712753495793,-0.806603455026548,0.20545184546169,0.191603861003534,-0.00822439356907292,-1.02638138802392,-0.594912255646609,0.97499856450737,2.13818310384911,-0.301608325408008,0.242612929154258,1.16145554351117,0.1394418369056,2.08135989108124
"33",0.810702752901044,-0.778792906441821,0.923253001477267,-1.56409546722183,-1.30236383953042,0.869384396588733,1.16109420797792,-1.29444370489804,-1.93230260006646,-0.666492220902988,-0.60346626444874,0.244013479373172,-1.56069929457789,-0.561963116370712,-0.620787758716842,-1.36916373142855,0.253990150609526,0.987798266957083,-0.384353824258129,-0.195753458432219,-0.395819740155999,-0.290667508113956,-1.74821059664104,0.0156320365779118,2.12885409446345,-1.20428137081318,0.23480222874703,1.48975756894105,-1.39074921392069,-0.341569133953299,-0.807472585282548,-0.527649818821424,1.36964954149393,-0.394002009426941,1.14266269071748,-0.679206564646874,1.42434880169607,0.224622851485486,0.434181772054598,2.36217095407043,0.02682766949813,0.192541649688552,-0.368895778520177,0.926800620713828,0.395075693345871,1.70301402938833,1.68120253206511,-0.417622964307324,-1.19972374859168,1.46367022667501,-1.29224563108664,-0.719791349965456,-1.39935355997329,-0.462484343545606,1.89047233616751,-0.956056421248638,-0.217430211730801,-0.86413871948325,-0.798207988509912,-1.04695641455305,-0.634624111738454,-0.0471754289229023,-1.21110056069036,-1.96436157804174,-1.19553089230299,0.960903063757532,0.458440210667947,0.711166774356457,-1.02431050443077,-1.28633130245318,0.257056737487737,-0.38371858365561,-0.46088713611347,-0.530588081714546,1.1048120223904,1.54038615829976,-1.57655706967308,0.0597471817760755,-0.435103011450446,1.10596065506887,1.43989494603023,1.29908782477208,-0.567058499847623,-0.282189390951727,1.60235368813566,1.85585121519003,-0.277520509195263,1.13794907396981,1.1419985184774,1.09909580273228,1.62272842979165,2.17320440936121,-0.240196226558393,0.12132646710156,-1.72626605791857,-1.36533587974229,-0.0437581631122074,-0.38726292943304,0.939120177269175,-0.164427498018251,-0.0359836455250736,1.5337887293444,-0.315464515454164,-1.11596006807879,1.62661041830797,-1.45394241417342,-1.36358984055849,0.825233835960813,0.801499342402874,0.588378741030574,0.303577304404671,-0.367577386634854,1.03438454460011,-0.995938516363995,-0.442987984526955,-0.335594303641491,-0.465215070111307,-0.761560580425831,0.105658798744268,-1.58568429917037,-0.627414917103572,0.957112555273507,-0.895706321426993,-0.537327404834779,0.098652212141581,-0.6673519820358,0.123361157113015,0.946950086463463,-1.74225363593453,-0.657565115252677,-1.57981260594384,0.301850001313148,1.77610791664342,0.269963739656537,-0.247431505570153,-0.935336550714501,0.520806835753048,-0.360133080487902,0.871571308952617,0.966642741005012,-1.47525942462494,0.560534619452027,1.01510645546091,-0.615982313914143,-1.24190904863786,-0.804342524549847,1.74654248740315,-0.268671321323891,-0.286894382687101,0.375885824863006,0.439363288120438,0.38012765400756,-0.0348799018465994,-0.964815169414921,-0.340880656124124,0.528766774644619,0.444698749610848,1.08795542554838,-1.61074080455355,-0.257675607019968,-1.17656783119616,1.06564757850152,0.645492751054904,-0.315663531895065,0.634660657321491,0.195703156883255,1.30841580082222,-0.939222652277677,0.0865122809405257,1.12906555423621,0.0654894069134433,0.176878136588009,-0.435017406102721,0.0837506592884502,-0.600635550649081,0.437218333188937,-0.669603090334587,-0.684524655192545,0.818257866364007,1.82018667066539,-0.131823957306691,-0.0338287260650711,0.609602472921907,-0.043568694216937,2.28823648623178
"34",0.98170247764678,-0.381943152313191,0.670328321344991,-1.7286157203372,-1.34351655902107,1.02533281649002,1.06858488218485,-1.4499115315757,-1.83225166517316,-0.248080826900686,-0.428350737933605,0.353715890413321,-1.22962383335872,-0.536614801426998,-0.717296320080272,-1.28408426341392,0.0399329124624561,0.82867726302749,-0.267627807340835,0.0913805179471564,-0.369823369515359,-0.322945887161837,-1.84115042890279,0.0254229433675314,2.24531186789911,-1.21272019439933,0.120176189062094,1.56454409614585,-1.31541853922357,-0.826324192255095,-0.84495595289141,-0.492290925354446,1.5108026649545,-0.213869978207592,1.34966269035788,-0.971973054894222,1.43981655137467,-0.0155981210045228,0.76331187564949,2.4559148364994,-0.10826338939515,0.296158489678556,-0.585215587295168,0.390478690575946,0.423647405480112,1.70085039461109,1.83458558581847,-0.055884650699011,-1.17939161044655,1.40738749276983,-0.97135193377186,-0.817426368937299,-1.45216222870083,-0.805986200069766,2.0282216075339,-0.928279591354293,-0.193277724269685,-1.2324870775024,-1.02553229062907,-1.14443478641033,-0.667943008929401,-0.170494824041628,-1.3525891575792,-2.0561365746333,-1.3790156830221,0.791220563064836,-0.0198394689518929,0.739257781798028,-1.07978974398682,-1.21934148643387,0.0902000975984938,-0.490430335880118,-0.165058672663583,-0.633490139206438,0.846405200552803,1.41813736356644,-1.49469832334007,0.300044216854884,-0.367967469556897,1.19494050958724,1.46378755610411,1.50546364293053,-0.684003252849847,-0.194078874252783,1.4921419989322,1.66197842180592,-0.336044207548404,1.22209229646384,1.00749152761701,1.0844823657997,1.69452869191567,2.21068774618318,-0.537275989737937,-0.105276567881666,-1.65630861917232,-1.09098965604276,0.345522320500053,-0.537038656986101,1.03987668010411,-0.0271705487169385,0.191252453923541,1.59193641170378,-0.102530543762942,-1.06424695640843,1.20401582922563,-1.50865030439183,-1.67367412538744,0.74270530058792,1.11535050869271,0.714627691465646,0.52520081997119,-0.133851580661851,1.02253078570004,-0.932226274845461,-0.705094993635362,-0.462158388955497,-0.405788834669612,-0.719091680645764,0.619731474458443,-1.4115742212252,-0.642146226725667,1.10987995757306,-1.30373241645226,-0.585956425995347,0.165329344387407,-0.776007428080685,-0.205136793045237,0.808567650169704,-1.62311305081408,-0.474035064233825,-1.79251192266984,0.177214999542379,1.31117334287142,0.194796736035278,-0.366428588140277,-0.584915121440063,0.267909901024134,-0.167464551222829,0.890015688339321,0.819182990145374,-1.19501316617178,0.5468077439553,0.727207847883176,-0.806597822534815,-1.03095874948417,-0.694876205938842,1.80571921319759,-0.0425471137150138,-0.249489235834505,0.552042986822596,0.364642775864595,0.596905254753816,0.188016095440142,-0.643464017940272,-0.492449837280336,0.394207167124547,0.264619355392505,0.735429881057818,-0.916446137830314,-0.462012257646848,-1.069016502127,1.01624485099407,0.817709984254724,-0.319546395956852,0.764737455083629,-0.333771200476456,1.05836193860743,-1.34913215518882,0.31256797413376,1.15694509961102,-0.00781314930909393,0.42200107319436,-0.798136218867987,0.0614214557001794,-0.0801755922535148,0.299110385969953,-0.988680725134581,-0.34066572052279,0.910453342777916,2.00532292786077,-0.244369665352321,0.228029076293079,0.846552188723198,-0.0475038240432862,2.12197834541245
"35",0.898981657466123,-0.395368821698884,0.658946500640104,-1.77793578113942,-1.48786193646663,1.09258622234057,1.05890135534634,-1.31349017530925,-1.7027753927094,-0.528678187961116,-0.310263188772787,0.426068533231377,-1.26300014792795,-0.750307741619195,-0.676288993476664,-1.12179605803945,-0.125316681971572,0.70043267165063,-0.250395887671122,0.0101918375567218,-0.363068060837297,-0.293398471559866,-1.66425680581364,0.0105465033143182,2.11381310406726,-1.01090482633945,0.51525393278547,1.828501287595,-1.3267367322705,-0.675369569362718,-0.716313531474828,-0.461088425202037,1.58107909699554,-0.265744774973777,1.20652084796776,-1.02395857508188,1.453123621404,-0.336326181460194,0.631967530294969,2.51787489597418,0.000456710257687804,0.0437202322494238,-0.710664529025895,0.224005999969551,0.448758208674594,1.90463570545719,1.80127660924809,-0.0373214826750643,-1.08030533398519,1.34343835305502,-1.11283452997933,-0.714295608791601,-1.33446689802955,-0.821225031384341,2.08870521106491,-0.76485167268163,-0.114511732122522,-0.963263158090803,-0.73777962180328,-1.24228448276641,-0.807828439531914,-0.0820569130722871,-1.30351548981017,-2.23962226554305,-1.48126920159707,0.660803866986084,0.0265870991178491,0.531030262965425,-0.827049938601937,-1.16286387414231,0.135556070305704,-0.438843399592788,-0.141917399302692,-0.751752206496205,0.971870210823425,1.46613922731154,-1.73621066102741,0.425237422554341,-0.602502081141876,1.02674092333094,1.35446590622082,1.38494519053076,-0.648890607466002,-0.40003933078691,1.38052844898461,1.57816387154467,-0.435405165729387,1.30435029120505,0.8662918557078,1.2730771157998,1.78415038632999,2.31900790592515,-0.780636183851129,-0.164576618528003,-1.50683202747551,-1.01708824833719,0.07015980973778,-0.559048838944734,1.08692412475183,-0.0314794360016089,0.152604974593546,1.66629641249662,-0.0274352230864232,-1.13913220842181,1.14805239480965,-1.72365689169152,-1.48802089827962,0.805321217989151,0.632708125205447,0.74607366929253,0.326386032831986,-0.226694732038846,0.830868252353817,-0.692959028148315,-0.654287722424863,-0.29787438222475,-0.29806982403477,-0.734754641319595,1.15795575686194,-1.55834221318486,-0.858518593431638,1.19954370400458,-1.23773822189338,-0.491981673354912,0.0871969018582915,-0.882283990344367,-0.0837382441765664,0.958236774210785,-1.46273675534083,-0.607110571566262,-1.80935481816326,0.135936187967277,1.52618552424521,0.0776634546584774,-0.432472386963473,-0.624151364536868,0.159777687273165,-0.246922940711355,0.785514108158189,0.650623348475654,-1.20934594344244,0.678711176026831,1.01180414280019,-0.707327799179087,-0.929185113379094,-0.76085423953695,1.72512626014315,-0.0158037431096566,-0.626980128932148,0.403433667973356,0.296387605137059,0.405735524227378,0.129554560916745,-0.638050750444275,-0.233056141414317,0.397176642235379,0.163594852538415,0.911610113535363,-0.774204035140365,-0.603886124971784,-0.503673950029528,1.09467005415123,0.830485571580677,-0.344030732487032,0.44815402168164,-0.188610060902753,1.15491853720369,-1.52038844962262,0.188757978888744,1.22441356954584,-0.0326640860976981,0.671176137966456,-0.760242386464619,0.178908827175923,0.0739262970215654,0.293578109691704,-0.931830197269645,-0.830853328592836,1.03578866211404,2.03414859219837,-0.0894217394445146,0.333871830655048,0.778204424216619,0.107401613706288,2.04822371389665
"36",0.923246637095753,-0.569230520241931,0.886331116304625,-1.63219238989098,-1.53697196575,0.967451285597244,1.14024175812194,-1.42089613425894,-2.0016095803483,-0.544939992903928,-0.420331104209793,0.325843368571604,-1.3740241671151,-0.538245673082573,-0.548673562848381,-1.29414247287338,0.259643309434841,0.865972041538307,-0.168950191105812,-0.0620311639257351,-0.451423722400975,-0.282267695702223,-1.63417298041924,0.123982384581842,2.11423257865945,-1.45947356059241,0.0512321392922563,1.34390658796683,-1.31912524314927,-0.92638836265983,-0.81282393034158,-0.36004511659657,1.45381434196075,-0.235251157421828,1.33460089350623,-0.687018845664808,1.44754331862181,-0.0997906433668041,0.635916134349653,2.47044653559283,0.194236851095506,0.293909738086454,-0.426406090847764,-0.181368321385026,0.275122216791867,1.55777655520859,1.8590072890732,-0.246084374181289,-1.1572722920273,1.44475456677867,-0.955411399550514,-0.771521780182247,-1.58950733055699,-0.70166394449031,1.95362526563594,-0.888674495676687,-0.238004359866411,-1.31377024712902,-0.839757828286392,-1.13739420850094,-0.72239426620969,-0.232556399383445,-1.43827160347607,-2.00373992823763,-1.14668083467207,0.772380727359585,0.107021417351962,0.640257852424377,-0.872870862479581,-1.24299106040719,0.126578209477182,-0.441103425192853,-0.230723212793749,-0.635327037789916,0.922054234784784,1.40853793325952,-1.62753992607292,0.345132445667801,-0.426634754194368,1.11983323782844,1.45117506192227,1.44363919304765,-0.853521096606829,-0.184926214655642,1.3833666395137,1.77432230212683,-0.240612693908898,1.30267832881936,0.965289978648427,1.12295048975603,1.54872479273111,2.40939786465451,-0.336810651758922,-0.165094889844378,-1.79749474851665,-1.25455595989049,0.055806220333892,-0.489047043514325,1.15669276722635,-0.0275814743371306,0.15770412635861,1.37163342228352,-0.137920133427999,-1.01311166612056,1.53253262188464,-1.38932772849943,-1.32570927808292,0.69180536493929,1.1564620248744,0.750415587017752,0.422598162343879,-0.236020675254189,0.864270225166776,-0.916330027392513,-0.729192296212848,-0.315889493779245,-0.355150918687761,-0.652055021019122,0.909028363983084,-1.36949086680199,-0.753229414352407,1.0556551033297,-1.16445010006069,-0.39169037895051,0.147835968764748,-0.832502386828468,0.175725017558908,0.914918977848751,-1.57763153604481,-0.488196092321293,-1.73819329299457,0.145269023301552,1.71935276209486,0.214229971886423,-0.467957274925194,-0.819005074272689,0.219832856945082,-0.242504269539421,0.709527131460023,0.991639685283586,-1.35242334482374,0.536381117781069,0.83023341440369,-0.548854846457396,-1.10229376975268,-0.450355667322746,1.67402158470309,0.0472517876262803,-0.364446962268648,0.372432145269992,0.514447500879243,0.53762750927559,-0.0633857992037764,-0.77032993922661,-0.363868525974351,0.31683155882929,0.120245813088157,1.22868717846497,-1.31094772506136,-0.228041363085037,-0.7908792405884,1.01918774667138,0.736201693523857,-0.136993525751009,0.560710262418872,-0.587520668057972,1.07956571919912,-1.12521166672459,0.181513254343808,1.16583906679618,0.0573907924045568,0.637916498172155,-0.869280254257685,0.0914707209290729,-0.487417459091777,0.407295883368054,-1.11138370830834,-0.257623174609062,0.94604294315768,1.83663676343112,-0.210637876900086,0.246573918899673,0.746055883279871,-0.0262472402228831,2.25136185170854
"37",0.961895685278997,-0.416643610617399,0.52450433262279,-1.6234159423618,-1.32783765952192,0.92996628336636,0.940082034617826,-1.33714756905207,-1.6405443924336,-0.199422101026141,-0.242108613981184,0.220586247985401,-1.08404570641572,-0.636676705253489,-0.696858672019079,-0.942618069924621,0.0598534370108826,0.910527543396804,-0.313242863855642,-0.0638396023276118,-0.394987752647481,-0.331659681913899,-1.49758913752334,0.184249761913499,1.77741391284527,-1.52992154546833,0.521334346228668,1.68701054670956,-1.32639901167208,-0.642320716925185,-0.920752722763305,-0.471158757280432,1.54134812228286,-0.0302726948726601,0.876463513658605,-0.501055862251256,1.46705594962606,-0.432017858396813,0.432661888907863,2.51268745351512,-0.0542042073881941,0.0822288695557073,-0.077488780090218,0.262493089373405,0.556985261678225,1.95839276451915,1.89299007042788,-0.04393822272017,-1.78363945372551,1.23755004436212,-1.15757241603716,-1.42169513843064,-1.38251770613385,-0.456571320455431,2.22637824903274,-0.67330755055555,-0.238229779705112,-1.19736244083897,-0.629551321792463,-1.75917600865791,-1.00498530248327,0.01732759026411,-1.20651927933479,-1.90971553825558,-1.47494876170676,0.69359920458785,0.0897081330049884,0.60416537815152,-0.706177750205897,-1.2414709573723,-0.854283309894883,-0.0794749740126059,-0.159419951552489,-1.06796745548845,-0.0610459980288244,0.456064201060701,-1.50659635214975,0.317157663264735,-0.783616424094024,0.931988098309187,1.57962757912569,1.30517739107085,-0.553737163319251,-0.482755813376622,1.22978700044922,1.7713633016724,-0.30321321602779,1.1380884334799,0.913788785503817,1.24940396860752,1.75066121822334,1.97374907025233,-0.502439090639655,-0.327920007843011,-1.52932967687847,-1.27505575672994,1.39027098165448,-0.582138852399553,0.678423193114844,0.121725762208205,0.311643936984676,1.63555870469104,-0.0235818270395535,-1.45136448080722,1.15358364325303,-1.4793876853902,-1.57269066575115,0.538464309422689,1.04876004250629,0.830230663347736,0.582376527302485,-0.185171008286464,1.09737974597289,-0.663530058137097,-0.570315598420223,-0.187209780452116,-0.241618397886908,-0.55681071299107,1.09162128405568,-1.42672778617863,-0.377644753418981,1.52566968768333,-1.21549946022899,-0.672838759062531,0.171820741962694,-0.695160758023062,0.982068329586378,0.740929809216515,-1.63809543222564,-0.415034879235332,-1.7344990030261,0.449877906957139,1.44921659495748,0.0650235718623271,-0.298342258550903,-0.565770787488918,-0.526521901570574,-0.20796604649911,1.17473441003238,-0.128310476861203,-1.04260253471359,0.610102720893727,0.856908674704914,-0.643389291191708,-1.23590883688087,-0.310350573935131,1.6652782441616,0.012339361554198,-0.40039528952861,0.618167847758257,0.605420480244289,-0.124268268492577,-0.337031046896993,-0.695170885428033,0.284556304809214,0.208207505918009,-0.0621675319606614,0.664525660810621,-1.163803445939,-0.415115223009485,-0.148067241613869,1.06618033301043,0.811356420311701,-0.565022924453486,0.401989184066035,-0.140803427225164,1.28688642173125,-1.51583896479222,0.354166749221918,1.34239166221664,-0.0252885596872315,0.510739969067211,-0.85637483556579,0.135622542694844,-0.216361163654656,0.0628872739107887,-0.726572588946052,-0.49328827361346,0.941556029869122,2.13414571029113,-0.322124322196011,0.348406645233421,1.32021956316876,0.0951010012324479,2.20178839648987
"38",0.937813004265056,-0.522813534577722,0.753274676800643,-1.54067470137291,-1.21161477289517,0.985441664934949,1.07338351054659,-1.26817785964442,-1.85689573235514,-0.590364074906742,-0.348061383070255,0.310459782664857,-1.36892548681304,-0.656275536690532,-0.512323750300066,-1.20818645976319,-0.254574645644358,0.90980417388607,-0.39756771550942,-0.105317184490088,-0.345428760139764,-0.287695097371037,-1.40426088696365,0.0322640635058721,2.16525909377658,-1.11721765096959,0.335291524006867,1.49364100236013,-1.29632659982748,-0.674630551110622,-0.686212197429107,-0.41690772213898,1.48808131974143,-0.453418467644942,1.04506480339859,-0.63261471333648,1.6082614649969,-0.193542425456425,0.489278352929013,2.50070069396594,0.0848263690615719,-0.0418800472329862,-0.138656899291111,0.347703875517733,0.483454416825055,1.79601398826979,1.83468005667267,-0.197670319192621,-1.31130676442587,1.50126566371193,-1.23025096128439,-0.92051998719487,-1.42067420521369,-0.796693242349236,2.05531263872315,-0.898397905602742,-0.174974976566469,-1.18253569346527,-0.76667681041529,-1.11697632984472,-0.680099249677974,0.0498571521594266,-1.31292175049927,-1.97026319377889,-1.55112821921764,0.767198678445692,0.299032391604014,0.659444630677115,-0.922596905795132,-1.17669674408354,0.116810480933585,0.067055455051198,-0.167294917729818,-0.918975990771816,0.971412661275325,1.44394895040681,-1.60058279184762,0.27029566203945,-0.551786551375639,0.960377598757272,1.42717885878751,1.28387000543313,-0.660914978569693,-0.45559748037232,1.5090538985724,1.90609454642164,-0.37319591486776,1.22754341665897,0.978068602201647,1.14545408802415,1.72317291398952,2.06884071253331,-0.725657290903485,-0.0733839041145372,-1.73676117250805,-1.40438424261827,0.105041547475666,-0.579465408636264,0.907753090595405,-0.00101695401249672,0.157588001812149,1.55673393294649,-0.164577285041673,-1.27112328006098,1.3362524199445,-1.63123348954794,-1.48580957316713,0.885820871901438,0.716363257029657,0.68175540108343,0.428999063950964,-0.256203356192151,0.762817312710981,-0.6964437762095,-0.494654362497195,-0.36506511455728,-0.234061671844112,-0.731095922830864,0.347109162128738,-1.68988360013496,-0.545825864454062,1.19175170739518,-1.24176374089398,-0.497672754205771,0.106543856198894,-0.953917348882354,-0.367107691653031,1.03374983666228,-1.62320321239672,-0.551389191742384,-1.42477552575022,0.333551887419793,1.86271742716595,0.132854184216007,-0.354889366224637,-0.705944295138896,0.483151594211849,-0.248615160535261,1.01359751231466,0.411463798426401,-1.37934468818455,0.592185386345213,0.965492812834238,-0.531937119324621,-1.17587303164558,-0.981060004088667,1.89555495979701,-0.191786101891821,-0.518087308837448,0.490734506560654,0.418429731407375,0.201094834321394,-0.0504111574920363,-0.810872882011172,-0.298044067982808,0.398187738905052,0.243466433513996,1.00839795781468,-1.25679291093275,-0.292855304833964,-0.0410880606467726,1.02660747393329,0.614227384602783,-0.407361152804885,0.320379164854997,-0.210697456736862,1.4334617783228,-1.1612520553037,0.3736756551417,1.26966943636838,0.0819164176913602,0.387882856847803,-0.609771879376507,0.130957278441656,-0.492399609503316,0.456552864873163,-0.663576913854073,-0.774995630547392,0.95335987311455,2.0038997360206,-0.157052292350342,0.169663859158891,0.698252354003658,0.0109663622993915,2.24386135889237
"39",0.742667565332197,-0.683168870839845,0.860522057768807,-1.74116943931877,-1.36430400647402,0.928095306715046,1.15158128737227,-1.25505170620077,-1.90954863459233,-0.407100157320015,-0.445409765843196,0.258074139911555,-1.30339989438898,-0.683753756532037,-0.648867446716581,-1.20803389462908,0.480252215478998,0.908502219413183,-0.203852220343071,-0.117077872773738,-0.502997523534908,-0.234502053152008,-1.44914619989221,0.0342286470184877,2.17679230015204,-1.41775440601758,0.44522030926379,1.45156875638847,-1.32211271300309,-0.261781116258508,-0.782448688519583,-0.473220162766338,1.52434069878507,-0.25330521166157,1.23181801623448,-0.665555257843318,1.54902606880361,0.342005893624946,0.675964219750386,2.44172780246852,-0.166722186494493,0.224194267254598,-0.566879626989277,0.526137714745695,0.615080013135545,1.62317271171023,1.68346535286178,-0.339072061193625,-1.58293987651969,1.4893174464514,-1.14594656734434,-0.84143557324411,-1.32733568561129,-0.54174233952588,2.01629840119973,-0.920015758577853,0.0287287570312952,-1.01847495775948,-0.48824342911394,-1.60841740253112,-0.468061858020955,-0.223019891815225,-1.42330759468977,-1.94394279325166,-0.942472664719654,0.914159449502323,0.153740823853653,0.598977084101596,-0.697411442821585,-1.22759243466202,-0.125317828069482,-0.34165820847651,-0.197732181355534,-0.612105023564781,0.658929010772471,1.1766845584188,-1.48766101979913,0.28328854345073,-0.500619873305231,1.04032074814184,1.50694444732405,1.45921972032577,-0.461054231000867,-0.326907239039512,0.805571920085612,2.11380785371169,-0.241990103444194,1.15675078220915,1.05797767411677,1.08917620994774,1.68344543141419,2.31425411243714,-0.568667657092254,-0.660294576950573,-1.68662020288555,-1.26032190795015,0.743934395627965,-0.257314657870007,0.829500675674087,-0.107053723457681,-0.00440739062155015,1.71888351338121,-0.0741625923275844,-1.29130873859074,1.43786188979729,-1.33850824687918,-1.40245820779316,0.755233447991538,0.559013202154799,0.875129656518762,0.521531978462642,-0.197229488457284,1.07579518383899,-0.922503155315629,-0.559078431571993,-0.0811701980754525,-0.410878377195017,-0.577615296984129,0.759480753886786,-1.48666851222105,-0.886886378844978,1.01365318564509,-0.93356806043964,-0.468481436922915,0.109652628996392,-0.647227185413535,0.173192122722017,0.892086904569004,-1.69914675344235,-0.603640220134035,-1.48521358118494,0.437746242597537,1.63333887612691,0.296141229679576,-0.326041264225952,-0.827473479664869,-0.43262482131488,-0.252995272567903,0.925940268992098,0.574014909402399,-1.48767680886224,0.610049929396699,1.01387420665159,-0.540701187790731,-1.2158340570245,-0.686065055320373,1.67722158440664,-0.099954347059994,-0.223628612772671,0.281661481518656,0.61227130099192,0.224918754247862,-0.746514277094591,-0.867649156675209,-0.219878356185655,0.292462591243597,0.209368888424149,1.00192364407101,-1.35965225939805,-0.353030637436694,-1.47527215082489,0.955629607730523,0.791068808349936,-0.275657088342258,0.508283657276102,0.23560892425106,1.08407641552484,-1.42895374007431,0.387635085949311,1.21484235822779,0.108579512076338,0.519308660613559,-0.848085568325733,0.090661279455609,-0.574167707395453,0.324202366326128,-0.889677489733654,-0.779686399469265,0.874418897137993,1.81574571493305,-0.269405956298278,0.231982429289002,0.9199859793248,-0.0782849759388074,2.23103281781215
"40",0.923306898494705,0.050984467666175,0.478400831509589,-1.5738349049773,-1.06796204864437,0.910217883982474,0.840096519966084,-0.975301440051613,-0.937376168515389,-0.574625370792887,-0.0485485609021561,0.216406937925607,-0.761997239392719,-0.824046660604575,-0.705033312397974,-0.804270649812159,-0.547789662797553,0.795919861767539,-0.568600294146292,-0.230147698591845,-0.737281499800918,-0.432814447663528,-1.62297887009773,0.00370042031422436,2.17163860321786,-1.55899134396178,0.473251918320058,1.80375488071911,-1.57292821983096,0.282897505460827,-1.00285042778059,-0.657329728715408,1.48807811464716,-0.600975249218618,0.743983407419944,-0.814191585319421,1.32819677075778,-0.340126547201294,0.224734395875604,2.66697719197639,-0.176559930665168,-0.133286079683122,-0.0394290603156777,1.24016522887109,0.318689455162391,2.45525061424222,1.92842991846896,0.462769504592763,-1.39983483654279,1.26853395025168,-1.22608559497892,-0.82711123888669,-0.72823194636224,-0.247571567352788,2.29683186183369,-0.206125969434161,-0.0567189124829093,-0.619063629119364,-0.910045126372723,-1.54635520781203,-0.8836038553075,0.0081187432242402,-0.99710660374037,-2.33159990903631,-1.63633049275527,0.519497249598743,-0.0149097879460824,0.65986857277786,-0.825313628855644,-0.946476481402434,-0.122229951212897,-0.32810972835366,-0.099881010219975,-0.804140000563602,0.680632422099433,1.35271942463058,-1.67233258814787,0.183541424025154,-0.792783866790949,0.814071045751648,1.53794399953409,1.37396551799426,-0.0158239072468648,-0.720592056661761,1.27434267000665,1.20407368769596,-0.0577383646589622,1.06107842280652,0.755701005582801,1.29533436558263,1.7424540896366,2.30113904616481,-1.0657325114673,-0.596050282419892,-0.89104350702438,-1.28117096058411,0.46857450906518,-1.04135365185447,0.566349164273074,-0.580637393778602,-0.339599032777587,1.74813567378791,0.0896182389029254,-1.21262391179826,1.18877609951896,-1.65036605003559,-1.53669744282733,1.0404312485188,0.286277435945435,0.702461920642827,0.37116768252137,-0.324259642687033,1.02790343449654,-0.0631126741888278,-0.388645837348665,-0.423712213825866,-0.542022044371785,-0.721646738422218,0.757815276905845,-1.60531424181925,-0.618383405890716,1.65260622137574,-0.599354698720666,-0.649661694776151,-0.101176769087895,-1.27367064402056,-0.422066872553324,0.863675815312463,-1.85782251921482,-0.676610254179473,-1.06896904428687,0.104677764421849,1.42937440584411,0.243859064340658,-0.527757227053742,-0.059216803931666,-0.13202162865115,-0.0606319823351086,0.780291125062496,-0.781841675998545,-0.686012108883189,0.651944880439864,0.598970178014509,-0.761776974317667,-1.21889964559973,-0.604651581230775,1.94339064956092,0.198241711449489,-0.600352818907318,0.680912556212582,0.231995342561642,-0.0411556267161763,-0.679353481927227,-0.359234770463414,-0.668090455345271,0.376019816447987,0.149700485213913,0.323928320166916,-0.819224390067236,-0.750779229858677,-0.169896508981131,0.725559474925231,0.831785317441936,-0.095688642200795,0.700984180577095,0.817560345035182,1.27297409900367,-1.69077756626662,0.550884198828857,1.23222157496864,-0.0796497174117919,0.426451245387515,-0.539867114188661,-0.14480379732507,0.0637788054180335,-0.0371788270022251,-0.650816603226077,-1.12718321137644,0.825409029995207,2.19948881763994,-0.171194540055245,0.235066539800168,1.11531895773632,0.046184264231846,2.65668953085883
"41",0.901575577468517,-0.223788879722506,0.455649718156384,-1.76143372133894,-1.42791851905979,1.04262195191724,0.941160008641871,-1.09988975052116,-1.35899286923307,-0.0735393057388978,-0.244151914288689,0.350272401407782,-0.872230248394605,-0.774882057585116,-0.745093541427915,-0.852426499545857,0.0249212255031851,0.719594184803795,-0.324136952254271,-0.048786248051234,-0.566884641900057,-0.328085563954355,-1.70240497344473,0.0332948310996922,2.21541983119615,-1.50380602361233,0.630784970996307,1.95370584110323,-1.44416917113448,-0.438379990381935,-0.7429317799478,-0.502754814428234,1.56668781729058,-0.0570699902250874,0.954667983824481,-1.12367141473476,1.52404111200625,-0.322811322418403,0.708156388090397,2.54588118972877,-0.305671312458142,-0.0558484331179862,-0.193237600429495,0.391356409031447,0.461424182774224,2.22071461064357,1.82063952761421,0.197093494024978,-1.79792519977109,1.27340918138073,-1.0226363963649,-0.989732952994364,-1.27110913992303,-0.429877728381632,2.15445669025394,-0.497566927501486,-0.17090370384223,-0.947122749106765,-1.07138469544007,-1.41487704176006,-0.52997869765901,-0.189111380799642,-1.15979999098537,-2.04323361323724,-1.26223347999275,0.791581086413397,0.0999722967717103,0.623107440404844,-1.43530229799752,-1.1878610857163,-0.0372253593566551,-0.354483099239207,-0.0321902584513012,-0.780408179461489,0.756037456896557,1.32121668872616,-1.63010873991445,0.108740966520203,-0.641502977918098,0.896426191881916,1.43681812254662,1.37269079962733,-0.465134130586,-0.498267967050925,1.42241903923501,1.55730528504317,-0.309115361556532,1.22300823196957,1.03623762959007,1.3047743380305,1.75904501759693,2.12581210323477,-1.02569316591411,-0.0866413374102084,-1.04869206241642,-1.23227401500315,0.424970169652085,-0.74630924197975,0.869783272361941,0.0766433709626199,0.32133538497265,1.50525578394784,-0.178204028446937,-1.2141527029979,0.808124582992245,-1.76157197802843,-1.71283763448759,0.714835808446246,0.561121846378379,0.510887455797304,0.502302422355053,-0.229794755575205,0.790502826756752,-0.542505099521792,-0.611146935038553,-0.386598888093628,-0.315816913345302,-0.538837518079446,0.75918488823626,-1.49846269544942,-0.703920990320161,1.47873556289815,-1.17745150523488,-0.618763871318774,-0.0162182158278565,-1.26804224323464,-0.524315430414518,0.950397487738723,-1.61917008647767,-0.502410375271565,-1.54512833815091,0.223155292723844,1.31664475240395,0.211541423763809,-0.485090646935705,-0.379896558641957,0.00811930673317043,-0.122236877549197,1.09026600229781,0.369278437617782,-0.945204164037545,0.50235248260625,0.872017939346976,-0.691885517794904,-1.21149025219812,-0.73328091858326,1.75887025967915,0.605986393474063,-0.515440515207366,0.661033707272773,0.384508013742737,-0.0218863147447223,-0.0959562736262148,-0.518505069757631,-0.0258420862437051,0.542598495382092,0.522270413774943,0.573897929644561,-0.815866572441188,-0.521375526881571,-0.399242993305512,1.17281301714342,0.805714308056659,-0.348166279476415,0.309935582329177,0.0218491818923994,1.15502254738757,-1.91719609361702,0.441309651819636,1.29360238239643,-0.0359145144095427,0.595837734862667,-0.521300542166409,-0.0554104230425248,-0.00216838512248064,0.112350861700931,-1.09155046798845,-0.885533836445444,0.871303719380415,2.1577410878636,-0.329811543407873,0.0147177242546434,1.01243150207648,0.187497858661449,2.04783239878945
"42",0.88191513836451,-0.556356976047163,0.593811839320036,-1.41631113096566,-1.37074265111873,0.842480629115148,1.31765115988908,-1.33041243432616,-1.92613660915504,-0.476369554060109,-0.3534125857614,0.197889927758335,-1.1693184046485,-0.750531861349256,-0.704946363579832,-1.35531904616589,0.444470065976971,0.801906860279568,-0.0269518403525025,-0.00628985483921844,-0.728270975059825,-0.34067500572229,-1.46371167088137,0.0131067477513238,2.24764313852675,-1.53807070149409,0.366163876387032,1.18956764575708,-1.36576325242425,-0.778113681156654,-1.46750081563316,-0.513701445714381,1.45125022383376,0.343600897900437,1.28628669650846,-1.01888259672466,0.0169195871349975,-0.49692100132169,0.717681082878744,2.44192606281926,-0.0164669572737362,0.11694989471328,-0.701424170020946,0.0843534982519581,0.32044356547009,1.49559053176179,1.64546161570769,-0.206163132909152,-1.29908410288919,1.50177332152264,-1.08298286665028,-0.771021054951853,-1.184053516567,-0.558345240821026,2.05752996629122,-1.0117453112725,-0.220431268089308,-1.23370296180646,-0.428633641876615,-1.55713780892929,-0.207369996827873,0.137410215388614,-1.37600587148872,-2.01608182740357,-0.999356470192053,0.351011664039575,-0.0267606963667477,0.853379131376149,-1.00088606297933,-1.28053916676138,-0.0431572699642903,-0.176863637242149,-0.143813567599866,-0.986680964822727,0.763050492794557,1.25204231584139,-1.54319777649974,0.199960161122323,-0.471754785707422,1.10377413249348,1.48579048206374,1.1322446082308,-0.761457702750258,-0.308444182978731,1.64903212449768,2.47077628165635,-0.266299111004457,0.296301189876313,0.562723341196354,1.25414032715706,1.81035904143906,2.30735006245121,-0.316676866658286,0.0223170731918694,-1.64820957488546,-1.39800158602249,1.29341932353167,-0.540508495550522,-0.46219919362128,-0.147382535663632,0.0654833840775272,1.90363182848037,0.0388084031056021,-1.29117112555931,0.996500401375246,-1.43568241755548,-0.992225709430752,0.756410216801704,1.0049408395133,1.0095480142296,0.627757375906757,-0.0441283937955453,1.16855155358705,-0.829802438108425,-0.514344280363288,-0.111480694624116,-0.240778041720908,-0.802897933552454,0.95861717644596,-1.5714410463991,-0.995323049564859,1.13400296984641,-1.31795341296385,-0.423913870166488,-0.138894686869875,-0.914108816702912,0.506040522435433,0.240473153874462,-1.70204599406505,-0.632324623658206,-0.770774355151311,0.320136829522941,1.61046209543408,0.149281324214348,-0.126800949321281,-0.773891078971696,-1.26529382479898,-0.204549647330526,1.02375679615015,0.8085718104297,-1.25748589214324,0.867023064134699,1.02324491362207,-0.646696176674331,-1.1246326334232,-0.994714288277813,1.73882102732778,-0.111661143704845,0.0862946052979105,0.331629393258453,0.273207198595402,0.457760763312969,-0.383023790111565,-0.851655407663651,-0.072641981979887,0.485223593871601,0.400603448321633,1.10515417351704,-0.74061950973796,-0.261613758351218,-0.349227797156017,0.982930121571228,0.663552633071086,-0.114839801503946,0.524089314218856,-0.318421130253011,1.07246682365779,-1.41976155928635,0.0371091110444018,1.1231775830232,0.252039397873161,0.599544116983687,-0.958031494646854,0.48083928938678,0.0664857877240433,0.371307568128556,-0.775251755404341,-0.38889218823255,0.990551771293022,1.85938370882958,0.279626460559351,0.421795716451179,1.03653159253356,0.131060733878709,2.11066198558862
"43",0.66113575976,-0.705359289214433,0.912379784812304,-1.23623288042444,-1.4250283518115,0.818465353310945,1.1615204545036,-0.835887841125501,-1.93778711201697,-0.561941418846609,-0.540315243400432,0.156534397229249,-1.39712227079411,-0.610024934959602,-0.661551213279979,-1.26392245436007,0.523729992953053,1.02367054639818,-0.303279413659872,-0.0117095309411818,-0.620134891523796,-0.28457386651526,-1.52468778818575,-0.0866196846283819,2.19637297656248,-1.14423764769462,0.174496407388722,1.36648636878985,-1.4829255104812,-1.11108295275506,-0.796029223164109,-0.439792125137615,1.39365484854037,-0.0678696342500579,1.261325506451,-1.03258790589924,1.49468632664341,0.395013286413833,0.588612200818281,2.40492007973993,-0.064980059738648,0.487987424286078,-0.967371353746078,-0.148904860448755,0.720110188122745,1.4909305847359,1.51964538537604,-0.366113047716544,-1.11162737532284,1.46719480090759,-1.00908293465094,-0.512266714789748,-1.65687036136443,-0.968397439761374,1.92196505515413,-0.962023635291071,-0.428431105337262,-1.42545809990757,-0.736348771338238,-1.63560754912294,-0.582304321488062,0.0128204156247977,-1.43146834242715,-2.05091888059374,-0.895476989913944,0.682706220225613,0.151509769225974,0.838469416704786,-1.24147522532164,-1.36731169154483,0.170725488244298,-0.227209072074632,-0.200107861499541,-0.613250420616529,0.982721818514133,1.46302017102652,-1.57550971705661,-0.0731883173955225,-0.367574140117575,1.18398890859383,1.3917148728968,1.6607274376545,-0.804580960054775,-0.203859935288134,1.13883855385159,1.8823342578326,-0.326874919556672,1.13753595167083,0.857288247782898,1.18568991220319,1.5289256917562,2.36762129727381,0.670664932068612,-0.446286231919224,-1.81060489027109,-1.02583861164519,0.539378864259818,-0.487967868396078,0.802462716524708,-0.0938103084437667,0.0857000679965861,1.68607541540128,0.103261294208607,-0.896527590704903,1.42832476884695,-1.45905475031181,-0.566254816284519,0.745614422015827,0.85164801158056,1.0620618439227,0.369148065640944,-0.381557186064889,1.26362945062968,-1.0755238610296,-0.786228935634684,0.0272147350289335,-0.465391998430378,-0.652286053490623,0.0216237597690179,-1.33830653872843,-0.897761573915179,1.06167883936972,-1.37374552168422,-0.283749574585932,-0.0260144684465002,-0.611461135157199,0.440267929564945,0.933602078366873,-1.74753004618793,-0.79507932047972,-1.44874807086547,0.237446753082163,1.51887881883538,0.0672830816211527,-0.340007486635403,-0.853934392821187,-0.980677346757869,-0.336988441757018,0.861442249787822,0.826552013677205,-1.47471767859264,0.946508727615449,0.899419067476978,-0.661552423489354,-1.04553000573444,-0.587168256622546,1.61688214243825,-0.179773523804655,-0.198979608097518,0.158249548360027,0.463573017908021,0.44267836889306,-0.625690003906586,-0.866209474912021,-0.451177214050555,0.399189136811373,0.184134635055847,1.28505254522648,-1.20840632452875,-0.339872194059346,-0.252606780288051,1.17557776394265,0.683508010682079,-0.077868253182811,0.647462639576414,-0.597999170719023,1.07428862384463,-1.05947719686511,0.318061621119611,1.08018658197127,0.225304187464856,0.562779529188817,-0.833856853195328,0.21448031954377,-0.461807177392555,0.353148575699721,-0.772270482609567,-0.485571136655517,0.783081504124627,1.71016376649162,0.34398175070952,0.341853817907764,0.762436093402822,0.0446081167419534,2.29912170353371
"44",0.783684475775,-0.606839372740451,0.654601902232828,-2.01844051092084,-1.24171231298015,0.82853455463566,1.13886694793049,-1.26346248340273,-1.23014400844175,-0.574092408771546,-0.602410589077376,0.145801174465981,-1.25357937985767,-0.723220981623295,-0.668563729506838,-1.2174531768039,0.144630320310406,0.699747494439406,-0.75546634411386,-0.146756273657912,-0.362788043392374,-0.359384190961906,-1.77332655742053,1.12729699524972,2.17944090228556,-1.48614113163949,0.300091162306518,1.63303548671808,-1.60746006757883,0.308165940983413,-0.911608008599702,-0.537534015967078,1.38804413935566,-0.339618259423717,1.15305187703629,-1.03975445070527,1.52585100410855,-0.0523738958844325,0.467859437779661,2.50444941051797,-0.344103850739066,0.241362305882161,-0.0811412249780357,1.04012373990213,0.469291207529756,1.75273744992231,1.74973710752817,-0.259965190722499,-1.26572063627027,1.45708823080749,-1.37284516986587,-0.786872562422275,-0.7881068217238,-0.5525079076942,2.00942013892501,-0.598798891215375,-0.325281360632857,-0.310931800254929,-0.998717189668796,-1.18491761605145,-0.554933067850971,-0.118057564387958,-1.23534785432771,-2.21028070841757,-1.41540373408653,0.620726584183284,0.316270221582502,0.830554003686132,-1.14261559323214,-0.689501531571455,0.122886333610244,-0.448747295839627,-0.242297102340094,-0.577220744286005,0.968812551421937,1.4699889499927,-1.62947322766066,-0.0130033132908196,-0.660928718562047,0.892493949342659,1.53740531292328,1.61967992886793,0.0222481798106007,-0.545108719249151,1.52034360517571,1.94843689569507,-0.211371428913575,1.12548858206496,0.818884196246107,0.943196682599718,1.79458260252624,2.26212202903812,-0.626570046226788,-0.130227117850187,-1.35131081600289,-1.33749009667619,0.105299784414838,-0.300950332834582,0.711110744282716,-0.189689763103918,-0.0615017600076585,1.63640067907476,-0.109553340754238,-0.946137515391119,1.45277448142351,-0.45350099002574,-1.3443802641935,0.829276020874331,0.0361727766877367,0.79448525421703,0.325130567342205,-0.552176238889187,1.16002120818248,-0.0656875679461148,-0.622810620990506,-0.300071755852777,-0.510091119527571,-0.82992989381917,0.769613976622043,-1.56676786360692,-1.07986115997433,1.20337247797472,-0.862244369721325,-0.67333909467596,0.0854227113282794,-0.885984706044107,0.035245961076473,0.867900291423928,-1.91293056439749,-0.706990526109654,-1.32812526725286,0.182057319629635,1.56465058782633,0.209374548428014,-0.517134601699207,-0.772566707924219,0.28775662509985,-0.336386863587152,0.660733065637802,0.491713283743801,-1.3929720369662,0.580519785153055,1.01249304159148,-0.745292457631097,-1.10382816863736,-0.611285747320481,1.599640583681,-0.404254310285043,-0.474351831842306,0.363213285790256,0.463916011549323,0.108210929362161,-0.555242287981072,-0.675201738084278,-0.547862630081259,0.243774065350183,0.219136031043905,0.872882507774518,-1.13605564993537,-0.507969755337262,-0.755128935086309,0.946694186354782,0.738448910132281,-0.199472339707604,0.467099802462868,0.791123083206065,1.383635099606,-1.68662096991982,0.622684293793985,1.2397306865998,-0.0973174900606079,0.370975539784957,-0.582476644453579,-0.0448627638540019,-0.379891442703942,0.31116159032896,-0.659002147150882,-1.40455245176116,0.72669051548388,1.86394540996818,-0.18789500826381,0.110082000061991,0.766372967635805,-0.254261972161688,2.38856405663656
"45",0.866239506657188,-0.443505096668516,0.673901947350074,-1.57473844536537,-1.23596519423267,0.991895933575089,1.19665460038602,-1.36432552005176,-1.85317928002346,-0.29109905891947,-0.196237188864492,0.305880170198904,-1.15087084340666,-0.752169766031868,-0.826969374644296,-1.10382201676962,-0.363038052315765,0.843756162664114,-0.395617714497187,-0.095594595174194,-0.235999893783301,-0.307949224601858,-1.76857927863501,0.12264248725554,2.04265730523195,-1.32738893872947,0.426378084013331,1.41296167404591,-1.17533207361953,-0.552956205876211,-0.722632844251167,-0.417490261556356,1.54194315280434,-0.419755904709951,1.21603123016757,-0.770255437651577,1.50958790546008,-0.304722937687814,0.641591933569267,2.5372194424899,-0.0305055681250453,-0.0914825420615321,-0.467338480108349,0.205096507429528,0.243224704139013,1.72343760979213,1.79774164795766,-0.0975147344205753,-1.41543913611348,1.36371810082812,-1.02909201314438,-0.864804254221865,-1.4329585683715,-0.599667474501325,2.08235704524565,-0.884089856262444,-0.0886976400922682,-1.00633876112188,-0.838357421599374,-1.27515549744261,-0.76310466083966,0.0227065038548743,-1.20950001026896,-1.93763013642926,-1.76458504509853,0.693587077743557,-0.0183118868433002,0.648003555785235,-0.87244055795672,-1.23962201587999,-0.301233954252121,-0.277110047006991,-0.17264147628214,-0.747038190109542,0.57643837420884,1.06597053696961,-1.56993367651816,0.484433819885085,-0.573491558619019,1.09799898305885,1.46426934983861,1.17695052995409,-0.641706144380203,-0.3323182070676,1.2046871482212,1.73687966470799,-0.396688266321136,1.32737183514886,0.901685393873773,1.24476651902932,1.72315491605254,2.19145886424794,-0.670967729477298,-0.286655699884773,-1.58640561704894,-0.989870879512855,0.62156427078096,-0.645839855496475,0.939254023722119,0.0385754832143042,0.200107503325159,1.60809359745805,-0.103743434190376,-1.15059287648438,1.44764040557753,-1.91670027549121,-1.77746130601039,0.878707502602879,0.932990215524559,0.674636434266767,0.488060801931104,-0.249052393779984,0.924326476967765,-0.786807835137703,-0.56110957480563,-0.353827249074384,-0.211907190015428,-0.645709117730705,0.992306449947022,-1.47741444545751,-0.713143968551381,1.42492733721185,-1.30884734276691,-0.462924154102275,0.098548207287781,-0.914395190006706,-0.268484016942512,1.0497555283229,-1.64250501097355,-0.670832968383664,-1.602110620488,0.284848070099381,1.63903205505177,0.13486654148365,-0.323760858876922,-0.630909894727216,0.205797661118765,-0.229869578168581,1.01865419891019,0.489091954652924,-1.21257478091441,0.62728249936074,0.961244982710596,-0.653460422471043,-1.12230868041873,-0.677744364023905,1.83465118975809,-0.0858452655321324,-0.543300469682841,0.400129197801258,0.517331092100001,0.351141232015064,-0.0298331332518039,-0.755208857754179,-0.44180776264306,0.238374033618317,0.0413018930659449,0.926393384505863,-0.623900119103947,-0.317215723011136,-0.0899150246824131,1.07046953611652,0.69517565018179,-0.459429032392001,0.363868466378757,-0.0497384007405317,1.29785629818096,-1.47860404332641,0.299648702920505,1.22072165500717,0.134245877980136,0.555795885661744,-1.02592506260786,0.230939763356505,0.260139301274419,0.13004828036627,-0.981132012838024,-0.469878495565805,1.02631892804977,1.91347044155783,-0.26865361602337,0.179732460746407,0.959360876047078,0.107243706106757,2.31736700192916
"46",0.845198497465018,-0.588949117106479,0.771367399908537,-1.80395767166182,-1.43967878169077,0.910556438970748,1.33607520354031,-1.44173705115115,-1.34798596201374,-0.345711294584557,-0.200229787000598,0.227330818412126,-1.27076003628213,-0.527718601804269,-0.664588159706598,-1.21746131180242,0.326103105596328,0.928539963326454,-0.361002944543052,-0.107439818240056,-0.360444729191688,-0.273149748781108,-1.37371164969628,0.0821254406568777,2.24408525909652,-1.69749836077484,0.473746779367611,1.7190160419781,-1.42642192244482,-0.354988958992394,-1.17154229074899,-0.52802849454807,1.49011991395723,-0.174053328039932,1.16781968445757,-0.917574604324503,1.40518842983929,-0.0124157448901725,0.459364264923037,2.50512229600261,-0.121735995361358,0.247822745812623,-0.265450797234082,0.558525358086708,0.443721873589236,1.64234117058175,1.83206838314175,-0.270591030175121,-1.46406986885476,1.48114591103406,-1.25165791110638,-0.94448364774999,-0.962235741258445,-0.454552830092151,2.12352486993899,-0.816673199139959,-0.141901780433672,-0.97548726848893,-0.676587549854348,-1.3950556601938,-0.132123536264766,-0.091777258532505,-1.3522691425252,-1.88706754651572,-1.20118003589004,0.813019800664318,0.465433770574231,0.441696519326464,-1.16381414463318,-1.10206864317407,-0.637293802914408,-0.0747865877244376,-0.209703252242801,-0.924454592659968,0.249450736524145,0.708248887380613,-1.56953757457186,0.0727179397619614,-0.540509116994943,1.11245000121516,1.58260606934823,1.53996281181057,-0.544793479369602,-0.398541948035133,1.16802034197104,2.01489283944043,-0.242724718125777,1.08339880569831,0.985253011225263,1.13656577442737,1.7144438151132,2.39515430362124,-0.651005085475933,-0.386047902072261,-1.44786214642472,-1.2528658730841,0.855444105398242,-0.422014401746369,0.664616005524757,-0.0659329411466845,0.0661813111524601,1.77316352599443,-0.0775297773335976,-1.07543034188567,1.44758152450641,-1.58430513601859,-1.47859267831941,0.871222433448265,1.29047467778139,0.860908233463243,0.454358863352168,-0.298687289368403,1.02909898240485,-0.911101847498263,-0.58348202491221,-0.129132861108559,-0.371811070347826,-0.646288403307879,0.59563432531667,-1.44407590434988,-1.01652579861047,1.43904490134538,-0.951573610318544,-0.469819034659634,0.0845690327866283,-0.97552273251014,0.0918978748461371,0.584234366030143,-1.84866586316448,-0.761885496459023,-1.35751202574705,0.397294175700253,1.66787359422656,0.28744136205694,-0.536870509461148,-0.828513915303586,-0.141056821449065,-0.292335914430721,0.733517957159048,0.41608499236096,-1.48899171210642,0.610087311572406,1.06558715888513,-0.640275344977189,-1.38555793015764,-0.441317974890034,1.559142050647,-0.140578386195529,-0.292694448841088,0.213008309124205,0.634993782791726,0.236874212668444,-0.946729370210251,-0.608774633270703,-0.463895564286441,0.300554264822246,0.303865779200048,0.900721421575068,-1.36056704456248,-0.273384126057064,-0.301139639963078,0.619506650482653,0.746938701963568,-0.324992353334901,0.354953140068378,0.170698855020422,1.14614882447573,-1.13670125526467,0.501705939943946,1.27680019462862,0.336366219690613,0.323727185595454,-0.880641142595515,0.103959841815029,-0.538961146554315,0.153036480494956,-0.64888705174281,-0.193247227621756,0.853016588361221,1.84459998225188,-0.326337560140449,0.137188561258708,0.946829950065993,-0.0444340389608571,2.20955545834078
"47",0.957376638239099,-0.425131145897836,0.711902276999416,-1.46915443302717,-1.30127998921256,1.00231637006481,1.03756809276342,-1.30948885200938,-1.77747424028654,-0.433588956361054,-0.419945836929173,0.33496378902315,-1.25582775923526,-0.516070449534705,-0.559382591939676,-1.15515483763949,0.194791117869357,0.977899651462066,-0.286155300983723,-0.076515751738886,-0.305999352344328,-0.320258587594634,-1.5793686967657,0.0740665666137847,2.31398747994271,-1.52428971860627,0.229243478745419,1.23734213175193,-1.28247335690132,-0.717334426631388,-0.775088133729817,-0.420674738470141,1.5075089230959,-0.33751212080782,1.26417191526477,-1.01386361524445,1.38770079047598,0.241823900549633,0.514810594328566,2.44750033254934,-0.27813011708947,0.0748716285307445,-0.355697809762762,0.158896549754152,0.367240564101455,1.88586182913483,1.7826710431412,-0.105542446072874,-1.27372207268793,1.44551802046523,-0.54399604426369,-0.74273191670269,-1.53380247099102,-0.579603279410168,2.0118785166386,-0.816149490865013,-0.139952454079381,-1.07625459491813,-0.680495132494223,-1.37763776581923,-0.911888415011179,-0.00793519208503738,-1.3763418828094,-2.02585184289523,-1.23224091951128,0.737506134854869,0.0267202155821363,0.577993180381843,-1.79522417399111,-1.2646197783043,0.146456765501775,-0.400641197059697,-0.147089661526636,-0.566789579161566,0.904580861956906,1.46458570518032,-1.50735208418571,0.126582384076068,-0.513433553133299,1.09179059063374,1.52117768764882,1.20167742232294,-0.629598659380454,-0.330183712861448,1.49262341838624,1.75691485609766,-0.222323347453991,1.23191495258566,0.965385954171858,1.02688423368822,1.71287319226994,2.30741144497201,-0.653275527836353,0.00256543814593631,-1.50259214185605,-1.1086896253908,0.343388197762868,-0.453287771768465,1.02065157687616,0.0408503685137822,0.209058381325276,1.62269115921493,-0.0678587785566755,-1.21182316814178,1.46669018942918,-1.62860526497803,-1.72646639120126,0.706398391606864,0.647976100296393,0.701942373508274,0.477868299975547,-0.17140686223246,1.07138134343871,-0.761717533051776,-0.71226143062511,-0.275132196835567,-0.370129442707529,-0.641759702947724,0.892468842980443,-1.56135083907683,-0.706710623174463,1.24688878219103,-1.1511272906027,-0.404612912130929,0.25042967275141,-0.780749141227882,-0.083364138205321,0.895113986241347,-1.54564212882841,-0.564092430077023,-1.78754387025491,0.248501507634724,1.60832061576886,0.109687994262013,-0.615034217974731,-0.63691594147082,-0.0780159037495579,-0.245756062465224,0.885639930820693,0.902201765526749,-1.17864133483685,0.559373304061893,1.02658801275746,-0.59855155143541,-1.25184557406537,-0.552303799085929,1.6406719441501,0.056888069453585,-0.192261797843596,0.360122388528323,0.481541167238168,0.313706125276776,-0.0354510000226851,-0.782846787089246,-0.241460613728955,0.324196439818004,0.0679255218167647,0.823807618406607,-0.911208655695311,-0.393930828972042,-1.50932103201867,1.04335471800035,0.813241617926698,-0.452528203174567,0.47291910358452,-0.20646658380199,1.10077273897575,-1.16495976314767,0.515695226565656,1.18236083310258,0.0614478833188035,0.263137803269477,-0.830945420629001,0.218917188439618,-0.0254554408899207,0.331411630943728,-1.02868444922108,-0.717592679478525,0.86547353658492,1.87268900981459,-0.140200500077624,0.167339054855535,0.772375268938858,-0.093035543938225,2.30921305702284
"48",0.846338398512248,-0.551435562123435,0.47452732153229,-1.87319869562453,-1.44769837538193,0.962931529544294,1.32162306318446,-1.01620613903583,-0.760194926607628,-0.494914516633598,-0.314722071482644,0.247377036381801,-1.2331442020449,-0.505972127703202,-0.495051185275325,-0.942113887365779,-0.219748005709801,1.18915367000689,-0.90254556795475,0.727150734383975,-0.524486786217003,-0.334366185261143,-1.20471539988063,0.00586992915642923,1.99531213925109,-1.62772260701468,0.601257742607827,1.58277304261002,-1.4407650148647,-0.0413945691382774,-1.01663202593933,-0.481928106904631,1.47037798815745,0.00618968449926531,0.695439505911429,-1.0424946549,0.973298991474751,-0.290033543421482,0.542381533731831,2.58426150704801,-0.214778915365667,-0.0962317316723004,-0.0421172585258725,0.914762310630043,0.249348167160885,1.90010420049709,1.78853205068411,-0.141880832948768,-1.22476062707992,1.42893891331832,-1.34081159966201,-0.601139783153278,-0.596936691653432,-0.308477890468597,2.20244000118615,-0.460152475039344,-0.246599875646438,-0.875526869962898,-0.919495572679891,-1.36981593547502,-0.541275960826434,-0.0291908380553874,-1.07239510044931,-2.12680964003328,-1.72002858550319,0.612768303414451,0.136702994131587,0.516367335173388,-1.22282996551969,-0.894141681264728,-0.261268148268076,-0.223713243206291,-0.280080853062754,-0.92933881940413,0.666298691339442,1.14307930372582,-1.68294898627229,0.167350870116571,-0.67758309533402,0.910023180686318,1.53940840684549,1.18075846157257,-0.269980579221772,-0.559783553091279,1.88762544978336,2.04685586290177,-0.413315267981031,0.851433148773705,0.804568396656715,1.40229807491191,1.70716872916439,2.12800473752062,-0.66325083003835,0.154396783712997,-1.61991063284427,-1.15624788083945,0.730942948891606,-0.497613675199695,0.103495536900003,-0.0485427808154281,0.0757209058655719,1.87596528818539,-0.195431472411498,-1.0770968480665,1.35785567206582,-2.25359261427275,-1.3910769439884,0.961895062326393,0.573139905635663,0.613411418165019,0.383444859708927,-0.369975573400306,1.16736980616388,-0.580157812290309,-0.708777222988763,-0.423492095651437,-0.430397889401056,-0.82574604525813,0.867529907588751,-1.60008007501165,-0.822399394004686,1.49532043425403,-1.05297981072051,-0.723441176894408,0.0295218924967735,-0.387905812194636,0.461727625247334,0.777155182419794,-1.77144335379951,-0.642563466857032,-1.70685091548814,0.225172079032136,1.37323526446303,0.187233013932228,-0.293727676613225,-0.725166258243343,0.0899700833470763,-0.266852897803148,0.812791726895599,0.277098481192236,-1.31214348995592,0.605820475646021,0.776637052796482,-0.953515946164143,-1.44233491461045,-0.591290355552852,1.75549902981582,0.0954192029637592,-0.427041841546654,0.374075395005554,0.405978345082945,-0.158308233847229,-0.60880044697502,-0.335023325709083,-0.673084581248678,0.271297205292728,0.270119024118595,0.642299506312355,-1.21248695659385,-0.418774589777595,0.387538377200495,0.799277034672975,0.642090443629098,-0.233066139511732,0.257263399367785,0.569074744483217,1.65807271776943,-1.69713989787109,0.301265966900353,1.20329925430099,0.0672621121581682,0.500985075623305,-0.349107637837993,0.0795447182837735,-0.192033307993277,-0.139798880570302,-0.679069085076104,-0.877812546046672,0.759140040452434,1.97123835187141,-0.0927813505405621,0.0364894237899582,0.948303093088536,0.165113382957449,2.1846305555755
"49",0.94701345638835,-0.254725789325291,0.520655149897188,-1.94559673010168,-1.75534645226775,0.821280172066551,0.884522049643569,-1.18274889280266,-1.37615561195483,-0.318882750048725,-0.0815961925219213,0.102210991281365,-0.978968409792653,-0.701005237277178,-0.845125734343332,-0.87825102490798,0.346138595542321,0.9202360567402,-0.733029971543651,-0.121273327707134,-0.550784226272133,-0.284605467992706,-1.5439518494491,0.0090982677585396,2.23613237559393,-1.43001168345547,0.803780069151369,2.12158657233723,-1.34692307974441,0.0657336619243596,-1.10557003506903,-0.480994414155146,1.53112787649287,-0.215044549602272,0.520485547972641,-1.0323457389611,1.32450498672294,0.455611314910964,0.459264077062654,2.63488546211084,-0.290891557512907,0.0189603698273376,0.0892331458474966,0.901179685362675,0.228216783057141,2.18199671771608,2.05102748402389,0.154288592237944,-1.14179731905285,1.3900367560082,-1.32249273864156,-0.92341447148989,-1.14703174357279,-0.0253429665388249,2.23086445821747,-0.462790126273005,-0.167357082646917,-0.629804560488886,-1.18864648353504,-1.54317783602777,-0.510355989349543,-0.165412228047736,-1.11339533735577,-2.12035475482112,-1.14095305970939,0.834983684402657,0.240749001871328,0.520853348293519,-1.3042643628587,-1.19756490979072,-0.167690666644235,-0.108724238282565,-0.220245777960743,-0.556639783278484,0.709897671378786,1.22646641476021,-1.79458765292913,0.0411213613745339,-0.600812676357398,1.09125257152696,1.44078242530333,1.35055684835503,-0.237546138585206,-0.412455363179746,1.49433650206179,1.73337579605637,-0.105178874909087,1.04741832989735,1.04529796148241,1.16066208014516,1.8548745017456,1.97482221941206,-0.667242861646189,-0.087756454340211,-1.32087942631069,-1.22832159028058,0.582957150133734,-0.713565831623894,0.491411409696698,0.202569022808699,0.411251325843079,1.63723348531016,-0.0669707522405907,-1.36682108948104,0.770453197300093,-1.63874189257701,-1.48898111521526,0.863234973146467,0.59123820152251,0.643745987158732,0.565862292318741,-0.109805386669804,1.17671245673731,-0.382735127146693,-0.605480156282555,-0.409666909848212,-0.434494557029224,-0.721387423120537,0.222133806555893,-1.70962801446851,-0.61694973279187,1.78748733107996,-0.852869307796432,-0.620952237469714,-0.0226450857746074,-0.937397346624999,0.244496934005639,0.604906528085215,-1.69197166291753,-0.570731439654063,-1.32355167891403,0.321553925751562,1.60837129600663,0.280097996870384,-0.524162021212468,-0.393965086106648,-0.24635860226109,-0.125890685816038,1.14106798614573,-0.278166525741348,-0.874737445452128,0.570172114691027,0.948652132278861,-0.568383063410462,-1.37367532422365,-0.95692777701546,1.70726627157192,-0.0412646463659622,-0.298914135428428,0.579223765843097,0.483556928894161,-0.193367911217289,-0.726499121642452,-0.601957965727084,-0.5326484757841,0.242829754653848,0.231453017620973,0.439044156710642,-1.07330161407375,-0.670997404233832,-1.26912379260611,0.866177623438354,0.982166685476803,-0.0758722950070165,0.257879968369836,0.633917165444126,1.39556869474736,-1.7369979739502,0.834206435274867,1.2882874466683,-0.29567817160416,0.297295162412011,-0.599404753282514,0.0472005427056187,-0.239623909221713,-0.0266731669363491,-0.427173112880245,-0.928124121817918,0.71073597752111,2.09163543420033,-0.249279476301151,0.0823842175853337,0.968788222736727,-0.0168639089097651,1.17469701830397
"50",1.00388543027333,-0.474450237225318,0.591368267304767,-1.7031439541133,-1.40111611197566,0.855643052535868,1.12667721709868,-1.29058161081661,-1.71721919628359,-0.50244794960783,-0.367512959089341,0.169879934833327,-1.26762225368733,-0.872762256190954,-0.634216539569645,-1.1947822636117,-0.0337191920273955,0.651836260841904,-0.698310482167511,0.0315748367596033,-0.463089350772552,-0.344557348718381,-1.22933320112741,-0.0220781514701536,2.17297213627331,-1.52510388539907,0.550942502424276,1.92049384643302,-1.25040901806009,-0.547955765467539,-0.973488387062318,-0.511565757447597,1.40357877067741,-0.0444200357260133,0.987107637266892,-0.661089399577743,1.13907973491842,-0.400736853615476,0.232732151667559,2.51046670620778,-0.137077718103349,0.0447851374151128,0.297820819101963,0.604500919073087,0.399241449241996,1.78570453596675,1.79239867591348,-0.0926746450361371,-1.53952975946217,1.53419477715588,-1.37111412255973,-1.03681053173433,-1.24967160792177,-0.598915873229201,2.1017452675275,-0.868742611208829,-0.244161766035286,-0.956488422109334,-0.654972705558768,-1.07578588096643,-0.060783307352438,0.062907883416653,-1.3303392472466,-2.00678470487435,-1.4017148836966,0.674911229538307,-0.0140267346088546,0.57149330103181,-0.906076570399029,-1.2456662266033,0.0692696786131842,0.457615886082608,-0.082876098342018,-0.92260823723607,0.892171590047619,1.40072214285251,-1.42483922224325,0.178230293640285,-0.625010015057155,1.00744006473932,1.61636833985142,1.40646958568155,-0.643909785427227,-0.436961731548675,1.52308135669332,2.52894358376718,-0.417506335201335,0.914424259807047,0.876417510025194,1.27013249441011,1.66216364644009,2.02120006240098,-0.656981683168813,-0.0686280051040466,-1.56136227676241,-1.38926633697891,0.81956969984571,-0.795412381966688,0.373824240646275,0.075859225694435,0.268020019498627,1.83041200121716,-0.140662230558456,-1.19395200194298,1.09048513073734,-1.7887622159533,-1.18181493813388,0.838895609334784,0.711792473679275,0.722253780619355,0.662864178950083,-0.107035334846591,0.857847680643085,-0.60729411806078,-0.360582518469252,-0.395432326474483,-0.387178556832462,-0.870265743998548,0.345297412432466,-1.69094704969783,-0.704714045744596,1.19459502047147,-1.37562140655323,-0.482501547675287,1.88315648460186e-05,-1.02690848821052,-0.310125525333718,0.792296408450526,-1.62459327733482,-0.64980092047415,-1.03386146099874,0.211852151787281,1.81973425858531,0.0804168771825674,-0.457062134222673,-0.637799401103645,-0.25188235287855,-0.125484565634472,1.05786445652155,0.319355911044906,-1.38953679542996,0.653025240287459,0.919687572596764,-0.554604714234766,-1.43704178849223,-0.972325331477571,1.85989607759521,-0.301103730849175,-0.245118667219175,0.621448957403781,0.274514089868843,0.0245772787835445,-0.60122226492643,-0.781259932609329,0.0431697942507893,0.331190816811213,0.301110354106345,0.889190238774016,-1.00244763408515,-0.52140227669509,-0.342687515739288,0.981472127010806,0.560597540644272,-0.442357049839179,0.275982336192372,0.0507243097471724,1.44226466727677,-1.1882473282911,0.196745907357063,1.25127886336133,0.0232428841927272,0.311342375116358,-0.619650743771526,0.176190769820554,-0.153283998009779,0.370238189389697,-0.21038085054064,-0.759850329628848,0.805450940821009,2.0405580612733,0.109763013608168,0.185146779034261,0.831390396511665,0.122404398051079,2.10676237678106
"51",0.889567420052945,-0.468079025768999,0.639965558780223,-1.51130791724117,-1.1366475582239,0.971975298471912,1.19572570142405,-1.11478935404684,-1.77750728992481,-0.426395949095777,-0.286913450610282,0.334294705842334,-1.27394487480487,-0.811387840865314,-0.804473589299921,-1.13588059846494,-0.407783770906033,0.822487523039734,-0.449368450965853,-0.0500194789588754,-0.136247744735317,-0.342461148114778,-1.79367024651181,0.14356442950513,2.00546688502206,-1.35706459736154,0.390160302187983,1.41818123718784,-1.27963120273703,-0.552023490933649,-0.739843242245983,-0.411549144501193,1.53749212240213,-0.356349024089114,1.19815823333736,-0.703380029835845,1.47532856481071,-0.210267489130237,0.63232298982103,2.50145687552741,-0.0562061296367157,-0.0416100829216373,-0.533083718971938,0.400047915836643,0.310576252324598,1.68547262198897,1.7791694120095,-0.121153837817232,-1.63743208710178,1.32101598467059,-1.17375474786351,-0.920352143737717,-1.32189248599491,-0.582181006832818,2.05209365594765,-0.813863302948164,-0.165998432056216,-1.01778323918105,-0.809030478758423,-1.26467664705188,-0.608940550288077,0.0381937450032701,-1.40052367863672,-1.99339396135812,-1.66633167622875,0.774400089874431,-0.107592631046455,0.705952206305318,-0.86304179471949,-1.19080638671947,-0.274223531281992,-0.237983497894357,-0.202718709146487,-1.05589216986943,0.585772568036566,1.04585546799502,-1.55692819824248,0.444716037240589,-0.584495131654333,1.07884966126061,1.47512545984236,1.24433425844491,-0.643314036310748,-0.356372433739492,1.21313137631359,1.75628578691182,-0.390952413113498,1.29697506472446,0.964723281172852,1.25488994832205,1.69320950164363,2.19805184644097,-0.616122033063495,-0.307189645704529,-1.62184081418698,-0.929304106865865,0.592056853331943,-0.680803559835269,0.884482863320227,0.10136044387195,0.265491684213129,1.64342078416938,-0.0985243116363951,-1.08808651445779,1.5378646182685,-2.00476258251813,-1.88564402508465,0.826447443673258,0.951658205712901,0.672744620303145,0.493834756772948,-0.195215719759302,0.908149583723509,-0.938354287972309,-0.63069426516833,-0.323021512639992,-0.250142308231667,-0.648148839078195,1.00686047992202,-1.32860878293308,-0.578197385845926,1.35340256073292,-1.22484251988107,-0.525396283347795,0.185456101224717,-0.899722458419039,-0.241860652324939,0.967255056122528,-1.63014201648444,-0.628913403320118,-1.51856738239999,0.274471543833555,1.63330564599854,0.16405382643343,-0.289286548183078,-0.654886476442692,0.11831344244459,-0.201880266611876,1.04554499000488,0.526998396688763,-1.23361612520425,0.615385849345802,0.956420243804139,-0.678663755152058,-1.18549989400586,-0.657074311360671,1.82678745622169,-0.0713475473747043,-0.529441531279716,0.485693142078462,0.4330368024081,0.384428707218772,-0.187611514674038,-0.659890182717337,-0.320042048405033,0.279221433718508,0.079152969819068,0.876413342855026,-0.576692529458775,-0.354625549639932,-0.15237021380015,1.02100038266579,0.703387233254778,-0.448703536294637,0.31989075834489,0.0180512409332628,1.27037618188852,-1.54281547003609,0.250434949364462,1.1761986224858,0.109527248502999,0.512006033734796,-0.964394670220744,0.238211925427637,0.274520399500808,0.144712205241736,-0.986092651950836,-0.418800908258194,1.01665351971019,1.95020880035478,-0.206248566191548,0.195691031916038,0.957120051674811,0.135128037452005,2.3857828985065
"52",0.918988580974887,-0.265777133997519,0.257449993950169,-1.70550288758751,-1.44652816131939,1.02986218462214,1.15240160716012,-1.34398954692324,-1.52596561587073,-0.00228724545938568,-0.190044320961033,0.363244279293643,-0.987006461206873,-0.80340849162696,-0.745322813989847,-1.00453987472196,-0.192710470550888,1.08887813905559,-0.105989815487384,-0.0716974328546053,-0.446847355203087,-0.303229067741472,-1.60831849722735,0.147769558255263,2.21245105717829,-1.27629316177597,0.0926419593151226,1.28463859464703,-1.18688180775027,-0.575497796861499,-0.708063778014642,-0.467554161784734,1.58321875991656,-0.276982207424215,1.15197390773578,-1.05944216438838,1.57817839882065,0.148373660973557,0.617706982835351,2.49839116825341,-0.301962558279095,0.0886396145604922,-0.490586328766401,0.630897252390615,0.658740861942653,1.78408174348477,1.87851391060098,0.027129662704305,-2.43427360814771,1.47553393796289,-1.17051566207803,-1.13923833424046,-1.11341462968236,-0.33594285581689,2.17913968091211,-0.633540936331726,-0.0200567610250228,-0.98639891859036,-0.887187030507785,-1.45053938734517,-0.557144969665964,-0.0962974240876934,-1.26744305787588,-1.9396489880378,-1.48862238318548,0.639123390117767,-0.0215188348644981,0.420407806087513,-0.866795896695391,-1.03989243566451,-0.953444315501085,-0.101008436264509,0.0149540346008026,-0.746688022978559,-0.134441714987175,0.349047371928869,-1.61301619717589,0.121710068586112,-0.628235106998486,1.00561017147423,1.48546361526767,1.48470087697155,-0.530853982377206,-0.420408514057776,0.872258358004166,1.78205638782867,-0.207718572009063,1.24004376411973,0.863063025385498,1.01759555055343,1.83412741204531,2.25792970054572,-0.833813974885194,-0.704544569761673,-1.50945910407699,-1.00689800915848,1.0370190522732,-0.525616338749386,0.908552250257641,0.177541583518491,0.349757775327716,1.65059312710765,0.15300617603797,-1.22466431703429,1.0447306814795,-1.90325685832429,-1.89188832909026,0.790805974875087,1.10333511161637,0.868288383261982,0.560367482464595,-0.153157587037806,1.05516424054801,-0.60027245545061,-0.317115225047207,-0.261258239022302,-0.244128581114003,-0.523475549973314,0.802436706980293,-1.37532345513543,-0.924619351365386,1.37060517799441,-1.08538303998717,-0.564897419797212,0.0523089386229541,-1.00766102649003,-0.118910790987113,0.955731014794552,-1.44379439368482,-0.60086139180867,-1.59915774436417,0.454599038519533,1.60093486454764,0.148632437371275,-0.409249302824469,-0.555159035716508,-0.167439486318643,-0.132883283152691,1.01168663332468,-0.110774548126794,-1.10950541828468,0.689414828547144,1.03881527511124,-0.758667336219763,-1.02826897121629,-0.449685220851926,1.69183114556038,0.016043812860434,-0.601082412802789,0.430217060636979,0.277038023312846,0.168653366495554,-0.353683733827426,-0.556477865765682,0.0201126834876384,0.0134594382517715,-0.0618871839824416,0.75180387283355,-0.928948554148082,-0.44034554936487,-0.176379902223603,0.759376443216118,0.729499648117178,-0.252103012707928,0.361286784295865,0.00567164436819473,1.11171606133184,-1.568934586545,0.760605301536767,1.30290583664106,0.218985641670106,0.614045603674826,-1.03660991804556,0.198540542608968,-0.101555143432194,0.230097033279551,-0.719462577567188,-0.305829163671486,1.05157885900169,1.93711521389058,-0.306569153885967,0.395427675230673,1.15995403033744,-0.090100729097819,2.25124646780724
"53",1.09021732206117,-0.284899395879337,0.502484695936893,-1.61323696708744,-1.3490489791619,1.01866238672465,0.948113735574092,-1.14021073269032,-1.68931305796356,-0.0596697144040765,-0.155056225502854,0.317235367331164,-0.990854259793192,-0.903003427469194,-0.643095175200033,-0.985915008387354,-0.33480150001872,0.761930737037915,0.0139809658472182,0.051604024232374,-0.449221755390458,-0.301899295306637,-1.67450358877268,0.147745184788497,2.08228206333546,-1.33196775011339,0.392798993022623,1.60411110513975,-1.38816214944127,-0.537267715921945,-0.802973694066966,-0.391105472725816,1.58687255088536,-0.0449264172889879,1.14079202031017,-1.08658390362356,1.5372838826889,-0.317648006951983,0.652793522509981,2.63413773658979,0.0519612886160103,0.0748890754565702,-0.361072841073075,0.38168443410939,0.297948684743695,2.19823301261441,2.04083784135695,0.126730817224747,-1.3587408924249,1.4176591501434,-0.959845844986871,-0.822400285139889,-1.28946733575131,-0.68326240378077,2.17907897534447,-0.544028335626989,-0.121196268204573,-1.13248018677858,-0.682212460468829,-1.33043229102068,-0.890231322810367,-0.211180869142274,-1.40918796813105,-2.03095662411052,-1.5285249364859,0.748783148108949,-0.273765562519574,0.503110399721012,-0.861139138966639,-1.18732767984016,-0.653523287227251,-0.30193456803433,-0.025540228413605,-0.973645321865646,0.23601572293787,0.733191616753602,-1.73293768221746,0.635748250735015,-0.627941833930919,0.983810906269074,1.39823787048682,1.48113926142929,-0.489162125657362,-0.504122321972732,0.906326557699502,1.60722212977683,-0.270665727649747,1.35137046221599,0.948483148668047,1.23324766795078,1.57564455789568,2.24602938588513,-0.878479634207488,-0.645172551288602,-1.54014289374709,-1.15646330633859,0.441718846237393,-0.760663930529616,1.1671896445452,0.297792234387489,0.519308360687307,1.50245965098057,0.0469125432294086,-1.32617768548261,1.14192061088271,-1.71081291836516,-1.84724849577629,0.592050438641019,1.18819128728462,0.775612667685006,0.532287799483243,-0.170595317210395,0.772439771907793,-0.573727324718325,-0.609638909160657,-0.534823735504387,-0.307853509521941,-0.600980467462043,0.918109858554598,-1.56088467494037,-0.573181140503592,1.26239552542515,-1.19461269009303,-0.518936350872034,0.0919961649267636,-0.89909281608156,-0.395036819378802,0.940984909553253,-1.49845916989586,-0.364607657269706,-1.66227908594264,0.299837399474912,1.70670081592754,0.157957386047746,-0.416306721096238,-0.436053120641411,0.106980124686414,-0.104012538902438,0.869869848032132,-0.0920152935626117,-1.12272725266787,0.599686860019091,0.859010204957725,-0.640121532911635,-1.10338455508949,-0.835088196205882,1.74929015161664,0.0826297701522239,-0.695989141259523,0.663292059555827,0.546957757879385,0.278005600334053,-0.0554367816824375,-0.587917966982746,0.00380262274565722,0.0782155912169732,-0.021549526662445,0.772043976556332,-0.934442409434057,-0.375838605538709,-0.0989970921080982,0.757217235632346,0.750767199837934,-0.148836445782531,0.271606332202059,-0.00481198162644741,1.04357308671399,-1.55722174926981,-0.0381797603487278,1.31613654197459,0.1135918337144,0.628595292905781,-0.824817803762868,0.12341155484757,-0.153894173669304,0.202160699907144,-0.918904004503518,-0.272931820292925,1.04513364097454,2.1460271006911,-0.399532697871467,0.321859242332203,1.00831145849552,0.100354964595964,2.26634546495908
"54",0.89774225380364,-0.587491160959638,0.616329613816446,-1.31101020494427,-1.24145672511132,0.97305399251937,1.06545823686208,-0.975215685119389,-1.89193218285944,-0.28366689739199,-0.419193715676837,0.326817697646175,-1.32713484602055,-0.65606281045169,-0.704561069609887,-1.1742589132289,0.125590947757593,0.741618881982338,-0.188306105779585,-0.0802492579082385,-0.196997258641035,-0.234763900793678,-1.47320514708342,0.124742564057762,2.17429968219711,-1.38235581712107,0.332434610894774,1.51950936255233,-1.35001899096312,-0.945374603527287,-0.810643008179127,-0.410388681080616,1.50898711285369,-0.297347606808601,1.27259259787156,-1.04761591247423,1.32535142460184,-0.281578016478537,0.557759430788044,2.43681262861521,-0.36357848931854,0.35668305110624,-0.656853904276684,-0.101924748262692,0.45578370814846,1.53253506236313,1.83608307323649,-0.2316195893852,-1.2446206667488,1.43103443927043,-0.977628314071266,-0.780916861936648,-1.49624356410882,-0.052916565696643,2.02716961290312,-0.876663184792563,-0.161858660014518,-1.11315918340819,-0.778340030202743,-1.47711111218485,-0.896320348000619,0.0472916427291955,-1.63309165933391,-1.96043920562882,-1.22112051565248,1.09016988309647,0.299226303741236,1.05946813330652,-0.898574373638082,-1.26229262857026,0.0582942841341504,-0.323099888870407,-0.289328204913947,-0.765512440299817,0.855337402075494,1.34873034382973,-1.42905668609421,0.234599645592147,-0.523319743944128,1.05461735262889,1.53756251345414,1.4904506955402,-0.749512843953825,-0.306874685344901,1.2417501621113,1.74259648310846,-0.300737419548259,1.17004948188582,1.25495237385079,1.28395597367599,1.5985642386354,2.24495094299041,-0.36371276646452,-0.22059673700994,-1.70542891144082,-1.09307027798219,0.599570527437779,-0.483514701082344,0.905984676923738,0.0763814420193446,0.221122647083323,1.67892272903603,-0.123351923925132,-1.22305058341251,1.62384760701308,-1.37027280304435,-1.47249784593065,0.609729247694932,0.367002807938408,0.739416671273381,0.400964663162352,-0.249870685786274,1.15501762539501,-1.09501292313194,-0.61067047346951,-0.205469706700988,-0.355933487640159,-0.661579797129768,0.506675876997979,-1.4133597148475,-0.654873096985704,1.13211726857085,-1.33043760868865,-0.470154589284466,0.219571625552074,-0.61918940625455,0.0390139027006962,0.837126709739972,-1.55371757604704,-0.474404297901992,-1.57105711340641,0.379689686389427,1.50068717921297,0.17382564045742,-0.510417241513912,-0.739024201279376,-0.257017295459614,-0.259978416503054,1.12845894932324,0.593223901005154,-1.38436608224972,0.587433877240648,1.1197359569215,-0.628764126894496,-1.10105874948206,-0.764029251962899,1.73837586253571,0.213156758491897,-0.189016851912022,0.45909919039937,0.549871690140734,0.381891693863726,-0.520435694923526,-0.768158648556338,-0.126990982723444,0.620859102749872,0.167849957621688,0.86067357776815,-1.04422441584161,-0.391627054114173,-1.10347277060737,1.17201742658886,0.843120441801778,-0.547828616774166,0.514809952547096,-0.500592928074071,1.13407223417559,-1.41876317077102,0.203259021221532,1.20036602960797,-0.0236803953364906,0.319711642382243,-0.852234696270982,0.146959751054162,-0.215945999571253,0.241041456168903,-1.14074279887702,-0.920838891270044,0.83605609166902,1.91319489766623,-0.0761767521642841,0.193350787792831,0.971384594375688,0.161505899134642,2.26104997603348
"55",0.919333114982842,-0.337605861606924,0.478682293198618,-1.61154180969151,-1.23877747521012,0.915032296395079,1.01211348862812,-1.05303753568846,-1.23976143021306,-0.356067119881535,-0.388967509361071,0.217869499198523,-1.01516713503347,-0.992495983895449,-0.614604413644519,-1.11313832661987,-0.352043925260141,0.713259586378198,-0.0828805704244118,-0.0252109588382928,-0.456772938411203,-0.180121585435521,-1.78722406601328,-0.00846357934001117,2.0369451582004,-1.71856074551014,0.0639809450761051,1.33732574440138,-1.37284215204783,-0.237882080575552,-0.899705689474905,-0.390545928289896,1.50455682317592,-0.14733100591405,1.1496730246511,-1.50998026354752,1.39723742518762,-0.32216376183727,0.550191149177205,2.63131825340391,0.0602951298486196,0.191831282533258,-0.279634097289167,0.78911338284678,0.228240859988764,2.14868916921646,1.79952482351898,0.0254650494855925,-1.63951951250869,1.55500638721987,-1.19748502586332,-0.671888066598156,-1.20645116592113,-0.472748910095183,2.14809121361003,-0.611245599415643,-0.209009006504645,-0.551527445273616,-0.808211027664833,-1.50132447399979,-0.888813799624432,-0.0478892840166173,-1.22587646953631,-2.18521267540736,-1.76152660568103,0.588069685460985,0.0838965624524989,0.691932451164917,-1.06554650785863,-1.12071041802533,-0.321584674056905,-0.349025410549606,-0.160523756672847,-0.377347772895563,0.578165842062179,1.07636922240295,-1.7325174387103,0.206490298690295,-0.715445252049814,0.953645988031509,1.51062925940307,1.52082307012809,-0.432817382581728,-0.536486867960709,1.22881729733665,1.71172513053504,-0.420694562699361,1.12736014617192,0.832619818143719,1.21053260762673,1.72059213117071,2.13192427635022,-0.254649855447533,-0.375168164472235,-1.00462140480788,-0.999098574987918,0.164009262330844,-0.712632889105791,0.665679336769602,-0.0132252525809407,0.163456313159617,1.69130419823292,0.0883165347945818,-1.52080929643297,1.34429311540265,-1.80501675307844,-1.34335627942133,0.781206488342698,0.590621107581,0.855955496205402,0.464221260293488,-0.232910819607721,0.832572473942348,-0.730306336524525,-0.386797974619232,-0.373825611936285,-0.318040929446786,-0.631059598333457,-0.425323737256804,-1.5183841316457,-0.635102096081902,1.54524745928136,-1.25693375028248,-0.604549921118001,0.0838921106142449,-1.23140840290734,-0.199045021210304,0.900326155988287,-1.83743538607006,-0.543899369088641,-1.47311336333532,0.261622241031284,1.67645534123251,0.586491773325646,-0.364685219379354,-0.594995436845682,-0.203180498748902,-0.142354571831193,1.08484012647501,0.137552378257897,-1.30008397052751,0.816671016956788,1.08908407934862,-0.634399037301671,-0.330405748930944,-0.652541119803928,1.78539358398822,-0.162691339908368,-0.455522744452452,0.579798889889746,0.642303620290258,0.241163741604325,-0.856833230977774,-0.575108980830635,-0.0820597200414823,0.166383073800782,-0.0855360506956697,0.69833227614077,-0.854305571530739,-0.638226797342593,0.0244470863272447,0.869937017005306,0.894505580785914,-0.109853473544967,0.464601885012988,0.39838355036781,1.16967806846144,-1.45680080794943,0.724109464497129,1.2701497750217,0.0940865941363599,0.588656171287324,-0.762225718650188,0.216793244700955,0.0963508212775654,0.0232359772688954,-0.925368105519971,-0.710577859085266,0.895539253078714,2.09935597113386,-0.171391344197378,0.275001150281145,0.836597316498131,0.0229322307684732,2.49089482847578
"56",1.01326952482541,-0.390427441596909,0.530859451084501,-1.67880376511203,-1.35712632600247,0.93309488242711,1.13254744265882,-1.33432337551559,-1.61971357631138,-0.383364038409895,-0.135446696540583,0.27294866101937,-1.07316958783082,-0.777087134935077,-0.725219837046394,-0.950624354548426,-0.42982960680011,0.827902265991497,-0.223299356779677,0.0786761688231291,-0.365805869737234,-0.2677823067121,-1.55309103085301,0.157216397464448,2.23522301088405,-1.54609632802483,0.585810651486303,1.6315418682229,-1.19730554563362,-0.431404481781615,-0.80202583465378,-0.383420411184778,1.57745588259285,0.0115603621001373,1.15445439134801,-0.86963752548889,1.26736102026163,-0.430092088106528,0.753996262107966,2.59207438917153,0.0362339325997009,-0.0777152319767914,-0.553530223252436,0.376493908740598,0.158926642894013,2.00574118075251,1.80120137697754,0.0438256982079986,-1.32161283369885,1.38725498173552,-1.209945594525,-0.754758519213107,-1.31619217578942,-0.495759592723153,2.19470119984282,-0.638398967437146,-0.158359939243958,-1.10769406692847,-0.918219313656376,-1.24337810718525,-0.626426902980714,-0.104020634304215,-1.33201254577866,-2.050791184083,-1.55448701394753,0.72888935842355,0.0374824092654061,0.862929539184671,-1.27591232645603,-1.14846918656867,-0.586942334180632,-0.257523961695769,-0.104928389802876,-0.814824996270206,0.339851624949888,0.808576960026111,-1.66995410976087,0.196750965988766,-0.570191619291093,1.06023834335162,1.49396901375065,1.13603083128046,-0.583362556978183,-0.383303128737065,1.33635146844545,1.91880878632588,-0.338829307271323,1.19418208883447,0.945045070810866,1.26291638216422,1.6628765879706,1.99151724777282,-0.48735538971244,-0.233632503261399,-1.33990772032223,-1.12932616657933,0.867035428750176,-0.727471295630213,0.797532872191379,0.14685465725724,0.331469365428253,1.79305890268674,-0.121516308091708,-1.36168919868439,1.26379015024526,-2.10894801209431,-1.54349094376971,0.820758712318962,1.03371626013498,0.665993709232956,0.59340595939758,-0.0731210806152596,1.04244869143596,-0.605351799774292,-0.524274183945064,-0.365513262688315,-0.21297004014221,-0.709521700746327,0.308144341423122,-1.53690140890144,-0.783858310348631,1.32547848649642,-1.28410643446458,-0.252547383795764,0.272188818778829,-0.995874729141713,-0.530621618316878,0.931191462900597,-1.53003576341738,-0.458674659645028,-1.69774662916648,0.278079518340047,1.54583733336397,0.202399261261787,-0.244777919992601,-0.526773513762491,0.230141737988494,-0.0911400105496667,0.742640978532997,0.451732119860204,-1.22438362485179,0.606028736117101,0.988987003014664,-0.750619305133033,-1.05560233052503,-0.62912137922304,1.88041165165396,-0.1603226997733,-0.341844035183998,0.584517946313797,0.430310300514749,0.222894999953447,-0.210308474990489,-0.621768816163871,-0.471457957361024,0.299086342579102,0.126776649874025,0.712548490174704,-0.960340165773559,-0.416677440735537,0.0284009717201691,0.941866336103349,0.759188085116272,-0.44186824080383,0.386143690482298,-0.0681805155915924,1.21221171913527,-1.48676458385765,0.169662132332462,1.28366819197702,-0.0611829780034138,0.291714684799828,-0.706785510676976,0.0616626926279552,-0.084612985814466,0.093447720921778,-1.1217827349103,-0.265683810004471,0.954731876701865,2.10878149279554,-0.318003924010721,0.0373867232166611,1.05321521691937,0.0959630393949374,2.28680708905847
"57",0.763946830785188,-0.261801159451574,0.483570059224505,-1.83134560272905,-1.3408211261268,0.810409461217775,1.01253510329583,-1.01812794267334,-1.07742465240387,-0.301012750896067,-0.230940880134941,0.118856496672035,-0.636170719920501,-0.599969102396469,-0.835824908075214,-0.764504573487469,0.115356992280878,0.641078436843082,-0.710515863577677,-0.0833980835943224,-0.594992371449433,-0.345554848884864,-1.50997297355093,-0.0873507987324198,2.32950663145373,-1.57543652008477,0.801851165261171,2.13854470157493,-1.41671803739334,-0.138079814295303,-1.01927758505858,-0.487344342839153,1.46306401759129,-0.268606424173075,0.935321948263513,-1.10535456978561,1.44963243897712,-0.247789425381666,0.550691995890002,2.55084660036357,-0.431723199853068,0.546375714415598,-0.265078727196182,1.16301468327155,0.511774534054314,2.09926976725568,1.78877539369342,0.17350281504322,-1.43258370411418,1.20815980370156,-1.10843945873045,-0.855561798740024,-0.854360121335779,-0.571011737458107,2.15436535913188,-0.294601035237676,-0.37100221069611,-0.891753391247028,-1.07151513525233,-1.54311027255078,-0.396042225749703,-0.277026044881766,-1.08830363623319,-2.39061879291691,-1.31787343515306,0.841036071568317,0.228207614154378,0.545068138627112,-1.38239613323637,-1.03588235963684,-0.18379105233729,-0.219138679652168,-0.084434432036338,-0.766109189820506,0.706620495817644,1.22464397853664,-1.59898148764796,-0.121644050843497,-0.658586751867573,1.11413290014216,1.51314023021171,2.04246704474812,-0.216939596495008,-0.392277130944443,1.41172423604895,1.6222548209278,-0.245391504718197,1.01245637627827,1.10466777272018,1.26500109143375,1.94622820719481,2.37680959956096,-0.82619736125048,-0.146869863991351,-1.23387328288993,-1.33022547056312,0.406836368321642,-0.492095601437816,0.597592533625468,0.0763797556026241,0.265624548413788,1.74693057352057,0.0808491747564591,-0.989353323348528,1.08589631621712,-1.82282069012689,-1.43806026162861,0.64186189551839,0.724188164334856,0.816860921594529,0.541342775336261,-0.307913938770633,1.14664661980113,-0.350405844295673,-0.40273292863407,-0.283071320377051,-0.401497304734975,-0.849262228790146,0.195331824585073,-1.22346688154391,-0.958987459217057,1.63007304783074,-0.807065753729193,-0.526595884499797,-0.0380055664224104,-1.32168746900403,0.00508780086385868,0.769669434266035,-1.70787902092746,-0.75896817379208,-1.60157910900925,0.306652024218564,1.10150174182384,0.156376092658358,-0.500024183795732,-0.396002551878296,-0.278759230100766,-0.146261855603022,0.766224014547478,0.409832902841902,-0.818238119699185,0.456452288798714,0.433336168721726,-0.924167518960949,-1.28771606171356,-0.633304408062729,1.550416500196,-0.0209026259964595,-0.494378087860539,0.55494993956762,0.42449005464174,-0.0218964639131687,-0.580144246727286,-0.420929626735241,-0.408686741414579,0.303011366853514,0.282097014303218,0.394522993153749,-0.953265763525594,-0.779304846725585,-1.23022244265632,0.911411410356781,0.942980918866062,-0.0818983262035655,0.270775978348372,0.542454046067903,1.19785622640743,-1.69869259719607,0.265319603762705,1.22177387626423,0.0172059681508406,0.376038975462799,-0.641154608356588,-0.129933603377083,-0.0625303588934016,-0.150958772128318,-0.779082592597014,-0.737310693120257,0.768184216329528,2.01146270223903,-0.25919688260266,0.353237559178694,1.05200124345172,0.0891922525871927,2.15225095988645
"58",0.819640734378732,-0.637215997526891,0.720798239564278,-1.73174912064661,-1.32199927551689,0.927714140207334,1.07891326082998,-1.2462798600556,-1.58716868564351,-0.303428011631372,-0.257220937671723,0.21431067409707,-1.07503777822014,-0.760842730719372,-0.787760606997667,-0.960208178129057,0.0371494418375871,0.85617032800037,-0.363343759253116,-0.057638296656558,-0.29604586763599,-0.292428059619889,-1.766340950709,0.069773082428289,2.23029405964144,-1.68665177264808,0.321439113065834,1.47519487845124,-1.51376362499053,-0.222170477139912,-0.853077298517044,-0.443780882175589,1.49259637511371,-0.325769283461703,1.25780149480602,-1.09332010614443,1.47141144845726,-0.226921791479517,0.649783021314503,2.50937691839028,-0.248870741380705,0.172099632425879,-0.814648880277049,0.633826638359244,0.423867146321187,1.90316681849924,1.79074832584859,-0.208497376516761,-1.10359034512355,1.42522847943987,-1.02564911394782,-0.544904702657691,-1.09756001323739,-0.446770740327742,2.00639897086787,-0.633799672409346,-0.147400465949861,-0.845232663930461,-1.03370210021126,-1.20830873714661,-0.434575275065487,-0.170403587692321,-1.12943706122314,-2.20018404730803,-1.37591056742155,0.92953407394798,0.216253865230098,0.728158681262779,-1.34029470597014,-1.24065541422649,-0.122907431677269,-0.282866239234784,-0.206156191920065,-0.705432049682311,0.766656535897113,1.24699788973244,-1.63821614433842,0.296104267336993,-0.463543261710779,1.17790802983419,1.48448230060409,1.44456454577245,-0.481053610671043,-0.257542988327797,1.10274614777039,1.76487394882388,-0.194019033055597,1.17639654368845,1.13452053545031,1.18456924271097,1.70531985094327,2.22739334745546,-0.545808832164133,-0.455430821225993,-1.49145983321605,-1.11644459542931,0.430269938058892,-0.474531343118379,0.867781436958814,0.056893447525102,0.202198718578912,1.66664157654382,-0.189172393661128,-1.06131725616936,1.82271229521777,-1.72587175634468,-1.50137666196763,0.740040268076648,0.680830479981231,0.622322033792032,0.376842240725045,-0.447438158937305,1.07110120112285,-0.657161650045385,-0.475964665188872,-0.338168754445557,-0.323390245061266,-0.734216938711696,0.68063593377758,-1.7009328850526,-0.790826365421582,1.19357021890755,-0.654743121475113,-0.465883168217246,0.132237733048337,-0.748376684778136,0.0932702993837569,0.891669146240103,-1.70734566213959,-0.744124436996426,-1.62370471370251,0.272136594361274,1.46044772623099,0.144647361858164,-0.44694252170356,-0.791342283962378,0.030630437316137,-0.225268011405467,0.859882739630534,0.425931157064906,-1.38797844449472,0.589558133065376,0.811158960992423,-0.717319286939383,-1.25781227063963,-0.866624589529828,1.80974196512692,-0.0495659758292909,-0.595299278941523,0.447896818885588,0.491678909060054,0.306981091647988,-0.438766023304167,-0.667712741805955,-0.472160899878197,0.525895069942649,0.562229998423209,0.964104997669836,-0.907061704615496,-0.382157948816625,-0.73278897166981,1.07994449352951,0.748556342275308,-0.329642849340376,0.323127778432218,0.222187868808627,1.09863227059467,-1.37683022092429,0.463495813637119,1.13641345761967,0.077179756931171,0.223066960941909,-0.740108195809309,0.0662185693157974,-0.0533534405141203,-0.0193518321024024,-1.14507498685774,-0.694110118419433,0.926745494557973,1.91022588295911,-0.166605551979498,0.00994924883189717,0.837865456147691,-0.01169542845424,2.43182968463526
"59",0.746443819642502,-0.585520094148526,0.776568724177506,-1.82647340683825,-1.57734453247463,1.06274162674102,1.23127263697705,-0.903291319132516,-1.96053287222151,-0.45299544314235,-0.344240122403796,0.413712218976781,-1.32287915390578,-0.799484879029576,-0.626234305727561,-1.3064100064625,0.188860062406417,0.727076074807818,-0.319943685144614,-0.0850500031984846,-0.64250563967181,-0.351466450710216,-1.63690908164518,-0.0275361168733929,2.14629225199739,-1.10437880574444,0.576930309687084,1.6801251974134,-1.39091021130464,-0.693081958828397,-0.774042902691521,-0.457303537568722,1.51457398487278,-0.25952448231008,1.26134660227558,-0.880587999986824,1.29318392423285,-0.316847038163969,0.655045420843876,2.45360939119454,-0.123025798880561,0.123417716982053,-0.831216162215809,0.157160848812415,0.676002235584221,1.61234420534543,1.60995955262105,-0.218884932856106,-0.810064211077428,1.4115657332965,-0.954945941079837,-0.459003564929118,-1.3652834971193,-0.634063723554033,2.02722006797886,-0.800198367818482,-0.377630864059369,-1.29341830567554,-0.640337358228637,-1.36139578952695,-0.520094925815528,-0.270823052291992,-1.4177457327495,-2.16868651696349,-1.20199962079589,0.554027387302263,0.204507585356782,0.429194208667163,-0.698420140195144,-1.21608079865939,0.109619420761151,-0.279679779709161,-0.129796814609513,-0.741165563023527,0.903755209285343,1.41822475466271,-1.61381684630388,0.338309972348499,-0.482228588683774,1.07257426473598,1.39497321314767,1.37698116967928,-0.710906852264843,-0.355673939236519,1.43581491197166,2.34526878234011,-0.400701233383485,1.08824286557807,0.728178868552796,1.24169605232141,1.68690143018707,2.40675331443308,-0.745574138603519,-0.100039769638148,-1.65280818775436,-1.12217589388085,1.01130263276164,-0.476192327470381,0.845351760162054,-0.0618634500812642,0.0791718021697682,1.81231041091673,-0.00871941529610972,-1.14509663391604,0.900172819784499,-1.59619754646388,-1.22614171609908,0.872166842855016,0.687709194659907,0.880116747955172,0.546663744659674,-0.0965886921756139,0.934974034773944,-0.888703275113401,-0.589607757131728,-0.269470427449278,-0.438560874806223,-0.749118090462217,1.13237874154366,-1.62041028134688,-1.07402216952836,1.01449796085297,-1.4086620613362,-0.298280329652106,-0.11320341188387,-0.917198741550137,-0.00795111893845478,1.00893518472731,-1.25749315652609,-0.737282798408512,-1.20096684715189,0.257928005715001,1.47654563947279,0.0356556342689952,-0.45671731327495,-0.765076078392417,-0.310486403319024,-0.220869111495841,0.91398479220347,0.816973296985639,-1.43717620916502,0.791015921939773,0.970425321365937,-0.773728926605716,-1.07495319974074,-0.82176289618847,1.71684285347768,-0.158497405478743,-0.524739538436522,0.235261331910862,0.244628351881437,0.407222065044101,-0.381406447480413,-0.838518600705724,-0.186290056735607,0.456322815055878,0.287294336421133,0.968357753240387,-0.790648772265041,-0.524138637997762,-0.405845217092627,1.10578096088917,0.760901378364639,-0.295708227913575,0.406723685442283,-0.267334143732216,1.23206457620209,-1.47312945827004,0.0984007315683861,1.15269471549514,0.0777164495631357,0.714996095935367,-0.751979921863667,0.245064255644168,0.0313263526664509,0.403817497207589,-1.12696292282312,-0.657773816399931,0.996856474270939,1.819386812393,0.0985964163098986,0.350979111049448,0.879895663779532,0.0670753267064295,1.94189287058662
"60",1.00366644737602,-0.222901656182894,0.443309159858616,-1.86595559263381,-1.14614508218903,1.05579275387375,1.01860724728043,-1.17641772454861,-1.36428147872804,-0.116901335931435,-0.0398961561900447,0.340097506362427,-0.827251118480673,-0.80755401918783,-0.714679090493198,-0.672992155799276,-0.466040996777862,0.737765371679436,0.114905408198358,-0.0112398468543651,-0.430455526873368,-0.288622749161885,-1.44276155995722,0.203029393990567,1.66411223242475,-1.59666156832875,0.317852063491651,1.35700281842243,-1.23876851064119,-0.301419845445935,-0.906239583430168,-0.431485171424812,1.59122238272476,-0.0390188111661957,0.905122320894825,-0.9596445581931,1.56754614847384,-0.636263740162812,0.68363471477375,2.56453390939937,-0.0876535082419594,-0.0898165093139881,-0.567910406516012,0.718033033407872,0.35535474090018,2.05820973301483,2.00724410795148,0.160748402472572,-2.33885105976381,1.56914440875925,-0.932075935508045,-1.10727800857004,-1.28860183420234,-0.552238623012447,2.23015657011802,-0.391881553595995,-0.0821425430034961,-0.75475865187507,-0.80859280733621,-1.401819483861,-0.64967421712597,-0.338257339199138,-1.09312139521429,-1.88459021805883,-1.66123105270009,0.736176902216019,-0.17206132097753,0.573838231512802,-0.839109531842893,-1.1495800609312,-1.23503378290339,-0.00525435446809379,0.126788208562568,-1.01419305606615,-0.290159201696986,0.00562574456644783,-1.83590392835838,0.175639328169537,-0.683052927979588,0.884920759297165,1.34585000834744,1.26135062693303,-0.309620416400487,-0.591949609272789,0.959725622985522,1.62962460428759,-0.229066544518855,1.29452750048847,0.976951772293723,1.43146845042304,1.68816546727719,2.23254596110083,-0.853870238980122,-0.470198655742827,-1.30126536421259,-1.05130021151689,1.02790117243195,-0.579707173738734,0.906612206869403,0.337113947153576,0.506150125974742,1.44673976404954,0.0665486952790851,-1.44958179338601,1.19636410035077,-2.04901781121416,-1.8067021405647,0.732514246005777,1.05939064320759,0.757321849679986,0.572088169991544,-0.163242999036715,0.997193401451447,-0.372706397087838,-0.396144202977589,-0.394692536929553,-0.175612742660454,-0.462982848944799,0.969658118800193,-1.79301518141317,-0.660839378552904,0.946341264544824,-1.13517502964223,-0.583783946142807,0.177607555900843,-1.09023135697804,-0.101397956095258,0.841723902757088,-1.59800654121486,-0.38347894615484,-1.41731035170018,0.45492772914772,1.60393123888146,0.184638718809974,-0.430688297477092,-0.42382124805591,-0.21389387910161,-0.0345865801289807,1.13546925188367,-0.589031657893824,-0.892664669518937,0.698703984016143,1.06963234637777,-0.532671272470479,-1.08045091620008,-0.692356055132191,1.68474292607638,0.0979356799912174,-0.847226637985371,0.726546091963395,0.577812956387316,0.016412816921194,-0.00173977791564388,-0.54456869315408,0.344199738308124,0.00675097528641273,-0.0628780454451347,0.622036187297621,-0.706026486478367,-0.580642629501459,0.194518876031875,0.6100308055768,0.803763231819509,-0.459725358520648,0.407024610576204,0.284321849280519,0.91831330287809,-1.57721077875963,0.273745354789278,1.25905924275215,0.0681573163781465,0.812461202810652,-0.778155817354479,0.104593608241293,0.0374948776753308,0.0175525928054561,-1.18830934232658,-0.306357618420532,0.993612024823561,2.14394935170723,-0.460466536592059,0.216698648041626,1.25147942483445,0.288857956185673,2.34187971730268
"61",0.868792121364272,-0.687382450084549,0.714378619933659,-1.47490767232792,-1.5166374982047,0.92295458635514,1.29135747703519,-1.44227021447857,-1.5308244033654,-0.714474030194708,-0.490240212965217,0.231795069301368,-1.26712971997996,-0.932013469826508,-0.636260118222359,-1.12001616641069,-0.225267878723496,0.848314989335332,-0.464228006059077,0.233246560421991,-0.48102016869625,-0.34090571859022,-1.26848034601694,0.0762668932885637,2.21217846168062,-1.76341227671066,0.323794074760135,1.79860308198232,-1.52827687781891,-0.26436713971669,-0.746705309665208,-0.526921506913453,1.46824961740824,0.30495645056957,1.15681437318354,-0.575913742302213,1.37461486889376,-0.244098607577631,0.566817700531145,2.47377866986383,-0.0623436368601707,0.433273109963495,-0.430240374657232,0.713353428294353,0.220926947617119,1.62838383408746,1.87333774478192,-0.325551878577136,-1.6811092329279,1.53414485719471,-0.85545520440986,-1.1032154752492,-1.45805158291666,-0.456625804558616,2.00268021802773,-0.353789873873017,-0.291063699490069,-0.954877344276547,-0.660730691418095,-1.58083861958414,-0.500336788466522,-0.242419148067477,-1.40501935626455,-1.9565203481833,-1.64031358226924,0.668699341881705,0.029662463113205,0.383154758528306,-0.865600186631362,-1.23007554679346,-0.561525066561752,-0.24610714018682,-0.240848695062941,-0.813248623194366,0.29971417456431,0.78352386595222,-1.53117041315589,0.184308068300936,-0.501469636845082,1.18192688711109,1.57606506082139,1.49502148897202,-0.499941385659103,-0.263274264580569,0.95355497644083,1.93281580922564,-0.354522361482471,1.14993431121662,0.919767339071909,1.23656224874607,1.58837788954506,2.44573481441989,-0.839979723190802,-0.533920213824282,-1.31176010798926,-0.975538316881626,0.638111505465387,-0.272243372705471,0.899092859464378,0.0947256253065523,0.211745469059443,1.58583661302118,-0.183256590011767,-0.995039263713926,1.62374686492604,-1.38378834829033,-1.29552753889696,0.796118077948404,1.06696995794823,0.825922923455942,0.32539988872805,-0.288802977790246,0.9293692000768,-0.787858961690384,-0.443108455579761,-0.287788528268388,-0.413378708331128,-0.53314485461003,0.703023716065175,-1.20522119520426,-0.703852353956721,0.983848828745235,-1.20485840740775,-0.383430101796503,0.142897627880841,-0.901560528362396,0.149978944987837,1.00920073336945,-1.67822828710315,-0.652319123191703,-1.01353710212621,0.229995416964692,1.5603589103487,0.213607228853353,-0.196275624381668,-0.878341293543816,-0.485489490705363,-0.182272307392079,1.07936659455139,0.67726747375061,-1.76497114497154,0.64189113519514,1.23523396412062,-0.747849900107741,-1.22556753066392,-0.252350028815337,1.70810495905744,-0.267935527882442,-0.275774150427874,0.309496656471506,0.613418494093716,0.269265326763866,-1.25273145389558,-0.850145017767248,0.0191668387524824,0.509852114674971,0.476332150660725,0.857607541225059,-1.19393723992483,-0.559342521906641,-0.813338948371533,0.6845069271534,0.747791600599424,-0.531006833445203,0.50696179310032,0.313982671841947,1.18117337234169,-1.10850918082395,0.142008776468878,1.19488881594248,0.1918220333257,0.848622495700211,-0.912566530891157,0.199872577487684,-0.347788672134465,0.0433289835756115,-0.939752637205901,-0.361079063904326,0.876933489142775,1.91215736315477,-0.186453297250597,0.28696216151501,1.07024123182368,0.0347049970469695,2.20491076845072
"62",0.918223691887592,-0.540824334723059,0.753167443732506,-1.57659978192332,-1.25906018243263,0.920499504527949,1.28343926797571,-1.1252952752318,-1.73009715620554,-0.626844944524636,-0.574274170100764,0.228424038891867,-1.4024549429409,-0.663409483250155,-0.679246143452096,-1.28485789208981,0.0702838174175362,0.861262283213111,-0.382678015743872,0.0547476980146627,-0.387403745016068,-0.345607873278304,-1.57065114086056,-0.00860237975675545,2.21375845846283,-1.53466753334042,0.248920235157913,1.60983220530618,-1.35200086575535,-0.30412904166707,-0.873579006363671,-0.504149249349496,1.45199798449363,0.194397453595578,1.09192996693746,-0.923227286360494,1.42408949424283,-0.138295677137751,0.448275217420109,2.44862795801362,0.0576940202750616,0.144233793159381,-0.414818048706099,0.632219878467362,0.31776938079157,1.77714127314284,1.81228841854354,-0.193501054808246,-1.32961095397602,1.55399823001652,-0.999012519637981,-0.679887941526243,-1.34451744350416,-0.452817072208252,1.92935807004392,-0.601539695985102,-0.264996480338138,-1.03925240761187,-1.09330504335084,-1.18697040216292,-0.727652660148826,-0.214567643181943,-1.42298497770473,-2.07985309525027,-1.30904098216399,0.954882817354414,0.399260764687536,0.743780807613408,-0.972149940062912,-1.11085121060314,0.18470416667093,-0.319402283506367,-0.30908403876044,-0.714570434367326,1.04131893196921,1.49657703617351,-1.60057536832202,0.0877546488122711,-0.457980214264722,1.08753246903691,1.48884266184289,1.17233470912288,-0.549526882333769,-0.338582868069208,1.71981374500944,1.9278125202075,-0.325264337362873,1.14669833092578,1.15253515503558,1.19684934643702,1.59986705167323,2.10995888203591,-0.328441924014054,0.120599666005634,-1.70407403030861,-1.40922816310308,-0.0418889611735151,-0.393270091369648,1.03018849909662,0.0977309321517522,0.201551924207023,1.52716513394654,-0.251072624736602,-1.1191786563271,1.49043441916027,-1.66176390386409,-1.40928465361622,0.82550027572225,0.645577149635781,0.52502589985119,0.432807811838932,-0.256734536036785,1.03701270771554,-0.870447174473122,-0.374138879987181,-0.624040002842941,-0.31571813182982,-0.607448671014507,0.0713307058783291,-1.51951685597306,-0.712074226871266,0.716461264022832,-1.04374191220708,-0.582056024762899,0.108228965684429,-0.705851847229011,-0.0442103139541422,0.899689470759534,-1.68319168469937,-0.542355535960946,-1.19538646911275,0.292489324941783,1.77794006757737,0.218828962983995,-0.315716805446665,-0.771507852900456,0.337242808117922,-0.102677055006022,0.85846142455311,0.77978202624827,-1.76926147188758,0.488965669420759,0.966285292519072,-0.550623217098787,-1.10917272101313,-0.677742775129801,1.86057458065164,-0.186765834724031,-0.382175817339895,0.494353443790983,0.41622382888973,0.195515974017018,-0.309990143280312,-0.828262252436658,-0.42448949660169,0.632111097332341,0.582482526987133,0.920114875888823,-1.35176374160558,-0.501165817326676,-1.35679802815431,1.04406512766543,0.662837043111791,-0.367729011393817,0.533230316694934,0.170175614635045,1.35406620401951,-1.07057960129011,0.228989333173375,1.14846677766256,0.00786133464690149,0.113468681029813,-0.441521218806816,0.0614306694963847,-0.4758744308579,0.36200377254421,-0.717616166388933,-0.710041019519646,0.805461107442107,1.96580115514434,-0.187118931904547,-0.0140850631577382,0.639659299862258,0.00438535368057634,2.24838352141624
"63",1.0036170728089,-0.484957639647057,0.633225663273254,-1.60896625387693,-1.31708236498033,0.856665239959872,1.30042207735482,-1.28275631825205,-1.53644841941464,-0.628477085408112,-0.566974002041443,0.160065896382569,-1.22199495746382,-0.608154304502858,-0.839602575174888,-1.26036701135502,0.115967960134935,0.638561587188322,-0.227655425523701,0.0952019853788022,-0.443996217161824,-0.354457579926632,-1.45946201508097,0.0355049700427694,2.0407222141226,-1.55161778904994,0.268390456700798,1.59306755349537,-1.54319943723408,-0.713853318253531,-1.15887724822198,-0.501280876677195,1.49669374370388,0.331277956704348,1.17648662012951,-1.02205250151286,0.819569646022708,-0.406324700822066,0.620857082206976,2.43194310599038,-0.182105653002894,0.46953146046849,-0.703094010007481,0.335195675563919,0.460709594835804,1.71311563461766,1.75930327763036,-0.165697669416653,-1.55432021906966,1.38506982206172,-0.763530051508812,-0.667553172333996,-1.47950193605902,-0.692241085766764,2.13318142063218,-0.556430496018948,-0.33931082563142,-1.23142313768099,-1.00360804320969,-1.92125535384275,-0.564712031899836,0.0870720570260184,-1.47400308800964,-1.98378841066378,-1.4426328187713,0.695589148552316,-0.272136293728479,0.636153774181222,-0.817144098422451,-1.12204417172367,-0.070152772274921,-0.137383443259605,-0.106392830033056,-0.927630023680196,0.762529057945733,1.28771652477406,-1.50036545608972,0.286822933612378,-0.422076106115943,1.21990207496059,1.59341325161869,1.46570372791745,-0.698088100718204,-0.190404094661257,0.902461796750378,1.96757577908348,-0.315284464850334,0.844162237188968,0.915607938367359,1.37951964920515,1.49951447146752,2.12779310783261,-0.261811695557924,-0.566812818043515,-1.28523275399631,-1.38915430958969,0.88343205600807,-0.603368999424062,0.537234913150325,0.100143022132307,0.314161981018764,1.80188047182861,0.345876320399829,-1.12072032288642,1.22248749054207,-1.67338515457927,-0.462863285118532,0.655959584504572,1.04823797332821,1.26055459021816,0.46131014582001,-0.352337208443406,1.41627342563923,-0.994916012541033,-0.498026196672413,-0.12638194523349,-0.381463220401399,-0.527619364221291,0.743811904974548,-1.66588599275732,-0.699137775088944,0.551829595763329,-1.25414411544023,-0.190122114632255,0.0353913877055681,-0.468994075132998,1.2814102860973,0.565229970679096,-1.5586350921823,-0.582525476685855,-1.22365007188757,0.321441511094002,1.3082620144974,0.125027694780685,-0.433258345113798,-0.655804362847887,-1.02442767626082,-0.230067787953894,0.835292114512691,0.502225691598215,-1.59395213416129,1.21073456603935,0.855999618285342,-0.826084170674523,-0.800901774046046,-0.752297742128389,1.69535435666764,0.00701489017142791,-0.358880494350511,0.408973729125664,0.438461158501146,0.207750812600788,-0.620143844722591,-0.8786823679221,-0.147240530650408,0.459265854714272,0.213521748350102,0.829648290301036,-1.1062286745809,-0.540407453213389,-1.25306082824987,1.17129467785969,0.876102473849894,-0.20429329747306,0.560618947959779,-0.258775996870843,1.06843176547202,-1.34153875016351,0.058264104786601,1.09172067328822,0.110034793005505,0.610013665264457,-0.907654034905675,0.2922689892631,-0.222484955375627,0.219121887800437,-0.79743169397839,-0.323854577412547,0.744070885429707,1.94745401288493,0.306443677491949,0.538136919441138,0.997667006931579,0.247964301600421,2.17783419233166
"64",0.990890481346115,-0.437110480532912,0.664775930934068,-1.57717927410923,-1.32484033863501,1.06697153483593,1.06759856202803,-1.42876306991001,-2.03345888442189,-0.359592475017194,-0.422410027701694,0.383266240739145,-1.19510374149259,-0.635149973017632,-0.641447251521803,-1.36486555849897,0.0615720813573116,0.823364594603758,-0.0215226220497339,0.129443619579029,-0.332382992153417,-0.228573463808277,-1.56257059803593,0.19794226103458,2.21937786810639,-1.6742692296171,-0.0720357808246026,1.25944818488922,-1.3368304278843,-0.888641005154472,-0.741010906765848,-0.34552016818558,1.54160822576345,0.431938393584004,1.39142747048652,-0.789214064562466,1.43754991917885,-0.136981341977607,0.69630581381652,2.53087526257728,-0.113197951875656,0.383001224794853,-0.8483617987662,0.0902173793047904,0.402766059490127,1.54671637349215,1.82814962029659,-0.146217732431105,-0.75150499932302,1.45659633774342,-0.406465288397774,-0.365627647017596,-1.46997211379343,-0.726543807841004,1.99369852861488,-0.521555129921198,-0.262052030451814,-1.2919795047722,-0.819024136608302,-1.29550937945018,-0.881274623295275,-0.19631299817556,-1.44355783570317,-2.12949984780083,-1.33150569822093,0.82269049775443,-0.523545641595213,1.00683852982542,-1.00850776842691,-1.04770411367558,-0.24983726131177,-0.403814862236295,-0.116945182665173,-0.696212254007394,0.535287585260243,1.03584604349843,-1.43615008674181,0.280183436158233,-0.495757661898971,1.09962412896438,1.55184717861118,1.57265315799052,-0.677832697039429,-0.281312921587252,0.888400992285125,1.8957330319908,-0.338895146703708,1.43517410946302,1.01267551741277,1.55709719398944,1.58900859368235,2.26764933753029,-0.470707937694485,-0.542771098071871,-1.66076807477375,-1.17120178631405,0.513345930548985,-0.372839453210318,1.3121785802012,0.184368812865727,0.354649638231768,1.4878109253826,0.0774710323805913,-1.33198126741734,0.99002827528826,-1.39066678070091,-1.60890733587742,0.613588510726437,0.495325741624825,0.960103661045082,0.542035719618019,-0.0847516341232315,1.04458722610663,-0.929971235271539,-0.41029896746429,-0.558716585017264,-0.239087906638795,-0.588269312062163,0.839143393448532,-1.58336896944141,-1.09693401847024,-0.111318670611016,-1.28550418722745,-0.331721492914817,0.247527904508166,-0.751107905670487,0.132518683196994,1.03705411562907,-1.41819153397302,-0.524233776935123,-1.17782225871877,0.236523690825885,1.53789626745742,0.201540987896839,-0.418175745084901,-0.643805143798491,-0.174117863053521,-0.0993667923218938,0.864286988400668,0.68274394192607,-1.62841621386204,0.602139142387584,1.11558193734509,-0.592119192266,-0.959854532754369,-0.807239655218303,1.7615954050344,-0.0666321838140578,-0.524506778194974,0.298838040388098,0.636434297347796,0.412511919077731,-0.643353460961326,-0.706247373092571,-0.445782286591769,0.740792010876399,-0.0456093241493595,0.907283525060451,-0.947174729369856,-0.470476209197925,-1.28069433994487,0.675192620767579,0.824199237076864,-0.57912397225327,0.613681122953929,-0.377439945931489,1.12983870122674,-1.21474733295298,0.204440217762569,1.25844524783742,0.0454869705400487,0.540889917396543,-0.898647205497871,0.23840261902412,-0.201717609518704,0.382216270367728,-0.860830469246744,-0.783310490544333,0.920081726154998,1.86108111092566,0.0248487535142879,0.454963591891721,1.06411396175987,0.411164541528024,2.21151861726533
"65",0.970431012121506,-0.400433417499632,0.655852994061354,-1.72370254902587,-1.27544950709972,1.19281832834342,1.0368297674372,-1.31254178363756,-1.63445968612113,-0.274297782310662,-0.223172897930145,0.515752302338042,-1.14455114012488,-0.688253219208407,-0.59509066128992,-0.947268922583995,-0.143306497966306,0.798150812424934,-0.115993293587985,0.243753121792609,-0.3005169722181,-0.278415161019375,-1.22818402082895,0.113159162617992,1.99216727938744,-1.41851416405771,0.306582759993525,1.64510481841582,-1.14200761022391,-0.53459896753138,-0.60502955153677,-0.397652064550536,1.68146970255798,0.665688000733947,1.03376996167535,-0.882159602552454,1.44315123198068,-0.298428749106312,0.698198038265803,2.57301347550605,-0.00809597372028792,0.00851136451859419,-0.78380797758158,0.73734871420067,0.497340811420631,1.77570613209481,1.97565947076563,-0.0532002381244371,-1.69471745037232,1.43913865421028,-0.661067237710798,-0.940669346217543,-1.3518238648617,-0.616940905068403,2.15942002497813,-0.154148469020498,0.0647308512058005,-1.16822996592217,-0.896632677628411,-1.54362643708152,-1.41035581997222,-0.142190091773755,-1.23623793188831,-1.95070987166627,-1.3638152630233,0.898181157868425,-0.508402030015068,0.737204773019657,-0.534306376002609,-0.985909774573728,-0.718299994784682,-0.432401477838265,-0.0484707302364138,-0.688926680205119,0.130596007892568,0.599524573211418,-1.67482090254387,0.436194315163976,-0.565342568400847,1.03723624695567,1.4204191570135,0.975882183588038,-0.567902096588686,-0.349876319880473,0.0100846955152681,2.14859070025321,-0.387694328849812,1.2895835194618,1.08961920323844,1.25606646392609,1.6868909055376,2.20317336578928,-0.551456281363875,-1.57622313569479,-1.52630328885879,-1.02109808116501,0.555783842652072,-0.54068058782939,1.12245875088779,0.407059921592586,0.547210879320676,1.65884369591874,-0.125088726083997,-1.33990358855683,1.10932372993222,-1.83292719016169,-1.69730005111171,0.777351357446219,0.898976329821842,0.67817524700781,0.671905487234518,-0.0163353707515745,0.807336827977282,-0.70523312690774,-0.382613059480088,-0.634067888130997,-0.108428271249701,-0.347475549083907,1.05431595625973,-1.41557011397156,-0.819608996845078,0.250081272659107,-1.24826430230628,-0.43243562742061,0.212673965492581,-0.666665185284395,-0.317596770604197,1.03577839601004,-1.42468194900279,-0.359017248266143,-0.967228701557014,0.415414111257044,1.63677192532871,0.126038096117571,-0.28549768938021,-0.596028243928655,-0.233509867741545,-0.0296721480860741,1.27988433364038,0.226550554438888,-1.58223177143897,0.605069804430551,0.920351365935668,-0.564829748614708,-1.1079053246461,-0.346270243190018,1.8484955659607,0.0503684190237267,-0.424007393036933,0.486425316487096,0.529367908219754,0.240696360556973,-0.769872397965268,-0.650575173008904,0.00188083936129725,0.293961704475966,-0.151065205099914,0.821737294021655,-1.02988819927696,-0.51027378414674,-1.30079306145308,0.746454013077424,0.742538724878439,-0.534508427503772,0.58115060297467,0.0174060924219208,1.13806613424789,-1.52525701170529,-0.455800278145097,1.32918431364014,0.257541194474416,0.595745100277331,-0.785136226578017,0.0951112640460914,-0.218428491530064,0.215339540373426,-0.883810219611447,-0.429541919863238,0.987840694059182,2.04869187942982,-0.24898645674567,0.18155684849355,0.950068674012632,0.128228533316664,2.2945344672737
"66",0.777022073218577,-0.637368472196201,0.636903828424308,-1.87760419155237,-1.65439873567018,0.89870604633224,1.5244141394961,-1.33458460268052,-1.49526952420309,-0.299710206796732,-0.479772714371318,0.217187724740178,-1.0954629301203,-0.711125290935731,-0.699359125301929,-1.06619098209529,0.0133227563075342,1.03969788099614,-0.286990263778346,0.138221891500162,-0.494123906257154,-0.393346858589318,-1.34004582212237,0.00831020719630644,2.11868055590488,-1.74840578028307,-0.0702433721609411,1.33914576309902,-1.39791346792108,0.210317149820936,-1.04769362775255,-0.476148882276747,1.42895468889008,0.519877405593448,1.04697804781269,-1.13260345890384,1.37888390153291,0.172821543940364,0.578876005155637,2.49959792369796,-0.413471424833155,0.404612590878734,-0.279764286980922,1.22013993584455,0.518000633017542,1.84462964107097,1.8058430221972,-0.254012764900587,-1.29948518063591,1.53079490225147,-1.15323622417545,-0.564420315220551,-1.1175405536905,-0.309970132750655,2.11166906835221,-0.282651276388534,-0.301661426172934,-0.745894723237622,-1.03673809407885,-1.53749756669188,-0.403975216278828,-0.272505236872958,-1.13885950001693,-2.05714432496506,-1.40881445109294,0.744664755050626,0.228611223195681,0.565137184120088,-0.801658257482736,-1.13474453202176,-0.741024209952402,-0.114808725514914,-0.266284350002269,-0.582695923328819,0.117021508627226,0.637576791627392,-1.68119858250365,-0.201242436395088,-0.550020428622439,1.07412272351989,1.5190953659178,1.75702599466976,-0.219394912801524,-0.393838420365564,1.10393559614279,2.01528345487123,-0.0474141135409344,1.0276549887613,0.940073905046846,1.10406756495456,1.82857999438353,2.42726662838834,-0.57461486634879,-0.36035008898096,-1.42820925232938,-1.24131879917294,0.524542612145022,-0.175102828262264,0.779807071664209,0.171901332185319,0.288658061260682,1.74069130412046,-0.0106100476631172,-1.05416226531695,1.30477157150503,-1.84222639157996,-1.34456479115075,0.900571130824517,1.20055735240344,0.856241491823984,0.481077500421037,-0.343790123043947,1.19973305276036,-0.649924829106393,-0.268966613667064,-0.6334726063111,-0.326291331103127,-0.683370669220668,0.585734840379113,-1.25340459900505,-1.13317823521121,1.12034279417945,-0.586350355931866,-0.479023526738557,0.0748845209619859,-0.874223934042511,0.122980969539303,0.826797161303091,-1.70494766027775,-0.792602940705614,-1.30795948820398,0.357509703578912,1.45354419203559,0.191766388381633,-0.381762129048342,-0.834385447217844,-0.434308638013433,-0.190675593449559,0.690248665704398,0.196235303416401,-1.55684218199392,0.656812585274756,0.984447218013793,-0.912870815080158,-1.14281380084469,-0.318600713062614,1.6102772906691,-0.138376456254494,-0.419192366814528,0.350968601280323,0.186661997802938,0.0755687233340947,-1.31353432545692,-0.830691456535342,-0.320676579120292,0.219306190848152,0.209344379859107,0.826495369894249,-1.45709548729289,-0.493151828341134,-0.617930670839563,0.54040156154478,0.730075799912248,-0.125900928058807,0.428799988217623,0.718126821063322,1.27074855460393,-1.5309171672276,0.712196913218858,1.17120335303997,0.116951077375446,0.610197373534301,-0.741661301141516,0.0608265234196063,-0.57492239641768,0.0607355388086308,-0.633456497822768,-0.267197153337989,0.842653394364681,1.83702482717235,-0.230483706203902,0.237312404860286,0.805968493002965,-0.0748461094912456,2.2558607916679
"67",1.02138346456669,-0.405006934488038,0.513338168736464,-1.74621492810827,-0.875185918474707,1.05986791235482,1.27266119119273,-1.35002822294863,-1.43272850932511,-0.54522066564101,-0.0928761433373586,0.32939429053786,-1.20408510520662,-0.873613229211652,-0.632363371864514,-1.20990440633993,-0.457930264380508,0.944620372653522,-0.0216771450807609,0.307795568510091,-0.402112953371708,-0.377398254126791,-1.45006745751834,0.138884387247011,1.91589782536335,-1.66113331149012,0.243106907275623,1.72864090918685,-1.26277884491771,-0.255035494590478,-0.839100033701236,-0.50169038796182,1.57720116887332,-0.046004232500426,1.15925603873472,-0.840949101353479,1.19291682682276,-0.502542891710118,0.509850173417061,2.53534271146705,0.130267637290497,-0.00422710998181051,-0.574464008541538,0.61268619333806,0.2332920449272,1.98676902620637,1.97130475483051,-0.012959979415415,-1.4206843641486,1.4294578217367,-0.881608371403968,-0.603676292524185,-0.971668254374461,-0.541411723865043,2.14895777434868,-0.302190859809214,-0.193926413458538,-0.912545047443827,-0.883345226824031,-1.39937009063422,-0.837946795712399,-0.107576961139944,-1.34368302057297,-2.14898345879076,-1.66214390181637,0.622828770820854,-0.228004189578395,1.03959408977755,-1.1306425234723,-0.956187237698596,-0.237698093108175,-0.387138254193348,-0.32818670384082,-0.80852477039764,0.661759957702298,1.13942307548636,-1.65320013180317,0.31052472017467,-0.647390732243863,0.949173787367312,1.54433882449328,1.09223257348316,-0.545185272655282,-0.542241448474752,1.27147311846817,1.63042696293808,-0.338384445950862,1.06848377678924,0.870263953332749,1.36249008809354,1.5448191691077,2.19548330058098,-0.893681997179455,-0.285119099721002,-1.43466441175873,-1.03018773241393,0.542489556300203,-0.523325620298754,0.883203110827335,-0.00588711894717669,0.171497010026602,1.83767642171921,-0.201006049441482,-1.02244642818782,1.30722245372958,-1.90664905368768,-1.84486483225628,0.798312327938763,0.581631998159197,0.589360842551105,0.474088908211314,-0.18897628935799,1.06459423820239,-0.714605290297349,-0.520455604605782,-0.491607755478259,-0.232713286678863,-0.617982376707645,0.921146476518419,-1.58812678671999,-0.571655126227523,0.468861119225575,-1.08852676869322,-0.474057563086055,0.12389375743409,-0.599186095304077,-0.35913075078507,0.861818372750321,-1.59876572519644,-0.363917337234172,-1.08855193021796,0.196024651398377,1.59897981900523,0.0479868601657213,-0.480094900463625,-0.541728399635763,-0.0845635144614671,-0.0790501110614383,1.03254329854618,0.0173877066871348,-1.51538905513574,0.62623516636667,0.843258556655075,-0.650441792326975,-1.31636513482019,-0.598631434621461,1.91752089300807,0.172597529555185,-0.89020057768031,0.565363771050743,0.223704223507268,0.273652257231676,-0.799516036273701,-0.678526154939473,-0.18090323564823,0.655949569041642,0.121299994122404,0.744993663859491,-1.08031111733397,-0.541504905721073,-0.126555321973604,0.928613429099432,0.785520349330285,-0.407781356060789,0.369736605236926,0.166312825482043,1.4103439033761,-1.38562019033834,0.50670707210159,1.20725102781958,0.0702347719542154,0.389433721710562,-0.681094702758036,-0.0659042169720455,-0.277196362811242,0.257072483437593,-0.755264393653051,-0.790912000027319,0.968926052107711,2.12707805869809,-0.0840504276557257,0.0615484932151177,1.098712747344,0.209731740941034,2.76181269049694
"68",0.879973094456726,-0.511662571953673,0.668142346817497,-1.64770049848667,-1.32445047064846,0.99864079896364,1.38169784780834,-1.19445380323912,-1.62701600439713,-0.308892682233834,-0.0751795856418756,0.318414355643091,-1.17647777939804,-0.80956419041638,-0.725579441739226,-1.038615297353,-0.276303428188631,0.750222110399423,-0.297408993569673,0.18713046543646,-0.364441076967523,-0.421330094550365,-1.0641280767154,0.0758223479257536,2.08630419711408,-1.41782099305788,0.420252562832404,1.69463115966668,-1.35448497952613,-0.395108994111104,-0.795202985469906,-0.490925663142563,1.51545454243312,0.455530370100838,0.907504687407729,-0.762470890817547,1.41132277634266,-0.46969067230416,0.807507401773051,2.49008547627095,0.00674827832983615,0.0389028387464827,-0.569097165212634,0.557357668225291,0.317671827387712,1.799889184783,1.87671432600155,-0.253721364311011,-1.27950607230594,1.51889317759144,-1.15091468755309,-1.11176115670658,-1.30713988178331,-0.66505093262846,2.08860682270985,-0.329245745796265,-0.255694638878855,-1.17269076529353,-0.741817661254479,-1.47956051543002,-0.69517051079148,-0.153181864942302,-1.31342679436888,-1.94532406953153,-1.53792971845029,0.723491114509102,0.440418867508179,0.676949371831115,-1.05279923321777,-1.03058087969084,-0.351984722565712,0.04085230825692,-0.239497865982283,-0.896413406862863,0.459532257395434,0.987153206178028,-1.64742004362605,0.282137660978306,-0.518613726084572,1.12508649795854,1.43215701957977,1.25071999077964,-0.601829384024975,-0.34011036246092,1.50090224773185,1.96896731361057,-0.408246841069401,1.18283346963594,0.932035833839224,1.26092485199469,1.66052072977981,2.22927130879984,-0.75352653340131,-0.0581918273749807,-1.62061609310968,-1.24140307238654,0.576241615825262,-0.443956157835598,0.85034900806101,0.257979918869585,0.35356739915407,1.6534172807905,-0.125905930894176,-0.971869422963339,1.47348213780646,-1.82161084886061,-1.89575383339206,0.910303568208813,1.24758786495024,0.711533453064468,0.515494556170616,-0.206308260961409,0.837513383037105,-0.756806745107659,-0.492486369054045,-0.640372028780353,-0.249606146258966,-0.665672155439472,0.812428177145872,-1.50686840674728,-0.742514449174191,0.130254490583378,-1.26070563497741,-0.471860659346952,-0.0193175990557948,-0.976548474279341,-0.327905850692622,0.966137980347884,-1.56228500630672,-0.545447599739907,-1.09013071499661,0.339444859266155,1.89362816180392,0.0392887903960158,-0.229435890869845,-0.749340216510814,-0.0594909668059029,-0.176624069492203,0.908170837271215,0.376539870111557,-1.678803184366,0.601589581723154,0.951960181729477,-0.551008736012532,-1.24933292837532,-0.834927020560787,1.74200758018139,-0.11692755656273,-0.57691576362656,0.349666303105195,0.326609131347753,0.103688879408787,-0.730352967164764,-0.763141124704804,-0.411160907117414,0.425842507682357,0.458688349727754,0.807000165212095,-1.30447235664559,-0.321842106763669,0.0594927115641082,0.851249308336311,0.695626195797883,-0.43670907853829,0.320052374031651,0.062883084391283,1.37456765798666,-1.12433439315295,-0.227069555962584,1.24612073555552,0.105667871547465,0.512351236990122,-0.846341497119709,0.229582015606068,-0.457443910422338,0.262522585516957,-0.729839059843675,-0.212969193990874,0.962180532968065,2.01615247631501,-0.269535068168454,0.116110928987109,0.893485595207282,0.111164134215597,2.25632636513341
"69",0.664725092163845,-0.750806038636408,0.576216473799945,-1.92140551793381,-1.48684004636938,0.934601642480446,1.36687907864927,-1.00934506642969,-1.53945347605764,-0.722135532655806,-0.628833402919286,0.240634610210578,-1.24958189608018,-0.972174776181009,-0.520762379000518,-1.25640455838169,0.108214358245075,0.403215727185785,-0.727694235630861,0.89954724068146,-0.749433530060703,-0.349762371508042,-0.674356948996768,-0.205959207468657,2.00597462772181,-1.60646340109306,0.586180013238534,1.62192887337122,-1.50630440550113,0.215889453087118,-1.19741962299051,-0.398768606461813,1.37157648199031,0.169593047172587,0.999330890234272,-0.853832386100759,0.531018166322941,-0.302065495928162,0.582017394668454,2.51093125653712,-0.179621016972272,0.226007901899071,-0.350794811072483,1.2795515539184,0.666021789755251,1.84870587610305,1.62864106064864,-0.375078693754839,-0.621295082016733,1.52269234838308,-0.963523773884611,-0.0490483769161651,-1.17107092792567,0.107832970295655,2.15750865854078,-0.732579384342229,-0.12785849508299,-0.384087717369204,-0.69937289408108,-1.37747107659651,-0.327156983939597,-0.0796558859474073,-0.950248193968302,-2.18921203488297,-1.37413234504093,0.301103296225444,0.429127556150957,0.475857503867324,-1.20120822241013,-1.26929053368911,-0.210902493301398,0.0329938176049683,-0.291807939817931,-0.625835739416284,0.707295382105648,1.18067162955333,-1.58998090747039,0.0048733722667212,-0.536034482347203,1.19751798316211,1.57584030343578,1.56608409721105,-0.159950460127622,-0.318985700813723,1.5737383897766,2.5823597859535,-0.385189583934412,0.473500799610266,0.555270844953528,1.31863665556542,1.61648629015674,2.15908127198731,-0.368838072276766,-0.186974514606074,-1.5858974004092,-1.35412639469505,1.03432261305696,-0.5195446000253,-0.378440242826852,-0.232576092337368,-0.0143912073687347,1.90704213457503,-0.0990285887578491,-0.62485709524231,1.1272712890977,-2.29027507561677,-1.40533136816063,0.885275147054001,0.911526577795877,0.962741905416937,0.535369015733207,-0.353709620224493,1.12571355700844,-0.637659384938135,-0.437352476035786,-0.393209236803431,-0.566904789173578,-0.928345650125884,0.716576016225822,-1.6262822286881,-1.04985041534098,0.913833699089204,-0.941121717962455,-0.540703453542464,-0.190907388399619,-0.239224534825408,0.700563969857266,0.592926951688342,-1.88929220755918,-0.819443504772991,-0.880274676940638,0.242453631666496,1.13276959636131,0.325629687047223,-0.333011842144017,-0.944998570196459,-0.797690835567697,-0.300608859477888,0.824257640663676,0.421549236587477,-1.52375226587654,0.91996765630615,0.703561176429606,-1.05054160620307,-1.40399956075989,-1.01236329710579,1.74324556236371,-0.0525977661881034,-0.177098179109208,0.182134919529195,0.755735342933505,0.149118470219214,-1.472378202371,-0.674292724917246,-0.372192647213742,0.538529980095121,0.300738427404664,0.694461836150202,-1.40506155714626,-0.143376672039018,-0.0252071333048419,0.75484211748033,0.537876338915995,-0.0136209481921787,0.250597004881567,0.810595508805898,1.47500237609422,-1.42993402462266,-0.234002085693257,1.09736028442725,0.352245179193704,0.587450184818431,-0.258735086329287,0.088554421536082,-0.58112156731977,-0.10470555305571,-0.614858433062258,-0.523699555887951,0.72668546304411,1.82409557043172,0.130917204641465,0.223178086533159,0.947218130980912,0.0787602752310746,1.96703781668424
"70",1.12493894898042,-0.23003703025399,0.539325011079077,-1.33312349982505,-1.43191722543549,1.15214065678438,1.13455100002753,-1.34372607264611,-1.48091704677175,-0.419028530374605,-0.34892688112383,0.443986273928176,-1.08516341780326,-0.785009517747159,-0.632274580992588,-1.0972301726038,-0.267569412898582,0.675232748965962,0.060669893959803,0.216621473171671,-0.255826233908446,-0.396464538813527,-1.34580613158917,0.112845881952337,2.3074344890096,-1.59377024904872,0.222812525794016,1.56542820949711,-1.34310418781919,-0.369828356725787,-0.850885348817064,-0.472578917305673,1.63123803622375,0.449156556022603,1.1766981324254,-0.933710436266698,1.25491414826019,-0.0189353648833833,0.579594437810327,2.62480471695855,-0.161845571264729,-0.135862835321756,-0.451788186854204,0.664587952460113,0.26691988027151,2.04701274501243,2.03149282969044,0.105600129404261,-0.975876580215703,1.40396627690492,-0.261945160207459,-0.610660811155917,-1.19830068291842,-0.223591402056856,2.21703767611142,-0.109724148777332,-0.147424219258506,-0.889113268739913,-0.456271194773826,-1.44887813321854,-0.954685054170237,0.0995396192570151,-1.16388951760286,-2.3247995244773,-1.64647499729417,0.81964117526996,-0.639490547503041,0.612396428940743,-1.2414784131599,-0.952505900480214,-0.898971354660747,-0.23689927814414,-0.141379987511936,-0.832565715488127,0.0756062769722847,0.493988619209917,-1.73656014028099,0.244650961852771,-0.79935684561594,0.863473947569995,1.4862255915382,1.10488739542967,-0.478450732571355,-0.654163304891968,0.789443232173779,1.93137719637598,-0.00881382133951172,1.30180890953043,1.04960849563737,1.10073689717851,1.82334129097594,2.2675310755589,-1.03289829652558,-0.665304562589563,-1.2605396312539,-1.13613494705491,0.775576703371017,-0.477123938290219,1.24164495696414,0.341287401141317,0.495962604769416,1.61675627686794,-0.050018882851638,-1.4066541882969,1.29961130880956,-1.86321874018086,-1.93934118605731,0.822668118876657,0.691259510326564,0.724391216593571,0.652891327939164,-0.0139903583089599,0.82050012996558,-0.68677887510877,-0.477386435887054,-0.666187659127361,-0.182533585198085,-0.537205236232556,1.0546116695207,-1.69945841332266,-0.683774125610693,-0.166957366423242,-0.755657205291298,-0.488394002236719,0.241769481906477,-1.02316092184107,-0.508375328712761,0.84411834691443,-1.50598050118245,-0.397941528100259,-1.23996927383697,0.362622663796128,1.67588360358355,0.145688247622843,-0.518355749983744,-0.446296708938262,-0.158880837355797,0.0467171047555481,0.942525531792331,-0.197527243278733,-1.41631592708917,0.52360898990904,1.06367015927057,-0.660885151867865,-1.25092068171161,-0.68296872752535,1.79504735817314,0.126751407222908,-0.142296160179667,0.513171428323915,0.55738202668719,0.208039032016668,-0.431857031385779,-0.64319784294927,-0.197999671276565,0.398514471813386,-0.403508617801923,0.539984624864856,-0.825336215801329,-0.590962173418077,-0.559971305513665,0.559836710451736,0.758087552449147,-0.463859884305011,0.379069599174714,0.205406206524806,1.19605280371364,-1.48559697401028,0.325954495151306,1.3368664276722,0.0613700197484774,0.475697063718123,-0.961133203572649,0.214159569335329,-0.0818578889463363,0.159815304771955,-1.11204031237931,-0.657306161613015,0.939839815730832,2.2089663532269,-0.273622074935305,0.285669863450859,0.999391652321907,-0.127348505840978,2.27052383939293
"71",1.01417666810877,-0.379548841242526,0.573761509916073,-1.8609831359166,-1.31359306629286,1.08263389603281,1.1236872867861,-1.20526657819255,-1.60326696873913,-0.484893946120039,-0.220617749055201,0.38686038148912,-1.02567896265561,-0.812423595850802,-0.603547061212098,-0.907447697007731,-0.324181623568163,0.675970833642458,0.0161982243211075,0.239994742392029,-0.360695801912114,-0.298881581405217,-1.38050547034175,-0.00199874854186279,2.15787805669386,-1.68358120458352,0.368453472693747,1.69212933139561,-1.22529215009543,-0.180264956906898,-0.826510624932277,-0.343094947310053,1.57801331288421,0.580164107735698,0.89843541737265,-0.849522139733047,1.34930942556168,-0.244235631814523,0.51207324409276,2.61071436069739,0.156526236768719,-0.0526526018698632,-0.654340982133773,0.705288472540846,0.396162856495243,1.88382206693672,1.95608701275238,-0.0585746634920371,-1.58081479545051,1.49806840397064,-0.650961031804669,-0.680718190769446,-1.09062190564474,-0.333920923846229,2.17807488814436,-0.0157267870481101,-0.131531671274257,-0.862555726048262,-0.781963877646399,-1.65637547446109,-1.43865503312457,-0.128367482530669,-1.21027854032025,-2.23677515860934,-1.69390799220876,0.723762478460936,-0.127714874268524,0.550471192013581,-0.937131587390729,-0.988271737815956,-0.61365715218027,-0.0643909820265571,-0.0632826565447855,-0.886642789011275,0.306705792439459,0.790730019911513,-1.86344218582031,0.182520697180597,-0.709874619482022,0.904510552923766,1.33032259314357,1.37066305935988,-0.429301064574312,-0.523034020993402,0.925335443340827,2.14159578430021,-0.322169772182748,1.11980051762697,0.927553217689919,1.26436760575273,1.71998661878089,2.29171498837938,-0.803938806188751,-0.592938421691678,-1.52534950465828,-0.881737711795454,0.135605334639777,-0.410741398780794,1.01364950005421,0.342595503127137,0.515067279208243,1.78661639477287,0.0761927323157662,-1.40736633359017,1.36285850116255,-1.79839153666269,-1.47874261740389,0.809019015709411,0.655890088208471,0.844773497765925,0.638692131812087,-0.156384090125248,0.914755372110687,-0.583808951718152,-0.420193766802079,-0.441473821445717,-0.182359883792914,-0.423564791716834,0.75717741609923,-1.62263449368223,-0.664472993288832,-0.1042312596219,-1.02894759385464,-0.42444993173066,0.232992640817457,-0.927829488379475,-0.23441917612656,0.880034719500897,-1.58170646625644,-0.583372464571407,-1.06469872408615,0.365591312594942,1.55803745967655,0.188502427062137,-0.443247016571916,-0.638665183201354,-0.444105072023991,0.0208564349683741,0.990797927805054,-0.048732220806728,-1.57574012314244,0.705411939987847,1.12768911604538,-0.678864631844542,-1.1345045406861,-0.612550432102045,1.75207694533307,-0.0603371471090303,-0.530720858460047,0.580177388349641,0.438887323967298,0.128407555579763,-0.78976710978224,-0.723190801143745,-0.475535791531431,0.124986654498849,-0.310205220642909,0.789487226034722,-1.01105517227663,-0.570706936596011,0.478236747362698,0.657006577018174,0.660706872466475,-0.300474830658903,0.404803596773669,0.300630126698548,1.20143039404915,-1.31452877542107,0.12771309044726,1.29981410976795,0.045939043569828,0.845394312440773,-0.785922481958796,0.186445086082479,-0.117979694325985,0.134015253767682,-1.04293806037324,-0.672549390486958,0.977988785152967,2.08662021541982,-0.304791800300532,0.293940810526886,0.766745885970174,0.0752752768986242,2.39049548907082
"72",0.731194876523315,-0.607197437653412,0.654208267655973,-1.62805040323276,-1.33021532271743,0.955786619358167,1.29848526926281,-1.22446750913742,-1.80302534473867,-0.42813539425201,-0.433445831298613,0.269256740492575,-1.23769834006257,-0.816254317349615,-0.711460793525255,-1.14669433182383,-0.204629269722722,0.861580233454886,-0.587752265962378,0.0309879930029065,-0.34450772107122,-0.394880336278127,-1.39793650460556,0.0868623867429229,1.87276329589495,-1.6397793538444,0.344129667739006,1.57196762049241,-1.37539203751728,-0.180686251332267,-0.824147911230542,-0.505363395493747,1.50911807720703,0.439833838008199,1.08965686844559,-0.87356400487042,1.40300946405905,-0.432224339297588,0.597064785431233,2.5237399822935,0.0157652784865413,-0.121654557560274,-0.170173287761734,1.54985076284699,0.311429899090118,1.6872255994037,1.80151719138701,-0.25354888389654,-0.895443463798135,1.42790845713294,-0.956204591606212,-0.399144182808283,-1.28120036675263,-0.219467241213905,2.10637588508907,-0.496213045412665,-0.244256572829028,-0.866734678251419,-0.898263441044236,-1.29313369453632,-0.8221694406437,-0.171931617017914,-1.19103852494139,-2.10489708702425,-1.61876784398539,0.627841405483451,0.115007456070401,0.623554329702909,-0.952771364242673,-1.00155766258003,-0.335801296068706,-0.183289626735507,-0.205655896375561,-0.93716553110315,0.533887190870904,1.01890366257938,-1.58152104678981,0.31661396421995,-0.598275583976206,1.06783530165903,1.553994667175,1.2478087759544,-0.326202768672261,-0.398425306722979,1.43563483275891,1.98235432487775,-0.397443502901769,1.27099852515613,0.809977700913414,1.243953692433,1.65416980315419,2.20524222997662,-0.523290957446583,-0.158415632300043,-1.70292725523865,-1.15085328070083,0.614876152594554,-0.388210682820239,0.860621695819591,0.173061501101103,0.292626305098858,1.65351407067629,-0.156368211162011,-1.19505113016623,1.41302318210611,-1.59394221862355,-1.73034728791188,0.850435743244621,1.04344727518521,0.649598571074677,0.461337233053791,-0.266243850224027,0.983464919772949,-0.874291276744294,-0.0293929581916688,-0.647063560736961,-0.177120228896258,-0.656460798221201,0.904519417765537,-1.54451311302161,-0.987233517488941,1.10059914294683,-1.18904589719752,-0.453007255022865,0.0142563496617891,-0.929953249173291,-0.088717473813265,1.00554206401833,-1.70178899250343,-0.766917892766461,-1.146139341409,0.29613718200814,1.63533409262624,0.164221281283771,-0.356509342439724,-0.818004130779071,0.124492339553631,-0.15264886609765,1.01868093215623,0.385490799070291,-1.84617393421903,0.603870303747666,0.988253480395989,-0.710279597495247,-1.14295017516029,-0.738276295390687,1.78271287894684,-0.18607105687775,-0.590142043837306,0.315810663772814,0.466083872545057,0.057302503825575,-0.810347463326036,-0.8007356081477,-0.548172802065217,0.367317532524357,0.0417689513664173,0.768825216275182,-1.03795738821601,-0.448018166816155,-0.081210083281531,0.890668793295388,0.660672874779517,-0.372628230572613,0.0668928135478518,0.451496486297575,1.45903867799062,-1.56510653154234,0.149526818604337,1.25040399214606,0.0833059528431156,0.507890253852685,-0.442776844027112,0.105103677080233,-0.168129093922683,0.169592902107048,-0.984545891041655,-0.488313265374782,0.921039392151388,1.87874869117572,-0.288427440251936,0.0628873830854202,0.811125350727016,0.0489667312202374,2.28249746932482
"73",0.918526965796153,-0.519003132771489,0.664334551235097,-1.58076275069501,-1.28083599222737,1.0098251784489,1.09332666210659,-1.19786558293946,-1.87894813131423,-0.296099141115112,-0.592286947497989,0.330403805157874,-1.28405645756427,-0.858408529849394,-0.654588887950556,-1.11983415310461,0.0549296683138333,0.586161237513803,-0.381339421816974,0.333075601198486,-0.340290659437092,-0.306577593294762,-1.41248412572237,0.0443265402444574,2.25155096155844,-1.52836083297928,0.30726765438774,1.60215618825858,-1.37478073216644,-0.750782292702504,-0.760344950074145,-0.466222460984707,1.55633795838429,0.38898421430638,1.26633546800348,-1.59046931521875,1.20112238482307,-0.277124075338534,0.773743415114004,2.49077263833832,-0.092525061081677,0.293822961328355,-0.4328587188194,0.230119033192378,0.354005404092767,1.7103087866678,1.94328714903705,-0.160794809214066,-0.766778695200514,1.49002965768763,-0.763716620274622,-0.537654982546411,-1.49467654585059,-0.863716778258018,2.06739991906017,-0.341919380957863,-0.0942568557506146,-1.18611816717376,-0.889905166973687,-1.22629961040393,-0.958226851630411,-0.107248059183329,-1.37900555556737,-2.28779946713253,-1.31042893475919,0.902427897227696,-0.0365513661007828,0.724274745578999,-0.960890015917864,-1.15254482235972,-0.304345053636,-0.35381793950159,-0.294221343481316,-0.769338516122451,0.58254531590415,1.0563161581247,-1.56858790163402,0.436387024605084,-0.485419631843223,1.05967261123017,1.57053982514581,1.45406142857924,-0.489535969414872,-0.349262270509291,0.946262784778458,1.80935132735609,-0.398193240725093,1.18788294181222,1.08945389901059,1.45891365317278,1.61029560078726,2.12186715458747,-0.579919164877159,-0.739014964639919,-1.61278144020214,-0.938466512447181,0.42495613551217,-0.615719845266507,1.06192526227712,0.230741949451117,0.389086888915607,1.73624434585427,-0.117140504807306,-1.5479789806595,1.73130081572992,-1.86858786534352,-1.50830591134148,0.706841889152129,0.474470984837437,0.661210967180353,0.513332952804319,-0.187883444338889,1.25919901100804,-0.813054061220887,-0.476891601331463,-0.24472884560591,-0.223298638796721,-0.557819641464712,0.752474618374996,-1.41744958296934,-0.704572670859316,0.76349256102885,-1.29245521008486,-0.5615115802639,0.247672949169086,-0.490999108782895,-0.226143135812478,0.961254936689908,-1.6305224486218,-0.531691588006543,-1.20730834552956,0.298803775106112,1.29862877383595,0.13785803700078,-0.273257009294852,-0.718902478671031,0.155199456268551,-0.109241241281264,0.970526500299278,0.5762683507364,-1.65555251509068,0.555739990319901,0.681277891354264,-0.807235554609967,-1.15404944998232,-0.610093578545568,1.91482827491356,0.307416475755537,-0.149041599426484,0.462452020273938,0.374275445617589,0.226770343277604,-0.604462921675424,-0.810047865649939,-0.284818105855738,0.557628615375816,0.0773786451762693,0.865032472201565,-0.84060915114131,-0.439744181826056,-0.0275140871237065,0.761841062632562,0.782346107413228,-0.51564178266919,0.4668140746708,-0.264173213044589,1.29138498291132,-1.33592385141644,0.0207462545391907,1.22167336337797,0.173000206605817,0.155715647399191,-0.74798292061424,0.0915925373397293,0.0003564464946045,0.0453468579885423,-0.753023965764097,-0.870961350829353,0.816936933334686,1.96229501951922,-0.0952243884507532,0.00293701992565644,0.891673344523614,0.272224760271592,2.36626847842368
"74",0.964882832509904,-0.495518657608851,0.607606331552157,-1.7803594920718,-2.2579900304858,1.02658869710248,1.09261899182014,-1.21197239793309,-1.4770919779756,-0.536746843310359,-0.295932745005528,0.319644510137392,-1.04629087641889,-0.157337062309649,-0.525418290901541,-0.951786443114076,0.282693577543041,1.36480161580935,-0.506229415250052,0.231888140250151,-0.309813989264828,-0.298115762947767,-1.26018467419477,0.0498375830269131,2.11602925243187,-1.4446233095592,0.569347712041492,1.9979146654944,-1.41843998483565,-0.375731458632759,-0.906067576909766,-0.428229752176629,1.55040470112784,0.577878614021881,0.667104978166899,-1.07276998865144,1.20577041870129,0.193890835388699,0.533891280449355,2.61744058088973,-0.00210726598908836,-0.179868659090381,-0.230548755103284,0.676403532336856,0.299284128621814,1.89471805126413,2.05905865808689,-0.188108590129915,-1.77956796904347,1.3351707625217,-1.10119747221541,-1.12791209547833,-1.09130793420808,0.116307231394146,2.19888656917873,-0.0918127822919324,-0.0804262152827682,-1.06254692297254,-1.0211851919345,-1.36182717088073,-0.942870148053076,-0.273813207701698,-1.30089410930513,-2.13977949497825,-1.23518718237095,0.821789661459497,0.25579793859889,0.678187271545575,-1.19796977585047,-0.961449657888961,-0.386441375424551,-0.0822253809249513,-0.43690852819684,-0.54017043081262,0.510863566217248,1.01017969775126,-1.96404833806266,0.0194859188220666,-0.591399963865057,0.909551654542078,1.3735029699135,0.851279846308705,-0.460684577497074,-0.582063499843893,1.25049574370583,1.91553376907041,-0.307216483587695,1.13460240451866,1.02985265285123,1.24689177120472,1.7558481173616,2.00460168989326,-0.658705978817949,-0.262291070590107,-1.53084472387358,-1.04307774033074,0.829626721639619,-0.381585398223136,0.87791191388892,0.286155496098055,0.416833280222914,1.6245525542626,-0.149625153082914,-1.38743213735713,0.489823579483372,-1.5481164251499,-1.5620474090716,0.740642392048612,0.400697670798366,0.704002960066925,0.488272645998548,-0.255965313983117,1.00648848566657,-0.57525328224523,-0.290091293495749,-0.602712587281419,-0.286844678902614,-0.505887502078336,0.742130305968604,-1.73948891364134,-0.648134715975519,1.27453235457506,-1.19372427808265,-0.623611492124304,0.0809721588533152,-0.406954877861018,0.40774212637561,0.831541213866795,-1.6388218506297,-0.420100648525606,-1.29895324860281,0.337112646753792,1.65979695982368,0.236210136565765,-0.506999714063026,-0.792820771388265,0.0489278126008433,-0.169032301916691,1.20159207473759,0.402096934798242,-1.60045101962593,0.613375842352058,0.955331450552967,-0.613699511197489,-1.07755946736886,-1.04684055225005,1.75382262963805,0.00676333883483087,-0.399960797823272,0.591021505931253,0.546776557305672,-0.0109675454353531,-0.696965544100478,-0.729114464157982,-0.295530206923885,0.480931744569123,0.482563330821162,0.865927436244435,-1.13624913259276,-0.57944250304237,-0.00183960129302532,0.779389368068465,0.865258128684003,-0.30125923380294,0.232975889117988,0.129500313265039,1.11747201557807,-1.57752818481434,0.26561843911407,1.2794773356432,-0.0509549260746624,0.77075090372463,-0.624130269754292,0.118544864206274,-0.311871390470698,0.0058978801278829,-1.10089261916435,-1.09648539876968,0.863728592357946,2.1120451373224,-0.281262617034179,0.204500849735681,0.978302024399309,0.0306337815439601,1.03351769166739
"75",1.037606629335,-0.352490662756442,0.50221497919628,-1.62867969139724,-1.31636958728909,1.07641527985196,1.11102048889227,-1.44378593899681,-1.62867106060627,-0.666321556808743,-0.1810620368013,0.37910136792823,-1.27384043390861,-0.740627695516092,-0.535664303906111,-1.28359946487901,-0.169081475830798,0.788455420965014,-0.170522341164202,0.138967492006718,-0.17642010695996,-0.218016133087398,-1.61707189183621,0.270366924316001,2.05490287049337,-1.43631527331483,0.0740651305218142,1.48468853982396,-1.2541169610757,-0.542076304251219,-0.769280903537629,-0.38111472948786,1.55678319989688,0.472565511210442,1.26890610051342,-0.8323239298032,1.39333647839692,-0.153357699622821,0.626124538296371,2.60690495587022,-0.02280995777587,0.214339064209434,-0.651908755089017,0.417174226901967,0.335526472391822,1.78683563370643,1.88864284474961,-0.0514264234805707,-1.35216760547521,1.44956018413853,-0.608465286314864,-0.747918963245846,-1.17382286712334,-0.581210434199648,2.11023599640325,-0.296847549333795,-0.171494948257358,-1.12720304700229,-0.727418280519512,-1.47890131106136,-1.24895593289227,-0.123932672280702,-1.45654840841955,-2.07461392615318,-1.49010684356062,0.744043954874848,-0.58069440433111,1.21866911608465,-0.972097742494807,-0.9359284542941,-0.755594562200572,-0.284869218887076,-0.0972774573897815,-0.818898713197898,0.131913117420718,0.613542941049672,-1.48851520129569,0.205832671296118,-0.556911098824174,1.00827406436533,1.59739452097151,1.45427928305331,-0.50643922850617,-0.471715922144117,0.607887154695577,1.85922341420696,-0.271042958971637,1.46209523557658,0.937101008467678,1.64296569483615,1.5756569491211,2.11962373540412,-0.378438379563157,-0.824891894249452,-1.41682308344362,-1.25493911402082,0.839276156536532,-0.513845732803038,1.2386474594902,0.220886751643505,0.376422776422113,1.6394258946782,0.118919869665651,-1.26389194274233,0.830552492885394,-1.62853665673471,-1.96391929957206,0.592960733910342,0.569379436492024,0.855743099565533,0.565779569591839,-0.130302951975797,1.08813321148975,-0.786630611470391,-0.231634637019128,-0.744820690756236,-0.18793213396605,-0.458680789862055,1.13750675131715,-1.68780117637001,-0.834215367172126,-0.0949270424482449,-1.02778647016791,-0.414579346027437,0.20477191205093,-0.781934481357407,0.0302575826988554,0.978184210983027,-1.46645923310145,-0.48323276317476,-1.30149026951999,0.308915575934388,1.59800340354582,0.197518585906639,-0.293894399774011,-0.57047882990034,-0.272492153171255,-0.0538864843578063,0.964814800157954,0.0993996228344242,-1.6762541518731,0.610489814143295,1.04813549152133,-0.617809115413581,-0.893836116717753,-1.03086691591455,1.70492174535719,0.0174871054883941,-0.639166358866409,0.397817715126103,0.624761814105398,0.184036512327337,-0.557063690990241,-0.657478482294029,-0.296170299162706,0.657035472431058,-0.295194646999324,0.797976546469761,-0.856345374468694,-0.558843503899003,-0.12498439739436,0.519042158534935,0.752476435618197,-0.599420052057354,0.3618748828268,-0.0828924501826733,1.23479995626163,-1.40912616680242,0.513063006250581,1.26592498302398,-0.146776543254067,0.673113223264036,-0.803662014296864,0.184459753749328,-0.0827650873012717,0.239375366690829,-0.749070123396129,-0.829977966286893,0.937925202147279,2.03100027886738,-0.0111200100323179,0.443622677349674,1.3099884476865,0.499388047641833,2.19637803376162
"76",0.891492237043745,-0.591766749522049,0.773397609656683,-1.63663210169657,-1.26949626671606,1.03330437446351,1.06019931902077,-1.3567538001077,-2.09215407276842,-0.339319210796294,-0.367316560671891,0.354698421049008,-1.32057040959738,-0.735154124972115,-0.697096278307688,-1.25518927846191,0.0406851573160807,1.00055339053347,-0.0101807457874163,0.118846532121991,-0.425871090372599,-0.280433745036634,-1.5230795178502,0.111079362987174,1.88490770583458,-1.5576628111862,0.0882653390043456,1.30187202992957,-1.32684088940259,-0.754577510094243,-0.882517892119533,-0.371195775325925,1.55611350395231,0.365360376612411,1.25018129819288,-0.869469619863953,1.52687758186213,-0.0232252483038322,0.740639556903415,2.51337032522288,0.0526358172016963,0.229933740109227,-0.811771596461599,0.152255710221665,0.447925516790972,1.59573152983111,1.83068907805023,-0.243198677032883,-1.12072162255069,1.62261539748928,-0.697880073869321,-0.571712825152593,-1.60691572188418,-0.794601417996841,2.04383829279084,-0.453677227915985,-0.242619857218896,-0.746620708342221,-0.707367446583922,-1.21013409946093,-0.891012113081433,-0.311466778842654,-1.48560507872382,-1.96072926189363,-1.27105616494768,0.809237195536108,-0.418053532071137,0.615979369798771,-0.837838017889224,-1.16417829468553,-0.43749277236935,-0.222814823740347,-0.107390827883491,-0.636668632900783,0.384592976974415,0.896887921780582,-1.62559664744219,0.168828290569522,-0.469799861999105,1.16761556079341,1.42558764367308,1.49882272632173,-0.700735253805824,-0.255977734727376,0.527614376210009,1.94591827780177,-0.214586408283975,1.35270122974044,1.00885282507595,1.43094617669308,1.61466110891655,2.37408723852257,-0.486535129610512,-0.921456519523884,-1.75587123020237,-1.05870882086095,0.416950849647208,-0.171380082310875,1.11415339439405,0.238278165322701,0.381213465843351,1.55773326616929,-0.0893150300766757,-1.14099581217623,1.39435484978158,-1.61698610803658,-1.75439425780611,0.648094667600331,1.1134833625862,0.755685371259602,0.53504461162078,-0.192589060699715,1.04400689527079,-1.0036609918967,-0.37389605929441,-0.492465813163271,-0.179396743830912,-0.517260549611142,0.849895584165292,-1.44889489675317,-0.870712222561406,0.62154846236209,-1.16752457478988,-0.385941344046285,0.245465610270869,-0.868747467440339,0.405639937939954,0.932546830391738,-1.62245150596821,-0.589074553365812,-1.19380492225825,0.356500029261418,1.61202064849018,0.190722504787705,-0.41746223141534,-0.772672030408019,-0.010606148647329,-0.120907204460414,1.0498361445294,0.315684385342768,-1.75802590000334,0.682421495908605,1.21078578948849,-0.514552492298303,-1.12832718037308,-0.337479770569862,1.75105912629649,-0.00616726561088018,-0.769597123227625,0.297377933865398,0.648288106593312,0.342824121669516,-0.494266023007356,-0.921952604051271,0.0983127023842203,0.266167124244217,-0.229422912154667,0.923954854177156,-0.843508185272915,-0.399664944070139,-0.975126917678602,0.822491312811113,0.866052759009568,-0.360089867009007,0.479033372389501,-0.189693836865692,1.10744270802026,-1.33858525687493,0.313844910069806,1.20921040964329,0.128790611111057,0.45193337502576,-0.862283680742964,0.0717683153581839,-0.0574783568587206,0.290859776968788,-1.10364733288157,-0.318355697384832,0.936757541260542,1.85054412781958,-0.265423686058922,0.143279019495054,0.859201357070625,0.272270126758607,2.38875538585182
"77",0.6951512378351,-0.649140007483199,0.569618959340788,-1.52217409192938,-1.56383286885962,0.730039557147287,1.58649146333641,-1.19564107967839,-1.79003777261213,-0.602748098312179,-0.632208702819028,0.0606941923593724,-1.10694877703034,-0.626093173666574,-0.668120244324413,-1.16180127693371,0.371842343403503,0.454892261880203,-0.00375598116608116,0.322537278596167,-0.843735167039152,-0.338452176153289,-1.2012833266236,0.000286638433674395,2.19866773496837,-1.6092224430618,0.135459447171259,0.957416245888298,-1.72800492511829,-0.560636155751744,-1.75373766786492,-0.416187941054869,1.33870619623685,0.368298112821029,1.2357685023039,-0.932955308461266,-0.107211713980598,-0.61043009927626,0.724318860214016,2.39319597746208,0.0137828866854628,0.199640073393102,-0.473492641667537,0.511752818286756,0.314996808729958,1.65671961193376,1.6353722480116,-0.315230735731341,-0.693872163719971,1.58239589318472,-0.962288890177045,-0.317936047454533,-1.03425331644181,-0.449227001144849,2.0203604518388,-0.839894853214776,-0.517348029880897,-1.05616021671179,-0.252674441868287,-1.47469025017699,0.0351460935183936,0.261851846622879,-1.26226377723817,-2.0551011211987,-1.08300455526505,0.27567664110314,0.266551944596135,0.690906153772194,-1.05131571708318,-1.27864337570019,-0.143880518697713,-0.0276434640886011,-0.343901863956716,-1.02483259076393,0.727953133299585,1.16658365119227,-1.43081333299569,0.140012771053914,-0.387548753680345,1.22055193097402,1.57341687576069,1.18534080175547,-0.621803972865837,-0.159778393415864,1.71075704222623,2.50216601750255,-0.245097516961758,0.131109447805585,0.472469151678342,1.20856636608307,1.75207943262842,2.32168497506816,-0.537759553053112,0.066373116531111,-1.60680302094983,-1.45573578331454,1.44686147400708,-0.400773446620836,-1.00874012082828,-0.184640360354041,0.0540881035749545,1.83082260164926,0.152023156768684,-1.0393250679688,0.794441705210689,-1.33301193860258,-0.969997128519068,0.917615550667729,1.10842587180858,1.1457124687224,0.560181451877895,-0.215142975431624,1.20107447714417,-0.644459270754546,-0.387661490465723,-0.189688721628255,-0.213372096466714,-0.926735498693261,0.926489529598024,-1.62012800268695,-1.19813226081782,0.535889736287425,-1.29531779595107,-0.350617953914896,-0.312618711405232,-0.748593802356213,0.447774094948622,0.0547373169007868,-1.75585260608209,-0.621910195796809,-0.366748134322985,0.34209529938071,1.50318447879254,0.128764573215082,-0.439471958782969,-0.857385978377171,-1.49371225480399,-0.186803120925884,0.943130290873919,0.914291109257443,-1.48449042290748,1.01326770060606,0.967827176189605,-0.744626172963293,-1.58162188426555,-1.13711356193644,1.71871270975305,-0.136212075377683,0.228799211154231,0.42465589464779,0.32568646127767,0.416927129416564,-1.45379412681499,-0.888536692466272,0.158031792897637,0.615202484416296,0.383030907852243,1.05684165684032,-0.918345889816765,-0.232867153720741,-0.386379089341604,0.937494849157275,0.59535920398049,-0.180478184956153,0.827937867340385,-0.0126598154331801,1.30508731915277,-1.24069426722675,0.0641824586846377,1.02479453379718,0.222837929156484,0.656890011604329,-0.739512672127574,0.48382847982855,-0.0535624815565534,0.342701373797603,-0.465102651530265,-0.307142608286534,0.874981093477498,1.86972123582867,0.523949021346785,0.515122782095076,1.12598788656391,0.0826376828189297,1.89363220290289
"78",1.14674320321748,-0.270708912661385,0.537983028335668,-1.29792134504117,-1.32160995702077,1.10205650763394,1.14471851859263,-1.27472913302011,-1.71435479077737,-0.381872397893097,-0.166946005311422,0.414169488792483,-1.07594099330681,-0.802474613682552,-0.590794188252942,-1.06830350911786,-0.438629449159417,0.89603257011986,0.113821625054002,0.230289277684835,-0.18336599521402,-0.337742280028095,-1.3959473624689,0.116778232912463,2.06573294334867,-1.57794751433205,0.160840973862335,1.47221508116786,-1.27360987441282,-0.606676896164533,-0.820046755965718,-0.44660275444549,1.59230669092937,0.522072173356932,1.05834155949791,-0.92950921984529,1.29113480191844,-0.355637489075616,0.499368322812647,2.5874119579021,-0.135248038541827,0.0167351051844516,-0.62049476861304,0.400143634965121,0.195375727985379,1.96741685496304,1.99914850705969,0.093280780357908,-1.58473783486664,1.40150358708822,-0.412930065626685,-0.865667474334881,-1.21363723887504,-0.753568113800094,2.1858829131842,0.0387364040163397,-0.181665885170855,-1.22795153017822,-0.402960718198642,-1.47939287412801,-1.2469379699496,0.0691255919181356,-1.36926862383431,-2.12060938128894,-1.73091369262143,0.774781068009525,-0.467836800247226,0.654542786618839,-1.12234123860773,-1.02589669432666,-0.711164130140772,-0.209271207596575,-0.129243178864597,-0.849175477523604,0.158309850194315,0.651323066548315,-1.64901499964311,0.234772379557661,-0.789423439595111,0.955768496581107,1.51871116384719,1.27028327170594,-0.533013583793535,-0.55015833578771,0.772704366200841,1.86186730435207,-0.353094709243046,1.31733295031008,1.01655341848475,1.13262403584315,1.73993969213701,2.33830150003661,-0.907372847760199,-0.607469320230666,-1.46441585306401,-1.03111686681175,0.638234159782772,-0.422123959570774,1.19325655598492,0.426744633597236,0.618552112583407,1.6051688721915,-0.0249815587158848,-1.14343502175061,1.3796476630979,-1.85259656133124,-1.87334991939759,0.619608699749882,0.925985661952803,0.71434596696092,0.672872115773478,-0.0182114008898672,0.828414257797978,-0.615674570119729,-0.491249084243498,-0.664226991521833,-0.167065768811592,-0.495361689181345,1.19753327877512,-1.30571008496538,-0.62595320445809,0.00473304818613323,-1.07441218881908,-0.398466669387547,0.284476882178355,-1.01994478023955,-0.487416037473962,0.897882608085612,-1.40119904835716,-0.386274832084972,-1.25019872195157,0.296489549617289,1.68418546888897,0.117444444721831,-0.520584403249145,-0.460410756523821,-0.135419619222967,0.0153663908984253,0.974829098122913,0.0383218695179589,-1.41105408817947,0.591512961157459,1.06862111095587,-0.576802076939843,-1.20046367215963,-0.294270237625916,1.7569733196909,0.159941140357365,-0.281893461276211,0.686615828163618,0.526956583853232,0.180097959845373,-0.244830728273945,-0.614391469086732,-0.197123568811512,0.265292733038631,-0.499061825046444,0.667663137127934,-0.984965141096598,-0.563500265403463,-0.61461728316609,0.563164268366902,0.756890324123689,-0.529981648432214,0.618340133271134,-0.109032172031638,1.20494220943945,-1.49754456948365,0.256573504696639,1.32485570110501,0.0800448097837855,0.480080852350801,-0.84324574060993,0.324621027011613,-0.0367894734918966,0.201558716617893,-1.26547276340204,-0.423574725607032,0.935929455113643,2.19823214647118,-0.132734950851963,0.321150733471224,0.981747426743692,-0.0732884807243631,2.30318870891773
"79",0.992127807318537,-0.304985303322187,0.5046057430415,-1.61567009833808,-1.08478631572215,1.05560817980719,1.06345126670801,-1.33619498720296,-1.87814373425178,-0.203742058862741,-0.266227964772993,0.331989319432663,-1.0169617635902,-0.765064414587374,-0.675192254035777,-1.22596854854884,-0.32604311622284,0.6671680443103,-0.197582858735479,0.195027073632326,-0.341985472311695,-0.384996466406214,-1.36783086620076,0.104715320294585,2.03993634531896,-1.49123574206024,0.452197219024785,1.78391423230986,-1.29228541503502,-0.364796821098359,-0.784768479963414,-0.453984547619842,1.56322828205585,0.496640480636112,0.977753369978306,-0.738186605716825,1.47379418016187,-0.202644356510179,0.66752229592244,2.52694044899952,-0.132110810242521,0.121977878851645,-0.255811337819244,0.788550143939151,0.387873374996521,1.82805574830209,2.05292525883817,-0.0288321542058541,-1.17080131475613,1.42541718753703,-0.939273697117255,-0.708927442057662,-1.37636142831145,-0.532627943311362,2.18943940516332,-0.0700574198978982,0.034192653591404,-1.14900876906553,-0.982222120463531,-1.52816453004959,-0.60756931960484,-0.168091155853454,-1.31711787919523,-2.12931948448489,-1.61218132296055,0.670031405295773,-0.175997217051986,0.810285577301915,-1.04541329414604,-1.03946123940732,-0.615801356651409,-0.147321376438229,-0.215299479190873,-1.07698627354592,0.172648403970061,0.685388135833783,-1.46873289891347,0.198118995704013,-0.700873529020652,0.854552026902131,1.54831059077902,1.36731545936249,-0.544526863066584,-0.594340913841345,1.04448287925515,1.8619524645644,-0.251825718270008,1.19915898823349,0.885225108381633,1.16968046549424,1.73596864605207,2.03163803935982,-0.674456386961813,-0.486370398186209,-1.59359605053725,-0.870594089355975,0.980495529585705,-0.778175385154115,0.942051701960719,0.414961961895817,0.573495133240939,1.48929777224772,-0.0955832051841548,-1.24356476839433,0.941820929138605,-1.67158661322597,-1.77412899994998,0.618228371078987,0.771436179630863,0.664643679232436,0.618747185450964,-0.0855147802625508,1.10440723717537,-0.717129904815543,-0.357034649717107,-0.764718997546084,-0.164937927634095,-0.530559896024844,0.678674855821914,-1.53266705058275,-0.722004976880011,1.37500172754864,-1.16124091196248,-0.570496683850884,0.0832279520048328,-0.89925004248573,-0.318649152689098,0.907065709203482,-1.5836238770588,-0.515399702223446,-1.04123427618216,0.341499336951438,1.53547849680211,0.0863005369649675,-0.450340097795844,-0.520614892446492,-0.323641466671975,-0.0241945067885942,1.02895346543271,0.0866306749767497,-1.48452281603789,0.589599747210507,1.09850746311634,-0.678887799337413,-1.55580979260308,-0.642318629565472,1.88463405095923,0.103197337841726,-0.317246275663144,0.579832569990657,0.535832397406718,-0.0863233175070151,-0.775730126445849,-0.728575896844899,0.0815036381379774,0.403661529250137,-0.0125713208534609,0.594458901310167,-1.05224634733555,-0.62248454056817,-0.241819852262724,1.04778413074526,0.705463455971816,-0.567505242634055,0.277862871671281,0.00618450782796768,1.32707699945785,-1.62743299640465,0.472562174819619,1.28500245540856,0.0182540154898062,0.503444453233571,-0.82335765843106,0.132369208761264,-0.213079863747532,0.250612532591765,-0.84704229259852,-0.692637543390553,0.895614023130899,2.05555287952895,-0.361127291700041,0.128372390564156,1.13756121078911,0.0134399864145926,2.37575395991914
"80",0.966006053570973,-0.36336740082051,0.585148802938317,-1.7106047875114,-1.92006338488244,0.914961667212948,0.91869413566533,-1.30758481772051,-1.61945032472988,-0.309234805850139,-0.140259447007579,0.199086763287147,-1.38495821352876,-0.536975992108106,-0.788401510395649,-1.42639015496883,0.446216696023001,1.05782053425693,-0.529531280597188,0.00561255170809747,-0.349629106840124,-0.309472667183052,-1.52343400234797,0.0265302751238491,2.28893589528635,-1.64475556121878,0.623249670864094,2.02832539897577,-1.4551443113068,-0.205960723378981,-0.955130198392294,-0.403162956229688,1.50622056545997,0.391087782780201,1.04637590228744,-0.950193615136853,1.24268695671211,0.0982936217521552,0.554672295330676,2.55115452993467,-0.143921668833094,0.134323959377363,-0.190361653633045,0.742689610368772,0.251771413337354,1.87410042762434,2.05302339858891,-0.0231580188052505,-0.883326042233985,1.31798634106426,-0.682642619039345,-0.536760829757785,-1.22051957855054,-0.327724147145927,2.08024381261598,-0.298262995190196,-0.135696037675714,-0.838013888256006,-1.06647481423091,-1.23507916649668,-0.73780280157652,-0.144146715913241,-1.44514788210366,-2.21669106291035,-1.0484354064032,0.849453083964251,0.462767093883735,0.670865675309375,-1.40325135022867,-1.11902084640674,-0.0705912054127413,-0.411976376229194,-0.286963164450349,-0.499826990750484,0.761641666054171,1.25905129543196,-1.62843681589401,0.168034580441556,-0.494692204689785,1.11183442370445,1.431112932421,1.25706562909497,-0.507741482379985,-0.300244695716241,1.27246640772651,2.02359132264577,-0.138267898393597,1.18695047401711,1.09011610411672,1.25202630825624,1.74044907689884,1.91734553082114,-0.585399091394154,-0.180878026498562,-1.57527501059555,-1.00327901310428,0.628353318403313,-0.677438542532073,1.00130699262709,0.283527779277494,0.54500397596001,1.51543959975891,-0.300519626027893,-1.02237372959262,0.611124931868962,-1.78872051738,-1.59376893072407,0.608078706464527,0.302537746850036,0.587943553193729,0.558953736824464,-0.0900431053719709,1.03427060928418,-0.488408643379441,-0.636487310792466,-0.795960256835488,-0.340626127000638,-0.653609593857487,0.312680053262925,-1.65895350853393,-0.622495128940141,0.959922533208502,-0.959748199077841,-0.54776845347517,0.104115947174216,-0.745925584959469,0.265548592809755,0.732005418973843,-1.75360264794305,-0.569240992462074,-1.28132346062229,0.284750103983403,1.59019813225317,0.183710020495494,-0.452626685151798,-0.576175350916321,0.14594329255192,-0.0941114680373929,1.17156332383197,0.402505671405049,-1.54574781739286,0.513986861664328,1.14738904293395,-0.536287135618808,-1.36661352140214,-1.00125610137048,1.68502945039607,0.0468276258840146,-0.313443297656396,0.627187957425175,0.473040477644064,0.262480467698609,-0.609350696440006,-0.757482947578422,-0.392975911362073,0.608665561264494,0.489829251492786,0.631552725258941,-1.06503092845555,-0.61957724745925,-1.55073450048841,0.806569284009795,0.938812007752619,-0.166009645523119,0.35888741834079,0.314031183452921,1.22705421553544,-1.54422794517364,0.697784923895773,1.23799261586707,-0.173105318813668,0.114949105183206,-0.747765609081145,0.0326922851660056,-0.209390382034877,0.24787791612005,-0.611990524742239,-1.27292657087929,0.774844883801414,2.09741059945889,-0.370034409607565,-0.00989089006419203,0.917767369524885,0.105736186020484,1.17960990462348
"81",0.840854912776452,-0.668825200970931,0.616267092602464,-1.87581309058684,-1.35712890479396,0.841893668570291,1.10688626942748,-1.39205606606588,-1.62633801623561,-0.365961107802079,-0.293801938517116,0.152577867038753,-1.37913564512609,-0.0221088051618198,-0.794546626180371,-1.3149327288163,0.593585531806831,0.876836244089015,-0.465634848741927,0.129737993585011,-0.6402283449911,-0.348888046322609,-1.47149309792873,-0.091061621330686,2.18608049009118,-1.69376042952605,0.159961115858926,1.47269442570209,-1.46693745587498,0.0367862508476026,-0.915012832654293,-0.485328906272164,1.39903635328419,0.515087639966055,1.06854749841468,-1.33093986895322,1.24786212092456,-0.0330084486662213,0.642271656667784,2.43044576738496,-0.123324431173988,0.159566479851889,-0.31249153136976,0.889692364360994,0.318187465090264,1.75762371090685,1.79132882552287,-0.317692318698616,-1.17866144552929,1.34458036987436,-1.11161397905326,-0.686980652569596,-1.18582711744551,-0.139774479460951,1.95688510937174,-0.454283209185156,-0.258919351685137,-0.529683697161865,-0.929601867801803,-1.2650276653783,-0.627981794881687,-0.263017093479927,-1.31837114694628,-2.12444416020747,-0.936783974442659,0.799831313291969,0.345779920982372,1.01002626041573,-1.68542652079007,-1.10544836315565,-0.0663369892030007,-0.512564824425039,-0.336487102351565,-0.109256902023107,0.797544046304384,1.27353487832058,-1.76486154866048,0.0127880562122187,-0.506236228649431,1.20074142424333,1.38284893230616,1.1520428114715,-0.337165854401667,-0.259459049529281,1.51673346909345,1.84048126326398,-0.344356187201786,1.13010497546575,1.03068314061152,1.01316678388281,1.73983776613729,2.09637294153614,-0.0486128763258485,-0.0640369807135627,-1.52893875502255,-1.32075018189796,0.160474529376194,-0.511433310759498,0.990948812673341,0.11124840696704,0.233543464425082,1.57396180549601,-0.19711951824039,-0.911774611347354,1.41077894949501,-1.55471055945742,-1.36732689914177,0.735605911731338,0.77819129215174,0.720486320801449,0.296686319940989,-0.370625876343043,1.34433007927276,-0.601098641850796,-0.649329426956646,-0.695694397993639,-0.293645372387951,-0.791958582767913,0.748708218432844,-1.81256523236309,-0.917260624085131,0.695072094905515,-1.08769218054257,-0.509138189976347,0.14242020564017,-0.730987157304979,0.837479938705075,0.86826847477558,-1.63313896132211,-0.593845364534327,-1.20185792613481,0.267623664237375,1.40340717894538,0.320659289146517,-0.467175699875979,-0.892291723610147,0.140779650549399,-0.309893719673712,1.03862767806509,0.730020166873121,-1.80934189939402,0.583756183126505,0.922675159444851,-0.698200165463054,-1.08132561789195,-0.93864767280087,1.6203979779848,-0.161251977841489,-0.348297538811899,0.43206321449906,0.373188658986979,0.281199997257562,-1.1242566219501,-0.833183859930416,-0.396168200464974,0.478856138524034,0.578175001077619,0.855053216162939,-1.22236052260512,-0.552290360838085,-0.932660355206562,0.944628548764142,0.733593731154258,-0.1526471907307,0.438503541978623,0.584487036455553,1.21688992666278,-1.47849317860061,0.774567788684149,1.14705217154456,0.12363822762985,0.202910020441561,-0.534615234791572,-0.0553517797744851,-0.392688022263426,0.210619214300105,-0.92454602078588,-0.661460758997343,0.780738861536635,1.89719063661456,-0.277198987123525,0.0423853981387017,0.679954808904496,-0.163475674057854,2.29674280929702
"82",0.869073708183838,-0.522855817003354,0.695316463675986,-1.85616447736916,-1.2854270195109,0.976772043475041,1.07840053550918,-1.47010769468513,-1.85715839972875,-0.27330537933166,-0.127135481522132,0.313691540279359,-1.25388350887327,-0.490111308016134,-0.723907516457093,-1.07351025405408,0.0876709241320548,1.14384016954981,-0.330110459954308,0.188636787783295,-0.395892711558155,-0.331986880516817,-1.33763036351896,0.0887993050359386,2.24169448018353,-1.55007471404269,0.373275215125889,1.67596137836404,-1.40459820539725,-0.789720893563862,-0.838374835787973,-0.518182333335965,1.47566385983138,0.499429262736037,1.01271044676532,-0.797753996336334,1.23016719707434,0.134373739297374,0.608710497120289,2.44669919853585,-0.221008679534268,0.426181630252677,-0.282853396743318,0.138223415356596,0.431373747312161,1.63335122739652,1.93944660375636,-0.246535405217166,-1.3856052738831,1.42906149206272,-1.0247641888149,-0.942557007527761,-1.49282541319871,-0.577881607659819,2.05890663774472,0.0945814275921318,-0.078550825348651,-1.41556582754074,-0.960340148255135,-1.43620059805562,-0.48662321896638,-0.216464961437328,-1.41479714348482,-1.80342145101281,-1.39632511011103,0.902767381061029,0.0241570906032024,0.820636676727575,-1.1395134564267,-1.12474440312981,-0.452966134710905,-0.30550220891408,-0.375580846282135,-0.695601492794354,0.386715362197259,0.876930985746348,-1.5541542328478,-0.00987208722301536,-0.477733801370185,1.05645080854261,1.57032794434974,1.61435721877975,-0.709546453731589,-0.364855263787527,1.00790096034482,1.96100406190169,-0.314627913404131,1.10642715493155,1.09553033603441,1.18748890893314,1.68905971584698,2.16307787157259,-0.454039950705145,-0.493494672186728,-1.54005895228409,-0.94389710933632,0.692126916817598,-0.407187021322397,0.981775102727329,0.365604190341076,0.516062180811112,1.68190379075773,-0.103725671967531,-1.04670527835954,1.07222285804842,-1.59636966524748,-1.39054436113299,0.550681900768873,0.688098551559755,0.738012190918668,0.48352919873606,-0.233413226294206,1.30194054537437,-0.633083893134672,-0.534689439466459,-0.698880066504283,-0.171922669950329,-0.609667385020685,0.601563069240813,-1.560814525699,-0.746833234259964,1.25058509095915,-1.24828484918621,-0.514533917687981,0.126493694665357,-0.583660803979369,0.166379241805272,0.819973818050473,-1.68435009979776,-0.582529942918217,-1.04004630140413,0.353365020706587,1.37756438259083,0.125543606230176,-0.484484617624556,-0.794722477576734,-0.388013105256287,-0.0961731845918536,1.01170574104532,0.511996352200748,-1.72455966265932,0.551071506543302,1.19379427750718,-0.714709519731515,-1.38444884418722,-0.4088440396976,1.81849463022699,0.0569743140590802,-0.148503158782885,0.430756399984993,0.39335229857835,0.0555862602790986,-1.10589444500904,-0.816389929481546,0.00269576852894125,0.310912549663393,0.326804126567629,0.799190981627723,-0.987487100312904,-0.587065500979781,-0.87750620480158,0.703873768882267,0.755564845354573,-0.425114075344535,0.587945625512287,-0.461001819261799,1.33752565536497,-1.43909114573881,0.660775309971392,1.21171074883911,0.0707962588750507,0.220461185069406,-0.805557774095781,0.247624280289392,-0.215546550540332,0.145376480480691,-0.560552669641559,-0.715628692665022,0.831779770293016,1.95174902193862,-0.193225814467945,0.0785448247535152,0.977123833877835,0.0399431727247872,2.35576342041746
"83",1.06216560914625,0.0310792360643682,0.486595864970487,-1.51277051291913,-1.37072768513447,1.01154753227794,0.830085595515337,-0.979275290450352,-1.3907819152278,-0.253208768041562,0.213786351098642,0.287830078204994,-0.800813783644051,-0.939094396842696,-0.741713004395076,-0.699490082442531,-0.571179060289563,0.521158089490526,-0.155302021188711,0.0515755155756849,-0.577441218458264,-0.368231819256471,-1.0908554605727,0.0151804763327802,2.33565028699973,-1.1335074259447,0.507673045923697,1.75713200489717,-1.32699043792695,-0.17870172117963,-0.781306147669194,-0.477923812940979,1.59931832180032,0.415893626744605,-0.549979032416966,-0.791774673109081,1.32330415917693,-0.177331514646647,0.599337345606692,2.63488650614349,-0.0690226146208391,0.00790453553051176,-0.324390347978543,0.755509605767795,0.144808728679033,2.26614861654856,2.11384832713122,0.355689267729936,-1.06209735194925,1.40953276309318,-0.485493841674479,-0.65004070740814,-1.0261049024881,-0.624407652287846,2.21943896553152,1.28013702127226,-0.215560381792267,-1.10124451750625,-1.18010036753128,-1.38391121936678,-1.11867246706453,-0.138710409871316,-1.11837373579025,-2.28787718395614,-1.704604043117,0.557275518495693,-0.723506104857132,0.300865777733048,-0.849847587050419,-0.953510472478534,-1.0045682367499,-0.337367441826489,0.158313650121254,-0.962288001604392,-0.0539702290187677,0.425290951131823,-1.74534437482447,0.402442710122663,-0.685008780572084,0.874186492549666,1.40328140141579,1.11380359520545,-0.290755031925641,-0.609338767456049,0.769854541298399,1.89709108263322,-0.34563361405177,1.32609348863909,0.871844005223777,1.33783368465723,1.65167674184239,2.26549475924513,-1.23698759402043,-0.82374512373488,-1.18477766890029,-1.0272948418631,0.858561768415014,-0.607821141630907,1.1307588037888,0.506389501982149,0.710399452269504,1.61065922915632,0.0623532571860066,-1.06239493218777,1.30063503306195,-1.7039091519368,-1.63670801284814,0.830566765323595,0.875542961635638,0.764809728059283,0.674487319711844,0.0196189302377736,0.808468875233094,-0.302553114544676,-0.41995371294021,-1.42504478883145,-0.141415087048452,-0.481457815728371,0.681485641029238,-1.65188011640915,-0.601752183010981,0.515676963937274,-1.09748363997293,-0.539611154449637,0.0100117407262921,-1.30684790710407,-0.40150461013347,1.03902324581874,-1.52617805579053,-0.375492796676117,-0.916300895229371,0.259735366736927,1.50475685204929,0.137959797007507,-0.328021799107598,-0.179851878851432,0.0232121477949233,0.187276961299592,0.810397623592644,-0.830991778455625,-0.98057200748931,0.61302558737891,1.12954013398454,-0.728539293453504,-1.35719576742802,-0.722967806438727,1.86065937497247,-0.0808690751717726,-0.691449352251203,0.569939733231878,0.501352955180265,-1.07969761511296,-0.383568583837102,-0.580970354063973,0.127121883394231,0.471846113076818,-0.288390992780503,0.187327356728936,-0.682318774295237,-1.02642516405743,-0.327229214447357,0.608191467945359,0.678788763389418,-0.516423814154993,0.627673659038324,0.307634440718567,1.60324754097714,-1.79209501499865,-0.111748795730684,1.39161717944111,0.190555660414642,0.573013879748013,-0.717330381615841,0.163058552698555,0.25360250806335,0.0292035629692396,-0.896841695130327,-0.653919595580885,0.956134791030562,2.19380099165929,-0.258582732220747,0.306551655951929,1.26318185387742,0.117202035636414,1.96764047805277
"84",0.979193299692449,-0.574029629281409,0.638514657146833,-1.47414319881137,-1.01744747642821,0.97962329678477,1.10067296770189,-1.17678052053155,-1.83784875355185,-0.557601333853932,-0.0937037856740177,0.294747794299967,-1.26893885500945,-0.568227956680393,-0.577578563294918,-1.05725472607369,0.202349934471063,0.98418211464947,-0.35336855792552,0.41920625400942,-0.352004678314256,-0.334112688350918,-1.22204396909375,0.169577568163927,2.30643920350363,-1.46730880567333,0.396575771706622,1.65889758861827,-1.50695539926988,-0.774201936322167,-0.798121122522681,-0.438172382076563,1.4819407770037,-0.145069941515544,1.2262572779312,-0.922608223120384,1.27142393770504,-0.294166037046376,0.428799862825659,2.5080370846856,0.162109461547421,0.223036578577591,-0.237855935735773,0.180289927895522,0.253708925163157,1.78543952691307,1.89003984330609,-0.275392832699365,-1.43652608320334,1.429559228855,-0.876132565103592,-0.930816750429589,-1.33771508835812,-0.259980696750325,2.02919732823701,-0.318373783505404,-0.287059923899781,-1.21837344982271,-1.01336740790343,-1.4923596343225,-0.990403967634648,-0.00872687738322755,-1.27805673577054,-2.03059435482474,-1.26881701867582,0.97577973848821,0.075563831688082,1.09779192604562,-1.00993477753908,-1.07095076030117,-0.222515819999689,-0.446129187744973,-0.669426006093499,-0.896338518116352,0.634125800561406,1.12790779534683,-1.58202777124668,0.339520695631434,-0.566658849251065,1.09872676401011,1.56954997398173,1.11781188307746,-0.548253695353213,-0.328298655970577,1.26135647511613,1.8086049504744,-0.37761378115317,1.06640020300877,1.15310120475202,1.28693818863115,1.49421692526525,2.33173600855641,-0.696120649955263,-0.267178510739156,-1.61784786223319,-1.06125141334208,0.519090670632925,-0.388225124555773,0.813799824675145,-0.133270388488749,0.0210927406599766,1.76541124843212,0.0542927800850114,-1.11831007881435,1.51131396879303,-1.73318829267342,-1.37255078120857,0.709539680945052,0.391109232861555,0.856359646467634,0.337982349754928,-0.245724471497329,1.36867815149111,-0.843288112647242,-0.472385141439104,-0.267359938599164,-0.175503790658263,-0.669872654137807,0.900512141169904,-1.52391292668068,-0.57062025803672,0.362194040653025,-1.29993033090712,-0.391872333506235,0.22010698353032,-0.318832450228286,0.0442023961295168,0.872565796916582,-1.6256808776791,-0.397112111937968,-1.16686666474398,0.313651209799954,1.32137429364551,0.109115838081622,-0.464090567176987,-0.828847391952984,-0.409040409836299,-0.113727495430827,0.632632529490777,0.394853311142059,-1.68087714790609,0.748413928402412,0.753824528461366,-0.743009849848263,-1.16747423411835,-0.690803803754881,1.8598083148116,0.202057727249988,-0.800911547834098,0.381115418118314,0.310797600894657,0.302112755230643,-1.09720686384287,-0.851384031268068,-0.406655225019072,0.573262798844829,0.38802125614267,0.901246398853235,-0.802118437446805,-0.427112837380239,-0.807260782428899,0.670510098080965,0.825906832950202,-0.451748356586834,0.528837265356086,-0.242586399731569,1.26053186021663,-0.987098158627593,0.194392458266365,1.16898474522554,0.323321286058318,0.605638176504362,-0.822547253605623,-0.0792516461060836,0.000844144458072187,0.156078749499082,-1.12589219101709,-0.956913812616291,0.936158828399515,1.97561773275809,-0.0320060712342168,0.27934710014817,0.97296584313928,0.123154362514146,2.7340775267224
"85",0.98728064151366,-0.125101842890337,0.316704286469287,-1.79658298035125,-1.34526965327446,1.02352572280249,1.01317649232194,-1.28300743742761,-1.26729420513316,-0.389377948624742,0.145644162691499,0.282644900361451,-0.863841013370798,-0.762055861393391,-0.786646881018013,-0.87270356788331,-0.317037492719338,0.665347394122291,-0.115956339630081,0.287117869399105,-0.37331035292378,-0.304557019779545,-1.17375374566269,0.206415470194003,2.03373107081908,-1.60128568815897,0.343577180446047,1.70288438510527,-1.36366864571758,-0.30620605292931,-0.944932105951109,-0.428541636378159,1.55373203317727,0.769591232195289,1.00935870380259,-0.965860971843599,1.36341013742462,0.0977872320889396,0.524605558233654,2.6587423757948,-0.0152369071889638,0.202766506476164,-0.398807931273809,0.665093577162061,0.40750622733639,2.02139570984617,1.87503847612178,0.180376348429181,-1.8338080110808,1.39862883731609,-0.541683259411561,-0.803066210357114,-0.905912779478986,-0.52392617116092,2.17393958542325,0.134533195443389,-0.200458443533117,-1.05576357625233,-0.744192456287405,-1.60728318382304,-1.26311230539017,-0.175639929296191,-1.19076334572626,-2.2001943817337,-1.33516393093031,0.577662204659981,-0.576062449523185,1.0289615120609,-0.829520567379938,-0.823864857882416,-0.965557115381333,-0.194865017059166,-0.000734327226415933,-0.918342269493258,-0.092572258305759,0.411730817684269,-1.68320545018978,0.147390490987312,-0.589367497049747,0.876356072273533,1.4883666017941,1.55204412990869,-0.275547179392511,-0.588278889006226,0.815482900254659,1.83158568265827,-0.316083796441877,1.34015983557346,0.761061885708329,1.63840995343831,1.72983122099726,2.14245142616166,-0.715847219293359,-0.732395019993642,-1.37815102328472,-1.15889439337761,1.03888118155061,-0.543879813503349,1.16608018302011,0.482771721949672,0.63451373067067,1.66706361196404,0.220947550808813,-1.11971480778368,0.837458317117639,-1.85786104241289,-1.89673499920651,0.684916667221397,0.630364115062822,0.947698940261499,0.596251185675186,-0.16314464048649,1.10800435744797,-0.257874122023097,-0.319679668645858,-0.830366058836307,-0.205975005293662,-0.563428117559862,0.841981569693777,-1.67308186341646,-0.99142978118724,0.142275911333976,-1.10025550959421,-0.483647064931424,0.0234267039775254,-0.940324215655262,0.0283487388237853,0.894275470419154,-1.42030008357159,-0.557164687110777,-1.13431873590836,0.378185377366141,1.48190676014168,0.252022861145002,-0.531387251689307,-0.388388410304027,-0.621518560526804,0.0968339220061194,0.832064753268644,-0.74438052506958,-1.17389629221367,0.684162704560087,0.954730525401341,-0.677499926280341,-1.33194700752741,-0.874999339732642,1.67765367798806,-0.0156377107398775,-0.727097201464641,0.609093683279577,0.542911223708358,0.00173964407025409,-0.618904136003252,-0.454931788920022,-0.291965023381597,0.499776296771804,-0.340624351311868,0.432330187178537,-0.790754154959475,-0.824316540442629,-0.239296437383744,0.678740989021896,0.772537549378417,-0.51200103864767,0.472411928399617,0.19339866013801,1.26272389659821,-1.73286405894383,0.0653151352374687,1.32358971423213,-0.0664725213950551,0.613213485917562,-0.772864093121994,0.140392501065935,-0.0548817543750498,-0.000124399293970527,-0.970304147770329,-0.789556865564641,0.88338416556084,2.10017122684192,-0.217750912749366,0.552445762313579,1.42237694167151,0.451712901882336,2.13770178438447
"86",0.731110962489186,-0.603403822240229,0.74147928437107,-1.47733054981416,-1.28534676668623,1.04227122513184,1.00324221386119,-1.37918796438662,-2.01682247912794,-0.199459299993786,-0.399743806479854,0.389048123980233,-1.41276755748083,-0.581239137141397,-0.473059841197112,-1.23597340410138,0.539311348236402,1.08298085276026,-0.00211027282690511,0.106510905972899,-0.490364291808136,-0.31446477601235,-1.66118023410967,0.0690728183997917,2.29013535208732,-1.62891000110931,0.314312041485882,1.57112996514598,-1.42396073594728,-0.777523804844192,-0.744941921116821,-0.458571557228306,1.56592958393623,0.336783730248769,1.32174046291883,-1.20880144224143,1.38336767909173,0.0596099414916773,0.766231823243709,2.42530046775409,-0.206064058862755,0.323776900536182,-0.724338641062299,0.239027921452192,0.366497899526381,1.58315798619941,1.76370719767093,-0.255185983897406,-0.316939883666528,1.39375226634476,-0.374748844121367,-0.146580653128779,-1.4956215786354,-0.657929210083275,1.96485057083898,-0.504999527166333,-0.0749777843525555,-1.19731224514651,-0.960170321427846,-1.15485974311357,-0.703891468180544,-0.156148224326882,-1.47748568464378,-2.09693353531416,-0.88528306422276,0.932427450996547,-0.329344319144831,0.644486559575567,-1.51151590821318,-1.13411701172736,-0.122978839697907,-0.447075107766243,-0.228658356162333,-0.434113531457698,0.703460869235711,1.17469650232676,-1.56256528267669,0.200301945245716,-0.442256956347189,1.18174706435163,1.44521367638939,1.44757956932722,-0.789985543851097,-0.260869581789315,1.01021450370635,1.88341429304174,-0.321838880651483,1.31948515532713,1.06733947923286,1.42611871971512,1.62795628718662,2.21911275531327,-0.537207969584106,-0.465379262578929,-1.74805579295988,-1.26319382067456,0.295206628125473,-0.43757627700194,1.19742104832572,0.173661424219854,0.339631195151083,1.527006331026,-0.200472629464438,-1.2329970620522,1.14555852038123,-1.86308889175674,-1.67090234043108,0.601319081303025,0.667108823756751,0.609800150073984,0.486541046234056,-0.166551081934624,1.10637262827328,-0.75199462716553,-0.626254215881149,-0.604838041210137,-0.27005503695808,-0.459731511126244,0.577325372696046,-1.30939999841301,-0.904736707345843,0.361378277094049,-1.25648304476302,-0.32108176814404,0.0730569346289802,-0.792643751131019,-0.121734809363179,0.992049017458028,-1.41405269786207,-0.661096741030706,-1.22442685730691,0.394046057590946,1.38371612269806,0.129428972905421,-0.391220693203088,-0.782336045218271,0.0484417147089251,-0.121956519179642,1.0172991057041,0.676748127560354,-1.66083032854113,0.568326210369629,0.859533275692019,-0.662036387771532,-1.06872434516835,-0.621663742104415,1.75256296402526,0.672822737178556,-0.286920594134206,0.383587979692074,0.496417134726859,0.4918024039919,-0.48788069770392,-0.891759414545309,-0.203663487719387,0.506840982873342,0.166045542079868,0.777421286272109,-1.07579229403827,-0.419721997527873,-1.85303855545223,0.92412482001411,0.768945211697617,-0.5016569965365,0.481609869952019,-0.340223872664214,1.1632502913836,-1.29178208697501,0.487117924995615,1.14372139454448,0.201027420196797,0.217766515261652,-0.548294561476124,-0.0486539264260194,-0.257008678794021,0.466384937486614,-0.760750689676413,-0.711292316179192,0.901627617248039,1.88126654027563,-0.204435885083854,-0.00912628262272953,0.913559987160157,0.265378269943739,2.30252651848842
"87",0.98543962392198,-0.459924392413338,0.717170038848204,-1.6504376499972,-1.27271344464512,1.00056063069659,1.05346552465963,-1.44952131243318,-1.98253400141009,-0.327304125868663,-0.244649785756219,0.357519879571038,-1.21479404059539,-0.765125317813842,-0.610876679746762,-1.16666920077918,-0.00760997052503126,0.408151568197754,0.119797523396375,0.143505013575749,-0.252688174911003,-0.226054190269713,-1.40532603487685,0.256164291588972,2.23921596054069,-1.54502396689594,0.0758734637145968,1.34618568659173,-1.42677532922397,-0.930827340441936,-0.780135411029417,-0.332625292750591,1.52807697655651,0.599692467247621,1.22522101087829,-0.802286532644083,1.40698664997861,-0.507469471493243,0.764252010343113,2.53129140059054,-0.0392951280800664,0.370086008223033,-0.739420294587008,0.227581266942147,0.325672992540454,1.60180994259436,1.86404072936886,-0.187576327160968,-1.22143777243076,1.45466684501767,-0.431567982240343,-0.610626157229362,-1.37920658624944,-0.745708398955449,1.98553421611906,-0.170359171905597,-0.116161157753975,-1.33857568132874,-0.869505181302376,-1.35794755220257,-0.739996078293915,-0.0781418724140543,-1.34899975845567,-1.92027326671766,-1.41756853392155,0.822643873013092,-0.365760760892898,1.1431066700009,-1.06512999142206,-0.998334124389322,-0.46032424111406,-0.314028074043052,-0.125255735882646,-1.05790679558047,0.350310306251634,0.83033573402593,-1.47151287788096,0.273430766978596,-0.521698231876697,1.09596722985794,1.49808517437878,1.59033773865067,-0.601499149705512,-0.330741321792679,0.666925700010813,1.87064599460313,-0.291241543685486,1.41925103808143,1.04366737192846,1.64537554754594,1.53296421034536,2.24987758988723,-0.282127456897862,-0.77252454126521,-1.59666001545897,-1.06438453796588,0.73455559028879,-0.392650848343396,1.27020876712002,0.34427718856752,0.486181544163953,1.57468457108389,0.0848239149145767,-1.19872127565106,1.11816840699487,-1.47980636049762,-1.51271275880637,0.647460719482269,0.670377161557982,0.942244238691141,0.466178318562478,-0.134117545956823,1.02755250100236,-0.834038914944065,-0.413566167213756,-0.842634269842328,-0.180274969191989,-0.563867925535186,0.79307971125257,-1.59765291356418,-1.04253848670822,-0.377266398258808,-1.26482784792077,-0.397248681750094,0.292265532873489,-0.759392704107124,0.0327352631470265,0.955136249883129,-1.36159803586628,-0.471026915494565,-1.27672807187549,0.396370524097155,1.56802338269074,0.192747157550147,-0.49505913343799,-0.706440783534237,-0.389408136236588,-0.0537895154223625,0.822113051762534,0.316855436283565,-1.59753372071842,0.58321905719946,1.1477120243398,-0.581169617563773,-0.951445388020053,-0.773276173666663,1.71386668638332,0.0111813355270707,-0.378630817955321,0.492362669332142,0.632513340290928,0.316770038384754,-1.02789578803217,-0.70423627984088,-0.243802799066095,0.583350483099432,-0.0253118770835891,0.926723259476593,-1.06221806926892,-0.538454706196442,-1.27893110425297,0.616287324908652,0.832538107276229,-0.523505751588788,0.609332685929642,-0.412517880305607,1.21689406464245,-1.26867516098185,0.0451730575505019,1.25263093038445,0.0273103819176992,0.610948067756444,-0.970805425146834,0.229850977315422,-0.244876545400349,0.288870862534116,-0.53498624076622,-0.598584930436306,0.923461038860224,1.96409588511642,-0.0291495424879648,0.438887654438371,1.2212754403663,0.570202506988368,2.27186066729
"88",0.984342673916094,-0.494488663473229,0.523782232094726,-1.27635456591886,-1.54993165755613,0.979431395303967,1.30830954433096,-1.39867178043304,-1.06614063731798,-0.343115899451769,-0.0108075149595111,0.283583074638529,-1.19262806552693,-0.680199026612923,-0.64625551280136,-1.11739942002483,-0.582011744155403,0.816426255490136,-0.105778162974566,0.299727866917322,-0.359513772469171,-0.336944823103845,-1.32824156075463,0.0426360028134113,1.5079089087117,-1.39112269816894,0.529170310845875,1.81277116768763,-1.37883617880326,-0.487879634312591,-0.856766190012394,-0.478465852483138,1.55995182624737,0.504024144627397,1.11118990539132,-0.457289885244124,1.42009354139016,-0.511317706350842,0.616572073888734,2.58405617250336,0.204137515050861,-0.0241549810394699,-0.773200368853319,0.591568118561628,0.341471116733067,1.85357086757081,1.97509647639511,-0.196639617398011,-1.37701491492499,1.52186605731949,-1.01716564679065,-0.922168444808419,-0.569251386724811,-0.412407350206324,2.11867147520606,-0.131050029533098,-0.255266196556648,-1.15256660548761,-0.862676283592886,-1.39687207884498,-0.980770873336342,-0.00421274354134309,-1.33852916031088,-1.86237628283302,-1.96110908564543,0.680147419784436,-0.346795676102763,0.763632051159472,-1.06371251549033,-0.791295773224134,-0.606672340842315,-0.246352455311911,-0.127007536773501,-0.806586496534617,0.225622387181132,0.760282881914906,-1.75614789386576,0.106478965413606,-0.560082207783132,1.10565343941376,1.48501859159949,1.33816573908161,-0.617180642265726,-0.370365872477646,0.98378508851909,1.93934265587671,-0.399942121765772,1.28453294837848,0.907007434541965,1.36450944544171,1.72526290197167,2.20892773169227,-0.596648202161961,-0.557174570137132,-1.66015077507828,-1.18734081018067,0.642654283951509,-0.525183724995253,1.06216302044053,0.366608355306476,0.503700086955486,1.72765231403646,0.0647878500381911,-1.17315590672753,1.28953550778731,-1.83642665071258,-1.9103013358365,0.839291921747606,1.20978602339783,0.923920885493079,0.484771244882512,-0.254246815254084,0.867487454188726,-0.810946673319121,-0.527131738936974,-0.615129460661081,-0.203045096214959,-0.542813480668216,0.868772929217789,-1.62648554160646,-0.769951320003051,0.0983977367601944,-1.29723436659061,-0.170944460705872,0.152744676021904,-1.04870370343488,-0.484261818645638,0.897744786026175,-1.58687847971163,-0.459448509633301,-1.07228227692714,0.29050779939982,1.56310872927294,0.0572116291200779,-0.53863999304155,-0.762323380435528,0.0590860257216166,-0.0723654957240383,1.23204082185323,-0.228563344443958,-1.6268410761694,0.702136960444021,0.988327564377596,-0.822975943426557,-1.00610617445961,-0.67409283756918,1.77342542885738,0.147493099585401,-0.651417311365803,0.579818468256861,0.0948567683456887,0.31001415697777,-0.582284877046547,-0.328953203871412,-0.192515231164328,0.0791767172495232,-0.181019477408143,0.947030379244368,-1.05889046565385,-0.382830038765579,-0.611781305742141,0.723588192242779,0.721025482667825,-0.485572873135389,0.390599025554837,-0.0439700538266311,1.17677993951652,-1.50229433122299,0.382415432236504,1.30975066146019,0.132397365670996,0.676638391069104,-0.969867814411232,0.334505695995662,-0.211732456500543,0.311717575076393,-0.887784613509948,-0.225338621689548,1.08742829952812,2.11266888811069,-0.346667968875173,0.445966191241066,0.97344567983142,0.17241492113092,2.1461253714802
"89",0.772260656089568,-0.58088300930207,0.711265955340685,-1.52729969932907,-1.66168585849616,0.848027539322801,1.39572384599914,-1.12051469038521,-1.69473913594527,-0.548753326141026,-0.124397289302512,0.199590186805068,-1.09578488404221,-0.586220577367064,-0.627533144904454,-1.10655828886599,0.511200296417573,0.780111531191516,0.188675675716059,0.355066818235422,-0.682674052536428,-0.283354389872533,-1.38348378926374,0.0514053529008485,2.28686873128746,-1.48335139213198,0.182451119045151,0.565372536056443,-1.42772870126317,-0.606427105837882,-1.99512318136657,-0.310070611575512,1.44076659297199,0.541699891499817,1.27059915535775,-1.07001269618187,-0.295530106948587,-0.532777844461592,0.815946598659697,2.45740884429815,0.0268976521508715,0.228526616498743,-0.928093902224436,0.395897800039716,0.43358346895755,1.58264306731094,1.71073551658494,-0.275904855778294,-1.070215607663,1.55058017702782,-0.89042868815434,-0.545001028704406,-1.01621857884075,-0.727429006497801,2.08112674300666,-0.4955041368357,-0.389525288600878,-0.758142930136721,-0.516726127427138,-1.51821617292981,-0.112782189757891,0.348117861264556,-1.27864562678436,-1.95737476344368,-0.968745082623568,0.375139217568744,-0.0892263653624013,0.840872447065318,-1.00543524615982,-1.18157669167416,-0.397333153659949,-0.0200330898901169,-0.257504523546433,-1.02588242971733,0.417232996906584,0.914752061865621,-1.56288144432538,0.0947416948658996,-0.340300763309178,1.23013164384721,1.48900863276018,1.19896923750655,-0.695499256132218,-0.138869651831588,1.46974279164457,2.54800458562178,-0.266749829387552,-0.18756199946077,0.587205107483707,1.25422898785816,1.7558795903481,2.32639687750646,-0.398752307675255,-0.171257122378682,-1.56134941801742,-1.34834261609795,1.52413158128288,-0.348381459094034,-1.15433745182907,0.0361499362399827,0.293701669690527,1.90336076818256,0.129188251505385,-1.29613177001367,0.92713287184188,-1.40223721712862,-0.99460832033613,0.899159801023906,1.17801312685042,1.12682891871504,0.687659160714364,-0.0524057731557576,1.18645329554693,-0.739460872387691,-0.292295164079593,-0.271477730392306,-0.195776069855999,-0.728282951765226,0.909638544259117,-1.64366296756115,-1.01706844480391,-0.225956737814907,-1.22325821278083,-0.214805088386975,-0.11511234297784,-0.933942543771962,0.452583431561797,-0.256292738243041,-1.91942089143318,-0.54515383711591,-0.217829823290514,0.471175960487689,1.53311283891191,0.108708935517453,-0.413141877246493,-0.851938279102532,-1.46982148104084,-0.148761928496713,1.01242265872464,0.635136260920927,-1.43033134763288,0.969237936836654,1.03452275751642,-0.723731411126429,-0.927673851435193,-1.04643684605699,1.73974377358605,-0.0188922403242113,0.163915116126878,0.425531713396183,0.311337319971376,0.422203353154318,-1.30394495453284,-0.885831529980792,0.14959890436808,0.451204078557719,0.301588390509162,1.1280640115896,-0.891922851514928,-0.369781290964267,-0.410168268126514,0.80251894016446,0.660064691593375,-0.134557680732917,0.714541192189553,-0.177216630416718,1.14675171110891,-1.20799627685866,-0.398302793559752,1.08858323274153,0.269336704151874,0.615820856072269,-0.933627737201486,0.49001300596524,-0.149446657741612,0.304793582409136,-0.866815695274092,-0.298502224138547,1.01193065749175,1.92161825048114,0.461058572842725,0.447737548794855,1.18926209818247,0.149691961884223,2.06907145572432
"90",0.995437433526747,0.268168140596103,0.485183475185479,-1.9616648335984,-1.30976282111123,0.982080441547807,0.666117102756064,-1.03027680299011,-1.0324771223499,-0.283673251298922,-0.00224472807662291,0.230451936667087,-0.678768391256731,-0.806865073565089,-0.781037143183402,-0.73853706775887,-0.593264349441232,0.888768485756246,-0.167163259971491,0.0660729580465823,-0.638950724538288,-0.316079112017745,-1.4490948957631,-0.167245055812532,2.44053793167499,-0.74493097590923,0.580435350632522,1.9362914977116,-1.4001693741052,-0.0676457475861677,-1.13275505884916,-0.461939464827698,1.5791601678124,0.562646609965259,0.701349929762777,-1.20141084776644,1.30330621797721,0.65426958756979,0.278085148885043,2.76366852470811,-0.00847848723581313,-0.219385284964909,-0.206789113070204,1.10211735318818,0.359720618849647,2.67915134415615,1.93792372117221,0.683269964354573,-0.938754251895696,1.30793916357189,-0.807707542728298,-0.631827568613037,-0.841509765282372,-0.429891457432944,2.26753170605878,-0.114829134023228,-0.248794267261035,-0.817914633318762,-1.16324297890917,-1.77986375966113,-0.9742413337841,-0.311531730324517,-0.939911521346799,-2.39152507850022,-1.62816133626507,0.53812917583695,-0.690015971547297,0.233040760940764,-0.758828281769334,-0.815952818843645,-0.761162959433768,-0.282551468722726,-0.0213338168223671,-0.745795894803724,0.11640408857084,0.651512528313752,-1.78442136040804,0.0283632482787914,-0.604876413390774,0.754265569311158,1.35395624588201,1.47105745223458,-0.0829362221432615,-0.719982277959251,0.64962936413152,1.78983409981304,-0.440542430896939,1.14163578355734,0.775184939443526,1.03116394790367,1.92326275200729,2.31864789960915,-1.20008480109192,-0.950557168150712,-1.00659398300248,-1.03353221788074,0.123391804133356,-0.611455138494113,1.05135123815281,0.421343077019542,0.740332529156858,1.58855298705964,0.0895533404952713,-1.43890321508484,1.21034724336535,-1.71115597035706,-1.5279391084046,0.796108298936246,0.590615577205459,0.638688407900755,0.736688733376528,-0.17781200918099,0.956600788368622,0.0480268577825421,-0.231867419767117,-0.555468731966385,-0.270902412452533,-0.597866530937048,0.411031649608946,-1.70459590523606,-0.766802088638038,-0.00108338755903778,-1.05191444608747,-0.6918562089825,-0.0909103612664363,-1.36116626353629,-0.511638170747001,0.823301697370186,-1.82042565822361,-0.827878817019245,-0.723264692948117,0.225116971997473,1.44469926699568,0.268978511565113,-0.654028391968249,0.118972288295816,-0.332911251740995,0.307055153236218,0.711839307133039,-1.31391055612007,-0.769448859120853,0.552921672762998,0.833456536771103,-0.652947582523019,-1.09155133576729,-0.492449066662801,1.86358510243591,-0.0805886065080736,-0.340020680242631,0.696584290510213,0.432255029539795,0.176604076506438,-0.649644708379379,-0.325872832319072,-0.697775100131573,-0.0236699050631087,-0.407151551901995,0.329654158821969,-0.437555248715378,-0.959649472530082,0.227415958807921,0.483894769692123,0.686317912720593,-0.278799007055752,1.03887812962123,0.548321042113657,1.09279660383881,-1.7813951510929,0.457830262974011,1.31141392177421,0.0175265155984801,0.71060021408302,-0.451242639431983,-0.0399434854066663,0.388953108595556,0.0059604561937052,-0.859862065210952,-0.748402371704475,0.900790475699272,2.25796988284259,-0.552475731830326,0.263102483870659,0.725211059815253,-0.201037412138957,2.33631092100422
"91",0.706878811289517,-0.558821531473624,0.813062094297488,-1.92152658979306,-1.24412897987205,0.993131122323281,1.20879654360054,-1.34704707699987,-1.4128962926364,-0.199324789564584,-0.407654948761663,0.309842387369728,-1.22099516688362,-0.516354100372357,-0.684151081210813,-1.18495722577044,0.568923935380993,0.826394609622293,-0.200496682669353,-0.134210068068717,-0.651967606168262,-0.248651336097084,-1.51710985450606,0.0676020748002205,2.16935987411722,-0.962569966656464,0.349830230040847,1.09460143541343,-1.38915833919884,0.240284483202951,-0.891862170828961,-0.434321527218005,1.59400409118984,-0.305183870021604,1.35899884467222,-0.72528090963205,1.4352896364872,-0.329457812876417,0.705931000341796,2.54184129472844,-0.200803917943034,0.188134418802877,-0.912409838766398,0.934469705167257,0.57668527242389,1.75191011916585,1.7409682321011,-0.277692404793798,-1.63270904774562,1.58112877797629,-1.19200947280357,-0.761027569011571,-0.875042810939956,-0.823404804200046,2.1013524408187,-0.621007406120456,0.0271080483422991,-0.841645155954882,-0.570059926253121,-1.81127711676934,-0.679558980274726,-0.369999892531909,-1.2301752059332,-1.88430000798636,-0.990157105018457,0.85934938960831,-0.4733417231665,0.59254339012211,-0.685457819655046,-0.644426403577806,-0.584440507915435,-0.304021150105589,-0.282285339105596,-0.731928254334945,0.243877273975965,0.722844202965343,-1.55362006090691,0.330970239545161,-0.534004809044653,1.08229534562108,1.5651703182589,1.37252778508616,-0.00289794057859963,-0.355503237696665,0.367709450576501,2.22439780655955,-0.234483894281354,1.2322527887072,1.07889942378436,1.11680199212135,1.66201913520088,2.31982324106203,-0.469414228289982,-1.33042077040185,-1.53544566123778,-1.36786544369583,1.14648315050733,-0.314994681180596,0.964884128030911,-0.208827927401255,-0.08443889873956,1.80305134805409,0.0169930888602728,-1.00207197364355,1.4509980250999,-1.3385857155481,-1.49853172773246,0.790333877817954,0.714227785347618,0.903572090898233,0.504984261085344,-0.25326417833746,1.06123000714464,-0.0749543831914501,-0.578288718116325,-0.148313027682736,-0.389705992249579,-0.421328354379508,0.78005992578187,-1.58066659209839,-0.950710211943668,0.224892806579729,-0.973302071012908,-0.536174624727409,0.00146791433735138,-0.70902359606713,0.167534726851059,0.863409515882513,-1.59004571604392,-0.750698794815315,-1.29907420020907,0.621747182145232,1.68070973483382,0.321098847647389,-0.267216037770378,-0.781870870504182,-0.881215624750282,-0.15911397214764,0.953236308422657,-0.143657637506618,-1.67495291349287,0.604164280626206,0.997455371780325,-0.528351358607199,-0.83271086172824,-0.725778052757486,1.67057827778265,-0.00444590257809104,-0.209566654631339,0.2102421993043,0.696339723659087,0.258065387694626,-0.658810303132591,-0.555907077133911,-0.19311921502384,0.182297280436416,0.0629933380982827,0.801383170666502,-1.36362536809648,-0.440997344426452,-1.62032150560201,0.854374755065144,0.821019692476647,-0.238998331755332,0.430966078563646,0.66741386287763,1.09117919757367,-1.52730106735759,0.540509831185989,1.28134174153019,0.182354725611865,0.587337386420735,-0.670083729543697,0.093989138334571,-0.586915003927259,0.273981029337541,-1.09766501342303,-0.660355620314045,0.935610459068343,1.86930744266409,-0.527009119940838,0.244492810998001,1.10575485131187,-0.0773927606622535,2.28927054098787
"92",0.81840936578067,-0.466794569728445,0.760198922824039,-1.415329327395,-1.42573565746924,0.983113615275471,1.19320341819861,-1.39010916740508,-1.71104866506359,-0.25831112125388,-0.425280407492597,0.319165831171719,-1.18784587010399,-0.684901230039253,-0.756251341574898,-0.995951759150051,-0.185216307379431,0.887404757518207,0.141609747036048,0.0360627375926654,-0.464503000536177,-0.251652429634803,-1.86626398190695,0.0167562493472782,2.06664208912592,-0.911793598501445,0.120931534993087,1.11425750283484,-1.44235657773431,-0.786728233221569,-0.851732914538497,-0.417441547093353,1.54379005785919,-0.150930111954083,1.36335933105216,-0.533243487752448,1.34604415927562,-0.253648099194945,0.780117877019462,2.55896032069297,0.161190258156087,0.196798985627369,-1.04026203305712,0.151400495133322,0.439641358559279,1.83124440350973,1.76011148557443,-0.119871005186647,-0.793536696697556,1.56425004013658,-0.485407778199658,-0.303077807954884,-1.58248924256259,-0.777439017468229,2.01884151097247,-0.680200008033228,-0.206365776857885,-1.31981633866419,-0.908773725841279,-1.15688265200672,-0.963397491777952,-0.222920379666121,-1.30084737019686,-2.01334555024485,-1.67992871198459,0.755887648605215,-0.648859912464329,0.727984138872619,-1.20490546366942,-1.24336593389525,-0.113063470926638,-0.380497759743838,-0.117841613562425,-0.502977554393154,0.639273500763439,1.20694694929383,-1.71500205714401,0.204072714532598,-0.421412494002176,1.17391484745188,1.39005381685942,1.46112865943827,-0.636455903769781,-0.248133909385451,0.634495706558271,1.78058823473255,-0.324445079941145,1.31899553281338,0.930389084978246,1.27785734129197,1.74297222584145,2.29863730591258,-0.488237786608497,-1.10559618668227,-1.66576611818844,-1.18787307691261,0.353408454598771,-0.478101037318459,1.21552713775462,-0.0289351817546075,0.143857808552976,1.72137529299945,0.00172479400881942,-1.45298767685285,1.53850972216248,-1.42653116049679,-1.37997234175932,0.786211013547238,1.15642993788608,0.86632048826592,0.515696038553814,-0.170540554342853,0.988344652962226,-0.71258419797234,-0.592917589654829,-0.101072320212858,-0.227570436285212,-0.523440215623538,0.662019412755397,-1.38046570584203,-0.863643599848577,0.349330670884288,-1.20070656067081,-0.0991323591062087,0.10823568302385,-0.931008712346548,-0.276675094710861,0.934976476769765,-1.47297985560056,-0.615680532165532,-1.81264447478633,0.389181541028277,1.49007409207986,0.209751160174951,-0.540538098741392,-0.648251763936197,0.108061751769539,-0.112967786375862,0.804136370772426,-0.00666077642638334,-1.57969667447819,0.62435916998799,0.858710416654592,-0.718574181760702,-0.843295228660903,-0.566674101795389,1.84419674146589,0.217254434402209,-0.345809366323361,0.441294572190516,0.170924853404188,0.541377873499678,-0.052310116755996,-0.978615761939873,-0.452155642095012,0.458472244517832,0.10391166436352,1.10903331205061,-1.15543293984329,-0.23885308412332,-1.06954457502539,1.25928268463828,0.802460437174613,-0.42553600937806,0.613166250081235,-0.260545324902999,1.00079346942115,-1.34700094093297,0.584453471425803,1.22670939143779,0.19611726280885,0.538240713196626,-0.798126320667763,0.164121508294047,-0.291546570711735,0.339453099401827,-0.846051896210704,-0.208904487741607,1.07401919867335,1.96768636539355,-0.148378481479832,0.392515621096215,0.88061965294328,0.12284579356084,2.18322858562375
"93",0.846031916024491,-0.523990136501267,0.71645752162583,-1.42403556776018,-1.3913255288452,1.07284000512495,1.27629343626326,-1.3658893958868,-1.88479065654206,-0.17211904699246,-0.304396574432921,0.391255684275729,-1.24578201393598,-0.722697303014913,-0.596343359444771,-1.15497226401869,-0.45865349827913,0.933747390596223,0.172941509532638,-0.0463097756011095,-0.549242860425121,-0.273150053484439,-1.58263390266718,0.0226933933171644,1.66534111726673,-0.74748622987374,0.422261912838001,1.19254839631332,-1.34251806704456,-0.675999850875537,-0.738752649640501,-0.43097654319181,1.60889706000827,-0.126007814244353,1.39333030289645,-0.340396618801765,1.45447724675869,-0.334245617505384,0.731740003417769,2.55401772506566,0.20813626773129,0.0808852590772708,-1.05065214501382,0.183240738350357,0.414516214310814,1.71629612696663,1.7843802996397,-0.127570683699579,-0.907353868640805,1.56027919649792,-0.623705064604592,-0.477913072859929,-1.59128039348874,-0.629369800631833,2.08308801071472,-0.795839391809563,-0.0600132592156223,-1.22462390214159,-0.739645917907764,-1.24265668323021,-0.921998351628145,-0.142160389448377,-1.39494256799621,-1.9922877078286,-1.65451382139521,0.458753885915773,-0.801902363517494,0.570998651960122,-0.569766089960261,-1.17698767704977,-0.460323070407618,-0.151075588866017,-0.0509295548926214,-0.588550048779887,0.370220914672958,0.83964535493571,-1.67890351087743,0.200996461722074,-0.398943182394802,1.15729150559733,1.43613921998424,1.41064934675354,-0.748218708430968,-0.258767986236227,0.674290140235878,1.89660684076264,-0.292950170487663,1.43939863670986,0.661511348807591,1.21962912347375,1.7454418126092,2.25519542786429,-0.538999917339863,-0.830968418789376,-1.72987964550846,-1.24067825964254,0.675140552387884,-0.483840859181948,1.21237936861873,-0.0321995000880219,0.117478998699562,1.70088962436222,0.0263908654001344,-1.55792937013792,1.15892322103252,-1.79180150376188,-1.82539173972149,0.832054139772503,1.26569282659721,0.883031998439641,0.550499096875646,-0.0986470862276288,0.885782472478758,-0.986194144914524,-0.571237841713661,-0.218027123194039,-0.181919513779221,-0.419999279495371,0.784255182232246,-1.35542379822765,-0.887485816865855,0.38603677187128,-1.21068995759715,-0.0759356866950246,-0.0181731107071983,-0.818204154312593,-0.457548940484516,1.02539730325834,-1.46018489031466,-0.578769710554871,-1.64811191996179,0.380967742481892,1.58985312809878,0.165522253014945,-0.419614998130817,-0.670601206129667,0.152535013684697,-0.124208094876715,1.2361157368959,-0.0663181226611085,-1.8509137477494,0.719030357958069,1.00981209214113,-0.748159004316547,-0.785044354729127,-0.641152069469319,1.81524382157123,0.139468800761989,-0.472873863856002,0.379000176903588,0.231557781104181,0.532808456958461,-0.0125877959581263,-0.956863247641539,-0.117109294610466,0.243227382337696,-0.156976775084029,1.05686092938659,-1.1169079403888,-0.185187479672688,-0.537681387435182,1.15678448523259,0.766777863837536,-0.427161011988373,0.519730583206914,-0.18219122109007,1.07981749363208,-1.45351799012891,0.323850608051236,1.30832404204762,0.272576095474232,0.628005223759893,-0.850265230991781,0.338447185901984,-0.259890011766714,0.472201571674034,-0.862500073822834,-0.117795577314873,1.18026784982603,1.92458689407945,-0.309633187136473,0.423827480709238,0.932860255769429,0.0938967874594681,2.12958025601164
"94",0.885944964404811,-0.415147576209464,0.71623496386514,-1.8231838380312,-1.20729231975682,0.98396822829163,1.07086650744267,-1.51355266939726,-2.17008893715516,-0.238256449299075,-0.464436886248413,0.310148194241261,-1.36783831065346,-0.253948597078952,-0.615460717706684,-1.54039175187014,0.136590330732137,1.44518233460342,-0.0496020657050602,-0.156149876613415,-0.462921232692563,-0.252389530533452,-1.80810460882041,0.0969076438811529,2.24117785890067,-0.581291279768396,0.138531023177545,1.11399375877692,-1.39541139529003,-0.916993824212061,-0.788506607237163,-0.359842148572775,1.521473235411,0.27746251147046,1.36178735427149,-0.718244140021851,1.26860703337821,0.0441803921320658,0.709546040335155,2.49720253363132,-0.0661749671415286,0.396017299698544,-0.873021268417125,-0.109045284950851,0.437874661650729,1.5764703346836,1.87032100288225,-0.0852778221730165,-0.810179200918522,1.45121737737244,-0.781215934391044,-0.36797185595719,-1.55333217090565,-0.596907533134,2.02901036130586,-0.74811616019824,-0.0717491568013287,-0.974940738671963,-0.966876209362604,-1.29601019133429,-0.716001752894129,-0.316884101732249,-1.64083220040134,-1.91174192073102,-1.36046033447102,0.796224114798425,-0.739012665142843,0.783747284522107,-1.17765140573734,-1.1564639619704,-0.216085889578103,-0.42335528684404,-0.303706922018434,-0.529864543567569,0.558608075998639,1.07644228777487,-1.57129056995678,0.149742448591907,-0.518726473449275,1.11038324770636,1.44591140550511,1.4690432506782,-0.760568500698299,-0.309183317190465,0.662626066177202,1.75850075008827,-0.302421418904343,1.3011562479669,0.986530378574091,1.11347139724696,1.6882516213014,2.21772929557851,-0.444034955940736,-0.750138241055469,-1.7361443044161,-0.840432619082439,0.831229884840227,-0.138461515136895,1.23445359651466,-0.0238936342976178,0.19676575192908,1.54326807526714,-0.0691702679678296,-1.69834321068617,1.04974275095073,-1.6064153477026,-1.33657034648843,0.576525960860881,0.660420747997898,0.689582737052685,0.535843006397015,-0.0902148281849662,1.51672243674064,-0.902289778172298,-0.730856525728736,-0.280329682902242,-0.253110582365152,-0.524162202477618,0.552891907763068,-1.49342969570594,-0.617081965838492,1.15016963073305,-1.24755106990349,-0.504275228344623,0.0585973539003785,-0.346011401367324,0.268482885037463,0.90169803886091,-1.45341027183959,-0.66488314905838,-1.56221649245825,0.494916047273354,1.48428744123893,0.206415733374668,-0.349394893910719,-0.623256731890918,-0.293105796927383,-0.132852851166958,0.947176087193697,0.263082008234797,-1.56365574437746,0.5065357490167,1.11322185755013,-0.616858559184372,-1.11464018349255,-0.560126160643632,1.95782424875425,0.139454687751466,-0.106144958342888,0.418450249780728,0.472231234467429,0.501998686609704,-0.340972424273318,-0.902575264928021,-0.0169073950568851,0.400352222481988,-0.109653526648279,0.890827822896397,-1.0271341676002,-0.474874741980235,-0.828700033979981,1.00586437373689,0.776860883707175,-0.429329635759243,0.476698543461627,-0.535155297778867,0.981365249319805,-1.36075812023723,0.636489300126316,1.15104918767016,0.147596918897567,0.296943506164973,-0.697761020291948,0.247278368403162,-0.252103394197403,0.412607665404342,-0.759387797156035,-0.755430663481934,0.948099299956016,1.88138123383166,-0.201048432577783,0.112203048729506,1.04225521041906,0.0157235743274939,2.32471061084923
"95",0.808896547952379,-0.452032651597616,0.768960067829742,-1.62345060429286,-1.18895135160279,0.999073171498568,1.15480898601106,-1.35432284104011,-1.87139601698438,-0.354187072083298,-0.507377131160452,0.33298798729441,-1.52534564185376,-0.630321472711838,-0.744969598312453,-1.24324143336673,-0.143158069456211,0.680123520996726,0.0481531637280991,-0.173737269252436,-0.497298763866218,-0.231543431033723,-1.90282929675555,0.0251616946369793,2.19713543058682,-0.490906203638098,-0.0290177725051338,0.883448058649378,-1.37169519468147,-0.669164945590984,-0.721222822489799,-0.335710752497499,1.56171443390057,1.19791944876066,1.4376100312279,-0.984290808994506,1.48870532911705,-0.427562839956862,0.835571026219351,2.52686774752987,0.0664316589045679,0.386812154522384,-1.04879594082512,-0.0211398947110076,0.301540360918731,1.61818626419134,1.7982450176008,-0.218005268837425,-0.415924716894943,1.39799615571827,-0.753268742686241,-0.104216184458391,-1.6084947354124,-0.691366494560522,2.02244297431746,-0.644043542714959,-0.0576660472342734,-0.708611751059377,-0.835357020206645,-1.06441056553535,-0.779670101725202,-0.285506547931285,-1.54122602496573,-2.08954220889388,-1.54201930900893,0.575522985268282,-0.778206717709015,0.795478056759314,-0.836266882378481,-1.16477502477049,-0.0350379376646854,-0.405356252121396,-0.134300754547538,-0.790722705659759,0.706295059577965,1.26875291195787,-1.54550151156061,0.182851768287154,-0.449096974967644,1.15156712773402,1.45546026290212,1.53170170346597,-0.845404530497533,-0.216044243052034,0.74108017985848,1.81495367224728,-0.314847458801821,1.47158611234871,0.744242994531608,1.01945103221006,1.64975428605907,2.38159235561357,0.0453551056795913,-0.73825448780693,-1.66509962518804,-1.28670514046809,0.286636991444178,-0.380053164078221,1.31031535810537,-0.1274653227545,0.0470080416412792,1.58391086165176,0.0216186751956861,-1.38528372797689,1.36868351327332,-1.37916672967558,-1.34817009747826,0.748597881970213,0.634248924216588,0.909772203453031,0.562720240890386,-0.040195332990844,0.852548516731001,-1.05425372996097,-0.66267084950731,-0.205849724741308,-0.275155163701112,-0.474079687748991,-0.246549755193586,-1.23687832936029,-0.999772173246956,0.491283036585066,-1.19469124873647,-0.304740576789163,0.024582831861139,-1.03254307232048,0.0595339645884387,1.03223991136588,-1.47752504207332,-0.816446121330275,-1.60286686162174,0.518617142760147,1.59680960595017,0.222848254335733,-0.462251372385772,-0.757561386532115,0.0239699012573535,-0.173905295820652,1.07059439272091,0.425179083196778,-1.97434892707791,0.643454352756407,1.14776219217759,-0.606343925448461,-0.790943670558027,-0.499952355414045,1.66975254660797,-0.0633283488021145,-0.0514607247660369,0.212401171043671,0.502322983239292,0.601585287463961,0.0463379288364643,-0.925951031242429,-0.224487791801034,0.578557199699579,0.0132182025755116,1.00935034819459,-1.1473526442091,-0.297624503117555,-1.14108671467626,1.07917721243605,0.893554270301271,-0.493350409628543,0.674077652841278,-0.379349173734595,1.08797003171772,-1.10039802219266,-0.144375584357585,1.18445405907357,0.316881218761674,0.76052534825415,-1.17629616674419,0.257958229970499,-0.36838640355549,0.574404014191025,-0.681195082862817,-0.612435926774119,1.10158992138877,1.78169349696141,0.0155274745347585,0.456909444360866,0.728007891403196,-0.0992793741581231,2.30101221912652
"96",0.798220863646462,-0.319978226167564,0.463368588674135,-1.88435251986807,-1.50094589306779,1.11800410644227,1.35048016749136,-0.973990518407023,-1.58040740250235,0.308371866746264,-0.189667555312506,0.458432901289292,-1.03932632651753,-0.729408235106495,-0.603545918668208,-1.18099317881646,-0.0850918444631128,1.24413807936863,0.412759146495932,-0.228112986399074,-0.689521412570384,-0.199703384147312,-1.62174286928834,0.100044220663295,1.96849016547819,-1.00042121111996,-0.0143145261985361,0.659215197511926,-1.27102606016819,-0.487952485286537,-0.775496560384328,-0.319172848298324,1.68019997500648,-0.297434898392784,1.45909183537015,-0.952556627356669,1.50029326608848,-0.156869709552755,0.809222305139388,2.55359369991506,-0.0794409331762252,0.2359898457504,-0.96671030459685,0.363735129786609,0.431824649699299,1.70504812049878,1.66424395994188,-0.0480553582970031,-1.79812062786033,1.61393750735322,-1.03335525174024,-0.671900131793536,-1.33153461823866,-0.959556798931027,2.22275195423873,-0.778934056275182,-0.0520222799381077,-1.06535696244946,-0.680748634669624,-1.46480751297066,-0.510622691628184,-0.415668718948243,-1.28160130746769,-1.84904652950218,-1.44033696226517,0.229830950245671,-0.636575457854729,0.327010514580026,-0.95042370326547,-1.12218424521772,-0.895808938593393,0.0690416491696466,-0.0206451943428327,-0.627439230805834,-0.0737066568960768,0.353607903053791,-1.4757944137501,0.194735866625759,-0.399319734860472,1.11494927185377,1.56901983566545,1.48250000845626,-0.618734854707281,-0.228390756363083,0.680548168526011,1.78906937743303,-0.131686605948873,1.41346248223769,0.438901291991357,0.888023319797332,1.84853280170963,2.35379617750897,-0.761587364133595,-0.781496108863312,-1.45089233853441,-1.0715324304047,1.42997907338503,-0.278247820862381,1.24738227285478,-0.039223083913907,0.146984981571956,1.60192076710209,0.187361182454517,-1.45064600278327,0.916381883542543,-1.72145391520584,-1.81210658758621,0.774534192420965,1.15371300640861,0.980236526511358,0.574496418274349,-0.0788810948799237,1.10326494460127,-0.803697348762036,-0.365423140674413,-0.16113262049374,-0.265733748952525,-0.248694241030322,0.747040627035212,-1.2261281639456,-1.14909377001075,0.595023690551506,-0.977545738316887,-0.362728077256872,-0.255131839867549,-0.979014801393426,0.0151180397459854,1.06766573376711,-1.16056918702111,-0.894278520561027,-1.47919583028739,0.729383860503374,1.7063775323019,0.138565174144607,-0.458704970829335,-0.578077185400017,-0.310402093904726,-0.124055296351835,1.1285976010334,-0.48521141746368,-1.46327332666995,0.758720811499777,1.19111277208594,-0.671911628806802,-0.696042813636078,-0.456682084157883,1.76772087696893,0.219240738319355,-0.547944658670212,-0.115897112234386,0.300499573777587,0.301536605990214,-0.455442356868036,-0.868419216562494,-0.14305999201753,-0.0179506697717993,-0.22851914255514,0.888173187438229,-1.15338531336504,-0.280042965712361,-0.032610206254992,0.961987418508296,0.793037447034385,-0.305509303743931,0.767691022526494,-0.0314211642119443,0.9567499914918,-1.27389822282006,0.51255789831547,1.3494355633627,0.392381978634072,0.731020572225811,-1.10851463811703,0.226988228499011,-0.267494733841134,0.534424193145768,-1.07598671659206,-0.262858755077123,1.20825984445091,1.75692096401149,-0.602686054739572,0.514195784851899,1.22753223678039,-0.197173620784026,2.21946971873526
"97",0.971438611773987,-0.226960232611845,0.52489816333915,-1.79862437472682,-1.25949507654424,1.08680797803064,1.12551341319681,-1.04266428411812,-1.4751575656669,-0.0585180389103443,-0.251595568822777,0.406186106149321,-0.976899177654006,-0.732269994788341,-0.559740140060224,-0.954474960303094,-0.489009331983342,0.895060622843081,0.220146051458206,-0.086913855600519,-0.463049536106191,-0.303554898787434,-1.75096339143731,0.0332030398785821,2.14390960307852,-1.25000492496938,0.365424285991605,1.27314834925247,-1.15201144822646,-0.27515131178761,-0.831485349660649,-0.411649472227255,1.64081938303804,-0.040287114216363,1.11121915345504,-0.84380968635908,1.34459619859053,-0.328432439402913,0.663134811093093,2.63957579782033,0.160783196981032,-0.0936627764542225,-0.857046277467108,0.712391468238567,0.338344756052208,2.00208710266324,1.9698370373109,0.0877263413496422,-1.17954588486741,1.46627631004954,-0.753990348678859,-0.471069527137682,-1.16737313556336,-0.513649068299545,2.23231181253979,-0.40113564061923,-0.131719320154703,-1.07011492599075,-0.873015896705549,-1.50640313446065,-1.2748481343022,-0.256123164450278,-1.44785083772034,-2.06283365590398,-1.85260178983811,0.650332817418328,-0.374161588318325,0.376804668189729,-0.892445376833898,-1.09780671610942,-0.575752767005619,-0.145451561370551,-0.00268063357216826,-0.771565591590549,0.327203846348544,0.825869997248506,-1.97253146920874,0.198085488829127,-0.789224642438298,0.980943469988519,1.24000349161794,1.26001411151097,-0.36675608060448,-0.514291783611561,1.00530727570809,1.99971702372126,-0.280679382373805,1.29190251738619,0.876933360285307,1.16205118492478,1.63658230079577,2.24954588156357,-0.961489755653464,-0.547604609140581,-1.41565150444419,-0.926191261927403,0.334294132744279,-0.53582202664947,1.18081034795989,0.0903972257374232,0.290473182048771,1.78102149872839,0.120879294305219,-1.45521605687981,1.32297852524464,-1.62528098383589,-1.75187234261421,0.7701498268846,0.872701811289817,0.864390950522901,0.747414250273295,0.00438766764550958,0.914956882802037,-0.469439118236031,-0.47292252464032,-0.270012332357586,-0.200486291142993,-0.363823400000885,0.650001954887481,-1.77706548704181,-0.741662067150562,-0.0734263423447122,-1.02369752505652,-0.407668479746122,0.135908135063432,-0.959257775519881,-0.351875337356992,0.910151764056237,-1.50718904913808,-0.633034395898573,-1.54157755587035,0.401742292036283,1.56269426841061,0.167185649962391,-0.385151843782257,-0.482097299253199,-0.4900320864848,0.0349919072942238,1.03519238020427,-0.498976193287542,-1.54060711160776,0.69116917101459,1.11385079007335,-0.676428720000101,-0.905638994145573,-0.56415774341192,1.78541774125674,-0.0121345811155099,-0.499398923814299,0.513357977538829,0.499784220871064,0.257725759122474,-0.330301862231507,-0.816918678161518,-0.368185564288947,0.0676880433496131,-0.122516633565321,0.690498952272547,-0.932493058624882,-0.486431001891098,0.48998366911948,1.00978123632503,0.700075121966844,-0.194708386813719,0.515970094682756,0.264818897322802,1.03494361330969,-1.33628129214146,0.221258249621927,1.31299745181459,0.135182620166393,0.840391449731129,-0.816982861467622,0.170400477035771,-0.140250458419754,0.202434293640018,-1.19624807070565,-0.583524907057019,1.05559818061381,2.09740782365869,-0.377539760653944,0.377917172310151,0.876343995140754,-0.0147836077163982,2.42925117013913
"98",1.03939613826776,-0.376489427992889,0.587358555157083,-1.76777136784066,-2.18609301261715,1.01692609311476,0.956698864820915,-1.44633696381227,-1.94381860863594,-0.135476711572393,-0.18244193759043,0.321225935981377,-1.49453222634234,-0.407580141352255,-0.73582317536334,-1.24124288629685,0.279053351442447,1.17823839192585,-0.248139121833983,-0.115007568319885,-0.376860826071625,-0.274107540765087,-1.57140529275019,0.107352812269507,2.09154408779312,-1.06801584967509,0.683084490239141,1.89314829596322,-1.22042577407871,-0.38737136833675,-0.897643166337161,-0.395597798187307,1.64743306796654,-0.184617364369919,1.0797396035598,-0.930684445101611,1.18072371135821,-0.299429369519872,0.801709089191893,2.58647884316669,0.0443660524696897,-0.120014088049935,-0.448377614649874,0.43410079007706,0.37340941849656,1.78552552747163,2.00082738870722,-0.00769503080569921,-1.00066461515498,1.3557080951683,-0.947259281637026,-0.548037594368176,-1.51607778943424,-0.417169158216174,2.18909948191403,-0.720202745757653,-0.106024629084674,-0.944776943421961,-0.853683461417752,-1.39970433451194,-0.607766517469188,-0.275598818341029,-1.53186909125612,-1.92016618999802,-1.185345796741,0.729157951308251,-0.194070633045985,0.540500973053781,-1.03515137925522,-1.1311060413554,-0.190688091928464,-0.229456915874284,-0.296961313731587,-0.527624592883297,0.6488703760108,1.17591080591998,-1.74380763155372,0.165842145269332,-0.642673522242935,1.00501620272423,1.31560560917834,0.961954217169774,-0.597565693835174,-0.464061302946498,1.2091100064695,1.90245523192671,-0.21635360627783,1.26905464701121,0.8965742507023,1.09499519979163,1.80828513800839,1.91217876508178,-0.7896571805072,-0.281760013585093,-1.76153915798142,-0.958864710375275,1.18587143816637,-0.791165540747443,1.08517512728145,0.0723691138493925,0.280233967455667,1.6158878983953,-0.141924465739893,-1.42005921461822,0.544789568663981,-1.44222096040251,-1.659286100894,0.962635059550158,0.363028899973026,0.679538466935503,0.643775162845137,0.0604906300255117,0.944657878844827,-0.766301583515692,-0.600774934543619,-0.2405387409196,-0.275179579540294,-0.478467991484572,0.609201086209703,-1.74292408848765,-0.683935050787871,0.983976636029461,-1.22269443187043,-0.467209359393935,0.0447967059312293,-0.884690849905464,-0.0632683789986526,0.814768391295603,-1.33689060480781,-0.505863953858916,-1.56431322021314,0.525991224944062,1.67205246891233,0.221637831224894,-0.488700207863611,-0.586245882867036,-0.155840724436399,-0.112371108512394,1.21999988083342,0.21166858235474,-1.7856445083647,0.623083763477297,0.978899997867905,-0.529240025052519,-1.08432293910443,-0.819678331996667,1.67588166034366,0.160897033414698,-0.447368968933907,0.607069574721713,0.669014284972741,0.341315531477878,-0.330570791766055,-0.876045066484798,-0.37141852710084,0.526012204239717,0.328911288575825,0.756936872079966,-1.09653110017147,-0.456107533737611,0.1263670877858,1.35522335203207,0.932291607662162,-0.142228208813717,0.351038536802026,0.0672072412373064,0.950821225318668,-1.4294764477914,0.451304147816385,1.29241621143077,-0.0644590442203463,0.743262751559138,-0.607412418062959,0.197944634258464,-0.285476347996636,0.330191506869888,-0.944943204616299,-1.02706401561803,0.955965523180392,2.06921483732914,-0.40075523656615,0.222050541057899,1.11187762509674,-0.0153640504240599,1.00725650721137
"99",0.766616974343091,-0.506994868341322,0.867168596655603,-1.7904404688041,-1.29913237566448,0.865866909099428,1.14975620269733,-1.37154154007699,-1.95778852924785,-0.338321312304637,-0.311348903978867,0.206228273722267,-1.43125402871513,-0.651442822445067,-0.599509268001773,-1.26279142473446,-0.0333592319966565,0.728575056130431,-0.170900429082733,-0.0651517311758468,-0.545898822977355,-0.220731563093415,-1.78215721801998,0.00113661548998222,2.28157472233527,-0.535713513823228,0.421293773719964,1.26774759852074,-1.315075573209,-0.764441356379472,-0.737003986908907,-0.340402123851378,1.53798018425349,0.0776346501296151,1.39627536416857,-0.722596538944177,1.35367275262394,-0.314269192081977,0.795123362777082,2.52216416243026,0.108343731154726,0.324843939450517,-0.820210279063496,0.0569853503242435,0.271300417088012,1.56341508044408,1.58879653972123,-0.193254655808816,-0.318604523738727,1.46424039430064,-0.859382501765824,-0.107240272988603,-1.63507128402326,-0.617426579742245,1.98728710726552,-0.696494477761098,-0.213889306112792,-1.31126634875248,-0.780333907790402,-0.986920784979951,-1.30076336214347,-0.318845397189588,-1.52277516542796,-2.01241148900442,-1.37809624162655,0.602948217501195,-0.372077062848845,0.738832375166804,-1.52458317204049,-1.13526582461869,0.0668424831799908,-0.580905513359163,-0.118294216680631,-0.593100867233139,0.811132428722637,1.39361743230368,-1.58985251527357,0.113348512384336,-0.352297172256027,1.28604137784944,1.41623283788673,1.44687918874648,-0.778404289188434,-0.133560858045184,1.2337850172191,1.96947497847726,-0.322243066584846,1.35670715746835,0.779952207658356,1.14916152315676,1.59205307862,2.22129316241549,-0.246759399851094,-0.238549110561965,-1.64927123334945,-1.3193706844224,0.28791943240185,-0.506388102380092,1.13551117043632,-0.12715887985384,0.0398662657594114,1.77208274021804,-0.101339653714867,-1.51814755326202,1.30922066660898,-1.65007642337049,-1.26280533481499,0.856209971184185,1.12035936309129,0.775791806580052,0.59454563884908,-0.00547917114327932,1.17175003905989,-0.954059452594696,-0.672663891840699,-0.162467336461129,-0.275405948734526,-0.501710030743755,-0.0389918680196042,-1.3894069114019,-1.17114376510646,0.717090071705424,-1.19311729396458,-0.12207164060189,0.169821970348687,-0.795334800674742,-0.218845749024658,1.09328596877575,-1.46722063280184,-0.823810257100297,-1.57728776024625,0.309777993683294,1.57578932976068,0.241279414033608,-0.211883018791235,-0.715063539208343,0.577048136419955,-0.174208655840376,0.738846655042649,0.708204513568612,-1.68346867037581,0.6892467216861,1.17263076866767,-0.660363626516784,-0.92381047663483,-0.715232690498616,1.80039814682526,-0.169869046308799,-0.195925772956492,0.199584089767637,0.499738801979861,0.586074174643,-0.0365044870295265,-0.960415644946188,-0.713391440148948,0.43432473099038,-0.0155512595646826,1.02964784450509,-1.26342521409944,-0.224960024567157,-0.109181127530881,1.019587679553,0.782517889833331,-0.327298090591938,0.604020649992015,-0.323008579950873,1.0937967102856,-1.11743009388732,-0.00177881023394293,1.22016839941245,0.0919948957277672,0.201047081082608,-0.868118056223402,0.100681144807179,-0.376807192379962,0.491267978944826,-0.951483279933508,-0.196319296554912,0.998879551389106,1.7791132175088,-0.155808229626898,0.0460740552669037,0.646667680839472,0.0423278627065842,2.2155062088049
"100",0.696268484957275,-0.567987319446977,0.883176266553912,-1.84427024035746,-1.43831784749979,0.946522183417717,1.10037118418991,-1.37398307872492,-1.87935894172761,-0.262629356297545,-0.39063977659429,0.28395604215825,-1.32853006223183,-0.523747702123718,-0.734098734125259,-1.38023575377796,0.0964075786705353,0.885205122184984,-0.0439010118433221,-0.166354071499702,-0.624167218083087,-0.27007828762817,-1.76318656562532,0.0186251131633736,2.27383735990108,-0.468198414290539,0.00654411688292396,1.07983590043979,-1.44361662957402,-0.648863931800196,-0.793302249703182,-0.471462925226309,1.49315440162282,-0.218780676368443,1.3600692681497,-0.676222466853799,1.39375506231303,0.0534593924397371,0.899984865213502,2.42019637473993,-0.0836118550816505,0.295975915039641,-1.0566986127348,0.102565839363677,0.391124212433843,1.52015239219234,1.68289863661976,-0.283277216409019,-0.571891817092162,1.4503875028398,-0.681576073096691,-0.245219757218166,-1.45072825642938,-0.895623427581683,1.94097367279435,-0.771438651090286,-0.291605830462885,-1.27116943330505,-0.814504546894068,-1.27578330519961,-0.880855382431732,-0.30436168234985,-1.49958547303216,-2.15766346928653,-1.34059500625207,0.728748700876469,-0.162487025733495,0.469911700968308,-0.973260775884055,-1.29022883631728,0.233530417957508,-0.376756134108268,-0.282725326961108,-0.481154352668567,0.990897494365356,1.53349128384395,-1.63050993499961,0.138602224623098,-0.39066547968215,1.2247128430151,1.39308832700831,1.42753339995742,-0.786182961360963,-0.162529253391438,1.38843585793703,1.88204271891349,-0.358526100448125,1.34225517704173,0.935595165938252,1.21418389960041,1.622929607271,2.3710189224681,-0.597102376566527,-0.178040361268523,-1.73996311012124,-1.32191689791357,0.164479883564142,-0.417153682852176,1.13900397994025,-0.157971527047995,0.0065099265427084,1.620557597445,-0.0961268016475477,-1.43805452188071,1.5874980052797,-1.26655434227435,-1.45332108139624,0.723119336985533,0.998335818926221,0.808304089009075,0.516653698121368,-0.135517705330698,0.835027004878633,-1.00141148279158,-0.683288148301705,-0.221432638577574,-0.337753398807167,-0.551814978958205,0.465539324521071,-1.28475752718826,-0.987373531445307,0.356087662939038,-1.14944704825076,-0.290593779965543,-0.0782138940377401,-0.975966336631685,-0.183682346585594,1.03281612315369,-1.43018302449402,-0.675491418055197,-1.45919599424564,0.429196269166407,1.74067099284469,0.192467714449545,-0.253706704123558,-0.818876253616023,0.0135691769951983,-0.225868814375825,0.832655910219392,0.734179982073506,-1.97465456771068,0.606426831614533,1.00480940047807,-0.574290737734841,-0.79933373164988,-0.585006829789371,1.72169318467875,-0.102820097742875,-0.372152441965855,0.173435177061862,0.325360726271814,0.585367911898704,0.015335678849267,-0.995040785060072,-0.452187351125054,0.630992122828899,0.298279752977784,1.04362981836445,-1.20647703304642,-0.297894140374212,-0.53599139990337,1.1692574066891,0.729466143657099,-0.415170744116744,0.663082108665639,-0.254630080974342,1.14635046415554,-1.06787344869651,0.117089497761828,1.15181906979097,0.295187329332547,0.539805675482584,-0.896936597033252,0.223034435288405,-0.423244653337757,0.619226787946884,-0.74732947824012,-0.392763511874941,1.00368975285962,1.74832407906651,0.022266937533393,0.267773015583964,0.779988796172962,0.0817759365579237,2.25516142934195
"101",0.936544813907029,-0.465361667326992,0.617436150243098,-1.78870385854958,-1.3576672381418,1.06596506691674,1.09585339864778,-1.07114864787753,-1.66783622850457,-0.201305785349641,-0.35016429628897,0.396945329583181,-1.23861513821098,-0.595739910348505,-0.546795600343555,-1.28559959493641,-0.124015905652208,0.739381355951623,0.0359798150175321,-0.105303757011051,-0.331330305853765,-0.214311252731849,-1.77415606346688,0.274825127340821,2.01425072950365,-1.35669659296411,0.0759409355661334,1.19932729843385,-1.25563454990952,-0.565759197466954,-0.750890437542838,-0.33018345702876,1.57372583079758,-0.02348315354252,1.40314420433397,-0.670373032670337,1.43603960845186,-0.578569945613053,0.757019136879027,2.56185482714628,0.0424451609035698,0.27410344914329,-0.777880885781672,0.379938545695476,0.39942618315227,1.61791960841418,1.76581767933721,-0.165365806122572,-1.24668597579672,1.49174494905128,-0.810382893095352,-0.44666096634622,-1.2613292410974,-0.481475728782766,2.11369584104121,-0.723419591370897,-0.0823430843972049,-1.18568109219421,-0.472856827418319,-1.52019442247962,-0.871582469834373,-0.230542442565461,-1.60057875166171,-1.95807220219303,-1.35841298043568,0.48486083231082,-0.550251382791042,1.04088442013228,-0.882342360389312,-1.00701131372405,-0.470367470570664,-0.220177592441659,-0.0663884455066591,-0.828479423225035,0.274997290307253,0.83559079741706,-1.49283225358487,0.233281915082089,-0.598361226942888,1.02821214135138,1.49988460362027,1.44630902821388,-0.551073898867988,-0.342511377011601,0.717882761339764,1.94014722792567,-0.230346471149728,1.51923135536561,0.662780917993059,1.46061717259703,1.66590507975807,2.23300660388118,-0.348806420669544,-0.725660039081554,-1.65190715676,-1.27409210912776,1.13303529933843,-0.44570491517712,1.2388694998925,0.021567635521458,0.175823966279597,1.63662043412269,0.139625316023721,-1.4483877546187,0.830355755977108,-1.66682010140398,-1.46819553438263,0.584456559415514,0.907475330378022,0.969105253614098,0.53499829697808,-0.0930527769931801,1.18498439993056,-0.975965842046309,-0.550022255721591,-0.281722424078856,-0.180354168946516,-0.477044260522517,1.01266488432372,-1.58922835304545,-0.942569820994436,-0.249895116893566,-1.11458223658584,-0.360092517981597,0.100551151301979,-0.888111224417318,0.112678226758143,1.03063330014034,-1.32921412988981,-0.676741344240385,-1.59011854752113,0.501162505630378,1.68910731003682,0.194448640018928,-0.359411536986792,-0.675161801183957,-0.726364904776881,-0.102156662696086,1.04828218525794,-0.106712822711027,-1.69887522595724,0.701683717231406,1.1273871132133,-0.567258794046352,-0.856274872838747,-0.848950583829781,1.674679077414,-0.0162001307886878,-0.573806108766618,0.279407746735788,0.737635028700567,0.35319064659219,-0.415105573256214,-0.773875746712124,-0.265083244407423,0.474391851323933,-0.275875799169572,0.946477474380353,-1.14347239247333,-0.341374810358746,0.0387886170822435,0.958921027423315,0.80944304503884,-0.569991662258029,0.529047366390666,-0.0617557493754005,1.05219193961808,-1.24893906826849,-0.0271229242682284,1.26803934198725,0.0703479273698031,0.714016582640048,-0.950373599188348,0.27175946082688,-0.463947151071453,0.391086337318673,-1.03534596252925,-0.519196116758433,1.06407464748943,1.84668685618012,-0.152719860039095,0.562443894929296,1.3863215737231,0.363011172227573,2.20650076139622
"102",0.796308481027463,-0.416550640830298,0.637160204355671,-1.65639213965087,-1.28988427611368,1.06748412388978,1.00955750425276,-1.19461787538836,-1.78099091854942,-0.141837069005857,-0.206560301169245,0.376814930335895,-1.25885978668261,-0.867533811849576,-0.624234180879801,-1.25244343430111,-0.170945073306758,0.613494068708004,0.0179848891545159,-0.0911492027146559,-0.459613392092995,-0.318698759501314,-1.51799399719939,0.0778338860197501,2.16992224460537,-1.47056742138478,0.639257919033089,1.82903971198372,-1.21100274704488,-0.610068986604761,-0.781375478636856,-0.406913423201257,1.65017367366037,-0.177674175070866,1.24739353662086,-0.748911979373808,1.37000817898224,-0.283612154332155,0.729110364913112,2.51689683182809,-0.181533917870877,0.47284358425571,-0.799693266715318,0.211868699176694,0.287820743951809,1.76525057968129,1.84987693106932,-0.10319037602127,-1.15280375329867,1.11481555639621,-0.865320272683361,-0.584692437082508,-1.49535259064575,-0.629005938246084,2.149383489933,-0.724404116288154,-0.202412675185492,-1.18058581085853,-0.5171284451724,-1.21658758219414,-0.452082728228248,-0.24147308962719,-1.63234595759063,-1.97330085665521,-1.62916727506052,0.618873906828897,-0.556775970096973,0.515177272793888,-0.73524001645266,-1.13336728311877,-0.505597804855722,-0.268371345095708,-0.087460235030857,-0.875513288299767,0.256818292874036,0.844540336067758,-1.63405923271072,0.164419130296278,-0.426315426063336,1.18625971512188,1.36352409595335,1.75146141209442,-0.661358247831909,-0.244262918496556,0.673057795291151,1.90983852247815,-0.279078450895248,1.33513956486712,0.789656385486383,1.18087746953634,1.72819339370568,2.3671263067838,-0.6465334216928,-0.814801085382514,-1.69560388400741,-1.0391842980371,1.09787699302904,-0.442860094687093,1.12227766567352,0.107182820917239,0.306231281861041,1.71398093061379,0.142981396819234,-0.863282401020481,0.863834374782648,-1.79590744668869,-1.59752360061859,0.758199116155312,1.20373893815253,0.902369371582141,0.586841555650593,-0.0513076892128298,1.00756084875667,-0.758772028558601,-0.470697521604872,-0.253597081799602,-0.184862479768125,-0.491902258727521,0.448394626268031,-1.20757675536502,-0.866800274710739,0.535588803850429,-1.32497507865049,-0.265501752593609,0.0424968586217861,-1.07980316558487,-0.294582583620083,0.990227346199593,-1.46764691101884,-0.69449740396509,-1.60746899766289,0.518770318622706,1.51805002189293,0.135419518129807,-0.176355728585813,-0.627198255558709,-0.0659238073283911,-0.0749598297156282,1.07676229619569,0.537403999028723,-1.67655554581674,0.636182657425206,0.985026608952302,-0.75901301812719,-0.883323167031358,-0.73930586640097,1.52481055002957,-0.00361636750103789,-0.458388596656299,0.470838111488571,0.515431221601833,0.504584653865118,-0.152725551760303,-0.979442948088035,-0.248930124943254,0.229502194125815,-0.457172910379598,0.843818053380298,-0.986024707588896,-0.303684755414601,-0.362884436773866,0.971637281430308,0.875739441451993,-0.216907957423315,0.491090075010287,-0.129214482105683,1.00325514291332,-1.63208062117293,-0.0131694706040047,1.27681194711179,0.214451498737811,0.706615297843715,-1.0586472923793,0.153001126183883,-0.272273593404971,0.293202574641142,-0.99193231969557,-0.218007502795516,1.05319241537855,1.97656583155485,-0.328279824434224,0.463044328384703,1.22710774837271,0.0863435503525011,2.25491430286835
"103",0.913725174789019,-0.222796638168151,0.320150591233695,-1.74605885262553,-1.36289409517052,1.04364653562586,1.16139689895997,-1.32904640409054,-1.50509436757004,0.314641580216157,-0.0145667281745251,0.37534177515654,-1.17640618589661,-0.757539381399172,-0.740281417578327,-1.12853409960739,-0.119406653207698,1.16532199369714,0.218171197370233,-0.123527259089547,-0.606522396254483,-0.266168831183061,-1.66867392337399,0.162677189111108,2.05945628209016,-1.34665766815499,0.15171127077587,1.24697860874366,-1.16348032800601,-0.406122239541456,-0.81746874084504,-0.393806060630671,1.61695396856373,-0.0346569924651058,1.20290403721538,-0.798408488060486,1.50020744896184,-0.15961330530652,0.722714136284289,2.50671333081228,-0.235229947240673,0.111569042716821,-0.640361484425195,0.548777077510576,0.506543444728112,1.87312965869374,1.85957042940253,0.0283309592973705,-1.54653264603925,1.51155737749716,-1.24649164804311,-0.840900024527043,-1.38353445349838,-0.465829747806342,2.21889492753631,-0.775253768358507,0.0532178349756513,-1.08647117380808,-0.790927220764998,-1.75998754445638,-0.54116621869407,-0.26944550018727,-1.3577537949995,-1.7588623210668,-1.50695123445765,0.588815754539724,-0.360137857585791,0.456075264557194,-0.526804913221739,-1.11617388804758,-0.904080470496256,-0.0294845670418832,-0.00961334874026578,-0.641563633698662,-0.16850733884663,0.412529470524453,-1.40104066681917,0.191624162610956,-0.631190537870908,1.05148658862665,1.58986209833205,1.44084682039806,-0.536538848183028,-0.380025140800957,0.901073451010279,1.98503388147558,-0.164336411407637,1.29842939913348,0.738925055814964,0.971142015149263,1.83921769490715,2.293455684323,-0.718188366368795,-0.630157346990523,-1.62505206171111,-1.07473897079331,1.31850954218356,-0.447786072586608,1.02975602752904,0.103640889735304,0.296675670585118,1.66891183347727,0.16303512507173,-1.29722992546737,1.0184033558424,-1.63650342416927,-1.70621908740868,0.65981004304967,1.09221502924972,0.892846458188274,0.697977340442587,0.0334999515682497,1.08860568692039,-0.634247411584712,-0.322326073229319,-0.242676422945337,-0.233328057808829,-0.338184935400999,0.668514827519182,-1.28390226859472,-1.02688680372431,0.699765655397001,-1.03859473891166,-0.507505760988395,-0.0053752483644052,-1.03623365354701,-0.133606169765824,0.916269346015321,-1.30582438632588,-0.694047135046567,-1.617181672153,0.653182094887411,1.67075539242309,0.126234068471018,-0.425509276065546,-0.52398589296826,-0.518318692531462,0.0128504346905495,1.09915667088072,-0.538528400225324,-1.5556869627185,0.648197505311726,1.07087748126325,-0.693717827174318,-0.92314004688759,-0.417722368675686,1.65565495865195,0.157079253126733,-0.582461228518888,0.415293351746396,0.355056366473878,0.236097172270341,-0.538795243038621,-0.813697677603615,-0.11879283527718,-0.140700342947262,-0.659629930961888,0.749570209808181,-1.03353229939077,-0.400889853640344,-0.0866335370083461,0.700892153976097,0.769022581223168,-0.273905399952437,0.430947190487661,0.0328052956653689,0.931333223143793,-1.6329316066231,0.478482692927911,1.36629177028338,0.195409778924694,0.692770365325086,-1.06451418394737,0.174001341795515,-0.20972903855017,0.389400993215818,-0.971745679959496,-0.279175669978525,1.1180642849008,1.98076983327302,-0.577044038495252,0.508294302512153,1.24710061366923,-0.108141824185601,2.24080498127403
"104",0.88188712017455,-0.594331108617325,0.86491196773914,-1.86278379069413,-1.31107023548415,1.04461777806628,0.981735382032492,-1.29066829817801,-1.83198392155445,-0.256513860728725,-0.3665343361555,0.37433373710321,-1.33355369072959,-0.61011676750833,-0.598563171618859,-1.07101912259842,-0.0354220394817182,1.01424413204371,0.00812838081572681,0.0114510545464346,-0.403910102188667,-0.288397044747542,-1.75986824100389,0.079251655300609,2.30200348556298,-1.58153205154786,0.331968340009118,1.46600015686771,-1.47329065086961,-0.785762147759219,-0.788350195016022,-0.458537534263428,1.57801524700494,-0.0711388871497562,1.35088070791736,-0.951279478905143,1.33846801215047,0.232683369647398,0.751364722250866,2.47790906958046,0.165538992586005,0.203217141823574,-1.09989142816454,0.27808809053588,0.320548484206258,1.66862368793358,1.79265506840785,-0.24667011520332,-0.708536797355807,1.55854427883029,-0.841464795809454,-0.285892315585676,-1.49031990906548,-0.621199075512652,2.03413604430283,-0.574498549835577,-0.131495856557407,-1.15715411802349,-0.999624217707006,-1.28978538233124,-0.770713010082223,-0.16950524621832,-1.49156529864103,-1.94195695413498,-1.43348531994947,0.767311324183531,-0.180896729341365,0.479564820259642,-1.10778603031055,-1.15624124597686,0.0188263953664013,-0.398118029509151,-0.198663634015033,-0.415893745458619,0.75796876283694,1.34216824198738,-1.74688514502071,0.113589838627924,-0.49812852587248,1.1720612099958,1.37919614251227,1.3682288082958,-0.70651557789746,-0.235311503133198,0.91481335346594,2.00994924381591,-0.310542624344437,1.29898475888679,0.967246782057661,1.13752000156647,1.56680806203827,2.33270868052884,-0.617711240085684,-0.599647212635339,-1.67210125970896,-0.907210318063271,-0.0601179452813964,-0.410428722839941,1.2180553765991,0.0394737081275942,0.15559240368036,1.75815942650308,-0.125559107566649,-1.19678748260483,1.66373507962992,-1.59910522202888,-1.16748234066881,0.76262966383875,0.779154361226352,0.772537347919119,0.575264103060543,-0.114989274102159,1.10437160219209,-0.671052403546541,-0.622950362463847,-0.134455690106673,-0.260926297129589,-0.446923358501606,0.489045450775752,-1.43510608273312,-0.845416339355044,-0.0653911682903059,-1.13019648749869,-0.290731567126068,0.233445962484568,-0.711978920014226,0.154250988041738,0.966020377165215,-1.47897817252125,-0.696732824483869,-1.60233448911045,0.407311875881376,1.52389175841117,0.211024079469451,-0.41655579721493,-0.804907725114907,-0.325485170961688,-0.093711632191131,0.843922268634,0.20535111013576,-1.7139526187138,0.654780433304986,1.10401132807525,-0.642427656919243,-0.889317837728786,-0.53212933132398,1.848475977718,-0.0803312864755018,-0.268369559328957,0.194332097166755,0.582934996992714,0.554925880574049,-0.606677348747249,-0.893325144496328,-0.456182507682594,0.277065409079811,0.0674448269866016,1.03478841844313,-1.18065579590027,-0.343054483128246,-0.511775785676598,1.0516623653636,0.715723256694412,-0.298202861370495,0.594827399243103,-0.236863670956379,1.12413978094933,-1.06244438215968,0.165382193216456,1.19317082056539,0.201563095298957,0.262896773086387,-0.862998972678306,0.159309712560192,-0.392277072187316,0.353391098149919,-0.778830961994469,-0.576102098006628,1.06322910785108,1.85585720984641,-0.219250148862464,0.172747109525567,0.665658165930998,-0.0149836841776135,2.4987887460584
"105",1.05505753825701,-0.320507461203381,0.525014340548182,-1.31583267968624,-0.876385144625721,1.01240877644623,1.13535147999385,-1.42349703901915,-1.79782029685388,-0.369148257832368,-0.186394942042493,0.31875887030177,-1.23688182291405,-0.809854938891366,-0.580898232324033,-1.37905639225725,-0.662094332434926,0.957062236889009,0.0756477569506249,-0.0909018633518479,-0.348632582724669,-0.33865106608088,-1.83468272494444,0.158113157659075,1.89570813046636,-1.37298660512701,0.296811288396248,1.58699306722978,-1.31329217400561,-0.340293495554728,-0.79881905492093,-0.457241761431762,1.55619639383189,-0.568138338051722,1.34065760592034,-0.772774187367321,1.23488189778308,-0.314630082117522,0.526071861413879,2.52325936632168,0.116316712370538,-0.0386476478560113,-0.532950317252596,0.493603915664796,0.213816673298708,1.80753550019137,1.90234369648154,0.0213796814324227,-0.699028381689066,1.36741225103396,-0.823534665356194,-0.363899215694383,-1.34859268916325,-0.563691694335662,2.11583378344338,-0.759237231022814,-0.0943148952911456,-0.963947751538359,-0.69872745851453,-1.35732260889383,-1.09022363848087,0.00523026113982346,-1.57697798551777,-2.15403009497595,-1.83426103937538,0.636155795595419,-0.409674670668489,0.890515612727076,-0.801791542452013,-1.10638710520313,-0.270381284604541,-0.510144517268849,-0.434927626019198,-0.854023976757159,0.497530020618111,1.08110975700314,-1.63929396687513,0.389290042851027,-0.675098144143386,1.03734870062496,1.44461063361474,0.9694208388311,-0.547555981411483,-0.419433298989467,1.0964613497407,1.59807265966221,-0.385499998433377,1.21521409027359,0.825376337894082,1.32112294628568,1.50297868856063,2.2406140334462,-0.951229356683637,-0.455653788801625,-1.52907387687509,-0.9078895304536,0.702832463790761,-0.683481222636605,1.06212982062975,-0.0319027629907432,0.180510068339976,1.78540679819486,-0.053589671005971,-1.42041001935038,1.25782548017189,-1.75986102626669,-1.6815582723877,0.749620604389657,0.728389140952991,0.731125174565865,0.468073134180495,-0.126182987116101,1.0332045029871,-0.819864104612909,-0.628460120351757,-0.29770155954444,-0.304465905954313,-0.490628564953322,0.90036636797953,-1.55210934131638,-0.479841181719657,0.722360046171061,-1.08795930837006,-0.236700742060567,0.111997527459223,-0.748324941305227,-0.455510700631508,0.915314759959168,-1.39981258918371,-0.414688143061212,-1.50761592792596,0.382813240979841,1.63565993676276,0.0701322846345824,-0.479310457876513,-0.499793125424648,-0.0637013102476584,-0.0686891456617436,0.93902301521662,-0.159888936946911,-1.72055652167814,0.631230784978941,0.802827255018568,-0.623624602744085,-1.16581933713146,-0.634328463567151,1.93634759106737,0.220272266930461,-0.843687256614572,0.568201629923265,0.320992225404542,0.532939986640443,0.168412780709945,-0.954827541778061,-0.221749194582296,0.624640754536317,-0.167363440703191,0.818577672728034,-0.930234526475513,-0.461305210757978,-0.0139953931251499,0.897127153056712,0.769784235694428,-0.398276824814409,0.539578875400498,0.141832227756768,1.35449558915454,-1.43005782320436,0.17447612886863,1.17670748429678,0.260921506968451,0.581478531401437,-0.889002386641165,0.0573538431131636,-0.24736939006489,0.38476933465943,-0.651292268164596,-0.585397094260643,1.04199705903041,2.08582898062134,0.00278231178748591,0.227223619895603,1.17719793400907,0.158698860000326,2.67703205935828
"106",1.016573616977,-0.127800160476188,0.526102503454349,-1.3487903167994,-1.33405646112073,1.13956654572729,1.14043887099419,-1.30679373549731,-1.47436948277519,-0.0983278434252332,-0.37990891939718,0.478754612336689,-1.13313695615806,-0.637639314061816,-0.692619060827872,-1.29005340905786,-0.243674540165566,1.01598603742035,0.225088494646278,-0.184043631342667,-0.375605928823087,-0.361362289190196,-1.82664716472514,0.0544239920007593,2.1433904974012,-1.5360737269637,0.141317472569064,1.22915461954593,-1.23142789229401,-0.336194673874328,-0.877655902186001,-0.454202828343418,1.66508021637501,-0.311968036749152,1.3384444904801,-0.960271710954075,1.21608833008287,0.179683868242446,0.675306845859559,2.56104685602932,-0.132784577025299,-0.0290397326800747,-0.681874610351755,0.554121752558389,0.327037255359562,2.05075850515342,1.88819382428153,0.157893756184295,-0.976647318148146,1.46551843345501,-0.36376443673631,-0.456275174710987,-1.35933584209678,-0.384977915874063,2.21941318349699,-0.561077454250855,-0.165559047494023,-1.06463108400997,-0.424382132261483,-1.37803700561407,-1.02630489747916,-0.0809374893533162,-1.40333078962754,-2.2468713933865,-1.32383850802742,0.696758370605477,-0.792306108599634,0.541882901043048,-0.953062114116502,-1.13460910924642,-0.515506146786046,-0.290447260045592,-0.0436012875285261,-0.616703897236167,0.330296397245381,0.890135159398716,-1.66583765182112,0.203373913918762,-0.697941498221619,0.972646862919287,1.43536589181292,1.26939658102852,-0.515396516982194,-0.523432154604936,0.672628588064949,1.79597501966444,-0.157293598254459,1.30767629091106,0.899254784284153,1.06518835181457,1.74606846357175,2.27966651056131,-0.864412735744572,-0.851697217252026,-1.51518596345115,-1.24492960316044,1.07549218757537,-0.38256761244706,1.26726412535756,0.0783152553610598,0.310045294653392,1.64485467589427,0.0808797332056053,-1.43633038578019,1.28793869272399,-1.61938491622554,-1.82399955510738,0.683278245225519,0.885495665931686,0.772987411735989,0.632834616269562,-0.0370559007860167,0.867853173550315,-0.737415260717258,-0.671603759101744,-0.4318215125771,-0.293196324328318,-0.47069595544634,0.958386199865226,-1.50250989629499,-0.676176882866804,0.188059248296577,-0.853968406207666,-0.268265629076551,0.104450838566904,-1.06410639209724,-0.420167603999979,0.863500635452745,-1.27303852434,-0.545266031106224,-1.5599193338851,0.456486540890969,1.69665197872174,0.127034024680944,-0.582101147464486,-0.391669740483995,-0.257616522399213,0.0421137287269778,0.971630171125693,-0.516774210550854,-1.71398540127177,0.577127685883199,1.01455207881225,-0.641038939935074,-1.11958700956935,-0.690284102181295,1.79854876713005,0.15119400660118,-0.357158832427548,0.519833451153659,0.600623610168934,0.386964789599261,0.0765302373147285,-0.847201136034217,-0.125277123637992,0.315812620194025,-0.127827291679935,0.511628677948053,-0.955827864580216,-0.538949204241732,-0.688594565052158,1.06467207771365,0.829207961247425,-0.511898640466228,0.415508335808878,0.181184781080705,0.883348953150995,-1.52796813842956,0.449552909131992,1.31997159136765,0.201763063818305,0.475840158065957,-0.836877307262345,0.241407114968088,-0.0528435889941574,0.226109004564686,-1.27794144566123,-0.558667065213291,1.02879784013895,2.11774905553253,-0.163348975344337,0.348467096974386,1.10004627299631,-0.0682058684973594,2.2360970085033
"107",0.921658102844205,-0.409092542332834,0.795362558252296,-1.74323654857377,-1.45038986708161,1.05146833845045,1.24497599043239,-1.46171229270472,-1.9082893237791,-0.0679292689031061,-0.527657523558656,0.403116078230794,-1.28864003619086,-0.368484642739249,-0.64711631217973,-1.27175274873398,0.122345429770784,1.11967242121536,0.0808921690235443,0.00293701247630938,-0.492493388527744,-0.305810386755211,-1.89133028902014,0.0738297001857254,2.28708752360194,-1.36614972728672,-0.184179330424594,1.0216997729986,-1.38803106661139,-0.76061859036668,-0.897926031894656,-0.395639493895703,1.61485124086005,-0.12070072152043,1.4087255028992,-0.951716155097719,1.30789122809846,-0.171690600696211,0.951109640676045,2.49084534824384,-0.0779954438505999,0.404872224632034,-0.901794590723198,0.0633739169599914,0.461463335205258,1.64866201777464,1.77228260321425,-0.0865095804687825,-0.53321668262425,1.52894707790169,-0.676533220984083,-0.244806423874618,-1.43568665050643,-0.541294771430629,2.06138549315635,-0.712455121360477,-0.050685410184105,-1.29379861435371,-0.948173204805423,-1.00755629707019,-0.594390039115211,-0.281103996681218,-1.30549890729011,-1.92831284860344,-1.18521760360833,0.770997427537868,-0.681028197055579,0.693508238011879,-1.13045398436971,-1.11659765304168,-0.170849896536607,-0.330487191841044,-0.196385866251925,-0.436308016036241,0.608983821839035,1.12879483418624,-1.59195138792253,0.29193506198538,-0.220895290308567,1.40801300728863,1.42030445418634,1.58590312331183,-0.695831369650664,-0.0454300158739303,0.465827606445464,1.885006794901,-0.219706983440393,1.32044121903532,0.920535109013322,1.03874345508844,1.58583652224167,2.20954431982875,-0.370138421998725,-1.0951879555338,-1.73846804664913,-1.08539421370462,0.606805477811137,-0.491641958596251,1.30479131242172,0.032499896916137,0.193475762691117,1.68187517919091,0.0198217312888883,-1.38563264692096,1.25642677488294,-1.47419813616083,-1.60350511894786,0.867823350551255,1.32926600443827,0.8034186363105,0.654694685928844,0.00270187034566561,1.10890312843101,-1.1867396464519,-0.591949104711456,-0.42899125003529,-0.255633518056873,-0.373860124635925,0.184717673175947,-1.07700386756643,-0.716497924752919,0.00414560908742197,-1.24431935797645,-0.43985344102118,0.1266736445046,-0.750169387636323,-0.191676568918443,0.855009738636805,-1.39602500503981,-0.584535724154905,-1.82279315930193,0.427095651210159,1.37058384699089,0.232134198812504,-0.310903876101013,-0.662936591656913,0.125404504300982,-0.0617845274642499,0.984870809432713,0.278483661083471,-1.58935681656025,0.620392394168975,0.779311100905008,-0.782333052930798,-0.911590563660328,-0.549553910540436,1.78438616509173,0.078877168652601,-0.0913097121560825,0.469537698364052,0.619530513223081,0.747827073206726,-0.0978971792890543,-0.832223800567683,-0.573219553041256,0.192219203951905,-0.254897618511725,0.674351085852212,-0.975950408866898,-0.337281732747989,-1.49005129516768,1.10235432070683,0.869960996268334,-0.247742752644476,0.504824626948711,-0.311770254446867,1.00165313586396,-1.18497315890083,0.430354092986388,1.22051390930565,0.118104338992545,0.372232164994653,-0.849920976755111,0.0907208931496107,-0.251829048033638,0.435172059610265,-1.21532834616788,-0.123893280613906,1.0028775289257,1.97004828457342,-0.353558019807298,0.28895902491779,0.922019566921801,-0.0583257635498652,2.21270874966159
"108",0.700148536557678,-0.618156819424229,0.846111067059477,-1.75477077521683,-1.39383941247838,0.944482738621132,1.10051707332158,-1.40786765439655,-1.99745448712,-0.208500975529649,-0.297222186438952,0.258772687288365,-1.29773480719596,-0.602757364250931,-0.769794244238422,-1.29204053421018,0.0880374303938597,0.900653621365805,-0.038689413050111,-0.157402613695469,-0.543113864487241,-0.34295430925169,-1.78993738221771,0.0279647110878546,2.29445030123987,-1.22010796974737,0.0932747173464617,1.22848258732305,-1.40842712230815,-0.604082173356563,-0.880987224154233,-0.503975737407434,1.51778052665718,-0.147467313978464,1.32647982428469,-0.832509136280577,1.29630925353345,-0.205123754703883,0.950992939451291,2.46057040589976,-0.0395616872381321,0.293940072522193,-1.04592847361022,0.259195979371539,0.340902256518083,1.62853469246198,1.73267534765864,-0.222521308277002,-0.472946109113624,1.45085733752128,-0.758045609050331,-0.053024086344314,-1.59672301467011,-0.315498590934162,1.99562132601515,-0.717268768817564,-0.249925941698822,-0.438647932478034,-0.929353395320048,-1.27550246296147,-0.861566175989276,-0.229131907726859,-1.51380751725963,-2.00352670014975,-1.34353099922824,0.826937108876886,0.149224825604515,0.510427592420839,-1.02694308933507,-1.2489914733609,0.109256838914909,-0.324857146111472,-0.347965462702369,-0.550015107519063,0.902233384798984,1.41076138798905,-1.78498417782798,0.215241915336508,-0.40501700872511,1.26752924011146,1.33914637379844,1.4298178474605,-0.72673364427696,-0.168070299364045,1.13168817088025,1.90650511895471,-0.342749830455373,1.27687960917878,1.00184014992549,1.26384734059102,1.64400003265273,2.3605570599274,-0.602251162771597,-0.382104390549207,-1.71003281417424,-1.21407183398697,0.0177169796465738,-0.415001537964264,1.13919740248797,-0.0522771444007785,0.0777960258002809,1.68977876644235,-0.197690091536002,-1.24970530272524,1.75328961357526,-1.46572485906435,-1.492980483691,0.784719885230125,1.1345020310431,0.701082248177403,0.562328216091698,-0.103266448943787,0.973881566772628,-0.964511554954123,-0.663622206972972,-0.323218097477058,-0.318673357048382,-0.564564241208606,0.459545911660432,-1.42134254408424,-0.780898237598813,-0.0105880539445198,-1.157505064025,-0.364731065734711,-0.0408851161720048,-0.803400014151068,-0.131142658131713,1.021462429609,-1.40880916239722,-0.655142168894065,-1.5677097786214,0.402323065429165,1.6736570855948,0.141506908814011,-0.185536663683044,-0.756038901301732,0.00805294174003426,-0.156413328586307,0.729464211935087,0.494858016484469,-1.83005580104826,0.614191968740896,0.950074466547951,-0.62421062687972,-1.05062608736426,-0.467333382827886,1.71128244870549,-0.0539413925536518,-0.265591036591911,0.320139957518604,0.427376663022526,0.643928152854122,-0.230598040083545,-1.01465254885456,-0.409899864634765,0.527762235066041,0.2255275146411,0.900717463520481,-1.20743687334987,-0.346387735742848,-0.576817816435046,1.15012556277985,0.698890325616363,-0.353698741483287,0.625456627210317,-0.134966640770633,1.15427004067337,-1.15143408841428,0.0346149600972786,1.17281641084894,0.290830168481668,0.315646318206799,-0.947505213020819,0.204883762276926,-0.39799802082864,0.468104396888239,-0.868236377614363,-0.264095799464593,0.971175388069279,1.87289283502437,-0.129577357399156,0.0538889699903911,0.76777639204213,0.134142274600845,2.30832888496022
"109",0.909913158227543,-0.397729051915873,0.668110605567921,-1.62899742541221,-1.30950518599491,1.04016184121108,1.12692584273784,-1.41081146808438,-0.85085835529115,-0.179337298103594,-0.352011436645589,0.350353221200465,-1.33024242598811,-0.41338479185217,-0.69181227414735,-1.34903208026281,0.0789222421359247,1.30654399893553,-0.176498504980413,-0.11115411196877,-0.483049179484002,-0.279203204950559,-1.83631523862228,0.125377205961973,2.27227324125958,-1.4213703904172,0.248852923690262,1.33356519578133,-1.37563493010858,-0.862359108475731,-0.832344905310212,-0.388604084766909,1.57699426138333,0.116728030091919,1.32027284607178,-0.840019206356852,1.15783953805733,-0.026428260481437,0.803927992314097,2.50193081921527,0.0103782006516388,0.420210495296478,-0.891624060729436,0.0236933197423285,0.403004825213169,1.85780259668903,1.94896783709942,-0.120985044360376,-0.663549300989873,1.49693502628638,-0.764353080300222,-0.317628831719351,-1.48646975149886,-0.813926587503688,2.09473835676671,-0.825209436431729,-0.0270099738974715,-1.41901534367682,-0.925414898007559,-1.23651383172787,-0.676961977328547,-0.30115425576482,-1.46020814213866,-1.93490108899732,-1.31187022527485,0.792261985893812,-0.706964526188993,0.746964834254422,-1.25667182008795,-1.14089825364393,-0.35453152456919,-0.335853433660789,-0.282339014387749,-0.428984592600656,0.437984298023052,0.974943184779307,-1.62943944761383,0.258718473360553,-0.456100161393944,1.12470411151337,1.41681626843842,1.58220185645577,-0.751157087042116,-0.284006196920795,0.455014377612932,1.85683072480631,-0.291648118582731,1.24530190604197,1.01763758404115,1.19220177611964,1.66132842676819,2.12158214638107,-0.675954650576278,-1.10165713009897,-0.375120881159048,-0.930760461177947,0.805819330306503,-0.423334736316331,1.25915982435324,-0.0212323738697144,-0.0379656635153402,1.75131956140895,-0.028688026745983,-1.51665185309325,1.11840774909627,-1.74263434550608,-1.32090730561333,0.680429220358688,0.632788273666514,0.749724750448905,0.572821153620184,-0.0855598899475672,1.42687560729817,-1.31438933390968,-0.60847295134297,-0.273921088678598,-0.179572230034423,-0.504302280250016,0.460054378245038,-1.47602190015133,-0.770066154929783,0.845595158659872,-1.22654902636928,-0.519443495066368,0.104071631063666,-0.475167307195209,0.0909183887475002,0.85333812507039,-1.30387076247571,-0.569559148316892,-1.58946375697946,0.534029677387744,1.44386182291033,0.123320930007369,-0.358185830564686,-0.642365121851225,-0.282848849788542,-0.0559699149724571,0.967389160694701,-0.0979815887805286,-1.70656391107093,0.546260814471991,1.13781352617336,-0.639483957274251,-1.0794684508323,-0.367667524678124,1.9424618321195,0.16586916834889,-0.167138183330579,0.550064978841345,0.582884186978261,0.480193503287418,-0.905170561188455,-1.04761902912688,0.103583280324829,0.272285040946591,-0.349230694491667,0.785935806068612,-1.11598794640703,-0.409664340452506,-0.690827156373449,0.98680672224417,0.778789007499638,-0.364732250352267,0.516412700536328,-0.449253517053238,1.09728176188029,-1.31359589010886,0.644389850984208,1.19438531739354,0.147069582600833,0.152541422824836,-0.845514075314686,0.27702378281848,-0.288436233401781,0.382077543616822,-0.981993919371171,-0.79830077816797,0.96973055769522,1.99920593835526,-0.216914102124873,0.145721584928198,1.0628765936362,0.0967358148436661,2.37103286821841
"110",0.836687671246967,-0.622100751805561,0.84859888332786,-1.65918984433056,-1.33417692280493,0.852907884416912,1.25670501734982,-1.12858853599055,-1.87423606210739,-0.359759171287012,-0.304342374547202,0.184575475825293,-1.47494580804263,-0.650040136784835,-0.805828169441743,-1.17485342078693,0.267262344501813,0.896621838999907,-0.110142229645628,0.0131597899694937,-0.383586396231929,-0.289713182914772,-1.69607463418066,0.0201697632483021,2.2696511480499,-0.724996634947325,0.398131738815969,1.43229470331386,-1.53073834660416,-0.563540771435945,-0.7999015894657,-0.441261727542805,1.46034218241967,-0.318258087852394,1.33442876767821,-0.906823721242773,1.42885611863712,-0.292831371741174,0.683307947894615,2.46614370822421,-0.173662658792235,0.20193855327672,-1.07870109160993,0.308835208619739,0.749733080950309,1.56732145021455,1.62539544712683,-0.317369023992491,-1.06512035224485,1.45828315902741,-0.93001651921556,-0.43930465053429,-1.56488734120675,-0.378388671133509,1.93305378180076,-0.731795913885803,-0.203906128291992,-1.03491444496568,-0.893372979892495,-1.16864198883523,-0.254084386563782,-0.135383977952306,-1.30479399683381,-2.00698179696363,-1.22198408457726,0.771988452195107,-0.158277886218327,0.56897108794585,-1.1864486987504,-1.2693502550995,0.25089318242111,-0.417963764143657,-0.310819658574798,-0.59619755967085,0.976000955474767,1.56501540010568,-1.61460627297369,0.223290494450566,-0.377664903291667,1.28368177252727,1.42509627741348,1.39442270376131,-0.722867824608233,-0.18583286338336,0.492111307858177,1.77777884372622,-0.317699312485823,1.22546617684528,0.965057702778514,1.20956438999834,1.54915953248164,2.25563220898323,-0.541525073876149,-0.976551959093224,-1.68214041800848,-1.13706267512246,0.699858900469636,-0.521476586880461,0.950118372118709,-0.0629768414457069,0.0613080609464675,1.83448762319341,-0.132537198504394,-1.01695501393662,1.57553471017151,-1.775964790016,-1.01517138064492,0.841991642774814,1.05174377618741,0.840950155821355,0.400204440594465,-0.419158102044583,1.10184058237694,-0.980963667608963,-0.471698600401644,-0.173685439892558,-0.30293057856699,-0.580586009605308,0.603971466864981,-1.65351500870678,-1.04441918463928,0.744812051558294,-1.16227835209138,-0.329606784467753,0.0400063085981821,-0.798506387967265,0.280723777600986,0.997044975162674,-1.70015732806376,-0.874018206354162,-1.42535253233113,0.380941859738923,1.45793736777839,0.183082222458464,-0.546614390169999,-0.855231523148073,-0.308271448634393,-0.267269110752251,0.849683474832452,0.512822684679389,-1.77735532314995,0.792209720287386,0.916585088923672,-0.755917696593668,-0.927327471015408,-0.799605116360991,1.8182187223348,-0.106422275730266,-0.488386713126294,0.20827431593401,0.454411675938579,0.453922088794751,-0.432712555384386,-0.97916866123383,-0.456509976168118,0.623647730039771,0.449837951522133,1.08331812910885,-1.13988679989745,-0.384086044830979,-0.712736030484879,1.27483515290772,0.701438280989089,-0.185291048638759,0.528742852944637,0.0515558541096946,1.0972872898236,-1.16177131277581,0.208050759028593,1.06602173511221,0.155868776379474,0.343933676141876,-0.976523165825237,0.135563266392474,-0.357159348711781,0.448275041361339,-0.583627896745639,-0.491632109857844,0.957315466973384,1.74500099808342,0.246318022068964,0.179809579767149,0.803191169289568,0.0744241102132643,2.32405497563178
"111",0.949756865243376,-0.269613165613285,0.557943526054874,-1.54600833739062,-1.32050071622212,0.998992637856971,0.977185060303412,-1.23113155350825,-1.50567890690689,-0.237960176840599,-0.115032391730248,0.305798708604932,-1.22722442268694,-0.481206928614573,-0.885456060343778,-1.02403331695338,0.11253966610685,1.00460841137388,-0.0166897631235184,-0.123640090423962,-0.422823153712128,-0.314970445658448,-1.75229346983419,0.18321059104167,2.09556293536269,-1.39974449648838,0.385038348335283,1.36344904465573,-1.23328835019947,-0.776156982700292,-0.998192824693167,-0.448707103666828,1.6128657089371,-0.123429567826117,1.18783792308394,-0.967633504686773,1.18295509577035,0.146499116219641,0.618892975702953,2.5007550684428,-0.13294585316181,0.238808070471202,-0.686093395419339,0.169851198798711,0.523455820595321,2.03838263128441,1.91823488616304,0.0475653414308758,-1.26363692930594,1.27761672587718,-0.773795227316702,-0.664903318021047,-1.47917067797073,-0.821322209842933,2.1173689246823,-0.584541766322995,-0.173475657223629,-1.29938820592309,-1.04775333352342,-1.91064267267366,-0.827248228158095,-0.162246042518496,-1.35529777597434,-2.03914932360766,-1.32746974219639,0.786994648637049,-0.486198657293851,0.603309271661774,-0.718122526965748,-1.20119215629956,-0.367170719161867,-0.308260413612682,-0.154211510786595,-0.749803896050406,0.460769631479716,0.968049976001962,-1.74194952161024,0.343296904643264,-0.46409670589959,1.12284328912111,1.36685635143136,1.30436197469846,-0.644076723261203,-0.326963209984584,0.743642331533576,1.71748418971377,-0.357975277005769,1.20387105908794,1.02104858220104,1.30290946455142,1.58294132943267,1.8886741758116,-0.15400054180638,-0.735992568263887,-1.60315154122545,-1.32150667464459,1.23875141532166,-0.63972431355163,1.05838911131833,0.232253020573157,0.436280601430178,1.77249357289316,0.051495949023979,-1.22338024651689,1.30043446473312,-1.37558099719656,-1.50715364138953,0.625354771534241,1.07834650620699,0.773777826270977,0.634577941417376,-0.0968926946927947,1.19973916069942,-0.583490346990835,-0.59112383986662,-0.388154585413177,-0.230365914583012,-0.456718622975588,0.725778679736168,-1.57333487206407,-0.386760980363636,0.541237645677727,-1.26030432902911,-0.532480611574307,0.17418814942419,-0.763341799229984,1.48732137272438,0.693057404268422,-1.45404958836987,-0.382169879048073,-1.71908448062142,0.454383968443245,1.34315203424595,0.180149132775306,-0.434015227619952,-0.487894687590496,-1.09252591178519,-0.0650962531644213,0.868648960453826,-0.0238342716143522,-1.4977917867716,0.509026800240801,0.790484327936832,-0.677788438043787,-1.07147818261632,-0.497032653728969,1.683980314904,0.139657386275238,-0.284271324734139,0.690586174610471,0.670397605403008,0.345348437019131,-0.245982282174021,-0.943850887024509,0.0300539251488916,0.316055577807934,0.0518350679152818,0.532931451091202,-0.87111785960058,-0.735782680144471,-1.21301177570085,1.0896145565493,0.809257301295058,-0.33291721345293,0.302386682846853,-0.280670481153257,0.930402067605218,-1.41126502109426,0.557835203165291,1.3062487698776,0.0997525318911077,0.278324779018816,-0.801289694518544,0.0704450155089467,-0.165942297277841,0.214612260715289,-1.10268845795432,-0.335922811147076,0.978525498899587,2.1508527885152,-0.27399100982348,0.264313962341868,1.25707460222575,0.196531665152638,2.2468667795299
"112",0.879298824727493,-0.19338615128178,0.446502082415485,-1.69139858804604,-1.50542270847715,1.12306905801344,1.09316716022137,-1.14334926927909,-1.5014382367473,0.0298713564658234,-0.457677537743332,0.402772026975021,-1.02993605874773,-0.730194531917832,-0.637826761083354,-1.1549894233941,-0.0447748464093751,0.806031161189431,0.141728380670645,-0.109549828126002,-0.628627089117541,-0.31750360460603,-1.91826364779936,-0.0381446344361591,2.20858232839595,-1.44529400204307,0.509731058070641,1.78512829647277,-1.4073292894481,-0.0369061806425184,-0.877135035654445,-0.475397419648412,1.65703290410371,-0.0649173033351319,1.25763158881842,-1.37540252860205,1.19051618753769,-0.317694603832336,0.841465616711029,2.5797990001141,-0.236616555651264,-0.0422280232136995,-0.732718358377968,0.76064211119891,0.331262197602679,2.06111863225066,1.82977661329465,0.161758870486826,-0.697330483850232,1.37812414342607,-0.626314180194557,-0.390132504862283,-1.12937590446157,-0.0906310571234155,2.20860916683563,-0.522984218079074,-0.107848702587827,-0.920004333178421,-0.972913588573031,-1.46752017821523,-0.719682270560031,-0.372277454732012,-1.3185737736254,-2.14772113555453,-1.38213098905289,0.668564114370883,-0.533558198421703,0.533117235320589,-1.25446389667955,-1.02207585048585,-0.670627063854739,-0.371151063611814,-0.0750138094533282,-0.605602441335249,0.204716044090949,0.733797930168076,-1.79902040552775,0.238425344557767,-0.685261553689403,1.04131588301719,1.37842237036515,1.21405515259174,-0.321934337894493,-0.509766119640881,0.846433806827495,1.64004981005381,-0.307368944987112,1.30170368715938,0.890136357423933,1.29944123235564,1.68769435498701,2.12850084026754,-1.10608221360014,-0.824645364695933,-1.47523722952615,-1.2539944489337,0.992368041486711,-0.66151667439882,1.14487030582903,0.127835078820165,0.322116551490998,1.73540386559219,-0.0760619287087151,-1.26276628682662,0.876135530992224,-1.53270544407638,-1.98838138380322,0.731608876351867,0.757543660454543,0.629816446914715,0.628631253136019,-0.0235778361172158,0.872394458089646,-0.390515733336381,-0.511432734027071,-0.435576013287621,-0.201456301261408,-0.259800768142651,0.623502355915312,-1.36860271555554,-0.699057259534119,0.141154196382857,-1.05638623062066,-0.480429931799407,-0.0874956067040984,-1.40407328532037,-0.297860920847342,0.896010430967885,-1.39111708995728,-0.63485161584012,-1.40567752988462,0.458757083110115,1.49091896919251,0.209752116676743,-0.512188573252482,-0.387160404343539,-0.224651592761669,0.0535440729574194,1.08610496691425,-0.292162820958038,-1.66373763939355,0.556031166915432,0.933109330097011,-0.589165385296327,-1.16327162899241,-0.608696505213551,1.83043959826874,0.640164408625814,-0.438948853704149,0.714098376098367,0.560850312995987,0.410662013274158,-0.00343613553589706,-0.825688354950552,-0.0820731336170372,0.385229204791955,-0.0615480411352279,0.603279727486254,-0.826098416136225,-0.576785242396542,-0.20830561716329,0.92891287164717,0.857428244703066,-0.402004130286557,0.35293031313026,0.480081678615357,1.05342077143246,-1.50866555600835,0.402655315252792,1.30104928250739,0.199685186928367,0.633477504217195,-0.608452595866812,-0.0397943383790463,-0.143811962650439,0.322338153220397,-1.20101758377182,-0.689312332143741,1.04354947783172,2.20131601285124,-0.360724732075741,0.153025720348604,1.18910463895496,0.175617095816349,2.18549320389032
"113",0.776414074366618,-0.562263269908928,0.61037763702501,-1.49275261612748,-1.27286807750301,0.853863085320958,1.13781518243625,-1.20455985447908,-1.73997336116836,-0.356354593075771,-0.320943082689815,0.185400554257757,-1.29741151413219,-0.0839023892982201,-0.883166388192143,-1.25477228046106,0.629368266830345,0.949943850579211,-0.112646113053931,-0.225232737928117,-0.793046026138131,-0.31048943875505,-1.79710179205878,-0.0138815792943031,2.21848972329533,-1.45982605765837,0.249240767428558,1.43973855871578,-1.2240615867165,-0.0615989424116856,-0.930931580382549,-0.474729494300502,1.46689406502308,-0.182730199291064,1.16398220123856,-1.29722513036116,1.17161712222383,-0.273069602186475,0.790933579676144,2.45848782471795,0.0825807054286824,0.0881122161619262,-0.674634296523487,1.1872359635866,0.35767706243697,1.8194794427001,1.72393686472967,-0.227906938864473,-1.00486495694489,1.40293948845891,-1.12002097256922,-0.505395886617676,-1.41552966344134,-0.479581717124077,2.01620377949607,-0.693992950945259,-0.10391834799747,-0.105619555103001,-0.921939411268524,-1.43716021617307,-0.564154934237784,-0.389753997510586,-1.29406877790355,-2.05586998316147,-0.920328626128324,0.795904643609973,0.0421781796067189,1.02381847340283,-1.42481367264999,-1.19079278235869,-0.184265778816951,-0.488419504404042,-0.279360926602224,-0.415651547024517,0.599329150773273,1.14473852073656,-1.69477019198289,0.15471753714903,-0.397108962686136,1.25815276634112,1.33409216270546,1.15922884454212,-0.395170579637978,-0.17679821506406,1.46150068930447,1.72654905372004,-0.264261429208953,1.17011446424455,0.932137774405573,0.987225467702154,1.75871806831773,2.10578339546465,-0.060945808020858,-0.068960286032926,-1.56508148300524,-1.2270610206357,0.60302662951722,-0.46000431188382,1.08816139376954,-0.0660766844796656,0.102611967080662,1.63328757088142,-0.208796925326459,-1.0972881281829,1.45545868607705,-1.6916779804397,-1.3348355899718,0.835127643057689,0.909583007017669,0.613956704369049,0.371373923234853,-0.30986315577444,1.45023251960493,-0.749111144128824,-0.703475776319955,-0.374731557503174,-0.272353709791061,-0.658839812690863,0.664677846112031,-1.740859504903,-0.931674048461397,1.05695785032656,-0.948548119800784,-0.595842348434853,0.0437178458184905,-0.835436886259075,0.811929429266486,0.867337867267297,-1.44499101880935,-0.683071995080073,-1.59097049654073,0.364994062045785,1.40370973351179,0.211502839162416,-0.666225978510204,-0.744695827130771,-0.255393883013103,-0.269451214671058,1.10920299038386,0.624671442304145,-1.85526690937869,0.489927072401933,0.818453061003998,-0.669068325241966,-1.14459160522836,-0.851909116248146,1.60350614133258,-0.0983082745551587,-0.330879556304186,0.41435919106048,0.53652263991987,0.4327421489533,-0.458549236068845,-1.1418089366549,-0.296653707451467,0.365962040968179,0.229383765486346,0.699251973460962,-1.25668339798185,-0.417351152294799,-0.888053186528016,0.993494211419141,0.791164930727433,-0.217283266204036,0.17585589228637,0.514302885269054,1.13293176190471,-1.44489593670322,1.00882921993312,1.14945786688328,0.165166585939751,0.183396462303398,-0.615103777256505,-0.0204427636977674,-0.482894010838195,0.233328666528982,-1.16903758147013,-0.545026794457424,0.817462636017096,1.88158212479449,-0.382738745760149,0.00456836651763345,0.880252619468836,-0.177612014822472,2.29377009792095
"114",0.916171857218859,-0.414430296632486,0.550450762066533,-1.28430422170148,-1.49940453898538,1.01077622009543,1.26342031156663,-1.45015638495569,-1.72030028143715,-0.189682774590695,-0.231618003711701,0.316679092088782,-1.24875871121521,-0.710590612778758,-0.640283581029343,-1.06969219249035,-0.549129714308412,0.823332806137108,0.174445067054864,0.0375655611406016,-0.355560542463202,-0.291117052292142,-1.59086288556059,0.0615700340827362,1.37170511636269,-1.66430300628529,0.435825183634224,1.50234195408446,-1.29102774803485,-0.589583586552414,-0.762686518804726,-0.402413610477857,1.56713714793314,-0.0723693924614599,1.27766681157571,-0.377157982330921,1.39411301496473,-0.579311327861244,0.751694638448185,2.54693392316942,0.212825414382244,0.095442720402822,-0.916521963647789,0.297665547381229,0.397286553836664,1.82436124230001,1.9111955032248,-0.138993813766204,-1.28920118901823,1.51298358501973,-0.922379221988111,-0.574927234783788,-1.56703286207426,-0.674377185791475,2.12117559281512,-0.610879086673059,-0.125358948294705,-1.21656528568589,-0.699558060209793,-1.31268418432197,-1.09005850754241,-0.0584143265521904,-1.36937012836594,-1.8865559030682,-1.93945625378702,0.621506823278046,-0.435607021522802,0.678974407056538,-1.06552976041442,-1.17187344901329,-0.426967475030954,-0.251533209356498,-0.0204707508260457,-0.694895917344678,0.36635018196988,0.905280865699474,-1.610767486863,0.193878004900242,-0.506047224173056,1.16772693076731,1.4689532597707,1.40447209321492,-0.61884144377635,-0.260472510856037,0.738238926448971,1.86825673204502,-0.307444432395068,1.30265947901407,0.837121020943555,1.31337537320916,1.68206647507749,2.16708412360776,-0.567281332633029,-0.725648129341133,-1.63797302394857,-1.09786619380973,0.818678094490284,-0.545127852888246,1.10738404472888,0.195793532499536,0.359292508919527,1.72623958258997,0.078762377831902,-1.23237829526359,1.26033159863218,-1.60255100105465,-1.71569467960878,0.746106096630625,1.23637386852908,0.92335742646697,0.566359766012167,-0.11387435091616,0.889904486756993,-0.766067408261222,-0.525391662038678,-0.246603344725904,-0.123931689624482,-0.475427977284199,0.890021232933211,-1.38492073048239,-0.582681774678073,0.320729112266518,-1.24325728116548,-0.142941761461757,0.143640770425518,-1.05704897004891,-0.396138469943665,0.98442334192981,-1.42012437266742,-0.448062221283608,-1.5665288696552,0.36753697565043,1.56680534049969,0.0998558930507177,-0.495724476118556,-0.648297910518922,0.00683829894302355,-0.027835307395588,1.21556312157517,-0.267805228705148,-1.68372414880594,0.726610431462181,0.997374045690084,-0.751659850149883,-0.726470256199463,-0.715355515112085,1.76536167039446,0.16519637971726,-0.59615018047471,0.586968982497507,0.168565101888793,0.459854128487229,-0.141464941614536,-0.971179996262582,-0.102492068355549,0.15343239150946,-0.427176624941015,0.989514433754442,-1.0021119702025,-0.288109449677338,-0.511219992362292,1.09295797430241,0.74177921108634,-0.493145997307365,0.41600370728041,-0.118861057008208,1.07442404171879,-1.34422145039627,0.347599382074357,1.30601533789146,0.177318124559842,0.726784486813168,-0.955627966116484,0.366727692628852,-0.16671631037315,0.392574221580188,-0.912071766231988,-0.260979139854914,1.14638452749236,2.05835139700377,-0.296807996532238,0.466542248290284,1.05884018262724,0.165545859237757,2.1248270082654
"115",0.675482398998134,-0.693260338222816,0.884883264328304,-1.32180578175099,-1.52266502515568,0.923931445347554,1.16051701785476,-1.01508272707974,-2.19291640448419,-0.45925286986723,-0.609833194031383,0.26467509716864,-1.49765544492054,-0.542399827512374,-0.431601772390471,-1.25756436316334,0.767009085358729,1.12956685233826,-0.0332568207228853,-0.125046181468427,-0.820303615719617,-0.296918309244108,-1.57509423252104,-0.0957094305143819,2.17695187889792,-1.4714050621036,0.471554536162848,1.60916630440116,-1.42342907347514,-0.881253549023,-0.827467304091332,-0.443770272194274,1.46210436294924,-0.0689357581748972,1.33480010661945,-1.11151960365308,1.25066540182148,-0.0961730671288561,0.767369051926184,2.33786045282213,-0.198943909170917,0.444239684261611,-1.00244064352418,-0.0224996931678907,0.67289838004307,1.44612294675001,1.45871099224442,-0.444949677959639,-0.629829346309027,1.42415275504595,-0.667789428243953,-0.230877289409976,-1.70697854897519,-0.62179669474145,1.96434122663012,-0.688667952145256,-0.168921033020135,-1.26485603004671,-0.816465384148431,-1.29716633630388,-0.487108171349072,0.0256354039357233,-1.46763537619142,-1.89365394896013,-0.662990772634981,0.628561714941687,0.0749924692636598,0.473280629404192,-1.51368767931229,-1.31546176467706,0.239447637622788,-0.334024782467035,-0.137213642250447,-0.34278827714745,0.977185614546112,1.48132163444266,-1.49193893446613,0.093148501697289,-0.381614399656917,1.1789294573394,1.44644220928139,1.61146449875692,-0.808214781181425,-0.179743761939301,0.796772797138074,1.95230441801905,-0.247607288870709,1.11674124820088,0.787922689840687,1.35585482887986,1.45524593090179,2.2655774495974,-0.614213799985686,-0.690138767659896,-1.78689906471387,-1.48449706930515,0.765752629648782,-0.343524586844307,0.888801877872306,-0.136035245047838,0.00408695288145369,1.84269823076857,0.0810916796200012,-0.803830339034937,0.970999906964557,-1.78312222766395,-0.602128979017038,0.741445066060122,0.768193673526722,1.11101347507061,0.403988392078464,-0.389106706452254,1.2988625560713,-1.21627695239052,-0.6379459897181,0.0366768730665857,-0.409430958361225,-0.451672997884668,0.478515995122836,-1.29204702610842,-1.11417449609008,0.640523437627394,-1.21398573718759,-0.153554516031948,-0.199828545516195,-0.60397481286965,0.384321600937736,0.925413425277592,-1.29072662842167,-0.913194916528839,-1.33211428756474,0.453704467399311,1.24291176712023,0.147400820832521,-0.423575144292724,-0.884919467025754,-0.513201316698647,-0.292752625055714,0.958033327409474,0.815895210772386,-2.11397949848494,1.06722989367783,0.90437092934333,-0.764861409102082,-0.814260053518326,-0.695193789501293,1.65083054768461,0.439033684334195,-0.347332204427756,-0.0242499592515446,0.51764680226935,0.483685999161566,-0.25519955222962,-1.13312989744859,-0.230589618676179,0.530457174397388,0.208041374877605,1.00526118856439,-1.14115536149562,-0.286736908815515,-1.84714499431107,1.14859740682477,0.798093708451385,-0.135596691432617,0.572554434145774,-0.475525348045145,1.0298998740885,-0.97829494003511,0.272321134023803,1.03354678968439,0.198178533635707,0.547273186533479,-0.728971682621996,0.239505531058971,-0.392970335889087,0.630746183463376,-0.719656397796385,-0.590643541939297,0.873141301564491,1.58225180808423,0.294770128093046,0.326463603850012,0.861530892663051,0.266779851018133,2.06217526197604
"116",0.872511840258753,-0.580895851288551,0.745574819854792,-1.56441315026053,-1.25624751252341,0.92268138861169,1.09539151439045,-1.34099505932052,-2.01648630154578,-0.349175199457006,-0.482680058820477,0.249174510740139,-1.310672924679,-0.714969129861292,-0.801756596179207,-1.20068896304461,-0.221466067935768,0.587932355485245,-0.00469906375413767,-0.109317483112912,-0.418672426950537,-0.251469488743094,-1.8637097444124,0.0350651313600589,2.10221382922848,-1.33193660295302,0.194618194741253,1.23793673438368,-1.41429820006737,-0.324628810171387,-0.782124778502889,-0.362452559554778,1.52018326680079,1.46368710463354,1.28591431547538,-1.18599930265187,1.35040564736838,-0.517810630409887,0.772151836474987,2.48826360444615,0.00291405881233875,0.323119149086007,-1.05704725672035,0.190372968233477,0.223353709349737,1.57548091234559,1.83112252501886,-0.257241175112156,-0.510843907893218,1.38707361150178,-0.846510474424149,-0.122047711041658,-1.58931882906859,-0.0691617836344308,1.98942540652652,-0.635471352345848,-0.130658227736929,-1.29088727439016,-0.863782714130753,-1.21712987565499,-0.631344383631415,-0.186557151626539,-1.4972884539602,-1.95773742263463,-1.51037417468093,0.630219232762802,-0.28979482103022,0.97215888968555,-0.850705204416634,-1.20784688094497,-0.0580014064500964,-0.297099662187947,-0.219807759558378,-0.811342247122957,0.735019347008993,1.23428570990459,-1.61580399274687,0.156074922019284,-0.453782035264182,1.16147121714362,1.39662136846793,1.62116876606059,-0.784434068777522,-0.223888199763006,1.00158574342974,1.83220993384132,-0.324396367121888,1.27204100223371,0.814739756994032,1.09534471982893,1.621255671752,2.38507606975726,0.144057023361147,-0.484370758827911,-1.75943310632483,-1.22361135528986,0.644391699545957,-0.41485103534479,1.10427675662517,0.0721513843383573,0.223175274571114,1.61999431789201,-0.0578568890858866,-1.14194036132924,1.40308163216051,-1.5269841500694,-1.16606649984391,0.757152869719738,0.940476044456774,0.78610226315173,0.521454085584559,-0.0901460427395911,0.995667501936355,-0.962831207339569,-0.616776681110642,-0.305350807871929,-0.246630525534877,-0.50583291776371,-0.252710476569035,-1.20245944327853,-0.895060125540019,0.422960818676251,-1.26218773296857,-0.391826032753111,0.0930366740031115,-0.902795063678172,0.162764540568682,0.929544554710325,-1.53905886712404,-0.657025618404674,-1.59153450780739,0.416222413647094,1.65630621164118,0.24526164177349,-0.482937087489799,-0.746831213036958,-0.187285079196966,-0.162263545071393,1.07022766166872,0.595283294509464,-1.70318031234332,0.582486445314979,1.12537572058222,-0.6153194350932,-0.935584448842729,-0.419235717897014,1.48448798510517,-0.123724929587807,-0.0149998822273301,0.402900727428352,0.515938341440607,0.558833622134386,-0.190459168911251,-1.00387904940825,-0.264345737220743,0.35858271316657,-0.101805175146183,0.988489468157695,-1.20091626731073,-0.324790138050185,-1.23231005271943,1.0000236832834,0.828553084017101,-0.509914360477711,0.600501839168368,-0.146020775404083,1.11217751396673,-1.14417112918074,-0.158113974399097,1.17196169667624,0.213943734681812,0.64659569000332,-1.13210623238398,0.249390635959196,-0.418540297478868,0.478616189016525,-0.971326361373407,-0.533593041175772,1.01408759324706,1.87338806242781,-0.0432475305000204,0.329189000608328,0.873285519479953,-0.0223046381938549,2.31617779056651
"117",0.954723848307246,-0.265149833849496,0.537831414971357,-1.77108176058146,-1.33467424498384,1.14054961952947,1.30660624166239,-1.15139934184679,-1.24540218879264,0.0459397131044407,0.0885411142246817,0.444456398942266,-0.76871227553481,-0.33438772796507,-0.659833762151507,-0.589606180436268,-0.162546516305124,0.909343800429144,0.060813313791263,0.0104411278293529,-0.409639148865365,-0.318900656401895,-1.24787700121936,0.205815051841946,1.94991356250281,-1.44965172593495,0.116253416162467,1.41759105640754,-1.18595521432097,-0.507297839653381,-1.05095776164306,-0.460721152720068,1.61603312900576,0.292624960982276,1.10354833317899,-1.15798291575294,1.28901518247543,-0.331053087710037,0.934616468441824,2.53889970447208,-0.221543294394299,0.329030538386759,-0.75560536713656,0.489449183578561,0.334455943447228,2.07192696543075,2.01622471904533,0.0904425555280097,-2.17867483647205,1.48469096000002,-1.30296902326932,-1.17967716971022,-1.18278710448112,-0.725311523932438,2.28343562646377,-0.308079769695246,-0.00813314316404034,-1.26113644441526,-1.28195368372162,-1.50371616607436,-0.402202251782913,-0.25187333098539,-1.02395525589829,-1.82134388949584,-1.3884075560525,0.799818773391431,-0.390375971847571,0.879131895394574,-1.28290797430949,-1.05663198641416,-0.984072770956219,0.0382511881356488,-0.182995015518294,-0.765136133412807,-0.149384920621791,0.300674223787271,-1.45500133353782,0.300744759428989,-0.479954993064142,1.17751788691572,1.60917588798953,1.49489487285719,-0.273291310495536,-0.286043754703515,0.993584394670741,1.4692560334574,-0.199202713403563,1.23439193824093,0.991601937421207,1.13478522343204,1.64121505307678,2.04514487928618,-0.471188140434294,-0.545383709696,-1.17731106505936,-1.038112852897,1.26555027639621,-0.623924971104627,0.940064573816875,0.369492912410649,0.529899565479468,1.69249240220017,-0.0445274883530769,-1.19970227747829,1.28798346634639,-2.06179406860513,-1.73039044320216,0.701376824177426,1.26888095585369,0.678227717400306,0.660755165561157,0.0090339930943602,1.11429394592483,-0.304688263820507,-0.383213352356763,-0.741795485949194,-0.207391796950633,-0.408055473209172,0.439516440304371,-1.50953820533905,-0.483409966218867,0.356647270445738,-1.19139153052993,-0.750625724725397,0.129274352412756,-0.860590607648949,-0.405281587500406,0.691178284155415,-1.54762393370005,-0.241224157315389,-1.7873174973757,0.585186519511648,1.28468847409369,0.07436787676049,-0.232657488050814,-0.494828345689733,-0.582843296013062,0.011977252620386,0.930463815724307,-0.794645169091001,-1.26217199589603,0.600106669041582,0.668478612316543,-0.835677738953763,-1.12525346716915,-0.62994630483,1.75404547619326,0.159333561973741,-0.454832103797895,0.68438957609459,0.763953321795232,0.163348664745824,-0.408074862276438,-0.701526478347299,-0.714382303379716,0.0207732275765334,0.0997111859087775,0.361757110649704,-0.959189015394188,-0.63902345964366,-0.314165821011888,0.980618284072386,0.791267834634764,-0.553316445389678,0.513897319083306,0.0550037331481094,1.06233500282505,-1.40220185045656,0.574739389283714,1.33268720917567,-0.103289468861563,0.603722852975268,-0.52873317444363,-0.01429793496906,-0.149989646975921,-0.0449550875633914,-1.18270737086642,-0.175283750247824,0.923423858716086,2.20058445129139,-0.455984003771459,0.084405996521762,1.24632017128599,0.0414619022992455,2.29853781426778
"118",0.948721540542787,-0.132291854944174,0.513143978098437,-1.6415028661913,-1.36275394393931,0.853738772113067,0.659488443575459,-0.849680859043843,-1.37203629381175,-0.256671319907656,-0.261728211644416,0.126517111494421,-0.919502108049068,-0.345231483187327,-0.929332916455722,-0.800904628912895,0.413835423234302,1.0047766620747,-0.407556654516442,-0.366723804216843,-0.56630402411272,-0.300299794271914,-1.57753607114517,-0.175141948158007,2.42979266203766,-0.952767173257816,0.77900011206162,1.95228135825859,-1.47938003279227,-0.126355623117224,-0.982345421509292,-0.532487624037463,1.42573576828147,-0.0701642483204895,-0.517596247676748,-1.07897661985147,1.35551299804625,0.0241346351277172,0.475394336856806,2.59378106414714,-0.449922291793495,0.148418811134483,-0.378891512255214,0.784547856292609,0.911737628149975,2.1593284423057,1.69294659548628,0.214255671096253,-0.95888834629738,1.43292554400454,-0.701787134105844,-0.521685191260857,-1.27196841041708,-0.437723775407625,2.20748050201648,0.672462998161296,0.0227769094918372,-0.939772327859729,-1.2389766929125,-1.61314701143934,-0.813006732938363,-0.339304793558882,-1.16133533962843,-2.31679457949896,-1.14600158799025,0.636205110361299,-0.454728089548288,0.455761345739709,-1.47550234623566,-1.21579268831573,-0.10531541929226,-0.320467765643787,-0.0422775181839539,-0.368341122376277,0.624755159096501,1.25837175083272,-1.77494825579323,0.305191806458613,-0.430339360877111,1.24359806632952,1.31772176983544,1.63671529796983,-0.286690016320954,-0.249711602838946,0.69785258359958,1.91064154115147,-0.314505052045478,0.977401511451839,0.853554249065814,1.09332447587235,1.51040815286494,2.05365408780804,-0.781216377393834,-1.07874742854551,-1.33913425364219,-1.29955121216935,0.748452164310902,-0.342117367453387,0.636816376192226,0.351930814463787,0.554228960639317,1.88069499034007,0.00429179826493265,-1.10923651185122,1.2361264228978,-1.60226671203393,-1.43621448056709,0.817005271744744,1.06116096407577,0.686344646678239,0.626072001802979,-0.28177004545967,1.39490307475431,-0.335711650224126,-0.404727211765137,-0.857010738238637,-0.366202596066697,-0.608902598125732,0.246232048840009,-1.83115268807528,-0.764059808470485,1.64808300581242,-1.01784967349933,-0.408464759279878,-0.122822337584622,-0.97874614962,-0.014742073804897,0.874042562719069,-1.42375862179225,-0.872387830119324,-1.33236553386482,0.390559567342433,1.19821033858902,0.334916964873716,-0.300426819211844,-0.290184787935789,-0.285536756454796,0.0834730580707346,0.853539439301509,-0.846599049392405,-1.30059664063559,0.498989778186762,0.644415809376513,-0.766734332686818,-1.50353897783049,-0.956803402597031,1.85292137149222,-0.0355376954685556,-0.333551751868971,0.477005994331454,0.378450966518299,-0.866334977058051,-0.441741427242549,-0.894317703777769,0.192226596785949,0.139795344505564,-0.133848613309313,0.292655012958908,-0.725612356609827,-0.981664315628473,-0.349543859102467,0.90667726865748,0.788317599285639,-0.0779407699937539,0.346694220231861,0.445145896947288,1.53995283822679,-1.77750230414376,1.36820891528504,1.11590772328682,0.123557965171924,0.0917381556631976,-0.252896925513003,-0.0240274299004438,0.0279275123932107,-0.0739874858300829,-1.23990704989916,-0.433565859041965,0.695940297907613,1.98580322412111,-0.0953271628370432,0.156384458242074,0.918964536279722,-0.054652121416168,1.99197728284345
"119",1.03292572494834,-0.372615804763722,0.592957064998687,-1.66743682415975,-1.64020929677405,1.00645036261954,1.20631127724567,-1.2295136449257,-1.49754664245179,0.140323939254849,-0.234531369917943,0.322851573880999,-0.897071241159338,-0.814067255792077,-0.557077856251286,-0.915795028890785,-0.328848629740613,0.885791614811849,0.206659269884936,0.0606058682515269,-0.464506761867174,-0.28867313599521,-1.63470770206089,0.134433522936079,1.71194079382263,-1.49339366681827,0.405056001270458,1.49912312387118,-1.2365123174384,-0.433805405593462,-0.89123312955458,-0.453177079467966,1.56666125731878,-0.0960695827058288,1.10631321432563,-1.02260922725435,1.36282501667059,-0.0551242560985637,0.72711668664595,2.60928666768517,0.0804917574914333,0.117809756706755,-0.78310200027013,0.444602185339389,0.258001891659778,2.00539865485155,1.99295466620467,-0.0330428229759789,-0.991682174828496,1.45003568154553,-0.831878990100386,-0.476735591312695,-1.44287734812148,-0.132786263434704,2.13325571128543,-0.279567151009434,-0.135183427686314,-0.965251769734546,-0.681195305397956,-1.16583355626096,-0.963633293070928,-0.242142873619728,-1.44746362835416,-2.03986901474722,-1.52815940175347,0.705225163831201,-0.445813622259613,0.572421677570286,-0.914001929122012,-1.17707903237565,-0.862271024892337,-0.336214214569203,-0.0512721509086625,-0.722257278231599,-0.0368638402038598,0.511606289855486,-1.77448949754152,0.469555115297376,-0.611960180027707,1.05342503663907,1.38853216215486,1.49312133513455,-0.588064967113217,-0.426751844907615,0.755507744585053,1.8514012922397,-0.227542844731487,1.38561374951068,0.925943096137422,1.28676055033051,1.55341926457649,2.23515030338289,-0.828748804254608,-0.652790310022784,-1.6275743767781,-1.19120127939813,0.581706367281384,-0.6530093176031,1.26714166134036,0.417240755545224,0.603623469743516,1.61554917533526,0.0608025668414429,-1.40905002758543,1.17732304655256,-1.74257641981407,-1.82188886225243,0.665292974984585,1.30999166185001,0.816437349227405,0.584279870335756,-0.0956735784958508,0.779261467535675,-0.562493552595852,-0.501756652020659,-0.531987521110028,-0.292718241000444,-0.378102531339038,0.931335930792371,-1.58941031176054,-0.53610306710022,0.0837764161599696,-0.982325564148324,-0.25466145694898,0.0782928719681784,-1.12995686152481,-0.300905084106011,0.883405255340681,-1.36560126605224,-0.357646813066211,-1.64036344114481,0.425275250239699,1.70294006255668,0.155163574275242,-0.40912087719107,-0.665435289298898,0.164360922084002,-0.0208867588811855,0.837378368069401,-0.447586765151552,-1.66012196234334,0.621476123789802,0.903355153462491,-0.62144092690082,-1.196851450606,-0.773754161970654,1.72662453444717,0.0833660252435933,-0.862476902867319,0.569051883887663,0.574541715615584,0.130284186573297,0.123170114275129,-0.840906260794198,-0.0233046082371185,-0.204869306746436,-0.44685770864825,1.00350513965937,-1.04283501044298,-0.40663267581424,-0.105680309361846,0.629293216791143,0.734173036748675,-0.0921969360813641,0.421814285886344,0.0245054262628547,1.36710364827655,-1.46107211823258,0.370350153692773,1.31145542602358,0.131991662234405,0.645884592943648,-0.892942839497265,0.196538107657867,-0.307870709348453,0.322292382453085,-1.17695569546151,-0.147000801949268,1.10441193737681,2.09148699546017,-0.439253005317188,0.352081238122214,1.0177210639424,0.11065637620601,2.27653180864594
"120",0.865848525835184,-0.478779825019921,0.40572637348741,-1.56620043129331,-1.27566119750521,0.978270214055509,1.20438174121496,-0.80328635450367,-1.44606691562482,-0.118702587453967,0.00369830422014737,0.303144027451464,-0.996173325353668,-0.663505160614948,-0.659872342970095,-0.903439252743174,-0.349433568424621,1.09085088371225,-0.0354942868498039,-0.0498440250461043,-0.275889858526806,-0.322192716803676,-1.51392363679135,0.0793450603971145,1.98265248690894,-1.54054273263049,0.268487654733059,1.33027330109875,-1.30421688038199,-0.254157276690341,-0.982224323315289,-0.441645075928737,1.58094648580135,-0.150042212770471,0.977755007308587,-1.03552824721167,1.11345423584755,-0.448241588345674,0.706047550998037,2.5368237321882,-0.289391116762069,0.172269570387164,-0.645225430506886,0.733467525118101,0.391293270602532,1.85148611947836,1.86412388913951,-0.12523473938772,-1.65047302358849,1.48557202291234,-1.22436762032751,-0.70452466186124,-1.34946519535185,0.124688801169233,2.1997820236838,-0.252785025247038,0.0726462157254875,-1.01035409277356,-0.798166472504278,-1.79192938218585,-0.513417951010837,-0.0922920004730074,-1.41247476932266,-1.77976274157593,-1.57422694280157,0.809828140791503,-0.158619095156928,1.09718334175286,-0.769060504896299,-1.19472079173488,-0.609607850174312,-0.0873056225230626,-0.271184290091834,-0.639895532544491,0.333702240085959,0.770032180783014,-1.61164208238972,0.246205263143392,-0.680301127077001,0.88817602064369,1.53770634603921,1.49753389149751,-0.43762710560742,-0.566086416419836,1.05537543648851,1.69592872680824,-0.239359471092353,1.119663273732,1.01330708243244,1.31980566343001,1.68882866344341,2.26337615087274,-0.524531777950953,-0.459433594284854,-1.39948260727078,-1.17335466353984,1.21508484976011,-0.513893612289,0.674446223314798,0.208121616525645,0.377342087715118,1.77430068726769,-0.104932121699024,-1.41820642509559,1.51573455623111,-1.70969447294196,-1.60503032863513,0.637088449056892,0.48490063074631,0.722376296078639,0.434658143164232,-0.255404120147102,0.937540203696563,-0.6123524997329,-0.577112152974485,-0.286811062741531,-0.214051217762109,-0.440655912617904,0.613383898247029,-1.57067557181932,-0.73178206164766,0.618016318671777,-0.986695990835481,-0.573498645017365,0.0876477183746247,-0.89569856168928,-0.388813939422525,0.735780441795028,-1.43433429315451,-0.539049474566051,-1.63448659884367,0.57499981729987,1.72023520644205,0.0909912594967087,-0.442311274544521,-0.685922084446146,-0.922990714001003,-0.0777454508588294,1.16334593294772,-0.373898647184747,-1.47186824702484,0.595699528849603,1.02704378753119,-0.6228641422081,-1.15619176692616,-0.84440880010727,1.60629485664378,0.227620741569527,-0.399861567376632,0.566946080777265,0.729884370676727,-0.0861272797279592,-0.933919520748502,-0.900176199136279,-0.0878167435507262,0.643057175600328,0.401279402448372,0.699022172089444,-1.13131614621559,-0.556609423169734,0.248583868039643,0.951517202806079,0.775602433185391,-0.474365496614805,0.55086911466084,0.325376554886313,1.18988754825223,-1.71715772174285,0.559389120390478,1.29011990878375,-0.0722047357830448,0.41188773974427,-0.750324163063551,0.16122472953825,-0.260864833578799,0.108698115605141,-0.991091228851687,-0.913099064126927,0.890764857143451,2.11142741255219,-0.252579808497897,0.2517016757261,1.16430263048958,0.183461672579814,2.35291716153284
"121",0.856996331496696,-0.549397541035824,0.5314517853021,-2.00326280728789,-1.23730604942402,0.906815004534068,1.60530081530135,-1.25662282993015,-1.71257111565549,-0.486283203560354,-0.200370560660226,0.209893357830997,-1.11742061013015,-0.908093385601894,-0.570693999628263,-0.759240234602953,-0.318273808168048,0.738520610955342,-0.428392048350856,0.143192159720487,-0.270481810529751,0.0696772115384209,-1.25518242394751,0.793922291789346,1.96205198012517,-1.6152909349823,0.207096330334507,1.23620614263372,-1.37410825792579,-0.186164671058041,-0.856903221582939,-0.42476094379526,1.44416083902971,0.488382429072601,1.03042060100736,-0.832562027636305,1.38889062292534,-0.435119218002292,0.456697474019619,2.53541165339017,-0.162963828257626,0.113907611725726,-0.170052164121316,0.722929116886794,0.371093190061057,1.6485147631917,1.78737982699679,-0.230810069640765,-1.82717344633489,1.34095988230465,-1.30957295597527,-1.10444889489605,-1.4080952114068,-0.411991066616663,2.00902140934781,-0.466914123078851,-0.159205619344221,-0.0567809528694131,-0.719749185365629,-1.36535636761044,-0.614007813801878,-0.14395075097453,-1.3459484087418,-2.06095489194391,-1.7050649631145,0.52119516193267,-0.0944485243671565,0.741600171134576,-0.930180358528074,-1.10512092080425,-0.219658466956931,-0.0413398906791028,-0.215774281322616,-0.808858460696394,0.645989523705915,1.12014763539167,-1.69205770216799,-0.0429257265397045,-0.843555603330444,0.770793079392885,1.39892275638435,1.4037820514608,-0.452099369293937,-0.606971961951741,1.06371899863876,1.91846315425556,-0.192888537345768,1.17978471956618,0.723469990730445,0.986307591752114,1.71920729043924,2.21680571283178,-0.571328173951958,-0.490478388097672,-1.52533891642094,-1.08961699885393,0.345030690790156,-0.539884913297888,0.949769392962314,0.27055900751873,0.396363106762953,1.65530254664178,0.0631473305600721,-1.59956486846452,1.34698205244229,-0.393298163210112,-1.45567807913563,1.47806755428268,0.474669255786953,0.933280370097546,0.477371518370796,-0.25686044114778,1.01606534679268,-0.677731065056855,-0.658960008542528,-0.491839155595887,-0.2782480338947,-0.560963530597488,0.931090163836071,-1.33286386281766,-0.849761552883526,0.270134427240845,-1.13003993995759,-0.74945566045454,0.139406694908761,-1.04856193184282,-0.323082874225803,0.891745388804028,-1.72704573973586,-0.600250067534192,-1.32049838663824,0.228931925203686,1.67101269837399,0.949785372926343,-0.329872967431221,-0.744808054406024,-0.0140556183193818,-0.177601854714611,0.793163842868695,0.264659644165242,-1.8643364617298,0.851274509300594,0.935435618186835,-0.645442109350215,-1.20101443538597,-0.632251413324626,1.58921471592116,-0.325005737803927,-0.283625082559181,0.402312000428728,0.90448645906914,0.150332291442372,-0.925466572624366,-0.7994812091193,-0.45297597021981,0.259935978233467,0.211873040081232,0.814960415126703,-1.10864999220697,-0.611900958137132,0.0908908733032865,0.725275593365465,1.11576212887514,-0.456155189795018,0.345959811897319,0.372163995712799,1.2930975784688,-1.66041095757617,0.344079323961436,1.28986132017991,0.0893370344986981,0.883666807867624,-0.666389440933995,0.111239334298145,-0.307758812843716,0.453989812555732,-0.673818452347925,-0.99453314754926,0.914326247609371,1.90567163578764,-0.279338893792824,0.433907399131936,0.835083483131424,-0.159225480200728,2.41313476739529
"122",0.75098598706991,-0.524487128731394,0.764192417283613,-1.86817487041904,-1.39531872990997,0.845758267017451,1.05168677691794,-0.907183046321526,-1.72402886729879,-0.37974878541758,-0.390260776246892,0.154256203192218,-1.2545895514287,-0.449940605948469,-0.762918403511936,-1.01419090287245,0.26275297267586,0.852083580149126,-0.242562613594063,0.153223144572878,-0.547909637705965,-0.279806667920989,-1.35089551181546,-0.0978655791740136,2.29619736138066,-1.34985426684197,0.38385900552664,1.55331494505901,-1.48034804007203,-0.365848838160349,-0.864224458940624,-0.43774655743566,1.46006780231429,0.293877247940727,1.16490645315013,-0.637181851620543,1.54904218236821,0.103537458298042,0.45268299040364,2.49423299068313,-0.0420744720625564,0.292089090412547,-0.847051358056467,0.505466436682889,0.721075881955448,1.93449767972811,1.73633109148118,-0.246796128343926,-1.46973940410062,1.48901853803922,-1.1200911180075,-0.858018056430561,-1.42723636829642,-0.607248419491394,1.93089469736936,-0.399109418131838,-0.253080106792256,-1.08976691286501,-0.96689107301295,-1.32679021218558,-0.493819890146876,-0.392630799623259,-1.32821324452959,-2.00077680551913,-1.21830505123724,0.834869123175519,0.41176536838987,0.587292215665025,-1.01318439751253,-1.20480354584239,0.126793411056015,-0.313892679218928,-0.188392301714188,-0.805008758733349,0.966864662669797,1.45140294501975,-1.74468469105145,0.0220214458570532,-0.557749482923481,1.11360514377414,1.38449677618682,1.65166284946565,-0.568444460831097,-0.293972899478639,1.29813005885611,2.00064467912464,-0.287600744856995,1.12461391022345,1.03523888652612,1.05181518338406,1.75470023048766,2.21809227555653,-0.339870299489635,-0.257110094811663,-1.67544471100425,-1.41954969106059,0.310144264386934,-0.335614438023916,1.04467999266078,0.130456013960008,0.279508494763901,1.71507982782331,-0.0718391590826493,-1.4554642927026,1.48908074708881,-1.3178747734941,-1.2275758720558,0.742976225887159,0.714708616841559,0.785539819959536,0.459226689930423,-0.348368826123024,0.959490236960248,-0.844735127967011,-0.412484856351482,-0.392513434874889,-0.374358470337281,-0.668367621469053,0.030289570967486,-1.49277289611665,-0.778053297545001,0.496487917334688,-0.924433709256336,-0.521035515256218,-0.0236696817444171,-0.895511796520321,-0.0633542602067706,0.933047840897842,-1.75149469584424,-0.594946760354373,-1.20148671748471,0.470777359252551,1.74222913998255,0.300327133409487,-0.428453410259736,-0.773442169887952,-0.130646230927931,-0.19106243982771,0.780153003855284,0.630794323240171,-1.68985457551703,0.49032355275772,0.949381393311269,-0.596726913393215,-1.18222271239139,-0.880046418424622,1.75228638755428,-0.100781880208199,-0.39653689151021,0.373211954189543,0.562519475265902,0.184002058605851,-0.657692416992401,-1.01358248977511,-0.373813100788837,0.680893151875552,0.696184589432652,0.712078021146674,-1.26230403301859,-0.578527326101763,-1.12510916666915,0.956054294011658,0.756256178790765,-0.282861313891731,0.364281107639547,0.0942597364810704,1.20152250430254,-1.14984023596059,0.283659243329636,1.25592868858155,0.0360852522116817,0.478403438943997,-0.540859714537134,0.0263182526969071,-0.552228490218018,0.441733173193962,-0.814515927622183,-0.644150420040619,0.833165073512571,1.93362727842718,-0.26139541425482,0.281440207346474,0.730815715219143,-0.07442897806101,2.16000384672033
"123",0.966389243539408,-0.477725832169411,0.49679532577587,-1.95338579854751,-1.27866244250696,0.884359356144742,1.44112138330541,-1.21939154467362,-1.84973825514096,-0.190711375636289,-0.337057442121832,0.21499015414537,-1.16715495621679,-0.623045024635265,-0.559061532097717,-1.1375817709393,-0.255538072248276,0.872180256808703,-0.342964884242938,0.132317004715341,-0.486560583638711,-0.376850141202582,-1.0172943847881,0.0907495998514297,2.18233736548647,-1.4302098727765,0.59964011717004,1.60743927488217,-1.26385738393905,-0.503422881013689,-1.29837177576421,-0.479243637558028,1.49211064982667,0.455660843380188,1.0903683327945,-0.80982064894564,0.876224236524802,-0.300989086016413,0.666546889289838,2.50036415919707,0.0396813554251076,0.0344899825445293,-0.434145685750516,0.359832908939298,0.204853735135393,1.63686299049588,1.8295169544982,-0.182824847790678,-1.29451225560996,1.44873960823218,-1.108486909379,-0.857032441980497,-1.22645726040413,-0.550752003093081,2.17167375429948,-0.593895902574235,-0.0825276538241829,-1.2397158177986,-0.609753370106708,-1.450694649359,-0.250014084089525,-0.186485391101824,-1.28169474167761,-1.70442738561646,-1.52309603432111,0.347374797846159,-0.125485384717324,0.331233801761057,-0.995534007354614,-1.03768471696963,-0.932510912099398,0.0953143949446502,-0.153801278282476,-0.909128238260156,-0.0187073816438598,0.383469915689363,-1.44359575731146,0.19140105458494,-0.445607209016701,1.16381425851566,1.58878013279395,1.12469082181299,-0.655566732597962,-0.301061408857256,1.52490779092004,2.53639232128664,-0.293500302164123,0.959680145030527,0.581738436306962,1.16965279677436,1.66602447226179,2.2921324979448,-0.77379675858794,-0.131295241238592,-1.63757879091159,-1.34836584415088,1.4724108935674,-0.636360549756578,0.34165711219687,0.173432009225255,0.327097307351506,1.81223323245379,0.129670582495532,-1.2831423505088,0.994604125905634,-1.74086851722072,-1.04640311918836,0.917724614044304,1.28892848264863,1.01911417767565,0.706999652253444,0.0188921940129472,1.02013727532257,-0.849946195797774,-0.49394507345446,-0.364742698498111,-0.237111728916413,-0.477350390982975,0.724727329274951,-1.41566871401165,-0.950502182884995,0.963860448335369,-1.18158407839311,-0.358518812005681,-0.0318855770679494,-1.00176375443808,-0.183218837296611,0.50195512284069,-1.68466294549934,-0.676939490263197,-1.07868620152356,0.351305648165773,1.8313751681948,0.118644807809678,-0.311390698217567,-0.655868155210775,-0.662829815173096,-0.0118659442947501,1.08875119549242,0.2187629372113,-1.82547061017477,0.876482952191838,1.11606254152406,-0.53780976387838,-1.38791946296941,-0.428163524277714,1.54792872812792,-0.0160025869779796,-0.134568846478278,0.326357316740026,0.544010279527147,0.0859915999456694,-1.06571716670404,-0.854955621316108,-0.346746700694377,0.321076903628891,0.0473470603407376,0.768628426067588,-1.29230857169141,-0.338024730851417,0.202445865128293,0.715775747290894,0.645264562899595,-0.368462455215121,0.40446215358222,-0.108103638236914,1.26834636008311,-1.27452303489626,0.210483880756933,1.29368756086213,0.403483766414222,0.789910155941521,-1.02617488868366,0.320471724547531,-0.445515416550604,0.36757405952379,-0.926408458588889,-0.146455762321166,1.00551393927895,1.88690473401403,-0.0444486166141672,0.369591230900445,1.17964611884193,0.0546702032764268,2.01515610438958
"124",0.803697229001543,-0.51200883822084,0.638900641078905,-2.04569777728089,-1.53081618801124,0.906396788257704,1.41812049412231,-1.34971956320846,-1.52316036947593,-0.132045247630847,-0.0929303762480214,0.223603178849713,-0.855588925679105,-0.461826024614649,-0.598025086692491,-1.01063192213352,0.0657128792553337,1.26618630730682,-0.188692931498827,0.0516875168306016,-0.628317465775102,-0.290167883187154,-1.40240349712252,0.181811796877109,2.12087251391983,-1.59552804997321,-0.166261557516549,0.879574692383594,-1.27375156173109,-0.15168940562589,-0.915680059068849,-0.465179782467059,1.42839871094479,0.526706674974059,1.17562266519729,-0.929510845381872,1.43633719363347,0.13083210324617,0.613143323177675,2.49464558930127,-0.409269971734313,0.327008553366423,-0.620543387892923,0.759066575553125,0.469760931157389,1.70098894503193,1.81438996170047,-0.178287337835037,-2.11656278861918,1.51379723198052,-1.23341852447776,-0.771734684577755,-1.25987458151324,-0.527342879838192,2.09593492897431,-0.491702256126943,-0.21099768086945,-0.904652020508476,-0.953112594457133,-1.55106652254983,-0.327175783154491,-0.390348642979152,-1.24700869192342,-1.8645430210774,-1.34109711070397,0.696315708432969,0.00903712116351796,0.549120022000118,-1.01510635439212,-1.10983783732316,-0.690251269680547,-0.16728067101503,-0.155562853445554,-0.599295730349794,0.152803993849915,0.641762037595618,-1.58404844160873,-0.205886884983442,-0.608203632853989,1.02101048915892,1.5232006987954,1.55238750452127,-0.411752795794148,-0.339734739955791,1.05822842691784,1.91297725654592,-0.148157317421052,1.21442320455239,0.884957743535904,0.978780185709084,1.7909380689671,2.36579455139528,-0.506004613423416,-0.476923342214994,-1.57539851875111,-1.26602681700558,0.946275023868141,-0.18793822241517,0.890020347555675,0.22422045040844,0.340091107322794,1.69007667237573,-0.0609282807860026,-1.51809445159191,1.3839139771906,-1.56677304725607,-1.09308434110772,0.808615558897538,1.35566180454615,0.841784539739335,0.540520263230756,-0.202866203866489,1.32559646466811,-0.788747028071707,-0.305276673293258,-0.516482596172488,-0.261089878897136,-0.608819798582728,0.57019937179504,-1.2321152533059,-1.17692091463797,1.188186685776,-0.884694031484583,-0.416329678459227,0.0335960827534079,-0.828119178445421,0.344185002090544,0.899345430556237,-1.61199146689917,-0.778466806075779,-1.33994226673817,0.42206720314033,1.65188462828775,0.217429585967256,-0.352897782366977,-0.761371395862194,-0.5012645501526,-0.205856746188571,0.868937640256789,0.0540183299395463,-1.71871645931679,0.628734212662032,1.00304244264722,-0.744850960615366,-1.22062285885349,-0.10810478720929,1.60468374303426,-0.0855873804179646,-0.410292829324247,0.30752373150315,0.146182121658421,0.097535504725589,-1.21632493770687,-0.837156249913306,-0.3065931854412,0.202625721451697,0.165340147940455,0.824306722903072,-1.19689393114181,-0.399980394137416,-0.557672574277245,0.880817533393038,0.768839239050384,-0.267322955507223,0.360427268010533,0.411345261414688,1.23542103510882,-1.35375568015613,0.454080306158871,1.19222405606135,0.0838018547028302,0.601491278505977,-0.936089093305408,0.162058318027274,-0.503651933636893,0.322409705604063,-0.682307895610145,-0.17373104106329,0.928549794450001,1.79644063939981,-0.299489380490051,0.318760821042906,0.994730420000594,-0.163730109292497,2.27785640058832
"125",0.967650013369401,0.00203387530165894,0.427822255778221,-1.84420111028916,-1.22928870351924,1.0823837143795,0.828279092735241,-1.34800371233026,-1.33090782151265,-0.188666387845567,-0.124253608170604,0.359626246040916,-0.608347943801682,-0.641371703421664,-0.686790739523959,-1.00253749605088,-0.414170462950594,0.824463788903471,-0.154160278623557,0.110716634149923,-0.603115215000849,-0.398521943869497,-1.35713619765368,-0.01629887767451,2.22945856560425,-0.745878816209468,0.336335979254798,1.53452398342092,-1.34715026047951,0.16233045531889,-0.970422890045159,-0.592232712691023,1.6516902821864,0.517369476310903,1.01052972659185,-0.920636042036011,1.13062965448844,0.0989430958566841,0.70203634313624,2.609692719478,-0.206906916865618,-0.000485873644659884,-0.428339686290235,1.02018220679285,0.362274528188855,2.34758727815487,2.04768512418888,0.317057327792057,-1.3331925098299,1.35008593020842,-0.80519482526838,-0.808094270731195,-0.797462987413311,-0.557355452245451,2.31011996174966,-0.0612478988519109,-0.0905612124430376,-0.864421830306479,-1.2354631493379,-1.65433062150324,-0.807177946923626,-0.306006311904013,-1.14733286632107,-2.32661485072053,-1.7923917695189,0.574955398499056,-0.622951561052504,0.604275508803149,-1.10649545874022,-0.83088366478037,-0.677275192723906,-0.301000975023686,-0.117669472356911,-0.620278420429975,0.213987998159338,0.753600382780169,-1.7023949338212,0.0399822128872284,-0.750730026258655,0.927435321378143,1.42149358867587,1.26267950392442,-0.189866217784392,-0.571195138550425,0.857745342869452,1.53557675792648,-0.356581337963589,1.21874914508054,0.825901990018608,1.17006864739517,1.76222104730628,2.01642719544092,-0.990959533258861,-0.636479948282508,-1.13724239148438,-1.08323831598449,0.84745658411368,-0.671763069738366,1.08502902408133,0.453138303882859,0.662840772212971,1.66772931799702,-0.128302241926274,-1.51018812699782,0.942655658579793,-1.80540784824683,-1.85391736073387,0.83976830870066,0.828230376418363,0.558589214898441,0.63535805955127,-0.0637903076285112,1.17740206742788,-0.323569565938415,-0.355775778776522,-0.825178501848319,-0.157901693532881,-0.546191220543888,0.402225618994692,-1.66852534701733,-0.635797522259587,1.22499929813751,-1.118336036847,-0.648151915894156,-0.101799701566873,-1.2366690050039,-0.575440449852849,0.835571864933523,-1.65880709929688,-0.635660721832073,-1.04194674901654,0.386371924314558,1.3693211280936,0.201490854251875,-0.385194797223629,-0.174223335276464,-0.411584240324913,0.108111817527362,0.863392231508775,-0.633476520070695,-1.41219902740832,0.424093072828283,0.921749536583775,-0.785488435080761,-1.40958494551341,-0.699063986569257,1.98860989023485,0.152568007702086,-0.349181143091829,0.665048263230489,0.538692241271198,0.122251530907933,-0.547277399958251,-0.39133324656587,0.00567971993519272,0.405000165846177,0.0301617395123841,0.142810721830374,-0.785873568828651,-0.936540512921302,-0.21452745499912,0.801838901681747,0.737330106764459,-0.360647946448023,0.400336839933707,0.660273357168066,1.20052750355831,-1.89648595867607,0.56781820780181,1.32391932364205,-0.00548539746003447,0.357831157321554,-0.624012141226186,0.0285640786328392,0.00988551244987064,0.125364523298698,-0.925004146916125,-0.530884045838497,0.913922221589896,2.19420847206812,-0.360914291903943,0.0677938845685058,1.14964696726895,-0.0037108500151698,2.29551347534693
"126",0.695398737632471,-0.705094215843957,0.715123053200991,-2.06795208021744,-1.67785842061907,0.894908952599688,1.47375210221486,-1.42173295500798,-1.08190268701892,-0.231882890965842,-0.363470647576002,0.186815355356193,-1.03109936918811,-0.576319878664732,-0.608003058070309,-1.01737008907043,0.175487434294838,1.13551148573781,-0.352613584982185,0.0928369377609041,-0.609787616444082,-0.312969068181058,-1.35849984131153,0.00808537867575226,2.15417421511235,-1.57314488310293,-0.1910116082342,0.875766340338627,-1.48878308349783,-0.100777602589381,-1.13158960185808,-0.556865025650665,1.41413633620344,0.384262924305902,1.19932265005817,-0.971333385602298,1.3395785567683,0.0766035142265644,0.704663089104599,2.46390369285085,-0.438233815116192,0.410656427463084,-0.334029781664568,0.888489654351817,0.522608065364777,1.86979465016656,1.74922187604071,-0.402750443039357,-1.62114876569682,1.50203283206468,-1.29389890915035,-0.553779171371881,-0.797582740585607,-0.332039476018988,2.16279230217927,-0.437740323019913,-0.289003848491301,-0.861390908600562,-1.00559479659474,-1.48342542614005,-0.226443489673723,-0.311032946710536,-1.10121782789713,-1.98292781324676,-1.30508371861891,0.708526314711275,0.286692870440184,0.456531022744956,-1.18123399463417,-0.9520705134273,-0.500535270521677,-0.0453646838435429,-0.23618791198198,-0.581327055422914,0.376016605687853,0.857066428435321,-1.66456386350373,-0.252124285108281,-0.576085316040184,1.10032263656405,1.53474514806081,1.70181217655562,-0.308435947117871,-0.327656077141621,1.29019138762744,2.022512427493,-0.175139174512086,1.0371553669586,0.917023523771225,1.08660461686825,1.78513388184572,2.38073799751534,-0.520852443284081,-0.239534281039678,-1.31144694802894,-1.37640974272492,0.556055656695801,-0.350847952032733,0.802189247151608,0.0625249952373139,0.139180909729859,1.78911521919321,-0.0842478140599014,-1.36722379750337,1.42083838625337,-1.58170007344012,-1.32456738581519,0.917921142258923,1.33650531768194,0.831982957546362,0.435713810165553,-0.358221689560195,1.21383027045574,-0.68255525507506,-0.295054457384599,-0.466696796041311,-0.33047765841565,-0.635365477150845,0.539645377295536,-1.30578826657812,-1.29399911699228,1.01749060186925,-0.804820698889914,-0.415344408488301,0.0133879451171121,-0.805144802825849,0.224735084550792,0.729420669795892,-1.72217983259403,-0.884695551757444,-0.509837970546431,0.637794193672268,1.42278054787725,0.239744450740111,-0.360717635452267,-0.95456575895097,-0.513484315638539,-0.244873126798231,0.76935400220098,0.214678681124388,-1.93186399324153,0.63833956006803,0.94785336002465,-0.968520661871206,-1.16055793653058,-0.245399383670755,1.53691070725935,-0.221161396855034,-0.418209566239188,0.136607400201368,0.106803381321461,0.127896405833535,-1.56854181472903,-0.663430452217546,-0.269845308530874,0.51833206275086,0.591655944711507,0.788149085024397,-1.65290479214143,-0.421014320527007,-0.55990696757141,0.818382671013723,0.707999988540658,0.0756896444034772,0.372085900429503,0.470295107105513,1.30583674467494,-1.33344733395188,0.448043409754812,1.18321493184458,0.381383402202118,0.485942365414905,-0.931724031128709,0.0939904044817132,-0.697099113020096,0.168843655837941,-0.52878351050859,-0.245781660350997,0.870849969858382,1.73196743056259,-0.128572855217978,0.233343216560355,0.760664462504639,-0.045303001218649,2.28786159683011
"127",0.861914301534694,-0.425110628184246,0.547678874009262,-1.80463577740196,-1.32549686207702,1.0113025516859,1.12179386167496,-1.12118947839165,-1.84459576171371,-0.380737712334268,-0.0984684651014016,0.336762187669424,-1.15932976837136,-0.686183998696765,-0.673467444238526,-1.1973907039834,-0.152761458722406,0.79185433170342,-0.314980848181431,0.12199714103527,-0.404993572029823,-0.316564754438471,-1.42076258096731,0.00484244051862948,2.13313047355012,-1.34502903864204,0.601853358289961,1.81744315815167,-1.28999326772711,-0.593865851430986,-0.776428834599532,-0.467242870892838,1.60818969531433,0.441572704543614,1.27503312304752,-0.793857355576768,1.42228316828986,-0.0996263437534498,0.622010767748293,2.53131136819119,-0.228910844090998,0.326558064574258,-0.734064211023153,0.313045792063283,0.276443516196933,1.72410136263598,1.93276621945988,-0.0890569601914508,-1.07875357174164,1.10968981840768,-0.950704689788642,-0.713107743654288,-1.3784159789075,-0.545001497017574,2.13369016729523,-0.547335305970457,-0.29614767138982,-1.19078916740803,-0.641939829665943,-1.24366954824501,-0.692519643009641,-0.237218296485988,-1.58777693015445,-2.09396216557641,-1.46771094396074,0.613195134662619,-0.241820380485537,0.60526895035173,-0.961069629756628,-1.12132601864976,-0.388202956034285,-0.364074116408771,-0.138626734545102,-0.7827501036925,0.419741731357015,0.955507057341457,-1.58776957127683,0.0168528496984061,-0.507180190609392,1.10436006568671,1.50334143271469,1.62609433624597,-0.687284768941649,-0.342169915905386,1.33921776041657,1.98299325396206,-0.343209499775115,1.2771399649375,0.806179096944005,1.2022904018918,1.67417067455547,2.35887406510493,-0.565841539197645,-0.248100239149133,-1.65247830731017,-1.03227033208895,0.831589132232391,-0.647941168723871,0.985738328671571,0.297582161116955,0.44408885938095,1.65098107350451,0.134028863071105,-0.98134200515231,0.838352743869633,-1.77995163014078,-1.53029312375228,0.723860216711608,1.1546360846648,0.930444342674858,0.61128247963739,-0.00282483703908052,0.917961019092992,-0.849431295489021,-0.426085233911243,-0.47628444208182,-0.199407115422656,-0.610470015482122,0.49978320702834,-1.37561850801621,-0.877957083383062,0.712845061225576,-1.35159934120069,-0.326533222054218,0.0516401452677832,-1.10232475539446,-0.273374777970011,0.980604773631011,-1.62827406455543,-0.631902204656518,-1.28008878171769,0.277947934549664,1.47160732825002,0.120135019709443,-0.296199440355283,-0.628095596902561,0.113578496125157,-0.115403349818795,1.0732642158091,0.64593895321734,-1.70519333342831,0.654141626846157,0.897318129714243,-0.827990690893845,-1.19295228744052,-0.769885538336376,1.60907585482166,-0.00562376114377257,-0.497848197200183,0.458201719505092,0.392307196706385,0.349719106153932,-0.647383498063113,-0.874148210548699,-0.314246859419352,0.422990827243964,-0.0409782093629393,0.722343583429609,-1.11942425280942,-0.456180709735165,-0.312783623680038,0.733624659445428,0.77556602132446,-0.198888153325535,0.365812780575777,-0.0993872845437641,1.2589849337355,-1.63098262855589,-0.0513961164425526,1.28907915554633,0.0868633363164254,0.702133816165197,-0.966683495307429,0.0845260427732602,-0.282794952358308,0.311449470843079,-0.796624037380244,-0.263966576189599,0.990921151465125,1.99267052386242,-0.163636505567332,0.464639717886111,1.1256924926005,0.0751605587679263,2.20076522588444
"128",0.893318216834154,-0.686042731528821,0.751317009278114,-2.10174187193462,-1.36158801968642,0.926605430892518,1.01217998522813,-1.38555565764711,-1.35427908336895,-0.275545513512041,-0.279986550113046,0.247652658586292,-1.3179206330692,-0.54064077579936,-0.571910135991639,-1.25406048152067,0.308472579537868,0.895965580860446,-0.204304340441352,0.141478784129654,-0.239347777958399,-0.304963516599621,-1.52972804902903,1.0812942986527,2.18468831789539,-1.17226067514199,0.258758945921475,1.34690870167264,-1.45801370002866,-0.330013377850584,-0.805043882155444,-0.40113412113198,1.47722817595663,0.351988964164603,1.28140857496943,-1.02012297894785,1.43315836435677,0.00552909050397949,0.692168899467834,2.52804373810389,-0.14468807851652,0.274598832901137,-1.16078110635469,0.920740940907607,0.649806348939782,1.63378327315308,1.84015751735932,-0.351102876316276,-1.30860518168577,1.52069258248936,-1.0321322889602,-0.693138119942573,-1.27331906738895,-0.474167171089894,2.01220702560745,-0.497956127669795,-0.336630985800986,-1.11568017523784,-0.883866139914874,-1.04425202397191,-0.682669339876958,-0.387625671851862,-1.32884888545684,-1.99650772190998,-1.23381277784414,0.670149878290615,-0.0623464727691389,0.966112665371449,-1.13012498170011,-1.11548680303239,-0.183699847201916,-0.393257660943499,-0.231978399092367,-0.646443394520607,0.652630813916516,1.16018076711467,-1.69263906303218,-0.0371747537184698,-0.567683715434145,1.06628760419145,1.41872853587173,1.51337676786345,-0.642581892514084,-0.404103328976235,0.957202589183051,2.03731659774432,-0.215138018559255,1.30168445608747,0.85002460689742,0.998982909035211,1.74360379279711,2.21844634549026,-0.326634996579388,-0.535202902382008,-1.07681751618424,-1.04130976233677,0.396328752855949,-0.3778020885609,1.12763366852998,0.123595804994059,0.229411219438405,1.68488727838635,-0.0796644077965376,-1.67753330745818,1.4208146832693,-0.425994840192238,-1.27887151125681,0.66566851386814,0.384997632422887,0.789956024649762,0.458977682036787,-0.281879499865313,1.15607735287786,-0.9952148588211,-0.529565304409362,-0.513134492595099,-0.32412612564835,-0.576423305100222,0.823005911633486,-1.4221822615214,-0.914378295825047,0.0109345039982529,-0.954486216158359,-0.723752420085977,0.195151171334647,-0.803843385304587,0.105887391000319,0.946089191540661,-1.73256388672202,-0.768646317884032,-1.26675888871053,0.348101869177486,1.65404707716763,0.221950359178396,-0.39243521793376,-0.875785523759389,0.226030767643197,-0.194233460149047,0.916988469139001,0.578324109864118,-1.85395304610883,0.568606550632153,1.13930343875855,-0.629406606353131,-1.17829376863821,-0.806939460731171,1.68967565823532,-0.184631915601118,-0.379361920411629,0.285717208808951,0.559079405425282,0.216473266066009,-1.13936819073981,-0.824772972730782,-0.462657432710852,0.336970193932737,0.12685856294209,0.961183609107589,-1.20147032320181,-0.520754777333278,-0.731217160650021,0.736286818691793,0.741847589804192,-0.320213558733163,0.393734973090442,0.173857686728409,1.24444987565741,-1.56619017176262,0.426908449926577,1.25761515143522,0.0363023870703427,0.443099310446162,-0.747237322185187,0.0117276433488717,-0.33957401451538,0.534792882152231,-0.813937413408461,-0.904676988786348,0.938621960284776,1.82221224687615,-0.137412404331342,0.222446578939954,0.822653692306403,-0.155137348189017,2.46892779120486
"129",0.976648826290196,-0.452766091615527,0.70598832928671,-1.90397812660043,-1.29981536375391,1.0318049418312,0.948051732540556,-1.26198681281716,-1.6631450093671,-0.456247363759461,-0.415181626133176,0.371961025439413,-1.13849496621447,-0.583591573290577,-0.607904022287352,-1.06572684661908,0.0836828169702185,0.793225401427664,-0.0130856974944821,0.242884947587169,-0.315068817175182,-0.206546858017564,-1.28622190864927,0.182637995998585,2.302153761818,-1.06286406124816,-0.05810788067033,0.933887629883033,-1.33593289591407,-0.738864110991404,-0.753848494061352,-0.372457850728062,1.56433488849565,0.596898706935853,1.39484221564182,-0.913593224802373,1.41982407316249,-0.0926164299520523,0.739197736908318,2.54018739662252,-0.0834663490130399,0.395236802745932,-0.969616704717159,0.31820538576918,0.379347636745642,1.701906276722,1.85712525851656,-0.170109594630432,-1.12394359216135,1.44755134429326,-0.482308481682813,-0.511984985832075,-1.36944080611081,-0.694607111811966,2.0253512813173,-0.397077389184774,-0.148933103041359,-1.24966435901976,-0.943265469524745,-1.20556257646115,-0.81273750309628,-0.265652814782204,-1.33303047899257,-2.12250876204243,-1.33780436222112,0.867734672190799,-0.39438451865113,1.00467179695225,-1.14215809516311,-1.05242369148249,-0.340561934208849,-0.426436025788112,-0.170283832878552,-0.60733157830061,0.484032353003538,0.97969946051949,-1.56347253346591,0.171279830004457,-0.517062687071613,1.13304498965348,1.4930773625242,1.55464396706254,-0.477050588862129,-0.30516708358902,0.906742251984422,1.90988953344317,-0.285276692848444,1.5113030225772,1.03713654230049,1.59132830377095,1.58265509105949,2.2726143305764,-0.420961459272878,-0.560442437986932,-1.56308679421598,-1.13848973544124,0.434175412716918,-0.637033692892546,1.32676854716468,0.271250869459743,0.378662955125011,1.61532628287321,-0.00159935980428247,-1.65094737060759,1.07228591091035,-1.47362714947759,-1.77858502106952,0.640330212085195,0.515100490589056,0.877923763885993,0.548225876267492,-0.0601049147307167,1.06697284811303,-0.752385452979195,-0.358474741091679,-0.575737080426973,-0.207892564383227,-0.62494913112699,0.792363712144207,-1.65248145416041,-0.938261369759138,-0.562442588516494,-1.3053323442031,-0.456142148553271,0.281399027650932,-0.869065323135187,0.125051759687826,1.04539981062944,-1.46796915723744,-0.57824204878581,-1.21279588606112,0.393734498055544,1.52127323871613,0.180491209270918,-0.385924959010887,-0.717852617370587,-0.116431898443149,-0.132689362035915,0.857546165287578,0.519402889188603,-1.69647271922202,0.596526672719399,1.14928101365032,-0.605027593930754,-1.06319461878244,-0.967493978049866,1.7496673578828,-0.0378331300417685,-0.659632868776041,0.350432926083615,0.71166942776606,0.298041188138618,-0.901310964696437,-0.848547676812823,-0.357048397618058,0.595017177936838,-0.0297248497965295,0.833605059203673,-0.985331105633752,-0.523028118659847,-1.33598508789566,0.580633062175691,0.826898823945925,-0.534757799965286,0.496059660786005,-0.21926907109959,1.26213843671953,-1.12142678711006,0.126328164250943,1.27205327046874,0.0804300351411461,0.465068631597325,-0.746658722357185,0.196743046560872,-0.225344164068495,0.331026429043767,-0.469436773106742,-0.717495463238302,0.966867873173715,1.89961917786823,-0.0286121435844929,0.314072697009282,0.987389928966607,0.49414753784542,2.27475683669604
"130",0.854745966498422,-0.523295030927809,0.765821443552702,-1.72510610822756,-1.59699998847571,0.912743875965943,1.14325893786613,-1.38234918521609,-1.73110870690651,-0.389744235116569,-0.158822560133984,0.223287661157772,-1.15200964749357,-0.690069665300806,-0.678932081312686,-1.05597710042558,-0.163839820417411,1.16092036242125,-0.231790699706967,0.155571509552628,-0.507928018078064,-0.276623300378563,-1.45480824438034,0.085603564625901,2.33653466304541,-1.31694041733329,0.285428286679654,1.37132007879371,-1.42913494832291,-0.945415797457367,-0.765117734728411,-0.389208440829249,1.52485960654665,0.300055214746357,1.2450029807753,-0.633342965937248,1.33976951205757,-0.0140155673930036,0.701276176962379,2.50394606936936,-0.0654489849557725,0.397665611577493,-0.94343899353287,0.448752197661052,0.296407133061279,1.72140855801551,1.82407898603619,-0.208161820074233,-1.49417822584958,1.48197509630556,-0.873215699801869,-0.990426460915637,-1.46023697497415,-0.626267835424632,2.01858628074957,-0.419176175880241,-0.161970588029479,-1.39062450168028,-0.794398928923599,-1.56675126416112,-0.55327278391398,-0.400044596671126,-1.54192604270033,-1.87289054571526,-1.60930404473005,0.652084891018496,-0.137382414280974,0.551829102593975,-0.812829213573793,-1.12347398648759,-0.592151248325591,-0.335398754190588,-0.109466908909443,-0.746675532166925,0.285629973389861,0.734793629959913,-1.61075017491063,0.264024752322104,-0.488762306618255,1.1585217768497,1.43161611462038,1.32088243615133,-0.739288390626698,-0.272421051729657,0.667595690861536,1.87959041314123,-0.317135388346144,1.25443483358155,0.853563777398084,1.20223486147694,1.6158359225171,2.48860999805295,-0.725013418943882,-0.748411893110517,-1.65895467839058,-0.960796470687758,0.811551889817855,-0.347280638693998,1.03764093391135,0.195696425947197,0.341387732313815,1.67639760521434,-0.0572692322821198,-1.38025220202826,1.47798112307493,-1.50259415543578,-1.19162073946184,0.742386226315783,1.05457098410024,0.779662820999739,0.449674356542433,-0.177478332631719,0.926883237695221,-0.767607890468964,-0.51511042685749,-0.357343597190193,-0.259294388680161,-0.509633165117488,0.59748489998272,-1.38239664538362,-0.602042629870234,0.846879313241778,-1.24248960598433,-0.313657780865563,0.136876964462114,-0.995377213276559,0.212779250132866,1.04750158072368,-1.52255714022697,-0.591733349527595,-1.30897543130197,0.466879350354109,1.56042179745866,0.220482556986112,-0.199479715120771,-0.720439922527765,-0.544168531660401,-0.150182301085042,0.995656912192794,0.548976731168126,-1.70925023318505,0.591552903288897,1.22344367877371,-0.681436509282781,-1.1934510896447,-0.242233821354838,1.69284676377316,-0.0881793266643599,-0.428324743476795,0.492733230689418,0.580693757390124,0.341394869233409,-0.778675266573972,-0.883210776285192,0.174601305743648,0.454156624504498,0.3425999176949,0.921406156486992,-0.923909630503173,-0.565135655582374,-0.979219383915863,0.761194420472789,0.759058329529765,-0.523811538888115,0.442180064701212,-0.324282696847701,1.16351742512606,-1.13143487931426,0.253346127189672,1.20907595762447,0.227044731513347,0.68746417626144,-1.0094588878993,0.21103603118505,-0.216678893963745,0.268795737406704,-0.583836683000686,-0.301773423657959,0.901859533691017,1.95835734984066,-0.156811787657354,0.285006503683724,1.1321628122633,0.10304774771464,2.15671003073256
"131",0.923839648570945,-0.464703693417224,0.621255171421823,-1.83125801745854,-1.51352687522956,1.00546055907201,1.36930022070526,-1.32278331463225,-1.35863293628861,-0.221002382194826,-0.00711352990969712,0.316811845195746,-1.26466675650423,-0.481848466541931,-0.737672162396161,-1.18054504638623,0.243186647048481,0.892555728401411,-0.152608714452278,0.105413126989528,-0.421942955773688,-0.330911632261384,-1.24386680382548,0.13499191614207,2.28904447339875,-1.49887388169287,0.509560115877962,1.55902003899007,-1.31743534007062,-0.366359770211041,-1.26646909905402,-0.463323000615764,1.55678782843619,0.385931165718181,1.24192111499556,-0.944474805604468,1.34985376154148,0.201969009560525,0.45950647557209,2.53863687777178,-0.18838450665538,0.257583340984288,-0.365321839295728,0.62982163015735,0.434068160097511,1.76420409734783,1.92208308824528,-0.13851447412577,-1.41110957914622,1.49120390491793,-1.23434978448474,-0.8552539866719,-1.05826165219644,-0.487515262469674,2.15784648465948,-0.497339809336556,-0.122582146408552,-1.17207140462594,-0.790742482951752,-1.52184303487212,-0.197806778695688,-0.286260611200689,-1.3238734873317,-1.86009299283662,-1.2339774908456,0.73911493095386,-0.263814465514086,0.406805575546463,-0.999083013153202,-1.01552292230599,-0.906359480331001,-0.0513379816793011,-0.138464204176787,-0.721074160546987,-0.0258988438704071,0.458765983548574,-1.5458931278049,0.0334155512023863,-0.557756385085797,1.11629673699951,1.61130340254933,1.57327929945325,-0.536804479756128,-0.342553721725824,1.00069148628239,2.00889475676291,-0.239814734253838,1.20173060710871,0.934624458597168,1.11106322353399,1.68784936295226,2.40780637391701,-0.676858635260309,-0.517363531248145,-1.3607934621169,-1.20036248289171,1.19153424120617,-0.464208121562002,0.864770723622884,0.188177416577693,0.335802426606637,1.7750667500886,-0.0368731163631987,-1.33738776418467,1.30925246985819,-1.40189703264957,-1.66051512815931,0.854680842527363,1.3620028733112,0.86974810387659,0.603885018241422,-0.151612289932208,1.06316552897935,-0.778064122600304,-0.546029828522562,-0.342084001632387,-0.275369143348005,-0.45410836611224,0.435965701350822,-1.30938630663677,-1.01878913155736,0.842005796636713,-1.01216428874747,-0.543557539446764,0.0655951999042683,-1.0538372015216,-0.0615633007111072,0.580201745970436,-1.77866935482167,-0.715737164841849,-1.35219339817426,0.477880999781799,1.70972047098238,0.260431104372226,-0.537670447451841,-0.647716423957223,-0.461061785020732,-0.0746577855094097,0.711079482773386,-0.125496687482928,-1.83757257356185,0.551661898293953,1.04418950716999,-0.608772253151697,-1.21687182942962,-0.331080409910307,1.61195266240648,0.0307271681745313,-0.26175279593558,0.286752542378876,0.659559995162355,0.126793142362615,-1.00291995324896,-0.692087724081129,-0.417736627358126,0.0965521375439689,-0.12424543189352,0.691614965652587,-1.14730743737812,-0.499074519758042,-0.32692757148195,0.629313190639073,0.747646725321015,-0.333159251727817,0.22686167893194,0.200472781844424,1.16791791317843,-1.41907061978,0.517992770414577,1.3240474664594,0.276784962446836,0.298232044675101,-0.865013334908835,0.0771239598599945,-0.341179741139883,0.29517146233321,-0.849819325349722,-0.220939632872304,0.933476441688886,1.9432224464991,-0.48679341585593,0.261869484866609,1.10667636387226,-0.0502969852037305,2.14726851529618
"132",1.02520604143243,0.105373210999914,0.367507190652135,-1.50303832281653,-1.18741803479364,1.00806206968343,0.781313349400626,-0.888660050032517,-1.37357605349593,-0.112731825910932,0.0190300451764957,0.287281725088222,-0.481328073417347,-0.733848034305684,-0.611995753015352,-0.729257116395497,-0.390687444087287,0.529096233414134,-0.179631013098733,0.18728917349623,-0.363353177425917,-0.263146696534834,-1.08385119785719,-0.0125738973619242,2.22547060096744,-1.23545821562516,0.429334845825506,1.69812046006255,-1.38586476813644,-0.206409933493351,-1.03714944166962,-0.447332773933545,1.61655051138716,0.736022858702738,0.688514010100007,-1.12906287145279,1.30464492403575,-0.185027054823287,0.525103141799423,2.65988030057789,-0.405233963364096,0.0281683036669883,-0.311315013449246,1.17716494799995,0.318561669133892,2.32674306821868,2.01162238247124,0.404003417822869,-1.92604945164518,1.33965041236435,-0.977749233446551,-1.31970839152695,-0.998866158792112,-0.541412612301674,2.2627044383952,0.151001224141466,-0.0197813892671188,-0.507766160714197,-1.01625004159392,-1.8501647312356,-0.838781438504676,-0.118182840947415,-1.05024367221315,-2.15373719746013,-1.48490228034588,0.852845345461328,-0.64808342978853,0.933174347053276,-0.836324119393714,-0.847109042879199,-1.05515050686364,-0.193225685894495,-0.0434291595495101,-1.14125023416647,-0.236812865995457,0.271080108952894,-1.57529175124253,0.184015402531037,-0.639080755949986,0.796382777981662,1.43638290167063,1.35524926483172,-0.240923748127084,-0.600326590738902,0.823592988677086,1.33066975139405,-0.253732751881528,1.235667193619,1.08376841594413,1.22869223447289,1.75562039150445,2.24595588815754,-0.925818936977548,-0.765228426989628,-1.11358284825509,-1.20071807409014,0.967313049197635,-0.586709768360412,0.952713298953936,0.55264418826424,0.764041246561496,1.53981331256942,0.0823934274479095,-1.1970654927478,1.41093070230127,-1.46823506173367,-1.58995763838482,0.646277753721677,0.49633874275861,0.615244791133848,0.539605746759452,-0.211409079638982,0.978403955416498,-0.289748039883263,-0.351242561317888,-0.699080009954359,-0.338758618990843,-0.330515197270785,0.340715043039886,-1.4405240059645,-0.721020775495531,0.428937778067075,-1.09776662048197,-0.656591434715292,0.0267742283206422,-1.32527761726305,-0.647252910532186,0.813577606223456,-1.64169254295824,-0.397913722779795,-1.03498630797883,0.486262388075243,1.58927674325795,0.394417481658336,-0.632921674765911,-0.0977434111649004,-0.902188528861862,0.171653911910337,1.00909601658748,-1.04217175664196,-1.1367535442638,0.527238019832155,0.919520507248936,-0.639368036474395,-1.3380102069752,-0.725862943964743,1.74211586158635,0.283658775630336,-0.398923069499423,0.869624222727061,0.724785643039749,-0.320783272222786,-0.619001799043986,-0.44738542589712,-0.0102923567033233,0.549589726527215,-0.238167313378863,0.181205992386191,-0.637599955030827,-1.03245851095565,0.0585128021944201,0.702399945355739,0.875937406949223,-0.620815668513075,0.415941826887583,0.411868152878651,1.17537823877826,-2.30330092329545,0.0439106412816561,1.34095182063713,-0.242617967548828,0.38370191392008,-0.364202378543304,0.0990793042057495,0.275980013475237,0.102867896872212,-0.936028702453953,-0.899237342887649,0.844724348822879,2.31366572066723,-0.256459591366878,0.315835824079749,1.1717833106503,0.0593386124324087,2.30311153161972
"133",0.783309613756167,-0.70543377192611,0.74912356396958,-1.66916869629402,-1.40681257695479,0.848620118032721,1.17874480974499,-1.20546069541503,-1.35760561972266,-0.345270008045107,-0.27742585365246,0.181981896039477,-1.33127476063895,-0.545263432693638,-0.685612959665319,-1.22205087370777,0.32830682738314,0.812994049870215,-0.367783975646957,0.211978473609622,-0.341826380878955,-0.254433123281516,-1.49711429145217,0.948660029780653,2.16479878735556,-1.58323612257158,0.313667078880094,1.41326474230914,-1.4071533475768,-0.303395189501463,-0.841569654455813,-0.43840871357715,1.39705635612332,0.348472136939024,1.2605424893997,-1.10909220209721,1.48334406096887,-0.124613512218648,0.579655543534416,2.48515972338809,-0.404760149276175,0.326357749261024,-0.925723125898399,0.526848276721657,0.780281265018692,1.62869834104396,1.66780420340083,-0.357384386324647,-1.61363767372452,1.47550907795084,-1.1624897393275,-0.738833309721519,-1.25673045417289,-0.439816062492826,1.97950941501949,-0.529792143920655,-0.451467737787295,-0.868532600158536,-0.92906246778504,-1.23254256083833,-0.295790920749144,-0.0918814754744561,-1.40237195689034,-2.00620548576111,-1.13870086197727,0.581271918668268,0.212347682748364,0.809645906627776,-1.04317481750433,-1.12322243152973,0.26582451952485,-0.228032306773299,-0.212794275810276,-0.659050761002665,1.05497626096909,1.60207733042185,-1.61943280288255,-0.0798806086438106,-0.585750137435589,1.0361541373813,1.46097783217383,1.51315136168603,-0.564087298827748,-0.405570812661223,0.65172998373573,2.02977763105244,-0.285288590311976,1.28756438798223,0.780632839233166,1.12658073718582,1.64754319632554,2.37956177648153,-0.463038651997516,-0.879572815663259,-1.71271377843527,-1.17770435621669,0.21842134955964,-0.225543085568903,0.911096564650391,0.133368065098426,0.238314940618129,1.78054807520055,-0.0206473733866198,-1.5072590983362,1.38635117245096,-0.425092201123693,-0.154912042645944,0.731816813274348,0.459551663620801,0.960235315591566,0.483290313988789,-0.391169567492504,1.24873025469072,-0.92738720797035,-0.608337428529944,-0.414858742439216,-0.37788469498319,-0.674563683871003,0.727807689711249,-1.60393660535494,-1.0861698546978,0.446164361123365,-1.18396665157127,-0.453844397811983,0.0650853133642686,-0.804733113894753,0.268347149362153,1.018790263148,-1.77821385788365,-0.75487039519399,-1.16988141037655,0.324768028844212,1.58410118008387,0.302672754951307,-0.411273550796949,-0.870044784083336,-0.360875551479335,-0.247413619324409,0.723475768504752,0.537087368544594,-1.93809180350551,0.843180848206673,1.0670332676388,-0.75665855425723,-1.07071182584532,-0.797424715157334,1.60920703983401,-0.28526180306921,-0.386732099437466,0.215543445209881,0.465527218340644,0.137259689292271,-1.12839103117897,-0.850148518213164,-0.656679817677744,0.362912569031126,0.225847072847662,1.00038936007186,-1.22495818906516,-0.631344512276185,-0.68922781003042,1.14382301235317,0.755899098277193,-0.183031939438378,0.397305479503253,0.182158000731151,1.19154829126996,-1.48335068613092,0.314015066287443,1.19861943662467,-0.105531693353065,0.413576433474941,-0.733977759991815,0.0795166360332526,-0.388434464959526,0.706485616260832,-0.693049392521935,-0.886215286244462,0.792476304458346,1.7429391312317,0.24766757420387,0.281048928147149,0.671319566679173,0.0269660141508101,2.31034850288005
"134",1.04032120095554,-0.0847593695612322,0.421687330771451,-1.79539109936559,-1.44994919377683,0.902260051543595,1.12495914906031,-1.23019511620264,-1.32667393484419,-0.614493338681093,0.262612175746987,0.166597880265243,-1.04579724325229,-0.806629883470259,-0.837935318563269,-1.16419257109622,-0.55412181511035,0.88629133875463,-0.277659268538271,0.0427715460993882,-0.672022260158742,-0.362481370535317,-1.58498081217011,-0.0393704805301917,1.98846885507271,-0.990854693031697,0.512575227181778,1.59987996785642,-1.31202120380269,-0.0662118747345643,-0.787935465679741,-0.50519024509586,1.5710839359903,0.196690101363577,1.02353806290867,-0.73847943758792,1.27003093444556,0.492124291600667,0.601167553080081,2.63273382571249,-0.023584907135951,0.0380118942576597,-0.618978232381276,0.913149164853386,0.163987930707206,2.18339247201801,2.05335304646141,0.339101253723594,-1.68045944958545,1.49000778715734,-1.00731112856638,-0.779679832981832,-1.08626447835118,-0.352991922652692,2.23300030669115,-0.33565594687971,-0.174385782580821,-0.968532631560181,-1.02748857245992,-1.50335777651478,-0.728836596645175,-0.297199176447389,-1.31297950754545,-2.20079354625074,-1.68900935621327,0.489406263062663,-0.271684292042703,0.256203538178082,-0.690016074795218,-0.90020779250588,-0.497725566442657,-0.196190543913559,0.0757920078228478,-0.795622360815013,0.381838689481138,0.892977023462934,-1.78227742419492,0.15405399841522,-0.66304966579323,0.906994007519443,1.43521571362542,1.15326676219804,-0.300184888932952,-0.611427075374028,1.29573759278131,1.84936920301549,-0.322602440621993,1.28882882450833,0.726997116730122,1.22055445151521,1.65437802767731,2.32650310032916,-1.22894932652284,-0.372739152920959,-1.23493638564315,-1.2214163624358,0.742535880309939,-0.743729645646044,0.854851499998152,0.293719970592586,0.481549806745805,1.68351833368322,-0.0838594116303334,-1.37162901211637,1.2036101392248,-1.89078321808274,-1.457013855254,0.859410917325887,0.893954935297566,0.704442978546959,0.577849552928339,-0.0296684814607816,0.903511452426065,-0.229761342602942,-0.545846876196452,-0.662663303756574,-0.304349271497605,-0.528554689454941,0.574718319326842,-1.62783257992199,-0.690915109264948,1.06470190464325,-1.0300671340946,-0.528454505031074,-0.0793577817236083,-1.49428315290921,-0.470483039205989,1.04121105002653,-1.55191788843598,-0.581785634543217,-0.970928606537961,0.255558366919042,1.61369595517285,0.135483506889224,-0.369782996851275,-0.262911900120465,-0.169174939787213,0.122794770050298,0.911667826895201,-0.480345778147861,-1.35931508119259,0.540748286357733,1.17956471194805,-0.647933005914487,-1.36814932235481,-0.635086434827599,1.82242994798656,-0.194858903938045,-0.736136045679096,0.624057115998417,0.477535134588255,0.158555295144094,-0.620531900766903,-0.628147968330926,0.105356626884619,0.360935493465212,0.0192146106368916,0.274900308121376,-0.686719890848891,-0.851774433881516,-0.386792240380368,0.736461660228358,0.694029227941009,-0.380017016812254,0.591300055596855,0.469983532020453,1.44741392699021,-1.57850765096756,0.217087495030485,1.30440093502115,0.0248232474274667,0.504364701607933,-0.688838331780969,0.145705794857738,0.0643825209544125,0.141932992203777,-0.592148588011652,-0.548572243336788,0.931499668121869,2.13613885849348,-0.333775273332003,0.284045588555214,1.15184834538937,0.0576205770720971,1.87425124987923
"135",1.06475316806417,0.0899558067987585,0.255925860031961,-1.68650718484069,-1.2367612897634,1.03757020066821,0.882462363916067,-1.03003735100542,-1.07552460173215,-0.323522795797722,0.00233404879184212,0.334780344136671,-0.459265178415313,-0.875068101950197,-0.858550997300415,-0.608342279394758,-0.63363627232714,0.636301166506691,0.0772285479060823,0.303964246277073,-0.455066247880762,-0.323730698428946,-0.79866286277897,-0.0224334747979018,1.99151392463818,-0.841192541094009,0.2868267244845,1.22070967536893,-1.30880187561368,-0.087823946724438,-0.887326853206882,-0.490782136819684,1.6739749427393,0.598497235571995,0.866203341212021,-1.10067693267849,1.27626477210579,-0.0903233676372555,0.675150429559061,2.71189720075369,-0.0692304450513578,0.126082168630838,-0.417946934741507,0.974521632182766,0.236747763122666,2.42360519135349,2.14530846705503,0.475168633606599,-1.32806787849849,1.3056240726045,-1.01772126958947,-0.474865609319245,-0.973431766497718,-0.126798409769101,2.32685317713975,0.0742780645787725,-0.0679676391160229,-0.720037392340611,-1.09858406610515,-1.36310831968131,-1.10854095291193,-0.231590658712717,-1.06770380547799,-2.49276171972732,-1.67953989622042,0.690065943733374,-0.664894282237736,0.917560604977244,-0.944669572500725,-0.846718968812331,-0.930483900668425,-0.138349965310585,0.000747568067635193,-0.726108710285638,0.0106838981145022,0.49127329091936,-1.69538858032465,0.140031419474035,-0.624580115631557,0.913912427722655,1.46918886929903,1.55998654370396,-0.176812684863233,-0.595755473057227,0.934761901778273,1.67487592412457,-0.278518760051069,1.2266230657434,0.902610971430124,1.13733619505168,1.94284903288838,2.09657023920425,-0.658497402744875,-0.804494289903616,-1.06130659141289,-1.19424893234923,0.386465557872776,-0.93315146504964,1.05117432360507,0.473227726299316,0.679017623733779,1.68513677968851,-0.0247849710274979,-1.0641387793721,1.28131681758068,-1.87806923619958,-1.54219167645353,0.942268652891546,0.658823752034984,0.658392692885554,0.768300456218689,0.0357018189445837,0.850219704311055,-0.175993573328227,-0.362419535684969,-0.592792951003844,-0.105962923472014,-0.565928876358335,-0.56915150923137,-1.49944221318231,-0.681198165836421,0.341385236168015,-0.997131961591146,-0.611836765930371,0.0323903997516923,-1.70739124190934,-0.641357114225805,0.914477832221072,-1.6678271195412,-0.584665894816505,-0.804342026214376,0.277385098498216,1.49718965347088,0.321244661451522,-0.470515122456445,-0.0722811031164368,0.0636711220626329,0.246407754933453,0.858359660809189,-1.28678388282578,-1.17171671323998,0.519097960211912,0.929232535586587,-0.704023356562029,-1.89495961620821,-0.651998604779971,1.77663504059,-0.0215762404830507,-0.324918412765958,0.79567895116943,0.403091470478669,-0.154840755402061,-0.435253401600934,-0.50428872182846,-0.202619402166826,0.296285241786441,-0.404176518297806,0.147953281540625,-0.712266445426665,-0.785311333483734,-0.714624262066939,0.692572984421909,0.858191048116147,-0.374412654601774,0.381267984063439,0.501711018125743,1.30531271917218,-2.24961642130787,-0.138429084954977,1.35026994484185,0.0639833277956933,0.528711911070727,-0.574456269124458,0.126201626491857,0.192162889613901,0.0570237366590106,-1.09639383373293,-0.884330535848976,0.984632553619695,2.34401047491897,-0.245481695451721,0.0658488310337291,1.05762355211112,-0.0300923305470265,2.30426922792123
"136",0.86432305373486,-0.59123776571507,0.841278841419087,-2.04679094834034,-1.38578706215352,1.08361695498102,1.01724547147962,-1.05709491440688,-1.68841831399126,-0.369086760413678,-0.384838234259085,0.397339267222837,-1.09052322651143,-0.644724114046427,-0.633143274557876,-0.985419886772874,0.186108106047411,0.925298953804876,-0.108484836066728,0.291028583164761,-0.36737431270204,-0.279114948920144,-1.39669983130701,0.0351600520209657,2.41564415713992,-1.22647195862596,0.393528505333942,1.27507565112684,-1.42636354170258,-0.636759943410138,-0.706373859751776,-0.374220659345976,1.5946356600553,0.355773931407918,1.26407405560744,-0.877179322352172,1.54386744446373,-0.139094464880362,0.648404459297112,2.50364209233699,0.0302332626994667,0.243588540145343,-1.06898067237694,0.43553154792936,0.772728047361037,1.84068551286429,1.85701266620723,-0.253572394258923,-1.01557386774161,1.57230908835869,-0.715305389553868,-0.519000722755196,-1.42923673027705,0.0801847627863939,2.02700422567203,-0.285168994160101,-0.185281665668124,-0.901932525670976,-1.09415087516973,-1.25547024921876,-1.00158837112827,-0.345278171538656,-1.50245024078005,-2.00619954062742,-1.25878634557729,0.762228647857914,-0.0673480373356393,0.510829620497013,-1.12281588363079,-1.11591857764997,-0.134566728418746,-0.279695327311739,-0.152116322043326,-0.473264239681971,0.644472135912574,1.20599511597809,-1.83019456331031,0.02862653825687,-0.489104813575176,1.14937536046427,1.36888223447877,1.52412212455671,-0.618236042241673,-0.299454001286597,0.611443052678985,2.08358356125579,-0.309757568700755,1.24394215465708,0.955074145693986,1.09423492650932,1.49667358634427,2.39604340340615,-0.538241044552577,-0.991181245300389,-1.55723089981649,-0.909517512906469,0.0620423883842686,-0.439761290652701,1.23141918157511,0.243666553194682,0.355395438519754,1.7979285387917,-0.112094276133123,-1.56277776399907,1.62888339069751,-1.47327744382876,-1.41697901717731,0.907104497744971,0.810549297410174,0.737889904389809,0.581824019835029,-0.155909295288377,1.06968770786165,-0.705637813476011,-0.492985293490065,-0.274972312327589,-0.236594172388181,-0.462648426756832,0.561370628852536,-1.5004193744271,-0.839234955312262,-0.447525098682991,-1.20248311581551,-0.339431236292559,0.223103316255032,-0.761009278006651,0.0864729175744352,1.10163211321467,-1.56251186588015,-0.736125368109974,-1.13664230259469,0.292978730952721,1.47252554408769,0.235158435844195,-0.456748570585686,-0.841140036644213,-0.277775349843854,-0.0981160828115784,0.793212669800776,0.170285963948683,-2.00135031919286,0.629227366568615,1.05981006014955,-0.689265232297064,-1.02237199042513,-0.652808946437761,1.87620131536297,-0.0596897959443228,-0.264390289841864,0.0724598512399317,0.546226830416223,0.309425076746653,-1.05093365137958,-0.832824989866286,-0.484218823639515,0.247346876365642,0.0287983750704478,0.930599029559921,-1.16906335467139,-0.428552656605537,-0.517783755286362,0.773977725219146,0.719431725887083,-0.127145638583272,0.496570234352211,-0.092125972644571,1.19531989266649,-1.13060560313217,0.141725030451945,1.24585120209266,0.0866770960174574,0.25013570598162,-0.77845795747079,0.0613802558315054,-0.301088080208084,0.255842707157637,-0.913285850640845,-0.550009672235339,1.00865575475165,1.84480225321751,-0.131644612110025,0.125980205291904,0.635632421453796,-0.0450693511161168,2.44125029474879
"137",0.915018532800203,-0.440611046942404,0.634062797829807,-2.00085261325927,-1.21767469265782,0.974603154069611,1.17526406460711,-1.30917290240364,-1.6333817733893,-0.264017096491931,-0.267145032471968,0.2855538418027,-1.16836659871318,-0.847028116363231,-0.539289806977781,-1.16002386736402,-0.319617483892803,0.883181195184489,0.0409166124548871,0.204284741892115,-0.307539435601829,-0.250525889146331,-1.56956595911238,0.898587086824178,2.05241960052478,-1.46310933762199,0.31078621258695,1.17393260826395,-1.36587377565239,-0.614645272147256,-1.30130327769757,-0.376379443109608,1.5072748908304,0.486151903070469,1.17745643451583,-0.923636403843981,0.523005292330931,-0.51586960197289,0.686679548780835,2.58197945300599,-0.104358077561941,0.0298447971454332,-0.990326348138534,0.464601199287098,0.315371404890888,1.77286429392036,1.78623723362548,-0.112643337858943,-1.61421141373949,1.45798257954136,-0.855750039722527,-0.768833398690423,-1.25837874567435,-0.092559013737276,2.18122375310814,-0.377784630107945,-0.215851341002386,-1.17906990966648,-0.63121766203005,-1.14653175754846,-0.693215209813135,-0.227185339697942,-1.50603857869257,-2.11553493342062,-1.74289172504844,0.438071878735062,-0.331798648470615,0.842995131027165,-0.798880959336118,-1.17667858068644,-0.568059394208548,0.011763400255143,-0.125335637942042,-0.72957906294391,0.284501678260952,0.758957892899771,-1.79919841906648,0.183457120140075,-0.60377658685331,1.02913578468225,1.30759437363955,1.30043630175897,-0.630245642164393,-0.389202326246358,1.20617357900108,2.64241957789069,-0.359411435472986,0.703173863716276,0.685550910071317,1.28732048355949,1.81033881007453,2.34044863488928,-0.426759533424891,-0.296365764668142,-1.75625782723229,-1.06236486188645,1.00982669051455,-0.431539619711566,0.343496252730316,0.278463365069278,0.481304245180557,1.94667662195512,0.0702534291920878,-1.70283316534924,1.23682240022419,-0.339771350089137,-0.873896175838267,0.789493496573355,0.872447626481439,0.943056329266031,0.801057299652376,0.023306244344473,1.11104327577925,-0.614177595167713,-0.425307639790813,-0.548377473984587,-0.210713252132461,-0.481622574644033,0.952070214900045,-1.32870055612268,-0.963845087053083,-0.301878651608154,-1.15991134070143,-0.580190184718862,0.0650274336513614,-1.02067971514071,-0.164827541522846,0.519944007915517,-1.56407961883902,-0.615605018899307,-0.824030390491107,0.403506022657465,1.78169977358604,0.168212732696845,-0.362183042446414,-0.63054979595229,-0.637734690521877,0.0315284757842837,1.02860180596906,-0.0274069985715866,-1.66818629545045,0.784789614954414,1.04538223082367,-0.59067741211263,-1.04048087288251,-0.527426895850661,1.6734984711981,-0.134382866223053,-0.242400411495439,0.519739652203821,0.429759979899744,0.235126170732206,-0.901508148124287,-0.870062532128831,-0.111054702001371,0.142695856229279,-0.120520827923658,0.941986245796787,-0.778809497638082,-0.547511910257632,-0.029096890271437,0.710539376371567,0.634681189714011,-0.50063250181652,0.507662555535052,-0.0890343548779756,1.09429491445513,-1.51625780502825,-0.0617931216831115,1.2872789808242,0.160642040733423,0.674796208519462,-0.89821290569595,0.145285566769174,0.0400793832286055,0.44622384216379,-1.20077303824521,-0.560525562171812,0.976877137252335,1.98213504538005,0.0896665448731479,0.418824855816128,1.03959584687258,0.13683128008141,2.4132822127167
"138",0.705702245258401,-0.557670322949843,0.876947045677895,-1.71365779151655,-1.37991427498551,0.988293458929534,0.954130435044524,-1.23209151367662,-1.9264021800675,-0.210471494908819,-0.486601117380991,0.340366222469965,-1.38827753207014,-0.571707240833485,-0.639780566714592,-1.25981178827793,0.433184792824907,1.06122096181157,0.000569894295125322,0.180448650035223,-0.665228513698178,-0.202834269763121,-1.5984990860205,-0.0598190958652573,2.20045957475917,-0.953654707210285,-0.021972512083549,0.917599753305396,-1.52825215346679,-0.949408923384793,-0.71481287373718,-0.368166844945223,1.5710831066,0.232204965711723,1.47269549227803,-1.25300838599163,1.41322656817699,0.309832389348984,0.76888859842404,2.51075931494431,0.00135865248267669,0.612057981013191,-0.720389773574555,0.0136973127825496,0.435942093349336,1.57547676130457,1.60620477670791,-0.26395594406827,-0.688279694500483,1.59063649219752,-0.720621182349516,-0.192832212174059,-1.64008827219858,-1.02954387674664,1.97313573671938,-0.381246672195425,-0.23894821479279,-1.44467769573103,-0.612568715916597,-1.18631669706148,-0.969284707842675,-0.343544872950328,-1.56042921676282,-2.01169425221912,-0.96830744183646,0.690475481819901,-0.815756879087763,0.894989669779168,-0.956815682627959,-1.24086327313771,-0.142321411410924,-0.422015965694884,-0.18038701770965,-0.614657925636636,0.66486740101633,1.15615983454359,-1.6353823093675,0.0163111114017848,-0.36546690680222,1.23014203663657,1.48515730124371,1.74813878224685,-0.695342264497194,-0.179093837864384,0.540859417109707,1.81108991915251,-0.360299300197755,1.34445974448411,0.936725083267921,1.07651468671492,1.63042663401014,2.2976592003425,0.655884482520234,-0.754886161966646,-1.83206728736437,-0.923918008928646,0.356498969257369,-0.428991807075044,1.1912566559333,0.105839053327573,0.291738465313749,1.65593249365053,-0.0300680267041566,-1.56434595097475,1.52547065549594,-1.55007404447294,-1.13310954585474,0.609256715119017,0.381000440081669,0.859988420502831,0.429113458799985,-0.193966735724523,1.26602058406663,-0.967488989028835,-0.707294200525677,-0.18022473601566,-0.371467916510277,-0.350619822024762,-0.350463007161331,-1.22156034527992,-0.993584703792607,0.862013125244926,-1.23038338664871,-0.432044786976924,-0.0828709962528003,-0.624531219096921,0.470579799366236,1.05952184998675,-1.76723661162825,-0.932452088015196,-1.08946100486759,0.450144413810816,1.66219494908919,0.175197071099548,-0.349919117723045,-0.806064104836701,-0.363876640233866,-0.187402878101219,1.03069773033931,0.110154997843823,-1.86216786496625,0.667147021476056,1.1583492682783,-0.408316724165027,-0.958855194982564,-0.387301792783699,1.77308859386327,0.0356594549756987,-0.224239467912614,0.0589860012384506,0.738794770896423,0.378117007458704,-0.748477226161781,-0.978100933251978,-0.407281571633414,0.464548462982195,-0.0922678477397014,0.951018551150757,-0.841019577486688,-0.376300855938593,-0.00450751060733627,0.946900679059446,0.773540711372459,-0.357154648916737,0.463541195862164,-0.529185512307154,1.15529050480688,-1.16128799450813,0.244402323161529,1.22674236781555,0.411891868978265,0.332548015916419,-0.804876805220976,0.0831101764540219,-0.0389476633996229,0.505571003462783,-0.853071002145845,-0.855150207118448,1.01841243282942,1.69269275009878,-0.19034800036777,0.185647078481379,0.699492631468683,-0.0339387947640636,2.41224994350875
"139",0.721474914286761,-0.248657684988252,0.386576470327838,-1.70372756069075,-1.33312979791166,1.02736297091676,0.672842364931457,-0.671582219606648,-0.932643405358712,-0.511077786453049,-0.179469665358752,0.293901224055707,-0.62951077603508,-0.468334964948297,-0.773196264630136,-0.572225652351139,-0.0565841002488811,0.833914128408825,-0.958366382566829,0.511789153948284,-0.34750390912795,-0.243951778715128,-0.420784513698418,-0.0950470357585753,2.05344543480387,-0.651976352702612,0.657168902440489,1.38292971907922,-1.47726327284258,0.501453084636734,-1.14878613828021,-0.539734535016462,1.52974412549593,0.489084631697626,-1.6928840341439,-0.439022690257738,0.798630725415145,-0.0112064612259572,0.392847654028215,2.59587468342495,-0.458556663262834,0.139662940219447,0.0302070037411745,1.35908671728369,0.609461944164331,2.2403642154097,1.85532790140504,0.0545629140908751,-1.21021784609561,1.26932724625316,-1.65242503055769,-0.501777745760749,-0.752969919903033,-0.217816917144699,2.35072283466128,-0.0759416409137941,0.0661946749839687,-0.135650182035703,-1.01324025923446,-1.57575282743388,-0.618701521250734,0.061616949646347,-0.816742406796415,-2.55444225913473,-1.6525145857991,0.552011791353232,-1.02633608264898,0.588960834556866,-1.27593575100482,-0.905108566771284,-0.896740065481551,0.293653415730252,-0.245374636604128,-0.589303228633839,-0.153575183497774,0.4966865701525,-1.58858254117285,0.373860754597666,-0.663207117537965,1.12810567721322,1.58191502609716,1.47489376789477,0.0451490714773603,-0.345996877833737,0.908440838899742,1.93991214666022,-0.150478418711153,0.174106315664051,0.846118782561308,1.20881097980207,1.65309325973369,1.87728324610785,-0.693018111192965,-0.617665216557376,-1.02938926904824,-1.3463860103308,0.399541644749873,-0.671049965905203,-0.294959593929908,0.204129440603191,0.292590566132293,1.78499470452433,0.11129833625155,-0.931445734894823,1.23337245405112,-1.7989192944468,-1.67947485960082,1.13421675236715,1.19838526363727,0.864759717133209,0.533624849114607,-0.176339939359035,1.24131895087608,-0.342713187639207,-0.577762503305975,-1.18996022999137,-0.265999523527728,-0.533403725593091,0.591054444181409,-1.97505143126869,-0.567402251362638,1.94816541703731,-0.579988511441402,-0.422120056588938,-0.0229347308256831,-0.591040722615282,0.228340863681142,0.64789464195014,-1.56397005239672,-0.686341156975779,-0.0183567937111394,0.545059396028112,0.857555933493279,0.615190550662708,-0.301486320243556,-0.451001613926784,-0.227450907547862,0.0264143715828462,1.24701222862228,-1.99825702171095,-1.37504715098899,0.73416633166092,0.711943861543693,-0.990503284435943,-1.29786609144631,-0.825457739486662,1.87349600202342,-0.154864366980127,-0.466931859883038,0.608004064894558,0.69476678841656,-1.54365907523456,-1.33724370828849,-0.451114360738738,0.35324523408729,-0.691082496778241,-0.81644742921395,-0.0612427740978271,-1.06454780722709,-0.71343342737001,-0.00437628037083009,-0.118364107903861,0.949432017209562,0.0896011521957874,0.289486242564792,0.953063340915456,1.52203690358659,-1.72698530526431,0.874185625331199,1.28311899998919,-0.0550114063268094,0.547283797430253,-0.0622193395089857,0.0589619015788221,-0.292818261499724,0.0659326826036999,-0.240241487576876,-0.387096064946229,0.787421939488745,2.09899349112392,-0.0522985237867614,0.272393686779209,0.759886223672099,0.039966028603658,2.16591149279429
"140",0.751526536463327,-0.625954711049571,0.709925460318253,-1.97101171931734,-1.61136853135396,0.987748589179461,1.08944386506017,-1.31422755154048,-1.59773688154667,-0.357156426051908,-0.397775689544434,0.321826832793074,-1.2677531564803,-0.501375186494634,-0.78744196195506,-1.40121426575288,0.318600567316721,0.726641303061162,-0.0117260033291366,0.238494939207393,-0.5465433916083,-0.351251519452152,-1.53520569019045,-0.0592230168872863,2.10832085489406,-0.918757023313674,0.27232988029074,1.30176302194335,-1.4947396583647,0.0669262516932364,-0.939472726304764,-0.538892336715667,1.52911099808583,0.224955998240652,1.34060873216575,-0.916592292335885,1.24235300631634,0.069452145870591,0.643115226125604,2.47167141150325,-0.18847097633777,0.34184358465577,-0.850725155697727,0.810262093050763,0.434082454106325,1.71911495903811,1.74007100969725,-0.290576206610302,-0.469423238492967,1.43491549303913,-0.911551085523736,-0.192753352348006,-1.26935027316497,-0.572321708306439,1.97376631066049,-0.583281266975342,-0.306030562326097,-0.833425653689271,-0.848641623714429,-1.11757967698483,-0.460752686914592,-0.293439717544337,-1.46041308710251,-2.2003305752674,-1.16877280968395,0.639527673924748,-0.191505176705714,0.479302095363724,-1.17766826344787,-1.12702571924469,0.246842355504466,-0.536027837973585,-0.19333898576057,-0.496473107454556,1.07492523307299,1.57523369948653,-1.73383114799433,0.231047100190438,-0.513769846527054,1.17297789476266,1.47138708057587,1.51233281250485,-0.44100448239544,-0.289152955011913,0.996475804939662,1.75481053224494,-0.284081437679331,1.26186853311053,0.856797601289643,1.22336552446647,1.67811273375322,2.36623797292562,-0.461397422039346,-0.539236847664956,-1.52536397994862,-1.12222207730583,0.156755355699517,-0.393969539909095,1.14985182921598,0.0926985884596206,0.209659093008133,1.76607448868719,-0.173449855067605,-1.66461882630167,1.3505426739717,-1.52388278356329,-1.47907500688447,0.837586541253988,0.579317712919567,0.801085687433536,0.371167826856032,-0.221927221107662,0.925989242805616,-0.811954645897979,-0.659920449278679,-0.438250070066599,-0.42504772185338,-0.600146712870997,0.853635723085311,-1.61541328788755,-1.08681472726418,0.875416956481438,-0.933254138537068,-0.299318512183732,0.0654750170711269,-0.846508712924637,0.527712928943093,0.893531712781169,-1.56393518303192,-0.806802312311512,-1.33520076100063,0.277574651870819,1.49431580766471,0.2649727150214,-0.39430444464537,-0.820429536697416,0.0468405537401653,-0.277168234603487,0.577451136252403,0.76635187171697,-1.99364672220441,0.657572719422298,1.02862168904824,-0.725579845269137,-1.10164921680098,-0.817677877933958,1.69499723671484,-0.0583417975734636,-0.518335005374143,0.22185425004988,0.397573064033224,0.419627336302771,-0.788820101765922,-0.836536553700205,-0.387033841167516,0.582047433675273,0.316750961323813,0.802956201232711,-1.32080865602101,-0.709599456815823,-0.829299504724906,1.06373660115485,0.894640256123223,-0.309866325872967,0.257402735364091,0.545899293634172,1.1659166810287,-1.77028939799053,0.3860393373159,1.17926487985794,0.0233759557807599,0.470589006653985,-0.587966393785249,0.0451656437606083,-0.451325848247539,0.584399143712895,-0.751637286865825,-0.697664376317092,1.00242558964709,1.81788215821038,-0.0156959105254568,0.27486414657352,0.629610600915167,0.0907005908812894,1.99048768602245
"141",0.829582380855232,-0.586427442669493,0.56772469142163,-1.73638577858703,-1.29983918957201,0.884788972625295,1.10776013647411,-1.25025425285963,-1.56947204450391,-0.209228701735468,-0.503326809208952,0.200457263219801,-1.25685882347792,0.115788338553239,-0.858433464795106,-1.32978767497166,0.643077212687372,1.11055455849645,-0.131438078713326,0.0212563788870166,-0.734263590087359,-0.315187846650665,-1.67542695318014,0.0362287088234238,2.25780597378628,-1.19297957032557,0.0539602692438547,0.948163410163577,-1.40737060610635,-0.128607238181172,-0.902392872888133,-0.459025855720249,1.48247221910186,0.403346045745671,1.23310103007721,-1.38819299809768,1.23584302598862,0.0743279290226472,0.833432498015669,2.49369417908807,-0.0453660810178703,0.0669451004911837,-0.993109531677958,0.747659757094729,0.397360854839411,1.7878708476223,1.80324180566776,-0.228049471259773,-1.01386557091203,1.40638299492257,-0.95763957946683,-0.443648383285211,-1.14969446614747,-0.448855872091359,2.04386269998485,-0.502221111884506,-0.202451541145275,-1.04721962055176,-0.884402234975212,-1.41586783060223,-0.733633656716277,-0.412547059644237,-1.59275052758281,-2.0609979836454,-0.851778610106436,0.836918083442066,-0.263290473368542,0.981654791713207,-1.3941378018167,-1.10360252933648,-0.159564281302589,-0.518586535510314,-0.242557523255139,-0.534224568446254,0.596128753563204,1.17256861378643,-1.74166760790451,0.123728909535723,-0.436899872606828,1.2505469213789,1.3989223583234,1.05703346417743,-0.478352481612302,-0.235926753393932,1.20729339517954,1.68037902242853,-0.234663317006038,1.26288432096377,1.02941486311966,0.979558814504782,1.76934371856419,2.1417185947405,-0.16143415280584,-0.382349270175287,-1.54741222876962,-1.34592365951893,0.593030316798062,-0.489424196996275,1.23146559156532,0.118328586869293,0.300425917261804,1.59755373390909,-0.125786391073087,-1.5118679461961,1.44019417749442,-1.46676115888008,-1.28396567234844,0.775437266688241,0.846343122123769,0.709778136284277,0.444852332295052,-0.235712035613473,1.42882396410999,-0.77149174703837,-0.63913248281059,-0.689013711442851,-0.301340388845766,-0.575196215781647,0.618156339614008,-1.53722918051882,-1.00017099046346,0.963388065538541,-0.970590618899867,-0.573847669982168,0.0713852902760999,-0.793426127023918,0.868580525971088,0.930145114115524,-1.51182149997962,-0.677965773303632,-1.32946016420374,0.421198509852683,1.44889433252334,0.291747256224911,-0.394687433259988,-0.732643370415415,-0.225815314073433,-0.307677006065974,1.05486990805098,0.526123692635526,-1.9134416927099,0.558056222930607,0.904035538325181,-0.636749098836455,-1.11217409086212,-0.584121187278209,1.64526191155095,-0.00404537296074746,-0.329458923385734,0.452558350858482,0.467758538155191,0.353063929258296,-0.879895984902394,-0.769755231962284,-0.391817808992961,0.413866529217636,0.193801367946728,0.63549320610331,-1.23037497934325,-0.578959883315231,-0.81797613294287,1.09133153439025,0.815016753071851,-0.28646571016491,0.255707485685083,0.396210118331061,1.15452841049635,-1.49773527346222,0.6298452812996,1.22484674637825,0.121049640397914,0.230129345684206,-0.654866744847584,-0.0356136130334106,-0.466443478976756,0.344249719684124,-0.921300845172226,-0.590112823727589,0.889838061269082,1.92495890271569,-0.35340606859356,0.146229310384465,0.892686755172028,-0.159932945137922,2.36323721986939
