"","1-Methyladenosine","1-Methylnicotinamide","1/3-Methylhistidine","2'-Deoxycytidine","2-Aminoadipate","2-Aminoisobutyric Acid","2-Hydroxyglutarate","2-Hydroxyisobutyrate/2-Hydroxybutyrate","2-Hydroxyphenylacetate","2-isoPropylmalic Acid","3-(4-Hydroxyphenyl)Propionate","3-Aminoisobutyrate","3-Hydroxyisovaleric Acid","3-Hydroxypropionic Acid","3-Methyl-3-Hydroxyglutaric Acid","3HBA","4-Guanidinobutanoate","4-Hydroxybenzoic Acid","4-Pyridoxic Acid","5'-Methylthioadenosine","5-Methylcytidine","5,6-Dihydrouracil","6-Methyladenosine","7-Methylguanine","Acetylcarnitine","Acetylcholine","Adenine","Adenosine","Adenylosuccinate","Adipic Acid / 3-Methylglutaric Acid","ADP","Agmatine","Alanine","Allantoin","Alpha-Ketoglutaric Acid","Aminolevulinate","AMP","Anthranilic Acid","Arabitol/Xylitol","Arginine","Argininosuccinate","Asparagine","Aspartic Acid","Azelaic Acid","betaAlanine","Betaine","Biopterin","Cadaverine","cAMP","Carnitine","Carnosine","cGMP","Cholecalciferol","Cholesteryl Sulfate","Choline","Citraconic Acid","Citrulline","Creatine","Cystathionine","Cysteinyl-Glycine (Cys-Gly)","Cystine","Cytidine","D-Leucic Acid","DCDP","Deoxycarnitine","Deoxyguanosine","DHAP/D-GA3P","Dimethylarginine (A/SDMA)","Dimethylglycine","Ergocalciferol","Erythrose-4-Phosphate","Ethanolamine","FAD","Fructose","G1P/F1P/F6P","G6P","gamma-Aminobutyrate","Glucoronate","Glucosamine","Glucose","Glutamic acid","Glutamine","Glutaric Acid","Glyceraldehyde","Glycerol-3-P","Glycerophosphocholine","Glycine","GMP","Guanine","Guanosine","Histamine","Histidine","Homoarginine","Homocitrulline","Hydrocinnamic Acid","Hypotaurine","Hypoxanthine","Imidazoleacetic Acid","IMP","Indole-2-Carboxylic Acid","Indole-3-Carboxylic Acid","Inosine","iso-Leucine /allo-isoLeucine","isoValeric Acid /3-Oxobutanoic Acid/4-Oxobutanoic Acid","Kynurenic Acid","L-2-Aminobutyric Acid","L-Kynurenine","Lactate","Lactose/Trehalose","Leucine /D-Norleucine","Linoleic Acid","Linolenic Acid","Lysine","Maleic Acid","Margaric Acid","Methionine","Myristic Acid","N-Ac-Alanine","N-Ac-Arginine","N-Ac-L-Glutamine","N-Ac-Phenylalanine","N-Acetyl-Aspartate (NAA)","N-AcetylGlycine","n-Glycylproline","N2,N2-Dimethylguanosine","N6-Acetyl-Lysine","N6-Trimethyllysine","NAD","NADH","Neopterin","Niacinamide","Nicotinic Acid","o-Phosphoethanolamine","Ornithine","Orotate","Oxalacetate","Oxidized Glutathione","Palmitic Acid","Pantothenate","PEP","Phenylacetic Acid","Phenylalanine","Phosphorylcholine","Phosphoserine","Phosphotyrosine","Pipecolate","Proline","Pseudouridine","Putrescine","Pyridoxamine","Pyroglutamic Acid","Pyruvate","Reduced Glutathione","Retinol","Riboflavin","Ribose-5-P","Ribulose 5-Phosphate","S-Adenosylmethionine (SAM)","S-Methylcysteine","SAH","Sarcosine","Sedoheptulose 7-Phosphate","Serine","Sorbitol","Spermidine","Suberic Acid","Succinate","Succinylcarnitine","Sucrose","Taurine","Thiamine","Threonine","Trigonelline","Tryptophan","Tyrosine","UDP-GlcNAc","UDP-Glucose","UMP","Uracil","Urate","Uridine","Valine","Xanthine","Xanthosine","Xanthurenic Acid"
"1",0.144181013816944,0.344460505804583,-0.186024472459375,-0.111601881340724,0.176295573819863,0.118460782818537,-0.326736185171751,0.0893584000890023,0.116578009814021,0.0875752689599186,0.211904382736326,0.0885480531286273,0.225684985801452,-0.114214216067247,-0.0466234758238589,0.138908087511413,-0.301546907587347,0.154645558214404,0.0699227520521356,-0.00840687296510694,-0.0520290956026475,0.0898268579127154,-0.0707344112683679,-0.00558057565136502,0.122321059938861,-0.068385536565938,-0.123738562820483,0.0482258575980193,-0.0399000170032915,0.243371947171557,0.0809580068127664,0.0714040210330048,0.0809706981101343,0.338415797685098,-0.108536934683665,-0.757866656230267,0.1277891974313,-0.096412318745174,0.0145326301980154,0.125564109724125,0.0909685378097648,-0.0922617866016998,0.0930201736085366,0.264310956136472,-0.0475242615189799,0.306267464729135,0.077414560754684,0.334538804434728,-0.398083575697864,0.0984402915529262,0.0401355805212223,-0.167159960562898,0.0660643167842267,0.0697282295968214,0.0894617472524367,0.313629328186324,0.0640494182500459,0.232489729349888,-0.133716953237904,-0.234231625133315,-0.516904235211808,-0.0278640546409906,0.161558667451249,-0.211917707524781,-0.159426951487933,-0.0372225460871276,-0.526874560106501,-0.0199980531807794,-0.158161329064241,0.114035993000934,-0.238303196430248,-0.0915486256143317,0.0385647337689852,0.113738206237899,-0.2741512209591,-0.22964584191564,-0.20226738370256,0.0750167568378683,-0.110132485072513,-0.171573679584779,-0.110601709042864,0.0010838794573912,0.156431389165062,-0.19778888856369,-0.338860622625384,-0.17591807923415,-0.142738664006016,0.0991403010776986,-0.0224031590525032,-0.0820910316774555,0.119697669444332,-0.168111863598258,0.2561111125837,-0.249645641189881,0.153200650832784,0.27776064900753,0.0303015985126989,-0.152384175808712,0.0849892992440894,0.121507261657137,0.144222301888777,-0.0928597350585965,-0.0318365078206681,-0.209547875432292,0.0854587307009616,-0.338397763584655,0.191859605018884,-0.00971349495790637,-0.179795734495596,-0.172277512984496,0.0693360790039863,0.13448810117206,-0.225408859337509,0.334088138676038,0.00251338429569731,-0.199968614810824,0.0672355934719899,0.162294875563335,-0.953729149141402,0.00843318052567361,0.011273290013611,0.837059502847552,-0.0103980714266179,-0.222667877523796,-0.016714226919383,-0.252995566949517,-0.16308245728976,0.0699285726045886,-0.329205667573202,0.0690548307379398,0.219545877653425,-0.0468073365065465,0.0185319425289121,0.101781324450394,0.152142844043682,0.356013638517824,-0.107947416034723,0.185669370494994,0.0573497143926658,-0.699430920280466,0.286410900785941,-0.00610499522854485,0.0285822567444223,0.0364688343968207,-0.0333723018663787,0.155598701843335,0.121310356454061,-0.00766844674973649,0.0165047496507018,0.278593293747113,0.109746857124949,-0.158034458644288,-0.0457563643578462,0.197316096809904,-0.111903649300669,-0.152860254764675,-0.364243557902072,-0.373748036431943,0.3967027319132,-0.226072577278907,0.982961875146649,-0.0530540874616032,-0.072517791279996,0.0616968560070496,-0.272619343970816,0.298096929844813,0.0895392867667154,0.00412297336195702,0.277625556707574,0.117866449028244,-0.0121276038240261,-0.0650578033834934,0.155043168196974,0.0550811991990267,0.485364818314118,-0.21928182873659,-0.123259271894557,-0.199959754038824,0.00461165421807869,0.230084233555811,-0.117994059732683,-0.172810461800434,0.0949947640121746,-0.108729084952475,0.251646201988135
"2",0.235185392114801,0.282661925121225,-0.236931586105108,-0.133296878182765,-0.0557076123286907,0.0671886738531506,-0.22192396154318,-0.0140699493181774,1.46780533668588,-0.0224201333272453,0.0903030785826815,0.000726707020557372,0.415283039957057,-0.198793851787196,0.118254278670821,-0.00950873881519231,-0.378608568890243,-0.169693413465002,0.0590519538003,-0.0419385963820662,-0.0555875658459387,-0.0158103762225822,-0.184048993130437,0.00868230942761188,-0.0993853132285071,0.234695178633034,0.044170057839616,0.426706607980537,-0.0708986579163077,0.514381936270792,-0.0299037363103252,-0.0231734648465194,0.0344983599962469,0.173569176448802,0.0591772171331234,-0.211319690562667,0.0350830854422167,-0.286214531715038,-0.141298561488038,0.197474896463302,0.122428130728168,-0.181054431777616,0.16585358368102,0.600379739759619,-0.141217643837976,0.45240643695212,0.275234938238805,0.32635544599293,-0.211278005778782,-0.00160173948369024,0.0914723887238286,-0.0494689057545521,1.33364784377715,0.0623280696584069,0.10101226461497,0.930046784297935,-0.0839175701845666,0.273660550222047,0.0370162385229747,-0.0259995586164564,-0.620672665159065,-0.186236450951576,0.00388691562905912,-0.432121200292699,-0.228272055795097,-0.115280661340786,-0.950132992911634,-0.359521898564834,0.215503712083289,0.792292252518046,-0.625579589073903,-0.293086841304373,0.205425099058962,-0.0316479350264499,-0.553267468541761,-0.548387342586291,-0.28236573247584,0.30168930194026,-0.0667127923099317,-0.0587543734802916,-0.131525918468474,0.0995893562623595,0.390657453340945,-0.131138736302221,-0.659003020213594,-0.243920674366486,0.00220558480525592,0.149156712107472,-0.0772310495730886,0.0309286475909949,-0.0863113634098348,-0.0395596967502392,-0.459240970240678,-0.845002494912135,0.00896326304815002,-0.230110389674267,-0.285776559848595,-0.246143829155268,0.307192911784829,-0.0471410052780164,-0.0642436664704284,-0.129126497068525,0.142761934005161,-0.0197627548819485,-0.203213221491617,-0.091569892963963,-0.353956729900762,0.196904134617144,0.417383209837325,0.0596513314611984,-0.0841005696236505,-0.163224258529565,-0.204374864554624,0.329294940715952,0.0815309843301178,-0.303786690976135,-0.0289735077893563,0.0803537460077709,0.388725439155158,-0.149876746244602,-0.0195365104037378,-0.104332206654124,0.370298323432656,-0.0968093633355263,-0.103761021162273,-0.378735880002037,-0.358754868130122,0.0661576620770275,0.00121962076223522,0.0812410164288562,0.0431809497247451,-0.171421890702153,0.111345787808489,0.0100484363476407,-0.0421916360729594,0.300432617993455,0.310493446174354,0.0748764815108291,-0.190371853855794,-1.01038000610033,0.205363216395448,-0.00626576544180615,-0.174244730421957,-0.0590231344504823,-0.153380237283955,-0.170427301084168,0.121319083355989,0.0285238668885511,-0.424286599377795,0.196453429865245,0.145449742595073,0.23594268610149,0.26134448985776,1.1098349995757,0.297238510334765,-0.418505227678172,-0.849563195456485,-0.10267801857923,0.202614630052674,-0.242151505472518,0.557318743416388,-0.355170152254385,-0.0471145439862194,0.309258056921634,-0.34407925706452,0.613608554576814,-0.143365775149166,-0.152401259293206,0.0775727307552739,0.0537486169755247,-0.112155019476081,0.104820005485593,0.349474804784301,-0.0139477756095311,0.157962421096589,-0.0736039106514612,-0.184395107334645,0.303979482771336,0.0976263571964826,0.214594584450934,-0.242923129903356,0.139131135511706,0.0410405337476544,-0.00977584372807506,0.046826289579405
"3",0.0904974705680595,0.217938461707885,-0.11863806153104,0.102578546112351,-0.154790493335013,-0.0699521654846838,0.0515341375392954,0.0385444903842914,0.0593911213706435,-0.186470408191656,0.136755892131412,-0.0588676352896069,0.0762685867224066,-0.0432615012626266,-0.0839783417132134,0.241029590868884,-0.252691517084827,0.0696617424259246,0.00361368431215468,0.00674534553263469,-0.115330500661958,0.013414897038659,-0.0445802849096246,0.0503184883369168,0.164403197681942,-0.083224775873436,0.0473946828943591,0.108284823692122,-0.0344248394884669,-0.132735224605763,0.174972544471386,-0.0277140778877116,0.016457794413945,0.0100621451423716,0.082032707963333,0.314522447895376,0.0696325477377134,0.201858951046724,-0.0240368286822228,0.0315462784027098,0.0612864636951163,0.0858578944428565,-0.164039020196247,-0.0530421825323632,-0.12593715508004,0.133022905527218,0.12757879347882,0.200841952137044,-0.321817906812523,0.0802606707806161,0.0489697540194922,-0.0681220079787863,-0.117897798303222,-0.0267035512324456,-0.0381607558210677,0.106026257889091,-0.169937454714004,0.126991450096665,-0.0905297071729892,-0.279796208047512,-0.209551300435661,-0.177004792099047,0.0942636660744081,-0.038190257974128,-0.213158926986155,-0.0491902769861091,-0.356583257655802,-0.399976533337577,0.237007758007111,-0.124309076125703,-0.238331243586583,-0.0903303939710681,0.209181888931269,0.0356868293701626,-0.247664507591063,-0.223862691664846,-0.0876051742580885,0.0867159599122981,0.121399002045596,0.0273456051996575,8.69388314124423e-05,-0.098374148254784,0.0567685761113399,0.0417144724945226,-0.330475271269923,-0.0621357084373279,-0.10092663611541,0.150194493567308,-0.0535181199291849,-0.00868379475255502,-0.0901588127218332,0.114452159674876,-0.522592978728282,-0.313388538192085,0.0333650717888345,0.19227447307009,0.294227704982259,0.0240645667890908,0.173198268400571,-0.00669584586634476,-0.037976493967643,-0.0791015871854033,0.110732746298534,-0.136684096895622,0.154116749328279,0.311757205782967,0.410421467398449,0.0150556594860691,0.029821216713703,0.043121359033193,-0.0626391191804275,0.0241559314598934,-0.108843007031164,0.247133204826173,-0.0230337924094226,0.0448342326659668,0.0577189259595462,-0.0857674758326442,0.0755771361837592,-0.114177054572166,0.117682703663641,0.555987738556889,-0.182202638746098,-0.0136006993880614,0.0323192890821888,-0.268003863929171,0.0346039907630339,0.180344364626713,0.0707100313067887,0.0211557274691045,0.00194654519148779,-0.0627665956375809,-0.0734884268712954,0.0718797264898985,0.0314468307036254,0.192456335595284,-0.282272586376771,0.0882878797653844,0.0182508562677653,-0.213428000423369,0.0812847769260837,0.0146013687368561,0.092557393304867,-0.0583451475328966,-0.096413312061626,0.0867944156585181,0.100375731948382,-0.155194551659623,-0.0122277967211392,0.215087920814856,0.0358371323498869,-0.0234104667210929,-0.0427168300336516,-0.168558829094507,0.4142365702917,-0.0831219193004283,-0.358857557435295,-0.152436014149694,0.227439370828498,-0.342791194491666,-0.0455771218708925,-0.16401705042606,-0.0724356488612781,-0.051191180030511,-0.062275984060253,-0.0706797310789652,-0.0698322252709984,-0.0377628782120341,0.292989424594645,0.00643389364289727,0.0321327087309476,0.413872067061251,0.0123170250842623,0.0276128084088774,0.192051710317532,-0.187857646315954,-0.206619370423619,-0.0158060599659123,0.0518655127774048,0.107780941094952,-0.0120036584547472,0.245309778063289,0.343076977353571,0.021598582956913,-0.0355118158235017
"4",0.137884068496442,0.434549983417479,-0.286403893691975,-0.00705742735236857,-0.135401249375838,0.111276632387606,-0.343088254353672,0.142242291743059,0.256986685347344,0.23261787111422,0.327702497659053,0.0945068518767298,0.94930865768472,-0.0695416483278588,0.397721046532833,0.438919168916184,-0.228866364878491,0.0489316823325357,0.0985081767702137,-0.0174184394619564,-0.184180212212279,-0.098809209641304,-0.171845177727452,-0.0541803335874721,0.154119817239328,-0.0868276431667067,0.219318518402234,0.466453808792147,0.129240125279746,0.235097037649899,-0.108678426049591,-0.0511000302790316,0.079622490535569,0.303282963325244,-0.188223406578111,-0.460817413148996,0.0172146863085985,0.292595074425731,0.100627856398647,0.110697716224186,-0.152260312557232,-0.211654193521554,-0.0441838482984143,0.313937995578393,-0.0304173761995357,0.589915654570201,0.101384205775059,0.515763294401437,-0.329192513724253,-0.118787738851709,0.174885315845184,-0.189270502652911,0.359494868343286,0.0276291885537236,0.136536152809189,0.699013292403249,0.0414559959725428,0.051593745697316,-0.360380025894614,-0.163751450031626,-0.285550322665791,-0.152107144901372,0.329342840070304,-0.209495969267671,-0.176161802207229,-0.0145704174335652,-0.56204545510424,-0.066052884946274,0.0530242422125524,0.236953573164083,-0.599185095933344,-0.0428192834087651,0.113266480098255,-0.0825440555353708,-0.574594793486148,-0.513583191975366,-0.133249825478179,-0.0681844684099267,-0.0535183634151574,-0.147005943503596,-0.113511696002878,-0.000128133473138209,0.34343887692905,-0.220952859498709,-0.599537763765884,-0.0994754961469543,-0.119223756065119,0.12721481816565,0.00321308244956454,0.0891374874069347,0.247214806898221,-0.13903110296321,-0.587282795657796,-0.653891211933331,0.383970560503421,-0.138173959913014,0.174786412508695,-0.222204123985717,0.221265665526458,0.0558373788723787,0.129538011167891,-0.155048191417478,0.0575293544359261,-0.205898609756697,-0.385562344200466,-0.524455287275056,-0.231164338857907,0.0150000885932048,-0.188308381344633,-0.139248344026547,0.143872849437106,0.089478667725428,-0.12779618947298,0.515010245729733,0.293787838396135,-0.147217542458102,0.00622513077198701,0.216971007632467,0.0636849457638285,0.199049490996068,-0.115014508124362,0.46035696976449,-0.0699508404242629,-0.16239121676734,-0.121921364413545,-0.381530911108548,-0.418889729151523,-0.0171909766426384,-0.138391152298407,0.0146041741511937,0.388020987157011,-0.0792544764399727,-0.0851024059234713,0.0515572804223229,-0.0614319621272345,0.453057976202256,-0.0471444052429641,0.189015704278399,-0.0242827774669126,-0.719326232326995,0.520159127044307,-0.0493135113764696,-0.00242862087433591,-0.0115621834015563,-0.0446250629316027,0.0582779066826684,0.119066014888796,0.734678492476822,-0.103573356663079,0.313197230971677,0.0627522827343391,-0.306474127264778,-0.0993967686988548,0.386568125874987,0.0466404870534718,-0.209629617219575,-0.43091664437563,-0.343707436930986,0.347069941037586,-0.283078939559553,0.492789372680466,-0.0999514875595217,0.00726662276259562,-0.112327729891406,-0.118873357840919,0.328072781137702,-0.130364100052225,-0.344277010897972,-0.10074610668284,0.0801626132229678,-0.111142468770988,0.0706818207494192,0.0685182125117508,-0.18343314325403,0.377328309741002,-0.181982887014833,-0.151211813858109,-0.179593103665803,-0.0137739915713933,0.311417415083071,-0.206182402104866,-0.116976803117878,0.223227264851387,0.0894543476198658,0.0546931361247255
"5",-0.11173455598433,0.255893937705045,-0.100006526800886,-0.355973576082178,0.0252271525865348,-0.0550648894995478,-0.294190050339683,-0.0182367139294532,0.033768756156569,0.225414019092973,0.224878352799644,-0.0537386195704561,0.235020678062694,0.220870677159386,-0.012955475649951,-0.0773262923257879,-0.0715729055939158,0.125887076242436,-0.0350034198724587,-0.164066421797721,-0.243203051520027,-0.0257720756554579,-0.130704198228143,-0.119639223705151,0.100496246286956,-0.040300633717883,0.506296132270987,0.640200515018285,0.0862312406628949,0.258427714857516,-0.259683706832961,0.042450734947542,-0.0292115257596513,0.190630062991543,-0.144640369117745,0.266196132408428,-0.213847848307805,0.965814950046708,-0.189139030948891,0.0121750303358015,-0.171644202715844,0.189872892360858,0.420305153460374,0.270780171893678,0.390160575742601,0.377660524105216,-0.0498926217011694,0.317453659251606,-0.367983659037831,-0.00157615073462589,-0.0741817918683729,-0.239174488616951,0.217833419408202,0.0661603092580249,0.0600658011116913,0.197878875887714,0.04706943741843,0.284029524871217,-0.163112349208913,-0.349203606893558,0.143316883980024,-0.0993919922101122,0.133407316213166,-0.00214546918138651,-0.0113913472985963,-0.36263031627602,-0.130352464838813,-0.267564537950004,-0.233448426841874,0.2298687324109,-0.416809468914741,0.240032911872972,0.132735462923769,-0.147635377927294,-0.382130717047145,-0.392280203706797,0.180529708538365,-0.112823047129643,-0.131357495555273,-0.200894673906086,0.119504188855644,0.435259210636881,0.245370587054915,-0.158228592712343,-0.319231475232793,0.26632241985102,0.0223263140513581,-0.335284538349896,-0.350568162501435,-0.157906850896597,0.538031064479604,-0.167038960818301,-0.367856254964191,-0.449263820477911,0.278513093348918,0.000208296781915383,0.427739478379327,0.326480432551014,-0.407700610209803,0.0139671506790971,0.050001921272162,0.13355625873075,0.0525602235739982,-0.119880145639904,-0.541092447415329,-0.290743797570366,-0.189579746886387,-0.10207839873502,-0.0882773844464953,-0.0669963098917816,0.206341983171976,-0.0118542799927493,0.245981948777621,0.348971126109803,0.150186453253657,-0.0284123385723012,-0.0391414012853029,-0.0648658327258759,0.0209438553635467,-0.0744045990993637,-0.139546915858913,1.19666681739554,0.0918822991766419,-0.0642719542614831,-0.311763593283128,-0.040139891170057,-0.175046625415663,-0.285053040485539,-0.0219029186271222,-0.173206152662731,0.206358749702322,0.151740287551346,-0.100712664692156,0.0441013035666418,-0.0638741111418174,0.334750153342098,-0.38512207563152,0.0598703062737927,-0.0546339277138493,-0.557845319562288,0.285033059423112,-0.125150919484652,0.130064805626802,0.0609390756961464,-0.166971705351438,0.0379887396260567,0.120891170474026,-0.00210037953031649,-0.0589401205854696,0.0379344770125018,0.154593254761596,-0.269042424080855,-0.29601457722546,0.249809772524911,0.19386627675008,-0.132029057760186,-0.134646733055801,-0.490351877722401,0.11945961371765,-0.314695552296836,0.637416739724069,0.0313271775033747,0.00597076778851118,0.0442136618795674,-0.395650703832876,0.283672852998459,-0.0544005380974389,-0.321643804434616,0.153876136285847,0.15039012258378,-0.224934842473359,-0.0560659835201963,0.138374560929766,-0.0339482184794238,0.129025572579997,-0.129372891429629,0.436928191999203,-0.03369661396901,-0.107393438351398,-0.0426950104019521,-0.318495381309666,-0.0285558457810251,0.0863878289908163,-0.104165227158517,-0.172718047084559
"6",-0.14987359350628,-0.131621964643617,0.118916931155894,-0.132468485942361,0.108614058498943,-0.0483053230166766,0.155975188101251,0.00917908028330123,-0.0494181038451128,0.039500204864874,-0.0111292978633166,-0.0438370786014024,0.031484247534277,0.0242093925693992,-0.0775576259344719,0.0818040032613084,0.434984942787282,-0.128191204412022,-0.0936667415184463,-0.0209244147369606,-0.0953035190861907,0.0123324713656021,0.28178127471547,0.0137040916134785,0.0634159972051121,0.0196073941009699,0.0944455703252274,-0.133062977509563,0.0132587487557622,-0.00704382848307052,-0.0431855334335753,-0.000892626192299653,0.0318708191214062,0.0208728560106407,-0.0183977539236609,0.349313745421761,-0.00079563099589834,-0.068709708852524,0.0071126966977269,-0.019687401120779,-0.138328167444185,0.0874848954143451,0.182522005413819,-0.0314920708916093,0.211921341069183,-0.14279002216708,-0.109698744947751,-0.156256468441734,-0.304585299320702,0.0637538567998823,-0.0821299598169681,-0.207478056876443,-0.0228874229259104,-0.240922896300412,0.0159006501742698,-0.261270624809144,0.227933514340723,-0.101115866188253,0.304605600435137,-0.404255121262931,0.27315375388821,0.0204312933531344,-0.187730734019486,0.159058051535505,0.39705981039524,0.0737159358856875,0.244343911888081,-0.0843230564284286,0.362106353214121,-0.0538587601827172,0.0633367396012572,0.0991594217078151,-0.0619056021549316,-0.21973427171546,0.0785111679250666,0.0563730558872358,0.19855461669481,0.0875666314487795,-0.0845455037127027,-0.0471686335633048,0.126815315916197,0.116951391467366,-0.027253997338253,-0.0603204219689572,-0.14095716542594,0.210563753304027,0.055033084130024,-0.105278295218438,0.0841211564162726,-0.0472467244033302,0.0228664022658936,0.0478657650506536,-0.00615817125308701,-0.137747489942038,-0.145475667570675,-0.207292896841784,0.341672596977291,0.184751451271018,-0.283864796805193,-0.0963069634561037,-0.152718411751295,0.160489186951474,0.058057231109236,-0.0365613867962606,0.051029982632043,0.466309635202337,0.573567371259049,0.0222385930743396,-0.26101788805692,0.161806149073955,0.0459519290468955,-0.0164355256652691,0.0688186478334909,-0.149353793902914,0.0349789930085586,0.211976193902612,-0.0629539763958471,-0.000344034156402568,0.237324749951069,-0.00297357771224036,-0.183735059813998,-0.182576371035081,0.0639025744448363,0.0260812910986969,-0.0165637800484563,0.106331130805631,0.234315112624091,-0.0484846808624996,-0.0195831573405536,-0.0424193359672373,0.00958442607280918,0.181246993005054,0.0927349008292715,0.125057920253637,-0.00410182407489076,-0.121344454920993,-0.561341682367531,-0.0665496395259286,-0.0218747037708012,-0.00553693439199904,-0.162604159705443,0.0258664397203754,0.0526776470903508,0.072359007762652,-0.0764980687233429,0.0048232390703758,0.0116296059334904,-0.127384747177068,0.192309412504049,-0.225594427597015,0.17041968559322,-0.204260699744272,-0.367047928863009,-0.0566765406344979,0.0502231746815681,0.061299924656837,0.233126399456424,0.046654655757392,-0.227825199368871,0.0175022652472321,-0.764456111566798,-0.105663387147406,0.0464907847940263,0.0119540778933607,-0.0499244768333261,-0.0398953834115423,-0.0205145965696252,-0.167347173763645,-0.0606321871374486,0.02947357701618,0.200807184609199,0.0750838873344149,-0.0817595176261475,-0.0102197061227379,-0.430085371549139,0.0870026653572477,0.140791244503064,-0.222424844085114,-0.0172892338846767,-0.108185451560756,0.0423826472437455,0.0853096078534408,0.0660683353206477,0.0163259655143658,-0.0256895667122361
"7",0.0180401011758085,0.179859396928317,-0.0958130759316943,-0.282953375640366,-0.739397826932011,-0.132055015442954,-0.0441662300638706,0.0483615629294361,0.333811252075502,0.0696629859379259,-0.0434172324223334,-0.140067529154429,0.136421048873878,0.0543354938039632,-0.148020043600806,0.13755214851838,0.316757001474537,0.185680492435308,-0.302332997262327,-0.0248048452408721,-0.0793059663651386,0.0129702126481406,0.0429290177243795,-0.00132107311186283,0.07597104724945,-0.113710512011615,0.369783257179926,0.597504480940651,-0.0319721862121503,0.511358665608062,-0.212236053573085,-0.0244309729938073,-0.0309691090473753,0.220783172571129,-0.218454607774616,-0.26543155510756,-0.182632420676603,0.0415632258841088,-0.0907148561822911,0.134377706950639,-0.147314206744469,-0.159586426081887,0.445687063962428,0.48598059034286,-0.152082448650823,0.409815609266869,0.147547868399452,0.181382824330343,0.0350975791632614,-0.0349983221669533,-0.217820861574969,-0.0264834260246643,0.272201282759529,0.242423684500703,0.0501136280968094,0.270641991208881,-0.0681949140160033,0.455838192113569,-0.406702226650412,-0.121302622452995,0.122057513470201,-0.0414925785598337,0.181839322925167,-0.072623593231178,0.27899089616936,0.0259315722231769,0.167934556856182,-0.0467346767127604,-0.5711653415702,-0.164753131842005,-0.0157235537916802,0.0280091651629278,-0.158240658860515,0.297084209352109,0.0674484258383006,0.024568070839961,-0.12569615006858,-0.247643153613957,-0.0100370437210896,-0.00593407031626776,-0.0319731931352727,-0.189737376596776,0.331060747641048,-0.0400917738200767,0.238410137694717,0.0780974620893047,0.373196813069429,-0.16319428765111,0.0175920230707513,-0.0642813622885686,0.134396120200301,-0.208432858762076,0.0977074205607907,0.197432792549815,0.374222087070973,0.119723099571907,0.22359216191378,-0.163124140856435,-0.27617134350042,0.00436657605805932,0.025371424212326,-0.0814359608383286,-0.146690358208318,-0.189755216087569,-0.64083874379367,-0.202974694831987,0.108138996146283,0.0480276129724102,-0.0817216552086139,-0.143502428871861,0.00460741262895051,-0.0175445276167565,0.143282929094704,0.431672858655474,-0.0267389330125421,-0.138994480904815,-0.15996608262526,-0.159113464849488,-0.29318893074652,-0.246951130056864,0.0380574201507469,1.03020753599297,0.662097351784666,-0.130771595827415,-0.0970108090043683,0.0407711225975951,0.346478038039112,-0.211940176808503,-0.190137186300441,-0.0365286473487084,0.16229434676023,0.0252942512142108,0.000824774280043317,0.0736462606050177,-0.056525577241309,0.200860101152255,0.113240732795858,-0.0395723781203692,0.189388166444796,-0.606304314741591,0.240719115998732,-0.0563413544760104,0.0347545050592905,0.0510786970973276,-0.0860268435802758,-0.22836598405257,0.0337105151043835,-0.0343580979882169,0.115898370427495,0.104438025335057,-0.0209332682105277,-0.306204867703165,-0.434924987016975,-0.053961686197939,-0.23449155088633,0.0205637854610678,0.220175042597487,-0.264304962651687,0.0978127156261603,-0.231063850387134,-0.590255801603562,0.00378900510737396,0.192699609926032,0.201018290556006,-0.192473891703595,0.580372552039105,0.108805932070075,-0.152911915037781,0.578226693413497,0.00734659622503981,-0.407964588595533,-0.264998806535916,0.256517460939902,-0.037588693128265,0.0199015880062643,-0.254915758765783,0.0511020182904981,-0.0950758669858967,-0.111822140270613,0.153433653591445,-0.207749161746009,-0.221609393528715,0.0725611670823758,-0.0284180104033913,-1.10658843235391
"8",-0.151982429857554,-0.177329868904507,0.0804978759953771,-0.275880396459006,-0.0524310526120853,-0.0580576255318504,0.0710610280853911,-0.0136195286708124,0.135419310049883,0.0631744845262591,0.0675990279126766,-0.026293299552143,-0.111659621347753,-0.0224483252247072,-0.00434249795065017,-0.000293543483784695,0.204277758065711,-0.0738539566497542,-0.200313461090768,-0.0338372857205322,-0.0506671437627029,0.0304331870013721,0.16187191443487,-0.058700616076988,-0.0369184874351692,-0.272012193649193,0.155250017900624,0.244616595113472,-0.0412925008213013,-0.0570676711011199,-0.0342998035817542,-0.0292969129709809,-0.0307563340961535,-0.106230571338724,-0.0190045458804177,0.0452628911902283,-0.0356997842245506,0.0455526482410293,0.0173748132005709,-0.0905699968760366,-0.19865160494542,0.484873723098186,0.219080264922854,-0.036139217561402,0.017227561739354,-0.159381295602403,-0.12815888657614,-0.189710925039015,-0.108154138898351,-0.174950831087519,-0.242215611680051,-0.18474336556737,0.301784302537874,0.0248946483621635,-0.0290747555037471,-0.145558849818538,-0.106664277588316,-0.000857425223606781,0.0741832193816477,-0.0665292834443227,0.390084816179353,-0.205875280579953,0.0840198952400134,0.0584529314642384,0.19421397503492,0.0822084062641905,0.459599166150766,-0.0918342545902767,-0.255324301252661,0.0250038629381395,0.0675543033201842,0.0724883232275801,-0.0151490943103231,0.0647939159360373,0.0943996170707825,0.0520991641378248,0.0582049037711355,-0.202616305165374,0.141143228941049,0.122558781562392,0.00956706354996756,0.571570102487557,-0.0606091373074136,0.138520161296855,0.136991964142555,-0.00748237815626248,-0.00524915054166117,-0.132242272221922,0.0909694590834464,0.0274548611088353,0.0133141045753183,0.174018802567556,0.254150077954396,0.0711645747721908,0.0149912566633399,0.0537298756537487,0.0789808505414706,0.0907237368932404,-0.122707881953461,-0.0990229282850162,-0.147284385677213,0.00259950460296561,0.0275755471223088,0.527372436727134,-0.010224292988827,0.106735360811824,0.0885343578186853,-0.0384294644866504,0.117679275281815,0.107995253770918,-0.105181398721628,-0.149366640881206,0.125720764160144,-0.108511958115124,0.211818006971816,0.2018278489819,-0.0241678002704071,-0.177202125699405,-0.175771803177776,0.219353942304203,-0.251558794688139,0.325459337359744,-0.0510850527325739,0.0295572490843037,-0.0155948385189909,0.00202742918029998,0.0791278532837918,-0.00939970711246757,-0.00349230221253793,-0.224029103619712,-0.151871472303157,0.0455508293334136,-0.340043540723354,0.00714204184306729,0.165701491815323,-0.171043986864796,-0.159962742454531,-0.106544476121777,-0.00555983746893844,0.722790103876626,-0.376188803355515,-0.0343937110559031,-0.339853280344087,-0.296842780850419,0.0216435588507909,-0.14877381297411,-0.367330704896661,-0.0846133491162575,0.163710131418427,-0.172931235325502,0.0569497805629506,0.0754006972056756,-0.377007501133462,0.175951539241172,-0.162686726632367,0.269251322455812,0.509768919591147,0.0255832076507684,-0.174035394746596,0.128274947986,-0.254535157762808,0.0722327764590583,0.11426557448581,0.252080321449738,0.0711999982045945,0.0197369120394886,-0.0249264008150261,-0.262823183890604,-0.0900615521825293,-0.0771046657619956,-0.0926380507206863,0.0238664420222914,-0.0978133998208694,-0.044934583508864,-0.0602396610510542,-0.294740093163814,0.00311130988394195,0.134091179828142,-0.108920655166865,-0.16891775679413,0.0203846695884098,0.100637640198603,0.0624558426081098,0.0173490548215791,0.00247917850940204
"9",-0.0632241522263256,-0.139989586504343,0.103786850193899,-0.0533212341213596,0.156862658403892,-0.0689510708851298,-0.00626071274917986,0.0721790064333666,0.31932017506025,-0.0442013319772209,-0.216353924764375,-0.0683678042146794,-0.293991207778135,0.0727119631010613,-0.188501788566169,-0.399857175879939,0.0525073547288536,-0.0600287216158334,-0.0860769323096855,-0.082631822660498,0.163588201833323,-0.011203448896811,-0.228803548682544,-0.0174310288268415,-0.00353352591528255,0.00376006642761732,-0.0964849569825104,-0.0612189070508002,-0.0324302692035677,1.05398726912429,-0.00382371299595457,-0.0175225705696868,-0.0800560633632951,-0.112228245866604,0.109720390155667,0.0767988310949877,0.0222881299986752,-0.289179105567956,-0.0156208362506922,-0.040437616780593,-0.091157728429092,0.0177008864979882,-0.121513996011629,0.557358700770008,-0.0258472592281064,-0.16877525023331,-0.0780125425857582,-0.157393292524729,0.213094408902433,-0.042155092109262,0.0827757621355253,0.234506345948801,0.415228888783964,-0.258183519588057,-0.140368243529355,0.0144743338926511,-0.0372631425494205,-0.104189794273744,-0.0960774202573827,0.289377323457236,-0.0105109842588694,0.0482347203801988,0.0580106550726393,-0.140222099785049,0.0243508159198497,0.14383156249873,-0.0793697002547149,0.0115274582974517,-0.132245914846578,0.0278612365591393,0.313843048343316,-0.194728204376111,-0.068014267407772,-0.0649382455625967,0.276177275062789,0.278983240576185,0.0165029659342325,0.056709003403729,0.110521625725638,0.0940196264770777,-0.00126941064286306,0.0645402876176353,0.153653565012997,0.093627210530546,-0.0616038749128078,-0.151043061967077,-0.0863614085888648,0.0273723471686271,0.124538010395919,-0.0171238729353643,-0.0375360084103595,-0.0184757290007764,0.105990905387304,0.0241571568016252,-0.20281896865953,0.15541049048414,-0.17934395669385,-0.0119631564507559,0.0294208501246655,-0.068194093773896,-0.146245436314114,0.0304117675569959,-0.153431346335391,0.210364191065084,0.475231875161879,-0.0147159416731756,0.0726045049191806,-0.0195727871119099,0.0114825805752975,-0.125059422220211,-0.175635966991527,-0.238862925676703,0.0901900099249906,-0.18532735473646,0.0093127719395914,0.0201145593254499,-0.00576917746959412,-0.100450722802343,0.099069488132903,-0.244162153976602,-0.0786005610123546,0.261729248090571,0.0540402383921264,-0.0826053692105304,0.0597002965037117,0.104809346910263,0.27029018423384,0.0258851348391744,-0.148108646921024,-0.217973098386007,-0.200829743939747,-0.134974067718352,-0.0422931460295908,-0.0169718595251317,-0.0281294659274039,-0.149983601807698,0.296027727405016,-0.106586210581602,-0.126594304982167,0.439875734073714,0.00240334418459068,-0.0717541278346158,-0.123362882640631,-0.0284665598145322,-0.24172421593285,-0.152376301039583,0.09162694711213,-0.17885144812869,-0.0168010519235125,-0.255217875224949,-0.00238926191357889,0.221040284883664,0.136611564661101,0.221676083563756,-0.284637254147752,0.0832120940186243,-0.0618329509538491,0.202288041641535,0.275719682924055,-0.00622305639603757,0.00340851455494658,0.181669675281141,-0.0650726059232922,-0.075367542442735,0.00232500409556386,0.582185431530445,-0.0622139533012461,-0.0332340432361937,-0.0578067032198105,-0.0874778652535025,-0.156631083756347,-0.234364388899932,-0.179015160148881,-0.0404031591256224,0.331199988452209,0.016113538801615,-0.111082843054828,-0.0198674787453098,0.00328471094396229,-0.133580886423703,0.0767728104965936,-0.136773544785982,-0.176267130546292,-0.041424779645832,0.171546027948752
"10",-0.111123963018592,-0.232716904781886,0.159460410105039,0.243475728630591,-0.196710367597148,-0.0694214057440924,0.188526137046894,-0.260903489126542,-0.175554501109587,-0.213616014627047,-0.203060722942709,-0.0685591841995321,-0.0727881804293098,-0.0642851739596576,-0.0474579722716319,-0.0827575285953334,-0.0888732525236921,-0.217258688706318,0.0761156658927473,0.0452657157031474,-0.00645639597038882,-0.0245196717023936,-0.0498524771496365,-0.0257457048355277,-0.131925505365343,-0.10584774762874,-0.155994335424204,-0.1959776573906,-0.0560402103742622,0.101105981909666,-0.0218836895438654,-0.0085523633066373,-0.0772345124196993,-0.0173593414500496,0.0602187106587008,0.585191045919346,0.0805544275786291,-0.218570566518465,0.0693453875917347,-0.0629448086575057,0.182977294896329,0.0115119684879059,-0.499529618509405,0.0104328924397544,0.0276992997874569,-0.130866308982104,-0.120310987410767,-0.240037494257097,0.178062960472539,0.0677182914745977,0.0627492637540692,0.245117296250163,-0.124094110513496,-0.028612801845546,-0.0988453931144308,-0.19517962326016,-0.0767134941850532,-0.0735926168204877,-0.0123167212571516,0.288715356742514,0.25572763770793,-0.0305047063791264,0.0878187891353638,0.0357806346013101,-0.160945451307111,-0.0520962587809547,0.352614016110048,0.0460384169883929,-0.234136888099765,-0.154470012599441,0.236107358927565,0.0567015498113847,-0.0356602221582656,-0.0410342322874966,0.232838649949472,0.24902580512677,-0.032869665045075,-0.136026998913863,0.0680738160588579,0.138901081496862,-0.0254581470510878,0.0199718355694969,-0.0870076490880904,0.100016949382873,0.135266341368781,0.0272756884542749,0.0501971047365901,0.0799441458601771,-0.0661476231845507,0.03788963881154,-0.00418343704784612,0.0246777854502349,0.203526701672029,0.163917907434507,-0.0556012531999628,-0.0262984911984501,-0.212158487165525,0.0403139080452413,0.122394987632164,-0.121600434868184,-0.161055587967649,0.0274402644912721,-0.0728370460213191,0.103275788024062,0.263610317095595,0.237545864579364,0.202664494790887,0.0585743542704278,0.433810812185465,0.105428744913557,-0.0900095405125516,-0.121739357145434,-0.0315551650975902,-0.235348266771749,-0.0303755436527985,0.239705282756083,-0.0205780009332581,-0.0265726199435793,0.188196792802254,0.0703509616004776,-0.0999605992090093,-0.532017184448327,0.18545040216956,0.275067109889623,0.0459043455127659,0.0176506681304978,-0.116927484157515,0.0399800635613214,-0.106331381165835,-0.0848817908734884,-0.159076318357494,-0.123746353275914,-0.0669869149400473,-0.0576209603650683,-0.163307255284584,-0.209201025171413,0.322933518098334,-0.0649831880804739,-0.0978243108470225,0.257852193056821,-0.169119714404647,0.00322709833109694,-0.137708755654966,-0.120087335846132,0.0999015186880732,-0.063119912686726,0.00973365462963446,0.018048645711179,0.0153512150961547,-0.073822531327291,-0.418549900703345,0.160302581922117,0.0330025789946804,-0.122683781582618,-0.07978869424055,0.173364050989296,0.338434948646807,0.365270368652043,-0.291529879415777,0.337713001614913,-0.201054400512768,0.130597798756523,-0.0632204067904769,-0.00429480313230629,0.128922782735347,0.0309725641687676,-0.0800537207415618,0.21260030450455,0.139145886848392,-0.0663552516186002,0.0912079392031441,0.0205306374603056,-0.182110234556124,0.048329963811492,-0.254705810918089,0.00827630087128027,0.0797607695192656,0.297590626578379,0.0803819035005321,-0.127078031833765,0.181575690644318,0.145188772969246,-0.147179433930106,-0.00301371891804805,-0.0554344895126975
"11",-0.167797520831864,-0.134596543939379,0.107820375225014,0.0250790834765919,0.0611728056840445,0.0254145163643562,-0.0454264915454879,-0.127225648804827,-0.350749732597986,0.117209118021369,-0.190828242773462,0.0497675015705121,-0.207413041263449,0.0264192009871178,0.21211288491376,0.0106673493022167,0.509362714109889,0.0867232426489912,0.0851039643366096,0.0143162971203522,0.00922241762581907,-0.0702233151626671,-0.171967099506953,-0.0179909196973952,0.0342534296066569,-0.214249847602273,-0.0796140001117583,-0.0821961575630323,0.0268298740879857,-0.274445898522516,0.0561704829294386,-0.0196207818308633,-0.012011233661892,0.0840923584166666,0.0508149253155775,-0.295320579325748,0.141124251511281,0.00289616106505693,0.154925629856881,-0.129338955990733,-0.00894360187289471,0.0469062064321132,-0.0899858452107868,-0.257827689151588,-0.0637788233255066,-0.149959346864694,-0.112104280705834,-0.165125952628179,0.110233691687059,-0.0169599777873051,0.270464714011324,0.148677934220181,-0.253203243836331,0.522465251969378,-0.0841742425801623,-0.19565856624152,0.0915369795376187,0.00987973359480875,-0.0698240136226842,0.240846290214857,0.15773969996155,-0.0609975720912475,-0.121865841194034,0.0194181323372818,0.464720257784046,0.0994077629878703,0.182305438166889,-0.0397336426564821,-0.283366701325126,-0.116436482771944,0.283969134439279,-0.0041969571072688,0.00347063958043512,0.0572899720497253,0.237654309067268,0.225911014770393,0.0541308240161296,-0.0596593123857505,0.0257968008957516,0.00901574244751728,-0.0443933109514359,-0.0285117297521573,-0.136267043646922,0.0115119553242547,0.0523716789664193,0.0360903514636522,-0.0280565321678307,0.124312632693343,0.0981016764342854,0.091413189314281,-0.0798988920400447,-0.0325235405478265,-0.0546330175300197,0.066238318332349,-0.173217278895186,-0.0401624624725639,-0.057155610669855,0.0331068398399855,0.174337978998511,-0.00356122657934254,-0.023631169028823,-0.110240421349434,-0.0931667227792371,0.0644513292172265,-0.0386091860356175,-0.120829524190383,0.156626660037977,-0.0717058255085807,-0.243421128801446,-0.0880071968686356,-0.00548911990124787,3.6790372203447e-05,0.0552544455463106,-0.0639114091017959,-0.0794228731387408,-0.0479527609127601,-0.0174786312107732,0.0967120086262465,-0.00272388452241866,0.174306684352825,-0.141448700247714,-0.0485922796673627,-0.047176323901289,-0.0176008811397339,-0.00696580701942457,0.0439392270377006,0.0239669994164102,0.0720059073946153,0.0546768938213049,-0.0731288692178752,-0.0533606118727982,-0.016439719660449,-0.176704899884256,-0.0581667225439734,0.0275763847087912,-0.143785122240075,0.107308898019126,-0.0191396547562999,-0.0218563828438042,0.407374021030104,-0.230750213689539,-0.0212376823643351,0.00732311753358259,-0.0418681294099962,0.205763156833572,0.0969857130845577,-0.0376472466518698,0.622035574576991,0.164899061247956,-0.113635100927515,0.0342439831991171,0.0925273656512508,0.0282385361181263,-0.191952864497334,0.128370458631086,0.135103471670296,0.265078552524473,0.106296450858892,0.0844179882830757,0.0798646655589216,-0.776357169533017,0.17077335369963,-0.0241460437906913,-0.042419246877207,0.111861620454325,-0.314408507562924,-0.0658708477515984,0.0819869160092155,0.00792308130983644,-0.0895782931750875,0.0544987615622059,-0.236858454716011,0.105878113858722,-0.0869637287841999,0.123778067859394,0.143633318097145,-0.16483379419192,-0.206604075683424,-0.0375657069122426,-0.116134922068866,0.0233968384322309,-0.171260677644515,0.0447947442552011,0.0808794995048543,0.098634887811853
"12",-0.116102248713409,-0.146411296891031,0.101595558695482,0.117524543573008,-0.136455525383485,-0.0876548006101544,0.23138910493179,-0.130172705925986,-0.150989778587943,0.0198008077661672,-0.0785631940903834,-0.0971397530728506,-0.0533522164633406,-0.0630198376947094,-0.025542594057016,0.174131578007376,-0.0542184744889506,-0.154766866675201,-0.063904068133471,0.0995762872030883,-0.0352433281872787,-0.00733733086383207,-0.00478645038379628,-0.0409435143849582,-0.107974169721105,-0.0422114269542678,-0.0563202928901027,-0.0982857808249993,-0.127802358877397,-0.0180414977791161,-0.0422775911642299,-0.0078613593617414,-0.0982588291810051,0.00945187802396518,0.00416611278468094,0.383527127813699,0.0988691564939661,-0.220708389811057,0.00685670687355271,-0.0572115281189704,0.127742003006744,0.0161002190003241,-0.110933816049916,-0.0550981472433585,0.0619932452121109,-0.0695950212004014,-0.144508393226179,-0.178573489552149,0.076899590448962,0.075728514903881,-0.119642835609717,-0.0388330427071623,-0.179872393504911,-0.132427403996929,-0.0607398195656638,-0.0322199612745692,-0.199996421876103,-0.0879586355293141,-0.122904209544531,0.198392938425972,0.300752032880697,-0.0458807893466798,0.0871808427251418,0.0573561047630995,-0.162111051017454,-0.0805053017657831,0.637238977201237,0.0372274781873818,-0.25991798078315,-0.184098648861447,0.110612229211716,0.039361502361056,-0.0131396949898079,-0.0298105634487166,0.0798971619977648,0.145888265706111,0.00188794817686063,-0.174468137668729,0.0479074349866075,0.11400311014757,0.0334912508377684,0.0872204786241469,-0.0427649624355204,0.122921666097473,0.261875616674761,-0.00935081524491284,0.0214866540145328,0.00547235452605534,-0.103720008170859,0.0206177288721997,0.0179242022283335,-0.00509238916601414,0.0634224949870867,0.258072381722653,-0.0541598140671424,-0.075643356637501,-0.300895241498078,0.0890849066822261,0.0118130808511394,0.0183900793816693,-0.00767239286154166,0.0189828183192943,-0.0155815609977768,0.182582299411514,0.168654965791282,0.0338298295633855,0.174944476363356,0.0474214104163487,0.347077247367656,0.0813989605549582,-0.0619902313717628,-0.166119191281383,-0.0394019083346064,-0.0177638159891381,-0.0382946024212781,0.178689046304258,0.0404624927582315,-0.11895602758528,0.157209555660125,-0.106802095359992,-0.0196193407676661,-0.0219845245011317,-0.0273426818239373,0.290885660865643,0.0180099903144343,-0.112354475300784,-0.103140897901317,0.000536313952517024,-0.100645439366599,-0.0145538174551642,-0.077609973154095,-0.101353471891273,-0.123181118135249,-0.0290940278790752,-0.198590712193966,-0.184674764688005,0.253057775228521,-0.0437134685807919,-0.0344848923940483,0.264111704366982,-0.102462229133507,-0.00775964564521667,-0.107634513709363,-0.124396118103295,0.0262481326991438,-0.180203896827439,-0.0158367538331752,0.0806291532981896,-0.071590084782866,-0.00351850404388492,-0.37743367989307,0.054219105010278,0.100633063287987,-0.148178770709997,-0.090232330761265,0.301996826394083,0.655537435997152,0.236033202046203,-0.219563818092529,0.263624970811828,-0.348633725235964,-0.00894032796693272,-0.0470112940186788,-0.0296939313714796,0.229075206161686,0.0194029867392503,0.0390891499427836,0.223051315536373,0.145495847065111,-0.0277036618626323,-0.00779942678789191,-0.0704232106134152,-0.114465640583755,0.0602449621696173,-0.218524600376659,-0.173874297564959,0.2262846278473,0.404116719472405,0.0263285676907499,-0.0800104173513317,0.140264975645365,0.0860649460053141,-0.222650619176827,0.0403839826840525,-0.129544594797011
"13",0.164944554757319,0.18391759691511,-0.0666511821363798,-0.191297202101472,-0.114559575859286,0.134556938487661,0.0635805088313956,-0.070350613123622,0.321051049530825,0.314327700287882,0.0264919642498761,0.133571220748404,0.279017832018069,0.269381814477155,-0.0158461009571003,0.211859672503424,-0.105216715245206,-0.0345701714075315,0.216223231397834,0.0431309303856675,0.0108840528828682,-0.0356180958544867,-0.171797509464321,-0.0166620184264214,-0.0268729721771838,-0.0543899769047154,-0.436741315454318,-0.248091551986552,0.0603859350132584,0.230304410540721,-0.0963969435406545,-0.0429383307203281,0.0990713437516349,0.206667486392737,0.0621032920812014,-0.0359249335531986,-0.0847053700628502,-0.0446157126092522,0.271377560466148,0.0620522492762819,-0.0954982882666895,0.0127804434693796,-0.170452043049697,0.273040817176883,0.0783056616451086,0.243250242446525,0.128604497383198,0.216406633386436,-0.519027941808106,0.0490808280702254,-0.241635352895409,-0.269839978104151,0.152072030838815,-0.0542839184295776,0.158968132623995,0.197192646101614,0.156572988052546,0.101848701549302,-0.429274315824046,-0.117999577271769,0.161502133409544,-0.153541532377434,-0.0109558499357588,0.0584411744270654,-0.229675416627892,-0.0638726961040668,0.00667972632208783,0.218118588267449,-0.114373738565508,0.0315787321442753,-0.447966627000935,0.0427137773165683,0.0597550093766401,-0.122936499744428,-0.39544642053623,-0.415157664426564,-0.0737176044518341,0.0407196669247958,-0.00868479471144205,0.101681465575673,0.0399261789212115,0.0805611721165461,0.234281315633159,0.0842118761521685,-0.263358911018374,-0.126908207853103,0.0370770526354944,-0.00503166115568153,-0.0401027105413831,-0.0571748000183253,0.0794703264573263,-0.164511752092275,0.12316965729706,-0.183828142471999,0.0341617133318459,-0.00522113227666783,0.357414640634488,-0.109529132078581,0.09859428110032,0.107341881495471,0.158565892998762,0.0529673482150725,0.0446642195304777,-0.0696840729890829,-0.16801994479736,0.0389038468628425,-0.261079397331554,-0.00132976017213981,0.595367813819164,-0.0676125594203535,0.0951206615237659,0.0652228654108805,-0.028099918374025,0.187429382177456,0.0707140508702207,-0.520600742171263,0.0948133459215642,0.0499482261445149,-0.104201120077938,0.0119432562488775,0.18809339537802,-0.136599177386402,-0.017114100292434,-0.357592046497298,0.00199651495484918,-0.0207742173020989,-0.277043672376565,-0.0616814740026263,0.0527115208226425,0.152299863995728,0.00847775162263142,0.0534295993410422,-0.193517038966504,-0.0269181060341266,0.29434464891559,0.183075922269273,-0.198944363678796,0.100625073654503,0.0459420510187594,-0.274542350132225,0.241520492369931,-0.0298696680644149,-0.145353228641206,-0.0492120270504766,0.143366792401191,-0.0331799203165285,0.0195296961729469,0.018017232466972,-0.0315291915590153,0.247148930218521,0.117231125209258,-0.0360111863014969,-0.0274784548959599,0.109309117347903,-0.298745559262974,-0.107182516532557,0.119418182099291,-0.414678376828825,0.0711786274611247,-0.199620275842784,-0.405835772507448,0.0373874586152259,-0.0226118722446934,-0.0373243691860547,0.0357080107685035,0.335598327577162,-0.10552126576298,-0.0460702968454207,0.269482400608785,0.0409632828889099,-0.140935484033399,0.158222031330953,0.127235638950174,-0.12306602186406,0.0777612855666743,-0.134501419897205,-0.283958493360973,0.382760238560591,-0.0179661607970771,0.232469187743696,-0.2347371621181,-0.0544608788588652,0.172149446666928,-0.0836303357898718,-0.00145309221201641
"14",0.0773910198036528,-0.0049528937809306,0.0509750535064214,0.15555580969824,0.0487626547569046,0.0332569104123574,-0.0316817700048999,0.0777210393680943,0.0364312472942768,0.0727977729293367,0.012459640895827,0.0310797621907447,-0.0349512399607579,0.0517111994140169,0.0143530981382232,0.02343852431864,0.242122472245359,0.109001050911402,0.017649299832799,-0.00981411395719633,0.14155050342684,-0.0500664009951034,0.0221361916968973,0.0549698909246964,0.17946787960728,-0.0994594266611034,-0.107382479287097,-0.223857469297094,0.0326750619679958,-0.156202531307985,0.0109872772168005,-0.0713237416869174,0.0303253025745405,-0.0139048135442862,0.0937964502464041,-0.0579563524523863,-0.0932624510936686,0.0609615318010066,-0.029924813362125,-0.0154743924933802,-0.0738002600738562,-0.216817989211882,-0.0684520569215382,-0.144693544587073,-0.0708752295701207,-0.00624328677368736,-0.0258082747357963,0.0577430395156699,-0.19548392165349,0.0347600880114335,0.500978905337893,-0.151309748427359,0.0482632223459829,-0.0748337540900144,0.0346483975478358,0.109761699751229,0.0816083760325066,-0.0774575984908397,0.0930816916171932,-0.0816943417836104,-0.151238044354406,0.117154386796733,-0.00899195670636598,-0.0105387250068775,0.111705370175118,0.143225942290694,-0.0864076882549234,-0.107438494618719,-0.681349699869907,0.0433982140381646,0.260312724974243,0.0324151256233731,-0.00456270667526777,0.320872139386792,0.211647178972176,0.251432965693057,0.0465959131008161,-0.0359677874151319,-0.0197250334335202,0.0219512379086782,0.0474696267159908,-0.391847480118804,0.0341303727158828,0.052136805191203,0.0139035545952753,0.015587104157178,0.0636627105711199,0.00137293150991737,0.128150217390226,-0.126106133624906,0.0360240727462132,0.0433483497366554,-0.1061635260344,0.0392853357651371,-0.0514444071845175,-0.0482572001768547,0.127439683669616,0.0289771708727574,0.0781423038178653,0.0498936503586658,0.0736578842469157,0.00477866995263971,0.0262447881266265,0.0240695097087133,0.288898083623763,0.0613930292155801,-0.111068244234993,-0.0856131435611183,-0.0746127333450526,-0.0410462218854776,0.0374354605142113,0.0594055163082968,0.125243843867887,0.0883964641170011,-0.057666179008072,-0.0304494454825691,0.0266398207603962,-0.0282309011934229,0.366359132116949,-0.39040390235369,-0.0812224858489283,-0.541907059133585,-0.105389969797624,0.0474354900941566,0.155947151733994,0.225394342514674,-0.0708184352854253,0.012543443979281,0.143112364105649,-0.0110416049968846,-0.199549152540742,0.0293389700077341,-0.0261621454235817,-0.0416069716310987,-0.248940485491755,0.0271528102674578,-0.321475439054602,0.0410609687840614,-0.0685336591637711,0.408021102913694,0.021600686314692,-0.0476817009128616,-0.063227784391895,-0.00710012130082316,0.0736390625038358,-0.105892683559622,-0.0308410980364891,0.0649602079872269,0.200312924401646,-0.0372993582364108,0.192525979540684,-0.00926733499271812,0.086793608480027,0.111666901109553,0.116434218881473,-0.130461002494963,-0.0563622382403378,-0.123892675151407,0.11040365864013,-0.068480331534369,-0.503664298809703,0.209770445110888,-0.0028862336659598,-0.0601518920480017,0.0138775718927901,-0.159519106853987,-0.131124909337661,0.0520974490729034,0.0147558170337254,-0.0266264292716938,-0.0434011074543565,-0.247142203475539,0.11743064418643,0.0908235847884627,0.169163731726012,-0.05372841127147,-0.27232620069092,-0.0504364687716478,-0.0752178650384391,-0.0215632682264619,0.0441779850575978,-0.0887185935013408,0.0114001283372561,-0.105138734276904,0.13859340452006
"15",0.129105623058838,0.0367257261196533,-0.213023904245846,-0.0811888021804508,0.0261274595721996,-0.0324000194016397,-0.0720163518304842,-0.0358166508906334,-0.107985122186838,0.331122385479574,0.289446474765441,-0.0391335253966012,0.00579589128608409,0.0190403365134814,0.091505913621736,0.0373786627252029,-0.239098495253334,0.20935050545193,-0.0560103380775915,0.008104193020753,0.132768179550175,-0.00343912957425982,0.444670947983567,0.158470377668636,-0.0290645345847113,0.0267745137295109,0.106072954475899,-0.024705674347719,0.126265957662776,0.0176393460141623,-0.390159832625774,-0.024335015180282,0.00328458429736552,0.487416365671954,-0.207694961558978,0.16093171516937,-0.0836169745550588,0.177993365466942,-0.20094983704193,0.0413433641894932,-0.00400779889259452,-0.328051253646591,0.674093316078961,0.0373157051291179,-0.119253772097343,0.104024184268304,0.0973950722931652,0.0404396964138672,-0.241276687664002,-0.020102939650577,-0.342802346092646,-0.70213263038692,-0.268694795393404,-1.05027218696109e-05,0.135664745396139,-0.316573879290878,0.144670703390229,-0.120391522049699,0.361842824294196,-0.216178452584645,0.193870420941568,0.189724487712991,0.0556098233000891,0.379482854058329,-0.0473854627648287,-0.15365306074061,-0.0696888859624684,-0.266208143862233,0.254410756967609,0.0212715769114385,-0.593128452206493,0.359516235550991,-0.00497346774749423,-0.223500907794502,-0.596247510172925,-0.583666417167117,0.145265865423486,0.00160248430126461,-0.111786361320847,-0.091682737642361,0.129980919100436,-0.2574072067467,-0.0127373933603247,-0.104082927272208,-0.0580392412188893,0.108041990251793,0.0101837265251846,-0.0568230610627109,-0.155860027943702,-0.0178921462929306,0.0241697211573096,0.117876618844489,-0.26021286800538,-0.0873519604644996,0.0294868967312401,-0.0957943065152263,0.784463257848885,0.0838924932761473,-0.271757106531217,0.0692792070500752,0.0828586105698782,0.0610043907799626,0.0105128969406939,-0.0322250066462811,-0.233457354275408,0.0545204369609123,-0.283943779575457,-0.20179260964992,0.214351737079895,0.105077914422296,0.0713527738558122,0.116442463427563,-0.124271198468409,-0.133965445484074,-0.158856049785488,-0.0709051874400954,0.130665414318973,0.132620720951577,0.26856589091939,0.158409206651187,-0.0214222451741777,0.81598614439383,-0.0265247537987387,-0.00343706671377112,-0.00481440056990074,-0.256619472899741,-0.21209219819957,-0.412903824057708,-0.143695117980694,0.082978804443364,0.0714856507138208,0.175410690304363,0.405237872038657,-0.0502455328224327,0.153633052197935,0.0513082789597747,-0.00501249957336108,0.0485061535546347,0.24992881069214,-0.425389027769927,-0.0109711921255931,-0.00693664717348705,0.256038916411288,0.242267488987231,-0.183051016242935,0.467939901385715,-0.161948585696192,-0.0706551094558011,0.114482327810123,-0.0146382386812408,0.182753098138679,-0.337113844288861,-0.226344731120258,-0.0372422985027193,-0.0349260035548163,-0.347451923628924,-0.396227872845086,-0.0299916501777161,-0.106673998824784,-0.0173966097677989,0.838077382586284,-0.5881208497066,-0.0116292748789636,-0.232394871584338,-0.142771260955292,0.0371315993540848,0.0203870006691615,-0.0788527586039573,0.0460459417207643,0.151907380208082,0.163145305683113,0.349863619453392,-0.0819128557894046,0.0976152540592362,-0.113030080593633,0.0491330977174349,0.233324742312117,0.209629409465108,0.0598414148463071,0.0237994734159452,-0.145939402390921,0.122317148159451,0.219110711919983,-0.019604749114104,-0.129185556404725
"16",-0.0694265957131267,-0.0810622408926695,0.0737407585178239,0.0124255920762539,0.114696880859394,-0.00586367524964898,0.210287120412912,0.07251914374078,-0.123406253846931,0.0265879807075085,-0.0147408508931119,0.00215240909180604,-0.0648640459823091,-0.145371125199182,-0.0494989499159059,0.150017035571475,-0.231530825505362,-0.122656276727042,-0.274554366534373,-0.0245795992064712,0.0143102291270232,-0.0525043008074235,0.382048839022359,0.00930955834922193,-0.0558436850680068,0.060629050825667,-0.0177568650677994,-0.0419205468841368,-0.0125500754316082,-0.140079088431907,0.0991196992133678,-0.0765176487330857,-0.0584326601081603,-0.0676766292534204,-0.13458897335983,0.251821919571316,0.0384687484234072,-0.23977654758588,0.0414496398515818,-0.0572086759589973,-0.0415840361472198,-0.126147306484502,0.459203248769887,-0.0906836778649358,-0.0423722052471599,-0.198353212508521,-0.0691715117805917,-0.122932024229625,-0.535053357168417,0.0655030293539995,-0.348305020165068,-0.520130337752515,-0.231547838275711,0.129872331918872,-0.0131574800133997,-0.204122493079427,-0.204827098242268,-0.138333789390097,0.185073903259251,0.161162202109324,0.234254388124508,0.206633042383236,0.0205042766423215,0.181955621763559,-0.157363796851383,-0.0649918914762816,0.525181792083078,-0.0591032870638516,0.0374976950357805,-0.0990490217615523,-0.0212022040010407,0.449193111348773,-0.071848559177792,-0.111483245193806,-0.00149310749436646,-0.0351666544299686,0.100557558291994,-0.0344777537187016,-0.00914062040468226,0.0514493665370919,0.075316255704471,-0.0463812348626859,-0.05237186301749,0.0443474921446448,0.404523182043234,0.0769542090045663,-0.0584185198233165,0.0205751762550699,-0.0550837001514067,0.0363530788562384,-0.0407883672739195,0.0323786415340764,-0.239978088254053,0.330205749788558,-0.0127280275357962,-0.00621378260589241,-0.0367945418384943,-0.0295029631284275,-0.141097270059829,0.0489121455635928,-0.0186841099506378,-0.00570260075854394,-0.110750219592597,0.260642994458301,0.108364907758799,-0.0041055939900533,-0.537505782643107,0.0818702507808628,0.394012579623856,-0.0733541245331496,-0.00635355909571365,-0.0288163617725742,-0.250740134426579,0.0771507399063988,-0.0728754324702949,-0.083230837058909,0.0379761610621478,-0.218845794057272,0.280930966870565,-0.00479313196958661,0.0616298004401801,-0.288249243006605,-0.154613321437202,0.0882451945528597,-0.12935050027408,-0.138321228326147,-0.213993993023503,0.133472643587195,0.131806668893293,0.047807215820899,0.0548907567334979,-0.00603150327513515,0.291298380957291,-0.127159855424501,0.188035200868577,-0.0972895609477345,0.416982265415092,-0.0744997751577801,0.0100930191917257,0.105049634529868,0.0328392346647683,-0.0245791263602406,0.0506318035999224,0.123713363307959,-0.115233233239987,-0.203132096829337,-0.00195494247741993,-0.268686913313865,-0.294180795048564,-0.0847569127613111,-0.122475423276389,-0.149529317898416,0.181001719962101,-0.0999524634209751,-0.00483733512885364,0.157869339426644,0.529127043919041,0.0612809381426974,-0.0965624595687146,0.201681501468401,0.846679454605166,-0.16602788262421,-0.0722422353087501,-0.157569496575972,-0.13749426786544,-0.0565415397012356,0.336769186855371,0.186896679604139,-0.485598343392316,0.0136966013730073,-0.018701274978005,-0.0323730291206167,-0.0895635733650303,0.129424524617298,-0.0712825765739999,0.0760191311202989,0.387417736449804,0.300409746156043,0.0351282345644192,-0.0395450615546178,0.124736534772067,-0.102332738846203,-0.090336786632818,0.088454941647655,-0.00666232170069582
"17",-0.0719261387062986,-0.181939673181476,0.0161846367355445,-0.0121883115856738,0.0705942428732863,0.007997774269004,0.102674915710944,0.091460280800217,-0.0855196631445868,-0.0126955791400572,-0.144073941722347,0.0165321061181848,-0.2367029296594,-0.115012659348246,-0.00165039610863455,-0.111221165341625,0.0767271058894707,-0.0813476644489471,-0.120788295189235,0.0434729601802957,-0.0754611527667772,0.0148858275319914,0.0281919007341941,0.0284526813310946,-0.00645529635691189,0.054327469404467,0.0746884166644805,-0.138536768296051,0.00760280293487262,0.0106114111231538,0.0448635374250546,0.0106295979946558,0.000137852757810052,-0.0461961657253472,0.105412549603113,-0.577847278630502,-0.354980194272213,-0.114265430913689,0.151526582794171,-0.0745009280937844,-0.0273492178355403,0.00741014055284561,0.00237344584157524,-0.110777149250137,-0.0774550669844092,-0.171693044155481,-0.0134189292447439,-0.125035240737049,0.195287704442874,0.0853734810086883,-0.0130678697291158,0.0906534308599662,-0.215896652504694,0.0148159852005272,-0.0173339945307908,-0.15031756919135,-0.0208574618705571,-0.059991506258214,-0.027012291251223,0.297659138169668,0.280754635784533,0.0220398499306724,0.0973105432148756,-0.103143113836871,0.120477989775574,0.097011937070324,0.0893771681705435,-0.0933478632953016,-0.0237797231582731,-0.096448220602209,0.281413986381015,-0.0438543825791271,-0.0225823431362819,0.119640194637722,0.253749100812366,0.259014458168855,0.0535030566377568,0.0974353742792061,-0.0244838684878984,-0.00426100974612438,0.0669704745662602,-0.113608488399396,-0.0264066455635476,-0.0113626817099078,0.344052412864066,0.0534220517480071,0.0281415546004626,-0.193897225610914,0.0717524587881033,0.223692870833599,-0.101389895566458,-0.0776756756260146,0.0396157659494972,0.359311601343527,0.0413503483529654,0.164605034420303,-0.0902977398370445,-0.0736815236541617,-0.321181426288088,-0.069469819759106,-0.0782942562285527,0.0954864718209524,-0.11173760476646,-0.0860228872266271,0.407574318811598,-0.289767826756779,0.0163644137464172,0.0286774687675807,-0.237987266003098,-0.133029260951412,-0.0147313106566281,-0.0257336735335397,0.183918856027701,-0.212686233969641,-0.0872066643181059,0.188103294168475,-0.0146316163295402,-0.0462509062592834,0.157967794743486,-0.0037333694609045,-0.0511284017898362,-0.160623567032804,-0.0196513363467163,-0.107879802871129,0.0664213104191683,0.190265749835217,0.0277821512169775,0.0441712419243021,-0.0973150104776852,-0.02141427307398,-0.107637638077723,-0.0412718501591543,-0.221680622844414,0.0211753550863948,0.15565645452235,-0.121074114257999,0.35644643421481,-0.00779254877120851,-0.0343127584967993,0.314978872241127,-0.283833770267755,-0.0161110596070671,-0.165796583064182,-0.184051291561356,0.0813711991697959,0.120567414171354,0.147587232944839,0.14576694747867,0.147545437600016,-0.154802762080112,-0.0790688686917033,-0.0115149995557576,-0.110324012107272,-0.184846376479986,-0.399932895822596,0.0534262709711418,0.186023594766481,0.1339359640618,0.0538485834381469,0.121968897985424,0.973590990376069,0.126256852896501,-0.0237147982824545,-0.111449981417858,0.076959653725009,-0.0210964520539798,0.160245016097791,0.13384112404691,0.178609954593284,-0.0319650956345284,0.0592663750176505,-0.375865658347574,0.140127301469185,-0.0520497811250895,0.0464315667545991,-0.00191041207761016,-0.113436945476638,-0.164534153116013,-0.0768263109108953,-0.130167496936846,0.0390684288184683,-0.224014576308415,-0.092100380951282,0.176840181620059,0.0539367127366916
"18",0.0299861342748494,-0.0615292693585584,0.206661429639389,0.21628623642015,-0.186807543883095,0.00101346334564861,-0.0333121100788203,-0.135477930988851,-0.275183942851497,-0.0820379284475855,-0.187726976536874,0.0028417357011415,-0.155456874246785,0.189036879189214,0.0239841465234317,-0.253294393582055,0.335128966938219,0.15039860734638,0.106092452874331,-0.0722117759133446,-0.0846679340464701,0.0367361399333591,0.00786194544261047,0.00917207806120256,-0.0537676106752395,-0.0547339818674109,-0.12886008220414,0.0364624719799687,0.0304360561482663,-0.456310450932716,0.00749875056127053,0.055542774626962,-0.0613989419089704,-0.0336493585811814,0.107831438628386,0.240941516250865,0.0382364370444645,0.0903305654229356,0.0319210901511548,-0.0297858805068899,0.210726453611602,0.112304787698537,-0.108806538583979,-0.380480075605212,-0.0787272185199971,-0.239833238101471,0.0157899103633873,-0.109920478763806,0.515907825575277,0.0355596455133699,0.323938722138877,0.34943125006013,-0.357382438893967,-0.0645751503746091,-0.117087151755354,-0.376490475457549,-0.027894481116851,-0.123604510949072,-0.0123521204648924,0.311923902286805,-0.150433171308436,-0.099669502849501,-0.280943665539395,-0.0146434044195751,0.24431251058559,-0.0178040389348284,-0.247929016639678,-0.118048035185583,0.143139008313517,-0.0536903498040362,0.257718710260937,-0.0498531650439453,0.037008311707269,0.162070979648094,0.176001821913577,0.196598996871435,-0.0605816076358909,0.0547306361594889,0.141021514975721,0.0908507329067386,-0.111643918148227,0.02665107729854,-0.303303736790854,0.148667418489591,-0.0198218244538697,-0.0253625677568163,0.0873345707655794,0.150117465965991,-0.0172919430363456,-0.048670215452946,-0.169198336754621,0.0892917732428432,0.177602848005559,0.0395394590333262,-0.213492702306821,-0.0423178144353243,-0.367429094178014,0.00196266812504883,0.302539055144709,0.0158955590050859,0.0516161645046754,-0.209981295281343,-0.050373489641469,0.157465610070519,0.238607851958318,0.301292539197448,0.166758563787706,-0.125659018697107,0.417993863122836,-0.0305437235546494,-0.00268484064289335,0.00706294982060235,-0.0562636784946263,-0.591185277834854,-0.158026866423115,-0.0404655487299003,-0.0471455409818996,0.036753588817478,0.289489625772708,-0.0916316711575817,0.148609565987971,-0.674990332930877,-0.0311529438017572,0.189197884001556,-0.00756012445112676,-0.00996481837714412,0.289364310426385,0.0377776191835522,0.140187315092013,0.0347790568050453,-0.13744162008631,-0.0873842090685585,0.188199877222315,0.0581273175063466,-0.0861976227473967,-0.171924828732047,0.288627612767041,-0.0260848372633567,-0.21367341156923,0.345512339618682,-0.1536420254083,-0.0620270152590127,-0.0257774460979672,0.127313359296512,-0.172989523245462,0.00413167729373404,-0.0516672644933909,-0.00442777273065888,0.048020782718283,-0.151157033157081,-0.00317083654576759,0.307283897907895,0.21167157672833,-0.134259439405288,0.0212555203368985,-0.122198669194275,-0.350119177653253,0.26702078937503,-0.23247321731761,0.200448599781581,0.0606221348576068,0.15217607332503,-0.057660205379703,0.165166275265684,0.0302182501899833,-0.536321941828685,-0.0670644936662251,0.266941504805825,0.139124436004869,-0.0154880637767463,-0.0133900933131379,0.178052397141935,0.0703151852399636,-0.0312944151656323,-0.294426196579333,0.287149183464931,-0.108878676396215,0.308906905359982,0.0155804395234005,-0.138565882153722,-0.0666766903450818,-0.0104019616287067,-0.147324813413044,-0.062247171179211,-0.00238087477872685
"19",-0.127651159372047,-0.135720568442032,0.0207495164496939,-0.190883055246658,-0.0109129408763782,-0.0680153974897475,0.0755184474392067,-0.0293956334548232,0.321140653947302,-0.0649719213104942,0.0254243862426785,-0.0726338503294733,0.0326355361236344,-0.082307301116322,-0.0107870361538535,-0.0929211334373329,0.145247614746925,-0.0945831814031274,-0.186426253102225,-0.03342683330301,-0.0636893849042563,-0.0494420980600191,0.0153928965668832,-0.051766118298571,0.00598274561600564,-0.325858631346255,-0.138064844959104,0.252537097934879,-0.0706943425816925,-0.0574440195707408,-0.0846437437914695,-0.0778776669254576,-0.0390830006897013,-0.0624276971567254,0.0123668362390769,-0.00392646603793381,0.0124927763470448,0.257672380246088,0.0530080454711171,-0.0489191852136365,-0.249495847924415,0.470661242710308,0.0788741078767308,-0.110816816496215,-0.051748984539738,-0.0725459993706711,-0.0525463348403986,-0.129544292010128,-0.0148410386811891,-0.261987992978899,-0.24293872421405,0.0177746544760848,0.240478331478495,-0.0135114610212705,-0.0173668068838099,-0.0662479409061584,-0.153342928379237,-0.013266995177599,-0.0129483514722359,-0.127734530657138,0.380120192347737,-0.198669578166549,0.0106596487585852,0.0569997843130166,0.0783290410247352,0.0823767611401438,0.415549444565804,-0.0550138867787099,0.0377405006105586,-0.00565716825434911,0.0851767408160183,0.0394547893605262,-0.0386429752549249,-0.0746316799514847,0.0955498012602183,0.0716606060538543,0.0406800615605812,-0.252490432606554,0.0362665373404033,0.126082421483505,0.0227355251451832,0.604398669658572,-0.029774653075911,0.0785488617201795,0.320910444236246,-0.0165215593302374,0.0304463488210151,-0.0970106517516448,0.0892247585581726,0.029268158955887,0.0272358958455129,0.183419835062498,0.143917455545906,0.333776841324449,-0.121984262292625,0.111708672781401,0.0907904937717508,0.0299975868498123,-0.110709215408135,-0.0118179392780402,-0.0164506612746316,-0.0401896118536565,0.0807763282441673,0.588962194340421,-0.199003480842916,0.0637877223320978,0.0554766870314168,-0.101549215302638,0.251135033315416,0.115109184971749,-0.0520905147201537,-0.0792001977935043,0.0461438251607939,-0.0364206151694698,0.106025837454831,0.136530314817028,-0.0889254480530479,-0.148821151448007,-0.289650871225246,0.366915796083795,-0.096134480778475,0.347323744229274,0.087935645271918,-0.066174846290664,-0.0221344745712776,-0.116269324975887,0.0705516292162926,-0.0251868287642193,-0.0298524632738877,-0.154602242589612,-0.157051690595163,0.107417319756963,-0.313978419719007,0.0435666944229814,0.171758845486234,-0.115284506456762,-0.332098206824256,-0.11644224645616,0.0203949671676843,0.703607485542866,0.0288159432334773,-0.0800751108263797,-0.31528308497025,-0.287910314123932,-0.0510865965137714,-0.0724359003187077,-0.352455502062698,-0.098259830454625,0.213670644744156,-0.030608348583036,-0.0135548553767693,0.0903567531163018,-0.329419651333505,0.0948016849043225,-0.144477639251232,0.135866818990342,0.40274715665481,-0.0206088502578854,-0.154131654627527,0.017422561586628,-0.387067701552585,0.144086880964858,0.1130420899048,0.270249157839493,0.101074358343212,-0.0278498772977825,-0.00514955929629518,-0.151352911848738,-0.37220605928656,-0.0544394016273482,-0.033272785689648,0.0266427128260533,-0.108555956961603,-0.120636477574919,-0.138015151750488,-0.180518891273453,-0.0708816007325081,0.249664302251313,-0.126914003516848,-0.0748847703313596,0.0027846645535818,0.163132996197426,0.161366261444557,0.0410801348946006,-0.0333610274257614
"20",0.0228125154187569,0.0953620745577606,-0.0082111375870204,-0.188999977300098,-0.0123829408485013,0.125712450467924,-0.0488775027521271,-0.151379763246561,-0.0156623952878611,0.0288420777627323,0.225921264432615,0.131257942661119,0.11285528423365,-0.0366001285330371,0.0646830565741637,0.253381940826101,-0.198857155993555,-0.107108959223062,0.174754954972662,0.0420275224706724,0.0807406834513424,0.032627866871957,0.133313789565047,0.0383300259221879,-0.0389930437532909,-0.0582455501037085,0.0629040198538056,-0.130873743338126,0.175667012631362,-0.163405234661275,0.159486556977451,0.062912429580732,0.145114987029844,0.023034604127895,-0.0902711016624195,0.208109935663662,0.103415532510277,-0.308596260594182,0.0669872917316622,0.0630128684542256,-0.029726603248849,-0.205053059381235,-0.0738813131985173,-0.0926097626026594,0.167140100856257,0.018248357598407,0.0706886992540715,0.0699096227930536,-0.281002600689421,-0.0405077268127248,-0.020009436287862,-0.137966888897303,-0.0209587195801202,0.322152017411655,0.102839843985231,0.0396329248518279,0.203955927840175,-0.0840193909789398,0.0969455419751443,-0.345924763295957,-0.376435162782751,-0.00551399466591356,-0.112084332764611,0.209821728291734,-0.262546214946978,0.0231290980937686,-0.203630102734795,-0.00588529005787247,0.49314523837958,0.0991088088387702,-0.331497259277126,-0.0286523953477476,0.136505724137249,-0.195597985488186,-0.347822112979916,-0.314525703479421,-0.0941005860423717,0.220726978025773,-0.0306726865318008,-0.0404727865173062,-0.123842197552295,-0.152465862062779,-0.0506748428893518,-0.0259126456453209,-0.549299986069614,0.278026405299111,-0.0436874865516847,0.117216079633772,0.0463041595059412,-0.00135148641699515,0.00361970336929602,-0.0196087722081677,-0.17427432048751,-0.519269025701041,0.08016557338416,0.0213691360842487,0.180146927818662,-0.0407835240027846,0.143175164635046,0.123070250236106,0.109842021582022,0.0958428811302312,0.119994980680785,-0.290386364917752,-0.206271454524861,-0.0515760137080491,-0.291286551351913,0.0798063412043653,0.13161926646228,0.0656605796233211,0.193446893966484,0.207183238466749,-0.0888703956199823,0.0897362236184088,0.0661817304168011,0.0444026670427242,0.04422514273838,0.250388615196609,0.453192843412584,0.12404199400801,0.0849344172372699,-0.362498306883156,-0.0710590532877251,0.0313089024817826,0.0560979748056525,-0.0651011746278032,-0.178265977218243,0.133621882299354,0.157816018137677,0.164047844234709,0.0839217039683244,0.119647151525225,0.191924672800285,-0.018174535147004,0.00426390999479296,0.099094540175595,-0.446193518420509,0.105221894342093,0.207328082742362,-0.318802810637368,0.125070394397914,0.0769138351081926,0.0491444717361137,0.120210178024351,0.18064537741365,0.256302847938461,0.0946904535035271,-0.0296760861956586,-0.0821216060946377,0.0356341899564929,0.150480135881222,-0.0296435845715423,-0.173384159244974,-0.0182486304793854,0.185092383919547,-0.226066977162053,-0.22513229680432,0.00644135078102468,-0.0861575984719956,0.0596045038815768,-0.288466721940312,-0.078001562334146,-0.0360452178761638,-0.225139161699657,0.107756065193617,-0.157947185554141,-0.125504628607675,-0.0795459340137947,-0.368986101034219,0.0920018735969674,0.163988489249877,0.221632548049738,-0.257443665356583,-0.0008468962053647,0.0673368508896897,-0.0193689327881282,-0.0464412365619266,0.226615629015247,0.128631444895202,0.0758462608389296,-0.132262381480735,0.0801281994674019,0.0586460294977636,0.0167822536738526,0.0209457616307222
"21",0.0957102752968211,0.0144273765460204,-0.0538339419987267,-0.0013375705471315,-0.0215736455053138,0.0902997542945267,0.0377182172093284,0.0549567662398976,-0.00434298180639058,-0.161644008219116,0.20057076852232,0.0976871274306723,0.0627278529212732,-0.000137526705966673,-0.122410278166454,0.163240044145447,-0.36509525868531,-0.180869866721647,0.259345141560182,-0.00326215658084027,0.133260401762764,0.0547249073094358,-0.0901008113138169,0.0495838737656667,-0.119424697854318,-0.157505273037688,-0.116057618620283,-0.209649196821246,-0.0119786756204621,0.0977861279817446,0.0904081299857372,0.0409460226497751,0.0639528922227678,-0.162675548494611,0.114763356371904,-0.410958267690583,-0.0434758790168206,-0.328577779540588,0.154609986670759,0.079279113140693,0.171968513475108,0.0278172012068207,-0.339243488596439,0.0478933537135191,-0.116232641834989,0.134786232509878,0.149104675477087,-0.00548699914678908,0.303637111535551,-0.0107579115051123,-0.149752941950816,0.247168385399669,-0.097216912938305,0.101856799568227,0.100205190188693,0.0931046233543052,-0.00935631679897382,-0.025767321677721,0.194974225522439,0.248961422485352,-0.097154650530856,0.0458570205734584,0.00943102303426213,0.0761983760306646,-0.223622694136041,-0.0501440757182403,0.0225705995011614,0.355393477250825,0.258918604831103,-0.0313438191925719,-0.182707273489519,-0.0439661902000579,0.0306721839526825,-0.076311542749491,-0.134992053607512,-0.145608463291553,-0.0450920512365544,0.0315913069582915,-0.0999878785648242,-0.0892618672454877,0.0660464882369635,-0.00149758925097738,-0.0240788791120872,-0.109214438422612,0.0697978745365746,0.0120683212516797,-0.118436436274299,0.0270601897745724,-0.0552940829447073,0.049593122458977,0.0638861213881979,0.00813317849736509,0.272025591703164,0.0869102451827314,-0.0505783139114835,-0.156166896358092,-0.352818803875851,-0.0768202361476581,0.143902706051593,0.112515774910559,0.121738051353804,0.083167271074795,0.0626980035242913,-0.385513258191464,-0.0461609505934469,-0.124059173274729,-0.350190299061737,0.0276010609607801,-0.146701855388582,0.0238856981647813,0.0604033896061342,0.0805228643991936,-0.135922585393799,0.054469263039122,-0.00573660829342175,-0.00642021196160747,0.163966654911584,0.0778830343850217,-0.843679820048797,0.00638799618559685,-0.000848716351344446,-0.679618394235223,-0.120184697682971,-0.0890354323413463,0.060709718289958,-0.0557079770794944,-0.0653900275430325,0.0195298759062956,0.000529995010115414,0.0925686064683267,-0.0215980737536899,-0.011363835942977,0.115974601782902,0.0483124272958443,0.130304896096625,-0.0340516837171099,0.263816949226802,0.0798505293879646,0.139665670106674,0.0438621315377281,0.112514784441449,0.0542771349989124,0.245296473484381,0.0592712142561708,0.169248102032016,0.0183092306462439,-0.0954088107329803,-0.128991075744905,0.082284886205456,0.111342400574531,-0.0464151223262467,0.0208198382120806,0.188245344526463,-0.135417724217427,0.118858822731604,0.0856675635480531,0.206755614152858,0.0303332896747718,0.0466034864194597,0.0290678267843237,0.427249951022976,-0.144797681248541,0.0609507238618236,-0.0847969642979099,-0.0178487591813922,0.0163943709197832,-0.00554486650340463,-0.045429917930863,-0.360720502256463,0.0269204549097288,0.148702856145238,0.0545006844370128,-0.0249705148006726,0.155953143797204,-0.00431482329243352,-0.106610751586422,-0.154467838031654,-0.0699859054087819,0.0853240537326116,0.080461606456838,0.0679486892771003,-0.0211707407435156,-0.0460612168615439,0.0408382167844232,0.0769230403397549
"22",-0.0363826782139964,-0.00454206349496771,0.0149652179185312,-0.0254537308286653,0.0261627121813394,0.0621114581653472,-0.00784146460714389,0.0172600985541536,-0.192239678245237,0.0967593305872294,0.3015192298795,0.0673103560990468,0.0274197027085255,0.0097106433668751,0.0945756664558851,0.166728623069868,-0.0215904416978262,0.161707928648438,0.159054369462572,0.0363615964683851,0.025941446496698,0.0405401484739703,0.162704640945821,0.0256938488157435,-0.102484817401307,0.125173008435617,0.0624694151983331,-0.255638017187718,0.148955757018367,-0.278133320221919,0.186995193659029,0.058352915402629,0.120118010153975,0.00613941585401433,-0.0675805010685432,0.283382613199689,0.128387286330133,0.516985306572417,0.0610875327963761,0.0193880301210597,0.0246437920757509,-0.169292278218617,-0.162461147863043,-0.157227460817672,0.12258740721275,-0.0283137915352542,-0.0428367995672768,-0.00656835901060416,-0.390403971875688,-0.00456450408231908,-0.0974656601759137,-0.229612487594149,-0.217567235359808,-0.114236689174607,0.0695586411995648,-0.0943838205787657,0.136011798181126,-0.174456744291025,0.343897930811565,-0.46317631768041,-0.405276032378868,0.0430179113649297,-0.140823907096541,0.186923132094539,0.0527606343566808,0.0196579580079279,-0.129637404483002,-0.0317405807738885,0.471194904398345,0.00537336603597075,-0.258479623981241,0.0216522984846784,0.165291903305421,-0.260722494233206,-0.282239515549728,-0.280077317874512,-0.0279366947175663,0.177484199234802,-0.0348052726664624,-0.0338917798545077,-0.0684895160792128,-0.154167090417471,-0.0658757956979681,-0.0184577346640782,-0.2922539891375,0.269629980940686,-0.0287781228354561,0.0785033307252379,0.00602290734722024,0.0152127062044923,-0.0148802066630135,0.00484237585798723,-0.00884935065512135,-0.317603618084365,0.0330460337075094,0.0452863893235224,0.24611951636769,-0.00966112460127281,0.0486513006726909,0.104172986727736,0.0786601330124878,0.0786901625103972,0.0866748621458795,-0.260379493009026,-0.161285048951783,0.0483874261265006,-0.211703594688567,0.101035278340884,0.207940166059226,0.104900624989196,0.155487401799795,0.170264239076637,0.0582535516070401,0.0121376301690196,0.00852725394180237,0.0578485429013841,0.0240089762563723,0.168211590797498,0.409358891766071,0.0666056272489069,0.0455700172876537,-0.548772344297972,-0.0675788000129174,0.0810342641568346,0.0170571430216178,0.0242093523557729,0.0336495736096565,0.144811515134771,0.133110853938821,0.0641486518843193,0.107848428092874,0.156261386586895,0.279672061879714,-0.0564601668959548,0.0790275980696026,-0.00110046766674035,-0.472922508438228,0.0768142678911427,0.186931308428044,-0.348079245768556,0.0236282697649161,0.102994771839895,0.114751007872332,0.163629802486959,0.171382267025373,0.160511405014327,0.0925001968226986,-0.0642942372164863,-0.113455010142227,-0.103971012556511,0.150703585790806,-0.037752416480905,-0.31655931860248,-0.0647306878374002,0.183894263314171,-0.317644747798014,-0.286133194923763,0.0834208384783746,-0.0227144103390706,0.0871553167832294,-0.220664488826972,-0.347373586279504,-0.0480106543602892,-0.207182949456535,0.0122957998001888,-0.243466866365496,-0.0189163161651885,-0.112637831709411,-0.270662614928441,0.079217677380821,0.210617863805631,0.238267812643581,-0.201627787584859,0.0258066947595647,0.0116184058465078,0.0348599154126998,-0.0243521237684392,0.202938289759918,0.11290261719617,-0.0102098117861924,-0.17171225267231,0.0582763352992441,0.0456691459642811,0.0125169835467124,-0.0107478126059228
"23",0.0431923474597095,0.00979233557796017,0.0425747077352044,0.34329819720817,0.191703451649533,-0.00972005833969353,0.0383260368576432,0.0810321556717233,-0.583574528890823,-0.194651422139172,-0.0607402792525736,0.0240544441549448,-0.257478883007794,-0.25799850816477,-0.103702122853884,-0.0457169314092329,-0.224931618985323,-0.658339982155293,0.135646043239424,0.000111885265838448,0.181311190722174,0.0657146901767326,-0.182648320744719,-0.00671298626943424,-0.0423542719261786,0.274821775973731,-0.101874567441182,-0.243158624150038,0.0994580026668249,-0.325867739983163,0.167112201032808,0.0929595524814425,0.00681814850600911,-0.169424419859394,0.0967889204729072,-0.144260621079608,0.158510900525093,-0.585674923203292,0.146545016411302,-0.0730896911079028,0.259075096078572,0.177803291055743,-0.528193756948403,-0.427770712949381,-0.110082310209684,-0.237775848702484,-0.0402023835885134,-0.0465662259802986,0.701649114493832,-0.0194240105284416,0.157642519103209,0.498031555575536,-0.293210627173313,-0.256224640241051,-0.101785515434567,-0.161608608021767,0.0577735357357137,-0.249558662262162,-0.0048684882555008,0.334060125713585,0.0995372350869755,0.112921209907639,-0.110180763856599,0.0313558469197828,-0.245654356731048,-0.00477733583282876,-0.0773701788167656,0.250311942697407,0.298668891381189,-0.0359388591477352,0.348954427471898,-0.0897948782562165,0.0906623350716519,-0.154058690138903,0.302711019416169,0.286682549865006,0.164725344297392,0.0458525703180416,0.0944240275148994,0.0435333977937331,0.00878339221689445,0.0873694777276542,-0.30977705202758,0.0516776342054064,0.346205300237484,-0.0037840503580255,0.0520115154822259,0.125035155979602,-0.0259811963762581,-0.0117126452961972,-0.0384996281063909,-0.00921673708716072,0.529141697084245,0.371460484338532,-0.0322414273210254,0.019471792218332,-0.266655280811248,0.0398355816540442,0.155880707770191,0.0582653729613956,0.0648950669275159,-0.0554474096633598,0.0715971915219914,0.0621788410109756,0.123772149086471,0.150276821536229,-0.0251568827128785,0.0384955694218828,-0.305589592297249,0.0832799332812922,0.0375094900840651,0.146396331356473,-0.20255217242504,-0.334688119607428,-0.0823542455257365,0.0959923480992682,0.081063072504503,0.0569540510329489,-0.832457789302096,0.272062715162319,-0.0258874619291951,-0.394312343560886,-0.0735905930645137,0.0242047202382177,0.104027591589901,-0.0908339410066017,0.0542232874613153,0.0596476518627574,0.0649543698222119,0.0722998293934011,-0.0443533881343014,-0.102290687882431,-0.0109839380378581,-0.0142566196658505,-0.0621065629842411,-0.043915407858448,0.270529230698273,0.0148132522907898,0.0046699865668602,0.224396005616383,-0.0628016127114305,0.0596181119593362,0.144145315283271,0.0635937700420414,0.033442401248945,0.116122543332082,-0.103941544720112,-0.121182506279194,0.227928239466292,-0.127606536537168,0.0112540312575142,0.184661743270129,0.557774743300109,-0.105908743620989,-0.0113815631934277,0.155564055851449,-0.0710720577239489,0.0823345571536132,-0.0650860277710306,0.177346874987965,-0.701737878162916,0.144548531448855,0.0582736106409337,0.0175455153089624,0.0845265746649698,-0.44387385002318,0.064235868723482,0.225285681299274,-0.722524259724162,-0.0303024704106963,0.142849098484903,0.125546410579895,-0.400637381260924,0.113674444879604,-0.103235735073706,0.339825803778834,0.0239857560144089,-0.205311339006132,0.108381662261029,-0.0520222791979266,0.257483292392633,0.164217236626372,-0.105809961300799,-0.0148038638737793,0.0511606056865572
"24",0.0168366915344921,-0.0920664039704823,0.113542335679015,0.197835305608002,0.126913567766551,0.0170388204717869,0.0339752342280905,-0.0866131280213719,-0.389015603967317,0.0246737534604969,-0.0926418943415083,0.0251293228649113,-0.0713905897012019,0.102199214481764,0.0735361079884325,-0.237067854722604,0.316059419773804,0.251443353563059,0.0578855916989171,-0.0144165160609342,0.150417463643217,-0.0253981902605323,0.00861536787458721,0.037813127002077,0.0790396085254391,-0.12238001125088,-0.128267741644758,-0.35404394629579,-0.00916987360102203,-0.236639849211975,0.0159315798660231,-0.0169951033276219,-0.0248134933765364,-0.12100953642842,0.0919004796630739,0.0967178390954493,-0.0736887109134435,0.496770217619955,-0.0423162414210707,-0.0679532433461193,-0.0134066909847261,-0.211296704717481,-0.135465956333935,-0.235485645533074,-0.0969678673450969,-0.143032785333026,-0.0553848918422061,-0.133458538602767,0.230897494142742,0.0221297066367644,0.521655859985659,0.180035820937308,-0.29232233142316,0.0400920680087885,-0.0508341924057453,-0.164160410250358,0.0579090220231415,0.0297552464422136,0.225214750099543,0.0570115534527301,-0.147528923045939,0.0852822833533072,-0.134813059541622,0.0409131492130701,0.260436047892361,0.0629352638967793,-0.178452253148133,-0.164781079736006,-0.302501467664016,-0.0656119049408293,0.316597944850497,-0.0286805161022,-0.0435151753575118,0.399461767194187,0.284772816830548,0.304846710648132,0.00476652722460831,-0.0530801350229453,0.0574407807929812,0.0546350001804706,-0.0228868742076356,-0.431980723951979,-0.123641373108372,0.0614636179276604,0.114665164741776,0.0461037659712469,0.0511742444604689,0.00564201053102488,0.0643766489554471,-0.0611002212043758,-0.0139714065209765,0.020754344743392,-0.102300302561317,0.11494337858676,-0.0729444549492573,0.00542256254442434,-0.0311419809459024,0.190115165317823,0.117731385806204,0.0047422963256579,0.0316054304647165,-0.00921379896767065,0.0193298354196246,-0.131717084237672,0.232021243219981,0.0141821318888012,-0.130256907206924,-0.0404260137486033,-0.184916101982707,-0.0225140125742349,0.00102072327245109,0.0614575355547483,0.0450501673155454,-0.18543633909604,-0.139735272769547,0.00511312667886194,-0.0494683224312009,0.0368043676362067,0.375846287314783,-0.0941248810263544,0.0519128947499645,-0.755286461575054,-0.0210074289424255,0.110952648777974,0.158582115223163,0.222613478189197,0.10344963310955,-0.0183805097052422,0.116813320581143,0.0217334141718996,-0.0956059430703732,-0.0203072042086912,0.0059811253130961,-0.0482646952259958,-0.189868722907132,-0.1331050881983,-0.196535447857196,-0.0292945461343126,-0.0966944178639541,0.434497076781524,-0.0419439527459061,-0.0175520348084155,0.0773691340054477,0.00984082979175283,0.13849278657767,0.122019180110546,-0.100043629893176,-0.0458265217403748,0.120809698353737,-0.0625154551892941,0.0483173633415939,0.0948579012239311,0.00268076458618937,-0.205690104921404,0.0612619186289719,-0.079383777419071,-0.0839228781400959,0.0253082484414155,0.0186260630356501,0.0238307440488698,-0.730234035117379,0.178316345414896,-0.024619644987711,0.068026413937406,-0.00185744468491138,-0.24128972431566,-0.0846100913136583,0.0634566621269062,0.790213080386357,-0.0571737165882296,0.0419907219621661,-0.212468294908766,0.158463806089518,0.0849220344596149,-0.0113326312313861,0.256166901290703,-0.138301598199516,-0.160499543690188,-0.0756609011347047,-0.113500221517619,0.132131696147112,-0.0544155837412081,-0.112326585475006,-0.0882576013515863,0.117953319738518
"25",0.00446278798665388,-0.102787902289999,-0.0624824803510106,0.146914872570827,0.00346832000766166,0.0103297552229008,-0.0601827015220249,0.288031067165022,-0.222060638914659,0.0719561853143938,-0.140999478946406,0.00650500776623942,-0.230246417104543,0.112175728895443,-0.126504136237851,-0.0473422282009303,0.0770622826079734,0.268817503293239,0.0181376922990071,-0.00334913959614152,0.201890926427012,0.0315704981942709,0.104663444427831,0.00803954144708022,-0.00635340635719983,-0.145185256195599,-0.0697167374647434,-0.0149399758115129,-0.0651891432278621,-0.275126732560793,-0.0492418577460914,0.0255912278218753,-0.000369995426574488,-0.0847251300248067,0.0396630741880896,-0.140430295304985,-0.137119008669104,0.0607962013809177,-0.0735546133480086,-0.0055716046019411,-0.270607273985016,0.209708206722195,-0.110081662792754,-0.21993176956636,0.0813151326716055,-0.142895854268604,-0.0204654941017429,-0.100085281518707,0.0825333550141217,0.0296589806632745,0.0177641268395398,0.125195089529306,-0.0462983329235725,-0.0491673649723907,-0.015069198655929,-0.109535517445119,0.0283421008935483,0.412266117491158,-0.00878060857480046,0.0224935475613775,-0.074452895335486,0.0714211219028254,-0.090260670790926,0.0304299931158678,0.0111822691585899,0.313258923721188,-0.11142108617885,0.44646939272196,0.0932405061693879,-0.0585956188791161,0.0271954508566254,-0.036158425089195,-0.145058390912497,0.252148422071941,0.0359038866616909,0.0128211337673283,0.0152579200300632,-0.0722696610150316,-0.0153158897506811,-0.0146539515018371,0.0417267295374243,0.211881708810401,-0.10445029048258,-0.00652157867754685,-0.0545830872541622,-0.0615614346607995,-0.0663111387967718,-0.0405426106538099,0.286242230180034,0.119130900991058,-0.0406945315594129,0.0216770597295317,0.294818337947735,0.0477948995579675,-0.0900454716421659,-0.0148607015754996,0.0824241061394251,0.0302186651354584,-0.00812670340004171,0.0424835743298301,0.0423134126180352,0.00754160110165087,-0.0563805403938288,-0.0596443500733679,0.316421847767267,0.141328716468503,0.0563923424679423,-0.115077393228253,-0.273224062474589,-0.0449058034197103,-0.0956365443952485,-0.0808032569050372,0.148192868240496,-0.0419086115644484,-0.0543081571956576,0.0680908993321188,-0.0361400908245044,-0.00621710338544664,-0.0853538643826788,0.0937504921825239,0.0145732927576869,-0.201845528794219,-0.24719992269795,-0.0228262643068117,0.0989843710568185,0.266793114170836,0.055642646659931,-0.0747208797602339,0.135156839167846,0.0289822406058149,-0.00707963082457719,0.0496641747212616,-0.0395912049916529,0.00786621633323916,-0.135535861215218,-0.114852346655396,-0.0524456515822759,-0.0141241712105352,0.115158816507366,0.0483102882170299,-0.195582772059305,-0.0398296999499138,0.115498417830572,0.0152401289534885,0.0312188152055679,0.075303767342446,-0.00169909505300761,0.172146948352136,0.22731119149694,0.0716648443583312,0.0546157655954355,0.033060051628677,-0.231952624421531,-0.056032150666014,-0.00363568365990515,0.262971714109344,-0.0745897276190827,0.0645717562797204,-0.0200717685915226,0.00508748116215022,-0.382953078611208,0.0363398157911595,0.0668860568880088,-0.112236166108851,0.16593176458775,-0.263230417547799,-0.0719718800876104,-0.0379489569580904,0.14835188650282,-0.0173689718818997,-0.181189677077701,-0.126233373734295,0.0718912445587892,0.00552094779797825,-0.0262549401871258,-0.0780751536641068,-0.242461138208203,-0.230248822669103,-0.0976681201542027,0.0157103775809118,0.0800752155466628,-0.0104117387418633,0.0306680726971254,0.135689094815371,0.0657490284015356
"26",-0.0701036909939002,-0.285129212829892,0.171813031756989,0.269314372359561,0.274512126978456,-0.0475678009431579,-0.00271271153616962,0.0714427403971947,-0.366280166947475,-0.240853500978238,-0.328930294847408,-0.0245704453314584,-0.271065493419128,0.0903743254592771,0.030350396707223,-0.213435084564269,0.469410744183721,0.199740280341691,0.0270835653394217,0.11383788530302,-0.0824676750523876,0.0331986593914583,0.0470397771069508,0.0132188097684206,-0.00231791599471854,0.755747105102587,0.0638328207404015,-0.108633562070902,-0.182841050012025,-0.63661204839058,0.0604032957202319,0.0534664405567017,-0.104149086152014,-0.249910567665797,0.076615766498335,0.0420841929598293,-0.00796254343606777,-0.0831556797186322,-0.204423707054248,-0.123431846070517,0.0804175482609885,0.248899797431331,-0.450758877938249,-0.435158086978987,0.408915551833104,-0.425047492425247,-0.168678711141778,-0.256953040075883,0.445281492796594,0.036034386956534,0.2076969544887,0.294154577536354,-0.32370146030575,-0.361240577328728,-0.185856878742179,-0.184407243197868,-0.04937941239291,-0.437984040046052,-0.0113204589351805,0.0089087418195702,0.00873170736711697,0.267375405859546,-0.0342953319697509,0.0655308272026682,0.425163494520561,-0.0474941708400076,0.421927104888101,0.420769921666183,-0.0873845296118948,-0.209110867690871,0.465965996996895,-0.223555962919258,-0.309361652788277,0.151391118848028,0.441192158359062,0.414799883574419,0.127328610460679,0.0615905546396535,0.0821746548814255,0.0271132618697561,-0.00040240802304253,0.0491915451740408,-0.233496779298189,0.0989164110502454,0.0448288769293597,-0.144502228913846,-0.00908887082619022,-0.235554813740321,-0.0711257850793692,-0.00807339929744081,-0.333224657475057,0.10480215565217,0.18009376460603,0.0937057125063903,-0.160799215438817,0.111129178805082,-0.31285820736001,0.184592095043969,-0.302201803161118,-0.288639785164727,-0.277017883894829,0.143916274549009,-0.000791249007895952,0.151433815944789,-0.00679710553520544,-0.0505199262999713,0.822011786839639,-0.0493652685506233,-0.261198663309933,0.189301036940974,-0.218106654108849,-0.181824825861407,0.37930221264532,-0.254089349008782,0.00794888605714311,0.285326458201156,-0.0898837040431596,-0.0265706728400039,0.315471512488986,-0.0597538717447174,0.10321912848996,-0.222576202707804,-0.169035238952618,0.258039734297755,-0.000113935497329572,0.61107922814387,0.452359339250353,0.0379190409260563,-0.0375403207065712,0.028420939178758,0.121899681412558,-0.0680718862835882,-0.194778541636365,-0.103077203092633,-0.114041877053749,-0.176568243439511,-0.345990400028136,-0.174196534070131,-0.079198612072009,0.158332856045193,-0.300978973405169,0.334079614429777,0.0634411599185225,-0.0383991879636353,-0.0282750944481245,-0.0168523762481485,0.0577019108017513,0.000501863275346097,-0.423210656809032,-0.110500681907096,-0.257706182731385,0.184682158599652,0.2412897001218,-0.315057726001337,-0.0837625266535312,0.306323784858984,0.307601887510912,0.32192891103431,-0.22126797819968,0.21369935617306,-0.181448598450709,0.180331628586444,0.0386219497868819,0.167035751306714,0.245477378639874,-0.607386064232147,-0.0566939378853995,0.359441796494575,-0.281373604375914,-0.149584640584009,0.117117677749736,-0.121343820576904,-0.0827581952828768,-0.0355803881808206,-0.280771252380852,0.172541140287598,0.309709691172416,-0.196917459623879,-0.0179404946006323,-0.185739498069569,0.410881610942326,0.00784966230807716,-0.17742323257204,-0.0033199689398698,0.325261148878256
"27",0.0846898513847585,-0.0433610986992871,0.0979208299341365,0.165782841231274,0.0713060450850102,0.00719808864745447,-0.0706050214456358,-0.0748754115776548,-0.167532605454448,-0.147273637118738,-0.115795697317347,-0.00948194510918204,-0.118374957030763,-0.0240275340065308,0.152988386558218,-0.0655839662641175,-0.338114147069535,0.0376145796792102,0.0989506399733747,-0.0058745757213297,0.056374855857506,0.0213901105802482,0.0236492480836563,-0.036764467705869,0.0480238471012869,0.508597638876264,-0.123371522812507,-0.127182495987274,0.0799844004572904,-0.162507115800576,0.107277816881292,0.0778926442681684,-0.000765657883401139,-0.304236102840567,-0.0598644630183841,0.15630931768557,0.155304778255439,-0.185070738272639,-0.0158838735911994,0.0468594731319794,0.281274989608618,-0.278900619049214,-0.145415668105999,-0.12750788757402,-0.0433348458887741,0.0156069893702303,0.0323732755226532,-0.0671919583192993,0.26057623980351,0.0768491840768199,-0.0130398115167587,0.219843160454551,-0.143843109582663,0.0238961074962369,0.0128158922260427,-0.0981133087333782,-0.0509639308527992,-0.172259228865653,-0.00964590692869527,0.132209533273944,-0.101517069761808,0.102543144972009,-0.0705471370816732,-0.0396903530314574,-0.192345710172106,0.0179557259355393,-0.0865852847287009,-0.0220262588222981,0.179635473503269,-0.0815952596739338,0.179897788844303,0.0600662212280169,0.106046104141778,-0.0947594971920864,0.211566896802805,0.172044411667535,-0.231246163341319,0.116016529969377,-0.00548357565293571,-0.0235864690675462,-0.143537715091141,-0.454025102828348,-0.152609269616949,-0.00977352843105574,0.226165581221669,-0.0460561166557738,-0.110937146689459,0.132682119422717,0.0382781791437367,0.0090466179237337,-0.0846914916181186,-0.137624729271913,-0.101508668513002,0.224835867229182,-0.208178616747634,-0.146036754680253,-0.488559760281718,-0.0948703264943894,0.306643327863349,0.081075571817647,0.0748567912662968,-0.0970076505887372,-0.0282499162550475,-0.188294990160896,0.0489310321739404,0.0567126399264906,0.165674191214019,0.0763136928494874,0.0215168991606184,-0.0194456567365136,-0.0137843882936872,0.0193414507263174,-0.164483851710002,-0.217154066522153,0.0842072044215914,-0.105402827522144,0.0639498230552229,0.00651442140232798,-0.251746485669073,-0.226008343985783,0.206892383640639,-0.483761482652655,-0.17968546320413,0.0896943036542201,-0.00294231914101115,-0.0767026578121262,-0.260450611285751,0.153444305104133,0.115040118592253,0.0521645848633099,0.0964649230002325,0.0597847656362514,0.367970008392011,-0.0141129385902654,0.065304974339683,-0.0924162495324961,0.360012103113819,0.00572230514541481,0.0732051222238806,0.0621357316463314,-0.142311809261773,0.0316919152991757,0.0944160455932279,0.129045902867951,0.133863565400364,-0.410027625649391,0.226847454453486,-0.194310852003179,-0.185935588878454,0.123287578227057,-0.0787929970240402,0.105296042501506,0.667100372333819,-0.124774518739094,-0.0324174400469328,-0.0196960265315364,-0.122046478097383,0.152560856694464,-0.169876753683585,0.120783271097286,0.687731119594818,0.097901798580243,-0.136106524355144,-0.108810899307017,0.104520716426704,-0.135645047728292,0.0723039165793517,0.225152366838903,-0.207013519543216,0.0123660032637387,0.0264259578159565,-0.0144476006919997,0.0871892768262473,0.048481568750699,-0.158409924936048,0.221272782379759,0.202872751472932,0.0140682146745156,0.083731323558505,0.0848193946298161,-0.0460084779819195,0.0348380185713988,-0.205620750335043,-0.00962470463538925,0.0656004375099064
"28",0.020908692334842,-0.0181360075622812,0.0446406717131629,0.0223679147011852,0.525267359315514,-0.0748126270998634,0.0825378124953342,-0.0308562065084469,-0.237744216496946,-0.18198733890639,0.0128439993967555,-0.0550321825504705,-0.25589414506047,0.107026669127727,0.0794979359026188,-0.277259036920867,0.0107009443361169,0.272941144069919,-0.0218030642824985,0.0350249561118878,-0.0187979099041589,0.0643729759741659,-0.033587036445685,0.0717789924617002,0.0186105993188462,0.155160488749503,0.0618075351548999,-0.0600608984074353,0.0149672043340995,-0.336971550592692,0.0251579690068427,0.0611512785495952,-0.0528832464464341,-0.284320396735568,0.0762428189099816,0.0243224157338645,0.000793322277495805,-0.0234966520127111,-0.232739620091445,-0.0382948621462779,0.213576536190313,0.100677235316134,0.141543901811365,-0.269948009564726,0.0256700050643501,-0.241704114703091,-0.0543519606524804,-0.0737918142260162,0.189924273081118,-0.00655516323488199,-0.0718049471416516,0.0770577128915924,-0.237756617973311,-0.126711881003119,-0.120035964658453,-0.188121007491612,-0.0506630752943584,-0.257702283236502,-0.0817614715451753,0.0965729772186477,-0.169153260535934,0.0413434058745853,-0.112788713338235,-0.0107493684028123,0.0585472094041397,0.0288334254782609,0.269058736030031,0.446785238540687,-0.0389268389520286,-0.076525779014015,0.337052032527775,-0.145812942259012,-0.364267981160655,-0.090016764283968,0.343705320797659,0.289389817991441,0.123723127234474,0.104183080838665,0.00832355029963789,-0.0157324649620522,0.0300745962863626,0.0292223982188345,-0.181673876063126,0.0664607311917809,0.257437044453711,-0.158853392613963,-0.0376822628866027,-0.0973960585918297,0.00857811921745402,-0.0420557528694158,-0.199153955204466,0.0814836029201532,0.0295057140402386,0.265428623806889,0.0530248310479531,0.153084144801528,-0.202494469668884,0.143212978237119,-0.191087911318857,-0.186103934218506,-0.167130360748191,0.0980962272481502,-0.0743200683834133,0.13830800935371,-0.0102053899537318,-0.127901317245276,0.0328669323108074,-0.00829674159887172,-0.497849931290408,-0.0614182332946211,-0.0574536854065116,-0.0205326105227404,0.297893575619609,-0.198616768178226,-0.0531892034123633,0.0639764534194601,-0.0187331780566956,-0.00453605110188922,0.24155620968406,0.11104631028886,0.262714506554803,0.114737838271261,-0.0983453664982516,0.0124072997660983,0.0580982002116844,0.581154946018317,0.17873956814042,-0.106012336598145,-0.056523398747576,0.0778846201111785,-0.000521594999158718,-0.0664114878699021,-0.0944884279566094,-0.0902638473978009,-0.182369732309202,-0.0568724945538892,0.0305005354205561,-0.0565163868338344,-0.115514935795273,0.0586438455932882,-0.00139065985229489,0.0296611643325453,-0.0316441876465357,0.0547230892702545,-0.0833008839926217,0.207228516667478,0.115001083604903,0.0752190416877645,-0.309026981696864,0.0937165484897639,-0.130973660852906,0.110376358225719,0.422054391306181,-0.332227600531109,0.0268142732149812,0.0947124181799167,0.0517983792865906,0.145923565482145,0.0212822170554892,0.157504558202083,-0.172053347998777,0.0944853814758772,0.010329657713948,-0.054426492473927,0.100167361108264,-0.331076164613384,0.0051528345725524,0.331515928972607,-0.0833052812269474,-0.116713606010025,0.0404342007082199,-0.158946367534373,0.0474693602170832,-0.171860302529971,-0.0859193460157587,0.188492409307079,0.0192078018371085,-0.35871628408782,0.0232853486633392,-0.0281010128211539,0.146497583483467,-0.0826049132851962,-0.0615788451526334,-0.0232249624061706,0.403892862854819
"29",0.0695077536320882,0.0110268683779067,-0.0560657280055353,0.230409090485303,0.037213233108801,0.0516701693710479,-0.023907145609585,-0.0108586476765175,-0.264435413523405,-0.0872244467670561,-0.210164211521282,0.0683949645042917,-0.14463724256329,-0.141921790466075,-0.144861487578704,-0.116264656570448,-0.309214801488456,-0.228845376872539,0.245650001934613,0.00126502536103416,0.0841021878050154,0.041059383525463,-0.190371686392847,0.00713351262868581,-0.0686724550712677,0.124379044695193,-0.0778071007148576,-0.2849031477979,0.0527899028835283,-0.124676982711394,0.219453281996913,0.0288506981383513,0.0580692028648751,-0.180180150281725,0.0906456423858636,-0.0609435874301809,0.15935248009712,-0.246587160401097,0.132573946731609,0.0271182510504993,0.159591127858142,-0.126812185554344,-0.0136645617044043,-0.127500969757564,-0.142840525289021,-0.188706646594909,0.130804353855766,0.00119395883266468,0.448308453682913,-0.0564111179573267,0.0414182515682668,0.312348650665089,-0.20403007514717,0.0791538270639367,0.0540130416760199,-0.14092802872856,0.158988072166807,-0.0591315892906295,0.291361005745203,0.0845367283367418,0.0257466523015297,0.108183859299758,-0.109348322586488,-0.0737546681603542,-0.332067712290573,-0.0925011505355836,-0.329274617906198,0.214344766537848,0.281777802720214,-0.0110934065134589,0.0896787628540542,-0.0698040066480263,0.0443692745413074,-0.126227151469086,0.0450065207631326,0.0840241648608411,0.0580381351265096,0.0580336101242893,-0.029562552001075,-0.0468740353576535,0.00452585044024406,-0.213690196799934,-0.205809033609859,-0.0323033146541004,0.16342734352565,-0.0242065093905725,-0.0430991181087617,0.15388056553562,-0.08799994805746,-0.0566556328576508,-0.0266300130893839,-0.0272703528056619,0.158443483203608,0.161445978563846,-0.0407676137782948,-0.166170197341027,-0.0301391916804348,-0.134041474199412,0.213015717126614,0.0600022912196734,0.0975598298042664,-0.0859121435743202,0.0715261901248819,-0.154013534700853,-0.114420358085357,-0.0202916387237787,-0.354974439566641,0.0090218368222178,-0.181023705265425,0.0423990429330324,0.103201018363241,0.230756754135429,-0.1249377826052,0.0872559954648914,-0.0364176308597673,0.0231315817914377,0.0585292868393891,0.0575868520254844,-0.772482459162694,-0.0848575528011075,0.14434590479612,-0.210742077817782,-0.113594893261641,-0.0773042898183586,0.0145948721509283,-0.166469222266903,-0.0757677441793013,0.12939127376084,0.0891264834136167,0.118304070750586,0.0386019078224621,0.0763199958661296,0.137279656449005,0.0229523624436638,0.140946980346885,-0.0304564521981994,0.153790914691861,0.0281885927021362,0.20339494181348,0.146323330321088,-0.252194651262899,0.023438131011686,0.254785878578255,0.0982868062476139,0.134780315967163,-0.14508090827491,-0.0710106674707492,-0.143500863217699,0.11337322395859,-0.0585911840135703,0.0607387372588948,0.0739807082812987,0.390291665165258,-0.107720491797669,0.177255482386655,-0.0561040707691354,-0.378527382106332,0.00197243461119731,0.103950726696644,0.0576521491046018,0.495146892028528,0.117620150821132,0.0485463592912396,-0.0309550396633807,0.00265498940674731,-0.13021379298465,0.0835540057106927,-0.00687241829863083,-0.0759967279093492,0.0305592586823486,0.121999849170906,0.208374143097926,-0.226917687917962,0.148874263863583,0.0977658335269904,0.187950929706814,-0.00688446260694818,-0.178308651966147,0.0646530018135669,0.0522568799563559,-0.0318239364911768,0.0961069086445527,-0.00205971196140899,-0.0927900195790094,0.0436514400913004
"30",-0.138007565977108,-0.0927226886116015,-0.0417602001120252,-0.204946229240233,-0.227769528611084,-0.0356843138404685,0.289824776264236,0.0355638974647393,0.359991730372581,-0.181974275662844,-0.114654719971369,-0.082342660555648,-0.00965625890928651,0.0297375893182476,-0.14332259504719,-0.199206699432401,0.219678129083507,-0.0204304171215529,-0.467909244376217,0.071722809178204,-0.143971904723177,-0.125655190232669,-0.141043190976783,-0.131232626946563,-0.113763766491426,-0.299144310416741,0.0896196249990538,0.215944839968416,-0.297563882133616,0.565238936617748,-0.130381692567082,-0.161997671238464,-0.0699187968152598,-0.0582636074148312,-0.0770030706730475,-0.0624299905188253,-0.0757309280887706,0.127820926842549,-0.22125959443085,-0.0164684703809267,-0.272900645227171,-0.00144279765125236,0.454506950885806,0.502759953588043,-0.0562402474665852,0.13250795817834,-0.0683691021470162,0.0026029435741004,0.230793323567831,-0.00950973683166508,-0.265734947753419,0.141729963099405,0.241313609501318,0.0741775937531632,-0.0319137357082333,0.113495169951919,-0.187905889773735,0.383286529571428,-0.154669291565961,0.22494567788792,0.289029014334191,0.0025868261543085,0.110786060934841,-0.288882412016899,0.0798786284236581,-0.00674607664148915,0.331374311791192,-0.147654222593714,-0.0409285662223965,-0.00415996070191002,0.243526207009265,-0.0639212628299673,-0.016032358503352,0.173413385009833,0.321316298465037,0.305797176311683,0.00647555193396017,-0.167957452250968,-0.0885407571457304,-0.0313923553375226,0.106515219533997,0.0483597723885103,0.284791389925996,-0.0685931408565781,0.556193714366443,-0.121101222700245,0.114517971608704,-0.112637354491574,0.0248624296056791,0.0283870609562849,0.0333607924058735,0.145151712133415,0.0618082843564789,0.507364634728835,0.168016115688838,-0.0324634528457622,-0.225580503712541,-0.156620516020427,-0.29628292391484,-0.0931650321225577,-0.0388981317549845,0.0562958045697803,-0.0970897026011584,0.104864108310869,0.00246726837541718,0.164945185632937,0.0369598428681209,0.124565782731343,-0.385545616893795,-0.0600550029007647,-0.179200622652398,-0.110158066234611,-0.0997259344755211,0.163621211846832,-0.0234953406616088,-0.141855621386765,-0.193523362630441,-0.217252222339142,0.215515059354425,0.0119964276822302,-0.153843939150416,0.605770211418912,0.388276657461997,-0.0391430466664573,-0.0912396899965419,-0.00651451275581759,0.435120403706127,-0.0902140779246694,0.0157517495245283,-0.170696555323031,-0.200935833919104,-0.0912098383272146,-0.103282205506576,0.0651793751738208,-0.12293070333684,-0.02925797456766,0.371640800295945,-0.15248271841158,-0.336290727259833,0.0333907051260432,0.279413193443715,-0.0533858098985022,-0.179163251215276,-0.120717217075702,-0.112058956602784,-0.0590364800066591,-0.0917352621871211,-0.200545185497496,-0.0375334568173745,-0.0473316714221582,-0.187148483389488,-0.166548445493513,-0.430406210374687,0.00718710838549783,-0.0435855086137644,0.105142346671666,0.218600786129245,-0.0427615279356212,-0.0891598781102492,-0.368659601238472,-0.0479977605301432,0.00150690517069036,0.0637011881458535,0.16948833919954,0.111315641594207,0.635195790227983,0.343561908387004,-0.33527840769918,0.278194689069435,-0.0451722675412407,-0.0589014829477373,-0.0533682236147269,0.223305767212631,-0.105592104703727,-0.0361420481678736,0.0219061686079784,0.289295873489557,-0.446784318413965,-0.0965992250717702,-0.0117722293687315,0.143944763689888,-0.0319899335616566,-0.146877786440988,0.0199755358679298,-0.280215852938632
"31",0.0109251739537959,-0.153022842118354,0.210491905530525,-0.0145573243189925,0.100225303263742,0.088358017460082,-0.213236538485524,-0.119236169777553,-0.267083774667995,-0.0755647219212385,-0.0609447027450263,0.0961692945768711,-0.134298782232762,0.133336746992594,0.0355676955359623,0.0394612561711334,0.0419566333782701,0.0608871427759822,0.0996935335955898,0.0492253550714587,0.121186929378038,0.0097828286363199,-0.082764933073187,-0.00410044153800665,0.156307541801376,-0.280527291344039,-0.160481877495113,-0.0789683994147617,-0.073066525409641,-0.349795029962365,0.041376880942074,0.0365067703431068,0.0176496288775634,0.161259162516701,0.194640401684367,0.0362102527134344,0.0801633037000288,0.169192308192457,0.0802244978781792,-0.0484636331379872,0.265821567970144,0.111070893637737,-0.640067323863446,-0.384689988670637,-0.0762400268205702,-0.205542450768976,-0.0160348684778692,-0.161074930493162,0.331113790392396,0.0904104730547962,0.136355344943503,0.188664880025757,-0.25582185603712,0.708632848631318,-0.0927801389881315,-0.00356594113755657,-0.0204697490195442,-0.187105135325523,-0.141783532044899,0.0206061344400297,-0.227286170394603,0.0373996406909533,-0.0400839430245531,0.047916227685326,-0.048350463223017,0.0473659177451673,0.119953199201374,0.0434248075478539,-0.289880852468385,-0.13412835872925,0.256826315545798,-0.139060521330177,-0.103779700652164,0.192681826058348,0.240076199782664,0.244182180545394,-0.0623488687563799,-0.16720407605933,0.121762994896106,0.0725544662368747,-0.105586015380095,0.0115854346232647,-0.170018384654128,0.09230019135638,-0.0995935696808615,0.0870777931430009,-0.00665926662504853,0.0487055700919524,0.0701753112144383,-0.0996961231936912,-0.106990869835119,0.11426893472255,0.166527971591998,-0.0919411251525685,-0.101898923709507,0.21232945213554,-0.432075978823579,0.169084955816232,0.273006085949746,-0.0445485860438977,-0.0504007780104064,-0.00866520825161856,-0.0489593426602693,-0.0858729989144641,0.397400967063423,0.10704145342821,0.277307930536689,-0.0622970920591537,0.0227358208998234,-0.0365059826949749,0.0292690385450275,0.0502381917100622,0.0977123623207151,-0.0747406009529957,-0.155136027446084,0.142268848478892,0.0328989758971258,0.103291773882057,-0.094189194755829,-0.0433752944163558,0.0136072142626439,-0.7412907189034,-0.0708900314973971,0.0804456897824551,0.2380828194361,0.298646980571386,0.226766397009169,0.0073423800146551,-0.0964517413497322,0.00789836292538081,-0.140774675392626,-0.114813052536807,-0.0482302683902054,-0.0231332374198145,0.0186420490540192,-0.177783513030238,-0.178687117679872,0.00564414011677246,-0.108143303880824,0.433315870052593,-0.169131987397098,0.00802936693512843,0.0856976470045268,-0.00119190369667396,0.0661492368738951,0.070201730771959,0.0333610959244747,-0.031555790642076,0.169061008106779,-0.137446303370415,-0.0272711957653484,0.25732165975221,-0.0250104372239377,-0.114215104519212,-0.172042996167664,0.141352848674753,0.238333076481381,0.252640479799817,-0.112206982674857,0.106286562093502,0.208828457336435,0.00278665394359676,-0.0873017812486153,-0.0453820666034779,0.151669352569771,-0.385060918065163,-0.150045162319602,0.381573173136239,-0.047083622479667,-0.0710561333723692,0.0108385829481366,-0.140119900401866,-0.0918438998806429,0.0357527889403789,-0.119216593889625,-0.093302577653265,-0.187988453876027,0.123767679045006,0.057600997024437,-0.0802673982521312,0.0318672162197486,-0.144351257586075,-0.206766145842887,-0.0972116898487726,0.25347435583123
"32",0.116736831274587,0.181101966870493,-0.111299253991978,0.090084453559857,-0.244025413787387,0.028610155083266,-0.0280127312088301,0.0540625471055621,0.136820940353838,-0.00089481629946301,0.297491176553541,0.00572438790118306,0.206710973854793,-0.265544055396047,0.0248764582951542,0.265870803088211,-0.479770049089134,-0.243508719265653,0.178624864527273,-0.0470857917917702,-0.0957459950531794,-0.101850912852883,0.049321767575299,0.00225019769941156,0.0803578122150259,-0.0196647779080006,0.134044054135141,0.168817813421366,-0.0706299893922209,0.144507307787037,0.173937609582957,-0.0394091208937351,0.0828078515461442,-0.119160609155931,-0.133109950790656,-0.203556641860708,-0.0426528139348637,-0.274731469245953,0.060512353992073,0.0926398653721688,0.195680823773899,-0.0993810175896144,-0.263324247369505,0.100121986107478,-0.254980330951387,0.379104836386499,0.21439197383954,0.2364189791936,-0.000782247274918667,0.072753077496925,0.18182568750952,0.135518727609243,0.0938645939514931,0.12937607864442,0.122426996909037,0.278720676178817,-0.0960762056175358,-0.00808553334800816,-0.131330758569565,-0.147405005124635,-0.147203116298381,-0.0490903417366496,0.0703166499077513,0.0215583566454387,-0.267224336434957,-0.142521459615493,-0.243143676197804,-0.327652689394007,0.176912541401282,0.000534856623682778,-0.288060346511188,-0.0318578387164388,0.264788529627867,-0.249163535004986,-0.157133211086775,-0.191846846553391,-0.259803878413193,0.1228385845536,-0.185535641068308,-0.12861683856711,-0.211720081870127,-0.232265747472493,0.119901524198311,-0.16422335002431,-0.15612260776449,-0.118280508953811,-0.0487312320697108,0.0951717281608429,-0.107029754281165,0.112913982891919,-0.0472572266885829,0.151466162504728,-0.590206392444358,-0.0741894579060674,0.206568224302616,0.19449094170369,-0.0486807832836191,0.0187109485731031,0.160519944090154,0.104093476652015,0.112412870999652,0.072101416279493,0.104102399810384,-0.203475479973526,0.101446344229065,-0.16912454534809,-0.123517393782929,0.0834186809181134,0.0471433200371044,0.0053553213339912,-0.0138735695654334,0.128390754016983,-0.269927931128432,0.275850157717477,-0.0260895142300828,-0.0990241643418216,0.0297274679871593,0.0611233800961249,0.164191917481667,0.0345355993579112,0.14533571076856,0.0407583517022227,0.0836630735940685,0.0461890836370538,-0.00815055753737771,-0.343685676912402,-0.38063806990369,0.195863199441117,0.120971168408339,0.117148799526192,-0.118216834423793,-0.115191619116997,-0.078886003765624,-0.10028488873025,0.0945353737108019,0.205263504666499,-0.059204039415081,0.0808918066213292,0.0794844765381193,-0.377399983284844,0.263304602902715,0.0248811111585087,0.230621258631537,-0.0710415697513437,0.0545987227118504,0.301371445214517,0.0492400360898913,-0.0875397575598129,-0.308327216839247,0.145702662625257,-0.0367643339928545,-0.127351823261032,0.274400890857586,0.163949196211076,0.48141280472758,0.0592001637860902,0.093230411868617,-0.230457582238115,0.268601097914479,-0.3403810096145,0.172575222875333,0.0219208785579146,-0.11007328545795,-0.163915064326341,0.0566518337676775,0.122167486583293,0.015250065346782,-0.0704237589644706,-0.432921537056992,0.0683971542100356,0.110469986295383,0.133000322345276,-0.052292069707416,0.0815720044855077,0.334357794888306,-0.190780432438751,-0.158391895193146,0.0313372161713949,0.0710419721193449,0.16326503079428,-0.12943748809231,0.0397047160973828,0.230368452456155,0.0941030460157723,-0.13713639574525
"33",-0.0844814475095149,-0.330894398673853,0.292362398366091,0.100031056543693,0.0543724061801231,-0.0806337834646689,0.0717112242382204,-0.0865859407802005,-0.326501255114161,-0.288115856947578,-0.304235995562224,-0.0279361566977739,-0.408864890230432,0.151099240580001,0.060389023643244,-0.291444372519713,0.275411437518822,0.15210110049544,-0.0494420324172512,-0.1650278135475,0.0424004281623524,0.0184022607946015,-0.165889265228116,-0.0792776084843239,-0.017248672872001,0.231118441077781,-0.161730269510946,-0.0936595132150305,-0.0274943036401217,0.125333832905363,0.0624356899473105,-0.0643807147024664,-0.136135638778197,-0.189909540463077,0.038165139270703,0.253328710366598,0.0522682094695314,0.388375590303812,-0.139572948538028,-0.154324294373152,0.134212378375979,0.0745685047411061,0.0545816480262217,0.451440393485097,-0.00367683041878391,-0.153408531479946,-0.134010870038493,-0.338648079062627,0.200956515385514,0.0399665618808787,-0.191155794045786,0.0994655648192241,-0.150480334646239,0.0338911511720331,-0.205245154730633,-0.256859703042458,-0.0278109945185482,0.125775878128044,0.0267882834140275,0.322331392783474,-0.00939511641027746,0.0416725340821081,0.0699246292215569,0.0920471028704534,0.194960270571923,0.231345241006494,0.356672879081558,0.0753840070918074,0.0201412310232418,-0.118547304506185,0.453804279060622,-0.140883622651119,-0.308935848741477,0.23998576608369,0.454988898003738,0.394401957662738,0.0439125323243855,-0.153161747430446,0.141126543335022,0.0733850337959104,-0.0279438686690717,-0.0923139248086551,-0.044946949811976,0.119594412573639,0.294100696499983,0.0204267627463548,0.016453941628537,-0.000776209078179488,0.204259203688526,-0.104017614043898,-0.0835157986575028,-0.0564698303333304,0.361506527442103,0.375226742071772,-0.236100921730564,-0.201219618071136,-0.599095643675872,0.175650397442303,0.164143898069661,-0.176080054274952,-0.221623766340195,-0.130415109591003,-0.258162866533506,0.0862453480696001,0.328233443409746,0.198009413302135,0.111815802001915,0.043797793647379,0.0166975070171536,-0.165422564875494,-0.176281610614509,-0.140718338847532,0.0319244251127509,-0.316036034658902,0.118988695964726,-0.0308669985842561,-0.120347016624366,-0.0817152470116312,-0.549259854290477,-0.0616740382489117,0.124118072885495,-0.301641815525026,0.225201377357371,-0.0321838867958492,0.0120602439708597,0.232865129517348,0.146276831590369,0.0861368928223065,-0.0968861308306251,-0.0668343678232549,-0.0740265256821886,0.0251328146037867,0.21846857939029,0.0898560209960685,0.152457380897106,-0.306371312577227,0.627733009311386,-0.162051525563363,-0.0558168846278678,0.582659312995277,-0.254857615649949,-0.0748991146036857,0.0801745242799162,0.0619512769797881,-0.0978550392691616,-0.124309348938837,0.006519959242247,-0.225822241738773,0.134030257278128,-0.0888618107021128,-0.00421423365585862,0.156624098943674,0.305813961497256,-0.29633128384682,-0.0862675702401414,0.198736566655462,0.241821579183242,0.264243924506638,-0.618018159999546,0.196167658642062,-0.693474166356169,0.105601509118775,-0.109830728460012,-0.0115913547580085,0.198744050969686,0.152149983084353,0.106328073066746,0.491580824193654,-0.241880343595656,-0.0927751998247697,0.00649458519434296,-0.294834294562508,0.319293979216411,-0.0401291816877318,-0.457881616764309,0.254662294319259,0.198386402496185,-0.0582751833745407,-0.0856987260240186,-0.154731402389441,0.0403468800090063,-0.236736939121947,-0.321484618133103,-0.0889074851067648,0.0697401994052876
"34",0.0865182772362217,0.0659553554547777,0.0394377182338148,-0.0644891965716768,0.0132196866894733,0.0753146364366186,-0.0207981015548434,-0.242053767457854,-0.226450320220857,0.130295537054724,-0.129120469047089,0.0817662543423746,-0.077789429011268,0.176447555523714,-0.0361195377201853,-0.20636490450508,0.0613541993717513,-0.00701990343415249,0.067283984500043,0.122106162831876,0.0683967988029924,-0.0138761182532803,-0.258829097489867,-0.0694867016947043,0.0992091005636581,0.222679617491636,-0.276356309195881,-0.0188729860102333,0.0478363710569973,-0.359421225396433,0.0249523223384482,-0.0290218212354885,0.00501748468237145,-0.0097775092437278,0.245165138911106,-0.0394377798807497,0.0677359591481283,0.148154617813803,0.189557155056864,-0.0605804119441875,-0.00087868051730085,0.178185344731109,-0.16173816074877,-0.0848815366527846,0.0248948817154577,-0.155572166257183,0.0193721837148585,0.0230902345456858,0.221288653530642,-0.0163161720242972,0.129737903268998,0.00183054584738165,-0.203289003373786,-0.309610705352126,-0.0674958833642378,-0.229082873148113,-0.003658507057432,-0.242572479891108,-0.200536018705129,0.224853020926195,-0.0427140136012237,-0.0816468610366176,-0.07156396766728,0.00027210627888859,0.0114754798528175,0.0616627403137979,-0.121606800538282,0.103475014533378,-0.0353380085328123,-0.0515574884868743,0.286947639171378,-0.247595374875627,-0.01310738529159,0.137083708591798,0.19658207616614,0.272153162929418,0.125771278657401,0.0871352876483633,0.208262085228571,0.162364888314286,-0.00405125859518895,0.1140618933498,-0.1618917028142,0.207704929272583,0.183889007296526,-0.173446030637754,-0.0420697567246047,0.0833670134158544,0.0697522128281362,-0.118631050976478,-0.0117155365334837,-0.0189864935113695,0.064426764262559,0.148623707088546,-0.166143482984309,0.0731266056283859,-0.209815160063611,0.0258746698892422,0.264900400904598,-0.0388231049736398,0.00561233310841959,-0.0722674272316206,-0.0452288948422845,0.137958459739958,-0.0943611456725995,0.143301523083726,-0.198268482827034,-0.0387307417255139,0.33054867330699,-0.0391736144404214,0.0453419049520103,0.0930074671254712,0.0200706662126822,-0.252323793140368,-0.143118313143681,-0.157431083898262,-0.0609207811826708,-0.0392463472315641,-0.0351871785763026,0.112436039696258,0.1093867632634,-0.148874413225474,-0.18282471766789,-0.0808129079564166,0.0787373762166858,0.124209683472464,-0.182221118567884,-0.0522455434714521,0.0222544542898244,0.116695683195597,-0.286725842408189,-0.0995021871669815,-0.246465994381706,0.0146890173748097,0.0334602983269819,0.0440501166972112,0.374836074582472,0.0306170037017098,-0.0373725052411631,0.435199562135639,0.0253886428032141,-0.0886259901004126,-0.207724083297818,-0.128664231640884,0.113095259884527,-0.014843030327832,0.0656966850366812,0.000301965870104907,0.171435404130725,0.0872953512574773,-0.0789347459117015,0.373401699689931,0.528709958783998,0.0250198676278297,-0.237836751396353,0.0641769591353907,0.0617421849648994,-0.0882816199839223,0.0762765067236888,-0.00816899198481733,-0.585922837287011,0.0561987816113243,0.0623865047398071,-0.015474218819795,0.328820848731824,-0.377324374275359,-0.143725789148036,0.0816713212825059,-0.0158246504024218,-0.0648956544499578,-0.0668079710281943,-0.0497113579561568,-0.0438248335488545,-0.0624583852760025,0.0625783416312574,0.116554347100275,-0.120691232303809,0.285583751295214,0.00649675038989027,0.0304048548059361,-0.0721988280366229,0.025120863236203,-0.0845349023318123,-0.092842614933114,-0.0965179414140481
"35",0.00379745705556493,0.0525296860690842,0.0280558975289274,-0.113809257373896,-0.131125690756086,0.142568042287172,-0.0304816283933594,-0.10563241119141,-0.096974047757102,-0.150301824005706,-0.0110329198862714,0.154118897160431,-0.111165743580496,-0.0372453846684832,0.00488778888342196,-0.0440766991306158,-0.103895395062277,-0.135264494811012,0.0845159041697556,0.0409174824414414,0.0751521074810539,0.0156712973486908,-0.0819354744007148,-0.0843631417479175,-0.0322896632681917,0.424494985551516,0.118721434527495,0.245084205438916,0.0365181780100749,-0.208466602504056,0.153594743755031,0.00218067891692068,0.0752939167234111,-0.0616523060099128,0.10202329652099,-0.0914233000684107,0.0810430291774615,-0.172573442641869,0.0582128097023432,0.00137964753059099,0.107841419135537,-0.0742529126980224,-0.287187102479497,-0.25135422725918,0.0500056849099395,0.0482131445889173,-0.013936792855522,0.0416534025696325,0.320374929991996,-0.0802653117391029,-0.0117446929384727,0.10496130599308,-0.085593672702499,-0.324849536666701,-0.00701227983323035,-0.0656549544754502,0.0751074850897307,0.0266514395204909,0.0872166501206603,0.127003324570116,-0.182599444203738,0.00679104993272324,-0.022490299898258,-0.183213584630857,-0.0907780387221527,-0.068753955764955,-0.0751802324685401,-0.104752504299225,0.217401796852075,0.00492012380467974,0.332303611878588,-0.196008438588298,0.0100338880693014,0.0188216413020309,0.322047086436762,0.320155026674524,-0.115741059029945,0.21232849334782,-0.0262725263564078,-0.00583469794202315,-0.113372908478486,-0.00645655904996855,-0.126779057430355,0.00174447273845669,0.0722754573489403,-0.257260580899006,-0.141430714905587,0.165625008157059,-0.0714474590810707,0.0699636990236222,0.0779061578808409,0.089333666230603,-0.178933429850633,0.0893236564422101,-0.0166668912875024,0.147028013333965,-0.485177670825884,0.00386448793060915,0.311947845552317,-0.0431319922583102,-0.033035146221575,0.00209257356122181,0.0298664258342347,0.0630732077265744,-0.150324580088573,-0.0717050642159612,-0.0126152557192126,0.0238851756757174,-0.152093710180273,-0.00772763661353803,-0.153472882187194,0.000164315748476553,-0.17159186713354,-0.0130565464432225,-0.0923110419331812,0.00685292283248477,0.0467982294521715,-0.0549093079053958,0.503037103827191,-0.0343319522633939,-0.106985603442572,-0.059210666793955,-0.116830523109013,0.0131618446840182,0.000604933687570265,0.0179331212087816,-0.0608225696992124,0.097423580569629,0.182630749763066,-0.0163798241368404,-0.303568737901609,-0.140780998742084,-0.0314538130079249,-0.102444264001991,-0.0325835004962137,0.00481387360040594,0.266703860831502,-0.0488413857868162,-0.141874085422295,0.26663992046592,0.0110558655325496,0.0432774419711186,0.0768722116191965,-0.0293942082851561,0.214868895989607,-0.0808210639259401,-0.0148962680177553,0.0270453364754621,-0.206055488966918,-0.061313967591762,-0.147189916639238,0.182231969163493,0.470248424260601,0.0304331351238261,0.0215569444696664,0.0671464342462222,-0.0392823178891907,0.0878986124936231,0.218518609413637,-0.150042859309753,-0.0205802851895421,0.134623984768477,0.075162092065761,-0.0399585553499748,0.0122374153298353,-0.232163234701656,-0.0471691905517762,-0.0895849731512895,-0.139634645647438,0.00257281548486228,-0.0916589078167985,0.199463706815939,-0.00593100114548694,0.0550289861997415,0.216680230906338,0.111022070822026,-0.0638407044388731,-0.204603856774831,0.131832069726011,0.0592305191435404,0.0827490978711832,0.130963617598172,-0.152882666838391,0.0620628228164602,-0.170272572929843
"36",0.0280624366851951,-0.121332012473963,0.255440513193449,0.0319341338745484,-0.180235720039453,0.0174331055438427,0.0508587743822392,-0.213038370141096,-0.395808235396001,-0.166563628948518,-0.121100835323278,0.053893732500658,-0.22218976276764,0.174816683868139,0.132503219511705,-0.216423113964543,0.281064596344136,0.0302748750766646,0.165961600735066,-0.0313055190410155,-0.0132035540826239,0.0268020732063343,-0.0518516490063102,0.0290727395196064,-0.0318701886759978,-0.0240737487014495,-0.34530035896572,-0.239510494189255,0.0441296671313014,-0.459485395801169,0.0570843448882787,0.103223987522388,-0.051970838311377,-0.0311586884579637,0.230103342059456,0.245516429348665,0.0754627263952664,0.0639620954515218,0.0621614137570269,-0.0460487128507542,0.301621559973355,0.175936593139008,-0.00292866430136568,-0.656728548613756,-0.123630306972787,-0.298646005659684,0.0437938869695905,-0.167109488936592,0.24340797194989,0.0210509019845414,0.145678437490344,0.0477351346024334,-0.34063410522994,-0.205288449772671,-0.142092225262203,-0.189477777470507,-0.0483851426541581,-0.323855649517728,-0.0147615563624519,0.231893598835583,-0.0971652708815134,-0.143708436378435,-0.157246413564151,0.0526687526745646,0.243810328202842,0.0428229046085467,0.00525408576557227,0.00447508515972653,0.171580872974431,-0.0752070624601985,0.323325751050066,-0.198268464188362,-0.0787719254217557,0.13524681000832,0.272231110398121,0.262553732622501,-0.00707032407545143,0.13222351646128,0.1495948005911,0.0872576165554799,-0.0166637527770353,0.0522374434669193,-0.331409546571182,0.216857588869724,0.0751136478780307,-0.0611021503168443,0.0533617569149019,0.16395304577137,0.0275506638595566,-0.0801629270201527,-0.157519435718038,0.179723624959969,0.264892102241573,0.0888053851258344,-0.307329612328642,-0.0904396982193374,-0.499531260229772,0.0738662833610183,0.381716488026838,-0.0392340305938319,-0.027935994456511,-0.292570416651883,-0.0806184845073414,0.189093750027827,0.234155646986418,0.262624098976131,0.149696364477483,-0.0896306773741444,0.371660189488676,-0.00338571888831617,-0.0572607526753007,-0.00916162746686639,-0.138189894320581,-0.23642754568742,-0.167215615721167,-0.0111621887220104,-0.0102828652008198,0.0277903123950772,0.254109710948339,0.154519394119471,-0.00169642436334031,-0.203099267468831,-0.0435424012763202,0.11345313908842,0.0612440005940268,0.0677147247246808,0.198640692036262,0.0541057842075942,0.0677359690590866,0.102534655108129,-0.232407212732915,-0.131448163407809,0.161713424841727,0.0341222532259548,-0.0680683884579342,-0.190039836135415,0.326759030503419,-0.0444227146148821,-0.217861062120461,0.607656257273852,-0.132021535848748,-0.0990526162746434,-0.104698516777304,0.129078744436535,0.0417602396160185,0.229677508288264,-0.0660009434578194,0.090100867211399,0.0564776776965819,-0.0923154902951268,0.070869979102946,0.314123954211705,0.277308064140079,-0.101846053658508,-0.109255440090368,-0.0131986491598666,-0.0826313573394484,0.404975677423226,-0.318225080507357,0.225801902576994,-0.307785575748414,0.0591416772886279,-0.0191217859910594,0.167078651386048,0.124793656067067,-0.631073841856874,-0.122522008556346,0.305591809746744,-0.146879370192374,-0.0560016872647969,-0.00160402931454358,0.166204067021638,-0.114968868938553,-0.0324091200471091,-0.344663525207005,0.224739844498376,-0.243394215477565,0.368626297208943,0.0420863507696546,-0.138281309623708,-0.0384670395843887,0.0436657058427972,-0.185031207775139,-0.0715860311127109,0.0328655648820474
"37",0.0667114848684385,0.031254897150569,-0.106386270488387,0.04071058140373,0.0288985861886232,-0.0200518966870414,-0.149300949121872,-0.129289804934231,-0.0347430474812981,0.178954262929269,0.0571216549053318,-0.0513633880855454,0.0677886979317332,0.0763856516972237,-0.0156818896589928,0.135101288984216,0.0812747239201779,0.0748303769351619,0.0216689279852356,-0.0331139574428921,0.0432324156708698,-0.0225899130053422,0.0847321938895888,0.0893401168512634,-0.368688854490179,-0.0945217335773653,0.124801847970692,0.103593464553474,0.0368558986084921,-0.175417750066523,-0.0508444475334464,-0.00788965316147423,0.0355629420107322,0.173819774091204,-0.22803403778817,0.431479412762216,0.0949753573995186,-0.268265119578488,-0.141092831684763,-0.00380779492846668,0.0531805014896547,-0.0357442753917389,0.34598864645618,-0.212867137855325,0.158232737913571,0.101970203650877,0.0777766683242732,0.0350366625245268,-0.382959189748318,-0.186153620432003,-0.0564825789963051,-0.602438223645961,-0.133644480806803,0.0398041742622086,0.130660758134598,0.0258891676506302,-0.0486105624928587,-0.207447843227672,0.195444950131477,-0.389888201321387,-0.379756307155096,0.10617555326912,0.0745059105771236,0.14669314265661,-0.0844575988318471,-0.0359586181631883,-0.0120591985814008,-0.0316173891131299,0.338273985248115,-0.0736869594253075,-0.657535768321999,0.163359986991885,-0.0074686641804956,-0.297393607690209,-0.710869122415487,-0.689919999576316,0.113873249847722,0.104248734058214,-0.207386869308557,-0.100587522963772,0.111788764426385,-0.0862243585098807,-0.0316256132836042,-0.080972009851256,-0.0784659911864532,-0.0640611507712747,-0.00923876520399027,-0.000636849568091233,-0.0239505292850533,0.0462905518313433,0.0444169897741887,-0.255925169442217,0.0992636633608409,-0.0740197328727978,-0.0391645406904618,-0.110939495058788,0.834933501090819,-0.0192255255242093,-0.096553086084671,0.110073205951504,0.126003816169555,-0.0286451342443632,0.0337198218811045,-0.249159064658832,-0.144793331645196,0.172564142085361,-0.097285023190743,-0.242971732890745,0.263958207120565,0.0764293574416687,0.102517612283305,0.0416880395008581,0.0949196264855317,0.0163724235679957,-0.0083389179285418,0.117517524605119,0.103249655600034,0.12303462042313,0.436702631020932,0.0972824747428319,0.373888236570085,0.266915316884802,-0.0945917614446218,-0.167695241023601,0.0852287737919728,0.205056353530087,1.00498400406373,-0.119883384424641,0.00727207287825555,0.17569586819409,-0.228712922764448,0.173160720247778,-0.108422742295651,-0.115084146798141,0.101546627916356,0.0631944506483564,-0.419595728012236,-0.00988449157457126,0.247346216451899,-0.512293904870937,0.177799274261402,-0.0253310131619851,-0.0780232564760798,0.0345442997022226,-0.091854827512171,0.369682601675878,-0.0747442839993057,0.0551884411393168,0.0205293504366202,0.153420212193138,0.161842958467992,-0.347771823556463,0.00366281644686324,-0.0266869998599321,0.539169390693197,-0.121822702071147,-0.265044702388267,-0.159185840231119,-0.171080801384999,0.0387280426525455,0.335026423226117,0.106134263627681,0.0560329407967849,-0.260950747316429,-0.0339274222857697,-0.184356601024066,0.0847986939757801,-0.0850354883208896,0.0257741246857363,0.120550908155667,-0.0842833814063319,0.039027537916694,-0.102063450246657,0.0117427017186622,-0.0736072297698834,-0.119668764958889,0.14141690388472,0.132961198204544,0.0375994374810962,0.159227637236296,-0.149953484880314,0.145498432176545,0.389132472113754,0.0497622103426201,-0.016707890336623
"38",0.0426288038544979,-0.0749150268097533,0.122384073689466,0.12345182239262,0.14512147281537,0.0354234848815476,-0.0159994731931064,-0.0603200955265719,-0.251094387402836,-0.211987710951331,-0.0488311141837395,0.0385101465939113,-0.217091082465585,0.0567868202601799,0.168853032060021,-0.130467100854354,-0.233153358735063,0.0741070074244276,-0.0626559236685422,-0.0745915396053688,0.0927914081785876,0.0213746715375201,0.178060444449274,-0.0626455815563635,0.0191563264411314,0.318182160921375,-0.061240974251109,-0.0897760797959525,0.0669283104530909,-0.20772758425196,0.183696077800752,0.0463613819799775,-0.0177038605306951,-0.249325998681079,-0.0594327480481833,0.299920561676993,0.23618087277036,-0.0297896866380987,-0.0844763676636134,-0.0157945544776501,0.192211077939421,-0.159853192180432,0.284820527255287,-0.127656351710998,0.0847018930604002,-0.0604085725984902,0.0194666545690677,-0.118695433947924,0.0893734995513182,0.0775619989178014,-0.129161124243532,-0.101263072410189,-0.171800979886645,-0.300317747631597,-0.0404048521749955,-0.199201187396562,0.0146442406457843,-0.192621095853981,0.0583194615086495,0.252311477491807,-0.0548702543497975,0.138705115164437,-0.0318965605873548,0.0861454871333005,-0.160637056342726,0.0376408556946536,0.197265060017624,0.0236618634124652,0.12185482965888,-0.00891274613654538,0.31355802250647,0.309890416055689,-0.015343630357825,-0.14840214297358,0.321589536888663,0.297964749769795,0.0198868101498531,0.0573867328329292,0.0244430034098285,-0.0721980225156866,-0.040659955911798,-0.107531744147598,-0.138803428534046,-0.0538136768469541,0.200800906936732,0.0706700939779625,-0.0792214640439606,0.0888181336109844,0.0403292874127773,-0.0576593287520272,0.0169286855403741,-0.160833527161231,-0.123954536902989,0.180516370855676,-0.246596036320046,-0.240267980947118,-0.450295933087998,-0.016552081760921,0.13277681139589,-0.012669510269198,-0.0280521190029722,-0.10746990598891,-0.107275636121015,-0.0689178639125892,0.0378754450462768,0.0207183379276173,-0.0104039306067275,0.104384829588004,-0.0684385783560635,-0.0720459048226382,-0.0508598510682162,-0.0293443084048288,-0.239642806776376,-0.016541294504407,0.0673223179944863,-0.0603378095000457,0.11080638164283,-0.0512505894166641,-0.307809490906007,-0.165873339213501,0.205707125535005,-0.0670026634033526,-0.120856042109616,0.00747076383315883,0.0199518880281729,-0.0537002373292049,-0.344192017175677,0.172936643021121,0.0221642927071852,0.0393415556870381,0.0810105545114314,0.0568347007104324,0.30507808991282,-0.047253534444462,0.0449995202426223,-0.0769790570016215,0.590077767770186,-0.0505336056107218,0.0862093187341793,0.0274803704166671,-0.15894287920956,-0.0432483477104994,0.0305608816532442,0.14599647156931,-0.0318190222768763,-0.301026828477658,0.155532431636099,-0.148937022306702,-0.0971626688722178,0.0259868709955359,-0.0251477903689219,-0.0224087207424921,0.29028270585182,-0.142388996443071,-0.0434309820988247,0.0681575309158953,0.040589263086391,0.184686456772937,-0.264070266378745,0.160987960828067,0.442005604193213,0.0665614045505453,-0.141096094912134,-0.103288975667829,-0.115537441496808,-0.254250630535765,0.231374050567331,0.269551421167629,0.0452830306055177,0.0478286823073979,0.0229215959722599,-0.0838295743027147,0.144539505942626,0.00707743746547386,-0.349645675618544,0.273996826003485,0.204412578976699,-0.148746158729387,0.0494032807265242,0.0289816629657662,0.0151185449653562,-0.0332443538979843,-0.232834737051352,-0.0343724285904363,0.0253650720658717
"39",-0.152516635078362,-0.235270363071876,0.229631454657631,-0.0770429155532404,-0.00756776076348086,-0.0219228733383555,0.0621983036325714,-0.0471939420829265,-0.303747289640028,-0.0287237933646045,-0.146179496956681,-0.0138754961593908,-0.151565490041523,0.0293086004186753,0.0323093356435052,-0.130314535720242,0.501673502388293,0.0728050529515406,0.131059571497807,-0.0863522278890184,-0.0647773552165564,0.0745677157565494,0.13317513152072,-0.0606809980437479,0.0306895328165965,0.0176454058733802,0.0486878110058144,-0.131848325767609,0.0411421972774757,0.205121850600154,0.0874595867102752,-0.00995105864737967,0.0185555185129394,-0.0492127426977058,0.127320464787708,0.266980017170155,0.176945476577067,0.505758632443271,0.10220949915776,-0.0747674459750649,-0.0593374776166442,0.106221122307152,-0.143402200442879,0.0507774875169647,0.21632748937089,-0.233249849158048,-0.131748049241826,-0.260097175948928,-0.182259612542505,0.0656137816572698,-0.0448567303034807,-0.0221786584594299,-0.0784624602842386,-0.0453668448082407,-0.0794190896984128,-0.220819040371673,0.218347974243548,-0.0285603601481818,0.33675284281,-0.2391295951946,0.157167137307222,-0.134171928810215,-0.142282404777852,0.112465887660532,0.448018498155261,0.184601626751285,0.0519734922672639,-0.0368056831630543,0.347040292632427,-0.0598084367150306,0.0714297135034023,-0.0988232474720188,-0.0457808939835408,0.158468824233455,0.00910588638580867,0.0307003577817833,0.132808582198341,0.0703796142442093,0.0756096814802368,0.00774512686888087,0.0391056326247491,0.0678179707450351,0.0610573190347801,0.0748765644858539,-0.502681071550061,0.278383401268014,0.051984347379606,0.0180254991611606,0.120238359327902,-0.113937206828441,-0.0227987970349641,0.0845798727425904,0.0330350969082411,-0.40639430198036,-0.196455066697541,-0.0962056462790031,0.1885969150643,0.305598669005336,0.0545243964745724,-0.118706279714382,-0.190047511436671,0.0546796744458073,-0.0168609434069265,-0.08910332244235,0.139484914899063,0.313443580596378,0.0729474347672426,-0.0262025943218962,-0.225788633230921,0.121328350612694,0.0416730634434616,0.0296295593300383,0.0733350643516358,-0.242600673610536,0.00289824891968859,0.223557106981782,-0.0660103237080758,0.102230036430071,0.104562100852041,0.0373417487004121,-0.135353388855912,-0.245101185153439,0.187339638344725,0.0366620811160153,0.0230606608256706,0.252989926139613,0.196107797199371,0.0312737109278476,-0.0537792483384537,-0.0129094727046132,0.0205724990767173,0.161029055888176,0.0756995388737789,0.116033511019107,0.0738476222413076,-0.198508241527594,-0.325698647756542,-0.0549137176433639,-0.00144792458838604,0.190031481392665,-0.267274999887242,-0.0253838046590131,0.0789422754706003,0.1372324031032,-0.0717800476558036,-0.00603187970936292,-0.0628009437542655,-0.0571052674748753,0.197296027192559,-0.183086154046462,0.168693779215624,0.0014151991839767,-0.405820413750735,-0.199165271107108,0.0347347296983277,-0.0375676167455591,0.00649171799654325,0.178212143029271,-0.366929614844043,0.100812628225337,-0.992178485984903,-0.00441646165222556,0.0357453288350198,0.0284150887947991,0.0723670509242974,0.192055750452158,-0.118011312230626,0.00184973639702058,0.0592424614131285,-0.00699839583318767,0.0495846903572372,0.0475962294630419,-0.0937741830066003,-0.033218561520573,-0.43141377351068,0.14164632745645,-0.0216879969028823,-0.153436927651261,-0.0295376952500325,-0.15917235812178,-0.0972351189825805,0.0290742162321268,-0.0111011117302096,-0.123623766828635,0.0125365309856548
"40",0.0281226980841466,0.498882975434143,-0.152489771601588,0.0902916187882232,0.288774197066174,-0.0398002960709276,-0.249286463773615,0.232556324066231,0.668425176436911,-0.196249006837477,0.250681707984359,-0.0555426981453394,0.389837164954737,-0.110984303653862,-0.0238565300378879,0.273448709096678,-0.526368375888257,-0.0397773046941028,-0.233688502305414,-0.199422053707125,-0.299061331482567,-0.123744678754971,-0.040657538684801,-0.0912092247480113,0.0255358358824138,-0.123591532070815,0.0767194200620816,0.220337798563033,-0.209673309550388,0.749800472319489,-0.13294215255073,-0.19406062459645,-0.0177070656249636,-0.396882780254754,-0.36051414402683,0.118343689694052,-0.0438838214687641,-0.176373808382968,-0.349020324717022,0.150481943532803,-0.0691752217873189,-0.251259224630569,0.38404836623072,0.764805001642361,-0.0800630686022635,0.598828053373939,0.11321651636535,0.54174438983746,0.000845427434401795,-0.155169714542443,-0.124995757938061,-0.00785432410200934,0.520641278964807,0.248803927364852,0.201114370935547,0.493070748772019,0.132900304729344,0.37085096849193,-0.0850488544487832,-0.177067400475503,-0.258374859979324,0.0969667062292505,0.283918586171545,-0.275191228124121,-0.245839329880359,-0.210060573152296,-0.116677119532472,0.0240858055132103,0.219138106598368,0.221307516544559,0.0745175903599872,-0.0852747673491691,0.052070277152018,-0.033566152765366,0.0308092977127707,0.206735223993561,-0.0518629861503969,-0.0293675051813666,-0.216554312005481,-0.218504575521311,0.0701051848347846,-0.0174362315864671,0.506287642788782,-0.318808253136395,-0.0339103216290201,-0.63135076474772,0.236236086164838,-0.0776468602414655,-0.182038309206069,0.0922209488064512,0.0362098611874507,0.0714648064702672,-0.464029757466803,-0.342150007449679,0.599121629163629,-0.117054698912963,-0.0867629714984843,-0.478440324979126,-0.208627114926441,-0.592289950035303,-0.525239153592708,0.0839318348525135,0.146919887823583,-0.0104184956498722,-0.109600875379267,0.00158577743996557,-0.061291800266923,0.258995206205368,-0.498524399440285,-0.051339385263241,-0.10869123249781,-0.0974005948997104,0.025443315009186,0.616789807516265,0.173330843143017,-0.118984908768631,-0.197153990884844,-0.041801405008018,0.1028966238711,-0.0813039808977844,0.13314958409835,0.393851850577207,0.521553000063699,-0.144518176737221,-0.187768737258616,-0.373453532467411,-0.39915119807597,0.00286262167130697,-0.21245501411092,-0.0858795067500511,0.436817035974781,-0.172039422287512,-0.128264931409017,0.0637513456801895,-0.127868340586483,0.569748434205608,-0.0250954550928121,0.13744957258943,-0.147097068517988,-1.16582510400828,0.534389700091806,0.0165111463841518,-0.335961753166485,-0.0838433834237362,-0.0748456362310269,0.075381594380235,0.203368121400016,0.241090791034608,-0.179428178942088,0.216164920647463,-0.211582179214654,-0.264659181780062,-0.338659618583371,0.309249115104687,-0.413477369461287,0.0459896084588303,-0.0531766852136925,-0.499783180874824,0.173498254486767,-0.296935964196646,0.313197155858855,-0.234486594457518,0.0764618379270197,0.208383534936262,0.26506757422529,0.774007171236279,0.0708863712481973,-0.259974089795287,0.222491574292675,0.0103808209076641,-0.138644539130892,-0.0452611857630019,0.214444271130471,-0.268683638301252,0.206532739302806,-0.219734865871903,0.217172889604695,-0.500933739558437,-0.0785475623928189,0.22457074458511,0.000976297260452346,0.0321583267432928,0.184231866681307,0.000845473342018198,0.438193244032333
"41",0.00639137705795827,0.224109628045463,-0.175240884954792,-0.0973071975734137,-0.0711822733492508,0.092603771863836,-0.148222975097827,0.107968013596683,0.246808475719227,0.304837058216512,0.0550783545978262,0.0783227653368362,0.279604155952851,-0.061819700634404,-0.0639167590678283,0.22529285936298,0.0463425124124803,-0.116102981657847,0.0107748395866066,-0.0180606031665144,-0.128664473581706,-0.0190157950457979,-0.120083642031804,-0.0616148139625434,0.0693170638606986,-0.0684062117213659,0.234252472738331,0.370288758947151,-0.0809142608539078,0.0285229764767268,0.126976495282059,-0.0394857103092765,0.0609026370184536,0.147022478738776,-0.149829567622294,-0.191136139721285,0.151960519779709,-0.159058583600077,0.134401667497771,0.0293859412851792,-0.198286603580293,-0.173821578065432,0.230239826116903,-0.0840038181972839,0.06267165900957,0.364292049775296,0.0054261255106037,0.276068379269675,-0.397244935793902,-0.150294483413398,0.0784534406759555,-0.170476038209684,-0.0222359145959855,0.0664977663360075,0.058739199355796,0.201629790704693,0.0187155133700232,0.0427918485045294,-0.246388423516131,-0.0455892344235357,0.0952502976691669,-0.100263417794632,0.121225198926543,0.0131750676749558,0.128257682882167,0.0620232636623589,-0.00179503481467898,-0.0126753268598056,-0.390850562543505,-0.0200770877693112,0.159522182216229,-0.111648138234716,0.119761028920692,-0.00983433166325298,0.106214332509895,0.17523248808914,-0.00963913791697994,-0.104167962686318,-0.0652734231326301,-0.136149429391043,-0.0310206921526827,-0.0187109499534059,0.0569774194496466,-0.096484163525559,0.114166047599335,-0.278119167400512,-0.0151409107327322,0.0842829489215815,0.0984983148012042,0.101660921254323,0.0528007891477762,-0.103862136459774,-0.423990411913616,0.167258937560004,0.441473073771589,-0.0681577533319973,-0.130367310911579,-0.183395915104407,0.0948069931624261,0.0649908147059186,0.135695264157529,-0.158948054987556,-0.120902379526279,-0.0119472868495097,-0.490252391905981,-0.109620150552873,-0.23743199192718,-0.0666002338671883,-0.223679989007341,-0.242913850108764,0.0224435073358729,-0.00293570778788283,-0.211957292730605,0.137397382183301,-0.0491702545468714,-0.0818715830363931,0.0290511401416394,0.141007815334753,0.104266235201515,0.0255475654720368,0.0476119996689055,0.219981192099618,-0.0565438064505109,-0.113620353279844,-0.102810183998578,-0.367825131681487,-0.501399755937164,0.0895842940975667,0.0261974186262265,0.0883203721578576,-0.0393422578892609,-0.0535618939855171,-0.240994584849184,0.03143370510334,-0.085201760468446,0.249068679495318,0.115045480291508,0.0758446773753421,0.162877808717322,-0.0147049903919528,0.275197644937449,-0.133081251449462,-0.062913991834018,-0.013951926900973,-0.0674362428294178,-0.0532477429722496,0.0188477315182432,0.648835473059182,-0.094515875242136,0.196286071707654,-0.0590695080335594,-0.245389869808608,0.244737589717641,0.14997881581047,0.228770999640278,0.212568287392936,0.319393243347337,-0.249813571397179,0.176856072112815,-0.0675322612195405,0.0838506715344743,0.212766947760673,0.0503908285417429,-0.0440941023393578,-0.125981024022628,-0.021703991906503,-0.0470651803679025,-0.48639261714569,0.112917027283454,0.0717616283354507,-0.0949093361286431,0.12412530371215,0.233010843152723,-0.179290264018707,0.140585548762292,-0.0702051771687466,-0.223560975157679,-0.25928436462744,-0.0326528730076101,0.182823014808764,-0.157640706092175,-0.188190488802232,0.0813444110214678,0.142159067771621,-0.170663888037042
"42",-0.013269062046048,-0.108458468279195,-0.0370787637911401,0.247815392799868,-0.0140064054081831,-0.107537550938253,0.228268176149386,-0.122554670208317,-0.320335264202735,-0.0979931901046992,-0.0541823168748847,-0.0740597083126116,-0.0174840003010449,-0.037469504398544,-0.0237695812197456,-0.277599687257055,0.465891352886266,-0.0337903061820738,0.307959951488375,0.0244357900455012,-0.290050806741474,-0.0316052368137333,0.118609660531556,-0.0818028973109118,0.101540371191305,-0.102670889603127,-0.0303686218709442,-0.393849436399,-0.00250834214367761,-0.311210714297992,-0.597592540403297,-0.0504323415954232,-0.0545349564383661,0.547693366864301,0.181789145061688,-0.0863473217111846,-1.35516100509154,-0.333168262503364,0.143926362286118,-0.0745691856243273,0.0909177516041126,-0.0010232502341659,-0.277946743474547,-0.391006728976773,-0.0783089582945646,-0.360832029106491,-0.169751786395918,-0.127188247664455,0.101596161087995,0.0780696567285156,0.0181069703905789,0.0482358598328279,0.0648197087600449,-0.061969746103387,-0.038187524606919,-0.312548593066323,-0.0308120508770551,-0.243788364195171,0.396362630047325,-0.187850001592765,0.417858998500304,0.226258178393624,-0.0949806815768063,0.0403268535086236,0.391134692682862,-0.378546158711463,-0.128528027953137,0.217596364111499,0.0435656724746865,-0.112755168814388,0.153590271608594,0.0659713237623419,0.00813771977212658,-0.216107117024491,0.113227368407894,0.106058115204368,0.0772718254977283,-0.0129487680841985,0.104474769078045,0.0711985112205205,0.0179516673644368,-0.259157141349936,-0.239346152714611,0.0933396205466353,0.340779132862004,0.635351829212672,0.0276753398193433,-0.842424093171675,-0.375015973592516,0.051026910380879,0.104114812989908,0.0776758227566643,0.285025887342209,0.276217348162082,-0.158044438697452,-0.233885324351335,0.738081842968009,0.0224048313248209,-1.23717547282079,-0.159035091920333,-0.120156736737594,0.239427989544976,0.0961100520262601,-0.0889657094109256,-0.301876573522981,0.216269409920076,0.483179933129654,-0.0250258255117304,0.220139004127578,0.255746708323536,0.147898460887577,0.182730653991777,0.16609143409969,-0.149899956403333,0.0476324001283931,0.193246610433118,0.104090011766033,-0.123052600138254,0.303698523411215,-0.0474307854776349,-0.243790059575792,-0.124751400952126,-0.197045714179484,0.0812296478724418,-0.225486655040596,-0.0138917051497633,0.528956196912787,-0.620340039766694,-0.056678488961147,-0.0415938762287841,0.735011725110343,0.0434196428135805,0.0528227581809495,-0.0308263944461206,0.273087937145978,-0.144925840834421,-1.15836765124065,-0.00646809240598668,0.0963686025696633,0.424588382419966,-0.0370840831682418,0.231589330078987,0.0883129824410763,0.0312374142195998,0.0194213759455007,-0.314681112666803,-0.00120150083312533,-0.0688120641197258,0.50721924526314,-0.133118242306666,-0.170370323180895,0.234257208249084,-0.0423299267677096,-0.183171522095549,0.181971103904096,0.155193385882444,0.197726277894028,0.281442672475295,0.252103134816043,0.192229507310812,0.133865867683969,0.0228840521884797,-0.09177084644383,0.18923237563311,0.0881727078670512,-0.361974304051913,-0.129620904097675,0.0110419171849842,-0.29128351349178,-0.0986631710377766,0.193044576154061,0.12783168583317,-0.203720109327722,0.356959448410598,0.209239721608815,0.188751529258878,0.0927377374264309,0.237357283585454,0.0865951789049962,-0.115534364225255,0.451797297875049,0.218887503394303,0.105444501478552,0.0857219429888809,-0.107834301237877
"43",-0.234048440650558,-0.257460781446465,0.281489181701128,0.427893643341085,-0.0682921061009595,-0.131552826742457,0.0721374707639017,0.371969922992343,-0.331985767064669,-0.183565054891199,-0.241084974513917,-0.115415238841697,-0.245287866446651,0.10303742199111,0.0196255690801077,-0.186203095451229,0.545151279862349,0.18797337993654,0.0316323781810058,0.0190161139435378,-0.181914723205445,0.0244959023932975,0.0576335432271706,-0.181529329690618,0.0502702092270357,0.291162164196343,-0.222036090869254,-0.216930713366235,-0.119670600200628,-0.644179985896399,0.0738790520657497,0.023476978981343,-0.112130331731761,0.136222834713806,0.15682795500423,-0.100052630885771,0.12260573441687,0.558766025232159,0.0148574802256553,-0.111575168703659,0.0424046491392008,0.370014279338631,-0.54389392719968,-0.624265087677486,0.321357664358091,-0.365491976132382,-0.295568016727563,-0.287138162471847,0.289052888654349,0.0434911361134588,0.092006902389919,0.306990199994932,-0.407997136037385,-0.472021945043734,-0.173752435744014,-0.262826917084891,-0.238811888125009,-0.435543502296276,0.0886475005857016,-0.266319741786418,0.0429246738401147,0.101668378629808,-0.15044315251523,0.00548980031845355,0.49501417296097,-0.0468516025254258,0.0497424376395843,0.202686649440136,-0.197023489867627,-0.19952769359784,0.367473029817182,0.0156258889298586,-0.0481565741275475,0.157323427181706,0.33289869412747,0.317035970389501,0.0449598849408642,-0.286097246602044,0.208655414667892,0.151413287320869,-0.0761239418025056,0.269325688073764,-0.282469410019128,0.197923868237232,-0.16941443778408,0.0469098053889177,-0.032900468732872,-0.00118933137715399,-0.0804510670059725,-0.0174235045729887,-0.177318536692951,0.137947057579261,1.27236768606911,-0.192385956949011,-0.320439754083086,0.138277650025957,-0.0159586163038465,0.0749454584792654,0.0274864373251933,-0.105462864700468,-0.0999400528185349,0.0218715764658819,0.160562943129265,0.305677825443484,0.129947793948724,0.192897077163747,0.909150826275886,-0.0358216202976071,0.0668461761948403,0.308260538016635,-0.110710849378236,-0.154698138277566,0.261169331142324,-0.395621379324504,-0.224252255143002,0.331942040086168,-0.120523944943436,0.0275592799235769,-0.633294893265727,0.185703722193033,-0.146228583926112,-0.197075531428812,-0.252837822899859,0.221393943452998,-0.112606436617221,0.28875597639595,0.463183604042299,0.0727888847257164,-0.102162541084031,-0.204348573050298,0.0570380093961866,-0.0392704336271979,-0.0387605184177511,-0.112824637039316,0.0598813998318565,-0.224969154683912,-0.873751173199531,-0.138906886832479,-0.0659459437926626,0.442568585667471,-0.254315869617646,0.311074993559737,-0.035512863704016,0.0163811674045771,0.0985240036342622,0.0928649189884634,-0.123140385722661,-0.136924444219536,0.221945031867712,-0.306498087205091,0.0199954961317242,0.219174813829174,-0.28499614056273,-0.19772558934392,-0.196564128166572,0.0691589288222165,-0.0187425353717583,0.46134104418474,-0.215683679974749,0.113971071602685,0.230486884551935,0.215531694559901,-0.0718154688328375,0.226203923954246,0.211546033224609,-0.641552344517926,-0.127799103910836,0.37132627960622,-0.0103310034165712,-0.141654172089711,0.166309365745756,0.0910670980382994,-0.0795454678761957,0.0906004785675877,-0.319053243507783,0.170592536830043,0.0957190102212045,0.140678335162487,-0.120875088263398,-0.264754306563212,0.516152588025218,0.138945604850888,-0.168650997652188,-0.000730674147874422,0.0806254167072175
"44",-0.111499724635559,-0.158940864972483,0.0237112991216514,-0.354313987155309,0.115023932730396,-0.121483625417742,0.049483964190796,-0.0556047192848838,0.375657336510552,-0.195716044816136,-0.303180320190861,-0.126148461604965,-0.101744975510213,-0.0101586246725831,0.0126130528532487,-0.139733817895058,0.166051607219702,-0.135949672022236,-0.420554552272982,-0.116030628773193,0.0754321249259768,-0.050314422053349,-0.191005226007605,1.03238735018749,0.0333381349501118,-0.0507413197485276,-0.0964413359514575,0.0496184045620009,-0.244205157298264,0.775068907842075,-0.0416997333698437,-0.0742649118481196,-0.117741040916467,-0.135525790459853,0.048554325589512,-0.107219175691794,0.153770411882006,0.111378842933893,-0.105895282812966,-0.0120458379256178,-0.236719141861218,0.123389160934715,0.342336201568363,0.564763512673396,0.0705386837651017,-0.103685110945965,-0.0654762945754381,-0.180990305477803,0.134959627706924,0.0333845660133681,-0.271755332825011,0.0323843523624055,0.460766403603247,-0.0561324129765608,-0.0862973519731333,0.100397826990804,-0.135662143420604,0.678982797356365,-0.173720917744856,0.184370191285075,0.0702959274772061,-0.0292096013829479,0.0456773355842081,-0.153872027505374,-0.0249125712116195,-0.108831238567755,0.214502889996113,0.194771236421482,-0.0981638577781249,0.478282466375538,0.319633875183128,-0.205912334835136,-0.0903458149681007,0.193353103512231,0.318989427035274,0.324004749355684,-0.0090036256631955,-0.225912242497341,-0.0846991637765798,-0.1400816719303,0.069566498223972,0.228278179287196,0.544359729846248,-0.143324915723785,0.212090613540039,0.113012443251389,0.0826030219102248,-0.0132367009830309,-0.118855118542763,-0.259916734176461,0.0883383740770898,0.0324477893435775,-0.0248672922262923,0.123673157120026,0.138854320185117,-0.173373835005038,-0.450037696148827,0.261962994040761,-0.0638655349167984,-0.201342319360619,-0.247141880822779,-0.0278031598606354,-0.0522516918335796,0.256067900757269,0.154397506525288,1.19845083744982,0.131025378366909,0.0478399785608967,-0.748629058697983,0.0406839483109625,-0.154728347676975,-0.325317191101864,0.157561088695126,0.614214913758978,-0.0608339404988245,0.00465554920445791,-0.16522306604063,-0.150084560404971,0.114695323587297,-0.0427576026854567,-0.328328169985267,-0.0553818928238147,0.25866332906304,-0.16819557663703,-0.00116925684244185,0.0142324055090417,0.058161635553827,0.007087097782772,-0.267563059293587,-0.116259778680232,0.177660813008791,-0.0946598670797255,0.0070112505731972,0.0292668297675458,-0.117245715231948,-0.143601469786945,0.394682798658188,-0.138305308662613,-0.266655127942683,0.107729855734066,-0.172570227991203,-0.0549139489026578,0.0775611104104831,-0.0673588667371662,0.0402258407313457,0.0687474282905285,-0.140381944479913,-0.361405230699924,-0.0534271918770763,-0.101534349774862,0.0203384897730263,-0.115292625701725,-0.214548424637216,-0.00671785251617699,-0.293249544197276,-0.086256142638974,0.0162588606162994,0.0491710067327776,-0.143333005381363,-0.0541264896752313,-0.272035270246323,-0.0133518830279664,-0.0168745693826353,0.104599837429452,0.0311831961110629,0.747569909407162,0.181547371850535,-0.255817493448486,0.294291669257803,0.0178899325388202,-0.156312311779708,-0.10073689136556,0.171834740865553,-0.168742604830184,-0.23713750881917,0.128605551459282,0.20898734567989,-0.77830297994316,-0.177266076904145,-0.110972663086651,-0.0157241709481118,-0.0928262129948849,-0.164714123419205,-0.299600763051516,0.170067769810063
"45",-0.0289446937533705,0.00439341109945219,0.043011344238898,0.0893880784001608,0.120771051477869,0.0418777535216875,0.107271616646319,-0.156467755933916,-0.247377935071163,0.08727730503594,0.102993080022024,0.0339305341279583,0.000963560940794871,-0.039107409081156,-0.14579259228421,-0.0261026578607792,-0.341616765406469,0.00805899620247141,-0.060705922656309,-0.0648689502894744,0.202220274535051,0.00112054430669866,-0.186257947222087,0.0277328421933043,-0.103445462103501,0.108010873161495,0.0298455857553547,-0.170455408110169,0.187922836661044,-0.0860532390175489,0.147275430978692,0.0457788425626022,0.0361579725322088,-0.215663435746087,0.111533678720794,0.162279837361895,0.137507313233537,-0.140970198869488,0.0678372129766408,0.020724194046311,0.0768791407528035,-0.209455687008978,-0.0438610535619506,-0.270263719799203,-0.155527819625641,-0.132984951076151,-0.0174717541459501,-0.0185398491758785,-0.0147588721362926,-0.0599855639660073,0.0719978238964775,-0.045547339437184,-0.184085343044454,-0.103291979783686,-0.0133604456524954,-0.184893138056264,0.100921577119985,-0.0164241635105881,-0.0133611496754337,0.0941323098939109,-0.137875665511483,0.111554466859885,0.0715251796429589,0.118778544482931,-0.374093882223617,-0.0359707450074813,-0.120079218429689,0.012220788520585,0.172011177497292,-0.0718380179329969,-0.104486412679237,-0.0342750860025001,-0.0206901889101473,0.0235356576886937,-0.0733847501778227,-0.080013663667412,0.0505359254793093,0.271524890678564,0.00273799616644838,0.0654233617858891,-0.0035694648606902,-0.214451219626643,-0.119594594344556,0.0694655964577667,-0.103565843414468,-0.0985447877356902,-0.102713815497337,0.18864655210087,-0.0360539209150972,0.0416531022531368,0.0169106876033945,-0.0382153754466037,-0.0692649754768022,-0.0327554249145607,-0.0962404808609309,0.174245382158296,0.0662267902172954,-0.0829265286211322,0.164277744522604,0.0269229269576029,0.014467382510038,-0.0561102414773487,-0.0464417852697185,0.0516125396640096,0.149263430679307,-0.264748448015654,-0.302055663449987,0.0972714602894446,0.148188380138839,-0.0791648716393005,0.0082018869119241,-0.0221933459926614,-0.0781336425195923,-0.10690535343261,0.000867105686051304,-0.0490999440171489,0.132960863471514,0.034136215683495,0.337387796912277,0.0465958154639471,0.0383890214376849,0.166172966413319,-0.187939643982542,0.0422193639366544,0.0119562391170597,-0.0141780784535577,-0.245568342465158,0.188942334681747,0.00286249413035184,-0.0801022209542423,-0.0963245402263449,0.00813088339002048,0.0813927177986391,-0.045241177176819,0.0761280275903371,-0.00194465658994184,0.312723834677102,-0.0317880232440424,0.0912660053297072,0.105108526643189,0.00782702806058781,-0.00815123469497251,0.0263130515296029,0.0244731684228884,0.0217453289499677,0.0022888115871047,0.0946286615971857,-0.0429961859470137,-0.122375829717611,-0.06461843776386,0.0737535703237047,0.127637676951179,0.310860730092052,-0.0867249721860773,-0.187194676759077,-0.091656174370839,-0.161575277361661,0.102681883464123,0.368822525450056,0.136627542650895,0.393178640157573,0.110423466733773,-0.0601478293331263,-0.155356855254944,-0.0720481399730483,-0.093291574539434,0.0957685704254911,-0.0478005668550784,-0.0287439216156768,-0.00111909905381107,0.0752510562610358,0.0840834545112265,-0.271613677288729,0.107059922380323,0.402893235159191,-0.0525077585034085,-0.113142520007252,0.1563709762522,0.122362335661742,-0.0614476314969999,-0.0964827787076721,-0.0231757523104686,0.0282737849920676,0.0619049152169291,0.0988707151026665
"46",-0.0499857029455402,-0.141050609338511,0.14047679679736,-0.139831147896295,-0.0829425359802286,-0.0394617410826539,0.246692219800608,-0.233879287033307,0.257815382938562,0.0326650693708532,0.0990004818859177,-0.04461881765882,-0.11892563193467,0.185343755146443,0.0165886226534881,-0.139741952893581,0.347524392505623,0.0928427968648117,-0.0260911527021737,-0.0767141733553365,0.0777754391266634,0.0359200201274494,0.208609681716641,-0.012784204405358,0.0979824917610711,-0.262098548883881,0.077214281109635,0.135598959822013,-0.0631670121642496,0.111914007866268,-0.301634015519126,-0.0647593904291125,-0.0156652663149019,0.0300391409239321,0.0633221330107943,0.0149606706889692,0.0331078376127462,0.151336993928153,-0.114390455669589,-0.0113729524409786,-0.0143512864835093,0.129849600865177,0.158026629312316,0.0831651308579773,0.0449693498245818,-0.214081390286523,0.0168549810381405,-0.191616144930424,-0.0633896048775733,0.0574422462399312,-0.150568074065518,-0.12522673296531,0.286637484068602,0.0418226646254886,0.0278073790408487,-0.117476480933779,0.0477174367785807,0.0144273291223637,0.148408722069592,-0.0257678528572755,0.493105459063411,-0.00292929552749466,-0.0712439526132887,0.169341134396474,0.189311126984875,0.0834619779132795,0.363666438987841,-0.194086247938186,-0.11936240917917,0.0657153547729196,-0.440546261341524,0.168048373280053,-0.0577519648708084,-0.153880744861732,-0.400372387862517,-0.437735313256404,0.0509320274256098,-0.14019098944456,0.0357204377905251,0.0798743799422051,0.114767254648929,0.148561062229842,-0.022681929333955,0.00324185549023293,-0.140232649664628,0.179468386996756,0.0512497326980227,-0.055326477349675,0.0475136964363926,-0.0665476423488122,0.00819958666404656,0.165480063926696,-0.049302331475437,-0.132147627102048,0.0423029897632928,-0.0887496114129483,0.300106624834577,0.140898925128974,-0.110360273674758,-0.0775854974033858,-0.119458809662661,0.108959687059029,-0.0202281284129397,0.126775074262714,0.149204549608181,0.0676466914569732,-0.00318703575900435,0.0897863911348313,0.505672842395673,0.107106927557176,-0.0255000516670121,-0.0718282415810805,0.0266388629174933,-0.23119936579317,-0.0215053444205288,0.175594443948675,-0.0269430168608848,0.0335569301063205,-0.0592843277180755,0.0799343565715805,-0.264992808621403,0.18029053054685,0.16933408846582,0.0353244833792956,-0.00202293538409293,-0.0753056209569917,0.114813549323491,-0.276578827611013,-0.203298358060577,-0.171154749029601,0.148274054514603,0.120576988990892,0.110234256973425,0.107333643396471,-0.136981622993889,-0.199548677166311,-0.0341306478907277,-0.0942543595061817,-0.193870236421436,0.0321015643512252,-0.268589903131429,-0.025346422483306,0.130655227704137,0.0376582459167421,-0.241503920788941,0.238715200720976,-0.180880477513907,-0.0977293066104103,0.128230191124142,-0.251739326440913,0.191416261015429,0.0133706576045583,-0.606035506866396,0.0597092522973985,-0.209282478402458,-0.0294759431669107,0.100988608772443,0.0770099205333278,-0.367844400008481,0.180459139604967,0.181954024876908,-0.340539418900096,-0.00838477755134837,-0.0209201761978444,-0.0809634662834271,0.12714568122152,-0.0559389032797366,0.29410222120666,0.173313315407764,0.0549594405676408,0.277371397971513,-0.147985245555063,-0.126329757276383,-0.0199199991611527,-0.396207212669543,-0.0295195583747221,0.219102441087961,0.433002244196249,-0.0509400040268046,-0.130318090802954,-0.154166722824751,-0.0657196517981676,0.0157428590109826,-0.0897728298506849,-0.00894082848571122
"47",0.0621924378285406,0.0227673618701319,0.0810116738882401,0.194972090738352,0.0554562564979805,0.0522981900114081,-0.0518148909762828,-0.101631087891539,-0.17167289533424,-0.0552125924056438,-0.120715568042657,0.0630141529522041,-0.103993354887802,0.196991907416007,0.121794190420411,-0.0774354787306508,0.216212404778652,0.142202485000424,0.0487564908571552,-0.0457901068541664,0.132220815974023,-0.0111888186860769,0.00295263464723013,-0.020843078448451,0.167884712607264,-0.0888899067153066,-0.167289019512557,-0.346074950404151,0.0807815533792544,-0.250431459772726,0.0948201415000416,0.0425943656488164,0.0017237428237738,-0.133419651843956,0.159674363817994,-0.0813283402309815,0.0156201982494374,0.405576639367959,-0.0589441262640605,-0.0689949158942502,-0.170745408211622,-0.0431015164167017,0.0677796167836366,-0.316463677474579,-0.0315119596632,0.0294392682665492,-0.0325423589624056,-0.0265675608281768,0.126958191289256,0.0218143556711058,0.557093792777168,0.0765249980819904,-0.284929245663972,-0.0832277846925285,-0.0838389742595393,-0.116952772658833,0.0496667631328719,-0.086339997306835,0.144501139429717,-0.00834995848270397,-0.286659419683002,0.0809127709199729,-0.0953166928974852,0.0305568380169631,0.158250243363633,0.00794831210383077,-0.0750471160042529,-0.0577895868828067,-0.7507724385371,-0.0968357803573111,0.34320430707466,-0.157806236055207,0.00486162584535738,0.203784268636669,0.254757737570243,0.318601504543299,0.113117517811756,-0.0863265451304534,0.0627960016521691,0.0592149693607771,0.0533388729495118,-0.189724327257796,-0.107487109344806,0.0716000906639185,0.184370426750563,-0.0785095963460149,0.0716511033698093,0.0931896695376735,0.0276466393829878,-0.176229183087954,0.00662896382079418,0.0777372052774617,-0.0515727738358571,0.256465713116149,-0.0124270056680381,0.055426636280353,-0.211949282800796,0.109625555106878,0.245675297676644,0.0291978122570809,0.023418260510155,-0.0415126797204702,-0.0105571296360176,-0.00961775199338742,0.168313214530958,0.0233465624975254,-0.251060748640858,-0.0750376507065697,-0.136825735089327,-0.0518589323977935,-0.00199061504363306,0.0554521855548627,0.0689212239513533,-0.0818150513466833,-0.150284750133429,0.0295951082216671,-0.0252613892205877,0.0380856304664754,0.237550189945698,-0.0373405781553645,0.0448223668146035,-0.0118655886075002,-0.0302195918183313,0.100530605908,0.163837704580689,0.119467970325267,-0.060448463727967,0.0343007926001903,0.099725376275495,0.0266383173523994,-0.281757789993258,-0.0282156790746365,0.0506812785157254,-0.0704197243984555,-0.215145331507472,-0.00795070333354567,0.0289102698087796,-0.0476745075406846,-0.0417482627597912,0.518218337517015,0.041760474138148,-0.0760604299938196,0.0916560815764634,0.0793820394585211,-0.107791564696673,0.127729376525081,-0.0993505840108081,0.0997371490387037,0.228662842121634,-0.104625247036795,0.0379636454618709,0.0902025702128904,0.305242863321171,-0.114362901521145,0.0131524721550275,-0.00583376817115266,-0.134951648610841,9.61173648668448e-05,0.0815139888586918,0.0599124366899891,-1.02622736717869,0.0833086486176007,0.057918138411782,-0.14845602603751,0.0370024972327151,-0.250019757600893,-0.101314988779717,0.265843713323659,0.187302602029474,-0.0394799209584001,0.00245306159970318,-0.208574627881041,-0.076634035309869,0.0950373474634357,0.117298492994851,0.148855592074049,-0.160694956390311,-0.0913432076605204,-0.0384830558031053,-0.102229063240239,0.0319703372380737,-0.0355691582013407,-0.158711822116152,-0.138374334828053,0.0907167701963502
"48",-0.0488458018983102,-0.103537054355467,-0.156363281578887,-0.209072171859007,-0.0909621296713853,0.0129133494908926,0.232240079444766,0.191651625082018,0.845606418344674,-0.116538152678187,-0.0154918025961283,-0.0245725996891448,-0.0813097976974447,0.20709022924751,0.186125597084762,0.135605471543058,-0.198326718800505,0.353456503545246,-0.567633776113873,0.757876379268694,-0.0862666178986518,-0.0252964163525856,0.377605931532298,-0.0890397159058064,-0.150790628084361,-0.192322795123714,0.204725244349851,-0.000644039546060148,-0.07751010458413,0.425508397720384,-0.146723750709467,-0.018659002785673,-0.035407192114675,0.210282153463129,-0.409058045535346,-0.10995937988653,-0.398781600751791,-0.126280804603156,-0.031373186860795,0.0677662586044279,-0.107394206487818,-0.214204876619747,0.381360168020526,0.439402083401312,-0.14940435660377,0.0436816396288166,-0.0266813514194923,-0.0629059477040715,0.175919636897265,0.00523524852419763,-0.239721762621155,0.218117131631403,0.651936533673615,0.187897604249043,0.10672251028801,0.239044243166836,-0.0569806584341852,0.114387727648396,-0.0944993007559511,-0.000528128138499617,0.0839530345017432,0.0596571249496229,0.208630089462605,-0.0704009591210913,-0.329537422628276,-0.116789519336587,0.0349356625451975,-0.119415432091262,-0.178378230065683,0.273642316682265,-0.064520606695192,0.0191217177981994,-0.128129565690761,-0.158764971605894,0.0164755669527799,-0.00290489691119885,-0.0624793842748236,-0.0455580590899503,-0.101353540548552,-0.122552440586641,0.0715695921461838,-0.210643288008158,0.252130970813875,-0.157999749565913,0.579372458147693,0.211431410458093,-0.119340817157231,-0.287292134274283,-0.133170918132155,0.199184658135734,0.000924500715235683,-0.101669502173929,-0.0615480760378547,0.40829705868321,-0.12974549665626,0.00786838083170522,0.175605468327941,0.0652996516756478,-0.671480742299512,-0.0601953370721294,-0.109919214949549,0.211761449249988,-0.13812982349084,0.125108568081891,0.0594786971675889,-0.601640786797187,0.0843286985720048,0.180459020012959,-0.211661929750057,-0.140389887741048,-0.0964140553102528,-0.143116525612984,0.164909686676521,0.0997446694147841,-0.146800542497081,-0.118764790594202,-0.0855298359141144,-0.14590071184393,0.212611254554006,-0.0760698140901851,-0.0708664040156202,0.236566063455496,0.0679278880638566,-0.218297658855478,-0.0570700756739477,0.512311299358512,0.484643299724688,-0.0836580112213625,-0.126075848695607,-0.0518327194276097,-0.201064835226485,-0.0515451076772252,-0.184404072790098,0.00712529527175993,0.106161209854034,-0.0962010201060683,0.196896256905414,-0.068771342878609,-0.114596466684885,-0.106884946817499,-0.0917416809809209,-0.0296132584096909,-0.158294878384512,-0.275582355270212,-0.29828090524175,0.0887428200581575,0.0154765016549131,0.138268282548878,-0.00611720158142363,-0.0906722405595649,-0.0375991766933515,-0.381811788911115,-0.268106583631164,0.333460559859018,-0.418471495364695,-0.0587330026964287,0.0672418536909891,-0.181411994729385,-0.219764312039847,0.0350686758844357,0.870632042040481,-0.160769034709774,-0.113233035885818,0.0710060376253245,-0.17865320698402,0.525521570684315,0.455984990013964,-0.266336421399757,-0.0271266576358293,-0.0185414997599894,0.00826729043906791,0.0292726444727873,0.405203747481139,-0.0443351226924085,-0.0492793741085051,-0.32235491943998,0.188920407754667,-0.251563074228668,-0.144816551935592,-0.00367972118342503,0.0793894867751357,-0.166418789266917,0.0172160020335255,0.119774592067621,-0.0338657312509972
"49",0.0518292559777913,0.193172718442677,-0.110235453213988,-0.281470206336149,-0.398610206557205,-0.12873800798685,-0.20486093409613,0.0251088713151817,0.229645732997471,0.0594936139066849,0.217634076364594,-0.169738644789581,0.172865994554803,0.0120571196735345,-0.163948951983246,0.199468334000857,0.367559882451617,0.0845388902785582,-0.398118179702773,-0.0905476828224147,-0.112564057953781,0.0244643009158515,0.0383694819638293,-0.085811377303696,0.0900296082584841,0.00538812843548933,0.407247570893393,0.538169490181151,0.0163318305361592,0.532636628783022,-0.235661759839174,-0.0177253100361879,0.0253426962207386,-0.0109520806384083,-0.584012003474134,-0.099810463947623,-0.047575605503597,0.619364053729289,-0.114490643529972,0.118390213667251,-0.183506848635059,-0.0990127751201087,0.512710572393895,0.425819458133944,-0.170535740707513,0.325574156847799,0.23581408192028,0.233263477482641,0.258882944924339,-0.0336669087859246,-0.221402901600702,-0.104157556705209,0.101841481754252,0.471032528178815,0.135146967319328,0.236406591933175,0.0222621345653359,0.360110037122408,-0.363650211611103,-0.17389002869125,0.114873005978634,-0.0765642650427252,0.167629852556145,-0.0639460739089284,0.249538103165522,0.105425861651619,0.138981670284939,-0.114929418971131,-0.259812627404693,-0.0297809118437255,0.029056874928649,0.134110722721925,-0.0682944905887499,0.213934064519752,0.0600745469921234,0.0804822141231883,-0.174118050931664,-0.171787567831987,-0.0245831215719303,0.0586769502539988,-0.0270563893959749,-0.0408449012257022,0.284565411450441,-0.0106715596543801,0.186083510426122,-0.102048656387313,0.188795575914713,-0.0913069531506376,0.107558646693537,-0.0424513366310208,0.148630273296448,-0.254852020282488,-0.0655401076456937,0.166143820630002,0.169285709877322,-0.064205328609426,0.0276196695700695,-0.15065250474855,-0.283564869502816,0.190916466551998,0.225611205027958,-0.0269703536252344,-0.00966910331993277,-0.164615673332656,-0.527923777598133,0.0132099348985507,-0.013575472654859,0.0817989308330327,-0.19356363386321,-0.110055318747335,0.0860033772995609,0.117053661117518,0.174252337249952,0.2971673545584,-0.0435034757908735,-0.104939604790978,-0.0896265035422832,-0.0415420897063379,-0.432784846478853,-0.185617753547045,0.134583257197196,0.528732960281429,0.268038390987933,-0.115808719430784,-0.109237053945329,-0.0371802350718499,0.267412608482993,-0.255906665555941,-0.0466041578136276,0.0199993077753592,0.182234401347629,0.0448367390422014,0.0507319587534963,0.0999902782099155,-0.124273134745209,0.235000152030627,-0.139432428702753,0.0721908691085007,0.213679792565243,-0.662149953751082,0.345664363522866,-0.065261619364685,0.0137202010978675,0.109550527483469,-0.229621314854949,-0.27689460140445,-0.0327562565889898,0.00158443321915657,0.122010504536802,0.114476130277979,0.0399794071178646,-0.416871466281175,-0.385805258298596,0.0665259198410171,-0.278035389900117,-0.0872004533353086,0.0285758471933676,-0.384667344331098,-0.0805789695197509,-0.217154138571802,-0.786030127766125,-0.0938684459443948,0.226843205961887,0.22819988213004,-0.178036637981969,0.590363991645224,0.193480966991889,-0.306194497478865,0.505813810738684,0.0664466926073228,-0.35467299332326,-0.174417268738506,0.154906632036618,-0.0766792982705633,-0.0968699753369409,-0.209229205806027,0.440816379950527,-0.301874649999914,-0.193220614866915,0.116717361145502,-0.0771086389854534,-0.120523995471542,0.0377011316817174,-0.0622026997995929,-1.04379926852252
"50",0.108701229862773,-0.0265517294573498,-0.0395223358064089,-0.0390174303477709,-0.0443798662651157,-0.0943751275175339,0.0372942333589856,-0.0827238466987665,-0.11141785133129,-0.12407158565242,-0.0682826902028256,-0.102069701237619,-0.115787849339875,-0.159699899240242,0.0469602427904409,-0.117062904702861,-0.0122979051181003,-0.183860905619738,-0.363398690326633,0.0623004816443229,-0.0248691824542011,-0.0354875798098239,0.352988130285515,-0.116987796532389,0.0268693689378587,-0.0897040735081038,0.1544100041663,0.337076764276941,0.112845892220478,-0.0810527986088775,-0.103580111832459,-0.0482966533286388,-0.102206409594717,0.159672433237851,-0.117389914179883,0.271445875435729,-0.233000857308124,-0.23698411479715,-0.341022568925067,-0.00602854223580702,-0.0296930092254998,-0.0731880075323335,0.721298245648361,0.129140691844357,0.00048892547734165,-0.0707180249015269,-0.0228147261901276,-0.0136997597914403,-0.138849495484976,0.110491112361758,-0.27002428551887,-0.217553616949651,-0.000798382594723868,-0.102540378511562,0.0060277766293573,-0.169545893002649,-0.0545425488230326,0.0334261755019603,0.170023566365172,0.293501926370097,0.564445687975739,0.151755846421663,-0.0493140573346849,0.0496239760378434,-0.0112237208216884,-0.0546465932127312,-0.115794066195244,-0.0642894662328403,0.138375165054983,-0.0778822286563036,0.266017220186068,0.700450847087099,0.069075189029975,-0.152034389437834,0.242348465660956,0.254737942215495,0.195630379754215,-0.0346786355662366,-0.0487804602716873,-0.0251355565336406,0.14852952515212,0.0150678361008152,-0.121798235391579,-0.0351779280233083,0.214828365057647,0.693519131323497,-0.123531884377535,-0.224301023240941,-0.0613218047636758,0.0670190776339273,-0.0440805820090595,-0.208474177293561,-0.0552789291683179,0.185272269866166,-0.0711971405744053,-0.225150075307761,0.264232219282046,-0.232499055091344,-0.40115203855324,0.0642066694377337,0.0823798986835063,0.166208162281765,-0.0833605816377976,0.00825341420540439,-0.20789184416089,-0.136810388477742,0.293590704426527,0.0574595670213505,-0.0730093617064447,-0.0315475252867131,0.183005263930903,0.119823712940732,-0.144612438844272,0.0726083636443129,0.201394162022429,-0.0907050214172484,-0.042310503345521,-0.190420410584348,-0.309621240602279,-0.166936788776369,0.0468189442444704,-0.0641593503270602,-0.254713707768869,0.0226419703636432,-0.0865731366058752,-0.12669137665737,-0.287209850856364,-0.0685167851906305,0.0207742277690758,-0.059070173044728,0.471924619262917,-0.0648650349220802,0.262094921332179,-0.0996908414779011,-0.0571732477554139,-0.00883416296637111,-0.144956179320213,0.0725969892900671,0.130476262941065,-0.0646275169648282,-0.169134986454964,0.0175915062317463,-0.0152443585842293,0.123328876659165,-0.292987779123531,-0.292292155866562,0.119873549434298,-0.258254651264057,0.175805972746055,0.156701321838662,-0.169063431907454,-0.198926276280341,-0.260528401582574,-0.112776047041228,0.297782880134772,0.0011606088220566,0.09823318367874,0.0654787377322758,-0.00972498953115209,-0.0675590110330594,0.140406149100698,0.0214260576280578,-0.194725938870644,-0.138284872702123,-0.159934270159433,0.00717113594827003,0.240176939521299,0.242556148180236,-0.131646717179119,0.0294381093003557,-0.0357519375263731,-0.160370056034159,0.134660641547606,0.0523109288443716,-0.0105300641250068,0.187682150520019,0.657608642290132,-0.133600857810844,-0.0985056515670164,0.0656399882184701,0.281933850923866,-0.0177614340226148,-0.0996966945433448,0.0770656071612508,-0.111733910045433
"51",-0.00561678035761344,-0.0201805180010304,0.00907495566904685,0.15281860652436,0.22008868748664,0.02195711841851,0.106342717684348,0.0930684100710045,-0.17170594497251,-0.0480195851403667,0.0123168182762334,0.0623450697713877,-0.122110470457413,-0.0983254839146017,-0.123296806939834,-0.0581612395560999,-0.386362483996738,-0.0132096434219081,-0.114456659124975,-0.0192938340741558,0.301972423583035,-0.0333913792062212,-0.211348915098888,0.0486547844428941,-0.140635882313385,0.0783352145294227,-0.00637219606999275,-0.165235844968242,0.0836237075435391,-0.085120524074987,0.130065032983876,0.051719959617765,0.0317069421300016,-0.152256555125251,0.093660681890581,0.229155245177627,0.10324797258417,-0.0465147503119111,0.0585682692284034,-0.0150383729161776,0.0511785792411332,-0.159583227869084,-0.10960629242554,-0.0753123113920881,-0.0881762714400565,-0.170949938879309,-0.0360439900941069,-0.042178952572535,-0.236751823124591,-0.102687680123532,-0.0726649108226486,-0.101095228953037,-0.0730192606678594,-0.0858055121151784,-0.0436238349504889,-0.114666584741984,0.0236207851560373,-0.0278686415697537,0.015965793165517,0.104611160284646,0.0162884450400994,0.12704170800828,-0.119498488724804,0.0630147195540684,-0.27584051335384,0.0448422671233927,-0.209359962632844,0.0701694390406678,0.181409940734522,-0.0230223887724756,-0.0774759897091078,0.00485146311013412,-0.0507674217744936,-0.285318322071192,-0.0640505563500967,-0.100128732642,0.0635414037549871,0.231807108034068,-0.00826557686886547,0.0462740399876507,0.00728664514305411,-0.147067491135818,-0.121202486275101,0.0454113697858741,-0.0951216153220865,-0.0791386655318555,-0.0969779622896979,0.158249781676474,0.026983966383982,0.051776531545867,-0.0130347268055244,-0.0316223932535759,-0.014419279062999,-0.0532893707343167,-0.131675677998967,0.234812154805286,0.0367193727682785,-0.117890232959926,0.109506584120713,0.0897078876152484,0.0798515633980084,-0.0207830547660197,-0.0412226627157371,0.114118901690598,0.239487643370269,-0.352810755042574,-0.410238382524249,0.0450114013598242,0.166856370327181,-0.0810566856029232,0.0139758417537681,0.0316433280280207,-0.0943105357638478,-0.258451806267216,-0.0687175846766486,-0.0182942075827577,0.0947257452552744,0.031696494336005,0.351941826887276,0.195401477988378,0.17333560414314,0.0946481899343826,-0.103934821096701,-0.020252765308865,0.0988641330539956,0.000494653134110252,-0.218944977847585,0.106441862481372,0.0152254886194558,-0.0381826558906964,-0.0127813021383343,-0.00224564287580566,0.0756663087454062,-0.0160538922270389,0.110602338284181,-0.0259212383054178,0.225239616002927,-0.0037987116873369,0.118156796424396,0.143014968679029,-0.0132143162292574,-0.0200478847099108,0.0214883126231455,-0.000730164258127304,-0.0414458846371634,0.0229588642503387,0.0867649280607802,-0.0284984677895856,-0.108516891314486,0.0209455065133438,-0.0105407193681964,0.160925152154886,0.153082348669817,0.0085937028507643,-0.0654289625210504,-0.0508087742706481,-0.123724200608537,0.0527018418132863,0.416030115095227,0.0992177160220986,0.330723451039836,0.0609543132830441,-0.0519362462601384,-0.14463135915758,-0.116025848006915,-0.0255019328656396,0.0682884541330491,-0.11201199356476,-0.0779576751717204,-0.045642131575175,0.0505324267838989,0.0402936025842784,-0.210083284901612,0.114332084451455,0.417274333385581,-0.0378438336279422,-0.118103159120064,0.20744856355981,0.112696927322161,-0.0247092727000509,-0.0340777288758499,-0.0072171811408376,0.0260329606198007,0.0897892465621774,0.167286611680003
"52",0.0238043805643283,0.182121373770449,-0.373440609161008,-0.0413763638219873,-0.0897919156088466,0.0798440045687403,0.0630186234204241,-0.136131782805392,0.079835729081572,0.376089118496024,0.109185947925482,0.0912946432226969,0.164827943140584,-0.0903461346762482,-0.064146031629761,0.0731794841868748,-0.171289183641593,0.253180972593944,0.228921976353494,-0.0409717879698857,-0.00862718688473551,0.00584070116708507,-0.0259971658144227,0.0528599131930276,0.0663482898428398,0.159106650114998,-0.303890538942853,-0.298778487509053,0.176373102530297,-0.108594830002837,0.161844497215216,-0.00428505766577604,0.0774335796444301,-0.0728897384603512,0.0474763562890033,-0.126906889374912,0.206097806594108,0.312126399791883,0.0439522622427247,-0.0181040801901763,-0.194577849401247,-0.0293335303869541,-0.0671089022200025,0.155537025161884,0.259988338177998,-0.0723408173835039,0.0633005084973715,0.106104547949002,-1.03359334417052,0.0518302731687668,-0.0694258250371758,-0.319981419455782,0.135458595644685,0.160432638900749,0.0834221900139709,0.0656557818744537,0.16956245618723,0.0035156790209337,-0.0621907585838453,-0.0812515800086499,0.0680840256622127,-0.00744946108268313,0.0135821320360384,0.116759692874393,-0.0981312203105636,-0.0904344326332719,-0.123286166450887,-0.215374961177137,0.177655838758621,0.12789156228248,-0.756696773928201,0.141826524739981,0.166905321972796,0.0238858248196769,-0.784264839373838,-0.796936828708149,0.00745340482157626,-0.0911988606204089,-0.0520055522130179,-0.0269654497987332,0.0176248005683658,0.0932991273908182,-0.00874243234155932,-0.01862471053241,-0.435994633631507,-0.0533680646150127,0.0862558788147369,0.101318481071744,-0.074676289403372,-0.185517866222745,0.127883183596162,0.0282554608511761,-0.232111220884698,-0.45064429479146,-0.0192939678889818,0.157218252512672,0.481681571709537,0.0372969881259578,0.133575971058127,0.16588902726179,0.164117654512595,-0.0136107118277469,0.210307824958628,-0.022458900885901,-0.25364629341873,-0.251305030848733,-0.416482686529855,0.00936993256165281,0.318533276230649,0.114487077355914,0.0805085674454151,0.0737014607495165,0.0527041210606559,0.0796300262544831,0.244861455444475,0.0434690660349329,0.100739472372938,0.156369783440886,0.147518053945548,0.148686805786033,-0.173086361376319,0.111850807195876,0.0355246587971935,-0.059753901758282,-0.0342830295477672,-0.107443914936886,-0.0959951165097593,0.0949178211533959,0.201573111419078,-0.0101306443792477,-0.0933716641025124,0.177881851810172,0.0432955272945086,-0.0314752812891937,-0.00936041635720926,0.0738062024207664,-0.0605133127603055,0.0651982717718485,0.0842984397441973,-0.494757976136528,0.110896390690313,0.0539810944914313,0.103883343930249,-0.0807337453258316,0.115785038152408,0.230347954759084,-0.0481913826005321,0.0588928924455528,-0.180157772837559,-0.0345305749281399,-0.16653949846345,-0.0548501885683317,-0.0129898704835698,0.11200601980242,0.274725769371621,-0.316570769737385,-0.264764354410047,-0.0719076282081896,0.0637740904059205,0.0134977162971609,0.306713762616383,-0.20066962616663,-0.0258238313977383,0.0519691644291289,-0.0746298220559399,-0.0378815294307076,-0.0903716664236285,-0.138131110073665,0.432212677000585,0.0810650825800822,0.159990819951006,0.142333172524309,-0.282298532726431,0.074660701632786,0.041198790452578,0.0475409944098734,0.148526915263584,0.320420308146519,0.147622266613664,-0.0378028591642548,-0.13439831657027,0.192519462173798,0.228866939282434,-0.135439519987647,0.0327501809807423
"53",0.195033121650609,0.162999111888632,-0.128405907174284,0.0508895566780882,0.00768726654864416,0.0686442066712512,-0.141269248165606,0.0676470314275286,-0.0835117130112554,0.318706649551334,0.144174043383661,0.0452857312602181,0.160980144554264,-0.189941070518482,0.0380816071600529,0.0918043505214829,-0.313380213109425,-0.0737664294237271,0.348892757688096,0.0823296691170936,-0.0110015870721065,0.00717047360191985,-0.0921822573597518,0.0528355397262618,-0.0638207039999868,0.10343206177757,-0.00373350523535278,0.0206940229836682,-0.0249072391606955,-0.0703647490632834,0.0669345811628927,0.0721636313931422,0.0810873706132305,0.159166051674876,0.0362944688633911,-0.154048628610089,0.165203290462359,-0.153895268133657,0.0790388019173548,0.1176424881462,0.159345997493859,-0.0430840694908761,0.0624045854733231,-0.0936757931193405,-0.100803839020959,0.341810451746132,0.225624439253341,0.205705702469444,0.0419393715522922,-0.00604451465072478,0.141243992053987,-0.00314337035520804,-0.040594110424267,-0.186886909063131,0.0833614844463293,0.155168382579191,0.0684229490076803,-0.14256558916729,0.142783811455111,0.0388555163158407,-0.26500232748219,-0.122332906137264,-0.128162778219132,0.0254520568016687,-0.138033773610989,0.01922532535791,-0.375532894105963,-0.132672367543638,0.183312596487373,-0.0195436818931628,-0.456775745654367,-0.0590996070298389,0.126411058958388,-0.20307147406741,-0.413807401448792,-0.412792583883415,-0.112468080219996,0.422839321528494,-0.0517122791454512,-0.0487647150038849,-0.0696009442124862,0.0897375118485557,0.0329494243782847,-0.102338518447366,-0.40192643393617,-0.228202322666851,0.0233087231740527,0.212645179168,0.0107438338791771,0.0301342511746044,-0.130599670553472,0.0163551461905827,-0.276776880206993,-0.39127227631839,-0.0499777575590769,0.00765295533256122,-0.113618634326271,-0.197750603654273,0.39221336534569,0.286139678130788,0.333668239872186,-0.161744187954827,0.104214192150067,-0.123972269334223,-0.156456364015518,-0.0588610908895985,-0.371842853215883,-0.189385603672415,0.403389451898897,0.0218113617789382,0.0524288844640635,0.0562637305769276,-0.230020347579564,0.106175156986768,-0.0476622286689757,-0.230096430447153,0.037014543965,0.0788648659521565,0.263191205519853,-0.0368744140189034,0.178351849485474,0.00364115462661428,-0.0737049913086655,-0.0137928328331042,0.00540419675604231,0.001124295471589,-0.372121144901448,0.080171715912097,0.146908335208039,0.226123090159716,-0.156493005680983,0.0231202127655511,0.149061478674412,-0.022150332612723,-0.0164178346289788,0.192912117495863,0.213906298244751,0.0940690160221015,-0.0575183455483521,-0.475998721572346,0.0976745563071197,-0.0357468740366209,-0.0759217262232687,0.0378120579822956,0.0406694542792117,-0.155055020594873,0.0092676234557315,0.125478849737343,-0.275064501294293,0.198544423990708,0.103380236103089,0.0545020452701676,0.285257081661418,0.0805659185853555,0.25841570862964,-0.251814616772183,-0.22442669709005,-0.0516675244854085,0.0582802351199456,0.0780046601233218,0.384096572731888,-0.202828833750402,-0.00455627967698269,0.155235731354526,-0.164310274149746,-0.0483651554253498,-0.158514641041477,-0.126418272798479,-0.36657238488491,0.0942957879136152,0.0545970119952998,0.156882861755264,-0.0705064184437362,-0.000468286128611589,-0.0111402397845321,0.0196046610374658,-0.0509145116727458,0.353317651525079,0.14117704858651,0.171109027636269,-0.227361860555769,0.118951029275327,0.0772243674405106,0.0550161737061367,0.0478491781325817
"54",0.0025580533930815,-0.139592653191669,-0.0145609892947301,0.353116318821262,0.115279520599222,0.0230358124659684,-0.0239247468776139,0.232642078998455,-0.286130837907136,0.0947094665634206,-0.119963446790321,0.0548680615752291,-0.175300441673092,0.0569995464990227,-0.0233842872498004,-0.0965395543200635,0.147012234666888,-0.0940782844793047,0.146605686061293,-0.0495236130235189,0.241222909677316,0.074305868114879,0.109116184329506,0.0298329189955266,0.0281969148616598,0.0530439947698891,-0.0640978873632023,-0.0639077196037546,0.0132359193174489,-0.478471636668625,0.059265267050732,0.0528804230383417,0.00320193258156048,-0.0932551378447372,0.168095046424781,-0.115080637460754,-0.0467291676246964,-0.117825277660211,-0.0159952898045821,-0.0796826198283717,-0.256193780440691,0.238709906158793,-0.233376477730286,-0.577284975491423,0.0570311843838054,-0.323887498505144,0.0208696711328816,-0.152644704140503,0.15605959722839,0.00733077447630656,0.123461522969592,0.0383400528480329,-0.247370338781777,0.443458929020996,-0.0685478779950221,-0.177466466586384,0.0277605571977346,-0.123244585796894,0.0466562417211973,-0.107823304848321,-0.271091352672442,0.136139605734206,-0.352066469421992,0.0959694752833708,0.169370647222439,0.360612060345431,0.197458972154847,0.423685366041874,0.14587736181593,-0.094508630623264,0.255041825707035,-0.0802649278659158,-0.137376917541954,0.00506140749841899,0.205514277688832,0.202746143192714,0.191412915903256,0.0216907163856259,0.05290981084134,0.0220417313559352,0.0697236987548374,0.0990489459594677,-0.227401293918177,0.0949091181804653,-0.0665028295243707,-0.0928279693352161,-0.00676296872445965,0.0313241988378308,0.317213059061922,0.0808425568998151,-0.107679989813748,0.015276703295867,0.237989987535975,0.033303537960273,-0.215263775252816,0.0710459836889578,0.0442330468741142,0.0793986257929989,0.131008397724223,0.0647288857626433,0.035482526268202,0.0147188901006296,-0.0660502750044736,-0.0208451672641222,0.325470632114852,0.281679024431208,0.00290779662975872,-0.171706794618502,-0.417799027447312,-0.0143846346326867,-0.0788942518568277,-0.0230116379989515,0.15255750590765,-0.415110441426844,-0.0486937929778285,0.0992575983562469,-0.0110654341532177,0.0182655362844311,-0.148242776036767,0.110650546073957,0.0966598930033627,-0.126637102227684,-0.209529909904282,0.0349889287544635,0.132979657381353,0.281027705298599,0.0619295771780503,-0.0236864839011845,0.0916499290568617,0.11632644952743,-0.0652710331447548,0.102972499680066,-0.056952158040165,-0.00628207820304868,-0.110528355046652,-0.110058963142101,-0.150091121901276,-0.0618968615785155,0.201070755742757,0.209240472995419,-0.16396427327473,-0.0479998568150642,0.184804025740505,0.0491694639994351,0.0429952598866409,-0.0839960763518887,-0.00164666562519468,0.256005838077016,0.231907788053208,-0.00564844516574883,0.106294168364437,0.158388138799841,-0.17974183157967,-0.099674762988237,0.127622103160539,0.290828894760715,-0.0350272128059179,0.0369620767264103,-0.0515017712876032,0.0622162115478579,-0.620379105767382,0.211971357206115,0.0877969622868611,-0.243756439637109,0.0788933461952906,-0.544146101872973,-0.0680154935798754,0.0120403057003143,-0.125133603314651,-0.0214747244530125,-0.0826752170555909,-0.152000788768274,-0.0979233109518501,0.0230799100779802,-0.073192065686481,0.0584854172992252,-0.272753306046252,-0.29458941945204,-0.0679005007190055,-0.061723175388605,0.0959940851514137,-0.00955742526404487,0.0402975033206781,0.116167108244815,0.042553689206989
"55",0.0241489145722839,0.110292646161045,-0.152208309912559,0.0525847140740174,0.117958770500423,-0.0349858836583222,-0.0772694951115785,0.154820228429381,0.366039914739238,0.0223092440738751,-0.0897372404745559,-0.0540801368724236,0.136667269313983,-0.279433626944737,0.0665723687155677,-0.0354189677110281,-0.330622638350845,-0.122437580083444,0.252031221416466,0.00551468604642687,-0.0185527700928516,0.128948183473036,-0.20490273460035,-0.103373224402247,-0.10915760913505,-0.283160933619172,-0.332551553181871,-0.246091337754705,-0.00958724176725538,0.22902088628311,-0.0297974142450463,0.0727231758290622,-0.00122835709620212,0.0567614630498136,0.0451754732043204,-0.577444988534051,0.0251568329610813,-0.158411023018944,-0.0235635714154207,0.114823004960324,0.167679838726468,0.0738581375858115,0.143843329257231,0.313753155618049,-0.170511663775891,0.292266608348184,-0.0156885785846245,0.104439934730289,-0.238839248531498,0.131302722425746,-0.0963951888224586,0.147368848186525,0.0424220594059163,0.0236265846224568,0.052373722711887,0.087951118790537,-0.0193897892923925,0.438387152337678,0.0167852442591065,-0.132036666663269,-0.263584804296255,0.040958678988393,0.0551487203756086,-0.128803994495172,-0.371035442806112,-0.141488137290054,-0.0178707691338903,0.0561496839002671,-0.021094772404614,0.0470735799216614,-0.12483713248402,-0.106190449545115,-0.00857246930085403,0.393226074902673,-0.0716572823244834,-0.0696149782340667,-0.112047836712826,-0.00641863051622625,-0.139215697264347,-0.0789296332414494,0.042790444703768,0.129421320547363,0.0892941674539187,-0.134703064435342,-0.0794356942990245,-0.123699321908641,-0.126720111875561,-0.0113651368760718,-0.105119496645151,0.00741919085055368,0.0143479027215603,-0.097749963344325,0.347052898552963,-0.121267889502023,0.485543731380128,0.165017686683233,-0.391328218232821,-0.149719562230448,-0.109296942429913,-0.0248778088376421,-0.0221838076555039,0.0271003592975232,0.14561818371524,-0.318603880284579,0.0459161405044232,-0.153064925602886,0.132049363139074,-0.00022955397073548,-0.194180727804721,0.102154190299334,-0.0156376547256919,-0.0060517718203981,-0.169887645545009,-0.0504038548194324,0.175178705872449,-0.0690983068790508,0.0268271240401551,0.0487857350807422,-1.08024239029155,0.00562612927575877,0.116430893907164,0.286493088482824,-0.136026051498119,-0.0994064030790715,-0.00269985755647639,-0.331191291354189,-0.17612934673295,0.0395129623471305,-0.192067880966163,0.0468313783407812,0.0326727169263341,-0.0150949456780769,0.118816003979377,0.406384054665177,0.0352036670879053,0.0339698012915923,-0.0962543251905648,0.0557269830933456,0.157451932894524,-0.246431049751837,-0.0796821615525119,0.181237282901076,0.154152148167626,0.0435345535922601,0.813648260437757,0.0274920558070814,0.0453710558273116,-0.119842260323249,-0.0345981044872219,0.115051254324628,0.198726098513961,0.0176601865404393,-0.516139367633919,0.0933749047374666,0.172553365842501,-0.163647134188374,-0.288413221123275,-0.12537922490097,0.138417073023263,-0.184383531680563,0.507540751167231,-0.0901090523774427,0.139182101270998,0.19421870359209,0.0286852786611833,0.354830376568908,-0.0324096592940277,-0.0259973314781031,0.395716839960947,0.0483090209607262,0.0350917724172595,0.116943740136807,-0.00791433333105562,0.0929134037247735,0.239104755162338,-0.159320061600783,-0.0573786126891988,-0.0843283872672618,-0.00841733930931178,0.124437898079024,0.00077949311832024,0.0720929372242693,-0.0944897745568786,-0.0224065601213546,0.272398541649288
"56",0.118085324414853,0.0574710661710589,-0.100031152026675,-0.0146772413465078,-0.000390080291925549,-0.0169232976262918,0.0431644589191231,-0.126465611397742,-0.0139122313590746,-0.00498767445448532,0.163783572345933,0.000999024948423567,0.0786648165166336,-0.064024777984365,-0.0440430546863076,0.127095004360411,-0.408408319890815,-0.00779490047014542,0.111612435061201,0.109401813707849,0.072414298581117,0.0412874621964573,0.0292303005599106,0.0623067524022128,0.0891202435486062,-0.110696516133864,0.189278153228327,0.0481247860668212,0.165949364646953,0.0354984850770472,0.0678824405760789,0.0798486929341801,0.0716707023207242,0.215652831064001,0.0499568399012398,0.062897749524583,-0.104719571964915,-0.266339349288202,0.18024154151534,0.0755791407279447,0.14361864147755,-0.195688376924238,-0.130052796706038,-0.0988663184881326,-0.239825880870642,0.149318619884235,-0.0140120251260708,0.122800583452695,0.079067430278338,-0.0364486830586047,-0.108855757484147,0.0644983955715737,-0.0673189504623682,0.000615901994485998,0.0989837089446826,0.0607977507690334,0.031259277968295,-0.117779469317173,-0.0932230417324363,0.125909700151273,-0.00119790765253747,-0.0151726712992051,-0.0509873558667465,0.00561749682919018,-0.163995851072619,-0.000668464327488533,-0.0642849223209831,0.227146771920021,-0.231460591002021,0.0193148113783216,-0.390194792607747,-0.0146890006912785,0.0470228975691166,-0.0442511484719701,-0.309971499436774,-0.337407240610906,-0.0494845077633984,-0.0161579632177555,0.00603793549437432,0.0276627220786647,0.0261301990513466,-0.255370918300273,-0.0612510069425361,0.0184806747883014,0.0280984768097755,0.0833843338821989,-0.0448548564475231,0.0554568057864867,0.00730575602199533,0.0598029653880446,-0.0433676404785532,-0.238156991921725,0.114347364288056,0.0202677717088133,0.150257415865777,0.0347900950918198,0.311697948186512,-0.164557968754869,0.0225565929918645,0.135202101000539,0.145829244613132,0.128855063751341,-0.0642146591710503,-0.159483782536001,-0.0345868246529711,-0.456996184618753,-0.0680853012093013,0.0393226700055281,0.24891442474926,-0.0878075966731119,0.1135470443784,0.153737967172063,0.0399885719486078,0.0745506819308004,0.0377024965466177,-0.0607859576310805,0.131898013344731,-0.0296763673321271,-0.346774311611623,-0.0128911479799833,-0.032325320359565,0.0667241156978878,-0.163198735680216,0.252596134243166,0.185596850608108,-0.095657617588564,-0.507705943839524,0.070378269259441,0.115331741686524,0.132056087784394,-0.191960548904826,0.00136233163068649,-0.0118020038891613,0.0222915426013182,0.155110966474658,0.102191724374783,0.337067911546831,0.106941544374872,-0.184747215047488,0.0677486918504694,-0.00398181587679577,-0.0294049979386111,0.0540550718336704,-0.072685714239102,0.0884516788436717,0.0509117963879701,0.140389123493056,-0.117473620188181,0.0790806047812318,0.119770310748679,-0.0132672212615481,-0.00060855511043909,0.130385388353366,0.0467150694042298,-0.216844871477041,-0.0309438654100543,-0.0761005205535802,-0.111163010867036,0.0323824787804434,0.037165824926494,0.511494636560155,-0.0181797332793993,0.0038646056013556,-0.137796063666773,-0.0497729158695075,-0.111733689390495,0.0101239913797977,-0.0559611073863214,-0.15873049220372,0.0618274379160424,-0.120177799722514,-0.17999774635069,0.0475258746421562,-0.0622171483482268,0.0581409480703062,-0.0891083179479001,-0.253793242079529,0.360565661813533,0.0507752843138398,0.133863419740712,-0.145833086695024,-0.165521489840215,0.122128125864355,0.0506242485051096,0.0683108022319784
"57",-0.131237369625371,0.186097348316394,-0.147320543886671,-0.167219078963525,0.0159151195837451,-0.139608718835626,-0.0768478804438644,0.189729821444507,0.528376692548428,0.0773636130593435,0.0682893887515743,-0.153093139398911,0.515663684426955,0.113093254554244,-0.154648125715128,0.313214785421368,0.136778279190173,-0.19461872961856,-0.375604071736799,-0.0526724387096027,-0.156772203131081,-0.036485079976307,0.0723483578619914,-0.182260443794655,0.183403864118285,-0.140036708193803,0.405318667003195,0.555127619418844,-0.0534631271127744,0.328823152563358,-0.149369309828719,-0.024075238720195,-0.0427211626808332,-0.064513955209211,-0.169175603183262,-0.172819294772135,0.0775518467505784,-0.0840366865633405,-0.0230627247026241,0.0343513519199848,-0.324338490975219,0.428402569468152,0.158398699350216,0.687654456042818,0.11302201028966,0.242847206387399,-0.0264380084101906,0.252477700287917,-0.0319034401369881,-0.215543861092564,-0.00734962168958883,-0.0363048839553437,0.394513103991268,-0.0746362427404675,0.058647868233737,0.404595682968504,-0.181382993483857,0.0981612063642658,-0.246518863328386,-0.173822465214253,0.229186769578474,-0.188178081876756,0.192721553678726,-0.334210112004722,0.0726177277218581,0.111478248817278,0.126440282567988,-0.0907146286375384,-0.337944397782356,0.131901638310148,0.0129564892355943,0.0236962813523224,0.0675168553356551,0.0044646579777301,0.056797371430981,0.0786597778996268,0.0214881143495092,-0.334552980050018,-0.0823571970821057,0.0815572788692016,0.0453014155124089,0.651065295167386,0.305171953540639,0.00950667258092369,0.103471244413281,-0.213169631515881,0.0485829461056026,-0.126268906769714,0.166928457931307,0.0618876746575686,0.239983978745662,0.14713535986641,-0.224494607249984,0.107030410978862,0.256291853298083,-0.166109208891974,-0.148501112242022,0.0708177254375275,-0.177383745574047,0.0647271993459228,0.0799844275986666,0.0827267345851756,0.138150823677117,0.21285209279986,-0.212480658681107,-0.170868862651329,0.0373453809317946,-0.139574146795044,-0.0606136710508637,0.0630596156884614,0.0614838603170813,-0.0810548909833104,0.144186500313777,0.32949663740942,0.159243751857612,0.0216559846801837,-0.0566292512480334,-0.169416895375947,-0.459586828449672,0.300543379377556,-0.20745446922799,0.37131867703221,0.313841945055172,-0.0214523664608675,-0.124597534593132,-0.42147035745088,0.0280034753412127,-0.0911437593751212,-0.0625115158235557,-0.168237426362658,-0.0957930287475975,0.0299348375092032,-0.456137595429295,-0.0237316260021101,-0.100135297328473,0.232962686258978,-0.171833056542429,0.0518196993215171,-0.161164179033006,0.0258494748321673,0.40216368927581,-0.178981445256998,-0.501595762459267,-0.246233928067018,-0.143662052344859,0.0467287675482806,-0.189606027964907,0.0219464535886592,-0.0734534478953086,0.0902023040025017,-0.0190874671345567,-0.245400018977054,-0.239450383383431,0.247554258832861,-0.154073655530596,-0.027018841135643,0.0792198438756125,-0.429188507887991,0.0394568810284085,-0.325461581063555,-0.747128777816333,-0.0486346590259673,0.187657439351146,0.222173850933491,-0.165140628003433,0.498900872269,-0.00423150134804007,-0.267889120724742,-0.0630730207734774,-6.68777967452374e-05,-0.0417888535682597,-0.0956734556877184,0.113156776962544,-0.253813444353265,0.0802235749913705,-0.333514810997996,0.0889069002337583,-0.111061221302253,-0.135772376058497,0.0365446291841964,-0.0870260452869621,0.150329346121818,0.120914152396714,0.0438534616973649,-0.0662453269400439
"58",-0.075543466031826,-0.189317489758922,0.0899076364531017,-0.0676225968810858,0.034736970193653,-0.0223040398460676,-0.0104697229097193,-0.0384220959377525,0.0186326593087908,0.0749483523240378,0.0420093312147927,-0.0576389619738766,0.0767966261273142,-0.0477803737686602,-0.106583824637581,0.11751118077978,0.0585707287468823,0.0204731615387275,-0.0284319674122381,-0.0269126517718384,0.142174300682361,0.0166417092886685,-0.184019619296076,-0.0251365626339466,0.0841912923059913,-0.251251960757113,-0.0750933851921419,-0.108222203704839,-0.150508714709957,0.24473248971875,0.0168309767128152,0.0194882219433687,-0.0131888051584172,-0.121676814497839,0.153303943359244,-0.160784831130958,0.0993308562307162,-0.0631690526611909,0.0760283007218774,-0.00711833005330171,-0.141486032502856,0.0541264874784332,-0.391171453730651,0.158466411130513,0.0251146225565321,0.0467442576309636,-0.024465076255022,-0.129522491272064,0.297089918853641,0.00152481464574014,0.0754407230930356,0.27435221212699,0.151313212089655,0.0496047543898973,-0.0893185200302762,0.0653970457968342,0.0422187512623922,0.144681933680833,-0.208705828287317,0.160979070189919,0.190653720262689,-0.0815556246873108,0.151588128688773,-0.143775366395839,0.0145805954533663,0.199976251196942,0.114486533643709,0.0923759139981294,-0.29584297051613,-0.0728714162794969,0.0738401098956148,-0.0400312782302931,-0.0542049045480716,0.0651417981159252,0.11683341151045,0.101013689095418,-0.0177465423409479,0.0831953381304716,0.112686293074688,0.145332408561228,0.0166434859047892,0.0531627961917205,0.0410579393646041,0.14424081519757,-0.205506843865278,-0.0705505036197986,0.0999554177682026,0.0376712606404604,0.196781220661441,-0.0185441740652103,-0.000924377505884215,-0.00228089223908998,0.0558939218363622,-0.20153054625578,-0.00129469702803688,0.0476716662418441,-0.125067542504773,0.088381983756964,0.0928051577592993,0.0452408912684007,0.0165585977637913,0.00243773760841946,-0.13187074474047,0.140888159979028,0.524335320319547,-0.0739199288691167,-0.0259710194072228,-0.0413957742367861,-0.103971355404489,-0.131479272114035,-0.103016674294135,-0.220579111149983,0.0686410816354942,0.0227408316597082,0.0860120153028096,-0.0334414493883227,0.021477808425675,-0.0543716052974969,0.0257172807428346,-0.17692262413114,-0.0392933754325158,-0.0651841518909827,0.466164577309252,0.0392603498216839,0.0456457648776153,0.151840426775013,0.116185973861111,0.0308559525989461,-0.0619781570356906,-0.153393689567004,-0.117918633440854,-0.00458059234808707,-0.0971916110221429,-0.0354603568023042,-0.0470536352363009,-0.162377045825104,0.137556610874474,-0.0271864564809283,-0.06750545394995,0.0419477290551715,-0.167576635519722,-0.0458756009903364,-0.123772970188571,-0.0393856960454523,-0.113758261270925,-0.186591413918818,0.0697194369660089,-0.00671689624417218,-0.174374638976293,-0.0168508166795305,0.0481013872837569,0.0834775365841019,-0.0980721599603109,0.000771143762146455,-0.217547813994214,0.195864861953492,0.359352827995604,0.140393496628096,0.0856609399385067,0.0716853168454057,-0.249695306829824,0.119898424146764,-0.00676713723960842,-0.0255706722033191,-0.112788827919587,0.178634695009724,-0.103455457160796,0.0539732555470366,0.135103189100937,-0.0854272964413088,0.0181849352120707,-0.248645470208609,0.014203189509823,-0.0576612716603846,0.0894004933706519,-0.20190787097208,-0.277085494026963,-0.0678606466014285,0.0227889021699478,-0.0646921900957261,0.00556528533620027,-0.192958964224978,-0.0932216349073189,-0.0570342193440678,0.213333397808767
"59",-0.148740380768056,-0.137621586380558,0.145678121066329,-0.162346883072725,-0.220608286764087,0.112723446687618,0.141889653237355,0.304566444985328,-0.354731527269205,-0.0746190791869396,-0.0450098535172808,0.141762582905835,-0.171044749558327,-0.0864225220788635,0.0549424766325251,-0.228690647553658,0.210281349315712,-0.108621091653825,0.0149681066962635,-0.054324358313765,-0.204285471353458,-0.042396681801659,-0.054587750232257,-0.122445761935629,0.000189484661941193,0.331021006146527,0.180397811429108,0.0967081152573201,-0.0276553010240699,-0.226178991969736,0.0958653725383376,0.00596556655023604,0.00878880460065262,-0.0554320133462163,0.156849050828803,0.0519472750266489,-0.0788966679936867,-0.153094299345643,0.0812907002512501,-0.0628858572490478,-0.0156410900027122,0.00544457203460718,-0.407738735669411,-0.318199378416316,0.277249711819566,-0.244078355522848,-0.205253849482559,-0.139910047611409,0.590616052899761,-0.0121379314976292,0.146143895961021,0.360253349855563,-0.116410271792252,-0.137688228836394,-0.0684974229192789,-0.101001649612302,-0.188011646847116,-0.303503708064242,0.184658913695303,0.00789201780957477,0.105134069512649,-0.181975089286982,-0.136720542837588,-0.112277836051296,0.188491542079028,-0.175530435448775,0.102740253770393,-0.206588558597487,0.346031595258868,-0.0482968007123924,0.306366962334036,-0.0368448187046697,0.0221544727624797,0.0294082847747089,0.253932084898681,0.272240554025691,0.00665275569359409,0.125401043141978,0.0940009661016941,0.0399986434630182,-0.0728656015516321,-0.0144205799014481,-0.188795302229195,0.0461098642888471,0.12756192033599,0.509844329896431,-0.106726782559685,-0.0504824174699134,-0.209560446236074,0.0385826355452284,-0.0193427982620821,0.177079074738535,-0.143871384603023,0.153860505332065,-0.162643051566349,0.0419403677903029,0.455965152197979,0.0867209994049621,0.0703754809625393,-0.0735160063379655,-0.106468318645353,0.148106571981334,0.0485822336245482,0.0571087822323452,-0.398204155113727,0.0557542810116785,0.249263926461327,0.0907308005415822,-0.097092640725813,0.126315442049105,0.0668048296404944,0.130270355611708,-0.0674860847134134,-0.208800793408308,-0.0276310766400467,0.035256877607957,-0.093692821319282,-0.0692727570480178,0.477460088508911,-0.0964000204254195,-0.322489179539292,-0.244256409945566,-0.287754362551836,0.206863188386824,-0.199795380054591,-0.0169816299969878,0.0149645555388992,0.148121991086156,0.387874348577813,-0.14655205097909,0.304819233109767,-0.0187891809943604,-0.0810936977803398,-0.144452084391473,-0.0568284268076902,-0.136110840255142,-0.203560229760686,-0.0227875565713024,-0.0134034013770141,0.432989868975905,-0.216774400190021,0.15558218788406,0.0354933901849431,-0.0957953357117847,0.0691008096279654,-0.14172972057746,-0.0231796746832317,-0.115648325893624,-0.103814898471292,-0.229486303654257,-0.198949169894859,0.183718509980216,-0.0407125841365574,-0.170034715137623,0.0683230291483763,0.126292607066722,0.0844171659935275,0.144646252198647,0.202073872288962,-0.0702953723357315,0.0772484477473588,0.145734891506423,0.00557789884972248,0.00836394922348228,-0.0291929209095217,-0.310887317531118,0.0299768484466187,-0.0423259817987139,-0.229991892967796,-0.0691460385658423,0.0187216278440354,0.24328366478485,0.00233146345546498,0.121184414667986,0.174080286551223,0.221261458337911,-0.258973429992344,-0.0315243445819269,0.092899881882914,-0.155531260661835,0.270767253625596,0.148070897992573,-0.0511914272754785,0.0217365358166017,-0.27660341623987
"60",0.108482246965459,0.224996851585075,-0.18758144325256,-0.20182906886828,0.210591163521517,0.10577457382035,-0.0707757364592706,0.0314400395692356,0.241519866224263,0.261475028023975,0.259334112696471,0.0681478702914812,0.324583285866783,-0.0944916622371173,-0.0335023081331113,0.404727203109561,-0.444619709868566,-0.097931794782206,0.449817200039236,0.0194857980303545,0.00776464144498285,0.0204470197466725,0.13955977145571,0.108119748928331,-0.481990534910699,-0.161261756437782,-0.0786804347663244,-0.226414263733656,0.124486399639376,0.165483121412727,-0.0363313082003093,0.0317839326941462,0.0854372024526362,0.165073657797668,-0.19937523055195,-0.0271092831796276,0.195465556247301,-0.472511001344486,0.109879994181124,0.0480386609557888,0.0197312006358894,-0.207789654261434,-0.144432979969614,0.242672806179141,-0.0433977828644745,0.201787172146557,0.192030705847875,0.239723287717269,-0.938170795786623,0.145440743965124,0.169013901532813,-0.288021093785363,-0.0397286088752938,-0.0558631282948071,0.13443907921988,0.307315164610184,0.107476674208757,0.235155945736224,0.0164034645877301,-0.0325316765244754,-0.0244452217977927,-0.249409376194128,0.187903794697624,0.17181846285336,-0.270739889825177,0.00661907946498001,-0.27382865256392,-0.0619445357518476,0.205342203611119,0.0182039370157901,-1.03828624133051,0.237580606536397,0.278739495934561,-0.24361920826791,-0.939982326083649,-1.14035845607057,-0.215434326360906,-0.0372696010369845,-0.10682337319412,-0.147654861975794,-0.121988806351867,-0.130051122647706,0.21249113363516,-0.190165805747423,-0.34852736865015,-0.205799848156087,0.0649079063049453,0.155802217440483,0.0392124575048529,0.228355033646863,-0.0180787611719639,0.00287172140628214,-0.252167484979626,-0.216298380772614,0.18889977197542,0.11281605015426,0.472563691868283,-0.016793846863391,0.131635927669888,0.325461390896875,0.320510005159621,-0.217464074885861,0.123850344199743,-0.247376377237622,-0.102012874547453,-0.397065983738605,-0.33129649800429,-0.0489217963076572,0.274588807821865,0.00352054377391776,0.092229254972364,0.0636160487506071,-0.00526671803590954,0.307196084617255,0.165832477514093,-0.0899652318723185,0.169255310826488,0.2168624844694,0.314739465765448,-0.269004920491712,0.0906936114361623,-0.312413106253709,-0.0142673308578617,-0.0786404281038773,0.0910155877301216,-0.190014245424894,-0.0784822816179041,-0.0190892908840688,0.0473609638890386,0.207251801274583,0.0884757285614763,0.178210542438359,0.0462919016283332,0.00453100014950539,-0.0307994110098322,0.205143990081365,-0.106967705543272,0.163494974795558,0.208081058303186,-0.973015085903559,0.327737139456058,0.0632702499604306,0.13470041519678,0.145262318423452,0.0636030931686228,-0.0123228795211815,-0.0552796020845236,0.140784759576336,-0.426301998020141,0.261798456398277,0.134235434611019,-0.207090738142692,0.338954085428212,0.123915192414021,0.598812824192107,-0.323279232702744,-0.26575521587274,-0.201675313744119,0.286696158075636,-0.126799363839428,0.677612540871861,-0.350015263805949,0.0484397523045929,-0.155653181383591,-0.0288919957756009,0.240768675481617,-0.28377442487738,-0.146407302288301,-0.0546472697469044,0.0372184886911706,0.00916249465904621,0.340748771660135,-0.023844432035347,-0.0192862327348889,0.180248811560103,-0.165003446064222,-0.320319849495809,0.319891853397473,0.0896554324355359,0.169031278652397,-0.288295699276362,0.0137904349847502,0.32039233377944,0.243519165295845,0.123383430476189
"61",-0.057376714816723,-0.242396400858815,0.105695766121462,0.16368578179524,-0.130634285944662,-0.0662727371085458,0.1344033469259,-0.167022687339508,0.112440661795439,-0.291489102565169,-0.21903961813614,-0.0650886365214725,-0.101252833206634,-0.240995855333691,0.0242540275959886,-0.000824014194935099,-0.178461259301287,0.0381855908436794,-0.259927896316745,0.0199100840826198,-0.0593321277381639,-0.0136222385390885,0.0837401023664729,0.00980343835834594,0.0817763465272109,-0.235984447662321,0.0216493652646939,0.223678057698105,-0.141029249515663,0.159095962660847,0.184145537309278,-0.0862342591526945,-0.0535921550282129,-0.117679391989799,0.113612672763696,0.354214136213601,0.177873119173396,-0.0620563755168823,-0.0452666473057339,-0.058927418699243,-0.0121679850634051,0.282510233530128,0.063967446288785,0.106623839096192,-0.131683111124032,-0.192192700268764,-0.0147853081840216,-0.210901039167075,-0.472529158317442,0.0819590071816329,-0.0743343575755923,-0.434530850274205,-0.234615004844262,0.0239226186569432,-0.0966177397511481,-0.104133938372152,-0.0907425522203857,0.0617276790585247,0.179976118686229,-0.143921374115916,0.305023068166926,-0.131609335220437,-0.10458560776425,0.135718481497687,-0.229868419696521,-0.0517213301149329,0.163876876207975,-0.350119377510245,0.168579145881351,-0.179854148019413,-0.118495831380901,-0.00283385315714378,-0.0324247843540339,-0.0373005615675142,-0.118505676224503,-0.12440556913261,0.0950720414425994,-0.00177198039535972,0.0509463904554097,0.12959389115499,0.0828385484027135,0.161500323108565,0.00227380494085841,0.131020739789032,-0.091747544069582,-0.0430010318102281,-0.0469464363742836,0.0423011195205203,-0.0134739335136435,-0.0637417811828304,-0.0851690952581245,0.229696613218129,-0.227372968159549,-0.0452480872856341,0.20241777413723,0.160021099056248,-0.0134307699053647,0.189598093395664,0.0630038190559299,-0.122735393034291,-0.173793253430702,-0.0767031298997002,-0.149776306924899,0.17086194833037,0.43306420265441,0.31973637606945,0.250908112925983,0.0497239240363868,0.272549571268756,0.0277042303414996,-0.206479073742349,-0.106054982383232,-0.131388696636836,-0.102429451222338,-0.0268911887426401,0.293898071976673,-0.171792204498655,0.0592358635458336,-0.066819734407027,0.352978683995294,0.110130976353883,0.513346432634646,-0.071977002215131,0.0612030363649261,0.0430016251237043,-0.108121932187051,0.114164251685487,0.185014321818089,-0.0731532149277153,-0.101726808923645,0.0634739771355223,-0.0890576606620139,0.0326065009928211,0.0479728258360497,0.220831962445906,-0.216456802729803,-0.196828020662792,-0.0974589137433584,0.121003085943956,0.443851633433609,-0.214231795601538,-0.0218742881973555,0.243491155242133,-0.061479296269113,-0.0532187854520071,0.446937939221786,-0.0608014614200087,-0.285056594640729,0.128985628657424,-0.154609852108507,0.155632834764714,0.0987420415417141,-0.460671788206543,-0.123185632970045,0.245333663387643,0.0714330744494585,0.396049628761938,0.0844379214125888,-0.178637241642772,-0.0328424944013708,-0.216295539706778,-0.0787686467730241,0.00179238013595469,-0.146338525443409,0.0226399864767026,0.236369720656365,-0.0705403757179383,0.296474743692344,-0.0813525686847794,-0.0327682459526178,0.0921557558140989,0.332254416685469,-0.166503737086385,0.0489401160729158,-0.162045119899529,-0.146810030176856,-0.0945205659769212,0.252002130861321,-0.0205282964579054,-0.0927367100263782,-0.0446308648043194,0.0428581832335782,0.0840750770212733,-0.0945076832063889,0.0156887235361334
"62",-0.00794514429340306,-0.0958382854973259,0.14448458992031,0.0619936721998443,0.126943029827408,-0.0687278189357369,0.126485137866415,0.149952251907256,-0.0868320910447045,-0.203860016895098,-0.303073575271687,-0.0684596669309733,-0.236578056167572,0.0276081312426619,-0.0187319976337484,-0.165665739874053,0.117090436839745,0.0511328847214577,-0.178377906001541,-0.158588778324708,0.0342842959420183,-0.0183243932271718,-0.218430692477148,-0.0750658346869732,0.0833563433094193,-0.00723970429208594,-0.053224474337528,0.0349071810219689,0.0352467625478988,0.119334060710467,0.0572718406108158,-0.0634620015887372,-0.0698437879428232,-0.228238388963792,0.0487282665176148,0.00690059215532013,0.227347744522471,0.0437465549229975,-0.16380913041677,-0.0840781305494498,0.107869672071827,-0.00652908327398591,0.0793897722399183,0.0254902892692008,-0.0348406779495808,-0.0434352612133833,-0.0758346344223994,-0.0788502153981846,-0.121030879365554,0.101812380003445,-0.217891672803713,-0.0112033165512442,-0.121080865431763,0.0277313510073073,-0.169939887734953,-0.351883760484237,-0.064675333068455,-0.0226473842768005,-0.252598233246521,0.249946843305297,0.077707196484623,-0.103757830334903,-0.122551229204431,0.0123857344307225,0.101404180408729,0.234462145357776,0.533475177782305,0.0105066715748565,0.0620293924498012,-0.0606298118290885,0.627733401851781,-0.0761289964766907,-0.100660128051533,0.0613776272595253,0.623099081180397,0.588647601088675,0.0256670862764599,-0.0983253998840248,0.0944358130357691,0.0351994730808142,-0.00438385057578288,-0.161186456740577,-0.0473116917338076,0.0557121363003932,0.67451122449903,-0.0480043208283667,-0.0176884122546857,0.0390651392296826,0.219293882450026,-0.103454683491873,-0.0736799331299565,-0.106079319165848,0.284164831017199,0.609271792544282,-0.189896148182114,-0.273668747165206,-0.693431236544266,0.0685713747314876,0.194099458688174,-0.119730086189091,-0.183986798283123,-0.135374608974348,-0.217592341649734,0.0467225557171956,0.299751756888637,0.0417608204956901,0.137150998206717,0.0791061218102334,-0.14884323704369,-0.273192793263253,-0.099071150631467,-0.0739865406297712,-0.0237451889980961,-0.185017664005076,0.0420783868499397,-0.0423534025978799,-0.0741316279973472,-0.0150679528586436,-0.698512744593873,0.0386830232264913,0.101909103439338,0.245958867912243,0.0891394929855462,-0.13742288660147,0.00833296292729217,0.0875867489463337,-0.0800250072564929,0.0755030592081785,-0.0781166125239335,0.00823677830711146,-0.118375389851011,-0.0265637526849226,0.250187658221488,0.0531945599666917,0.10139078138091,-0.109623362086443,0.625904278160493,-0.0178636613573015,-0.0999020840543255,0.546366185931269,-0.218522122517573,-0.174799753971737,-0.0254575163594184,0.135747386739841,0.0631760241987886,0.0215451929073218,0.0916681601741905,-0.203886901482317,0.0225839617454027,0.0302469352109701,-0.0415618304392716,0.0249926887948655,0.482069522408722,-0.101302867639455,-0.19832267196653,0.193692057106829,0.502200005088346,0.146945256076353,-0.336463743323516,0.0253342101785944,-0.759754619489559,0.280789553739003,-0.0831621773516784,0.0169392966079775,0.0489085100713162,0.0925626634494634,0.102352455959878,0.334404323226187,0.00562798801971778,-0.0791902842325404,-0.0918049428646993,-0.40289939798493,0.304541574997956,-0.089501791918383,-0.290130878622964,0.171864758791742,0.127615904840047,-0.0969598247539995,-0.092000678158573,-0.0390929180368057,-0.0452964994582701,-0.25818904143917,-0.346506854940144,-0.124827326572782,0.059161476501646
"63",0.0774482366279074,-0.0399715904213236,0.0245428094610572,0.0296272002462343,0.0689208472797027,-0.132562083503814,0.14346794724553,-0.00750879111299626,0.1068166457462,-0.205492157778574,-0.295773407212366,-0.136817809440271,-0.0561180706904946,0.0828633099899591,-0.17908842935654,-0.141174859139259,0.162774579557144,-0.171567811303331,-0.0233553157813699,-0.118134490960569,-0.0223081762037383,-0.0271740998755006,-0.10724156669756,-0.0309584848874484,-0.0896799010308125,-0.0241899600016024,-0.0337542527946431,0.0181425292111609,-0.155951808930834,-0.290390215875994,-0.228026401247494,-0.0605936289164365,-0.0251480287325744,-0.0913578858550214,0.133284919709661,-0.0919246229970433,-0.377172103697653,-0.224282468761317,0.008772734370097,-0.100762982572689,-0.131930001206128,0.318768584035123,-0.208886189061464,-0.271533913634242,0.108099536094654,-0.107460899738568,-0.128819775335579,-0.0510468300065917,-0.345740144459203,-0.0671160279513537,0.0175907953254555,0.00113145264100183,-0.256065357986618,-0.211692662551205,0.0338834628533,-0.306774560518082,-0.138989678361737,-0.21481811434592,-0.162901233105367,-0.484338108374532,0.240647824733613,0.197881869873058,-0.173569339509344,0.108450419017212,-0.0321876561985874,-0.0248315234443225,-0.137921880633709,-0.0971203618573289,0.217035234090262,-0.0718227729496229,0.37287646290593,0.105889843770071,0.102031080675851,-0.151681962053344,0.344309207156919,0.379787089689232,0.125876998508768,0.100742884916082,0.130339921184548,0.167569079004489,0.100186739200011,0.132182562053989,-0.195872910118243,0.203890909708345,-0.142840723760034,-0.00824106195238742,-0.00770853974214673,-0.263470954507126,-0.0176333342181935,0.0792156192762553,-0.174032513335668,-0.0882450933691491,0.350795059473329,-0.0781406915048665,0.228945128130179,-0.25359489365182,0.231889780637319,-0.141527533322927,-0.298854127258123,-0.117317996208536,-0.0713767414713811,0.13934072890773,0.379356603486697,0.0451808891578758,0.031804828270435,0.0301395697805125,1.08357236670441,-0.0904345694074448,0.253817586648738,0.462335897103718,-0.0705688166503892,-0.169589213036392,0.355515528925597,-0.309486502072987,-0.0818089298352918,0.455304655011572,-0.139876716568926,0.064761353934572,-0.0260315454976547,-0.107686113557764,0.114845555221661,0.0813271996527397,-0.121262710247606,0.254511023529175,-0.0645046150515687,0.324444521042347,1.24559559279494,-0.25895644087226,0.0464399799931411,-0.031933162417797,-0.146638992625838,0.00238843346729639,-0.219490394858484,-0.0406067082366184,-0.0161507582862237,0.00608012796612693,-0.735766206218245,-0.145254394305173,-0.123071394094744,0.268809851281214,-0.0432127847912843,0.546969142646853,-0.135743190593149,-0.139713566835895,0.37144697116587,-0.0530097740912658,-0.0735520638098068,-0.0101061765868582,0.0458792847347866,-0.0551327794543495,-0.0193245008278561,0.037227527378636,0.171915820966443,-0.151722983124896,0.0789262939847525,0.0208468144887597,0.133239226451315,0.0564786704885663,-0.0909286762988422,-0.0139074257081191,-0.656017419585116,0.408019103933261,0.130103253386425,0.180375010528734,0.0762971413361613,-0.336388948056425,-0.183281982587609,0.0634451743527802,-0.165097240367056,-0.135936388606877,0.0103685154939041,0.0936455862497148,-0.161591241100902,0.141336527848332,-0.0367414031406911,0.0289828740479688,0.0478003772505897,0.2892266173531,-0.153390900170973,-0.0574400602962163,0.448266109938226,0.294032941159705,0.0115008521291762,0.118751621347062,-0.0113878525829302
"64",0.0647216451651202,0.00787556869282126,0.056093077121872,0.0614141800139346,0.0611628736250223,0.0777442113722467,-0.0893555680812661,-0.153515542770954,-0.39019381926105,0.0633924526123442,-0.151209432872616,0.086382534916304,-0.0292268547192693,0.0558676414751853,0.0190668942965444,-0.245673406283215,0.10837870077952,0.0132351961121053,0.182777487692598,-0.0838928567603421,0.0893050488046686,0.098710016242855,-0.210350149652523,0.131478806104362,0.0889757529529755,-0.146841400568759,-0.374180490320044,-0.315476839394994,0.0504172004189413,-0.465177902776935,0.189839940208638,0.095167079575179,0.0197664533269958,0.00930255102463487,0.348225770066673,0.140913813953347,0.24080816945849,0.0450608900831418,0.0842214659796408,-0.00183082598579664,-0.0630223000788903,0.232238348361486,-0.354153977820183,-0.516512209893371,0.0501560007489767,-0.273860160864078,-0.0599734326693532,-0.031566893021043,0.457075075287441,0.00441048773034697,0.374655558436494,0.303056977957402,-0.246535535721028,-0.245995384625445,-0.105599429163995,-0.271899194420333,-0.0617308831821306,-0.275374481437133,0.0216826734960216,0.141407866018046,-0.0759147666618267,-0.0855031853285207,-0.143124087202874,-0.0372610181198355,0.0789394643517876,0.102269825757792,-0.389331228500443,0.273564393786869,0.0256715640858049,0.00251728509846827,0.193191973869081,-0.160541575206619,0.0914787280437341,0.0797358076194574,0.117067734471429,0.127916608413604,0.190092367856679,0.0941033874619375,0.0566583654015206,0.0472911330082871,0.0586206661925078,0.239131992127059,-0.175617506439468,0.112982082782349,-0.156901528225287,-0.0800838090450658,-0.0313192215955206,0.327540917766929,0.0794342448272167,0.256793164060543,-0.0845383911208399,0.0516111363285326,0.141898817336768,-0.0540989715332224,-0.146590192647259,-0.0356423703761793,-0.138196344821766,0.0890020128908182,0.476089539792753,-0.0330922054751157,-0.0308890842583772,-0.174728817538279,0.11095131546746,-0.166080055373044,-0.200654386983372,0.31285794365887,-0.0624716840544737,-0.13280564318558,-0.299094645054646,0.161884967930639,0.0101567571476194,0.0979963612837826,-0.0161706706070025,-0.244541724803493,0.00591829937283049,0.0229700152277969,0.00249859719367784,0.00411140609369997,0.0692999429763298,-0.0251690902418525,-0.282950688159632,-0.581821066721606,-0.152622782034825,0.112911645246613,0.147631901751029,0.0423306905048568,0.0967039898946431,0.212867704077716,0.186883538202416,0.0263585373329349,-0.100811179457031,-0.0825293868008205,0.0101438581015353,0.035906584879536,-0.00106815825732606,0.0180793470155225,0.11454360698905,-0.0145533986731731,-0.0940765202067678,0.449328101609069,-0.077676864492035,-0.0616262810049118,0.123839128466599,0.0942514115726283,0.212494212457548,-0.10795168718118,-0.00731101544305329,-0.083753250572344,-0.119746999109676,-0.165268468191915,0.178648638018794,0.241988633855579,0.148706204727708,0.0207120117046323,-0.219615461956608,0.302372970650887,-0.125891846048147,0.134113905247981,0.0681252689122051,0.0560238183073451,-0.683650931280111,-0.0880829531588451,0.0782000166133948,-0.194455664251476,0.129359316330312,-0.455052897117071,-0.121875046832892,0.190236591563315,-0.0189211273910887,0.0307881859423212,-0.0541793069715522,0.0245218383818004,-0.152584411693098,0.0874701576093521,-0.0159740572837671,0.192077256615261,-0.0155983980177643,-0.170229295778686,0.0226199405543184,-0.14381296225548,0.166671185960565,0.210859613610289,0.0779478069574687,0.281951861274665,0.022296572350735
"65",0.0442621759405114,0.0445526317261014,0.0471701402491577,-0.085109094902707,0.110553705160318,0.203591004879732,-0.120124362672098,-0.0372942564985014,0.00880537903970576,0.148687145318876,0.048027696898932,0.218868596515202,0.0213257466484429,0.00276439528440965,0.0654234845284278,0.171923229631765,-0.0964998785440972,-0.011978586066719,0.0883068161543461,0.0304166454532382,0.121171068739986,0.0488683190317564,0.124036427554461,0.0466957076877746,-0.138234835765967,0.108913664990626,0.00443805049808373,0.0701797941316103,0.245240018079332,-0.111135865153843,0.325821295437716,0.0430351832102224,0.159627930121522,0.243052158174577,-0.00943173874449548,0.04796827596336,0.246409482260315,-0.116386517045563,0.0861136904289242,0.040307386942982,0.0420796780764777,-0.142251511914773,-0.289600156635563,0.130619125002509,0.14473075267948,-0.0448704022614113,0.0875364177996854,0.0614506012856246,-0.486137375761862,-0.0130471958027981,0.120053609123469,-0.271984721242545,-0.128387286789307,-0.136392481852844,0.0601220671992508,0.0955074664803669,0.265051998475484,-0.151624942587094,-0.0559258675240871,-0.106709191613298,-0.604995963338776,-0.0313802789267155,0.0641958166119806,0.141528958014719,0.0466298995494135,0.177760485871786,-0.374187616920298,0.00393063698110597,0.499872956510104,0.0643116242003219,-0.27527075960383,-0.189128190808588,0.159953180472493,0.0870213814217325,-0.287623842896246,-0.308404861873412,-0.0485784479453828,0.25011426646768,-0.0129265411003558,-0.0150967490004245,-0.0728073554051753,-0.357638982275422,-0.0656869059887245,0.0444186844891289,-1.03521782499514,0.172773859217344,-0.0801184037416255,0.181950327765704,0.156377930652888,-0.0442375660028066,0.0133439207344161,-0.0128648354124771,0.0611504736673772,-1.08755100915614,-0.0121254067322957,0.11446133477286,-0.0957584327186791,-0.0788391217282547,0.28636971047934,0.189598903251743,0.161672156830531,-0.00369604700214444,-0.0916084429971287,-0.174002376512531,-0.0813589323394081,-0.129402465801909,-0.150864399288773,0.0309572035342018,0.10455594314237,-0.120043446106633,0.140026524764119,0.16641262465544,-0.253421068736354,-0.0198036164396938,0.0336042073570329,-0.0523812878859354,0.133158232582772,0.244905169071957,0.284472505787523,0.142629765227999,-0.00562566653447329,-0.220421123451482,-0.115382897113657,0.0121975107408194,0.112777962735444,0.126773410890949,-0.353411463906547,0.21159198445868,0.180393123172653,0.191575066001915,0.109782377704721,0.0963610336303386,0.10901951597283,-0.0395963068997318,0.131609897447364,0.065856246885358,0.0551516023010259,0.0551412455626466,0.321520825032943,-0.00686528587811294,-0.0314924220689699,-0.058695618961944,-0.0713914429428223,0.12154085522392,0.0644434205658163,0.353017724847105,0.0795891454832519,0.0332473522654405,-0.0192476139516347,0.0223188079070827,0.0715822488907515,0.070173075334821,0.0221872677237662,0.0763842117882992,0.228047663996458,-0.144457335749546,-0.231347726998701,0.0485676742091847,-0.0145882009948962,0.01622624335853,-0.703749652788322,-0.0168215608490008,-0.00346049558502985,-0.149840119501978,0.0968287963510526,-0.0602068587636613,-0.11364761381174,-0.120273087188993,-0.679161623298754,0.101527251745044,0.157874916962815,0.0793770212625889,-0.0390734327732443,-0.0558211973686763,-0.032684939295128,0.0252005266209585,-0.0385781483824673,0.183539274902408,0.0903789084585024,0.0437978062486745,-0.107164024299393,-0.0625471297878822,-0.0360974807897705,-0.000984146936694076,0.105312422359108
"66",-0.149146762962418,-0.192382422970468,0.0282209746121118,-0.239010737429202,-0.268395523410149,-0.0905212771314454,0.367460009386805,-0.0593370755414639,0.147995540957747,0.123274720832806,-0.208572119542241,-0.079695981082663,0.0704139566530211,-0.0201076764429137,-0.0388449794835816,0.0530011701204721,0.0601293757297428,0.22956848250449,-0.0826901540360147,-0.075114584839209,-0.0724358652990678,-0.0660633785381866,0.0121746262610433,-0.0581532477339113,-0.0117215592485352,-0.22097795123473,-0.372388081656382,-0.235779261185191,-0.0106658396178379,0.633780252198472,-0.116842780778063,-0.0354616345159885,-0.0928870835463809,0.0972415630340785,0.003776347392839,-0.202475580388024,0.182142151812543,0.354863776001113,-0.0332083426812417,-0.0331081648651081,-0.363295773036389,0.253849714445368,0.214443533965095,0.613410346646391,0.165390574276392,0.0240531067147486,-0.0822800307687448,-0.139361925490526,-0.0909051060254492,0.0786090522384001,-0.37211537734118,0.104264309754447,0.105896024381894,0.170578290464904,0.0123711105733362,-0.0329953408876693,-0.101340278903251,0.270710300097449,-0.196031283974526,-0.100580321223663,0.401384640354621,-0.161695424025918,0.161574248483365,0.0350945047159365,0.0016307114797723,0.0242440830539882,0.362825636290451,-0.168136951918463,0.232521075029977,-0.084523133247706,-0.297994974771551,0.128464561514762,-0.0578604392933617,0.193252138298032,-0.301198342161587,-0.270352643457438,-0.0549561279051676,-0.387322485091384,0.00239559867805249,0.0217897275637963,0.0258688534991283,0.423504828806303,0.282820277798437,0.000456584004037348,0.0586330756323739,0.0394666138353698,0.260161811567253,-0.0799782029347904,0.00683263246129312,-0.196236464974334,0.155033009580339,0.211228427186576,0.0379918886824624,0.128322037557688,0.085968629797111,-0.105759383235068,-0.126999663225729,0.286738637838872,-0.0562819687442388,-0.0455596861555238,-0.096880661229463,0.0781515611995725,0.0228702354237511,0.111738946727344,0.114088909233397,-0.138701667220179,0.201870860672192,0.1541769769125,0.406136965723966,0.0580227987095414,-0.0508014620493618,-0.161042127636933,0.13897515604672,0.0355046813616528,0.147250653170056,-0.051786006066039,-0.0847048272706543,-0.0909899510648051,-0.18410861009309,0.304795280194502,-0.319194904900608,0.649840398068856,0.546531049260757,-0.0343903885771277,-0.025011481795151,-0.0807853378671665,0.0871662762369523,0.00261074975173553,-0.0998725881023073,-0.242010626437556,-0.230948408942241,0.0384566259522061,-0.0742082173202905,0.0261319853643303,0.0353454577792324,-0.172500956403831,-0.145647167970862,-0.105862199800838,-0.268114842903038,-0.0371805369005999,-0.00610283262391285,-0.00695283811773922,-0.00729559086469747,-0.22650021124153,0.0295349443672243,0.380687254974508,-0.158629129808351,-0.155497523012781,-0.0144325877292303,-0.11313790729969,-0.271123661526064,-0.0949545618880574,-0.521474659767883,-0.103732071738139,-0.0945097544851311,-0.21911284937736,0.12906185796032,0.053325750081779,-0.441795489010825,0.0333481991641366,-0.0208872621748071,-0.222874012381645,-0.0159234205512213,0.258767379942987,-0.0555218184059944,0.64051386987774,0.0190348065442988,-0.125933242711311,0.488835568065201,-0.0564537088551288,0.0172847998638453,0.0938292945195587,0.00440149266325696,-0.0901059379951614,-0.389178844182743,-0.129403474943837,0.211775573406212,0.345884041427658,-0.0548083912359985,-0.167869246008794,-0.0886612737576245,-0.00679157342114654,-0.180197661799438,-0.204058789744604,0.0666387467533077
"67",0.0952146283856904,0.0399791147376949,-0.0953446850757325,-0.107621473985111,0.510817293785329,0.0706405888911365,0.115707061083436,-0.0747806958095693,0.210536555835728,-0.122235738011472,0.178324451491719,0.0325105847150191,-0.0382082184332919,-0.182595614718834,0.0281507739538337,-0.0907122541241735,-0.411123644958299,0.134490974161869,0.182622964661571,0.0944590921707193,0.0195750875863779,-0.0501147740756594,-0.0978470091349322,0.0724209323167929,-0.214504289790058,-0.133705482441787,-0.0590378022198184,0.153715884902638,0.124468783385532,0.168427607787059,0.0917508132732508,-0.061003140201061,0.0553593964368621,-0.468640075059796,0.116054338314873,0.0891787771623345,-0.00382492289759876,-0.320500659649369,-0.102234174419818,0.00263662290397849,0.180443289087262,-0.154989986415177,-0.0802561875955207,0.00595660413989907,-0.119318013813951,0.166192491850141,0.0831817018645664,0.101690859994647,-0.212104289538139,-0.0227280282763736,-0.1004875245697,0.065008332450813,0.251768323697937,-0.0608633006494833,0.0496598165697999,-0.0525349243083486,0.00639473381114527,0.104059975891244,-0.042638416719707,0.0375471548339969,-0.0325869390789507,0.0032328517070957,-0.0432492720726704,-0.0567446291097694,-0.251698739243656,-0.0975919011757848,-0.0937897764836256,0.306319953739001,-0.0964631909595828,0.0940341610754539,0.205331142072676,-0.143864967163672,-0.119762793131913,-0.0325767087707889,0.243540106913484,0.231493640401525,-0.0269576772046838,0.124444671478374,-0.0949747049433718,-0.103159208588785,0.0511123120746065,-0.241288592380296,-0.0429700820553204,-0.147946444105151,0.226170597957754,-0.345389878097788,-0.0308085208426754,-0.0391494149068576,-0.0629773192528033,0.0621860581646442,-0.128727815695485,-0.020554900620784,-0.281075242148202,0.203553026817647,0.0795134703677599,0.105371683523946,-0.109052719070548,-0.0614841541976181,0.0471140704188868,-0.22334813728802,-0.214041712463543,0.175136678798332,-0.167525766354613,0.143454783856481,0.11653979145795,-0.203124329327898,-0.298429180433338,0.0519181740267464,-0.212788388520274,-0.208857850563338,-0.0577900542590854,-0.0062282939509763,0.00383634148874976,-0.0291757798293025,-0.104238337768661,0.090078844766802,0.00887321715361017,-0.0256016585517813,0.151303026046216,-0.029926907520437,0.242328204083081,-0.00164127688501442,0.0443546364994011,-0.0294244249246257,0.0239977546769528,0.194252500871267,-0.39494544408742,0.0376319611989649,0.00630934697900024,0.186674977033886,-0.0115408509562256,-0.123028426228329,0.0712274096493497,-0.117647542851582,-0.0629873136360503,0.120156091178251,0.204097955581104,0.00576328258728234,0.0741797899387438,-0.216028133629866,0.0353502942342635,-0.037530257025825,-0.148484252223416,0.0359288115116524,-0.14401638960827,0.100656533415662,0.148614472530614,0.155476462796899,-0.485440798595013,0.10125726247073,-0.234081435821734,0.103128972009524,-0.00745637058466687,0.0484332298577299,0.0452635889869307,0.21753052881613,0.0410174722236168,-0.0281759559529794,-0.0650111190519112,-0.015004878215803,0.470488086691152,0.165337855173008,0.0395211288668157,-0.0231130480589947,-0.114585201386692,0.0886998742964609,0.158630155316465,0.0193637341779536,0.283345726947932,-0.0204060340755207,-0.0294315055573854,-0.12693435730418,0.0649680910467363,-0.216836678386813,-0.0914528105763058,0.0669334696851253,0.0899676775759291,-0.177830805261672,0.0714642665070312,0.122183985516945,0.0577720047905514,-0.182555485066314,0.112546592541603,0.0805190606876753,0.57259064558235
"68",-0.0461957417242691,-0.0666765227279399,0.0594594930053009,-0.00910704436350338,0.0615527416115736,0.00941347549995454,0.224743717699046,0.0807937238999424,0.0162490607637089,0.114092245395705,0.196021009187202,0.0215306498202503,-0.010600892624718,-0.118546575923563,-0.0650652959208785,0.0805768548627606,-0.229496808766423,-0.0599072880922303,-0.0931088838273414,-0.0262060109029108,0.0572469639905631,-0.0940466144992333,0.288092371668013,0.00935889299553582,-0.0440979180393351,0.109606835990457,0.118107853336963,0.119706135382468,0.032762648777117,0.0283541082664329,0.13564786150458,-0.0502384153818038,-0.00638723000333904,0.0328945275414686,-0.13569701301212,0.167656987698266,0.214581026622299,-0.287648440243411,0.195423053936172,-0.0426206122921249,0.0569239301266017,-0.111860037686884,-0.0748893442666166,-0.0493719209728704,-0.0349382313534385,-0.0206873495732241,-0.011408726964392,-0.139070524900949,-0.0709259976954802,0.0667073275783696,-0.369793840718825,-0.443076531731581,-0.0837033037109102,-0.184502509412901,-0.0106911350690213,-0.0795898102953999,-0.0553734916091722,-0.156085741958458,0.0988891488498442,-0.0426432699617988,0.110189345841969,-0.042372052095262,-0.0129930458685893,0.146914760149463,-0.127484555877572,0.00307044251246336,0.574633280602949,-0.0563247642074365,-0.0186199007050612,0.0196405190832081,0.0910445126151388,0.284125595286596,-0.0310739552733758,-0.120465345236012,0.0413124066066201,0.0792237710931983,-0.0211775890275609,0.0960576122820098,0.03380230121592,0.0727535020024395,-0.0610694928389001,-0.0828011750838248,-0.0996141934250138,0.0541846419086811,0.455599727221438,-0.0068495274252898,-0.100670915961214,0.0752002779398482,-0.001205438746328,-0.0393791779342029,-0.0130262550233784,0.0132331075980757,-0.140919778370057,0.430480299163668,-0.106438210983183,-0.105843656448666,-0.0753006595454892,0.0178853082655381,0.0142599676525624,0.0405189005287418,-0.0319713233360753,-0.00912246213038549,-0.0924256478073076,0.194031789080957,0.282799475534831,-0.118086124500826,-0.349318181569118,0.163909414296796,0.453167478270771,-0.0866852400499745,-0.016384406299783,-0.0235602655543952,-0.22324451367653,-0.0713772346396126,-0.076269102216924,-0.0586854285352922,-0.00801964242649356,-0.0732914372836089,0.0425847266736699,0.0513314724522752,0.0714688811364136,-0.340247905527211,-0.127824229784784,-0.0272275211855221,-0.119213601812932,-0.183109878103996,-0.363720543994973,0.141951568796528,0.0427900658687145,0.00514471452815081,-0.0131196357348729,0.0203917816394491,0.365875752448035,-0.126345612621287,0.187671695957729,-0.0874557256968002,0.229170503236668,-0.0918106758434822,-0.0501926713362206,0.143124029794556,-0.128063834995998,-0.0621758416693414,-0.0397826271490137,0.135361867826096,-0.0769841831634065,-0.135639052523664,-0.0268988402960654,-0.134048623321016,-0.172155984541262,-0.114440205474818,-0.131176527981249,-0.0668344058133648,0.0617066985242699,-0.0361817399076011,-0.184994082482253,-0.0125765325431548,0.378405827828967,0.0338305453996246,-0.289172358363532,0.204657920741601,0.656536120228864,0.0879737344098867,-0.0503730246655864,-0.0520407705364964,-0.164269432591967,-0.014729866794299,0.122853909927025,0.280649531363341,-0.450430901116242,0.0184636736604228,0.00600159403586405,-0.0040168420246203,-0.100278703314936,0.0786495541913,-0.271700358187401,0.0723835717644892,0.115393011385305,0.400112000774772,0.0647187473673849,0.0112584031338664,-0.127712635722177,-0.127993049294323,-0.0926805595951198,-0.0180485460377614,0.067104320218822
"69",-0.26144374401715,-0.305819989410675,-0.0324663800122516,-0.282812063810648,-0.100836834109341,-0.0546256809832398,0.209924948539982,0.265902460709365,0.103811589103196,-0.299150605026268,-0.357632808090209,-0.0562490956122622,-0.0837050093068529,-0.281157161688192,0.13975176681783,-0.137212406165926,0.155020977667284,-0.406913671305868,-0.52339412588853,0.686210764342089,-0.327745489102617,-0.0224788914569107,0.677863499386641,-0.272422662398875,-0.124427487431597,-0.0790355720447268,0.284035303743093,0.0470038490870062,-0.119056777197883,0.639352555464655,-0.266568776016024,0.0419186412989454,-0.150265290446153,-0.253042795386782,-0.0438708101855769,0.0762954924150545,-0.66572358339742,-0.120023263867413,-0.0300669531684255,-0.0217748320259519,-0.129445365175507,0.0752450254657042,0.143413009873534,0.672821964720235,0.3134117310141,0.0281293417468233,-0.259481992317304,-0.260427854344777,0.587284992593728,0.0705064983700065,-0.182402927050343,0.619636248058833,0.0523656501467307,0.588381393511214,0.0582107007619088,-0.482923448841364,0.0724626521866928,0.632517305965867,0.141333916023243,0.0594461688717093,0.478202872693851,0.0311539268996323,0.350185554531993,-0.0969732052019814,0.0363128175317882,-0.419317375771195,0.563341969245727,-0.257416632171227,-0.167028889897419,-0.219069134915058,0.232126741879453,0.276267104634644,-0.0833840291090237,0.150112322210568,0.289075531316834,0.272742194468502,0.0362615471280898,-0.181206676429575,0.016381544953289,0.145184987206011,0.0826137910171053,0.232562931347589,0.342264730472339,0.0753093035558786,0.52843586926619,0.606542944917636,-0.0776136588262253,-0.634132392085829,-0.377970427632024,0.0183326256365265,-0.0570606946464509,-0.0569569292144469,0.243768682754486,0.301697611932574,-0.071719518282711,-0.218566978757173,0.382780337686208,-0.0577031339241639,-1.2145292832353,-0.450037110678211,-0.39992992985888,0.244502391654148,-0.0655483056709808,0.541044116801985,-0.0634113731739315,-0.586750351256983,0.141104283662312,0.138880993141984,0.117106191116405,0.164523212302494,0.00349005326280788,-0.170961624817479,0.0649556602948044,0.0477701255299113,-0.0211352091986656,0.18847736344163,-0.325318285341106,-0.335964931970021,-0.0532674342463801,-0.0680823494885424,-0.235867085030377,0.443331302978615,0.191759687230169,-0.0960703153810344,-0.290803391156755,0.554214061349936,0.664749276554915,-0.231259459863014,-0.284217135383744,-0.268851190504933,0.196736402321097,-0.0765994459602094,-0.39498281299457,0.159995284029921,0.0840957446835578,-0.283114079382445,-0.509029365525126,-0.215795465829167,-0.134105867943759,0.188133396270477,0.0269870834934621,0.256202232913654,-0.288181632448885,-0.364171002364444,-0.23165081554797,-0.313075329068668,-0.0256608581137371,-0.0697188329463896,0.22766159997609,-0.281971589050818,0.297949683604503,-0.0214048150029377,-0.680318536681966,0.0526666598799573,-0.146025822578581,0.100110939869608,0.220455905505877,-0.0787077836622682,-0.389761558864202,0.383123355466252,0.571836275359914,-0.00843345644609444,-0.208122881547474,0.371047359809615,-0.233724801742051,0.732982557620316,0.223288628034592,-0.0249501001063692,-0.457363430846914,-0.130296777467848,0.252578901682104,0.071082105803689,0.487327707475485,-0.0623780398786857,-0.395378015084833,-0.294844566808178,0.230373638166722,0.089381638877696,-0.17077632255657,-0.180798502749425,0.272739637087742,-0.0209258917482733,-0.03894802382149,-0.0504524050222839,-0.222184228230352
"70",0.198770112799428,0.214949018971743,-0.0693578427331188,0.305469954298113,-0.0459140131754576,0.162913333320697,-0.0224031300817605,-0.0684785455070475,0.16234801838909,0.00395639725493374,-0.0777262862947531,0.147102568105335,0.0807134689700689,-0.0939919032543418,0.0282395648257597,0.0219619796119595,-0.220762793476373,-0.134896649525691,0.264970003702134,0.00328499683229941,0.16586180704964,-0.069181058762395,0.00641431679424402,0.0463824270221196,0.177032373856191,-0.0663424200003832,-0.0793321837014254,-0.00949681478710698,0.044143440484051,0.0536347456517498,0.0799654981574226,-0.0318916695449145,0.109396263787293,0.0265207134632333,0.133496432005555,-0.00358255775088422,0.058172398539826,0.163106867177366,-0.0324899100265518,0.0920986283954743,-0.111669919467963,-0.286625711755123,0.0424196340918131,0.0578583632619513,-0.0856901784696408,0.22643621065621,0.143369776724497,0.220250968814323,0.232703494394758,-0.0482195731081523,0.519175686626809,0.0580238138190814,0.0251358951539826,0.256957021158704,0.117739718332543,0.139931786723533,0.0528969280111771,0.127491754595159,0.384435615330497,-0.0119608877503177,-0.149325197536788,0.210349432104055,0.136544230897437,-0.23256069479631,-0.236029834721455,0.0992205032733214,-0.505276134408271,-0.120877707097808,-0.20729908064719,0.0977154982938362,-0.455942119479895,0.00637400888553607,0.0670439231969714,-0.0566176538612751,-0.342613573816529,-0.413940815874913,-0.110317685682504,0.0585709131564755,-0.246940818315449,-0.188859048386102,-0.00700092088047193,-0.228633770433793,0.0237644580286061,-0.259868300522367,-0.255859288336633,-0.044439644659885,0.298762103768675,0.194175717834331,0.116367223051819,-0.199567132750388,0.149794306172752,0.0514928743571417,-0.420291541494325,-0.176632436050915,0.253638250872593,-0.000575531117039285,0.124034428000265,-0.0152824721890835,0.405555916555688,0.123826382800474,0.110423882279271,-0.0457834660529407,-0.0165385997647697,-0.240752976252605,0.108928646537923,-0.159694015821078,-0.392905534234365,0.0762739649646404,-0.103160876352907,-0.0738274765208718,0.121012365468765,0.168757637098054,-0.240257766748056,-0.00134936464072428,-0.0611691690499337,-0.0845010588822997,0.0590529186343879,0.055175481923307,0.284768219048493,-0.14125853412311,0.130209204699911,-0.637459762533831,0.377224199901325,-0.0437608640752897,0.141873479149341,-0.229722325665725,-0.544190022015112,0.0199319353630739,0.0990945709929922,0.152650786167799,-0.162958194575239,0.0435695861694222,0.148131194227673,-0.0199461553944598,-0.101248163156169,0.215587781875752,0.129780632686774,0.131530498404269,-0.0158379768151048,-0.430943083595734,0.134423422280831,-0.140156433483455,0.0719273503920772,0.025485451970763,-0.078571936499692,0.0163192405117727,0.0261409376956914,0.109630340464622,0.262463618905631,0.0490649197439015,0.0995963673581881,0.0375157467945159,0.360202634303255,0.0837615418479327,0.0281671533585961,-0.0399045684121265,-0.48379113970071,-0.233184994947615,0.189963782480732,-0.0644621459128063,0.0370721031510904,-0.203438863474688,0.0120883319856777,-0.0791915763032174,-0.105252207448904,0.127793255339224,-0.0556609443459874,-0.0806130494939827,0.102593149997649,0.1092093657771,-0.0382962577631234,-0.0406710152966192,-0.215070409767876,0.0632271079205611,0.1038856632886,-0.0303237089805124,-0.266808241150329,-0.0442249668473682,0.0423780301301516,0.20407228004576,-0.131799642489028,0.0415658851694267,0.0132254975195044,-0.256561186094336,0.081301794478341
"71",0.0880078319277781,0.0654372079832073,-0.0349213438961237,-0.222389681793441,0.072410145967176,0.0934065725691203,-0.0332668433231951,0.0699809489465087,0.0399980964217032,-0.0619090184905007,0.0505828457738767,0.0899766756662797,0.140197924117711,-0.121405981357985,0.0569670846062499,0.211744455208028,-0.277375004145955,-0.134158564849195,0.220498334063439,0.0266582660526581,0.0609922390459716,0.0284018986459148,-0.0282850219583433,-0.0684622034720806,0.0274759415404486,-0.156153375535181,0.0663087631983056,0.1172043071114,0.161955478207816,0.243198145470638,0.104340222042209,0.0975923004507056,0.0561715404477496,0.157528265176329,-0.144766283047199,0.0806057387827665,0.152567675841319,-0.0621933997537742,-0.100011103744119,0.0780082721343205,0.206701888565485,-0.20341547830323,-0.160133161187756,0.0985588833426845,0.0435527977540925,0.0632455325804994,0.0679639597864332,0.0560761759180247,-0.372234720840052,0.0458825539575691,0.130159815029599,-0.0120335657944472,0.132814672427659,0.14662749936933,0.0787769303654833,0.233929148452755,0.0687894759954258,0.154049297286809,0.0587429324579243,-0.219458228992872,-0.633295176491123,-0.0175576696836292,0.0901552081800468,-0.144536328928352,-0.28346282963604,0.00334180646429727,0.00649953882624613,-0.18280294402497,0.0970477451219838,0.0619496609580939,-0.170627916999419,0.178882305003119,0.145141254164121,-0.110694727384423,-0.111514058349355,-0.117199415173317,-0.237199731221829,-0.00355935151569869,-0.15745859218153,-0.147822443032331,-0.162903919275103,0.0371418934964161,0.0729141260256493,-0.1287390166238,-0.119967077169586,0.165778943264346,-0.0145938470745608,0.0121673259308736,-0.00568805489563301,-0.0359364241761663,0.0464396339777078,0.0756767871776217,-0.191332051157498,-0.10426629515303,-0.0111716225317859,0.253821704142419,-0.515936940730975,0.0511000673203414,0.177560459645766,0.125134484786294,0.129528556718097,0.124076651851985,0.109673015402634,-0.241465121545873,0.172175838890913,-0.0948668123029008,0.0676930344190525,0.0626248617973938,-0.138530298471001,0.0465548046514825,0.106813169341688,0.0263639052817662,-0.146002524602949,0.101620558749895,-0.00397649996495815,0.140212778799344,0.0592266200395592,0.168815926439029,-0.0126660343729726,-0.0644346144826772,0.149510337021773,-0.57473365573249,0.10393381133798,0.0201832064307691,0.13309663806032,-0.134390892204131,-0.270233869428911,0.0558483079495406,0.0233686059189974,-0.0327801503033491,0.0123123551755832,0.0465382349682362,0.0302850503206664,0.0228680240448342,-0.026139429744341,0.0232193076126592,-0.15544360198142,0.105669828617095,0.0324344191976184,-0.282148061123729,-0.0250007737724383,0.0416465165953514,0.135946307166894,0.00750597199408554,0.037844204525816,0.0867375359350781,-0.01682947514438,-0.0774582138673164,-0.125961079374749,0.116070879769628,-0.0188983353617042,-0.0421157296423886,0.00229255590679366,0.00376858365345846,-0.24936896689627,-0.313432385726663,-0.390487742541696,0.0163176062222517,0.00424482600543013,-0.0442069090907405,1.07528015602745,-0.10626899690825,-0.0852923479969946,0.0841934773428911,-0.079518209849949,0.223017175512966,-0.0502833540104805,0.0904551490952266,-0.0956482547063971,0.0721570478728585,-0.0537272339417729,0.329026233426031,-0.0398596881540238,0.0355126246677112,0.0677638579089515,-0.0561237599847861,-0.197705989144263,-0.059468195721311,0.0805269995522868,0.0817261422386711,-0.162969367854255,0.0498368322454536,-0.219420268832228,-0.0539374033547343,0.201273444156229
"72",-0.19497395965768,-0.162211388427679,0.0455254138437766,0.0105430508904018,0.0557878895426083,-0.033440704105519,0.141531139153514,0.0507800180016374,-0.159760279577828,-0.00515046662247187,-0.162245236469535,-0.0276269653302654,-0.0718214532892502,-0.125236702856798,-0.0509466477069077,-0.0275021796080661,-0.157822650300514,0.051450834963233,-0.383452156220047,-0.182348483336465,0.0771803198868662,-0.0675968562269954,-0.0457160562221471,0.0203989318127052,-0.257638819258463,-0.112351524796066,0.0419849582435651,-0.00295740379180423,0.0118555907859651,0.242776851045269,0.106702935743945,-0.0646761477329885,-0.0127236952294277,0.0171979954488293,0.0464551680257415,0.0565638736453938,0.206267714338688,-0.250182107236839,-0.0150195624056466,-0.00896610626957361,0.0659409302833069,-0.272417433993641,0.324034533184283,0.943121173648826,-0.0411801596510325,-0.133350934952525,-0.0866058615789373,-0.138898044486478,0.313136610812326,-0.0242773928801306,-0.175083744771945,0.269540442166715,-0.0577637886802347,0.261081182001654,0.0070779273101924,-0.2465571099118,-0.0439354255593454,0.149870345083653,-0.0575566309399127,0.143783550931897,-0.0168095840102516,-0.0611218041708741,0.109395223558906,-0.0126582573432628,-0.208322681412676,-0.0925792665131869,0.249221869165171,-0.109719806335642,0.0814079682700398,0.0486637361940159,0.107227939112145,0.0599836602941692,0.00276801433334604,-0.161217469476298,0.11566734008209,0.110974227494552,0.0447214078086742,0.130533915523654,-0.0458595566757146,0.0155023057029341,0.0607681547563238,-0.0857123899090585,0.176012421927701,-0.0041303023533776,0.390332312248496,0.00653748384188499,-0.0898675777935816,0.163365333460034,-0.123263571672138,-0.0563503374958966,-0.0193771816489947,-0.0107959712251434,0.0893157975846698,0.330256494238605,-0.18874937311216,-0.0152938647629549,-0.0366661227761969,0.0736307832808967,0.0245326554111432,-0.04439951723974,-0.092912417391287,-0.00902567224459528,-0.122887928075142,-0.0291499181219365,0.222340519834476,0.109582505736237,-0.183911636088939,0.104041589332604,0.249026888505737,-0.148620122039766,-0.0705417294166079,-0.0834958548170132,-0.0772929769406867,-0.188861766276247,0.386824308645452,-0.0653769604918998,0.0644662749362144,-0.0640800800653374,0.134675967293335,0.0136867661779473,-0.173250187178336,0.63009674683624,-0.0561644920048937,-0.0083741168614352,-0.0856396530953477,-0.136514652997947,-0.124532167115616,0.181355652466974,-0.0967139203279895,-0.216325578498403,-0.0691282621472642,-0.0229158956185654,0.10758168327036,-0.00141312173353222,0.0605982443878506,-0.156119639965057,0.413153809596202,-0.0678354724489298,0.0603174235487969,0.15207495875329,-0.29543458484903,-0.0598951196448296,-0.00348932848250164,-0.0239089936566197,0.0293985700516305,-0.0389883273535638,0.0138064584693872,-0.203192123636036,-0.185382264752008,-0.1482958448072,0.00829821321605535,-0.113220781396577,-0.0182877976370017,-0.0737762233504964,-0.322005977430056,-0.0711015077011558,-0.0385135705323698,-0.00434440353728847,-0.022657389933946,0.0784818606891153,0.515833325383224,0.127393219368963,-0.0853263456839523,0.012040077429181,-0.417428993075766,0.373883535111993,0.207324929930987,-0.160122607026042,-0.0738345265493209,0.0227469302509614,-0.0163603246684852,-0.00847782516205767,0.303285949777661,-0.0458287843345344,0.0176144583122534,-0.0205461116454199,-0.139313819812675,0.124767929390864,0.023577606550708,-0.126145382005428,-0.146605007805659,-0.181216595196012,-0.175040804075386,-0.080245949033121,0.0932754244102283
"73",-0.00764187038484217,-0.0740170835457563,0.055651697422901,0.057830703428155,0.105167220032667,0.0205978549852172,-0.0636274680027009,0.0773819441995987,-0.235683066153389,0.126885786514426,-0.321086352668912,0.0335200993350337,-0.118179570790941,-0.167390915356577,0.00592525786779156,-0.000642000888851848,0.101736287736042,-0.22396816097785,-0.177039312074642,0.119739124859115,0.0813973815209942,0.0207058867563701,-0.0602636773389618,-0.0221369146857604,0.12114884640503,-0.000933003930941604,0.00512294489229921,0.0272311639743704,0.0124668961368076,-0.327319190324967,0.170505896900341,-0.0255352132239478,0.0344961859478316,-0.0336516282529894,0.223133767583627,-0.660341436702934,0.00438063510271055,-0.0950818432777852,0.161659067277125,-0.0419334502247475,-0.0423494092849114,0.143060084894988,0.0613491021266167,-0.376610556005783,0.0013953453516166,-0.110267747688424,0.0551640960711091,-0.0461439698040042,0.441801379409947,0.0378438076745546,0.0174042265596456,0.131029642428588,-0.271239967778195,-0.383168355042458,-0.0318980387187056,-0.092263445456998,0.106064291519069,-0.169513143838687,-0.0491983568693635,0.210617635064288,-0.152866994996962,0.00356175366371063,-0.0785718070670728,-0.195560637451541,0.100016227813523,0.182007225231057,0.0976630469939871,-0.00899939045955167,0.0732893165948486,-0.102323423585671,0.138684181544852,-0.110544652471914,-0.0857974327724093,0.00660954550440054,0.164325465115337,0.148386723039868,0.0576545529644623,0.250306975908788,0.0669963954572688,0.00733961527406977,0.077313312727138,0.120540262715777,0.0126792211850897,0.0450327338603105,-0.0990397357319547,-0.166465513679778,-0.0906173156169056,0.0802497501161245,0.156212626425042,0.158609623243879,-0.0632513840159254,-0.0941710466142906,0.0326875901540938,-0.250342838101271,-0.0986035580756456,0.197092903490693,-0.226586139858581,-0.153878379165372,0.22583622186867,0.0132809311102738,0.00354816642546198,0.0737046029333855,-0.0836602217204373,-0.382077768615205,0.540618153458289,-0.165063140983735,0.0381297404814598,-0.0395522647598877,-0.319949401842035,-0.13700772593409,-0.0185460096660799,-0.00513544893187471,0.198441114294409,-0.127624550752841,-0.0606743344943427,0.336957754639152,0.0182878650357517,0.034561076691151,-0.0173688320972067,0.140750296230218,0.109410659451288,0.292990164918261,-0.159573804892232,-0.11687844210247,0.147776946411949,0.302439487392449,-0.261957829114829,0.137068525138552,-0.0254473764463591,0.0189007262615147,-0.130297266267821,-0.0202493025205936,-0.22912363551993,-0.0277763660165226,0.143850577532723,-0.0570179878570172,0.443860926311122,-0.0244278476325435,0.0121629916918421,0.3428525104194,-0.104813165720675,-0.108025433072594,-0.310464917524227,-0.120864950771339,0.0182992952296005,0.0891943894915544,0.145921854436108,0.290295408997251,0.255718179658814,-0.0016544883060753,-0.0835102137114128,0.0562470580554517,0.18759674401361,-0.0830884808527356,-0.058651281220577,0.119209575150304,-0.00290387672251782,0.0918628523890951,0.174690847140751,0.0867558456792145,0.569529321541049,-0.00143451129386257,0.036346886949759,-0.130973474667396,-0.0175077319528176,-0.341786164230171,0.0396712348516895,0.0690600730998499,-0.202615090614467,-0.00598369851712277,0.0733339290942159,-0.360652431615552,-0.00192012680946695,-0.0593399240750384,0.186099998729541,-0.144792155763925,0.0922081054648831,-0.257880156063706,-0.0805248522659941,-0.0425990536619228,0.046598043995524,-0.241166958355776,-0.0944928102787884,0.143012080018234,0.17704643350909
"74",0.0387139963289095,-0.0505326083831181,-0.00107652226003941,-0.141766037948641,-0.871986818225766,0.0373613736387976,-0.0643351382891535,0.063275129205965,0.166173087185237,-0.113761915680821,-0.0247321501764511,0.0227608043145518,0.119586010354437,0.533680552183168,0.135095854916807,0.167405709101683,0.32950019696525,0.554672217317693,-0.301929305507721,0.0185516639107799,0.111874051693258,0.0291677171033651,0.0920357741886437,-0.0166258719033047,-0.014372862721539,0.0828045194891325,0.267203002546051,0.422989641210192,-0.031192356532404,0.0477316437447773,0.0247832700647205,0.0124574955841302,0.0285629286913828,0.155242771462511,-0.376096722252949,-0.142642110135627,0.00902866898093187,0.375933067449448,-0.0781930673875245,0.0847344923266555,0.0480683858076772,-0.330631535523748,0.263659065842733,0.0696739431386946,-0.0533259301193362,0.074141516907908,0.170935605120947,-0.0734577507198531,-0.570987894433012,-0.117015087491377,-0.320076625381146,-0.459227470503329,0.132128643864314,0.596855654609705,0.0995886113998568,0.157843153208933,0.119894931986915,-0.0459418996374688,-0.180478381830179,0.0750900745874913,-0.137510291419627,-0.163003394854659,-0.000460360804833391,-0.0475406652972584,0.175257980201764,0.101368989462859,0.39001235169366,-0.0550868644929756,-0.16379044333776,0.0887717408850895,0.0565878597563005,0.161047906104725,-0.228484617487933,0.235777630814232,0.0926437154284351,0.102250262666425,-0.337805883464174,-0.166594129874229,-0.0389839365645657,-0.142781341414019,-0.119723542505172,-0.482241319554754,0.0415306131028873,-0.187768495474291,0.205193223195415,-0.060283071965453,0.000359441520491523,0.0269692128225665,0.0966113802656764,-0.0534122587241813,0.0823011325584108,-0.2114365113085,-0.0460992237866968,0.226381055948541,-0.0166668417470894,0.0924816756071349,0.178084446268868,0.0802560678780001,0.0418228734804721,0.0686944777572121,0.0312945577327682,-0.0379871886582827,-0.116144869996046,-0.221530925312835,-0.70085908278826,0.155408299209888,-0.0156117572486538,-0.00575176186340487,-0.393722715881106,-0.0942157330475179,-0.0436063164718515,-0.0732173185761026,-0.0542694110470686,0.110176228222816,0.126125973341372,-0.0210259870363576,-0.045258175070141,0.0864932160775276,-0.0277131445035988,-0.181289034441785,0.165848614335085,0.804029958464476,-0.0608428728900284,-0.178978353962874,-0.0189238439038217,0.386483718314326,0.371927433073259,0.007354802315439,-0.0337467784542619,0.130491665742452,-0.221942169341079,0.0180595691270862,0.132044550467795,0.0705757335484625,-0.0898921272354515,-0.130936280574251,0.337589282643414,-0.0842189082679698,0.243228566130152,0.168681094481242,-0.0497116702559298,-0.0503895810404378,-0.0364113583255234,0.0726710926411388,0.094789277843058,-0.347552584212923,-0.0150837908394039,-0.0103577279234553,0.00479898126202542,0.126914997351239,0.08899089797667,-0.181490830657505,0.0950941215885558,-0.00215507936077906,-0.0693633822887243,0.0425127043436106,0.402280808922375,0.0927578164319653,-0.120949134310695,-0.0529424755370994,0.59520380737173,0.0161137941420403,0.119258908220534,0.0834090741988544,-0.25134591750563,0.0518873620794572,-0.134241732481566,-0.172544260298046,0.0422570939604126,0.0518202737481067,-0.150621203586263,0.254382824709887,0.12193252405048,-0.0323875972084932,-0.126127838235761,-0.184241133624585,-0.255660547935373,-0.483404204004038,-0.0337331932427341,0.107151064141254,-0.139440184587902,-0.0396031285457516,-0.00786413040309281,-0.0985788987093983,-1.1557043532472
"75",0.111437793154002,0.0924953864692911,-0.106467874615916,0.00991376272592417,0.0696336249709433,0.0871879563882788,-0.0459336412170257,-0.168538411857755,0.0145940045545713,-0.243336629179204,0.090138558027777,0.0822176621053892,-0.107963547135283,-0.0496100810232746,0.124849841912237,-0.164407312663253,-0.122274856408589,-0.0216739775266395,0.0337777685781291,-0.0743689843326531,0.245267933998126,0.109267346963734,-0.264851443452806,0.203903469385783,-0.0754992446600378,0.0911125557335109,-0.228079578973627,-0.0902364844602498,0.133130667227539,-0.118613201873683,0.161569943436858,0.0595725182728992,0.0349414274604238,0.0499296686510723,0.225704400093568,0.0978039487126133,0.196594728676556,0.0286845324379279,0.0140401904594915,0.0741988673071496,0.0273656940208956,0.0635761877760674,-0.157700934143,-0.189555362296194,-0.0170835863493288,-0.033740900649796,0.000519791783666844,0.0632244159294911,-0.143587530864751,-0.00262566587454143,0.172655560519404,-0.0792343382708478,0.0496137109490531,-0.100662010984089,0.0109380386243747,-0.0471916138329301,0.0288261990123255,-0.110598023667216,0.113288529584812,-0.0419840655931344,-0.443596076258817,-0.013122859433662,-0.156114659919258,0.017624903527809,-0.0796616809879029,0.0236232828782094,-0.446479991236341,0.485394980046101,0.0620815900179064,0.11429294447995,-0.31256532701972,-0.0415959318573993,0.111146453319126,-0.0429506515710464,-0.286306733368095,-0.294386494035158,0.137727253302792,0.0197526225998223,-0.00449507152368246,-0.0440589315907679,0.10416800855283,0.120758117189849,-0.00422403790620909,-0.0774209177745157,-0.437415365814836,-0.116593426828901,0.0365329661365502,0.354462043880481,0.00385973588212557,0.342661664907251,-0.097890035682092,-0.0964144657976408,0.234168375468096,-0.336219767710804,0.097354798682867,-0.119379698082947,0.187733881165781,-0.0520042667019027,0.402558419081757,0.00342573330266258,-0.00911594606803205,-0.023113848242683,0.15240015275252,-0.097990730698039,-0.360130169386239,0.0749880676250763,-0.417483647749117,-0.153433420001675,-0.225040950187447,0.0575244064510904,0.0339006071214393,0.0524450434312176,0.0273753147761159,-0.101201101002345,0.184582629817993,-0.163134090511175,0.0536543698664227,0.133699928293809,0.367663300844947,-0.129601297170453,-0.0202320368615216,-0.565429438558834,0.105094935024713,0.0300537921339924,0.104875909293794,0.0115041148179375,-0.00555711060349523,0.153997799431672,0.138615839073987,0.0673595510932976,-0.22447919025825,-0.0101375016923179,0.070250994189942,0.031884182889336,0.123213187053563,0.0914056609136734,0.0161693168713161,0.0309269092909144,0.00645129155051874,-0.134016217482577,-0.125514802503094,-0.0532756092492003,0.0563926826428385,0.0685614884250468,0.278512628494163,-0.33157894787743,-0.063984675120263,0.000366038730107998,-0.234406579781111,-0.0662887934539104,0.166976154776396,0.0135132271051849,0.234995974698793,0.0694809025031745,-0.0700034745275448,0.218616432205545,-0.375477168898111,0.0248069266572913,0.158954623813367,-0.0323434763937324,0.472059011270396,-0.244233415391489,0.00647721515472751,-0.21475174405556,-0.122446923796818,-0.160505401368255,-0.016913791798007,-0.00414224228612947,0.289701661096924,0.0382679211288889,-0.246442820765668,0.156745144249294,-0.0575992204920916,0.0335272923345608,0.102978464933665,0.0492363529383608,0.0961619478328505,-0.216896771521246,0.0404634165465993,0.0261062056862306,0.130702422413959,0.199518699068241,0.323822292884101,0.370175367388474,0.00715598884702857
"76",-0.0346765991372495,-0.146780700296316,0.164714755844487,0.00196135242659681,0.116506945543977,0.0440770509998237,-0.0967548110885253,-0.0815062729686408,-0.448889007607579,0.0836657168332441,-0.0961159658428141,0.0578147152261673,-0.154693522824056,-0.0441365104792974,-0.0365821324893403,-0.13599712624615,0.0874917767382893,0.19042399204182,0.194119363954915,-0.0944899442173806,-0.00418304941451293,0.0468497350144979,-0.170859069466795,0.0446159080569561,-0.245494409318833,-0.0302349821378646,-0.213879370491095,-0.273052994354638,0.0604067389006545,-0.331114407716706,0.0483329548549537,0.0694914724348334,0.034271731515856,-0.0572754659469591,0.206979597773033,0.0606582586518608,0.33013583214177,0.158816983756917,0.128555209066536,-0.0193357633401949,0.102811468998462,0.0791708636758605,-0.317563775515582,-0.454473878976497,0.0953154580498211,-0.224845004525111,-0.0574339749157139,-0.128547837622821,0.0878584520597675,0.17042954747621,0.0832407729649464,0.0969717998224055,-0.383479143811781,-0.314052994781282,-0.0554596649880343,-0.20402129241512,-0.0422987099492125,0.269984314992851,0.133339363520401,0.226783146007288,-0.085652256447984,-0.200656965995614,-0.185171330223522,0.13150956778736,0.139388997625032,0.0888165235394701,-0.283839118976367,-0.11729476623978,0.196341314623489,-0.113956895911481,0.00553646281150154,0.0204584632893297,0.101033082825416,0.139279428726069,-0.0336268738143982,-0.0110415133042483,0.000645807156297612,-0.0172517581267739,0.0826161653013868,0.115282564837313,-0.0676388687455913,0.165301560458269,-0.198520063205862,0.138317269642225,-0.517688144300403,-0.0298985632340914,0.0929895168242125,0.245068038044346,0.0756115524903953,0.130642146764187,-0.0588858758866377,0.158049037320812,0.12607162542074,-0.432784392985236,-0.241693348075878,0.0768505950769229,-0.234591425723544,0.29046138379026,0.278064353985602,0.0208171469818585,-0.0043252566467946,-0.104806476751592,-0.0558347469898074,0.0249053998680662,0.203672187509952,0.0865386163232038,-0.207958605983165,-0.0982994863116864,0.319062975906729,-0.0425333218548408,0.00316564915038048,-0.00984106529270132,-0.0167510014428446,-0.318231481428654,0.0423212075427111,0.0892207870817905,0.0621897600015611,0.075120168544721,0.0800521336930894,0.109304982446385,-0.0567288922508019,0.151046066251501,-0.0346431695972574,0.0586917941151446,0.145569607513732,-0.0753088712649949,0.369825244637603,0.108360418840382,-0.0173764337927674,-0.0384822390977542,-0.116793842996516,0.0374469516347122,0.0842682391343003,0.0250881017704022,-0.00035464458776577,-0.110787539594006,0.278055321395242,-0.0360938108116937,0.0914726359219611,0.0822685450257671,-0.20728655063334,0.0186560725161094,0.21904298061,0.171818111540325,0.0440215648388404,0.361808197467261,-0.0178472941809619,-0.0232883323691663,-0.364837344142327,-0.166728574714616,0.19050244726431,0.172300836447364,0.297793642681678,-0.194993219254068,0.324479527019381,-0.172251915981295,-0.309705434053454,0.150785234364685,0.171791813009146,0.126835083435132,-0.378083509013846,0.059215738884689,0.120053538546098,0.0245784409927874,-0.00528843423411663,-0.267306788051274,-0.144271040039374,0.0663986676413593,0.0904835649161489,-0.0184466522518104,0.0291243335994558,-0.064434703988982,-0.116220886938191,-0.0791641460565838,0.128265195376216,0.10072076321632,-0.258415261652587,0.294725497380814,0.0392957556598619,-0.154349945361569,-0.123601253612645,-0.100824958786378,-0.126964797731778,0.143057446505249,0.19953334093723
"77",-0.231017598345895,-0.204153958257466,-0.0390638944714079,0.116419362193786,-0.177829656599587,-0.259187766316399,0.429537333227118,0.0796064474606704,-0.146772707451291,-0.17976317068264,-0.361008107989951,-0.236189513463468,0.0589281097429864,0.0649244408262426,-0.00760609850606515,-0.0426091247179547,0.418648962825712,-0.35523713661145,0.20054412857625,0.109200802256796,-0.422047126081066,-0.0111686961021576,0.150937121759812,-0.0661768164965434,0.0682656198149604,-0.0817946140134622,-0.166685262324182,-0.617508778395915,-0.34075729681505,-0.137173053374208,-0.822886820890437,0.0244993067058896,-0.183135576199609,-0.0543377297383407,0.192566801884047,-0.00282742994545269,-1.30395346370096,-0.428387867215511,0.112234512377137,-0.139510111100996,0.0639585384822284,0.0488771969597355,0.0207151792784804,-0.0949767709114053,-0.0376132500111924,-0.163856922422462,-0.252750804954346,-0.20057989632128,0.51470791089049,0.130210043171649,-0.181168043342777,0.350748577520465,0.189183261630585,0.0313214220707098,-0.0789375059400754,-0.590238917713911,-0.317026882611214,-0.0395551933767201,0.588032368236036,-0.0377730047087675,0.840505950151842,0.372661659469918,0.0381699712621269,0.0371377084822883,0.327440607307669,-0.444744030893498,0.400766357690905,-0.0423679822663569,-0.0171363845704702,-0.228421976926138,0.299148716483139,0.215629822941075,-0.135477953247809,-0.248884529137078,0.309733282510772,0.258654216107437,0.195429121602799,-0.0460672776423821,0.164867273620146,0.168218935017921,0.0801903633420156,-0.148180364107987,-0.119588782265876,0.234516610953737,0.665454521715822,0.526349176466683,0.0624784081464287,-0.97652374389051,-0.46077212090721,-0.0917376638458235,0.0785324478252367,0.1056467738664,0.0748472019781412,0.555045243069759,-0.092625138823338,-0.320176367376662,0.795319198636328,0.0610680194802997,-1.84482916123673,-0.402101378694884,-0.331450618915191,0.16828285872838,0.185503439855552,0.126576144075494,-0.396240957060943,0.370512785757207,0.576438523303873,0.171221396755712,0.314005485129113,0.347493775607961,0.0283024894074954,-0.0323949800246103,0.14031658043053,0.0409702397134997,0.0285557763713982,0.391997878616806,0.0282144073657591,-0.334354780537398,0.156646079125821,-0.0619281234874004,-0.384148930507213,0.0653873401768359,-0.162436390758447,0.0940151842465332,-0.412514714162369,0.044844793819131,0.411959401646271,-0.769449094650569,-0.150777533906656,-0.0713178815287515,0.71026294493875,0.0230422217540039,-0.0245679305633433,-0.036869829802221,-0.0223643719553945,-0.195501487563158,-1.20505078476142,-0.101989727277164,-0.0152332177335167,0.680875268940442,0.0662489264625273,0.349502277213569,-0.0239156326888853,-0.0582555691246653,-0.409273139053629,-0.437825593899316,-0.0501937107243966,-0.15333314213597,0.633558990239529,-0.0394506139322233,-0.132099198051332,0.246403844194411,-0.661734461125955,-0.161577307669069,0.384198617532798,0.176783444190784,0.302748385953456,0.283672037027848,0.0969541084652957,0.293632873784529,0.210664319323151,0.174219275230851,-0.150640016482979,0.204190123045641,0.343616060716767,-0.0902727666187622,0.0533735710931348,0.16428965728954,-0.15917888646902,-0.202862528097919,0.123171651644883,0.140521932589587,0.00655012167719904,0.332896018413782,0.132181070678383,0.152562360045135,0.380129419698715,0.305938586479113,-0.0224806921231822,-0.13517283735247,0.665771453793062,0.271018803813644,0.139821731761507,-0.0465749974344287,-0.295589842011705
"78",0.220574367036489,0.174277136564348,-0.0706998254765282,0.340672109081992,0.0643932552392619,0.112829184170251,-0.0122356115166647,0.000518394118951082,-0.0710897256165369,0.0411125297364419,0.104254589517656,0.117285782969642,0.0899358934665178,-0.111456999189735,0.0697199575654062,0.0508886430978999,-0.391822829737208,0.0859031716282074,0.318121734796334,0.0169528013454634,0.238322045744066,-0.0104587999769636,-0.0437269140854909,0.0503147779822448,-0.064669171804745,-0.0505196852837137,-0.141303735633106,-0.102709943116352,0.113637753890424,-0.183213793786997,0.110804091008768,-0.00591550668473156,0.0704649184929097,0.0994363307975625,0.0151398590780623,0.000618658670523582,0.0943930521980739,-0.173595257014868,-0.112716025024233,0.0547058693390281,-0.0850723867450611,-0.134027771248915,-0.126286947667023,-0.206585954233041,-0.157234330755772,0.146840320606814,0.111025454093751,0.20793161976797,-0.376157760256182,-0.0506822629248532,0.368190781207583,-0.196982849359883,0.00979933919735811,-0.273019690584535,0.0865849554053213,0.288392339517205,0.0186552620988284,-0.211346506843153,0.437746091905682,-0.0424756286597935,-0.441578113316152,0.179935404765175,-0.0688348753340175,-0.0283705516079503,-0.32046853004871,0.0543603960128862,-0.333622387152456,-0.0787313494197124,-0.0881619060950132,0.024324704447394,-0.26813489495992,0.0340020794331008,0.0791807318443104,-0.0732274158967525,-0.259910000594498,-0.256606368536515,-0.0227725450446239,0.0486923308613646,-0.237007412294619,-0.0965644993749905,0.0254846514285159,-0.0632378941575248,-0.0307983931935738,-0.155863331418109,-0.272598154309572,-0.113949536683795,-0.0455187841348591,0.209699758613986,0.0833121458991989,-0.167679994085751,0.0663927073338262,0.122263298834852,-0.294766092728946,-0.118797193692017,0.0497620290624804,0.104442549126126,-0.0133081155879797,0.0397175065303614,0.357167515576473,0.209283615256393,0.233013390093262,-0.05737087072938,0.00849872437098347,0.0224661902936874,0.188965000826263,-0.149071836971452,-0.326914267574647,-0.126785454162135,0.131565275273331,-0.083872726153523,0.140993153303078,0.164536594517147,-0.232343638915658,0.0697549403483171,-0.0750318174063772,-0.0825403912767715,0.0745207350208807,0.0970190289745182,0.427689828302915,0.252489794234169,0.188030125852514,-0.465769347924456,0.058469216373548,0.0461664687738825,0.184580879421218,-0.22650618406421,-0.523230730776313,0.0736961965342564,0.203876023818278,0.164317482183086,-0.173187642689831,-0.0225635280094167,0.156433059533086,-0.0481899582954722,-0.103476816421571,0.201473734290192,0.153241850819604,0.100179784547146,0.0164655895154772,-0.195093970799042,0.139685261190534,-0.0722524622350361,0.0768783020773778,0.109568526898785,-0.0281149269477138,0.405017730411207,-0.0119331007865492,0.142820073599079,0.122866317809087,0.222509319583605,0.0691709245242302,0.00957467462322079,0.547228937415089,0.112567915710471,0.0290432558236491,-0.173126307186881,-0.579344346945232,-0.105506482684536,0.0303348571854629,-0.0370002378981925,-0.0175738745013342,-0.200111305559523,0.0108911036602192,-0.14531334043042,0.134018326647516,-0.18664512321722,-0.0467715386201818,-0.0925606449673542,0.0332121595429812,0.0971986392099143,-0.0196214677278154,-0.0362872266639417,-0.0971829468051576,0.173688565596845,0.14895407874304,0.0114197028654252,-0.42024069217306,0.189506469158614,0.038467669512963,0.193338073290037,0.00908748159431466,0.0770467551897922,-0.00441872805871052,-0.202501160977722,0.113966664003134
"79",0.0659589711375419,0.140000745903546,-0.104077110770696,0.0229233557850867,0.301216896537889,0.0663808563435081,-0.0935028634012796,-0.0609474600639015,-0.23487866909094,0.219242868766797,0.00497263005608434,0.0351056136098226,0.148915123183126,-0.0740468000945571,-0.014678108217429,-0.106776396333084,-0.279236496800632,-0.142961354181353,0.00671725100685226,-0.0183094027070451,0.0797025686463905,-0.0577129863550826,-0.0156104178173545,0.0382518653643674,-0.0904657698344469,0.0361920869881012,0.150052509529344,0.208989208025651,0.0949622132682192,0.0586662812791777,0.146082367011072,-0.0132972998590837,0.0413865096193934,0.0740046380767427,-0.0654483304415426,0.191941272798989,0.277052430441505,-0.0206021244494303,0.0554379480855611,-0.0057656395635548,-0.0819351584457556,-0.0287849975817223,0.238396483126773,0.181820554740989,0.0352633162553703,0.00747921394586808,0.164802205872223,0.0858186852042077,0.0377787598543341,-0.0267686624760451,-0.158152850282988,-0.0402428170826638,-0.152924850239051,-0.0520795200958024,0.0901414473844393,0.179598515602967,0.234513800861087,-0.132403745730456,-0.141515310359208,-0.0912472845813642,0.197790537028608,-0.0572813430064145,-0.0166841306949374,-0.0370806548038992,-0.20173616038783,-0.0503892667008653,-0.0417828039572162,0.0770114412633641,-0.0112339616333273,0.0107601593667288,-0.172772121470558,0.0959519105914469,-0.00687556848196618,-0.301038211919068,-0.245571446818752,-0.222541299251047,0.157509555685017,0.0120389470077166,-0.14845750172016,-0.197780969053966,0.0550840783603491,0.0337942934990261,-0.0423116724666231,-0.200045909471743,-0.000819641255257443,-0.113864376471462,0.055750206838179,0.0915257965373941,-0.0480161642039198,-0.130623564434652,0.0624216612488815,-0.184400161841943,-0.0618496319305605,0.00230172835243911,-0.0794181684107539,0.264965326581899,0.328953254214954,-0.31633391905298,0.105962661552271,0.197500943554974,0.187956410750793,-0.173241970673167,-0.0621029220972865,-0.0776635563500303,-0.248861733133027,0.031938111133816,-0.227693348127042,-0.12816578283303,-0.0229842070486087,-0.133575013882007,0.0868682229805651,0.0972332151444634,0.0436493404617378,-0.0317003943474966,0.0591826171200133,-0.183032397301023,0.0766485761983779,0.0618208221310189,-0.0911685946502879,0.0255328286168072,0.0919783534305937,0.904499331438055,-0.0283595067698568,-0.125863545689455,-0.016668050752304,-0.105811446310386,-0.354463845991449,0.0828792976521261,0.0214511951166411,0.0351926120446116,0.0357768030795753,0.0224462593247319,0.00772608744622588,-0.0793338660523354,-0.0332325109682689,0.141269598367521,-0.0349799966294039,0.0606188868601265,0.0705899568252759,-0.146785165340251,0.0662165333321113,-0.0741656761819884,0.10676465423785,0.00748280450121508,-0.383461047391169,0.0569693384716508,0.115727630481775,0.0860762710834402,0.0875135034221535,0.115726061410644,0.0780467380777162,-0.256846602729167,0.0163295392431845,-0.0016165120476954,0.307670462773138,-0.0347575109753757,-0.092853842752248,-0.178710718502303,-0.0369463490534939,-0.0959845130629,0.355223556402032,0.28450855681884,-0.0405357644916529,-0.182836934632261,-0.206458934952337,-0.0714284433576144,0.07536325139822,-0.222449071888355,0.249200829665961,0.057345393513463,-0.0814122620217947,-0.0129236257811716,-0.077294864626287,-0.0185632526535039,-0.0273363115125952,0.0604735188392972,-0.00181022136954004,-0.0795563486249066,-0.00184776246978075,0.0506588063478079,-0.219304859253764,-0.115731587717276,0.151395055986709,-0.115772693838766,0.186531915004552
"80",0.0398372173899785,0.0816186484052236,-0.0235340508738794,-0.0720113333882387,-0.534060172622404,-0.0742656562507382,-0.238259994443962,-0.0323372905814511,0.0238147404309543,0.1137501217794,0.130941147821499,-0.0977969425356933,-0.219081326755436,0.154041622384711,-0.127887364577301,-0.307198002753069,0.49302331544521,0.247691135765275,-0.325231170854856,-0.207723924631274,0.0720589341179623,0.0178108128680796,-0.171213553964557,-0.0399331798063687,0.158533780132934,-0.117327732170445,0.321104961368653,0.45340037469156,-0.0678966830035529,0.217502378998556,-0.0242793514178073,0.0375242915310703,-0.0156212069764892,-0.0315480597791688,0.00317420186758805,-0.020065736621039,0.0459452069917475,0.280335853812904,-0.0574120525062028,0.0184484413715986,-0.0937460170363281,-0.0164389170560039,0.303846167312972,0.13596002117061,-0.100838645403796,0.0535238932681181,0.164900345622966,0.0914928206048113,0.325254032376477,-0.134199508948814,0.0984782277949221,0.131923795217213,0.00291699952186188,0.152824276069632,-0.0190541451628934,-0.0486070596893312,0.0646251095939692,0.178591135079066,-0.225768004126587,0.201838078971545,0.0675570550569287,-0.0333369030662014,-0.144714133603367,-0.124452233229361,0.362009756169512,0.129032411967613,0.596981506978505,-0.0624084607291756,-0.369072017715958,-0.0687994476326899,0.37243802976811,-0.168703089199517,-0.0785392537414417,0.276121070876367,0.343421815265357,0.351121860347127,-0.00219436129552572,-0.01804546825474,0.0577238226107066,0.0595014277483511,-0.0621135799976781,-0.0764555367684871,-0.00552629178002365,0.0940503086533607,0.227163887216101,0.047774481609905,0.16930802671459,0.0793172823210108,0.156874831531171,-0.0482777216726574,0.0669020920956516,-0.298692670380624,0.0272076636370982,0.307794100040086,-0.0610971284690577,0.132280402833597,-0.023188956967438,-0.215597076430938,0.165217952218641,0.066066760936651,0.159465253469865,-0.147100143161972,-0.267039342941025,0.143527482451675,-0.57955773040267,-0.0851957930202142,-0.0473332789011298,-0.13831544744749,-0.491882639829436,-0.210275139920714,0.0270747743540649,0.0927048900350432,-0.0264872874294527,0.197020867088605,-0.220270043955345,-0.214273656590426,-0.0990396231681654,-0.0612288757016232,-0.457163397209277,-0.100753629334372,0.191488201370463,0.489420137097912,0.173133206114782,-0.10313531531374,0.00421994441707941,0.0475130112158756,0.229733899507404,-0.0921809925775133,-0.148527575767607,-0.0186486781940158,-0.20431238136056,-0.0343029736433028,0.0624457228972869,0.018075617478191,-0.035519098324223,0.0857091398976926,0.434604762594491,-0.00929807438867217,0.21319981522453,0.169089831088049,0.00499153197714731,-0.149778561728167,0.155646234055461,0.15008346821982,-0.194264776190222,-0.301968133333358,-0.0838769700813817,0.0297065591257285,0.091316481428902,0.163081448845161,0.0152548183150617,0.0919571824764565,0.182708969249028,-0.0305235627812186,-0.166809086726912,0.170246521038982,0.409546729593998,-0.141616894553529,-0.0497309301734879,-0.0930772199539799,-0.953691091823656,0.0432937100833707,0.19281278728915,0.218658662478675,-0.125434388282828,0.236418232267339,-0.0246595325241966,-0.139244020657351,0.474423578742115,0.0103355539719704,-0.272771596325269,-0.401418973831536,-0.00170281527637216,-0.118240176248762,-0.0236468297999403,0.0577389023675826,0.233241546486741,-0.659845376113646,-0.122616901799266,0.0925165262777482,-0.228211977161288,-0.253994868345624,-0.0683987852775168,-0.0234764942328744,-1.00961214029111
"81",-0.0853139234045426,-0.223839151745198,0.00758423879026781,-0.237219636463677,0.0288743074660785,-0.147333654893395,-0.0500678606818122,-0.11680853892682,0.0169270489252258,0.0570238198274594,-0.0226013436880387,-0.144305838784088,-0.213258758352765,0.668908809330997,-0.134032480362023,-0.195740576600541,0.640392151229039,0.0667068455973623,-0.261334738999596,-0.0835984827543604,-0.218540304033014,-0.0216045662714767,-0.119272649545318,-0.157525076260904,0.0556783749377642,-0.166332600477712,-0.142183593636515,-0.102230598582119,-0.0796898275717334,0.460249353225139,0.0158380143201936,-0.0446416585114049,-0.122805419152263,0.0924517974066852,0.0253457979948276,-0.400811990437411,0.0511203712041942,0.149033783394528,0.0301873088309045,-0.102260321178107,-0.0731487793772227,0.00880360341852238,0.181716289576257,0.282962775162832,-0.0344225936508866,-0.0629528234493709,-0.0967942274430755,-0.203041479288554,0.0299186290811696,-0.107605480138718,-0.330493132218991,-0.0182960275945973,0.0376094606268911,0.340773943754608,-0.142412848407139,-0.204627273684291,-0.0585982044154543,0.486921326173206,-0.0888950576974792,0.171889580089922,0.177378061751761,-0.152207280632887,-0.0179373984459809,-0.0322053305264758,0.473661188130056,0.0794106412953312,0.479994334077142,0.27675212437718,-0.651247188277356,-0.0552269643816044,0.376692245977851,-0.269291537395363,-0.128063191642658,0.666691159603745,0.37932419551557,0.365605443235746,-0.138619094061991,-0.173291992484077,0.0461797986510604,0.148408428287236,-0.110377580112516,-0.181478354391957,0.165049336198294,0.13483595484032,0.471430948583034,-0.135335577771889,-0.0367802620935986,0.0224717837696513,0.0974418680259718,-0.287137246046084,0.0662907813341069,-0.119665259665622,0.563993878705404,0.424635145825085,-0.0147608728960552,-0.185190765960083,-0.491067745994557,-0.0495918446583622,0.154859772264893,-0.106212611373803,-0.151995258065063,-0.0885779374248751,-0.163639235153521,0.254126600696942,0.220096287223382,0.148814164902368,0.17910875268117,-0.0107882421806794,-0.016229094527732,-0.0777323723129938,-0.23519264252941,-0.187877880936029,0.283572182559122,0.0843308686172504,-0.233112160119525,-0.114007797748578,-0.0520588685554776,-0.199577864612049,-0.0211352320393581,-0.254365353163538,-0.103277293774526,0.224569698794926,0.0451892246500495,-0.0645050518149171,0.0425242028830331,0.0624514388703649,0.801665245402724,0.0440820632242238,-0.0280638891466759,-0.0432530502662687,-0.124846846873078,-0.0514294133893309,-0.124345230410496,0.155024886129215,-0.0500681130484047,-0.230407232796133,0.42944112059197,-0.225080326024992,0.0802641694576516,0.49660432655612,-0.258602550024018,-0.0800092402659907,-0.06906764943364,-0.0118295616244264,0.0910231273199635,-0.239359704763747,-0.148508442492647,-0.178373044599775,0.0564622402733986,-0.0320432940809534,-0.0845970003420236,0.11067671203541,-0.332196956261066,-0.106224475133213,-0.170001375829813,0.0404370982985214,0.497892479178832,0.0818835963504689,-0.207060524323057,-0.0257903333328144,-0.335616946541807,0.181352974837717,-0.0124054893092117,0.232021117271094,-0.0458182646449942,0.506874085269971,-0.0348238213968565,-0.073509254084315,0.551206443530492,-0.0806048903505375,0.023971950118249,-0.313458058573181,0.211447559013201,-0.206284241189253,-0.20694447002849,0.0204802005476371,-0.0793139495569003,-0.0483795642316965,-0.116722924064045,-0.107703436566589,-0.135376554677248,-0.20171858014273,-0.306211345897906,-0.292688354311213,0.107520764382427
"82",-0.0570951279971573,-0.0778697677776212,0.08663360986379,-0.217571023246,0.100576192749132,-0.0124552799886445,-0.0785535946001137,-0.194860167546072,-0.213893334567908,0.149679548297879,0.144065113306945,0.0168078344565188,-0.0880066220999404,0.200906306476683,-0.0633933706387453,0.0456818981616774,0.134477543554263,0.33371077105816,-0.125810350211977,-0.0246996885560759,0.0257953293999308,-0.00470340046568533,0.0145900848644453,0.0223358501057209,0.111292365030117,-0.0226468849943508,0.0711305056304483,0.101036354079823,-0.017350577094008,-0.366257791186326,0.0924760111865137,-0.0774950855752067,-0.0461779126050777,0.0767934201766678,-0.0304912536545292,0.13237388217948,0.0334254473539742,0.316415971358122,-0.0033738507165902,-0.086006890027218,-0.170833027737502,0.27541875381931,0.211354424202699,-0.468506173841565,0.0787636885710103,-0.187225306959702,0.0513235507904176,-0.131884565807104,-0.177025199272643,-0.0231243579503489,-0.243643341980634,-0.273872382552763,-0.269388835126316,-0.0973331844442594,-0.0403913200341544,0.344237363092997,0.121770321921032,-0.398960804205664,-0.119633338150811,0.0007166474126005,0.318736637667069,-0.105655148590288,-0.114363394984523,0.288817378668183,0.0141200524616872,0.18234670906439,0.158371503697972,0.0873625406890242,-0.105334123913988,-0.0745230043557562,-0.00993689953005335,-0.0622289218844033,-0.167156935573228,0.0803465688324975,-0.0315044885915547,-0.0309984493384817,0.0720882217506864,-0.195952135919311,0.0746822259303061,0.00411781258651299,0.0771014319310624,0.280836052916293,-0.207331263131628,0.0294397405820745,-0.0374015601655961,-0.0148127791341721,-0.00705198829594426,-0.00120603676454236,0.162289063448855,-0.112815120995753,0.0155127310437915,-0.0529603296291713,0.158566804326108,-0.00482254564807946,-0.0258810701575986,0.191662306601553,0.0405846414468468,0.0546544447787391,0.145686062318881,0.148143172000233,0.130523458320967,0.0193640478368474,-0.0702453888806631,0.119195933684757,-0.118459804223213,0.107155059112303,0.155891290689953,-0.195712253143144,-0.106321835119717,-0.0602065021957744,-0.0483497637343389,-0.0506652308871922,0.241182648660731,0.0523456173333739,-0.118472172629339,-0.117193466259222,0.0696638338821438,-0.0172866668648217,-0.168280381231389,-0.00261464649944885,0.0671500960506403,0.780082694848565,-0.115403443993585,-0.0699007795265513,0.0265976919082206,0.209777792195975,0.130564548502922,-0.00421259350088282,-0.0792750276223196,-0.0319376286501592,0.0369647778576074,0.0343119430798811,-0.150188026765052,-0.0400907967871272,-0.0673770307969812,-0.132837986762721,-0.0993516352137157,-0.0113597909431329,0.0533422324378876,0.278580511883748,-0.17382031328932,-0.112693916849193,0.202051468628691,-0.0283389158928871,-0.212100098975301,0.290443928339523,0.0495882097495353,0.0398532473007941,0.256256620302413,-0.0333501085950208,-0.0644333607506523,-0.114937024943054,-0.313834779320003,-0.0894305446843427,0.228862593164102,-0.12750649056212,0.246521604668842,0.0260213618152531,0.027812897969157,-0.0605654734745103,-0.280462796136824,-0.059401805044157,0.00956562489110343,-0.0404457673427408,0.10362381888867,-0.538614770447381,0.0858119073053362,-0.0341072212225131,0.437413964817734,-0.0159463130559866,-0.0288700186365501,-0.295906893945336,-0.059494980291008,0.0966918188746245,-0.0298029983053959,-0.0447625332717772,0.28467940158742,-0.102547497899376,-0.065682015307664,-0.0531450512425245,-0.0514033820216675,-0.165559153527917,-0.00904232092456697,-0.0892695075285713,0.166541375502873
"83",0.135996772965252,0.476065285290101,-0.122086988841709,0.12582294120403,0.0152755271255678,0.0223202088142523,-0.326868534593956,0.295972236688706,0.252483149933036,0.169776159587976,0.484986945927719,-0.00905362761784673,0.365063103129273,-0.248076782349879,-0.0811988585767284,0.419702069773228,-0.524372440867355,-0.288971309001127,0.0489980885536206,-0.161760960763686,-0.155753177500178,-0.0409483392053392,0.261364987810713,-0.0512829785974376,0.205248171846315,0.39392040310364,0.205528336428256,0.182206980612961,0.0602571903762904,0.244761381197907,0.149544699305293,-0.0372365651802207,0.077476549363862,-0.00674221581476455,-1.59318073283681,0.138353205406733,0.126562409456567,0.00471071741410216,-0.0127470022301873,0.102180417580423,-0.0188469628240735,-0.142858340902855,0.169817472967474,0.148780016569634,-0.207801330062118,0.445572082192338,0.225725274165279,0.470340107139998,0.146482722661209,-0.0426530869198952,0.295627005159788,0.0186439175668582,0.197331675584299,-0.143859229072287,0.120141007752643,1.52979295677312,-0.0152392345225843,-0.0846394941711757,-0.339393557426956,0.0530060261014424,-0.313312610431086,-0.0279005970242764,0.182060012710044,-0.195638354275148,-0.29415888054428,-0.163145153500945,-0.589291691762363,-0.432408358305503,0.184331745462294,0.0967109262955158,-0.561539001569045,-0.0940941547968125,0.366737560830161,-0.18633993997754,-0.472190079807581,-0.482638483953007,-0.11910192022599,0.216362661426367,-0.132592753271593,-0.178146503406432,-0.0899451110028828,-0.219717570658015,0.21146015867432,-0.215043763086448,-0.275447979212014,-0.0787257584026458,-0.0380576889435834,0.218460296942997,-0.0613972673617757,0.0375296547283325,-0.0218702429607953,0.049456558043368,-0.624380838989172,-0.335072997196232,0.329400213226202,0.108264574074778,0.207019493044263,-0.145979675529771,0.294669763380357,0.288928483641306,0.324860729779359,-0.0518805137645645,0.0958335402728749,0.103506279856522,0.109952370790323,-0.000384427577013034,-0.0902723610251966,0.0841726114115775,0.0811225749561663,-0.0334089650551601,0.142608357241445,0.202366925644788,-0.252289021480542,0.38287639592337,-0.0037364461030895,-0.843358188586387,0.100171416784021,0.110922902427492,-0.0883578094429639,-0.0936802372095954,0.212231147299623,0.0451745678266854,0.0353977652196932,-0.0949780162882079,-0.0898842620308447,-0.513409310928724,-0.437319303435821,0.214836834267384,0.078897016384904,0.175099517591941,0.160710184032363,-0.0593177108897788,-0.0229955573065946,-0.0276746060097959,0.0890857877199763,0.482032611962582,0.311873617837494,0.272090354948313,-0.147965885014791,-1.06440761877263,0.570167341880694,-0.0507398360135849,0.137797325106053,-0.0421686896148766,-0.184847022216104,-0.0236798384016045,0.0917529544950198,-0.0979901419300587,-0.286689573165906,0.105833224651865,0.043567295851263,-1.25022090033512,0.408491081851932,0.14598903073323,0.353288708029392,0.0334270728513056,-0.36867351467929,-0.585842263083534,0.332981223986824,-0.499925136552161,0.269814194217398,-0.155084105981065,-0.0672104570740516,-0.131755506153199,0.143351852414707,0.230021489532985,0.351533792917504,-0.387111090482354,-0.335110140884342,0.163960117546009,0.0908893829030411,0.0566458007332706,0.0287324121889316,0.0121260912837872,0.439346060298286,-0.160935450783228,-0.0516096239013473,-0.0408384008152386,0.0586730054298817,0.188906918478145,-0.116760299774469,0.0624476776704969,0.277015699075021,-0.0120106446169445,-0.221581566861826
"84",0.0530244635114538,-0.129043580055676,0.0298318033346371,0.164450255311796,0.368555735831827,-0.00960402667891601,-0.0562811624073998,0.0984670066075029,-0.194583688391013,-0.134616406224394,0.17749680915506,-0.00213591152287363,-0.103061968236128,0.122789657812424,0.0829355825234294,0.0619374261420665,0.249156553893272,0.174052716157817,-0.149068448183189,0.205869777670048,0.0696833626438304,-0.00682920829978627,0.130176479289661,0.10311411323371,0.176037088350224,0.0601190233750082,0.0944310622111814,0.0839725643340619,-0.119707770966635,-0.350738833944631,0.132729724451806,0.00251486568419624,-0.0399009954327561,-0.567705784074914,0.183055577511348,0.00751965539542931,0.0746821879846776,-0.112123804985627,-0.18328448501122,-0.0246690038774684,0.212285113344186,0.0722737021442245,0.256351885210244,-0.426439661302639,-0.0989011335779934,-0.0351370074431515,0.00191679034014808,-0.160741993289303,-0.22794600859288,-0.0226266211580697,-0.0950117182693249,-0.26213212545459,-0.114278510285727,0.220567726465235,-0.070100629541864,-0.068717848004539,-0.0867387766300976,-0.20176842648764,-0.172660597799108,-0.0554423888542753,-0.1850441110012,0.102082935463812,0.0223770127297503,0.0616444748562536,0.1416281438969,0.255359066491571,0.209778244782852,0.364517790007064,0.024244554973637,-0.020729361527122,0.220513415181162,-0.202855900715297,-0.461002095384592,-0.1203904564895,0.215905949772593,0.219978360261996,0.0442146833518051,0.153440646935138,-0.0142428219505737,0.0463937680540084,0.076323461563058,-0.215709282785998,-0.0460385047532517,0.0659963483990245,0.216053954605714,-0.167211890561462,-0.0700378560449829,-0.0412329886873222,0.219859932166466,-0.0133658412977474,-0.17933005953794,0.115697807354647,-0.0835138949240105,0.221493615799492,-0.103669980106703,0.0743080025957976,-0.132451604737826,0.0736163415453631,-0.022289215733303,-0.350731406829591,-0.364445981830169,0.102871505511235,0.0877730631718797,0.0475911332299499,0.320631306521402,-0.0296635683136354,0.173884870614373,-0.0368544729669647,-0.403311153817916,0.0581409533531909,-0.193896612715471,-0.0629764760903145,0.307920254777476,-0.157858602179196,-0.0561678746019829,0.314326661645897,0.0660827131742097,-0.0774919359819436,0.130668690697702,0.0342869525188782,0.243363072273885,-0.108308355457564,-0.167048925714495,0.0527608046551946,0.120210980773184,0.474606145947058,0.00838770282716617,0.0483793853652265,-0.020605805503659,0.15348020233009,-0.0898555854822483,-0.00540186782675172,-0.20637811571037,-0.0565185649356811,-0.0469829803494125,-0.16696290113897,-0.120378939793728,-0.0289141017821066,-0.325730979116659,0.161437470825058,-0.130137798536088,0.084648505009917,-0.237918280417124,-0.0566392460096355,0.00487451109356787,0.00848416428224157,0.0909018943341525,0.184936660491702,-0.3961517687488,-0.0829910904616992,-0.146988058434345,0.131589470008491,-0.305147198153834,-0.124424646470865,-0.180488400383911,0.134843758619316,0.307738734243883,0.128076779040765,0.213181560835256,0.0993871901250309,-0.210217373764143,-0.0927654758454595,0.0799076124867325,-0.0670800485850397,0.0445154587324689,-0.320199350917151,0.00881811215699977,0.4178857658887,-0.0289688868872926,-0.0586723166695565,0.223655008546717,0.08927009748962,-0.0764844598008505,-0.230184107520851,0.186587696693009,-0.0340602642533859,-0.280660119788111,-0.343832617850644,0.0386970427988352,-0.0292763404230528,0.10981636121206,0.0352431218667376,-0.013200311663122,-0.00605831773921282,0.544855481807804
"85",0.0611118053326656,0.319884206335396,-0.291978567342909,-0.157989526228088,0.0407335589855718,0.0342983993388076,-0.143777637787354,-0.00775991028855524,0.375970860027678,0.0336069790047961,0.416844757520577,-0.0142388054613891,0.302035873402527,-0.0710382469005735,-0.126132735199665,0.246488584332449,-0.27023087329713,-0.144782004369362,0.0883437701122503,0.0737813930597343,0.0483776880343055,0.0227264602715868,0.17846670272072,0.139952015263785,-0.0966710443343276,-0.0738578591106293,0.0414324709506058,0.127959360821062,0.0235789825856593,0.117257049448227,-0.0140812589766227,0.0121456113825993,0.0318902607408117,0.346955389635919,-0.0338429966172562,-0.0357330933277857,0.166668387704261,0.279829464149688,-0.087478789603225,0.126036287231723,0.0349387446078018,0.0520036300427975,0.0953998896722085,0.0583639879638994,0.0548961685952396,0.200819175489946,-0.0130845768441625,0.295027187839243,-0.625227936470339,-0.0535570126969836,0.239437587422706,-0.134381585382116,0.317523798593412,-0.0433777479453608,0.0746416276443722,0.384189130944254,-0.000137296263434321,-0.0391585529172596,0.0965143538169184,-0.170365938354816,-0.457752448756717,-0.064830116449151,0.10967040277403,-0.10795555205271,0.0752812316424079,-0.142758467336657,-0.441848036428415,0.295687376022345,0.204658765132775,0.226356540891634,-0.522527880200482,0.0484082699705105,0.207689583482491,-0.142394207866406,-0.510792109094572,-0.496198617400561,-0.0569629955912933,-0.0386895577089843,-0.0369514697492557,-0.175976923682565,-0.00485991062457407,0.218522964045232,0.22666801120745,-0.193983884636624,-0.229819620255753,-0.144231158377594,-0.00850787133369011,0.232526643877368,-0.172179386877224,0.338105923509409,0.0562842361940685,-0.0735867750401044,-0.103240464262106,-0.243722893454994,0.136026858841772,-0.0233349774397403,0.387338906179855,-0.0820383474022131,0.329991142611664,0.265310703608829,0.248975008180525,0.00452386904315915,0.254427833895681,0.0461864042606157,-0.353224345153993,-0.154336318053106,-0.350299347383568,-0.0614774866906203,-0.164056271616649,0.149480247147057,0.0643722232047866,0.0196033549205243,0.0472464607343369,0.427555388444949,0.0965375981912627,-0.248679458591246,0.0356114985388113,0.0289526005960017,0.072138119221575,-0.114881984216906,-0.177446450876636,-0.328226484776613,0.0326258955984148,-0.0390139267699949,-0.0764692987796114,-0.146885619479918,-0.00746595447856532,0.0700890588677984,0.18477498860385,-0.00657237284271948,-0.0573076566466211,0.0591322997394355,-0.0458456492141995,0.0863884581276991,-0.114279664861732,0.273496080509987,-0.332857090484233,0.18164731565484,-0.126298755338792,-0.977796365386581,0.376843057156335,0.0203972811675917,-0.0370122834771495,0.00887067755828719,-0.159598262315489,-0.175711371695519,-0.0912527424893894,-0.0327587774981636,-0.322337422379343,0.144987174699564,0.0851255643793558,-0.168783641151898,0.173155529685782,0.272027595877181,-0.0657981987464358,0.0613572565462915,-0.420906873210655,-0.340839432633933,0.224545843322586,-0.297816512937359,0.357746971281012,-0.0845345849045281,0.026538328914948,-0.127332730645875,-0.0119098782240001,0.115785708952428,0.0110101485385793,-0.32788013442754,-0.158046209916189,0.0959326523370331,-0.166138798906656,0.0968454069028201,-0.026801299317221,-0.0105399603488331,0.130861797859887,-0.190263413046438,-0.125072076541349,-0.176475670798994,-0.0140776200398401,0.0952771536607794,-0.0759284803030892,0.308341784032147,0.436210786869106,0.322500221628978,-0.0515202605301221
"86",-0.195057873691809,-0.158417773014496,0.132796430558874,0.161262904309003,0.100656445573809,0.0530439016681493,-0.153711916248098,-0.103940437247562,-0.373557413967099,0.223525627635753,-0.128543211650776,0.0921644181573921,-0.246890670707506,0.10977847735142,0.187454304621236,-0.116781251885625,0.58611796765861,0.272851454268608,0.202189836915426,-0.106825570366472,-0.0686762508500497,0.0128187040387822,-0.308959785726256,0.00260936346957398,0.159733236933911,-0.10148217206097,0.0121673319904409,-0.00379505913823089,-0.0367131076440316,-0.354060702466655,0.185908925857665,-0.0178843094675473,0.0440878114997735,-0.0858521123106011,0.278538762498983,-0.278673563725617,0.186625929371372,0.241652173552426,0.15414747540683,-0.10740562080898,-0.15588840706599,0.173014024102815,-0.230130820116281,-0.367701667745969,0.0138878407852305,-0.237418548156818,-0.124415855295014,-0.140535144487345,0.891640190943934,-0.058433583668309,0.406372002712901,0.522103971846219,-0.272185000563001,-0.177380786867716,-0.134447386939893,-0.255343591665468,0.125343362917128,-0.18070722181144,-0.119463511323523,0.282057502354646,0.101468388452904,-0.0453384114798419,-0.177051936143487,-0.00469470563316905,0.525162098349955,0.212006778999909,-0.195129906050061,-0.0887875764629844,-0.477336575700463,-0.0838956129533069,0.320050395482945,-0.203801820736567,-0.0202344454534263,0.341834530169153,0.285241018446898,0.266767067241934,0.0636771719217919,0.0142218965494198,0.110159070953303,0.129414068395531,-0.0480128360292826,0.11405840346376,-0.287770353251135,0.133425422580287,-0.0350880168040617,-0.0924025479941218,-0.0142629555432956,0.211851963631033,0.134098206647303,0.125814689786223,-0.0455906976165636,0.00307455411151323,0.0753987854471469,0.0232928639597188,-0.233877910833391,-0.127634404736684,-0.356335647245278,0.0242651890991961,0.361332007917277,-0.0437995941209894,-0.0459075273390621,-0.135533411894882,-0.16699234637757,-0.0670958500079053,-0.0451241418904035,-0.159564167396954,-0.124466688608137,-0.145075072608992,-0.127311562922721,-0.188418543040459,-0.0453379162363435,0.0161969134723902,0.0456147315596463,-0.0665651166974841,-0.210036949044029,-0.0231514409650758,-0.0284685331256072,0.132649207029619,-0.192518077776156,0.248799880786542,-0.0907533770352388,-0.10912411901654,-0.123601639570398,0.123551370017389,-0.0268390681281567,0.000794845044325265,-0.15754950266553,0.167862605906672,0.191022374313372,-0.110504426762648,-0.147415778045171,0.0749929799642398,-0.144036286657815,-0.0362054301118817,0.0258868936244867,-0.120451554404258,0.337103184751496,-0.0371431255309217,0.0589355970966668,0.443332287243353,-0.110090979171124,-0.0954392130228663,-0.132209533186472,0.0243342160670961,0.103624400043571,0.0776242259327076,-0.0163434564521949,0.65570167042027,0.117839184951092,-0.0805185288879397,0.0386314753978568,0.321279118769748,0.304178967985114,-0.164800029748106,0.0225033369157736,0.06842194264783,0.0857630201810808,0.0042516664596385,-0.0604922957562096,0.106778029977397,-1.25599514678748,0.160849246087686,0.0229459912341477,-0.116988688534706,-0.0027119366715987,-0.417836823849796,-0.0884634566760371,0.113201837541279,0.263756579841957,-0.083935667350617,0.101361142685197,-0.298601563753091,0.197768232328648,-0.199586387840787,-0.0712651265590841,0.276245923734147,0.0844813815525667,-0.0982111214135451,0.00416583164735934,-0.123627532905518,-0.0626134526375764,-0.253230260904162,-0.072606167642245,0.13616558969038,0.113304473573832
"87",0.0592707877409855,-0.0149383431876045,0.108487185036007,-0.0118441958740337,0.113289767614919,0.0113333072329028,-0.103488605449659,-0.174273785294119,-0.33926893624925,0.0956808017608758,0.0265508090728582,0.0606361737481976,-0.0489171538220685,-0.0741077033210251,0.0496374660715858,-0.047477048563419,0.0391966488971773,-0.401977830293899,0.324097633138706,-0.0698314627636221,0.168999866047083,0.101229289781419,-0.0531055864934376,0.189700836658755,0.108813845387274,-0.0175961378476052,-0.226271245780844,-0.228739337692479,-0.0395277009207217,-0.507364238064399,0.15071543594507,0.108061955010168,0.00623520412004833,0.177056624688252,0.182019310458443,0.127841345871731,0.210244900258251,-0.325427239432495,0.152167662506234,-0.00141468797253452,0.0108805237166992,0.219323131789667,-0.245212473640991,-0.379148322256015,-0.026937066200697,-0.21876659176186,-0.0240823235970835,-0.072925487750906,-0.0128576978203005,0.00248099500459893,0.349552864593924,0.0580584677456363,-0.155770008177045,-0.265159975739889,-0.113763741659816,0.0792967635952685,0.0841599895157081,-0.321970657993664,-0.0287983711980528,0.0789696932656471,0.0653637783395338,0.0326679404329854,-0.0485660099553741,0.171965562963333,-0.00712337134883271,0.102223201016453,-0.231546347798128,0.40983253396235,-0.0309506589093442,0.0518872743847282,-0.0172950059332089,-0.0707547870133757,0.0831681748262612,-0.281958733953616,-0.067909544537179,-0.0775937010589005,0.154729576717529,0.0873507182822999,0.0307177954237943,0.0436342339018413,0.00485866196010283,0.256816572787211,-0.0992839591055506,0.0635536825769221,-0.378376820499599,-0.10517084643273,0.016334381422701,0.311617846385338,0.110426099342906,0.345071517617042,-0.140582774457832,0.0338393886854685,0.330479298133391,-0.283852414726562,-0.0824821333324745,0.0711748779719976,0.0830133149180391,0.0691906177577399,0.43411972671157,0.126816170226678,0.100642821673808,-0.0878551718369894,0.118304198001445,-0.0328200636067655,-0.0725142552767625,0.223718363862166,0.0337228930165689,-0.0989334344297481,-0.124043225121489,0.144025545576698,-0.0657006439079209,0.0486304494501912,-0.0332053957112711,-0.148609404476019,0.00265109962336423,-0.260947669597267,0.0613115346404838,0.0285127926206771,0.0232362607803677,-0.0394530343646265,-0.228555156397611,-0.847768794369397,-0.131946442728146,0.0473844564113351,0.192369530116352,0.0340458920682203,-0.00307943015532413,0.130949838331773,0.24347703630916,0.0795653987734925,-0.199716992613752,0.0773174464704497,0.0402709733348631,0.0271127545328441,-0.0779515466104155,-0.0445562927202231,-0.100746666194017,0.0310238782263582,-0.136250456844901,0.0834395959665644,-0.0467943713484139,-0.0805463661930357,0.155969215461307,0.105200986274855,0.220903357191863,-0.0739882056295405,-0.0550397340941271,-0.00593973123121544,0.0261289611299766,0.028256160752129,0.174727680961926,0.146246753162602,-0.235836122343139,0.0227231049563233,-0.0176359744309337,0.14493144287392,-0.105594398982376,0.153553639664123,-0.0469180709868591,-0.0119546786911717,-0.681887695588218,-0.146988249017772,0.0865388868127602,-0.138837443586993,0.125010879306024,-0.490130831491189,-0.0348196834171869,0.136308763534445,-0.178188287603156,0.0249738684893542,-0.0723558955939017,0.0945799887417014,-0.224742631342061,0.0789185159006543,-0.0591329931654128,0.0987318487816485,0.31024583046276,0.014496264329341,0.0259992532595439,-0.0407981880647266,0.112672889958312,0.194783676156939,0.235109285563897,0.440989826735009,0.0826386223754095
"88",0.058173837735099,-0.049502614247496,-0.0849006217174708,0.3622388882043,-0.163928445296096,-0.00979592815971885,0.151355414221664,-0.123424253293982,0.577124427842854,0.0798690281777697,0.260393079869566,-0.0133006311843117,-0.0267511787536081,0.0108185878798939,0.0142586330169879,0.00179273219092952,-0.535205124733195,0.00629685699848249,0.0985219467677655,0.0863913905779509,0.0621742684889145,-0.00966134305271298,0.0239788876287809,-0.0238274521168065,-0.622493206441708,0.136305130879397,0.227025601350434,0.237846143403417,0.00841144949998908,-0.0644165319350542,0.0740846569620925,-0.0377786047223788,0.0381100538109115,0.0813883020680276,0.0679882049714689,0.47283799327169,0.223351791669797,-0.329275474290093,0.00448772605185481,0.0513500839402923,0.254313166847626,-0.174917857472837,-0.278992547907302,-0.0151614706365335,-0.0111389420080833,0.0329943332145856,0.0869734234291662,-0.081988777987949,-0.168434840314524,0.0696802073064137,-0.236044799956384,-0.253483819833421,0.654185191347586,0.0681410730092358,0.0193735174271805,0.118605905967767,-0.0549450492869651,-0.13596158215254,-0.0219694734885625,0.0400451666232388,-0.175411016702893,0.106597069305697,-0.0380954118105813,0.229862546847973,-0.550663923072718,-0.040273252212202,-0.212581263007993,0.0303579151209207,-0.0295331829776202,0.258925625549916,-0.163643105661464,-0.00307916828223493,0.0814163739354058,-0.0306384349077656,-0.192597463607681,-0.147646553169924,-0.129905439267271,-0.0796010832826897,-0.0076661804826408,0.0533204434576645,-0.00820792081918602,0.00464457321814801,-0.114965451665765,0.023929131891955,-0.0615174319913227,-0.0364741851591508,-0.0923661966575854,0.176899756682381,-0.0262338380435871,0.0642054155128143,0.0517159171684784,-0.00711046950948648,0.0159585528692912,-0.0685024435984842,-0.145972892951789,-0.0517813942428001,-0.0088879914192424,-0.0633422588941176,0.226073980032086,0.149147336965634,0.11816136446534,0.0651125711155808,0.0982681331250593,-0.00725469468323701,0.098852845515674,-0.132901926352797,-0.363865684013561,0.0928977678355892,0.415365636718359,0.125702192378636,-0.0471077175878868,-0.0714988198470702,-0.193270442524909,-0.125517162851075,-0.110914472099853,-0.0334428604160194,0.0385414076175138,0.0495672374876473,0.0989294787455865,-0.0682856624069034,0.0440320103075534,-0.372104659350395,-0.164352961397989,0.273688677455558,0.0528486732647672,-0.255265107259536,-0.520076511947988,0.0735583744748194,0.0181965924638116,0.0911438046347572,0.0047288023345961,-0.0285452782268858,0.035356319917055,-0.108422773897225,-0.121532406213976,-0.100438889621514,0.347747495764188,0.0124478979246824,0.273677313245794,-0.461979184760959,-0.0761017267994003,0.038371537051526,-0.00341524450089428,-0.136605339587929,0.166242570752304,0.0251951304679427,0.00451900837992786,0.130372032827114,-0.246657532280505,0.115711959676848,-0.362928890983313,0.139490871755617,0.209774788642487,0.398006180925791,0.0336515934708335,-0.359242322975989,-0.26130199930693,0.173860759431898,-0.0435904673717847,0.143669988739691,-0.0147378970773851,-0.0396873816836457,-0.0249737377956445,-0.100904565133595,-0.0937227810687808,-0.121583005012213,-0.0749338085431143,-0.0973104067066923,0.159054087082847,0.0820935995650919,0.0327310881593954,0.160270312054361,-0.22380502060646,0.183573234580895,-0.025988904265607,0.121578561323925,-0.0425525422809684,0.387742573076098,0.189966513927436,0.107774814929541,-0.204845536428895,0.201862212959633,-0.0127204749709818,0.0432022408775613,-0.0430966734343891
"89",-0.153908180091427,-0.135896960076337,0.102583101528489,0.111293754794091,-0.275682646236126,-0.141199784140885,0.238769715889844,0.154732836753845,-0.0514740707844322,-0.125768398511487,0.146803305526565,-0.0972935190177729,0.0700920027311105,0.104797037125753,0.0329810009138939,0.0126338633497663,0.558006915839782,-0.0300178673001367,0.39297578545839,0.141730341896051,-0.260986011578342,0.0439290901785986,-0.0312633408803292,-0.0150581020293693,0.156466616134051,0.0440764369163574,-0.11969359045029,-1.00955248822777,-0.0404810729599273,-0.182964003460345,-1.06427233439208,0.130616636185247,-0.0810751794644629,0.119064048940447,0.227397454937904,-0.139884817666051,-1.49227185666895,-0.350735612400843,0.203862250822818,-0.0752972442649265,0.0770733039476371,0.0777637400653759,-0.433886081278419,-0.210831789158445,0.0809734102163993,-0.237933467045281,-0.177387536380999,-0.161254016368232,0.138364466947465,0.0983943270147498,-0.109307841320073,0.123683596270592,0.207217999231645,-0.246880583282242,-0.0181712147722197,-0.245848201334835,-0.189204141331195,0.258462093198351,0.323980682677186,-0.0812989274615917,0.692577666875558,0.458927674111595,0.0217881217159376,0.134864066237311,0.441700079949147,-0.345281454427894,0.0449880477323686,0.107598311026767,0.028744086352898,-0.131355292900105,0.0456960815209024,0.223240197139559,-0.049080612837526,-0.249934368090477,-0.000986853882229216,0.00682262678079115,0.0633610102730999,-0.0913383538303963,0.212115263991314,0.177798647891112,-0.00421787965849034,-0.134551928356908,-0.193284065532257,0.255425352538014,0.424440271134161,0.572187744585918,0.0408260957206352,-1.29519519115686,-0.346036165101845,-0.0460750420707351,0.0823326055449167,0.1103586763047,0.213854447355998,0.317415004159966,-0.0471715358909243,-0.212783200160079,0.872589305912127,0.113460007007102,-1.99042649223752,-0.18131108210086,-0.0918370527996179,0.240821025261674,0.162668534592253,-0.13023055796937,-0.263549790429753,0.301287507231163,0.551827331486812,0.152765647111889,0.383592740170946,0.328610225600597,0.155780198243965,0.130342222251257,0.125695398833296,-0.0540313619196447,0.123922102757527,0.310208869852755,0.045810433976474,-0.135902233609363,0.139795093786915,-0.0854630883615916,-0.203085114493301,-0.696459133925496,-0.090376807588208,0.229828049774455,-0.215008345734977,-0.140503947596618,0.416768738259446,-1.0804791497944,-0.314345819257745,0.00543847715214753,0.85918125597122,0.152122882860983,0.00536042955603383,-0.0569254674998494,0.00396570958108114,-0.190053788288519,-1.18116001099827,-0.063948534847992,0.0540591501172023,0.401720420603926,0.120408001737124,0.305472513444158,0.0427799486379245,-0.0373608072878012,0.244674893776723,-0.347148878019864,-0.0291626468914001,-0.0360133070824975,0.568674895212176,-0.0385747951838305,-0.146448339357627,0.251680067932166,-0.511885288843807,-0.158872145183589,0.375765729003241,0.0127850383322069,0.221305868610375,0.354894391777128,0.123377146767133,0.156718736541004,0.186875140538241,0.0392433662380352,-0.0859345288700943,0.250110627268877,0.230219385565935,-0.2548295816023,-0.104962036950719,0.196987647657632,-0.62166413871341,-0.139073829153567,0.169670426640273,0.0994527770575262,-0.187564943396714,0.339080544550472,0.0362968944933247,0.114654568656668,-0.0215836240451125,0.3145789706271,0.11446887189107,-0.0832758227000058,0.602881005289002,0.203633570513423,0.203095943380067,0.0204792816308643,-0.120150589190275
"90",0.0692685973457519,0.713154189821836,-0.123499378626717,-0.323071379475236,0.0762403911488081,-0.00714688191587852,-0.490837027353229,0.24497072414895,0.610787942810942,0.139311676330616,0.268955866752454,-0.0664317691557532,0.487108495516594,-0.115847459072272,-0.120522997365054,0.380655084456889,-0.546457730019024,0.0786390872645929,0.0371368497708409,-0.147263518292789,-0.217262683580202,0.0112043680333865,-0.0968744473796926,-0.23370851074275,0.310135816521578,0.782496853139107,0.278290641137081,0.361366473427392,-0.0129217458019538,0.355817354791369,-0.201904211874674,-0.0212522170669392,0.0573183953759426,0.14001076740589,-0.341851770657072,-0.271282969250626,0.106564468256846,0.836311819630539,-0.333999198951836,0.230962436145038,0.0416971645609525,-0.370148161398276,0.287418707875814,0.495387763990021,0.00711056010849674,0.85857480979993,0.0498006682062662,0.797920803764635,0.269825822714765,-0.144246686441183,-0.0265866958940305,0.0368570563619612,0.381926812790026,0.0506569657826156,0.168233748279909,0.134826801477637,-0.0484731199913515,0.19869039001631,-0.322536168804845,-0.342946514192914,-0.168881477150651,-0.200721917477478,0.360522227153496,-0.299286248819227,-0.21771617369236,-0.182291496159688,-0.555801558452527,-0.500233375097787,0.275351050743379,0.234268579930405,-0.318133724252917,-0.0392781816930495,0.18709009388654,0.0301521668231272,-0.301815762217974,-0.256416906771078,-0.158178905809553,-0.157716800417504,-0.0524603860902828,-0.298067426644939,-0.139270266536663,0.137536286371115,0.4192789684567,-0.325687273589649,-0.395673156378892,-0.185982741222829,-0.132966505788752,0.0340025918612417,-0.158056333142027,-0.269140082025224,0.249715767204103,0.102609698407392,-0.58747804606067,-0.461885041612064,0.507583899124012,0.102027198057129,-0.528150471237395,-0.149613672392978,0.215262197744359,0.203882058678699,0.354793806666713,-0.0739867558612463,0.12303362358214,-0.273002003040541,0.0196645810937174,-0.00763124599727135,0.0184965434183459,0.0497141450242291,-0.203804809474012,-0.159530285213688,0.204809770906129,0.00493598622602409,-0.104157108345013,0.733456368250588,0.184349847070004,0.0262178682786765,-0.0293159086200597,-0.00548581278118511,-0.358811800863256,-0.146396026036504,0.0471812416725668,-0.471585783669627,0.080966959105158,-0.247223070821071,-0.190806364023573,-0.567727667360948,-0.547452864049352,-0.000884714181170032,-0.215350586048176,-0.277286502751187,0.353746386313617,-0.0939361056292325,-0.0830531423602008,0.103344108547811,-0.236920805140674,0.780856779109829,-0.044249781698424,0.391868546884939,-0.246524201474397,-1.54732639643708,0.781290490249151,-0.110843750629498,-0.158286272107387,0.0334230213156091,0.0807974094446259,0.206838901374322,0.094678681958462,-0.0977096732663597,0.0647390988426668,0.2324777819302,-0.0255306297892069,0.00608079128428546,0.142414957309655,0.401086552478131,-0.471608275496412,-0.462088945288621,-0.487434073800782,-0.443515460990501,0.577744749566683,-0.433149445024812,0.824459367472677,-0.279380804234301,-0.0596813077428765,0.105869300946042,0.55455632299761,0.470708090928075,-0.158917144220822,-0.376411226576604,0.234468917820353,0.08375685987911,-0.0821397619131208,0.194232135068278,0.29482015437279,-0.190875946821434,0.574696660830493,-0.184178557558763,-0.0146299939819721,-0.135321176938828,0.00332869009859199,0.253075809661446,-0.410653299384049,0.0189985055892272,-0.26095509498715,-0.330250092392316,0.147088876089632
"91",-0.165736601807006,-0.139744539017057,0.159887643100665,-0.276705066196008,0.127594158262121,-0.0115784058618551,0.0773122058303199,-0.0929355924652744,0.280888060471536,-0.031709639769624,-0.106254709873072,-0.0161131180509384,0.00502095009569547,0.0698531565030297,-0.00368294670764531,-0.0247864555922054,0.597122304926724,-0.127779723349285,-0.220244555729345,-0.0351247133946935,-0.15501222404697,0.0361275780790347,0.190671706291768,0.00358503997954501,0.0675261671445614,0.224843516911225,0.0674148427889315,-0.24814889619481,-0.0593665538707523,0.746915430045612,-0.0472612803005285,-0.0129066876555701,0.0234983069243584,-0.288539566196106,0.133243315799113,0.157067353317395,0.111495172705332,-0.115649414714846,-0.0496919566771161,0.0198759578875412,-0.156223226000692,-0.0159259355431436,-0.0738376804884828,0.568951848868113,0.163752603692528,-0.0283885394572187,-0.0669529585232244,-0.176314848403221,-0.643741597364978,0.128257067236095,-0.351713144022989,-0.312305420376606,0.553895871220398,-0.288564643727107,0.00120599032505308,-0.0254561292436501,0.132989951610156,0.219388350226084,0.261462229523658,-0.440213283873801,0.0799881874703584,-0.139641782359677,0.182692449572875,0.106987089640672,0.408253574837351,0.178531190071999,-0.0564981071347057,-0.0626879753888884,0.338750584783877,0.500430450687691,-0.264039913728568,-0.0103556697514648,-0.11487391169386,-0.1151174085013,-0.229874619588598,-0.283518356400262,0.0879824584551028,0.108795206937634,-0.0348866840250669,-0.0547784925082628,0.13900312317257,-0.0441041288617757,0.587587519237722,-0.058002969276157,-0.472571918923562,0.379496926448813,0.0410895191973587,-0.0532051140630102,0.206054328337499,-0.0593739389437779,0.00641543958311162,0.0927323888763757,0.0823467877899436,-0.641018858703683,0.0284082325278457,-0.212948066725987,0.380915337485034,0.157878849948776,-0.142696346614676,-0.255630912467786,-0.298335259964067,0.0963008370865717,0.0250279243064799,0.301524392803259,0.20576179908989,0.275185778575238,0.00524678120912788,0.0419709299745719,-0.235751502841667,0.0956354803095433,-0.0571762688249907,-0.138280597047471,-0.0089421698730191,0.700133791239328,-0.0120952790222618,0.151097317599028,-0.131022774778376,0.0416790450614399,0.229680474579037,-0.12305114588025,-0.139835600422306,-0.255940624802724,0.15660803538215,-0.168265012835056,-0.0434979923473164,0.164927067011011,0.200426269083895,-0.0554379450851061,-0.165680351862603,-0.114269811339512,0.268821991414112,0.156505240432878,0.134397959705569,0.14174981339615,0.135344955473751,-0.143958843335945,-0.629091793553567,-0.0625277478727734,-0.0324051639770954,-0.168319021832252,0.00126706853940549,-0.0337034794179039,0.021148955623597,0.137452905517127,0.147947469482714,-0.0866561515065977,-0.0748239166501458,-0.0922225498061208,0.170708275020702,-0.193655082111883,0.196959661966566,-0.123092164525574,-0.383936217213288,0.355067915279459,0.053662810171903,-0.138005219597076,0.114862533102212,-0.0253232602323497,-0.287331694904296,-0.0255594632079982,-1.0611499945107,-0.170693948207256,0.0299630966929937,0.0979556542191388,-0.0705801007538575,0.702746145670407,0.00399321851720723,-0.175648408549668,0.170837042493158,0.0462785596424048,0.0171465969730162,0.0788828381332616,0.164543712570907,-0.0717154250082314,-0.298659999013919,-0.0795537747881919,-0.12481417058491,-0.198477373213706,-0.0717270697335044,-0.0794687724909454,-0.297591121596646,-0.0354150142472915,0.100468148515675,-0.127451455014675,0.0614710478478239
"92",-0.054206047315853,-0.0477175772718783,0.107024471627215,0.229492196202051,-0.054012519335073,-0.0215959129096659,0.0617190804283933,-0.135997682870484,-0.0172643119556563,-0.09069597145892,-0.123880168604007,-0.0067896742489473,0.0381702468753318,-0.0986939731638655,-0.0757832070717302,0.164219011028188,-0.157017937833699,-0.0667695754533711,0.121861873976056,0.135148092266689,0.0324523815851154,0.0331264845413156,-0.158482421109123,-0.0472607854733973,-0.0351916178467325,0.275619885066243,-0.161483852258829,-0.228492828773398,-0.112564792406223,-0.280097286378908,-0.00713202401006459,0.0039732924690819,-0.0267157264062914,-0.134285808128585,0.137603802179052,0.349104775196997,0.0222496954937566,-0.0398397010333731,0.0244949200005501,0.0369949838520714,0.20577095009843,-0.00726136871865154,-0.201689874779204,-0.214117361165822,0.0267086898279168,0.0509457448866631,-0.0478097050498882,-0.018493448796071,0.195430753683086,0.111378329396386,0.354888550580925,0.145644340680081,-0.153550560402232,-0.24259885699529,-0.0813049395211866,-0.0846487311564215,-0.100483873590028,-0.258782832483226,-0.0772515700644996,0.214181180888816,-0.203850324032867,0.00743773050611145,0.112020285309221,-0.0220584526178155,-0.281518032128785,0.0750694490689037,-0.232016296432535,0.072752773361621,-0.180697059230497,-0.0985090796297566,0.207337123260229,-0.0868322793897138,0.0495698138493108,0.113833291440492,0.165521607198876,0.200584389928227,-0.0733995377819966,-0.0181023180749299,0.0777056310174099,0.0368410093225385,-0.0361133782269062,0.0444967454903315,-0.0459704439534596,0.0493663590350565,-0.205785662941792,-0.0643126453781814,-0.0488716664624316,0.0335376300431728,0.0575439895313801,0.101681410226845,0.0873685302236827,0.0715464537269183,0.0635232294714288,-0.416194274984103,-0.101912224422815,-0.0329556999427658,-0.412159358423526,-0.00522750618908746,0.107946663109032,-0.0757381668211387,-0.0700385526715315,0.0146247820319277,0.00975962945502646,-0.149391310406044,0.293273496152468,0.187240333626548,0.123806167182265,0.0378480657038555,0.206450649696799,0.05838387767723,-0.0464644913565207,-0.0555569730528644,-0.0818275240554346,0.062503976458438,-0.0267241505607657,0.198338025068906,0.0311127811859905,-0.0604328161825898,0.111639961552563,0.0771497403761091,-0.0527689883272158,-0.131502760498165,-0.0707964542757492,0.268777252786144,0.0632697763391825,-0.0570580492684069,-0.243783552478025,0.016129015802146,-0.0486144914192447,0.0207484513102722,-0.244748283163145,-0.0760604006840768,-0.0562376830483895,0.0304021259237125,-0.137977105497263,-0.0103397367679596,0.360185582966255,-0.0163815621009946,-0.181505101627326,-0.0313221607520174,0.0965233075540862,-0.0135085900561197,-0.117595999502136,-0.052769917636376,0.137363102550051,0.0724477994554989,0.0987945470331013,0.129477787174179,0.0344655633286802,0.037397290774333,-0.328455208288332,0.160220321279478,0.222563969163308,-0.0676407695265024,-0.205373616899268,0.138169744484341,0.155780859367449,0.282326881151757,-0.0791392666511049,0.176584797095134,-0.510373063934078,0.234213981365882,0.0114038413909595,-0.088582023403589,0.111620070763731,-0.225213042110221,-0.0863925096353203,0.0046517178749566,0.214780682732972,-0.00835379044999896,0.0309091341700009,0.0297861649091523,0.0365011214468406,-0.00158305504875577,-0.00329156579839567,-0.0140817047239064,0.126798946627414,0.252973759358731,0.0666816698715077,0.0189101502385089,0.0810395168643601,0.112607795850923,-0.124667049852912,0.0727870992084186,-0.0445709075162966
"93",-0.0265834970720326,-0.1049131440447,0.0632830704290067,0.220785955836872,-0.0196023907110324,0.0681304769398122,0.144809098493045,-0.1117779113522,-0.191006303434123,-0.0045038971975004,-0.00299633554433043,0.065300178855063,-0.0197658969566585,-0.136490046139526,0.0841247750583963,0.0051985061595531,-0.430455128733398,-0.0204269423753549,0.153193636472646,0.0527755790729136,-0.052287478303828,0.0116288606916794,0.125147658130657,-0.0413236415035111,-0.436492589705925,0.439927253693949,0.139846525586085,-0.150201935294921,-0.0127262817164712,-0.169368904032876,0.105848240887931,-0.00956170362937542,0.0383912757427918,-0.109363510418854,0.167574774023342,0.54195164414768,0.13068278297682,-0.120437219343813,-0.0238829536011431,0.0320523882247602,0.252716959673632,-0.12317509526875,-0.212079986735906,-0.182277117948788,0.00158354557945255,-0.0640025316564409,-0.0235408909846217,-0.0261931273090026,0.081613581739837,0.107407485757726,0.21659126417599,-0.0291909242249639,-0.162341711328383,-0.0945296401588936,-0.0170584397789294,-0.200288114932757,0.0458686440522346,-0.163590395960627,0.091876237869015,0.128407149665326,-0.162451183883061,0.0881977207238553,0.0179250875098667,-0.00100061020156601,-0.256103141539406,-0.222064313620538,-0.3850587474857,-0.0842327135508761,0.454442314478662,-0.0321308227842707,-0.139922476220751,0.142589891488107,0.116481872519115,0.0282607970537582,-0.103530978891605,-0.166717204429895,-0.0373009915154192,-0.0211785708854536,0.100174942624784,0.0202176674679918,0.00997202489790812,-0.00598256719439172,-0.157733248614647,0.0387322821842804,-0.165991229264184,0.0517059606519073,-0.0173767570089499,0.153940733939655,-0.211333746639275,0.0434531924086233,0.0898381169914372,0.0281045756786325,0.0127610987400626,-0.14156650709121,-0.166025751742835,-0.085760882672699,-0.0904272606344125,-0.0109673280525764,0.104798893973144,-0.0790024851545531,-0.0964173625249452,-0.0058608866053022,0.0344257008463415,-0.254333003691116,-0.0863130049774895,-0.178030009638545,-0.321613230779906,0.0836911919291212,0.315713538407931,0.075095387850951,-0.0116614330346885,0.0163364950623598,-0.184389704538902,-0.211105970483745,-0.00504440261959762,0.0813832220877255,0.0767637036919813,0.0430081199455777,0.233875731029413,0.102191647990485,-0.0766112053444938,-0.0947966595111733,-0.0807798512020869,0.291973925197329,-0.0631390173918661,0.0557465087655483,-0.42465739825168,0.106549842290718,-0.0358195261333418,0.0576592729209332,-0.0802157283386,-0.0842741992304619,0.0435413529705315,-0.0138267812362935,-0.0170540048866883,-0.03268917896143,0.404658844881413,-0.0276218706018476,0.250474264496146,-0.0909795069867425,-0.174693765717132,0.08116259791396,0.0335056759843987,-0.0823547401922208,0.195613976481827,-0.00203016821843143,0.0698416271384393,0.051692153533959,-0.0925989342039612,-0.0248971045125952,-0.267822280588339,0.151650904738261,0.262286289961177,-0.0458882552281687,0.129672730585277,-0.0770751176957956,-0.1051075800801,0.230154498487739,-0.0406142671966153,0.230250401545766,0.0214901236561253,0.131715781960187,-0.0242787319461173,-0.0902070260139022,0.0181844038894106,-0.146858938297292,-0.00736848542439041,-0.101865331320984,-0.0458221806415941,0.0732608601598322,0.107367966835383,0.11955067547242,-0.0156377888771774,0.172742622559181,0.0283649931466254,0.118666767548301,0.110350769015285,0.344082669785466,0.172930321024181,-0.0241893210755918,-0.0802151887922807,0.143919655463946,-0.0724264470267629,0.0438380931070469,-0.0982192371284031
"94",0.0133295513082877,0.00392941624710265,0.063060512668317,-0.178362314434154,0.164430818377348,-0.0207412998935067,-0.0606178303275447,-0.259441184862662,-0.476304584047219,-0.070641299504115,-0.163036647359822,-0.0158073111794047,-0.141822193674142,0.332258659796435,0.0650074167964831,-0.380220981691899,0.164788700277869,0.491008001631839,-0.0693499387650524,-0.0570645219393921,0.0340341494287295,0.0323893836426662,-0.100323048022583,0.0328906090604773,0.139344151928016,0.606122203799292,-0.143884364074371,-0.228756572831318,-0.0656196099619398,-0.4103628773694,0.056094283291269,0.0615726909896595,-0.0490325488544834,0.294106815295959,0.136031825398382,0.164104122927594,-0.055187430403659,0.257988790293637,-0.046076916683757,-0.0247628032095787,-0.0215942751991863,0.191956945352524,-0.0344491101392092,-0.474563141249995,0.0249419929193669,-0.203828323939469,0.0623998122579333,0.01609973421756,0.178788249462121,-0.00165433336775025,0.0590803943895378,0.0807502926777754,-0.124393488745294,-0.0620673726610608,-0.0711360891877907,-0.152564883321434,0.0341327464665282,0.086092767509003,-0.135354053585825,0.0750536415612448,0.0435454148509551,-0.0865259915600164,-0.227964544895265,0.0795451768960118,0.0379503453847902,0.115405915262114,-0.322169049111048,0.128515919011109,-0.153443001298412,-0.0116071077049005,0.104314704608764,-0.129689806489916,-0.136295494606698,0.0869463022660766,0.084856182434076,0.0700797284092687,0.0703119494052309,-0.072432584015621,-0.0196083484296894,-0.0266905904229757,0.019744210418778,0.0524113367302669,-0.170083040881977,-0.0116830487699577,-0.17765530332286,-0.0864001300224696,-0.0268480054256299,0.015698345196694,0.113685283127225,-0.062704533818165,0.0326479256836413,-0.00936155660715179,0.10772606013919,-0.0607363293573025,-0.172290410650477,0.314484757887406,0.0656620718179309,0.334412015992476,0.126873121869069,-0.070696619364149,-0.017130609295427,-0.163482435700377,-0.0611354325216225,-0.394746844239368,-0.195493475059276,0.0073561464207322,0.167208162453154,-0.171836986982501,-0.289558540191387,-0.118353873536005,-0.0263175235133197,0.0247687531050224,0.446550259722975,-0.127201603741519,-0.164663086634672,0.0190806623795221,0.00557263510605037,-0.0611548030366701,0.00251245656023449,-0.0358142494878015,0.19379264568287,0.669336199350595,-0.117640963508435,-0.13636561645227,0.0136314472157107,0.527939261710817,0.301374427270299,-0.0171494221067087,-0.0290449076582672,-0.0284541655825756,0.00567969916493046,0.0296741055609996,-0.0620243338893163,0.0270666991234297,0.0531660993334093,0.0146552952773198,-0.0409819657306669,-0.0362666268920915,-0.0384653852060557,0.238420623909163,0.112564237654813,-0.13133201102741,0.136915441393401,0.0489457049399533,-0.133981852281595,0.0789957406072557,0.212422054321458,0.0516780405234361,0.274129971309153,0.0145529683645446,-0.0271488272250917,0.120841134389504,-0.0660983383540148,0.0083997274853488,0.229874630138858,0.0800497224484968,-0.0577843316443503,0.0641213919975456,0.0491595055919836,-0.0594368607617815,-0.269528522888674,-0.0192043295355115,-0.0141957120764782,-0.0923756497847723,-0.0248476358558761,-0.49982301498609,-0.105820729736662,-0.00910546142930464,0.266816511433485,-0.0840139942176216,-0.0176112097412823,-0.2115110421225,0.136866421822655,0.0815738050603592,0.0361516107159368,0.0590728612786085,0.213463045682084,-0.293552416381596,-0.0592382288458308,-0.0673949813233797,0.0283695657664085,-0.167704776515786,0.0369685076228677,-0.0343351200249273,0.0969111177091841
"95",-0.0637188651441447,-0.032955659141049,0.115785616632918,0.0213709193041911,0.18277178653138,-0.00563635668656833,0.02332464824084,-0.100211356505516,-0.177611663876443,-0.186571922288338,-0.205976892271862,0.00703248187374409,-0.299329524874441,-0.0441142158364514,-0.0645014638092861,-0.0830706631884897,-0.114959699910479,-0.274050811974852,0.0284052906681069,-0.0746519145784128,-0.000343381744924908,0.0532354831423952,-0.19504773595772,-0.0388553401836962,0.0953017236141671,0.696507279929591,-0.31143315975705,-0.45930227295886,-0.0419034093533811,-0.162533998748323,0.123378068038634,0.0857040870649358,-0.00879135036490844,1.21456375258615,0.211854502354788,-0.101942546045062,0.164910865335185,-0.21375444179529,0.0799480692004391,0.00490241068897399,0.11101235084691,0.182751800176364,-0.210223782547204,-0.386657751010152,-0.111392307812631,-0.162112394431727,-0.00967617302352346,-0.116627712446849,0.5730427334857,-0.0548755550219223,0.0870275860943407,0.344505964176574,-0.179556053252047,-0.156526334087583,-0.077703476176196,-0.0484922658381527,0.0482158560335834,0.352421755121589,-0.00383486442986587,0.306653267360184,-0.0201229339801178,-0.0551484377590525,-0.128358369459649,-0.0982551112668437,-0.143608629153118,-0.105295214268029,-0.36136310167722,0.140246691248316,0.187941522060442,-0.0199181705049929,0.285362656522182,-0.111690771767272,0.0331106728641986,-0.173911859826114,0.232543166013402,0.262390352592268,0.0961010078014027,-0.0393232643203734,0.0500211500519422,0.0144932896046768,0.0292930678157895,0.115069789518038,-0.254919070681212,0.0814560253684739,-0.099201189641583,-0.0299472078634506,-0.0392740453231082,0.186128209578505,-0.128602100915258,-0.156724898855068,-0.00584940955869264,0.154501503427913,0.597116121759517,-0.0488525761087639,-0.101245731422412,-0.13178776349824,-0.478930821578118,0.0928203670511507,0.202734883459781,-0.174268307821031,-0.166888319583228,-0.122839649315758,0.0296535106418932,-0.0816873615300883,0.123447287263312,0.234604764447754,0.155608411463323,0.000234934126830832,-0.315730363972696,0.101835592864341,0.000559710980051426,0.0747882482991447,-0.21762366028666,-0.279165555530196,-0.0964774104132471,0.0935606205404562,-0.0164719462299096,-0.0110722883080428,-0.796929206396419,0.220737116857851,-0.188897561725595,0.0104496052026129,-0.0647811423414128,0.0631690351031902,-0.0203830748235287,-0.158592409242344,0.0924255068212746,0.113392450398258,-0.0531596778920051,-0.180017137854471,-0.0349706699985565,0.0533752010477925,0.0504978308219226,0.0434992200844946,-0.0596903791416431,-0.119649359363877,0.276093732454069,-0.077319071545785,0.0849529203211558,0.400517698871144,-0.298128945045634,0.00558659271229766,0.171455776020863,0.0594603386758646,0.189714660652927,0.139169545836843,-0.0756496478248218,-0.151104996030144,0.328814204886004,-0.191496110372513,0.00294292154677152,0.220427735243761,0.321212014755768,-0.0149760388290587,0.0222942333947097,0.258254699666088,0.0650873975794407,0.182643917295738,-0.0710589710169164,0.117813378100899,-0.581915203584953,0.0541085091636505,0.102497674517617,-0.156396423654072,0.172531473523775,-0.344016890941817,0.000784052661255345,0.251254636615266,-0.514048373050416,-0.0506091228142201,0.151673090122825,0.252070799966676,-0.341668724629585,0.0922536666276968,-0.0801313986421501,0.220869210065292,0.291655759975302,-0.15055767967378,0.0942523925869191,-0.167082718193629,0.24494547287895,0.177001619115574,-0.277278811392996,-0.149338068510544,0.0732127259864725
"96",-0.0743945494500613,0.099098766289003,-0.189805862522688,-0.239530996271026,-0.129222754933617,0.113294578257138,0.218995829721139,0.280120966127575,0.113376950605583,0.475987016541224,0.111732683576085,0.132477395868626,0.186689790461789,-0.143200978231108,0.0769222158349591,-0.0208224086382206,-0.0568934749173812,0.289963746397047,0.393011273435939,-0.129027631725051,-0.192566030449091,0.0850755300288071,0.0860386915094923,0.0360271858426197,-0.133343541494468,0.186992272447732,-0.296729913450452,-0.683535134096313,0.0587657251598991,0.0186784615561246,0.0691043301441043,0.102241991264111,0.109694190741003,-0.280790594567286,0.233336306497038,-0.0702083644072243,0.176498802306611,0.0569386886088164,0.0535993481204756,0.0316283630741597,-0.034860241233883,0.0319294914043793,-0.128138146318934,-0.00178272651253503,0.0188919809679371,-0.0752505381242926,-0.143677230682437,0.0533221980935734,-0.809153177479686,0.161065796613032,-0.193058922959654,-0.22317798315857,0.0974040639216954,-0.424716638458088,0.122605503745077,-0.183382779398376,0.0538596233297492,-0.00432345626849438,0.150773521107155,-0.0937436800751275,0.2489244761169,-0.185310608776011,0.13126634803839,0.142240568124858,-0.0419262824093647,-0.45098724929064,-0.219731841822934,-0.328220850930972,0.0737847011734528,0.0226726090477733,-0.575408344406526,0.362707129523771,0.146766233068904,-0.010628384972189,-0.54745855046064,-0.652754656311814,0.16580810561191,-0.0274391659817686,0.0997983901591137,-0.0221245662755684,0.142852640579123,0.065868094508328,-0.0282493948909596,0.0691095120574247,-0.159733200974052,-0.0558315026777022,0.14388680752984,0.12800457946748,-0.433943803455509,-0.288152611267798,0.19292910609187,0.126705325323316,-0.209826348053669,-0.0920941971651459,0.112961555231211,0.0833849465651502,0.66441126036273,0.19462571026699,0.139801798209189,-0.0860260689804382,-0.0669113796525515,-0.104829743865432,0.195396017900724,-0.147049636336466,-0.328854342467464,-0.107682421082508,-0.308328078644625,0.026171244577583,0.203733718219331,0.172299915922668,0.0123358883640144,0.0361024864100649,0.0330927675836118,-0.0286091743312572,0.200770298419651,0.138277724788024,-0.00705053148132192,0.214313158410626,0.196661175832379,0.231487282272541,-0.338219158489392,0.114190259169053,0.152364368078171,0.00518153463548091,-0.300097746552216,-0.105064138315285,0.0480095819788212,0.148818272799492,0.263796177160213,-0.257849537085223,0.0887003613357914,0.264141918791019,0.160065757173651,-0.0407838601066313,-0.0561439775852057,0.0598348417682208,-0.0582782627080103,-0.0274690720769679,0.142956128633644,-0.509872801789314,0.212946655362325,0.120853051455668,0.214806355929216,-0.00610736468247611,0.284615517574876,0.182439817093005,0.0223186825361362,0.131464091091326,-0.167669729018171,-0.51979439365057,-0.198880487914934,-0.0796209462299862,-0.180568270948733,0.0425557758508759,0.103722033178213,-0.338253169805291,-0.176649947551211,0.0614667565393776,-0.0770916401728591,0.135394915506093,0.526561304836315,-0.0630812847641036,0.00198085125073138,0.0314446822305394,0.26614484320899,0.00391111858083346,-0.130435987564667,0.0777544359878657,0.14288510962264,0.114372381474918,0.227173849995223,0.222566023938338,-0.273887196002429,0.0612836651562086,0.0207602710722053,0.180889389020035,-0.10313587375394,0.199019492023215,0.200922315649068,-0.191855251143547,-0.37326805639538,0.234287959606607,0.222245533984194,-0.247232315136447,-0.00832977440478418
"97",0.098823198677464,0.192116759844722,-0.128276287857673,-0.15380285112977,0.112228061589933,0.0820984498455042,-0.00597092457340966,0.211447200416479,0.218626787441037,0.109097110884615,0.0498046700658131,0.0802306007286553,0.249116939325314,-0.146062737912954,0.120727994442943,0.205695809875144,-0.46081096243761,-0.0591137101284971,0.200398178398213,0.0121714990735042,0.0339058460151015,-0.0187759846113154,-0.0431818306394751,-0.0308139949420934,0.0420758961058662,-0.0625914414016906,0.0830088987396894,-0.0696019823557664,0.17778033710163,0.231479635055052,0.0131155408677836,0.00976536733517996,0.0703135987725571,-0.0236428103908644,-0.114536375418073,0.0385385765903648,0.0208017348086662,-0.114624041241342,-0.0924881459258194,0.117610460979434,0.205363888923374,-0.297723130800243,-0.018474119189192,0.346873611939422,-0.0745879126791535,0.221788444040171,0.16191584668658,0.189103897740219,-0.190578434486764,0.0134045993093518,0.0863059801017229,-0.0223473785027168,0.261565546596993,0.0211910921733938,0.132165362046141,0.194415636257577,-0.0258374168868463,-0.00908141980978081,-0.0414937409287702,-0.13533930156511,-0.515300966557116,-0.0257650542780459,-0.0349831822142648,-0.0715465582769439,-0.454191109982298,-0.0304853821179834,0.0426820277134695,-0.278426697321269,0.131763027605025,0.0470501381560724,-0.255352172818752,0.148213918983573,0.164730793839568,-0.154754745756904,-0.146548047216019,-0.180492562117099,-0.330928949846723,-0.0240895437784012,-0.290106517418712,-0.15613036814082,-0.186163703468391,-0.156617802436965,0.223729379211841,-0.216791515191053,0.165025906208028,0.15481614361052,-0.00510596889509214,0.00644461461597904,0.00408826483844172,-0.0141247461403528,-0.0190213948219961,0.022455029377907,-0.409728739573538,0.141797302557586,0.148202389321435,0.228726115042443,-0.431273680278018,-0.0629484955200989,0.0732298733143081,0.043594240670892,0.0765768208242644,0.0742709877608703,0.128914129751426,-0.151619690433001,0.0777422992346314,-0.01150948971255,-0.248093833672624,0.0217868790412183,-0.0772774768994671,0.0564543399342113,0.18525372036296,0.119371248935498,-0.155215294215624,0.305649056194747,0.0932709144537433,0.0293980129241784,0.0581969263282097,0.099183999440063,0.0996225036846473,-0.319450040823672,0.0692125443707992,-0.554259773727165,0.106212581338541,-0.0397588678537688,0.0909422283787639,-0.0853071124417397,-0.318983795124156,-0.008695696911382,-0.0828236849567613,0.00339458757723065,0.0263186357528305,-0.063499649676071,0.0163824932823586,-0.0121633842888476,0.0174091494618717,0.155814727915038,-0.237908255288084,0.131578131569091,0.0495509078045208,-0.523637577613176,0.135612870424509,0.0533014109704803,0.137544373916623,-0.0106244558757751,0.0750193370653812,0.0749641578389683,0.0400155468239481,-0.0999112283435397,-0.119123994162259,0.109460696122645,0.000404159178543325,-0.123431793097726,-0.0554277763122035,0.0940563142518527,-0.121403539093204,-0.252614456683878,-0.0706474385613918,-0.136207478626305,0.143800614567299,-0.070993120672644,1.04915518021079,-0.0152874669473663,-0.0909814738168093,0.142245599160751,0.0144239153652525,0.30015118011558,-0.0522423657467813,0.015371366666463,-0.148414539070903,0.0779342699268041,-0.0300255084724556,0.331936901443656,0.0176445806469811,0.00469591369296866,0.148004546493585,-0.151100510485716,-0.223397227867534,-0.121646659956681,0.0482606518119634,0.148631608503656,-0.148121762309752,0.0980093470648591,-0.128942707655437,-0.0648423020688195,0.20145167699909
"98",0.166780725171235,0.0425875644636779,-0.0658158960397405,-0.12294984424361,-0.814369874482984,0.0122165649296196,-0.174785472949301,-0.192225479277672,-0.250034255528001,0.0321384382225669,0.11895830129816,-0.00472956943928895,-0.268516109363017,0.178627115523132,-0.0553550408601725,-0.0810721161186086,0.307251720988179,0.224064058954271,-0.267886994893975,-0.0159222136458617,0.120094556049668,0.010671373411032,0.136376268047637,0.0433357774488317,-0.0102896191795357,0.119397633892602,0.400669102987225,0.550397964354984,0.109366011249375,0.119259578505911,-0.0530422758087285,0.0258170413751278,0.0769272837010586,-0.16797306054442,-0.146015925313314,-0.0483361821521657,-0.143070752423652,-0.0856209713583,0.0460861321729806,0.0645135063257994,0.0889467444120319,-0.324074442395955,0.390194543628042,0.0685829337779156,-0.0395232502348023,0.0052268688485596,0.192906198082899,0.0936825255848773,-0.011697164774341,-0.0971636155718864,-0.106962952856444,-0.0993154457332109,-0.0871391072738815,0.117671002256765,0.0889530314203805,-0.124651468880846,-0.000142725816817538,0.116256562759005,-0.022161305640973,-0.0286405016163998,0.151780650275897,-0.0452407081687966,-0.119001435750041,0.071120907629014,0.213064883114812,0.0483397517719395,0.222772982985809,-0.114730392457217,-0.0109429748162926,0.0137508129100947,0.129712502258402,0.0642085644798401,-0.129549886319851,0.0891862529503484,0.175118482446237,0.169548246554376,-0.102205112191711,-0.0563328873381956,-0.143555397223349,-0.132057635405106,-0.110561585907985,-0.454677696778161,-0.00708023401885215,-0.166561034525991,0.368828636969438,0.0575543518159738,0.0592198072008827,-0.0164032557589934,0.0237291552554348,-0.0811807312734964,0.15268144239063,-0.314912087103882,-0.237896164427274,0.407641898113073,-0.197685264215794,0.19605266659457,0.420303625144071,-0.318292009618072,-0.0224053473641354,0.0255661287828613,0.0663376062311604,-0.0908626125722189,-0.133889630293686,-0.116462848171417,-0.700446657346027,0.171550533720828,-0.155507591952413,0.214272111706776,-0.586950388216258,-0.128398143653187,0.0816146329348019,0.1754742113155,-0.125514298172834,0.00878659091508618,-0.0345814954495559,0.0588716043621649,-0.0164963620690909,-0.0154605920436238,0.05882163500687,-0.285308642269515,0.12693956073349,0.503143204647008,-0.0927843254753732,-0.0992997475015815,-0.000169200753438406,-0.0107401868273226,-0.0303768367658167,-0.104079069672015,0.0874747593735133,0.130565029616888,0.00358297141004224,0.0607492832317083,0.125740693784077,0.0422887969736557,-0.0861392146194821,0.0516661443012011,0.0962831067603165,-0.0157848842375267,0.234358408433666,0.187007198029106,-0.109424526332431,-0.0147839965668125,0.00259358171117729,0.136564239071807,-0.103664607893474,-0.180556430745779,-0.0695205340891338,0.0731203861866678,-0.0670940392818659,0.20317229330553,0.169634223280221,-0.0398420207423225,-0.0556967058467512,0.0349299259285725,-0.124636501905097,0.205709704206225,0.380780483579754,-0.0697695588188855,-0.0202374269792932,-0.0406696525191574,0.685538598877107,0.330154648759666,0.141235011878509,0.194725777160754,-0.150507642515478,0.102539524030084,-0.136364753737799,-0.0778237889834802,0.0816313591235546,0.0573530295429815,-0.229667172859195,0.234808203271665,0.227215024051644,0.032240070915662,0.0027786569167035,-0.0233432972558457,0.02790763822182,-0.565185768517688,-0.0513720056214548,0.1204386221741,-0.171337238221958,-0.0578572841873927,0.106590922300545,-0.0654227447764811,-1.22054298592868
"99",-0.105998438753433,-0.087917875884755,0.213994145458779,-0.145618945207047,0.0725907624696945,-0.138842619085708,0.0182718649271156,-0.117430055542393,-0.264004176139915,-0.170706162509677,-0.00994866509027671,-0.119727231698399,-0.205237911735813,-0.0652355655696802,0.0809588665013941,-0.102620654556219,-0.00516086245092497,-0.225599276841147,-0.190648302142725,0.0339336234981764,-0.0489434408560626,0.0640473510827037,-0.0743756572221435,-0.0628804193306933,0.179741015362615,0.651699969744461,0.138878386468048,-0.0750027330874944,0.0147162121190848,-0.257810409536811,0.107596903619525,0.0810127157110571,-0.0325256000119883,0.0942789539551137,0.170519835295461,0.159751724005268,0.0298782888420766,-0.100460793920406,0.0395004057581699,0.000198825589369104,0.152924423097069,0.120783585104497,0.01836187921442,-0.308532505974901,-0.14163225164335,-0.216883578178994,-0.219124650903093,-0.0918770994182395,0.670362926641915,0.0113686835604506,-0.0190861729852417,0.341481875646362,-0.206132601862904,-0.0825864192693055,-0.112859343228132,-0.100943200884292,-0.108007402844935,-0.250232842571518,0.0511882479863768,0.384143047915584,-0.54121619439839,-0.0884872870173556,-0.109907509921879,-0.0211243913773855,0.0203144382292561,-0.0778699820351161,0.0447665531829492,0.0836010096558057,-0.500374767601572,0.00959102964680755,0.387243077366858,-0.287240033005038,0.0491172107311049,0.0237099786005058,0.337380535158074,0.387254872938072,0.0517500040884387,-0.108826520223192,0.146820952763559,0.148967539720103,-0.00993435719960283,0.0302472747985451,-0.187918829372113,0.163939410375324,0.393503647719041,0.124574098366523,-0.0466696531061327,0.0712492546981388,-0.0928928877885098,-0.0270144079083747,-0.0635506169977659,-0.00579768977016761,0.305001616228832,0.450852801136202,-0.0854173395838247,-0.164453307452558,-0.477648380620446,-0.0335145712507208,0.0279306957907318,-0.173961864920371,-0.174030095465096,0.0653322292505221,-0.0933048182686599,-0.214551186815217,0.0639844405989719,-0.0363049292471588,0.240973174126601,0.107847023340802,0.170380074902004,-0.0321448040086373,0.0323851089387453,0.109504410146709,0.101577862042228,-0.178971278163918,-0.106470452746636,0.136943008820635,-0.0167227312633228,-0.0387026313028062,-0.589371319222437,0.0682085348162339,-0.360269153585103,0.236256640322971,-0.0632071875695207,0.245837971290463,0.124856063664019,0.0786158624033996,-0.185954206791822,0.174438507808133,-0.0428552686205243,-0.187381273624493,-0.00939156862306803,-0.15546394802906,0.0294775546324292,0.0619303797823697,0.190677974452893,-0.0771515120401054,0.82917196761667,-0.0776224315655091,-0.246794817357103,0.683543129242978,-0.00724868834354087,0.0513789616419902,0.196324352510947,0.00544063760754196,0.0568478545761242,-0.0761107892477281,0.0549959523924635,-0.257645693536828,0.184349156695549,-0.204313191648547,0.000358740287340139,0.2049166224228,0.238369598889777,-0.0494406525328174,-0.466609414953205,0.114022230956888,0.0363179354392465,0.202941413606243,-0.187131540907261,0.190477856651297,0.449990383560426,-0.00548102371939509,-0.00853870595032264,0.00965589538253301,0.102474470674512,-0.287676297158095,0.00661073122913068,0.2342225649206,-0.371451598926773,-0.0148947824753404,-0.0732132329110818,-0.307407467204865,-0.0334906141087984,-0.0650234185356233,-0.0885521874666229,0.137733174819093,0.0213675629046102,0.265558950545426,-0.00845797741274053,-0.169662997646239,0.0736097687172938,-0.233833769978388,-0.35861902195672,-0.00773083164583702,-0.0122932843351449
"100",-0.176346928139248,-0.14891032699041,0.230001815357089,-0.199448716760411,-0.0665947093656155,-0.0581873447674192,-0.0311131535803029,-0.119871594190322,-0.185574588619673,-0.0950142065025857,-0.0892395377056992,-0.0419994632624158,-0.102513945252508,0.0624595547516691,-0.0536305996220915,-0.220064983599716,0.124605948216267,-0.0689692107865941,-0.0636488849033142,-0.0672687168256786,-0.127211835961794,0.0147006265479486,-0.0554050048274895,-0.0453919216573019,0.17200365292842,0.71921506927715,-0.275871270368992,-0.262914431168453,-0.113824844245936,-0.142232984957534,0.0512986408252501,-0.0500480856638739,-0.0773513826426651,-0.202136372542944,0.134313739276594,0.206125796095646,0.0699605985311673,0.267267790601309,0.144361908194589,-0.101768962100968,-0.0390311631393083,0.0919155606936209,-0.218126454456884,-0.262952016935468,-0.021808456297519,-0.260146266430732,-0.125022554004563,-0.181899660018442,0.41707563328848,-0.0024842079003863,0.158720255683891,0.2035023914168,-0.0217895742690263,-0.360783267108744,-0.159172777699305,-0.175887374213479,-0.185723927195028,-0.210135927124082,0.0170176088827114,0.0952805276959214,-0.121308214686647,-0.0740035721776175,-0.0867178175260783,-0.166376371659497,0.0578156736037349,0.0479305013401582,0.2543565902983,-0.18531966454269,0.0509476285548679,-0.14537198205178,0.553931012144375,-0.0830906537541439,-0.115313899549372,0.135656493165078,0.517145600800794,0.527128724478349,0.0110925843624024,-0.0835728079844298,0.108452645337436,0.0876390048857574,-0.0330788680780231,0.0109014860094861,-0.195697501544641,0.134971015029069,0.548154488436967,0.0371418388027516,-0.0829526869694124,0.0567972742715254,0.0627500704913866,0.0380079685352793,-0.0326740883467603,0.14392807028244,-0.045341360486601,0.511361550429643,-0.176109216355621,-0.166999520943728,-0.601087929458155,0.0557198482771952,0.0314235052946602,-0.204774512114526,-0.207386434681799,-0.0861929135225232,-0.0880919662013407,-0.134458155433903,0.342261779269691,0.347217151848983,0.0504574275453451,-0.025243610857849,0.0483565307369365,0.000367478420385391,-0.0455068317889674,-0.0205341240407093,-0.235145172139028,-0.226323308360802,-0.117094709207642,0.0779777067041904,-0.079070181335964,-0.0888075795172563,-0.0848401266817621,0.172857919029879,-0.176498919923945,-0.124745768443415,-0.0195369418557002,0.0773158319268101,-0.123179800722408,-0.102015673553544,-0.150790804352758,0.113968662186066,-0.00581766031269818,-0.0390624345793931,0.108700197377542,-0.0360456725459472,0.194359217716443,0.0131186801983059,0.14885428912057,-0.180964226447786,0.265693008191914,-0.129282590100958,-0.15298556218036,0.709518597747872,-0.298434585678404,-0.0314409284295761,0.0285029843213424,0.0915135263894844,0.181324599561074,0.0541150714615175,-0.0237090097540415,-0.190596744970905,0.00812248768618577,-0.230462104354322,-0.174019335420707,0.204210359678504,0.290209764768571,-0.0840657926467014,-0.205405325929311,0.310689622795408,0.350148947981713,0.216923387465598,-0.130183359854237,0.117543740844242,0.0231801111879368,0.144188703416705,-0.0615904521265545,-0.0782167581422734,0.161535929348135,-0.219297798181564,0.0591644850990708,0.283779210111414,-0.252583290931003,-0.0832441120968129,0.129979200693698,0.031351127195111,-0.0623091549186487,0.0573298719456026,-0.134989648424418,0.265691983821151,0.225521364597999,0.0691147352253971,-0.0036477759422225,-0.200452136088529,0.251684935877585,-0.0121348096613278,-0.22529790662323,0.0317172422055024,0.0273619362019026
"101",0.063929400810506,-0.0462846748704246,-0.0357383009537253,-0.143882334952534,0.0140558999923744,0.0612555387316003,-0.0356309391224341,0.182962836657064,0.0259481246033693,-0.0336906355546812,-0.0487640574003797,0.0709898241625151,-0.0125990212316616,-0.0095326534731179,0.133672534159613,-0.125428824758168,-0.0958175361064765,-0.214792977019955,0.0162319419575399,-0.00621840233702832,0.165625076267528,0.0704676614442693,-0.066374502669047,0.210808092520145,-0.0875829774690049,-0.169283109396418,-0.206474451685783,-0.14342303317439,0.0741572354185654,-0.0591282506242924,0.0937104529855942,0.0912313825336747,0.00322004653210392,-0.00683884971702142,0.17738867546086,0.211975230279108,0.112245144669995,-0.364761547451481,0.00139617986011498,0.039889490305384,0.087025852845912,0.0700430947972697,0.0606912724962437,0.0144206893963312,-0.0135064855790922,-0.162379050208888,-0.0421035112871124,-0.0639882497319951,-0.25771852541608,0.0388732383110909,0.0299134356852304,0.00206118228874497,0.167609441062953,0.0533644316901729,0.0135493905475553,-0.127868314494091,0.023538818870652,-0.124647586013243,0.358665328358461,-0.149130589584089,-0.112035302089289,-0.000184332393228306,-0.187711096155626,0.0332148954340042,0.0399976994201298,-0.195957367225491,-0.133407766759247,0.38565305462128,0.141866044049611,0.137845540541451,-0.149966876383797,0.0734878879124653,0.101022981905077,-0.21166857739139,-0.19875460325731,-0.170771761948545,0.148770265777147,0.0111068824745616,-0.099243101923302,-0.108861696777958,0.073717408533941,0.0296771142659439,0.0394115609483335,-0.0450111085910929,-0.122398608160298,0.0952463478149393,0.0452269423289856,0.233773452595399,-0.210064177453807,0.284441241531905,0.0103013841403058,0.00591575169552337,0.202954595410382,-0.0362581273833875,-0.0880532629943755,-0.119174732157918,0.36746748631613,0.0271686159522517,0.131289025246917,-0.0252353495450732,-0.0380723949449104,-0.0701300768448269,0.147660151469928,-0.144791388171895,-0.414880470032899,-0.0530486072806393,0.035582974558959,-0.163906388427868,-0.0425039578112624,0.161168643025408,-0.0271622329322552,0.0219308042968086,0.1148122229129,-0.200877667615531,0.0161711833724719,0.0176879212029086,0.0783290485246871,-0.0140368610815686,0.462285433120884,-0.131612906827313,-0.131695209473075,-0.730728548276019,0.015327869809219,0.00781709391075638,0.0555852446173113,-0.014160561339177,0.145569768990979,0.111785839172721,0.0951512342915078,-0.0403123607645815,-0.0222223558979437,0.0359205639180243,0.142795534908575,0.0150996057676892,0.0431494562573368,-0.0372497740157198,-0.474241073580165,-0.00557043842121936,0.0626407128581851,-0.131374207036661,-0.0226552439249651,0.0638159571872969,0.151080697056575,0.0985454700779735,0.124383458372207,-0.209828682578893,-0.0707231170187881,-0.103976778016718,-0.193531179114578,-0.124489534680395,0.238254967008046,-0.0279669056280097,-0.14023148733691,0.137099245701246,-0.0183012192116801,0.154089351290441,-0.224006604165643,0.119771043481501,-0.0671787192811532,0.0740630708597074,0.597960128173551,-0.0661476758490839,0.0183864492551865,-0.233037676283558,0.0275011870731623,-0.0264234665826228,-0.034994039438392,0.10271359053943,-0.396795712961059,0.0329761600994621,-0.0948602012690459,0.205562034352575,-0.115746157073744,0.106054897484078,-0.175692146158113,0.0375515331929394,-0.0624951196911348,-0.0573178696580947,0.0567371186875844,-0.102089358974918,0.0766981383050967,0.282536069684004,0.381034870926911,0.312952477875151,-0.0212987317438232
"102",-0.0763069320690607,0.00252635162626853,-0.0160142468411526,-0.0115706160538174,0.0818388620204865,0.0627745957046442,-0.121926833517453,0.0594936091462383,-0.0872065654414857,0.0257780807891025,0.0948399377193457,0.0508594249152287,-0.0328436697032881,-0.281326554974189,0.0562339536233663,-0.0922726641228722,-0.142746703761026,-0.340680264263574,-0.00176298390547631,0.00793615195936724,0.0373419900282974,-0.0339198453251956,0.189787563598438,0.0138168511990745,0.0680885376327158,-0.283153937817095,0.356842531781174,0.486289380375483,0.118789038283203,-0.1034380397621,0.0632254118915768,0.0145014163611782,0.0796678893948947,-0.161029871245368,0.0216380077477464,0.133436283575636,0.0462137152003772,-0.069803756170583,-0.0265125921058004,-0.00506850501280178,-0.136953225928535,0.26878322990969,0.038878891562598,-0.15364915712245,-0.125111924779553,-0.0150480789417783,0.0419557404449998,-0.00181281963069402,-0.163836302918032,-0.338056154343979,-0.0250239439027791,-0.135970288447543,-0.0664139084853915,-0.0941657777731444,0.0492370394393501,-0.128852839411348,-0.0965307719176347,-0.119552304677562,0.314393710604379,0.154476250701399,0.307464439516837,-0.0111149794549572,-0.219478302084546,0.0179862409718271,-0.230756595204714,-0.0619442927074145,-0.139932354065178,-0.140054092717109,0.288968387986263,0.0114895711467271,-0.185197210668855,0.0252941352584164,0.0799511923808793,-0.258702442466122,-0.216933600690527,-0.161822223297847,0.00754328665129839,-0.0577559023112498,0.0728026989562502,0.0491858769925398,-0.0626430991329744,0.334829498146487,-0.0708727880155878,0.0532373499239521,-0.167223574208912,0.0649376423674158,-0.00350503741653464,0.0496816620969131,-0.0831887099604824,0.00470153847120665,0.0725896980879178,0.140035454598146,-0.0947724056128736,-0.125399173684348,-0.131749990241791,0.115733078932746,0.332309180006746,0.0300134364422788,0.0146971910279342,0.0603798358507082,0.0923349206365341,0.00723041964627453,0.151016232265441,0.440313965426323,-0.38140185122736,-0.182135952565359,-0.0937450916770027,0.00983616831193011,0.253759649963241,0.0944327609934511,0.024681025740258,0.0636758920771589,-0.0626113282609856,0.0163161458721776,0.0954959174891911,0.0458132634821627,0.0738207377030779,-0.0288948592865722,-0.101984824934802,0.250038690853112,-0.0559256631893775,0.0547553724679753,-0.195064972255428,0.102407859298744,-0.00246904806288163,-0.205852502506731,-0.261691041387247,0.0713798852319746,-0.043281546837522,-0.0580684204892865,-0.0395728060397013,0.053528376910352,-0.0282617532353227,-0.0439295161214317,0.226205264658316,0.0107137716095287,0.186200023868325,0.0216263945592388,0.0911208237959372,0.512742614703089,-0.000335563784471429,-0.00168510261890309,0.00872019279557401,-0.0932087540028643,0.0973351641795958,-0.100183965150082,-0.220591644403227,-0.0913930147290676,-0.0781136670042579,0.0669408300723872,0.0160511599093123,0.123427101644918,0.122148534159001,-0.0684679556746649,-0.00214809974751068,-0.0908003059076767,-0.405303715375669,0.017111622481446,0.0902689656032856,0.111753125803853,0.196287074317441,-0.0534314218420913,0.0846828456683397,0.120046028551156,-0.0104561043072162,-0.0938821993129051,-0.0839308361431491,-0.280427962365009,-0.382842259296835,0.0417487652240095,0.0492433700989615,0.198160749556242,-0.224019850264699,-0.0127034371589196,0.0159814115083689,-0.0603322294845907,-0.0190814768574515,0.243870744304823,0.0458548865766981,0.0277896163998123,-0.0988618260900322,0.183136503139411,0.22182104557652,0.0362848560000799,0.0271148097283089
"103",0.0411097616924955,0.196280354288416,-0.333023859963128,-0.101237329028479,0.0088290429636545,0.0389370074407281,0.0299125611897492,-0.0749349195559428,0.1886899855379,0.482256730011117,0.286833510714065,0.0493862697358737,0.0496099310827056,-0.171332124523785,-0.0598132830751601,0.0316366705708441,-0.0912082836619666,0.21114766072556,0.198423324310241,-0.0244419044155237,-0.10956701413319,0.0186100829930576,0.0391076374238403,0.0986601542904329,-0.042377424882494,-0.159244184587306,-0.130704116476046,-0.0957717228645772,0.166311457322072,0.100508707301205,0.027132149683392,0.0276087789317641,0.0464481842982487,-0.0180126886396071,-0.0228514916577333,0.0839397748889589,0.176412985179973,0.0541950928550512,-0.0329088207346232,-0.0152520060286169,-0.19064925529833,-0.0924913116291993,0.19821067385272,0.183259221211432,0.0936107759967506,0.092831000070669,0.05164923877821,0.129708515687947,-0.557565195658606,0.0586856667569723,-0.406195319262525,-0.392177875892078,0.0454042286619708,0.0690104126665972,0.118748477042658,-0.179702491481701,0.159099738243508,-0.0254376676271133,0.0405949350117811,-0.388923711560844,0.218380949051015,-0.0390873900150376,0.0551138605065837,0.232424776560231,-0.108540554601847,-0.0920024449965872,0.0567057584460031,-0.199156100953804,0.497403491217184,0.0286829662179133,-0.583679876309389,0.264180913312241,0.15779807867147,-0.0247527878650171,-0.642259232411193,-0.593833088841152,0.24056185254284,-0.0305508699965722,-0.132072412851322,-0.085587249502693,0.163694903245716,0.0242149064501237,0.0539466116332935,-0.082524872380449,0.0607920815102166,0.140133001364846,0.111237002071076,0.0129714963632769,-0.133920039631901,-0.205033915915867,0.183613999289391,0.0663648321373426,-0.166427350288869,0.0592445647076436,-0.0611981679454889,0.0801784061765405,0.552941729161266,0.0250874585427635,-0.0778244471165449,0.0568379046687732,0.0827793093606108,-0.0378386774902505,0.171069960517937,0.00636644097943231,-0.226832870167608,-0.0227319300459347,-0.202440578467095,-0.0885529047937123,0.142235741060437,0.0849098475995845,0.135816810532252,0.148483532858238,0.0184335099027325,0.140840762846066,0.243867365864744,0.0567339223364271,0.0253551596623739,0.12482246403995,0.118135376316349,0.173713177623421,-0.216012192202945,0.218932224014548,0.0913153674833992,-0.139596149096042,-0.0503411550490729,-0.162282990468867,-0.100714627532988,-0.00257811495229815,0.11854097785544,-0.057618151570763,-0.0492854805298197,0.187940153175057,0.124443617294836,-0.0531149657802203,-0.0229482828214171,0.113926134199977,-0.266194861334746,0.109436658965416,0.113515198480965,-0.563189784550958,0.120533019313768,0.0103297452676168,0.094571065106524,-0.0279135630499922,0.0575182843233637,0.221399532575202,-0.089747235780844,0.0693026058987036,-0.202186298866847,0.0113960703302121,-0.144323695218642,-0.145060379949859,-0.263921157119317,0.0972773148097555,0.127989189918564,-0.461002842980753,-0.607760735957959,-0.0771362210906703,0.0427613738014151,0.01454802757811,0.472537974082961,-0.324176549296302,-0.022034014560486,0.0630485860220332,-0.0705989888298423,0.0681375784581467,-0.155852755912674,-0.28127894781518,0.10880990423508,0.131228588395592,0.0302016502858452,0.184315817037612,-0.229886741832765,0.00829677845271313,0.07852596636317,0.0358661890900852,0.00110516287862301,0.182702577121814,0.110726756098948,0.0319936181179802,-0.34762604015106,0.228386477266861,0.241813910873038,-0.158200518538023,0.0130054881339884
"104",0.00927170707802628,-0.175254116160758,0.211737516542317,-0.217962267097082,0.0606529026500166,0.039908249881145,-0.149748955737724,-0.0365568136434134,-0.138199568446517,-0.0888987109337652,-0.0651340972669096,0.0483782316825441,-0.107537573750266,-0.0239095106329432,0.0819049628843087,0.0891516475798168,-0.00722366993598662,0.0600697990721344,-0.0116194922442653,0.110536409220458,0.0930452799326259,-0.00361813057142311,-0.0520866802060573,0.0152346204799335,0.20016977859033,-0.394118567980168,0.0495529527572019,0.123249825259468,-0.143498865541522,-0.279131200916558,0.0562506955124106,-0.0371226947009935,0.00750946273945494,-0.0544945833242576,0.125125179044256,-0.0689312159556983,0.0146735483686058,0.44649176780897,-0.00425823476804598,-0.0440562672604353,0.210119684528347,-0.000843212522446454,-0.261319269886625,-0.0874297657632647,-0.0923841845251037,-0.111674970689491,-0.015266122216466,-0.145292558812744,0.280430653024835,0.105672568090097,-0.00116846702887212,0.162829833049289,-0.061381226905122,-0.086358915039713,-0.066010406190825,0.0210527270412296,-0.0256139532895498,-0.0961206118425259,-0.168102061930227,0.0812784505642916,-0.011165842337139,0.0608528639539124,-0.0786976431349506,0.0493301434920506,-0.0350746400936641,0.0864931246472198,0.235946886690429,-0.175666545251356,-0.0835776258716316,-0.0113843917113632,0.339226989553268,-0.104452549155026,-0.0312522066032973,0.200917100375026,0.284216869272377,0.335805682621777,-0.105282625658701,-0.108585193979604,0.000989599147106168,0.0349873718664582,-0.0469710525740596,-0.0484031056521382,-0.116030118081139,0.06218876528731,0.0745319839658775,0.165048363705169,-0.034969210865724,0.0135268561165815,0.0944016866107955,-0.0386559294986552,-0.0887956335794887,0.105617828343183,-0.0659502240057585,0.0897546990628267,-0.108247365943334,0.247707058906574,-0.825685758303693,0.0624448082894303,0.110474901953513,-0.007329276938937,-0.0583039575441472,0.0514089155355633,-0.117524272120442,0.106808883841977,0.418498853619915,0.014666272094458,0.33629616827278,0.014266715995368,-0.170824926962932,-0.0353992626695709,0.0131035731502078,-5.69281217053727e-06,0.034199425174427,0.104035770884238,-0.0567569233697836,0.164954655175091,-0.00224307965838618,0.0160840409393422,-0.0613340004270816,0.0225093634850143,-0.034541727833683,-0.546224599672759,-0.00028638110362704,0.0771780447662852,0.1884800557999,0.161971743063915,0.187142530274573,0.0471729161975965,-0.0546128083399328,-0.0603038410080651,-0.0344382974872691,-0.0579300658309786,-0.0224200167170763,0.0316750452182123,-0.0139948039708009,-0.16699569794667,-0.0733613397649721,0.00287459208373596,-0.141719203765753,0.180689725810126,-0.037732636681529,0.0169126732608763,0.127704911918523,0.0233766072050831,0.0913404934821681,0.106992569926908,0.103073783285205,-0.168107933703532,0.111905370323084,-0.209565184249428,0.083554935300193,0.173768328353849,-0.331803262827945,0.017649847917042,-0.20940048248685,-0.04323709095368,0.119314021990531,0.208081987544275,-0.104362122708091,0.0723833980902074,0.0473957254147093,0.0265936620912029,-0.0753333390892415,0.0387511246039752,0.0932812199255998,-0.201531388163601,0.0369538018928629,0.289208276648247,-0.204290595476375,-0.0418923613223995,0.0363549666601081,-0.245557775201086,-0.0283715305637027,-0.00639485078261056,-0.104022067273977,-0.000143705975813761,0.19401988084365,-0.114223850906289,0.0558915790492311,-0.0929190053086325,0.0101678494817282,-0.107160715719725,-0.339628536865194,-0.0650423785300348,0.270989252918358
"105",0.182442125160488,0.0985695312531862,-0.128160110648641,0.328988843910808,0.49533799350845,0.00769924826109096,0.00386714222363425,-0.169385554484549,-0.10403594374594,-0.201533108037408,0.115005296846097,-0.00719663511889592,-0.0108657059347284,-0.223647682015979,0.0995699021791348,-0.218885622079007,-0.633895962889194,0.002887903917431,0.0558998838906327,0.0081834913221752,0.148322799396624,-0.0538721519047615,-0.126901164146612,0.0940961228383999,-0.206125576506291,-0.185573121559325,0.0143959011443319,0.244242735621541,0.0164996113224739,0.166337451287933,0.0457818356075023,-0.0358269218693275,-0.0143093904335892,-0.551494034226223,0.114902077047227,0.109574075582124,-0.0889125659987824,-0.10082168395595,-0.229551095605033,0.00129402948078692,0.16089740431288,-0.242708002202032,0.30562184102532,0.128086059365651,-0.199115995432654,0.0272368415682976,0.0944225058572239,0.122757237822999,0.289939068691576,-0.0854594597062312,0.0167616634243879,0.0848229329405819,0.0803459929970994,-0.028851533862723,0.015687332949731,-0.163685954146008,0.0115670079767113,0.0970857546426065,0.132794697262249,0.0137412240017065,-0.330676470735786,0.235588371312056,-0.164110330011692,-0.162742997348915,-0.435850359519568,-0.0446624039408924,0.00716894536330584,0.235284247216078,0.22241686198691,0.0384697490623666,0.0500193095823254,-0.216479036914725,-0.267516198607461,-0.237213130923514,0.0237781270535476,0.0747471976375396,0.00230855248688162,0.167115010243499,-0.1759800191238,-0.0997251375043823,0.0184434385284096,-0.447211075116835,0.0429294784048384,-0.121933030568959,0.256179980240636,-0.246828220448528,-0.109926584954663,-0.070243812496617,-0.0474687575527837,0.144947015220552,-0.152625007057133,0.0135231812605404,-0.399468340603711,0.233748122896541,0.0347800168905335,0.247027846516246,-0.0627353492315357,-0.210607691507233,-0.0454506540158412,-0.0787057480572744,-0.0333862928845315,0.0786562872273376,-0.0455548355597639,-0.116813652903577,0.0125892541618849,-0.146089532143358,-0.177779763446114,0.00125765654627451,-0.221590147236293,-0.0768114360228247,-0.09408739572984,-0.0111994058261121,-0.0369676740305614,-0.0447759301821303,-0.0622666812576937,0.00170878573732411,-0.0457826884831102,-0.0276211655123737,0.349986916776696,-0.0944938950982436,0.331033429801705,0.241526614788607,0.041950798024999,0.131208869831786,0.0670316207745553,0.125625721772914,-0.422619158398672,-0.00353270100845087,0.0245527749976132,0.221740840414592,0.0602802636972247,-0.082428700732513,0.0893481616345099,-0.109216749616656,-0.0767494646323847,0.13811890174359,0.188422520949057,0.0278970786131233,-0.0466184571831327,-0.184550321272545,-0.0443365396458736,-0.00663697506516859,-0.17347916113816,0.0421796613802405,-0.18516100592051,0.0047934376837367,0.190945396634575,0.132495619702431,-0.463412326962531,0.164304348507082,-0.178387836287979,0.151782434420243,0.443286866629249,-0.0438525493646909,0.0250328306134472,0.304338254502826,-0.115494245699262,-0.00812875817081711,0.146059146716669,-0.0458673295395241,0.545176117966157,-0.127941550215688,-0.0212723600892257,-0.0613228388399387,0.0380326960829949,0.177164510549545,0.267309610098076,-0.078405164396436,-0.1951966598242,-0.0583556975910048,0.0957133783296022,0.0730239831139638,-0.0543749445265617,-0.108350720229639,0.0408856148484495,0.0312345305336971,0.321558574673523,-0.123518847160304,0.0346595302285608,0.137052765466305,0.232200310131678,-0.0526842053496891,0.171911231212877,0.108640165647904,0.449232566218235
"106",0.143958203880478,0.291276831980379,-0.127071947742474,0.296031206797647,0.0376666770134361,0.13485701754215,0.00895453322397064,-0.052682250962717,0.219414870332749,0.0692873063697265,-0.0785086805085894,0.152799106916023,0.09287916082126,-0.0514320571864285,-0.0121509263247044,-0.12988263887962,-0.215476170619835,0.0618117044487674,0.205340621586286,-0.0849582766686438,0.121349453298206,-0.0765833750140773,-0.118865603927308,-0.00959304281991617,0.0415567904285427,-0.348660243396012,-0.141097914682852,-0.113595712062308,0.0983638930340734,0.170436272968333,-0.033055011657569,-0.0327879887809828,0.0945744321095334,-0.295323732923653,0.112688961606987,-0.0779234480046307,-0.107706133698993,0.393492266404018,-0.0803161111593538,0.0390815191884216,-0.0882038850829566,-0.233100087026095,0.156697547926161,0.188603896259244,-0.0858954133718001,0.270459846530353,0.0802726336572113,0.259271312574871,0.012320132232496,0.0126467227148207,0.476531892044272,-0.00755302607602166,0.0696028400635783,0.149862244598876,0.119266733003334,0.0344738226259514,-0.0596771442261657,-0.0035975778290047,0.407140023515297,-0.00697317271853051,-0.266757729734075,0.149420620818916,0.00953686587854174,-0.255584295759467,0.0745721718283885,0.0159401710691663,-0.37546249256784,-0.11334846446795,0.0711462903224206,0.0102477450190723,-0.195105552599179,0.00321822030853232,0.12381013988321,0.000106948597477967,-0.143455496319182,-0.116227399966889,-0.0242351324591096,-0.0188011186887662,-0.198823373202033,-0.164426975210052,0.00919869672659519,-0.147235332919414,0.0750889428341274,-0.225931886184429,-0.167652781435114,-0.0489258604462934,0.118279815224254,0.0222183881408572,0.0264096888372878,-0.110987579250556,0.090464767953982,0.0525756583756561,-0.312651719664646,-0.162295305553859,0.0486679303144742,-0.0900122261905911,0.309924374553075,0.0903059186823113,0.159683650711969,0.0315122702945286,0.0961489334288848,-0.0618958350732472,0.0889145686518123,-0.132734019333389,0.0427024667139811,-0.00561342210219922,-0.320221046165796,-0.0650847026178627,-0.0644836222575984,-0.034949198852701,0.0706740863592266,0.077927680503972,-0.202319003467345,0.0376729137135206,-0.105410320007681,-0.132411167295336,-0.034513106857115,-0.00768855600539137,0.408006748662392,-0.0448944500768559,0.134697728654558,-0.292774183085876,0.275941700187392,0.0996439828158025,0.0594849318822361,-0.190155729019101,-0.387276061767144,-0.0553468255148739,0.151326839841322,0.0911629523695795,0.0079768577380824,-0.00875540082138548,0.150340203593494,-0.0523150095702949,-0.179540154220357,0.246242286684242,-0.00549269120249723,0.138699953001845,-0.0140113012740598,-0.541435594876488,-0.0377654192394944,-0.0607400741609108,0.0382456626555175,0.0247653241892514,-0.138928678358393,-0.0511622009304072,0.0531465726972569,0.0634173593731505,0.0231160972244932,0.115936169737475,0.101243548476413,0.0058072373790612,0.351404323234032,0.0637738563791528,0.121504901557751,-0.00448987983946684,-0.0759580966760055,-0.315077752950799,0.120465808611966,-0.123511323023279,-0.129423053960851,0.0396033744412497,0.0381513654637718,-0.174944654491757,-0.0860378435086257,0.216517063873483,-0.203837025905473,-0.176315479621635,0.0798801204391619,0.0849084094798614,0.0365549351794556,-0.0326143902215166,-0.00224986514774109,0.0757025516252859,0.235411415919182,-0.127425799561047,-0.305090602823106,-0.0967888181129527,0.0214603113371025,0.168972840377495,0.0660690229998548,0.0685592717290941,0.0947595702001168,-0.118264562849781,0.00829751536325578
"107",0.0490426897476815,0.00998445012373313,0.142188107055472,-0.0984150249767258,-0.0786667289474382,0.0467588102653103,0.113491652662171,-0.207600808170119,-0.214504970671166,0.0996858808918535,-0.226257284670066,0.0771605728101279,-0.062623919211541,0.217722614136138,0.0333518223234373,-0.111581978555739,0.150543799316515,0.165498088243778,0.0611442959635521,0.102022367150333,0.00446199359354845,-0.0210314725790923,-0.18354872822231,0.00981266536504987,0.18525381662929,-0.178736243719033,-0.46659471767651,-0.321050558609639,-0.0582392812833062,-0.253987643524019,-0.0533251413662239,0.0257753456667315,0.044345456594566,-0.104056417694932,0.182969974026093,-0.0693678921482739,-0.0159032356834046,0.0421177974653602,0.195486683657133,-0.0311199885970538,-0.0334147519082577,0.200811870286013,-0.0632224324452825,-0.302143939339153,0.0485306664738957,-0.131636640848435,-0.0356385874100728,0.0148679759217939,0.455750767756392,0.0760753671614947,0.163763107796499,0.203915724760348,-0.00674796834607927,-0.00645461095769005,-0.038760957337301,-0.116903844483671,0.0551964930837519,-0.232765108172745,-0.116651049028644,0.363507535825347,0.165157128629873,-0.0507458865089856,0.107368748215971,0.062974249023595,0.213193076247474,0.0901792280015573,-0.264184581023785,0.0382768725008815,-0.106245579930791,0.0282592012238132,0.14955069765026,-0.0368217114869195,-0.0289744388401892,0.180502829797404,0.135231928274472,0.122432274820635,0.0496511314394821,0.0697600293778519,0.278222834711019,0.270939169159296,-0.00586274089998666,0.169271209363892,-0.105345909834343,0.252070252546577,-0.374453763054599,0.0401059147902688,0.0558664300383199,0.0349833162651182,0.0476900135664569,-0.137432475976688,-0.0697671733760946,-0.0175465323569101,0.181622594081201,-0.405786043835631,-0.174614152883509,0.0695231632652263,-0.158762335211159,-0.0187684274668792,0.197210837776138,-0.0143030881503942,-0.0204205985333898,-0.0248753317766052,0.0278565667350953,-0.082036280474154,0.0111905488729321,0.139573357962504,-0.0997266100062746,0.119460402707873,0.379286716248988,-0.00451797427818938,0.0925341560185095,0.117685451635654,0.0387309514133484,-0.411651472021121,-0.0257556656173924,-0.129580904753525,0.00304969941433035,0.089147274805023,-0.365661778026886,0.380611578651702,0.0943766867684425,-0.476687822295031,-0.114409251581395,-0.0719438291288272,0.0817077378199326,0.123781275441818,-0.158785026685607,-0.0638377223308134,0.0283403591415062,0.0518932593208986,-0.254896967678748,-0.0381462905021954,-0.175727928137359,0.0527851645612653,0.0916571171431153,-0.0250245644886754,0.377528335497698,0.0348016968106171,-0.000770662967039865,0.253822276757836,0.0868631654720203,-0.0174753658751343,-0.196995315251719,-0.116528788806472,0.069067767550626,0.089567990710452,0.0389839706589368,-0.00889947857542879,0.288965217495958,0.0656404169478686,0.120150451530561,0.366669520986526,0.176976906630249,0.0787511918456877,-0.326437527845513,-0.128083296081587,-0.203028423507795,-0.152355345046639,0.100343264325283,0.0781561484704646,-0.930879784076374,0.077285617434427,0.07890440048468,0.0892112333299947,0.00327844763120782,-0.276437971654089,-0.0855328431925081,0.166679499907093,0.0606813042935576,-0.01454927258214,-0.0471037896463036,-0.13622238329282,-0.0152935346405071,-0.0749836701931916,0.0364259568797014,0.0816372554845319,-0.242477503329764,0.337984966486433,-0.00445999987614927,0.021272069418382,-0.124140021463106,0.00905119967249838,-0.0832671358743912,-0.108384457902286,-0.0150907434784587
"108",-0.172466876538845,-0.199079826967662,0.192936615862654,-0.109949251619779,-0.0221162743442113,-0.0602267895640044,-0.0309672644486323,-0.153756169861955,-0.303670134012066,-0.0408858257346895,0.00417805244963831,-0.0671828181323007,-0.0717186902166391,-0.0165501073755443,-0.0893261097352546,-0.131869764031938,0.116235799939591,-0.0535207116057733,-0.0584372861101032,-0.0583172590214463,-0.0461584823659483,-0.0581753950755716,-0.0821558214198766,-0.036052323732821,0.19261659426722,-0.0326944861796791,-0.189140669905454,-0.114267744285191,-0.0786353369800669,-0.0974512265139018,-0.0363863336258004,-0.082560897844999,-0.0527252576083011,-0.130823010152965,0.100724295411579,0.0498391266688678,-0.0274852102484182,0.00868464345768873,0.195369982432378,-0.0613949309411343,0.0050190047042101,0.0898797181761727,-0.207356315332305,-0.106321876927605,-0.0720304122132784,-0.15176396616109,-0.0752458429656757,-0.121143751886426,0.516021341267018,-0.00201437321891076,0.0822507197302507,0.395698062290651,-0.167784332509752,0.219341569538778,-0.104525124478501,-0.121717491940758,-0.144044038430965,0.622385573702932,-0.0978312395432688,0.0955613699340652,-0.102019008244191,0.00122620244537376,-0.100939861753545,-0.0122396025227193,0.0548796806275666,0.146118909340575,0.56606844163631,-0.144803773090159,-0.00273468489615113,-0.104134619095408,0.429657433101776,-0.0311916657573483,-0.180554035290633,0.0667957383145817,0.428481491234421,0.40439882862344,-0.143381658465969,-0.00693311727102002,0.0941011162944761,0.130455401982123,-0.0870208212878904,0.0131859335125609,-0.136248184460639,0.129429969056463,0.291406801380185,0.0616042388439784,-0.0671764169766597,-0.00857829359142746,0.128995054478627,0.0876714095258938,-0.0116036629650315,0.133466207741744,-0.0504901466916708,0.307297521148959,-0.146178920408615,-0.0591544570171196,-0.747850833375722,0.0578719931651071,0.0316169278423853,-0.0990801294673097,-0.136100335424226,-0.0169717445251644,-0.189655256089794,0.0538910637215648,0.508053387565253,0.148046635058983,0.0107980252505897,0.0363569373867426,0.184522742853818,-0.106854362411287,0.000167686181363375,0.0117171323462017,-0.0962906102450325,-0.189423380523344,-0.0974287678789088,-0.0238077521952937,-0.0599901395771787,-0.101556841767658,-0.0908335395424008,0.0362729021338938,0.0299763739225482,-0.491421485326973,-0.0275949576299421,0.0031785461576421,-0.0858510228566725,0.0705506489270732,-0.0982511158988775,0.102614968641381,0.0155562017840959,-0.0187131854182608,0.000186413001784427,-0.0629188762831888,0.127345310466545,-0.0378421254372278,0.217024329561085,-0.118126874133495,0.26017677293675,-0.0598271043114397,-0.256177260464666,0.470196632158835,-0.153835819015992,-0.0236757913032138,-0.0262319496087767,0.0415936372446056,-0.0699677561533065,0.171788518423002,-0.0341197457273017,-0.141718039781682,0.11468389306013,-0.0837573238975793,-0.0720033986699943,0.262770600633922,0.0442760458357587,-0.103677556441192,-0.163117839439021,0.207459735032549,0.277396709645029,0.0740110326216296,-0.131143200157688,0.0690501454756061,-0.0176463053437391,0.125056859507446,-0.0921662701672908,-0.0167447555088162,0.123910447892813,-0.0996343579778547,0.0670840616169007,0.200218570393643,-0.335057828595552,-0.0622467710388418,0.125622039842819,-0.192808230080674,-0.112877770906215,0.0391791989341237,-0.109743015915301,0.114569592762505,0.104614465223756,0.197782447635746,-0.0361621407325679,-0.0758833801306696,0.0998406409450362,-0.226018855254901,-0.237510310754062,0.0840835802484242,0.0805293918201801
"109",0.0372977451310201,0.0213479405406937,0.0149361543710973,0.0158240981848409,0.0622179521392617,0.0354523130259461,-0.00455849503237495,-0.156699983549783,0.842925997816787,-0.0117221483086346,-0.0506111977569982,0.0243977157797988,-0.104226309008786,0.172822465023217,-0.0113441396441826,-0.188861310084566,0.107120611681656,0.35236966596395,-0.196246378040405,-0.0120687572947468,0.0139062026372913,0.00557570922555985,-0.128533677824443,0.0613601711412971,0.170439534286924,-0.233956906849508,-0.0335624635616536,-0.00918513582691313,-0.045843144780494,-0.355728161633069,0.0122559852182203,0.0328107547955263,0.00648847711784592,0.133372333917417,0.0945173171986749,0.0423290565925926,-0.165954925724538,0.187380137680135,0.0483050352951849,-0.0200345176256262,0.0549588925939811,0.216150140950458,-0.0530519024515207,-0.341824536556816,-0.0099278435181925,0.077503938065954,0.141046646475101,-0.0196074879697991,0.32541814939077,0.0440633155461888,0.0759432484803607,0.131093316915614,-0.0575310693385104,-0.279086427030748,-0.00540809372694417,-0.229658159554923,0.0788719293703854,-0.357981837495856,-0.0938927422307802,0.134550001167661,0.0825851904165375,-0.0707961455925876,-0.0473404866325806,0.0563860086297128,0.0865404545809585,0.111443786357501,-0.290120910157198,0.0917334687434242,-0.232463415649031,0.00395860062156791,-0.0341309303823231,-0.0421879533066652,-0.114927586976013,0.187826253232989,-0.0357675955415108,-0.0314193745862976,0.0121630717481843,0.0365434407530249,0.0430179636256423,-0.0123697266159636,-0.00935092664790475,0.165569942507831,-0.160671627225794,0.0134940714997129,-0.38526699188713,0.0119298446955743,-0.0160747051040177,-0.0401559967282382,0.144792488594289,0.016025845054512,0.00572473115042925,-0.105508705804591,-0.124193634496352,-0.412255218400809,1.18873301260658,0.224156915791898,0.0402515172842068,0.0495387948130404,0.151579349707652,-0.0680353589362456,-0.251862024739847,0.0445690504414312,-0.0206531912997759,-0.213055486646444,-0.126828476913736,-0.128862851382741,0.182871203328259,-0.0679337274846943,-0.317191014522771,-0.0582118601397844,0.0106606237098495,0.0294236913424214,0.356703430280513,-0.539301159478905,-0.0422795122489066,0.0254892566031669,0.0791109874367798,-0.0412948808090674,-0.0903250729577953,-0.0184064539331973,0.040808456591578,0.364761727277419,-0.0966389199742258,-0.151533883174015,0.0591057243789978,0.398783355882932,0.123809930980336,-0.0655093358972291,0.120494601705605,0.0668698351589119,-0.0215675653562796,0.0687877356753902,-0.10244995221792,-0.0560281042438695,0.0443751626794423,-0.00445309468298748,-0.0307250185918261,0.0406163093024098,-0.0182523117050515,-0.122642973106163,-0.0303439290386572,-0.0916069455721187,0.161507110016634,0.0263203068500747,-0.0988101196213424,0.271454376572764,0.197059637686711,0.0780925211208602,0.213136746321462,0.146167697425161,0.0835041252857401,0.0990359510672182,-0.630296475269151,-0.136644036713508,0.350365305520573,-0.0480174590869009,-0.297361499487738,-0.0407706248302399,-0.0396942732148503,0.00577354076594747,-0.131655645282142,-0.0382619810282295,-0.0122675882840153,-0.0277782643777966,0.0148665212188246,-0.41392123426046,0.0100957828238256,0.0380567686990652,0.274717062291378,-0.0406778644942504,-0.0181385460380164,-0.355913125462637,-0.0108866332000826,0.111319219475678,-0.000181228488441917,0.0285427394910889,-0.00914307653305218,-0.336422531067632,-0.0376069711066272,0.0504297232002223,0.012503896219319,-0.134186240317094,0.0575898908400062,0.0466771204912448,0.143233375078369
"110",-0.0359277418495564,-0.203023759348994,0.195424432131036,-0.0143683207335091,0.0375462153292435,-0.151801643768224,0.125220679579603,0.12552294854405,-0.180451708999456,-0.192144021492052,-0.00294213565861196,-0.141380029595373,-0.248929691063309,-0.0638328799094484,-0.125360034938576,-0.0146826506086962,0.295460714047545,-0.0575524939716706,-0.12989010270562,0.112245144643517,0.113368985889364,-0.00493426873865358,0.0117069266171696,-0.0438472715723734,0.167817441077242,0.462416848620363,0.115716351564053,0.0895443717056229,-0.200946561276077,-0.0569098245932837,0.0446993010627325,-0.0198468879803698,-0.110163601845812,-0.301613784026895,0.108673238805102,-0.0244754582933284,0.10506165485525,-0.0790229735796029,-0.0723150091242977,-0.0558216286166874,-0.129081966849893,-0.00212180106929985,-0.240128933332014,-0.0566826476794056,0.336800412218947,-0.212977208408518,-0.18252574349749,-0.215991467601915,-0.0761529018642067,0.00541144828721882,-0.0897201904349778,0.00941749810067494,-0.135948659046391,0.15645148933943,-0.167092668692887,-0.136244637008997,-0.0980242250241349,0.026119061215286,-0.0618508241157161,0.202421844060305,0.505462781181302,0.0949741322199266,0.108073658672266,-0.0156946993365951,0.176426595278548,0.0911702526587964,0.258565729813468,-0.0862602775651475,-0.162240294311472,-0.124493400834005,0.571293776607976,-0.124298283789533,-0.143408231163062,0.0206132861627949,0.502249061910204,0.558652840740079,0.0269962463883256,0.00111546184303854,0.121453221727919,0.146607934397931,-0.00107091767285176,-0.0222092101866286,-0.132382364791911,0.111667405037147,-0.348170061641886,-0.0671220363845112,-0.0421258990071102,-0.0599917259249262,0.092212607331649,0.0333884589332097,-0.106444163136121,0.0285413567975764,0.0102359422037773,-0.287150047395058,-0.118286524242857,0.0178547018473889,-0.0657089125526599,-0.0486030557510896,-0.157462102526878,-0.109779826512238,-0.152588300278039,0.127737112225893,-0.124502363058187,0.286641352510183,0.330298484161501,-0.162193295892661,0.488607128296662,0.0936286949314318,0.101764487998121,0.0330135452326655,-0.161956089315869,-0.304174520754595,0.0316684053592827,-0.205875493178185,0.0944948386924195,0.125724905389207,-0.044247361095787,-0.117578610164359,0.0535920156621474,-0.195899562488643,-0.233544573117921,0.263978620175841,-0.0323682456963169,0.0383028274246002,-0.00495959808648569,0.0754442751108757,0.313615319833822,0.0781975141950557,-0.275791963882441,-0.237589222878358,0.142543659292056,-0.0843000819734315,-0.0883744073498601,0.00373318820722572,-0.144053396925871,-0.217319495979836,-0.0561476174376768,-0.170682886477384,-0.1359579975673,0.488161300353755,-0.101135341117679,0.154341960243277,-0.059721327233056,-0.0901134324693425,0.0533308601955457,-0.160483215110103,0.0728165279020108,-0.194198922958296,-0.108111783474254,-0.195622965482173,-0.0449683857539416,0.072764536574551,-0.157838469465083,-0.0681936688204598,-0.209727950972375,0.30334523000628,0.501707146526062,0.256611698209999,-0.0635931267052664,0.0313518363874752,-0.153564519393572,0.249766449635322,-0.0896183147945649,0.151662937335712,0.027196673627134,0.0868881369024724,0.0101013107671303,0.189881346032114,-0.161622029664238,-0.169041446775572,-0.00933935225937464,-0.164520872145597,-0.141895723710634,-0.0301412969503282,-0.0689043437984418,0.094740237235606,0.389222946092479,-0.029753862757506,-0.0500220618284629,-0.203775217071614,0.475736020413156,-0.100098245478143,-0.202095533506624,0.0243654158608431,0.0962554824917307
"111",0.0771414521468532,0.149463826843282,-0.0952309251419495,0.0988131862064258,0.0512224219120553,-0.00571689032816554,-0.154299277466804,0.0229799310263445,0.188105446201045,-0.0703450270456391,0.186367847158343,-0.0201567968157335,-0.00120830570762332,0.105000328260814,-0.204987925840611,0.136137453224859,0.140738035652582,0.050434078402299,-0.0364376361835106,-0.0245547357499388,0.0741322284091653,-0.030191531482329,-0.044511909036362,0.119193556220994,-0.00627077160996842,-0.212331012920696,0.102622961083367,0.0206987130474933,0.0965034351286141,-0.269526035857631,-0.153591934164735,-0.0272922641043927,0.0423599246716155,-0.106785264000619,-0.0379176057891703,-0.0852852417373281,-0.14083936801152,0.360307514381213,-0.136729981315959,-0.0212102683980929,-0.0883651612194679,0.0347477161251813,0.152478762858577,-0.195666657500433,0.110523151863959,0.258083972661337,0.110313695538716,0.148942897821452,-0.274669478925294,-0.175254984863009,0.0665011014638804,-0.216181169386081,-0.0502319958103773,-0.286482049369994,0.017222474188649,0.0110095105538114,-0.0675937539557723,-0.238354699742127,-0.216231177746642,-0.539578839778126,-0.0677010604130106,0.0681120676537366,0.0575698795317363,-0.0478622259806287,0.0709409376594132,0.106176449100738,-0.0693550412620564,-0.0519220938492236,0.306085877473175,-0.05633530203406,-0.0467701249750002,-0.0145949332585574,0.0131999166251407,-0.13299305021676,-0.0129822620848471,-0.0383125833636425,-0.100347002248226,0.121121872035736,0.0350214191199956,-0.014230549008231,-0.0593108436549729,-0.112269939249474,-0.0535912634448811,-0.0294629415640765,-0.0966390379664865,-0.127416690396968,-0.0824018635270561,-0.0815868436822683,0.148203486754179,0.126733533486293,-0.0726623661850895,-0.338416676374054,0.397760474273546,-0.0465906565657211,-0.0392976474598294,-0.166589297674744,0.47318360229936,-0.166850782422258,-0.0491913633272535,0.185450035506626,0.222384240205671,0.0657430619256379,0.059530784470186,0.0802161199299093,0.055198238723111,0.238190496926774,-0.00337513244793878,-0.123008176309141,0.128367218017709,-0.0341587843177126,0.0724174115070407,0.0180908865971939,0.129566983681755,0.191597827439944,-0.0249304007725568,-0.0887442401314121,0.0283173028881905,0.00628877646536035,0.175399228533334,-0.115719425845931,0.424113631157726,0.0604042142952736,-0.130394222634054,-0.164570999681954,0.129222242739523,0.110608863848158,1.52021291495721,-0.225790056699197,-0.0296842241885477,0.254259104427731,-0.151188288998239,-0.0108579732691095,-0.203159740882296,0.000800098524067218,-0.0314542343758232,0.150017339577742,-0.840402080588478,0.0314899711104457,-0.116992511945927,-0.0484956559399863,0.178428195260675,-0.128840959803308,-0.185822088219895,-0.0119841739194609,-0.0908198514053615,0.142089247521919,-0.0614218795287955,0.0518807390472083,0.0960036049179023,0.286688893194287,0.171017543710488,-0.0358091152010689,0.0288918037452827,-0.0328758946111393,0.276835950344635,-0.00424692222555726,0.103704262919211,-0.29377497980765,0.205175813591601,-0.320344798926017,-0.653840264609543,0.0645458532768982,0.0182007055114045,0.00403677252154081,-0.19915949647065,-0.245338198360479,-0.15678391145125,-0.0596123622863404,0.18816241447246,0.0711855879898181,-0.0654555967477413,-0.230129769268657,0.03333774759606,-0.0952595478338557,0.122312707635498,-0.138922543410445,-0.129837615116205,0.125955435953263,-0.0288120299022605,0.202076573360164,-0.044573011479288,-0.015593862903424,0.251787899429559,0.146472970800217,0.0190672863898604
"112",0.00668341163096931,0.225690841174787,-0.206672368781338,-0.0465770644489869,-0.13369957034298,0.118359529828303,-0.038317177548846,0.110762215255509,0.192346116360637,0.197486506260783,-0.156277298854741,0.0768165215543555,0.196080058231594,-0.143987275042445,0.042641373419813,0.00518134678413586,-0.0165764768636436,-0.148143171782147,0.121980507610653,-0.0104644734519791,-0.131671706996248,-0.032724690429911,-0.210482087001532,-0.102161669256835,0.10674862142329,-0.257880518475377,0.227315670818725,0.442377964864532,-0.0775375041200151,0.469724766200143,-0.032534145126013,-0.0539825800859767,0.0865271198382298,-0.0482729995096333,0.0318760599453162,-0.493054265652607,-0.133278276244179,-0.103886205670764,0.0858426596921165,0.0578336632732036,-0.192035863708922,-0.24628837755972,0.105853799899947,0.395124254899765,-0.0816704711286833,0.280819973627588,0.021855422670329,0.263136426877403,0.29163696653041,-0.0747475673141213,0.213982148586025,0.0585896437726822,0.299562777698782,0.444209103349524,0.108462716341982,0.0725670587977317,-0.00196679931997011,0.141029173002544,-0.141391432796252,-0.0964563453196916,0.0398648971850538,-0.14191934455978,0.0942938818806777,-0.156434037927496,0.016279690802915,-0.0122540851654281,-0.116714582389909,-0.122114130190409,-0.23025549224063,0.122781003779642,-0.350226469667872,-0.0774855832576902,0.0923976179584081,0.0112084044983963,-0.269035849473614,-0.272564629197529,-0.157417886165732,0.0162503119502394,-0.186143428669817,-0.0957579551121492,-0.0477448247211809,-0.202576761356196,0.268551121921829,-0.212265851220374,0.00615243732743259,-0.204851070056928,-0.0317955315083993,0.0162457843891725,0.0172912619770677,0.123265301290511,0.032090659369243,-0.0985900119181135,-0.554321197520213,-0.135243452997767,0.0886166642394708,-0.0990770719638563,0.226800228464414,-0.188643143269449,0.0372898311834485,0.0810320937536335,0.108220190266491,0.0286533546246666,-0.0680270932625081,0.0408300796201841,-0.369100695017783,0.0810660500469583,-0.484602874861633,-0.0167540714915147,-0.192435627734741,-0.178120163673975,0.0664707232256842,0.0914057451727729,-0.197777718928014,0.384572441094398,0.054760705066992,-0.136165668005857,0.0572269162097948,0.203206631298297,0.0731229047124784,0.0890127306625995,0.111817351987243,-0.339679234999597,0.0735238757744011,-0.112520319907054,-0.132461513388766,-0.530122622242227,-0.264969378614506,-0.0228370299997333,0.0332482742240408,0.00157736763568382,0.162218661738564,-0.00648485860223946,-0.0553928059357361,0.030403082425504,-0.109627580008353,0.250751622824698,0.0274722384350467,0.150130297232286,0.100463494514502,-0.316824205283672,0.0124823426387245,-0.0818365931286771,-0.0431970860597167,0.0766388788279991,-0.182613297781454,0.0304253960373373,0.0850374038359494,0.552387761397784,-0.0586739240521077,0.310201094682184,0.0614702513034666,0.0295044610539581,0.271437950383407,0.0852866374628184,0.164708891578706,0.0649267047584637,-0.00967884613129878,-0.223426703412597,0.250195257055956,-0.161347361178088,0.350865893928017,-0.0961558316252296,0.0663716489194129,-0.0650501443120864,-0.148615866187243,0.515413961408135,-0.0337652076240062,-0.157012897200423,0.0329825265599617,0.0659861006196089,0.0344770582895178,0.125022955929721,0.226174846247792,-0.205498901721849,0.1444430422629,-0.031196650905336,-0.228166740933703,-0.227434085043402,0.0362119490298693,0.252539797696207,-0.131306733731549,-0.126882104896688,0.183817936158764,0.125558401463928,-0.0423062892497246
"113",-0.0962013387299055,-0.143186277452361,-0.042796814171813,0.152068907469572,0.0988550606311648,-0.150846442864179,0.0063308446660326,0.049551630055513,-0.0461890080604203,-0.188739443280811,-0.0195428438012244,-0.140554951162909,-0.071395397152866,0.502304867577167,-0.202698253688976,-0.094601510282822,0.657566636376077,-0.00423048239236667,-0.132393986113923,-0.126147383254094,-0.296090644016838,-0.0257105245789313,-0.0893202312609472,-0.0778986141149786,0.11665601632268,-0.272412574090678,-0.0331746198233584,0.0969882271075408,0.105730198611582,0.445032004430976,-0.0863306898541166,-0.0533146547380673,-0.103611719242396,-0.166085895465566,-0.0617733276345466,-0.414876867411718,-0.152177341558031,-0.0592612040249031,0.0353106226572321,-0.0634775121229469,0.127161397371025,-0.115948138184094,0.163937861754428,0.821718107287451,-0.0552556062943916,0.0391807840770254,-0.0839843258946551,-0.126529382473897,-0.0158975065642453,-0.0499322222812789,-0.27972464378864,-0.0566737379827105,0.013409018719016,0.055258443348862,-0.0839426709975856,-0.0984416740684529,0.00196355527038715,0.955413951077964,-0.0904172554917444,-0.0660963832775332,0.1953922335073,-0.159395887338353,0.118798877602534,-0.0645828855344312,0.478082053727484,0.115086444073662,0.459021795638513,0.368587107891833,-0.400605268211066,-0.0459359280931944,0.136134815369916,-0.194754024049918,-0.111949499190488,0.201159298809128,0.12557725720871,0.138375961370955,-0.0531676726208729,-0.0674574954584974,0.10200916233345,0.121078928211781,-0.0920750323808651,-0.257403069405812,0.195314880178344,0.120702053356448,0.621219319804412,-0.118351826390697,0.0113119842697603,-0.115343438525655,0.0592926789587077,-0.188950463362976,0.103114372699968,-0.12130745672101,0.490815208059068,0.62044162566524,-0.00122758923961493,-0.0721436436658584,-0.162541183505077,0.0128692192455516,-0.0194190808760487,-0.112879669546197,-0.111284394143845,-0.0734629400860957,-0.200762089880252,0.206308238263905,0.210222460067038,-0.0779064863163632,0.168942918969787,0.0867646952143066,-0.0403962811716152,-0.193979906219641,-0.190786606675482,-0.194879574484452,0.380060342587274,0.0259770303019549,-0.137282337225891,-0.0753212122214098,-0.0136704923198577,-0.195832413249915,0.114298394909198,-0.283244058684863,-0.120799436940035,0.576124418944103,0.181361986594275,-0.2279327365425,-0.00124806086617723,0.0385137768190662,0.844820971499322,-0.051509593700322,-0.0206256546280265,-0.0466430116042687,-0.0230743049175467,-0.100247879666569,-0.142602041616464,0.0321538049111769,-0.263664985266075,-0.106783799962534,-0.00327005181638756,-0.172864990396191,0.123561517984111,0.600010057978511,-0.179046927346417,-0.147940687642176,-0.15785335515273,-0.0032640611176398,-0.163933274017408,-0.212787214997258,-0.141896053100215,-0.186084921783188,0.049395373347855,0.0104619096442964,0.03714257822735,0.0515845967330996,-0.183675150149541,-0.230833944241534,-0.049871682255724,0.0456595409346872,0.281252960490275,-0.12745445743789,-0.180389724789664,-0.00191327107634517,-0.328881675436709,-0.0315744918532585,0.00010833494377965,0.119670719770434,-0.325690287031134,0.549635168061832,0.0457457828482458,-0.093243277895298,0.639156431240286,-0.0856053150045056,-4.15426990975426e-05,-0.325058085984075,0.219523664858099,-0.18614732704057,-0.194639005924855,-0.120206137596751,-0.19618673863201,-0.0831485473570854,-0.189874892784751,-0.0671940903605502,-0.153320747415957,-0.275339458727659,-0.125034083327356,-0.227670709174893,0.0659706047809045
"114",0.043556444122336,0.0046466958240813,-0.102723689130291,0.360517301895565,-0.12768140085121,0.00606669191029789,0.131935973796413,-0.196044900421094,-0.0265159283292166,-0.0220676247957357,0.0697822351768897,-0.00927641333188347,-0.0227425942358943,-0.124383355903371,0.040184553473824,0.0904785776878897,-0.52093134476268,-0.13084152683447,0.154697193994872,0.136650915814625,0.14139483965809,-0.00633813811602289,0.116918675237244,-0.00244700073793937,-0.730128590609967,-0.476889522717601,0.153409796382308,0.159591622476217,0.0387640372932326,-0.0829526397097527,0.0819143717237062,0.0190012290845775,-0.003368636332342,-0.0557250886359613,0.0519112827026001,0.505190280618523,0.0703185511828679,-0.365502929699672,-0.00392831857072772,0.0249685863285288,0.257406106324586,-0.108617633943198,-0.077949805369873,-0.0678523089179155,-0.0156461148946982,0.0440625836769385,0.103274312600482,-0.0376162573756272,-0.300233738637591,0.0601118742795344,-0.0820828932075287,-0.126205086148822,-0.138094179913908,-0.139537025318536,0.0210291423214678,-0.0153278097962524,-0.0194770450268481,-0.155531779504928,0.131964095566987,0.0583796485735688,-0.330511339797322,0.171943783620042,0.0434975271401439,0.104731194558837,-0.541045573931208,-0.059311376258265,-0.0187634054910078,0.0237430415455405,-0.0413213559754961,-0.0270165947477972,-0.106566880844087,0.0421322709976258,0.146940676585691,-0.0780850715110334,-0.107401711594683,-0.101081693666131,0.0308350324990139,-0.0282970277072854,-0.00692909915346962,0.0306530926379714,0.0427860646843755,-0.0121598207330177,-0.0283559839600286,0.0370277575644706,-0.102042443051091,0.0233558519342848,-0.031871018916355,0.017201576243863,-0.0357240745033102,0.137199442144026,0.0264627794597302,-0.060006728577899,-0.0155203165531031,-0.0362462176429667,-0.0741191301829478,0.0570511831601193,0.0531102814679875,-0.0722543217588746,-0.000196429916709772,0.148990547433005,0.14539614769502,0.0194890716224479,0.0867972132781091,0.0712180711832137,0.0150953726221766,0.0112204930686862,-0.21191617066719,-0.00225685121275722,0.286394580339799,0.11542081587828,0.00419923610183221,0.00110923037382857,-0.180267690260667,0.00902076616955674,0.0408017770553853,0.05280700055586,0.134751527846721,-0.0124205778432507,0.339641781730378,0.0726947157357484,0.228192836843288,-0.160104319115935,-0.113347174770419,0.224967850430596,0.0986748637408501,-0.183098306970774,-0.363246927710829,0.0655758809621907,0.00424099151389776,0.188366762192196,0.00136732196798403,-0.0977049660619241,0.0204935653714433,-0.0794931412005209,-0.0931634828744272,-0.010385883350685,0.258962130139739,0.0687509168792789,0.229921649175421,-0.292466613030782,-0.00750416677366651,0.0887426714180718,0.0210676295333568,-0.0858555860255574,0.254188075011491,-0.0762336138611974,0.01995947596167,0.0774197324892301,-0.215875250822669,0.183071701081324,-0.330814959803728,0.0786965762670294,0.133409144304767,-0.060205003849212,0.144289956840195,-0.166870108524032,-0.375307429937086,0.16280800285559,0.0741817029896846,0.127328431541116,0.0479515187290149,0.0678892710300122,-0.0492773846973131,-0.156192011332894,-0.0855424720370937,-0.0835287742154303,-0.0127619373376739,0.00743120841165683,-0.0220734066184731,0.0709521560036738,0.0121099959209928,0.218329938525694,-0.12100052400188,0.20102312928605,0.12153869454019,0.0390394174544548,0.0607790766061305,0.200899107245425,0.139046998690515,0.109575181848731,-0.0673899981880461,0.186634423044992,0.0535534798310529,0.115487164885335,-0.102972484874641
"115",-0.197133014098389,-0.274183345766249,0.23170881313148,0.323015741846063,-0.150941887021506,-0.0807780828375822,0.0290326800845466,0.239028757454855,-0.499132051376253,-0.291637720072271,-0.308432955142792,-0.061280408252026,-0.271639327941221,0.0438074293630132,0.248866362112696,-0.0973935929851034,0.795207454904461,0.175392519366683,-0.0530046937828774,-0.0259608267944034,-0.323348233598324,-0.012139395067989,0.132687328276797,-0.159726465335057,0.0751181719252638,-0.283991578535916,0.189139148910932,0.266415972792922,-0.0936372881470547,-0.374622602180338,0.0171335864371001,-0.0223554326318395,-0.108401421316241,-0.0522914543493986,0.109044577746342,-0.229171340703636,-0.0731290619603844,0.117635331032715,0.0117460949072713,-0.184104884018761,-0.154363217228575,0.240179329915591,-0.163868485246262,-0.388017549467035,0.259965711311708,-0.334175711873065,-0.349210198379904,-0.343572121569062,0.359138104071616,-0.0287189556942443,0.172506900536629,0.217844859224989,-0.278039866814837,-0.0869565342685109,-0.135805223863537,-0.0931166752684496,-0.0630391297522786,-0.203822523865742,0.0150567716283486,0.0738974965916532,0.272438996396012,0.255993514107956,-0.054767720685339,0.097633148666902,0.735419907220827,-0.0522564845946241,0.491836085295454,-0.181950736106806,-0.489479274873367,-0.170604910411563,0.559848231809655,-0.0403593021129113,0.0301977851612893,0.274022568686195,0.503433720981549,0.474959075077059,0.149663584895882,-0.129026530910239,0.117503725362669,0.0418556192100653,0.0202750141950632,0.194832584808986,-0.217729321365103,0.117756506481206,-0.0435085723619889,0.107403537908319,0.0279661246080038,-0.168716654569322,-0.0849224056061783,0.17967889781473,-0.200357764715976,0.038486597411738,-0.0624527839057604,-0.000736855961729701,-0.223045170948252,-0.329579692335301,0.000184816626485845,0.129348944285064,-0.218778596773281,-0.18283823011437,-0.209809408343053,0.135947719801048,0.0891265150662083,0.499766027411868,-0.274236319045451,-0.169350733540613,0.901649529924548,-0.00691788178325993,-0.181785614662562,0.303076864481924,-0.158172137831871,-0.274123125162265,0.228690379053635,-0.441188777959737,-0.0717525506240362,0.33608721834835,-0.150747740890022,0.0113344015562802,-0.0718634560799972,0.165568420109718,-0.303299884568714,0.159690006244941,-0.0840756307925269,0.214355095860405,-0.244794452200863,0.269975850208491,0.417213143170572,0.00656596430997342,0.133638735759653,-0.276765933053035,0.235781904058448,-0.0115374743130432,-0.303400008008022,-0.0319482134187179,-0.0210141510485951,-0.247007439857517,-0.261077485501931,-0.196166400780847,-0.0276081449902786,0.791233826446753,-0.437759516452671,0.429362133633718,-0.0719354868133978,-0.0990571449777563,0.166398277692628,-0.0560718882504047,-0.0945716467481861,0.351257037106165,0.0329427252242852,-0.428147240667728,0.0182667405768293,0.102528446941366,0.0196745336896834,-0.222154905035217,0.0161924065195647,0.210154674363897,0.259910569881534,0.178554757665539,-0.0648616883034344,0.128700972402939,-1.28797348321976,0.12352870355237,0.00703711266773171,0.201357294541853,0.0710082548282709,-0.440193065252367,-0.0572861049679673,0.373357718772813,-0.0973516546690272,-0.201516392203396,0.0329704049968583,0.0388186382460054,0.105655759492607,0.0738009677161682,-0.104715330975747,0.277211379337643,0.253194445041733,-0.128765294838959,-0.134196227237356,-0.366524407070809,0.524188126437238,0.0465557786047199,-0.143755810133141,0.216721156665712,-0.165624231164
"116",-0.000103572837770623,-0.161818858831984,0.0924003686579691,0.080408373336523,0.115475625610763,-0.0820281395734469,-0.0360928233797668,-0.0868835747859258,-0.322701948437843,-0.181560049662046,-0.181279819931886,-0.0767809946805268,-0.0846568076996816,-0.128761872985905,-0.121288461676039,-0.0405181928663721,-0.193267698390036,-0.366241977486332,-0.0244469368141298,-0.0102321284388885,0.0782829551707562,0.033309425433025,-0.155928183614564,-0.0289519034606166,0.000380122255828563,-0.144523119385335,-0.0877971925106624,-0.104813597224563,-0.0845064147392859,0.182002136671274,0.062476112025543,0.058962280007657,-0.0503225174646898,1.48033140845903,0.0601587866022691,-0.303651039702425,0.0266111835865142,-0.304002232248315,0.0165288794560743,-0.0337017323947445,0.047494750754681,0.119058794739987,-0.21847509844243,-0.175144888065667,-0.189578959381625,-0.204817746277483,0.0232013343945364,-0.155863618721579,0.478123542487424,-0.0657980992384085,-0.00621414564356719,0.326674437593308,-0.16038014690824,0.465678376838508,-0.110721043967135,-0.0399200754690413,-0.0247763244690716,-0.229853768209198,-0.0322605583539736,0.15393395724055,0.128202784113669,0.043800958545693,-0.084420798454125,0.0335496749924025,-0.111963494825127,-0.0505989667735095,0.127048795001575,0.316927524174552,0.17350320002229,-0.0629900266794737,0.262399187736771,-0.00343418183382282,-0.0523963321466419,-0.194531401289312,0.26126745344443,0.227923150538986,0.02579852661514,-0.0661001105882439,0.0453360897554042,0.0243973790142862,-0.0295458266183949,0.20453685211265,-0.193948608961201,0.0736120686575015,0.161304373929675,-0.0126909462694204,-0.0488229536431754,-0.0134169005364958,-0.0581053384528336,-0.0808312112361999,-0.0343480238657606,0.157985217571602,0.695818039441073,0.205031152870255,-0.195579212559209,-0.068693978320012,-0.121176113476339,0.0580224957845809,-0.00330371802041974,0.0253483992718261,0.00927891334660706,-0.0867561930755091,-0.0498220536396795,0.161656005117564,0.157845406150501,0.0867873440539358,0.337712009097681,0.0087899218763564,-0.00950324373251057,-0.0218343474369599,-0.0407064443257759,0.0248375385503975,-0.074504675081306,-0.18774303290879,-0.0505832420165785,-0.00594046259016454,0.0120526919363262,-0.0428255183227616,-0.803089927771868,0.25515600293961,-0.084185514018658,-0.0578726127062026,-0.13227762657351,-0.0239164208607583,0.0480707673184438,-0.0288444006000306,0.195656082801518,0.0106970937427066,-0.114693502942717,-0.0205966349288699,-0.0236383161842079,-0.0490195280652605,0.109994436512934,0.0659126075222516,-0.0803760942456698,-0.10891918586872,0.06483875199975,-0.0656773207965256,0.0845861892689644,0.57062191018383,-0.0269603303110472,-0.0553813147291304,0.14906930442549,0.0504848290311256,0.0450738823682246,0.219886183353874,-0.260914209327624,-0.211501576815837,0.365275047424711,-0.000996553987831529,0.0165582797480865,0.177676069914186,0.0844149170080522,-0.092904056994879,-0.0175637120249999,0.0382802131330784,-0.0499359801422537,0.161783037258843,-0.124622594118547,0.0906477431682687,-0.673138541628122,-0.0250450199889946,0.0374964882334477,-0.17296037450324,0.0989556598508647,-0.110688492611306,0.0249915349102577,0.207481529627187,-0.527786763091928,-0.0631014852115414,0.0487356060429628,0.138141141715846,-0.297478790269378,0.0836860726163936,-0.130285292565528,0.125081384890792,0.00152448146471124,-0.0717147940754331,0.00675006444520847,-0.0753881527272252,0.186170467844171,0.0492811753630364,-0.132001183316239,-0.0723633325462761,0.0883782974264621
"117",0.0821084352107223,0.153927158607071,-0.115343036225466,-0.126260236984411,0.0370488931503313,0.135840091344332,0.175121903892175,0.102712142687811,0.448382164315297,0.2135548628994,0.389941353113272,0.1185008935216,0.45730384144451,0.251819528910317,0.0206343723516603,0.570564589741971,-0.134348146759392,-0.0448305325424343,0.0410654407312708,0.109526482503376,0.0873162332559278,-0.0341217422257762,0.459904559578476,0.14179801702127,-0.151920144469849,-0.26223824236726,-0.166161971089449,0.074840724799303,0.143836571007118,-0.000666892810719969,-0.206356871114632,-0.0393063131576332,0.0455273447402844,0.309269264807775,-0.122207195694123,-0.2756346528035,-0.0347792813064329,-0.117244689548465,0.178993511422912,0.0169343676311887,-0.176962602451957,0.124970184040739,0.0829667911413553,0.123931327279417,-0.0784767252841336,0.29162830680768,0.208303528421006,0.191820111918586,-1.18970738609141,0.0318192492598309,-0.462672694488737,-0.730955021075257,0.246151577679234,-0.190471363459498,0.183289175970121,0.28747150718156,0.0977487601038165,-0.200102938234299,-0.450431527944842,-0.132652333178822,0.357344915962171,-0.0215152208131578,0.388912399607789,0.169943208131194,0.0100031238033111,0.11900057385512,0.0264676441842236,0.223900529883576,-0.258699569870569,0.0882248678513344,-0.663672176769352,0.331916668489773,-0.0155835881065581,-0.148325287579162,-0.623136814186354,-0.705688335578334,0.186601185824198,0.0785697268214611,0.0191631319554446,0.0404440487863796,0.183008692903205,0.0782629589092513,0.317194149320785,0.011456513716993,0.153303025170678,-0.375644846653333,0.0763707000751496,-0.0510659645292753,0.118756841974341,-0.0413907076330861,-0.0143886425409819,-0.181945972899474,0.0805728756456321,0.144018202002167,0.386542828706259,0.116804524072842,0.499982463373918,-0.151051439975256,-0.167515900828712,0.322689927344118,0.316003204254961,-0.0142581087673507,-0.0364926529068699,0.103894088968515,0.0427472403363819,-0.448022574481799,-0.226611934260576,-0.0469861236659565,0.318901667664404,-0.129708893188384,0.0985946356508219,0.124017574384349,0.0441217689071664,0.470399910610271,0.1829800867373,-0.442385140667429,0.0512914205205701,0.0549519262317761,-0.110863010898462,-0.0519227591209116,0.327464645302494,-0.124186160936715,-0.0614814241348688,-0.382716112833044,0.0843084457280887,0.0133600554291923,-0.37239004526757,-0.227669176812203,-0.123258569518729,0.395204826160415,-0.219421305752518,0.119944577799294,-0.261623301034557,-0.104981157490749,0.169903505193315,0.143083681478505,-0.330719464816346,0.108563476895253,-0.0551776566754459,-0.819306553416635,0.414047986136245,-0.0377610910025272,-0.307827803840185,-0.169873474829437,-0.144595135958192,0.00917559642088767,0.00864328176047051,0.0715569147457108,-0.0745571741458542,0.280492294678406,0.264573260102712,-0.217808887474376,-0.133200776357134,0.209448514066072,-0.467600278183972,-0.299529272456958,0.151580380912707,-0.464949320249147,0.117104657797994,-0.223585578425206,0.245005690079419,-0.0444504192000133,0.000211238851110015,-0.216362459415207,0.0123511397658023,0.0903360159408872,-0.0248509762314128,-0.0505491916486364,0.205066600590883,0.0976240272878871,-0.268497597500412,0.0952683046877945,0.305894267670973,-0.180002498311862,0.138265357937419,-0.398489891689125,-0.209856528028306,0.286594496852515,-0.0839136700857613,0.251808236136354,-0.226566005427267,-0.19550182872353,0.241033468489803,-0.00859679205317571,0.070738321127735
"118",0.0761061274462642,0.286785137512392,-0.140030473098386,0.00331865740575062,0.00896919419486564,-0.15097075607207,-0.471995894194757,0.404430625490755,0.321748059296191,-0.0890561701126964,0.0396720272441743,-0.199438393926244,0.306514008930253,0.24097577368806,-0.248864781952554,0.359266141265344,0.442033792780034,0.0506023291031204,-0.427304527576434,-0.267638449542819,-0.0693486419914269,-0.0155208800957955,0.13024548965266,-0.239158982978683,0.327958955065004,0.234646310309872,0.496584724809704,0.609531026650353,-0.149588247464185,0.380275323725437,-0.13774453098086,-0.111072784475028,-0.14477001598401,-0.0535199444949909,-1.74335177654986,-0.196628356902025,0.0317185342643871,0.237943033289289,-0.280228620162107,0.0718157273062451,-0.405341599851153,-0.0556415432115377,0.459680646022702,0.419029999993465,0.498804959418613,0.379029783682624,-0.114974595138042,0.315633227486829,0.0300791040832627,-0.0199461667356523,0.138509194674739,-0.0729630426258918,0.156970271743273,0.0971163850653146,0.107334051522828,1.2680142750381,0.128658812759694,0.121261178321237,-0.40745453713572,-0.242083178543802,-0.0534595651932786,-0.108946683386649,0.251532315877647,-0.32550748187193,0.252409091865555,-0.0446130891750119,-0.0378844735164933,-0.199470019771289,-0.451293941796733,-0.0709358340502327,0.215085174894607,-0.0268022852896626,0.125133909227782,0.248469723457368,0.151003265531938,0.252009191467114,-0.133345736431214,0.0830167738510848,0.0687787641424746,0.106524228200179,-0.108445425250893,0.220083384021896,0.303795443495368,0.0477886655815618,-0.142428785900483,0.0657406610407299,-0.0389316385667647,-0.308056391318367,-0.0192908463810518,-0.0828514551927827,-0.145195542752825,-0.173436764377614,-0.229455361313908,-0.389345516847345,0.224719640123428,-0.144633835199502,-0.0171156487113947,0.130756163675984,-0.470764098453361,0.305127829397255,0.34033259941481,0.173944479372552,0.0123266337111397,0.194359854595586,-0.00910980311220578,0.0115047820894015,0.0675640283744969,0.0686423239013617,0.111181675886488,-0.121591963910451,0.063911471892644,-0.166786464169681,0.324730897736646,0.439376524206652,0.161466227328926,-0.557600392956872,-0.107519378595494,-0.145895198684784,-0.304147402362824,-0.373537241857139,0.0468148030508765,1.16724957442997,0.112060432895732,-0.0405551473875248,-0.167788244269289,-0.104795486541859,0.0181494684279388,-0.0448048982485499,0.000606742389067744,-0.23595884664352,0.235530657758364,-0.074682374369921,-0.348101436539233,0.155567930622477,0.102134174032285,0.347727239232449,-0.0334129252580803,0.180059282345601,-0.132102033098244,-0.871260433718039,0.375623341396678,-0.138877981857348,-0.331890606780215,-0.100930068562492,-0.522880646619541,-0.317681501346143,0.107519177059427,-0.123314342696585,0.04672317778307,0.0731087129152702,-0.120929095174221,-1.24749252927825,-0.166867341323246,0.0166572886356016,0.439008621981693,-0.180507155527928,-0.0819794183053839,-0.534051417939944,0.350681316582354,-0.566226434410019,0.209627651988841,-0.118391434614919,-0.00273899649801485,0.259013215980717,-0.154851959085642,0.480478179740066,0.452766859170322,-0.425849645335839,0.998536126592208,-0.119155458600967,-0.0416501634669245,-0.416716392624276,0.581730516601601,-0.189731993243246,0.31618251730655,-0.427522289955816,-0.267056207061043,0.028312388058373,-0.311397230894234,0.0370270089660768,0.134090835507149,-0.123523367003218,-0.0863221665164698,-0.104710815768589,-0.235822210296598
"119",0.160310311851819,0.0464611876928448,-0.0602173861981364,-0.0226153005627017,-0.268486158639877,0.00174083443440036,0.0748269394754579,0.0245978396089012,0.196237710656149,0.307939089049809,0.0668688689706478,-0.00310393153966656,0.328944875819982,-0.22785999891669,0.123390278251881,0.244375741287454,-0.300650260194881,-0.0683827181597288,0.186911396824944,0.15969122292555,0.0324486202541187,-0.00389422181909175,0.073073858736937,0.0704164881154031,-0.389892913150027,-0.305980183250578,0.122640614018542,0.156372792262944,0.0932794678896888,0.0728255412491987,-0.0466322390261475,-0.0317622399055308,-0.00384452694670182,-0.0794252788803302,-0.119442314547482,-0.140260964304904,0.0390305528887256,0.158684142063008,-0.0285062703729626,0.0873213308442736,0.125072449433776,-0.0862505976392648,0.0554701580077858,0.079084329040245,-0.154930777071584,0.225099996228479,0.185033475580352,0.0683347334145975,-0.00271472444785409,-0.00283602919465622,0.00841733868019641,-0.0280134426777297,-0.0139386659611244,0.402053897038235,0.0331092607917814,0.315984125867372,-0.0293015244184571,0.0957817364464193,0.150326850378823,0.205230276634571,-0.204086125325843,-0.0117847634474954,-0.0345959728480763,-0.0485819171201842,-0.129748721897659,0.0244069642948898,-0.0289700062278182,-0.0828096879407121,0.110206475316911,-0.0322221781101486,-0.54187043070547,-0.0425487342150788,0.116139276503074,-0.105446432397954,-0.510615733768423,-0.49475626951012,-0.132886978179502,0.247380082689848,-0.112842055008121,-0.0836488014902694,-0.037635032931474,0.076489421186612,0.00242049270310419,-0.129251576487107,-0.0847736249150093,0.00650041212896386,0.048030568747226,0.100155846740475,0.0530980006905561,0.110584619265376,-0.102184431041269,0.00805945119722949,-0.276987788174682,0.0366116016753825,-0.0637204830124798,-0.0362839024282804,-0.183861445740912,-0.180135786473728,0.159561186694776,0.370437770478693,0.389727108519009,-0.0912013356322598,0.06883740228765,-0.105453661138627,-0.0679131794574474,-0.128804925690732,-0.318110353310848,-0.083069972858797,0.36001237366073,0.00850073863871522,0.0221193404254208,0.0193100027941378,-0.290910709481985,0.212594621834926,0.0644367870734048,-0.232577175828263,-0.0340350235292414,0.0849048681019103,0.380956479589538,-0.131794865542401,0.274771544421141,-0.397057015222484,0.147584542246735,0.113248154943373,0.0333269652835107,-0.256006198446665,-0.268013541873175,-0.0354422056269381,0.0587640981290759,0.278782170409593,-0.072467249521628,-0.0399666914726554,0.156628287428431,-0.0241854599759967,-0.00655988394694093,-0.0275232621306603,0.416484753280718,0.0756994653936814,-0.148263104330351,-0.472248149477186,0.0160980196889292,-0.016391636254308,-0.0729512626942364,0.0443633372235057,-0.216193119395043,-0.134632260719766,-0.0187776599856204,-0.00441062198443647,-0.482201973215278,0.165154602471479,0.0751616539230639,-0.250873365646903,0.398044200194433,0.0700687316191723,0.223477416958625,-0.525171806779928,-0.394988513644321,0.176798708760519,0.0334586627492009,0.00880520540421374,0.453491201729461,-0.395775486481256,-0.0568835590349784,0.244757049893106,-0.0797318934311591,0.0598377090556325,0.279917669220079,-0.109419459424652,0.000677364999942937,0.0763922441357981,-0.0332164664044443,0.137430044656174,-0.0583153973826616,0.030833544315065,-0.0196157044351134,-0.0312424216726486,-0.204104852623392,0.314877445151071,0.0970744085749617,0.142710780305135,-0.209835006972996,0.0721734128769221,0.0124343611462119,0.0605976818535888,0.0487323155058984
"120",-0.00676688726133933,-0.0597028325633545,-0.247448077709413,0.0786210923037433,0.0960619406289634,-0.0264393141296271,0.0728974034447445,0.450825130030928,0.247717437483115,0.0489125623409923,0.305098543108738,-0.0228114779692016,0.229842791625652,-0.077297903739561,0.0205957915330728,0.256731517435065,-0.32123519887889,0.136676550740672,-0.055242159909796,0.0492413296279188,0.221065523594487,-0.0374138026275569,0.193857924006479,0.0153280255764389,-0.119181220063713,-0.353129249062803,-0.0139277325188565,-0.0124770305094871,0.025574904946099,0.25247367015232,-0.137623432786857,-0.0202302363663023,0.0104407015358738,-0.133397908944973,-0.248000521564521,-0.153179984262229,-0.210340227934317,-0.234433190184102,-0.0495754060208754,0.0148583953473072,-0.244810424819727,-0.0317907839588561,0.193346727771029,0.367949668818956,-0.0216393981288303,0.071187460855285,0.0562026985151905,-0.0238571829971433,-0.661505573207851,0.0327003121721482,-0.384071291546923,-0.255802513226275,0.0794734868085069,0.659528961642172,0.0996355731901465,0.342766251629768,0.178528118993344,0.0506794134074032,0.0333556832725009,-0.420865549290319,0.246129216734248,0.138066109699225,0.000392886183417923,0.211524356051103,-0.175816262945758,0.129009941255192,0.258224520874866,0.44195197624186,0.255147899542624,-0.049863937469381,-0.289207255987445,0.206359857831062,-0.103772862680098,-0.0230846867108455,-0.140049653478604,-0.236330378582591,0.0299604369722964,0.0240302305358644,-0.181183002057415,-0.248897817485648,0.111539150952881,0.0809019775495788,0.152858354208902,-0.268586147999328,0.215094066988445,-0.148972153302494,0.0362139423863605,-0.165794629038209,0.140461986985574,0.143629732364882,0.0332249678256461,0.0362852986870824,0.0272292381289729,0.229968317413312,0.164371286494848,-0.0184372865699897,0.449517036737813,-0.0410200811596285,-0.433134251330789,0.161318631459114,0.163445726490611,0.0675501763001754,-0.0968972862528169,-0.114610058648781,0.270498330221107,-0.0959229788186228,-0.101251819693541,-0.11127449878649,-0.465078657442974,-0.0855603145100502,-0.127502386746103,-0.140420538857113,-0.132631973321098,0.162735674697878,-0.0109187138804221,0.0125992825402334,0.0446319997090943,0.0223514868230446,0.0630044470441953,-0.113060125601182,0.0790925498737017,0.137182887289324,0.143214115559578,-0.205589033125012,0.042681811689957,-0.0217478986111391,-0.35592239718969,-0.183067019172591,-0.00996892897319204,0.0973795089097533,-0.0665904072204852,0.109757875587516,0.173923431313802,-0.08835777475453,-0.0397502813003927,-0.0480100572779086,-0.670866882804287,0.0188407734160375,0.177704460547971,-0.398560031510381,0.20435173500743,-0.0421682311945065,0.0507373713744642,0.0429401219162254,-0.175533435715205,-0.205286898856382,-0.139107337789012,0.139844094341498,-0.0195866377245915,0.163048799361081,0.230504308984206,-0.467284831948159,-0.659045434829198,0.010798793277091,0.158965281645017,0.322754675566837,0.453148597452301,-0.127684258809408,-0.0550224730234112,-0.14117154195128,0.80775537913095,-0.0735515004663206,-0.0154541625982628,-0.137411510640334,0.0493229353433362,0.360708837679091,0.102701569195762,-0.365505062934928,0.189716331697647,0.0550567268959609,-0.237412864421894,-0.0965668085432033,0.0843032790510521,-0.0044798338045523,0.0273901713345402,-0.244836688520592,-0.0182403860135685,-0.451220817026588,-0.116572671658396,0.162651197397155,-0.0231618101537054,-0.0282061495191919,0.159015927693392,0.133402978227392,0.125117668392793
"121",-0.0121847251435392,-0.122539400351219,-0.0769818127163741,-0.147266328207265,0.14151929758247,-0.0527786137045198,0.491157414714151,-0.058275464819399,-0.205166095541213,-0.169632187728766,0.0225114524148315,-0.0594278979098479,-0.060964491220186,-0.311849488503383,0.109342144844401,0.294453983048915,-0.308242479495141,-0.148572785425063,-0.21208104145215,-0.0303614018824408,0.197907460388327,0.349244197059688,0.0704171303980873,0.599639258335485,-0.211709517745228,-0.388454486407669,-0.0774444423711245,-0.0803102381133529,0.0150447393586671,0.125500797338009,0.079821693442314,0.03178803182736,-0.0841701877162016,0.0686726119038206,-0.00497121100929022,0.0855989089725939,0.113804809574652,-0.413912071319399,-0.170177517334428,-0.00685827230959056,0.00839977934564846,-0.113800555137971,0.490646536016522,0.0415455218891183,-0.0647289315388403,-0.217316929067197,-0.0634258585852422,-0.130109938910632,-0.463425569872429,-0.0894254516778657,-0.289480676685717,-0.406879762726169,-0.204695454531714,0.0430670194582806,-0.104307218823653,-0.102375654119672,0.0287758956622837,0.883333448227689,0.170745268864871,0.0184738549695162,0.0101241442390396,0.123024925101485,-0.0202819989527241,0.0194691294712747,-0.304929145022842,-0.133963839961263,0.158098522336755,0.0739783914822771,0.0949357572132034,-0.0548785349157266,0.217310968604776,0.175363747237229,-0.0645837022040378,-0.114205811544625,0.242413455557199,0.209699743772621,-0.0333378446720089,-0.117026573782834,-0.271885966475416,-0.290598307650332,-0.0641881788682684,-0.0478323723523736,0.0131013976729564,-0.223214150936031,0.0570104110512028,-0.0121148657875417,0.0782198325914225,0.0221743490827082,-0.145746665572784,-0.162839920408581,0.0134587558647209,-0.0548287348068156,-0.0323095086668084,0.0450007305390948,-0.070822624480702,0.0751856701553937,-0.275682820857226,-0.0379541875563234,0.0412806823524702,0.0378581029422321,0.0169120479970336,-0.0575723528444828,0.0869864709460307,-0.178654282393653,0.0424936494929815,0.978361504560584,-0.11988345188903,0.641645229399846,-0.366603338278648,0.120285126803668,-0.0682437798518757,-0.0929457058664292,-0.072855164670615,-0.00409573170931637,-0.170054705993659,0.0325527652584046,8.88447091431082e-06,-0.0192567712216564,0.424104699520741,0.140465141729685,0.0391346241708134,-0.358063218439739,-0.068348331819231,-0.255638581797596,0.0858935634369558,-0.0671762533431451,-0.325878948826303,0.0188115977608731,-0.0861209004973916,0.0774522109639878,-0.243045984453011,-0.16136467066189,0.118292550954252,0.667156343349113,0.0569870013591875,-0.114380501497935,0.275006189701518,-0.086683136165079,-0.109347200617792,0.255534794243495,-0.166022165510319,0.216371561528668,-0.0803050642386705,0.0412506072272012,0.0186005348217838,-0.0267357056884629,-0.118394040743686,-0.254757411308523,0.102651130311197,-0.0035643900164708,0.378209164839228,0.0516502740380329,-0.0225744233267237,-0.0446682631534023,-0.199938874023933,-0.0744781473594103,0.158068041849111,0.14894393094361,-0.0447192307158177,-0.0164052912492921,0.556852008407854,-0.0405613734360527,0.327511217946186,-0.140891786384654,-0.0458681897690013,0.163489097973086,0.0545832549514577,-0.138720226679632,0.0473015925031325,0.0264302631899902,-0.0147255119279633,0.382282035324746,0.0578189380394861,0.00968732813806083,-0.056882955230175,0.128671705290306,0.10058262628098,-0.422947324847225,-0.0111517522412866,-0.0449531604630081,-0.108424547805806,0.166117389747233,-0.0951375507428646,-0.169586574347403,0.161879817250275
"122",-0.118195069570325,-0.0976289880467899,0.15575881926514,-0.0121783913384175,-0.0164933829034776,-0.113835351221137,-0.0624566236692562,0.291164318789225,-0.216623847184508,-0.0630977695859922,-0.167378763171835,-0.115065052548627,-0.198133432518731,0.146303291150041,-0.0828822590392718,0.0395033147794138,0.272784301348767,-0.0350098162312797,-0.0262516066953577,-0.0203304170300505,-0.0795203667878865,-0.000239682399721508,-0.0252959574698629,-0.292148612627875,0.122435863510265,-0.123017818267341,0.0993182328210089,0.236798564311937,-0.0911950427875676,-0.0541833697642986,0.0725004560846288,0.0188024181869598,-0.0682632244316222,-0.125832569228053,0.129514641133478,0.280979084988355,0.273956369017519,0.124744604980935,-0.174192000950407,-0.0480369350166331,0.129289135540718,0.0643809235488505,-0.186352657918629,-0.175917158314787,0.285253760355551,0.0686659874692128,-0.114474594100852,-0.146095997613793,-0.105991527638151,0.058633204056695,-0.0999988387179533,-0.160448924260675,-0.223836611421342,-0.15219033341645,-0.182433930802103,-0.034570949172659,-0.0650985917857511,-0.149652511767906,-0.07639661878245,0.0570400103943801,0.130312067894042,-0.125655123547244,-0.00254683474051155,0.0796472158960558,0.181830766854421,0.179710121281586,0.664312415093781,-0.0803295639872736,0.0119317182287427,-0.154561159953861,0.563762846617722,-0.0971890413025954,-0.0372017225956101,-0.11035610958158,0.563288594521081,0.540955053400705,-0.0859648335554635,-0.0520794013860763,0.0139201539315463,0.0522137567309231,-0.078614159065791,0.200048425652477,-0.103243693864204,0.0897849115370703,0.29142147126855,0.0700666590815326,-0.0164923749198053,-0.0329964602600243,0.166022230222895,-0.097332328776639,0.0489516959131351,-0.053542172082068,0.199148365795515,0.278369023825103,-0.220928419064006,-0.254747022051262,-0.310569247260448,0.166316287717649,0.136191282050938,-0.10224489061649,-0.099942564002018,0.00220492833704696,-0.0480000186966906,-0.0345537066317381,0.184592344139503,0.0537848942765936,0.108218755190799,-0.0934460989956761,-0.126563977224042,-0.0274554233343412,-0.0863886082922493,-0.184454090841673,-0.129430274503048,-0.171099794619473,0.0764204461973868,0.131878485979403,-0.0961015519716666,-0.126660862093222,-0.476695893347844,-0.0194438915693013,0.110842879509338,-0.131709728345896,0.137257898882019,-0.0272184365992746,-0.0771828132162227,0.0858738819793574,-0.0661503348072714,0.0601140498546866,-0.110569856605773,0.0827555181438066,-0.124034315299478,0.0804807633869749,0.189508992562813,0.0176981038322565,-0.0415934414693272,-0.143014616979863,0.158415577092968,-0.100143721278178,-0.122358039631203,0.621669473318425,0.00845972070245146,-0.144579395014206,-0.0663592891142365,0.0899658031842018,0.0373922578163645,-0.274530710788459,0.0446776308894405,-0.0305335537127945,-0.0102606786398319,-0.0326644362556556,0.0362421810359898,0.0853200412015117,0.245199732305242,-0.258769543809214,-0.120776004592961,0.346479026282675,0.642379591200531,0.04606153696358,-0.198373271527434,0.0169683407860772,-0.659148031564583,0.190217327210141,-0.0319947321381931,0.0324020895186331,-0.0275468940267736,-0.114415161258643,-0.0369918192148075,0.371850494935956,-0.0131184881286683,-0.00750236840836722,-0.0679772942149797,-0.0229813335988804,0.183348664436347,-0.0752337534631775,-0.301352632604476,0.116415065928537,-0.0401148489932781,-0.0725645973385841,-0.0923129263380868,-0.0169975178234739,-0.0904810682678016,0.0136501979617714,-0.199405318655145,-0.0847900722076841,-0.0912511034246829
"123",0.0972081868991732,-0.050867691484806,-0.111638272242604,-0.0973893194668863,0.10016290449953,-0.075234262093846,0.326977982718215,-0.021044179562869,-0.342333235026676,0.125939640195299,-0.114175429046775,-0.0543311015954752,-0.11069883730682,-0.0268011275367538,0.120974612374947,-0.083887553287434,-0.245506743575369,-0.0149131395717023,-0.126653877344232,-0.0412365568875874,-0.018171312720632,-0.0972831556813148,0.308305169557498,-0.103533433602432,0.00857586761607047,-0.20337342420187,0.315099344464409,0.290922894135097,0.125295613345415,-0.191757412617639,-0.361646860738961,-0.0226946619354086,-0.0362203769192442,0.0359510262114083,0.0549765207778482,0.108340287663258,-0.398861576825886,-0.279781939333519,0.0396718979357914,-0.0419057665026859,0.211044963028382,-0.193218184319168,0.226553014387322,-0.321550686058378,-0.230968386464505,-0.228968701763021,-0.021288731083828,-0.0821247170605451,0.0692356208525063,0.0183542742496623,-0.088394630089446,-0.159463309810611,-0.0230575035290487,-0.0956939170181373,0.0583451261280169,-0.229357433615056,0.105453861182322,-0.299601416701495,0.280741084123792,-0.0668644267790429,0.374117873951392,0.0804902849741903,0.0439716681114652,0.37599663579873,-0.12296021622945,-0.307784204047774,0.127061661986587,-0.336387977891242,0.0295821083866633,0.0125576689188928,-0.495541476537691,0.312018032860982,-0.00261069916389849,-0.214475589108386,-0.422283449792576,-0.526977975929682,0.215124100184522,0.117300207341811,0.126062427838326,0.102422871472438,0.125669197541332,-0.326923602000182,-0.190365965631069,0.0826964021584537,0.518199203332484,0.605814301243535,-0.022391932226933,-0.197930225452944,-0.287478219996267,0.0205052846136641,-0.0397240623127313,0.020498050306199,-0.234778093302789,0.404183877398175,-0.183062498971345,-0.183563175141559,0.851697381920021,-0.134429824015013,-0.566831598412973,-0.059268895351243,-0.052353751414413,0.0993583329675312,0.153509722881491,0.137768235562065,-0.309884277043677,-0.369208849450022,0.289391508058249,0.0813022891614687,0.447655888583032,0.206118934381771,0.161384354030772,0.182806929294298,-0.0687832361407245,-0.176310862450235,-0.00503977090559147,0.15964922235618,0.041145189449201,0.0643563683928573,0.217741864959621,0.0576602905356947,-0.0616060058306555,0.335662802654785,-0.119892470254755,0.135298266651263,-0.0853987085397551,-0.0203780759384041,-0.186014911897112,-0.370978668202465,-0.0437381062608698,0.000762788234982128,-0.00123379933832475,-0.038990947699803,0.278655020775055,-0.163984221767552,0.0754692705728413,-0.0254406023026864,-0.373768007152196,0.0790527742547819,0.186240152005931,0.209638087289553,-0.12715631395529,0.241580004419912,0.100321859098559,0.148882952699037,-0.168304492761652,0.177352183358448,-0.15968002853692,0.0542457395174247,0.251707366392099,-0.0795190737051722,0.017732985297235,-0.0126904174586694,-0.162825017406396,-0.10014267535021,-0.0937096044985009,-0.0133372219639862,-0.00645793789138305,0.102611941884494,-0.228377810200262,0.257470936036423,0.668407000232861,-0.0500612195106236,-0.142986348029364,-0.053199051804756,0.0126341519158998,-0.316778535976628,0.0298320365657675,0.24716769600028,-0.0862938507013706,0.0302565038722145,0.299421219987561,0.288525383398643,-0.301966509710174,0.218919718387447,-0.194639558937063,0.0422559522583644,-0.152007379959984,0.425130060380868,0.0800359394282971,-0.0637200622366202,0.126465729372851,0.101801221515743,0.249425084967639,0.0443091091297527,-0.236098845755433
"124",-0.0654838276386916,-0.0851506975362353,0.0304670430604316,-0.189701298200267,-0.151990841004752,-0.0531968299808842,0.303977093535113,-0.151372198097713,-0.0157553493616523,0.184605768200741,0.129951636827036,-0.0457180768911319,0.200867193230863,0.134417872483862,0.0820110577801733,0.0430622955183467,0.0757442079282405,0.379092910926411,0.027618075399879,-0.121866044772326,-0.159928194857023,-0.0106008976658861,-0.0768039427769226,-0.0124712365767525,-0.0528889839505707,-0.368691601398576,-0.450802330222181,-0.43694168836348,0.11540143555337,0.159976062770159,0.0210448559564037,-0.00863080684443901,-0.0999323158011219,0.106996857805279,0.140230853180634,-0.0113499087729735,0.161251380282777,0.152039249929063,-0.0137316681763716,-0.0476243363984906,-0.237906364131039,0.0993003865027262,0.0401553122449149,0.0776829805554485,0.0339388095574911,-0.164842747226973,-0.0364157238815593,-0.0775872071049045,-0.752814912156713,0.083411897997996,-0.213326245188207,-0.0741655524078694,-0.0564748246381598,-0.0722847937632485,-0.0173936991971521,-0.127163787167764,-0.0230161658629452,0.0354623805886258,-0.0626181402266336,-0.167236299969872,0.296956174886426,-0.123372966903137,0.07865771786566,0.215881000337789,0.0590387073876828,0.0411567065390359,0.261584167867429,-0.11850175765218,0.0100097613491588,-0.0595954514346369,-0.25328183411884,0.0494229669013017,-0.00437227432697639,0.0953569188019761,-0.250772074298801,-0.268685854023427,0.0746714158872541,-0.279987732226571,-0.0365339959989619,-0.040380897884295,0.0600897635427877,0.100773080708098,0.0534479711727446,0.0440230710599187,0.0515198393302811,-0.017600763497182,0.122951052516138,0.0568128340689147,0.0157410872326742,-0.170367326451611,0.0851895343925821,0.0941601037566757,0.0330140518617339,0.0585557764217721,-0.120882226810868,-0.101224147996261,0.325561512220759,0.313992503326394,-0.0184683630541684,-0.00848045416805797,-0.0393599514431253,-0.0227982271105353,-0.037089140400044,-0.0971838655210455,0.0794255742412931,-0.195113379485378,0.24271028613888,-0.0278067659852973,0.514389210480546,0.0287892964454573,-0.00509503499191575,-0.0389514685851383,0.236675953204816,-0.115111694724169,0.183628629255611,0.00790932468180322,0.0171670394684784,-0.0671130392068959,0.0632139074797098,0.241213751241444,-0.288024737583626,0.559989040095413,0.176997576653772,0.077487400197717,-0.0199170487183977,0.153266500054258,0.341388927490044,0.0264116395130816,0.0289333723392921,-0.100764527577599,-0.262489864552944,0.0317706072747543,0.0991644808680132,-0.0651994436099747,0.0339621864234313,-0.130943842954105,-0.212202742131701,-0.114938027639039,-0.0335734032296983,0.0448934800177998,-0.0204021630973099,-0.006168735109894,-0.0126982397782837,-0.0581582440379496,-0.00100788864573397,0.497410920426873,-0.102925013630587,-0.0153390539225603,-0.0240166164538693,-0.0983526589420483,-0.380095172571491,-0.00114651267874982,-0.31343278840923,-0.0823433039474075,-0.0535560892453232,-0.13178840414118,0.111535149708334,0.158290238719978,-0.132963169650656,0.195515272750424,-0.0917114391726775,0.11498056659152,-0.0194116718785738,0.0479404479031411,-0.0314007336557877,0.202670363674974,-0.00309328840851813,0.167935050740413,0.157302574700567,-0.0712070009285699,-0.0202606917238312,0.100106505963099,-0.211880714331926,0.0605063118671889,-0.252776076023352,-0.00290840166136252,0.0920931830187603,0.397854781638745,0.00307179459934308,-0.154184156850836,-0.128575034503032,0.0509708116582036,0.0645093861263058,-0.174091203439171,0.0266014504433043
"125",0.0984689567291663,0.428892015986263,-0.180611342240253,0.0117953687914667,0.149536643487248,0.122790096140907,-0.285864307851955,-0.149656347219504,0.176497198601631,0.127984627986021,0.0986284049044529,0.0903049903000709,0.448108175108286,-0.045127806323153,-0.00675459505129453,0.0511567216009893,-0.404139134277687,-0.0626296074769337,0.062150728275149,-0.0628369274530054,-0.134725944082771,-0.11895495834823,-0.0315366433080805,-0.210581911128371,0.0556970677338521,0.480957632365164,0.0517952065491662,0.218007602673844,0.0420027368049465,0.47399592371494,-0.0336979750199063,-0.135683737068403,0.123359255440491,0.0976596591421232,-0.0248620854247984,-0.00247510542711227,-0.144456158862248,0.120150242539577,0.075161351782193,0.0674227937782425,-0.0355433092623434,-0.228194040508357,0.232359013847603,0.338798611795173,-0.0735475934110426,0.481755585895967,0.196879438606853,0.41775745852219,0.0305553666325665,-0.0802994037740961,0.214897454021171,-0.110525138561309,0.40593676946177,-0.102297366170507,0.196791333578198,0.303290570107268,0.0974203025634675,0.0756925707906222,-0.344968695107405,-0.270500398923282,-0.183045988882708,-0.0390306358279985,0.178333543468006,-0.246190829305341,-0.392255951427242,-0.0802036033948771,-0.370404514348593,-0.0633462708491495,-0.0813793429989393,0.219358721108155,-0.240305757162199,-0.0842973371073541,0.0335211067616666,0.0743742287217947,-0.189588069989378,-0.156847508838876,-0.0436750763252162,-0.0341186343559011,-0.179060389403628,-0.133956065665073,-0.0416173465767484,-0.188934919888757,0.275334549182501,-0.187437327534716,-0.148963244718107,-0.395001262116626,-0.0854729680263987,0.0611387745970689,-0.0433146662846208,0.0209211352344758,0.0564725127317629,-0.255207252197677,-0.451940867973711,-0.101000829645741,0.317273900455861,0.0815643530248333,0.226743072466298,-0.169832343996802,0.176540313471486,0.220437399306361,0.283389713447053,-0.0451455814892458,-0.104463101540315,-0.0892775409269539,-0.361832744369518,-0.433748180476134,-0.51812273348727,0.00334598381782494,-0.0130422176472382,-0.254406028395437,0.0897427613285976,0.10012442765284,0.0884815559645834,0.350065767409124,0.133129523772347,-0.300786580994027,0.120355224832733,-0.00448446116805664,-0.104759845320639,-0.195196342469986,0.253098654794753,0.596801652456931,-0.0566444287086453,-0.154334837237212,-0.155312833038679,-0.255283326504221,-0.57823652445335,-0.0373619261096325,-0.0178822600584102,0.0420415566661069,0.0355056531686896,-0.00392467155101835,-0.183399019326143,-0.0811381753253556,0.00166517156677923,0.456204217631625,-0.122522432304014,0.199030536076894,-0.0391188119777117,-0.642601369992442,0.286115268811158,-0.210809874943643,-0.0939911458417313,-0.0987957185033445,-0.189969975305657,-0.0935482789330944,0.281001133570008,0.222816334197491,0.0370950697785488,0.259171872785291,0.0124149470412853,0.0235695135035941,0.355614749339391,0.363479699400028,0.258716816131069,0.0705860402532992,-0.0236432587197365,-0.52320576235272,0.278057192662501,-0.341044846033461,0.251433680105448,0.0360019348802296,-0.0509208041644995,-0.0453845430376589,0.00850883826738628,0.451598459428352,-0.0379868199590373,-0.374795227779533,0.271040476343506,0.0604882666521256,-0.109547943886696,-0.143553615221323,0.100196237747296,-0.0729879275272454,0.260761370063412,-0.199953583966728,-0.15060306828722,0.040701776863538,-0.011555778260762,0.243583675817474,-0.189999945916924,-0.199996124816197,0.219425933394658,-0.014071944161844,0.0442585252019225
"126",-0.173782319007764,-0.278236075159353,0.106689455182518,-0.211955601136817,-0.29903307361258,-0.0646846656389002,0.359608701627659,-0.223385589897233,0.425502333095365,0.0847681248657461,-0.140588634500944,-0.0825059003846525,0.0253567497218579,0.0199240184337783,0.0720330864023548,0.0363241285814365,0.185518762967745,0.248418089357409,-0.136302578083479,-0.0807166238420239,-0.141398345526004,-0.0334020826597907,-0.0329002869659313,-0.186197654778109,-0.0195872827580482,-0.346308434528303,-0.475552380939831,-0.440750040408446,-0.0996300862133707,0.210887865806669,-0.194864686832824,-0.100316050028045,-0.114194690542469,-0.0354468928628783,0.163930838041514,-0.0531724489933987,0.0644927434176159,0.0978106609094577,0.0777880977505525,-0.0783662328489071,-0.266870207512918,0.182948260599387,0.32666891847327,0.207106059354141,0.0867859437648792,0.00396295790765695,-0.101583809541323,-0.302050312309224,-0.257400889234356,0.0716474980821586,-0.273806629860803,0.143789960798005,0.405817016289474,0.123018610055956,0.0494636740078075,-0.0732018540607341,-0.101022333484796,0.0787234924965398,-0.115100342364245,-0.0995952035600905,0.397688468367195,-0.0440572706345213,0.22444858189195,0.0974962081684257,0.0950520994727502,0.053367312817342,0.539239917144096,-0.211090756907343,-0.156117878892892,0.0981718724612255,-0.0635658349599698,0.171338954072789,-0.084997332863402,0.113325593728856,-0.0275594624608629,-0.0533814631837237,-0.00584400600774934,-0.326225132351411,-0.00441567918515645,0.0389312495208338,0.0716342128081946,0.250197752742445,0.156764819849022,0.0561017338740881,0.283482800039879,0.0919344074499002,0.0959691954251036,-0.120455003524874,0.0478068674679959,-0.0625428952924434,0.0793853472712023,0.109103549876745,0.0181662220010695,0.295944837597088,0.143069343911304,-0.211607073715601,-0.0646578549515813,0.151082773708831,-0.106299463458236,-0.170175909339184,-0.24027014903606,0.0762403197069502,-0.0604086736739428,0.0536867885674978,0.116349983304063,-0.210040405669427,0.0112272414314146,0.081498817376088,0.495232723616336,0.0189877142524844,-0.109901488057119,-0.194306954278844,0.12490975899244,-0.00891992172752192,0.19385084516427,0.0576951248129803,-0.0522207400500352,-0.093658717775013,0.0326599129802055,0.167540737969223,-0.405102939937942,0.389292956188668,0.256870909248441,0.0784726701686429,-0.0401251863546935,0.17624087567383,0.221939009950291,-0.143513121247264,-0.0812549933555614,-0.206993273259265,0.5676144316388,0.247497597806692,-0.129939599542489,-0.0428845788371193,0.0261423333381413,-0.324138206042881,-0.224422507617639,-0.153954408248699,-0.133157041285507,0.205553831202641,-0.233549697022049,0.0034366122961045,-0.0678873224008562,-0.281827945293789,0.0590570336771755,0.360116323965408,-0.170698049405495,-0.150913070359629,-0.0319333533688097,-0.269268990243831,-0.419473912908451,0.0292143884291965,-0.665649665431385,0.091382493748352,-0.0168082123349973,0.183917937157982,0.537850946479386,0.122132600841304,-0.588974030650275,0.174481346360833,-0.093945832466842,0.0525457042122055,-0.0802509223883003,0.390953047813842,-0.0197421012368171,0.2616202093658,0.0673224211575946,0.188243396944663,0.151265678296508,-0.0802161251453392,0.277320855775457,-0.0154424071279728,-0.207515652155227,-0.00756160167837138,-0.446223255406555,-0.156474451427484,0.245617568120315,0.325804162351037,-0.054628029992276,-0.218657365688063,0.0423414907690402,-0.0344467928243471,-0.169556571369649,-0.0556640953653231,0.0366066466850965
"127",-0.00726675510554064,0.00174751250035888,-0.0607547240092119,0.0513607016786708,0.0533284849294696,0.0517089334473121,0.00765046108776375,0.0771578867191015,-0.337190741599427,-0.0640866965026798,0.124413547973655,0.0674409319285784,-0.102873649461396,-0.0899401015982543,0.00656870023413765,-0.143696486331536,-0.142730130049499,-0.095239064676985,-0.0986698412827254,-0.0515564205676576,0.0633956988882555,-0.0369977689172034,-0.0951630266217077,-0.189440592935232,-0.0406310243202764,-0.118192590067406,0.317312585584329,0.500926777404599,0.0991597295573515,-0.282200383034936,0.160296080425721,-0.0106938952702186,0.0798586685684192,0.0218628873748342,0.239641311030864,0.124303581032131,0.147197354939171,-0.0784191970705564,-0.00486422360575332,-0.0109585575085694,-0.0575472364877238,0.0988498977105608,-0.0733655108853148,-0.368337802934393,-0.159378605402964,-0.141730329622919,0.0819605338778469,0.0116431705386821,0.28499430472082,-0.320695515574836,0.0693875895009096,-0.0155386114844023,-0.175016222032416,-0.0899434109426305,0.0203615391237689,-0.182796837011278,-0.108166156383315,-0.250674766310928,0.248554624564556,0.140160674334943,-0.0683876849687235,0.0297573795900271,-0.262110520365373,-0.0135381441612278,-0.0675751258690788,-0.0419638672313137,0.0107266662183742,-0.062352829300568,0.0640464859846492,-0.0710836327612348,0.048766479527422,-0.147370478492439,0.0125638445734754,-0.0880974545407298,0.0161656632082988,0.0450591657224121,0.0709502862191556,-0.0572479975447234,0.064489446245635,0.0429686786434946,0.0402304974620728,0.174479912432795,-0.222084001974756,0.0415878951103236,0.332509172829011,0.0524152339189547,-0.0721011298379252,0.119529594454028,-0.0630375593592241,0.053142889731105,-0.0315778600190524,0.0872396174663285,-0.0268228739124946,0.287378879487634,-0.197962015369932,0.132532336920376,0.210875620585008,-0.146010442982307,0.077249618061728,0.0648812565404566,0.0646378006150312,-0.0618938259817498,0.157868003457064,0.439568580918554,-0.466135659079678,-0.408291962370082,-0.194498496505672,-0.112562108171227,0.313363490599198,0.11744909938098,0.0656671814147183,0.161089898242271,-0.170959492370305,-0.175795962141483,0.0628200686376254,0.0481074787724721,0.0788498029429588,-0.0687632561062903,-0.00720225728699074,0.0977104965311389,0.0109390936712779,0.0846474155449921,-0.289907733062335,0.167283856602725,-0.00187298620402245,-0.12093907689478,-0.276170852570512,0.107670982587855,0.0126507746830372,0.0458000738416613,-0.202636379532463,-0.112348661315912,-0.0811128191697222,-0.162494009867787,0.0906605284351258,0.00233195600552817,0.402640304146057,-0.0244846312692634,0.17075317232261,0.636814103295594,-0.00687903720883234,0.0192386790742315,-0.118422552711263,-0.141297974316428,0.0266626827672386,-0.164369830700213,-0.0985329018431842,0.0646245653516317,-0.111571984329805,0.0523253290598935,-0.133970097523527,0.251037088749593,0.255508651234529,-0.119335264582801,-0.0612097632234751,0.0885767016510867,-0.0947832075950599,0.0563270992465152,-0.0554934913182654,0.139314957152675,0.153177511424529,-0.0322123073560902,-0.012684889604498,0.11637525008483,-0.0260152210905439,-0.308062182283478,0.0204706102181525,-0.109291897659351,-0.348173847900857,0.0256480985564132,-0.017199210110236,0.200749043622319,-0.242475116333948,-0.0170259633868244,-0.031919094744767,-0.0138686364223469,-0.0222229587513386,0.307619246512436,0.0654431516144677,0.0420457276117678,0.00727784041968681,0.196849708501409,0.195471458726214,0.0647994646212521,-0.0504897242605682
"128",0.0241371601939192,-0.259184590844217,0.14288341125964,-0.245745392853991,0.0172373273200682,-0.0329881873460706,-0.101963415359068,-0.187208292536362,0.153125936745331,0.0411055023195474,-0.0571045370379888,-0.0216685971545537,-0.261464514159233,0.0556031212991511,0.108126008481025,-0.200366263868799,0.318503908210775,0.00887218448004054,0.0120066664573538,-0.0320747774732745,0.22904149295968,-0.0253965310783535,-0.204128494683431,0.887011265198842,0.0109268200249878,0.0545757734326375,-0.0257818267841565,0.030392320925565,-0.0688607027441952,-0.0183479094545343,0.131681032869809,0.05541485449064,-0.0511028507892819,-0.0677208530041772,0.246016762952777,-0.101962042338947,0.158072551006077,0.0267362371868728,0.0652939081137873,-0.014226187595867,0.0266755290867538,0.0468906660374401,-0.500082406216856,0.239357345909931,0.213984227339884,-0.232048419105823,-0.0106481682227132,-0.250402745586143,0.0551426947766998,0.0903072485068385,-0.0120400096706457,0.00443101222731308,-0.0699193105138646,-0.0191090850149503,-0.10112160256401,-0.133417658710616,-0.148649470794481,-0.17556577414074,0.00662831431562553,0.339578198608048,-0.0585373818360408,-0.120649995775847,-0.00318247566776232,0.0839162995052051,0.166323040247517,0.0149908763966825,0.190200573934772,0.29849088571915,-0.105008865958836,-0.0652444171438642,0.253269588359791,-0.176554023027166,-0.0807878199737896,0.0482092546311627,0.2490547457678,0.249732875495628,-0.0339192055361998,-0.111275600961599,0.00398592142088167,0.00489621714822984,-0.0443823993808832,0.0617623440502824,-0.177381125547191,-0.0203455179605254,-0.0495059984045071,0.106738577701216,0.0559703513779348,0.144074085603994,-0.0191920494058095,-0.150164603125484,0.0378552582225861,-0.0531881021483405,0.212383668705762,0.000276216254758228,0.377698775756003,0.123492906672558,-0.224384758791433,0.124128637180665,0.21914495792014,-0.109105099582439,-0.150039839327514,-0.0279876210999121,-0.055825267410579,-0.256622721387317,0.116326280319988,0.945664827578458,0.0569231159897912,-0.170753811014695,-0.456274961642713,-0.0230392186441161,-0.086637616185885,-0.117964764583962,0.0671568414145683,-0.321579525473562,-0.0406600018604935,0.0112574282591921,-0.0458692072827355,-0.0347165457243901,0.316020447318156,0.0511467430259405,-0.0254821187707074,-0.617263141682331,0.107205391979996,-0.229935341429033,0.141638039862842,0.177542293195092,0.103091316399818,0.0731554004975055,-0.0916390474835505,-0.0909440393858528,-0.189306486525301,-0.0421947266880902,0.101326929747893,-0.0606786703988347,-0.00557524914335186,-0.2453579708513,0.515092575664096,-0.103314741599515,0.0144774256525141,0.569199259942372,-0.155638749889356,-0.0662963971397724,0.123562756333047,0.0572861102242859,0.0413212015695469,-0.201423753095009,-0.0179330984295274,-0.114383589105714,0.0069142924587485,-0.120159181636247,0.0328021111953698,0.11779124866167,-0.236476041442167,-0.0699600267648838,-0.209620336514975,0.00255606833985939,0.0730535647099698,0.295167124924495,-0.137539561710662,0.0747408895545628,-0.265256025545453,-0.0295501481097243,-0.0464033211247663,-0.00495015532279859,0.00190697142412187,-0.0348172110113049,0.00593555214006753,-0.044499440866083,0.130130718468273,-0.00581590555469731,-0.0677601593563187,-0.0582854620967152,-0.0230289432117054,-0.0898243628112129,-0.0886981569018388,0.209474774886806,-0.0395363347795557,-0.333091166084314,0.0131439604341186,-0.128412549374502,0.0335019416556767,-0.0453434304447481,-0.107567341567886,-0.165498442335691,0.217672841059847
"129",0.107467769649961,-0.025907950930922,0.097554731268236,-0.047981647519803,0.079009983252579,0.0722113235926077,-0.16609166804664,-0.0636394477064114,-0.155739989252822,-0.139596347927873,-0.192299613058119,0.102639769698567,-0.0820388473045063,0.0126523238079334,0.0721321221853125,-0.0120326289672067,0.0937141456431253,-0.0938679949527408,0.203225309404224,0.0693313859842407,0.153320453742897,0.0730201275037031,0.0393776456963259,-0.011645037455276,0.128392263947597,0.163972387326473,-0.342648653375961,-0.382628750864041,0.0532201013703866,-0.427198642595355,0.182876420963901,0.0840911248945576,0.0360038617497393,0.177188889767073,0.359450403625164,0.00456771180652614,0.144738259811802,-0.0714092832691589,0.112322745554272,-0.00208252907723626,0.0878972585902344,0.167528635882235,-0.308918004579321,-0.363178209228496,-0.056474484854256,-0.1639254155369,0.00631957293452901,-0.0694094639002989,0.239804284301113,0.0171660103107427,0.537783797606739,0.185584146337811,-0.166041049235726,-0.239549025737023,-0.0879773468541637,-0.0325389202255953,0.039048411965146,-0.309549957922663,-0.0527710152942456,0.178267646118806,-0.188605545055363,0.00132286129381112,-0.00736406920348977,-0.042084740627247,0.0623314558705335,0.212575670296866,-0.141837471947219,0.337050017299952,-0.117041979421836,-0.0021813055939595,0.096407501352858,-0.20973238787178,-0.0190932537599742,0.0873210708511597,0.0804562848548219,0.0692515689004448,0.0952473240300702,0.0971789827613279,0.0546069497834145,0.0716536026102594,0.0299664272715867,0.103029543249364,-0.0118498218952359,0.0785907274266893,-0.0999663356031365,-0.0206884865999286,-0.0141683229112535,0.353692652093729,0.167919885997262,0.442180791610257,-0.123093443515026,0.000979882937795766,0.118057206012272,-0.0249633193501654,-0.108570502275738,0.0263129335680874,-0.186538098930464,-0.135102967150981,0.418279836554833,0.0385499648832451,-0.00078810364090829,-0.0975486166130532,0.0222397805816761,-0.230036784536727,-0.232202492038958,-0.101967481706892,-0.442790393822916,-0.19609211279764,-0.326172103476545,0.0649285205921156,0.00261057804482014,0.103809820550634,-0.0219476633502682,-0.0787501196316573,0.13043056145719,-0.051345159572681,0.070364353982387,-0.0832423717511586,0.285378247828876,-0.17915244961307,-0.0493651927047986,-1.19064023419708,-0.243640736064742,0.0376749301036727,0.227885896179126,0.112320355364492,0.122255685087325,0.172466019586282,0.172955682001023,0.0994602297123698,-0.13534348387589,0.00343790218996746,-0.0314469087036156,-0.102137820306313,0.000935009779521464,-0.0874250644624982,0.172629909577751,-0.0417706434863827,-0.0449648781989087,0.510278039266856,0.00184157699745466,-0.0383762750525269,0.133540331224813,0.0816651226466623,0.156420351425321,-0.361978270413703,0.0420586012179609,0.0324151964536358,-0.273356655905663,-0.0554434643615837,0.185392133536148,0.199359170734279,0.00158118460120608,-0.0937347308469253,-0.104011301422182,0.26060305234396,-0.0835298480286501,0.167588575020579,0.0785996558573993,0.0724675482279936,-0.870023952791089,-0.185203904625827,0.0386479130169668,-0.219494396554921,0.104231659119685,-0.427943968839303,0.0236241132021864,0.400263943786476,-0.17044956720736,0.00862221347881702,-0.0236325112855154,-0.0363161409455526,-0.0224503433837038,0.0951910404007873,0.0255316935450465,0.00570832177834158,0.304964305522163,-0.145909640536268,0.0413898733230575,-0.0510056183824213,0.142302202402526,0.0462826876245792,0.0571688950923181,0.483786443698746,0.0235018865510316
"130",-0.0144350901418129,-0.0964368902432042,0.157387845534229,0.130890370853065,-0.218174641469219,-0.0468497422726447,0.0291155372789287,-0.184001820105342,-0.22370368679223,-0.073093219284981,0.0640594529410735,-0.0460335945830735,-0.095553528583603,-0.093825768202295,0.00110406315997798,-0.0022828827737128,-0.153808491744504,0.273826966040844,-0.0154796928082612,-0.0179820520502999,-0.039538747159985,0.00294368514270409,-0.129208690034741,-0.10867946882796,0.162773165175008,-0.0901039687586541,0.000887513974022466,0.054803698046636,-0.0399819510384489,-0.633750329061317,0.171607180296842,0.0673405347933707,-0.00347142019926651,-0.119654602422423,0.20961116875865,0.284817970671651,0.064683698706878,0.00719157928988968,0.0744011856083318,-0.0383238563304017,0.105914622647502,0.169957444713796,-0.282740293395032,-0.232631397336624,-0.139414988538618,-0.144423134243392,-0.026726699545839,-0.1074616893441,-0.13043034938711,0.0515897623230352,0.146876579487683,-0.292857328745751,-0.256837218099071,-0.171209749349689,-0.0947423474218884,-0.054637706921062,0.0260109269770256,-0.45051010058318,0.0960955253069006,-0.182921041581165,0.0708591741269375,-0.133068920595111,-0.216259632911254,0.207533475699929,-0.209168226638395,-0.00307411087543668,0.115164632422937,-0.115792677058323,0.212286902167484,-0.0732316005990692,-0.155181812763884,-0.118695116274255,0.0417236702091352,-0.0520228830151553,-0.117946094758855,-0.175654261659132,0.047969682585352,0.189923905078975,0.0829073302367719,0.0971303898064788,-0.031494820632235,-0.130731987661843,-0.274087623659805,0.111336759286052,-0.339112896726023,-0.0509876069018751,-0.0460270184089538,0.0968244630980817,-0.0156528789051454,0.0530873493162416,-0.0899126120574165,0.216975550414347,-0.185994753658732,-0.21293277447375,-0.20443838645034,0.204006198321565,0.190838378170473,0.154650087047566,0.129152223301504,-0.0370044786293009,-0.038063326452104,-0.0364772942719231,-0.0334300918961611,0.0406583840426053,0.173492720125619,-0.130934487665087,0.144173887784763,-0.0940360985670521,0.213298390034637,-0.0333324222941385,-0.0959409416802389,-0.0135635973503684,-0.162037273768076,-0.0939725571214258,-0.0262051243086218,0.167048323664098,0.0189625296854536,0.0320735942583435,0.0904994356673896,0.0909323591637191,0.286853547184105,0.218681667561194,-0.18079799784598,0.18015929779138,0.0833638329903087,-0.0139915347768806,0.209983175532365,0.174567789680523,0.118367699011496,0.0859689289705842,-0.231523029116742,0.0765827544885332,0.00770165003891526,-0.0621464725911184,0.187380253669638,-0.0900123696196762,-0.255106723639502,-0.0592635825355097,0.0931458687063066,0.53985188124638,-0.01093593696557,-0.0433500444830287,0.207702996348206,0.00525620729463539,0.0261638805630563,0.363281886281325,-0.0147619928916794,-0.0179310001689555,-0.0420485306064171,0.0868568402442198,0.0544164631602121,0.24271285182907,0.12421688272367,-0.128397830319294,0.427638401939524,0.11974249891162,0.28879491946278,0.255389672303898,0.140021130987979,0.0303600113054667,-0.513258248811296,-0.00464254632872868,-0.029192581399193,-0.208548135477751,0.0503520630348918,-0.532957594587415,-0.0749968983912829,0.39025585158228,-0.0434316042686323,-0.0543550993654515,0.122982185086685,0.186079403718562,-0.285250508925822,0.109484025024965,0.0341969636497966,-0.0565223698587213,0.190564395628219,0.269812399044076,-0.0236184661596408,0.00773255359000918,0.0141025583296646,0.0172164942990219,0.201941778389011,0.0926866535679657,-0.0945449194124502
"131",0.0546585919307103,-0.0378455527326191,0.0128215734033491,0.0247384616220904,-0.134701528223068,0.0458669408334241,0.255156820118068,-0.124435949521497,0.148772083825673,0.0956486336367627,0.21576848316536,0.0474905894549003,-0.208210637594266,0.114395430556579,-0.0576360179234971,-0.12685082873436,0.253217975721388,0.00546233202100529,0.0637022924464275,-0.0681404346133998,0.0464463151443902,-0.0513446467401162,0.0817327505201157,-0.059291117311791,0.115282975528354,-0.272037433118234,0.22501934317233,0.242503658242994,0.071717657213837,-0.0546943018149914,-0.329744184028768,-0.00677402499314417,0.0284568016902802,-0.0337786514505988,0.206529302978908,-0.0263138689955691,0.0747679481907948,0.223176156243419,-0.167368515781956,-0.00363304792797946,-0.0170208990521053,0.0298751741205911,0.29537686084211,-0.0515619648403256,-0.00175396150238672,-0.101627594911068,0.0712774026632491,-0.0378143433956369,-0.0473617026837567,0.0608185709354078,-0.214257505195189,-0.157684854502014,0.145138104678642,-0.0324571763947305,0.0445178564880194,-0.132801340377377,0.0653993685979529,-0.231957003528838,0.0997519712787476,-0.138012812292167,0.42632517934523,-0.0192849351246739,0.00179292245737138,0.220331028578563,0.166158327246055,0.0839559290599271,-0.0112674188101753,-0.260816204105836,0.026033102588075,0.0347194635825394,-0.469390044769294,0.165365656237031,0.0127263749417906,-0.0264215113952175,-0.429474912019123,-0.451681908070471,0.112826729691083,-0.0406852960407432,0.0139132517692305,0.0549053499562913,0.148192467296718,0.121664875640082,-0.0716037127892349,0.0412040892898849,-0.00601710130517073,0.0783167367198043,0.0312936356833524,0.0441202366252349,0.065407802293939,-0.0380842886267046,-0.0178991716222641,0.136171926278413,-0.137839969975159,0.018115587388622,0.0937228298233458,-0.0355598138823821,0.570820729558792,0.0377226041795628,-0.0437179869869598,-0.0445234879988051,-0.0436486321592823,0.062191850602337,-0.0130339759772401,0.0835228218861951,0.00476406690888334,-0.0302373648788786,-0.324720500912709,0.0182585176445275,0.5207302792456,0.0567528605827119,0.0582697200187499,0.0123024453491435,-0.0257549824839467,-0.104428789252766,-0.0571245259736936,0.182307919221904,0.00288777501760986,0.0875983932635914,-0.0710197629645087,0.16394269791057,-0.129892954503021,0.213808150956129,0.0495273193908879,-0.0497404607898207,0.0120820684324627,-0.0724515230219204,-0.064359375311608,-0.29273204507272,-0.137744515583203,-0.0380348863436693,-0.274740995989027,0.0875844039162229,0.157000323562637,-0.0221979252050045,-0.150810478661433,-0.0172888710491344,-0.171999976999832,0.0162609330401222,-0.191431560713101,-0.134621537404674,-0.139258277342374,-0.0832410494779724,0.0284488247444824,0.0779204634257198,0.00274314077813454,0.274435297725856,-0.0956560942583611,0.100975494669936,0.124523416934798,-0.119123848066323,0.133282700932442,0.0281111249582762,-0.100027803951314,0.0627252218847686,-0.16469953116225,-0.237861988048909,-0.178050430125641,0.0255984814694933,-0.0833766758869638,0.0964211471297988,0.139033563622618,-0.136523776162444,-0.0406041856079431,-0.0178958483174521,-0.164966322734381,-0.00820211589528923,-0.0705964103389104,0.102620111116537,0.221215038956273,0.0606164094694777,0.172722416020175,-0.203152727867777,-0.140804955935354,-0.0244280463000901,-0.0903038835263421,-0.0301466449322157,-0.0754182467208173,0.350646189829731,0.00799844183822799,-0.00740234975154702,-0.315879069868911,-0.00592052451809347,0.176455329997967,-0.0606580793504046,-0.103986434848836
"132",0.1560249847922,0.532231351684519,-0.240926407366339,0.352958156264097,0.191407312212845,0.0484684514448422,-0.332830051186571,0.309687315078234,0.133828966618346,0.203919189920656,0.241912058251553,0.0179604693473767,0.575128045492621,-0.137604137207173,0.0680403914573118,0.324437101256372,-0.38065611541438,-0.357997162966271,0.0366799937999729,0.0137356118933015,0.105036093492161,0.0164202889864339,0.241748356488411,-0.206856930815786,0.0517091030970386,-0.0086217670505307,0.144794073119874,0.381604079315474,0.00328822914802212,0.105255534902698,-0.10042452664437,0.00921620168907439,0.0882194846412512,0.316313041533958,-0.346877801916647,-0.210901934843895,0.0295591106850628,-0.163819908140393,-0.101771849554624,0.117610374878134,-0.233870355760822,-0.199539863196709,0.349383686688592,0.495781353002274,-0.117260452466005,0.460911375959776,0.160816696889203,0.504703548553002,-0.562301575182719,-0.0907349216181735,0.0423430458430009,-0.622139259357063,0.204533598082969,-0.0863545262267298,0.149375810223741,0.515539693100645,0.168200125739386,0.432348240382905,-0.125755587363423,-0.466334508655641,-0.214649480463758,0.1487928351286,0.275422737575927,-0.0733131760449462,-0.0847664622542228,0.197686343567395,-0.395536383084619,0.265552567400977,0.188791996347563,0.203133343009326,-0.618181071301931,0.0234779520218368,0.107761419569068,-0.446597585014702,-0.640388934144173,-0.639367782666151,0.0834281062534501,0.109914555287908,-0.0674111190949592,-0.265008609061554,-0.0267280335819855,-0.0963651589814546,0.224277018839809,-0.216568779723193,-0.183115598910472,-0.599908268649052,0.0173756180556624,0.0780568231355259,0.214551759640904,0.0795447223121916,0.0498718569299245,-0.0256785594810603,-0.386800271692398,-0.229749308352861,0.340933443685152,-0.035915405080812,0.346599537550252,-0.0847790426188472,0.0442245883440929,0.319943283687742,0.384590187795577,-0.173061586916844,0.106232567833868,0.22384509332306,0.106442299351963,-0.0965753939629744,-0.254163011138218,-0.190144571161158,-0.344933851306991,-0.19775045216003,-0.00600955146322022,-0.0474943443576314,-0.110516556046798,0.383887293464275,0.13766274123098,-0.174688089100067,-0.0605017006252288,0.211191562105046,-0.166270421275444,0.0328049985828461,0.167875401558809,-0.199259867613509,-0.0360750123436139,-0.162774356058348,-0.0267389031511635,-0.343891938763373,-0.650048985132686,-0.0593561848196998,-0.000767703719772292,0.279788555718384,0.0424660942064005,0.0959657922096673,0.036556595838207,0.111788452081105,-0.246061705975503,0.532684141743188,-0.613126720840962,0.262572630459869,0.10658497310099,-1.0512966065637,0.561560751955676,-0.107664927939771,-0.0962201751765698,0.0473246801030214,-0.118395236767439,-0.12034723632858,0.0345071049215022,0.35390710212574,-0.0126468566290451,0.463747832281862,0.198508348809837,-0.419465289627124,0.283890350253656,0.307427520068778,0.242744739492553,0.215175600934337,-0.291972311610983,-0.484810491796903,0.426330806460325,-0.436962844067805,0.524473937298988,-0.0634370214457788,0.0876864960202646,-0.305552265102711,0.0241138252212629,0.203193255138937,-0.0631360847390787,-0.781610192398911,-0.252867090176648,0.0775207636472104,-0.346680513975489,-0.117682858622798,0.360006000430177,-0.0024727019543351,0.526855871088778,-0.222450210393214,-0.161627623825048,-0.327651520185614,-0.080753651027779,0.363040924416584,-0.0855452453798591,0.0480458146950465,0.241562276776011,0.0489775182857345,0.051856581474706
"133",-0.0858714428840684,-0.278575631241506,0.140689965951106,0.186827782786608,-0.0279872299483003,-0.110973500205868,0.0646014091577974,-0.00711333030427508,0.149799400391622,-0.0286189922135188,-0.0545438405774033,-0.0873393597013679,-0.274818641728977,0.0509804644048729,-0.00557681519265511,-0.168356656055899,0.338338156056047,-0.0740993465101905,-0.151472968748251,0.0384249120066939,0.126562890039123,0.0251338622397516,-0.171514737106572,0.754376996326792,-0.00896271051484251,-0.356399673996947,0.0291263061744629,0.0967483615620641,-0.0180003502923373,0.00827027889458708,0.0951552605694398,0.0181402620454692,-0.13127467062259,-0.0712376802297558,0.225150677383047,-0.190931265488311,0.20825824761818,-0.103406365535755,-0.0472194478196308,-0.0571102023116684,-0.233396541672901,0.0986495823973273,-0.26502442576056,-0.154535318276019,0.344459143418795,-0.237133351214945,-0.1830014821812,-0.256684255594514,-0.249889797262057,0.0451237439683172,-0.142397460037946,-0.0412641775516333,-0.0533306972978133,0.0152420235821176,-0.133819213151968,-0.165253674961476,-0.26348622278079,0.0715818009385655,-0.0385680135545401,0.151287661741632,0.328341037291774,0.175094200601559,-0.0767055471012619,0.0742185356540747,0.261434956114387,-0.0738870832256654,0.464894729452275,0.142024126975477,-0.0180587017630557,-0.0729800456412027,0.702793955086557,-0.0113286688569667,-0.0616036966916979,0.0356018881491044,0.651400192820375,0.691629438802807,0.039287054613429,-0.15398145588694,-0.0140805005805616,-0.0252372496619207,-0.00213310307878259,0.061536937872859,-0.098886531860855,-0.0218130016455136,-0.354978603851828,0.0991996110093387,-0.0141802203747861,0.129954017498763,-0.0885838170700631,-0.0225667749748697,-0.0582053382489852,0.107927328842933,0.0759800132876342,-0.344093697026492,-0.258197486495029,-0.012901687207362,-0.402292162087742,0.276387640172661,0.00260785404054801,-0.099332839478072,-0.14113611814779,0.0676731757142904,0.00319176699933887,-0.0863485122653369,0.0818627695016534,0.946567466647003,1.18088258460066,-0.104605511608487,-0.3817209304448,0.147240072297688,-0.062324984233883,-0.227254832211153,0.159809743227424,-0.253751874622811,-0.119432125981076,0.109533178415075,-0.0996277766175758,-0.132856924495171,0.220822225395919,-0.130607600807596,-0.197273677643464,-0.182033284557219,-0.122275043432911,0.0399726808449607,0.0115721818924629,0.176652564604926,0.265551074761653,0.145856472104844,-0.137289018645188,-0.0771681166958108,-0.0924290081913193,-0.0655285670213645,0.0313810326641257,0.0200437253740763,-0.0244135820065403,-0.239617231175247,-0.0718137434584356,-0.156494900774877,-0.179035274981735,0.527962518622848,-0.23977750728603,0.208277900434748,0.0512925852132976,-0.0699658376798133,0.148903144362435,-0.191909007521171,-0.0984017168308338,-0.215013476573806,-0.000455886567088312,-0.190332945235317,-0.0607500758892684,0.0385776718879319,-0.225498881881323,-0.0953355722472655,-0.403642721481867,0.0284984434382484,0.172042074615541,0.334372875888767,-0.161027427574012,-0.0358488453883452,-0.223266674925852,0.377986045551648,-0.0323518126517653,0.132231463971986,0.0054774778369324,-0.0265168970085626,-0.0469660322473792,0.038340044765618,0.0172373348291386,-0.06481162036525,-0.209594239779726,-0.0878083390679361,-0.00976938101833329,-0.022035370126832,-0.137558607345985,0.381167508995407,0.0813516861069701,-0.314629463542427,-0.133001695392311,-0.207685665018952,0.418581920190889,0.0132589187624468,-0.258901467195115,0.016604920004136,0.0590935527350402
"134",0.171140144315307,0.342098771123372,-0.186746267247023,0.0606053797150376,-0.0711238467703385,-0.0573335666949933,0.0108157484731151,-0.0318477510918845,0.180731085270087,-0.297842322849505,0.485494188822044,-0.102723375475602,0.0106588756576745,-0.210385986371748,-0.157899174090605,-0.110498353444354,-0.544090486437444,-0.000802057625774819,-0.0613482616395648,-0.13078201550354,-0.203632989240664,-0.0829143850140499,-0.259381257824508,-0.233653513984053,-0.185292642797688,0.235981755542934,0.228034454476147,0.283363587109351,0.0771317934817677,0.245453593661486,0.148789449345512,-0.0486412694732408,0.0427529092443872,-0.223019715805203,-0.0118537491079797,0.179681499020979,-0.005054878905125,0.51333143828356,-0.0257074382739663,0.0904639000127296,0.147778700467323,-0.189696272606037,0.0417204677565618,0.23176556985571,-0.271834190892692,0.317560779759112,0.20254736087938,0.439801384453727,-0.316711573122986,0.0596224531748239,0.0127811507231717,-0.0821107008119456,0.117135278523905,0.102066163422251,0.11967167851969,0.0288825220794688,0.0135957324256845,-0.0284182304630794,-0.136994118229421,-0.119527553934825,-0.104704638604257,-0.0302235003713738,0.0126869022436249,-0.120369524835558,-0.288873538121616,-0.16575273883127,-0.0191372453387914,-0.411418241474217,0.335100040946059,0.150034593382645,-0.0607561308809501,0.0205130940027734,0.226982586941426,-0.100969711663243,-0.0217373786675777,-0.0174708681561109,-0.123557566698934,0.079953151172091,-0.0913800289382028,-0.154397379523773,-0.0278952216271937,-0.298347661615128,0.165015878033941,-0.227669264358319,0.289029005193753,-0.0812088170276078,-0.0514940706848029,0.131218454024864,-0.142219539573107,0.0714069393545167,-0.0513705068972084,0.0548686526905646,-0.689930661237686,0.162739965715807,0.219579906297097,-0.0566136934264798,0.121822368662557,-0.24179891990448,-0.0536372106116912,0.0610190660160877,0.102098747979886,-0.0293565658030389,-0.0600202712443748,0.049281573954494,-0.100878263724515,-0.519123550312043,-0.1212192280074,0.0229885924430523,0.0526823412319652,-0.108552264746918,0.0322342547056663,0.134246253820569,-0.185409059037231,0.443873990744597,-0.0569415736475834,-0.138271382902282,-0.0260923531319902,0.0131520699208904,0.0677328550115119,-0.154503575374642,0.197981067789392,0.43650425896267,0.0316244740437504,-0.03463742637413,-0.132870913195414,-0.512897474409526,-0.47327911380649,0.168277258983377,0.0890069508024908,0.0959166439549629,0.106523795647269,-0.134738228946534,0.0609758077531101,-0.147145522688006,0.0170769719391336,0.367515652787624,0.119886868233687,0.21371348859983,0.00915678340871359,-0.489470628069608,0.338999215026885,-0.0941546614141927,0.16382402952254,0.0387597106629298,-0.148534352147053,-0.0295707271914359,0.114821191321714,-0.124610577442641,-0.349859832808718,0.218180725553218,-0.0487421596416577,0.0598732777397551,0.282360248530739,0.126664977634972,0.358393723080496,0.0265213678723347,-0.034590387595229,-0.391116176061718,0.377210870642261,-0.256278766993675,0.0791688947242,-0.0293753065731601,-0.0942216829879495,-0.0647536134018891,0.199472053930535,0.261308634280739,0.208899603472867,-0.0568169200710217,-0.0796902364278187,0.0409698780312342,-0.0792392989991947,0.00297992906505536,0.0353700471925126,0.0441537886976534,0.315258378567954,-0.183385115061649,0.182252490617254,0.0230135793652469,0.00602166827121146,0.185514062242835,-0.162860927344984,0.0162555791705115,0.221627311515079,0.047259482925423,-0.37700370026578
"135",0.195572111423931,0.516813947483363,-0.352507737986513,0.16948929423994,0.142064057243085,0.0779765824296191,-0.23168103667113,0.168310014105326,0.431880418382134,-0.00687177996613402,0.225216061866899,0.0654590883958259,0.597190940494656,-0.278824204851686,-0.178514852827751,0.445351938257111,-0.623604943654233,-0.250792229873715,0.293539554804788,0.130410684674145,0.0133230230373162,-0.0441637129076785,0.52693669156663,-0.216716508251763,-0.182247573232213,0.385643907480623,0.0022859517788683,-0.0958067053781393,0.0803511216707773,0.223841521671612,0.0493980618183707,-0.034233161197064,0.145643915993386,0.178787418403215,-0.169188470804632,-0.182515996069595,0.00117895875510478,-0.0691162209543622,0.0482754382050146,0.169627275053927,0.102133162551916,-0.101625998232859,0.242751765396331,0.29313803718509,-0.199074358477232,0.55777349909459,0.294502781472999,0.575868764336731,0.0356799979639722,-0.124761261378022,0.00237100970008599,0.222703522850641,0.229967990377363,0.328259676305843,0.213524548968286,0.438816533537951,0.120013875890482,0.220077008756491,-0.208089611874647,0.0207219028986511,-0.484408994871009,0.0353850173632979,0.257962604311085,-0.41233769831214,-0.279404078128764,0.0349069418394415,-0.412347235533825,0.249938825324946,0.0804465432405524,0.203523417076195,-0.493514465106718,0.0783536726057475,0.151938147186213,-0.0314560611338678,-0.392892170034214,-0.419174600699685,-0.036668722828667,0.0659305722309061,-0.0529104787765298,-0.147478959320562,0.00607793404641052,0.108372119890784,0.28838808210366,-0.211997662041517,-0.0719466858092856,-0.255702095918536,-0.00741039011387867,0.0690126952599324,0.0333943151268951,-0.0118113171090162,0.23710049831386,-0.175064208434348,-0.119478737459725,-0.26901517126685,0.393209700527357,-0.0294462633399022,-0.234247953774606,-0.431220739308075,0.142685612995229,0.240526821722818,0.29956656496786,-0.0277381197977504,-0.000945830641539254,0.356771806698765,-0.0231715853686267,-0.506409568428888,-0.206397049206922,0.105846328008711,-0.182448842030617,-0.154602550408323,0.222685157996017,0.199616554225935,-0.238700807152242,0.497641760019311,0.126485766863899,-0.0684010301495523,0.172293994893601,-0.0242221169825032,-1.0761369735467,-0.0261132086349633,0.207698011217919,-0.286812409512568,0.0645596465472086,-0.118019687273428,-0.0211227317201133,-0.726005563409662,-0.644153188826306,0.0415440411779167,-0.0269022803027324,0.0930363836816747,0.273110375970855,-0.11291149736736,-0.0555304939488604,0.0386156318742915,-0.0836551536660368,0.558146449791652,0.352732930083533,0.337326473482985,-0.0441513826772977,-1.29590873274752,0.526597582979501,-0.115804987560014,-0.0865081468389191,-0.017330639984612,-0.67534464600045,-0.046482897143808,0.0690262839251565,0.0486720860123536,0.0613578001044197,0.389802560724231,-0.123185823751243,-0.2535227728064,0.467638747696708,0.250524224137438,0.0504176940290504,-0.0381288838064363,-0.457981516529927,-0.518063202642469,0.351664316064487,-0.189815666595894,-0.248663126962372,-0.0732639823796091,0.0699401371871892,-0.0591492511914095,-0.0105600176028816,0.29303612038603,0.0667983956548409,-0.727925690411332,-0.435206816413281,0.0868388878519253,-0.0400792186309681,0.0273271385278494,0.149752109849023,0.0246496203317725,0.443038747227442,-0.268294370606415,-0.321992755104025,-0.312744713146942,0.0591545537690374,0.393385678668324,-0.0745673494647029,-0.201941178350973,0.127402518236834,-0.0404534246937006,0.053014277776219
"136",-0.00485800290537518,-0.164379625030465,0.232845243400613,-0.190794469259717,-0.00696171514703554,0.12402333674243,-0.0968979291075733,0.141252450703866,-0.181013293876981,-0.05243574458209,-0.161956221184028,0.128018011481991,-0.0340671076014591,-0.0484802169479164,0.0468928699147882,0.0682743308789947,0.196139434720318,0.0382055574244711,0.107826170831978,0.117475021561833,0.101014958216039,0.000452036601123129,-0.0711002769614089,-0.159122981432896,0.241882659269522,0.000364489948668932,0.108987732628311,-0.0414407296202344,-0.0372105444181161,-0.325094475014088,0.230351055273477,0.0823283162766434,0.0663046333093911,-0.0639358857608625,0.22868224359079,0.040981614256727,0.26878163111304,-0.117887318197469,0.0215294679430652,-0.0386278333627715,0.201596870302741,0.015880373281646,-0.408281972239105,-0.245852047068316,0.33690592576114,-0.0251461793946133,0.00620698062520309,-0.15287226352879,0.348174008720855,0.141923754376172,0.304786889735684,0.17856840941469,-0.225836973401966,0.535242848861338,-0.0863244024994266,0.079369474799078,0.00269984933838128,0.038181875426126,-0.203656420939235,0.1283599733612,-0.377456413087352,-0.0783024954626409,-0.176783830990972,0.0742244807877618,0.141349472514368,0.107069645963981,0.185199009368272,-0.156792159155285,-0.0976997678895144,-0.0656761917614457,0.302402707142961,-0.0629916893954067,-0.000925742924747947,0.221388409469799,0.240896067763858,0.295547224359049,-0.17147470581433,-0.0454743089862594,0.0825648232798506,0.0879839734210583,-0.0942287007738412,0.072507700743536,-0.15303527527478,0.0843038097291125,-0.395265534908573,0.153005541212692,-0.0386491987635654,0.086331784173614,0.0858574893907569,-0.0549125856513697,-0.209074948230254,0.124408955767549,0.000777620732572856,-0.455702126663622,-0.102714607876247,0.255285156102854,-0.558671123263114,0.0621694350888636,0.322930470965272,0.0109656486181841,-0.0240556202461651,0.0850536393054363,-0.0882551357471641,-0.141867177928204,0.324394987748198,-0.101617776058064,-0.081184389930704,0.0706821728621354,-0.0307232966554267,-0.0751053389040685,0.0362087216123565,0.00800543999297415,-0.0192328036016504,-0.0320024801284724,-0.00407999094119657,0.249419608526703,0.0416627459774338,0.0790583326189995,0.0543851645372053,-0.027090369879757,0.0496612217420778,-1.07572274436358,-0.140791507677158,0.154385842364384,0.169590184783226,0.220376400493027,0.0836768429739344,0.228698322171513,0.0784129733583131,-0.0584230896117946,-0.0591899004094567,-0.0973178649128551,-0.0801946033320474,-0.0474705937330351,-0.0698886017952775,-0.210712483736125,0.0112864581770459,-0.00719736426204643,-0.109298373685711,0.161161114026937,-0.303036022973379,-0.005675581203311,0.0440693777240405,-0.00257251571964712,0.197242979782628,-0.0472932388015984,0.168592558698128,0.0105585305510815,0.121885923028514,-0.333416539205267,0.0199495361863106,0.210743059342314,-0.14804150208194,-0.0780120439003884,-0.231181727443639,-0.087067249227236,-0.0250066231616728,0.264582545376828,-0.105132593180238,0.166943010282303,-0.051822620181794,0.00814075841762779,-0.068819185041875,0.188117764827093,0.104742232685891,-0.300800870384285,-0.0431944308508535,0.39108512776437,-0.155052701006359,-0.0175798548972561,-0.017385450409204,-0.251249066561258,-0.0542495784973091,-0.0401717503285792,-0.0502122225945429,-0.0694754001077884,-0.13888477201194,0.0215761504666951,0.0831777549009941,-0.105822543033142,0.0392697338769934,-0.141809804092798,-0.294588612420492,-0.0554304452627909,0.189995344603782
"137",0.045837476159968,-0.0137529062577997,0.025629199811333,-0.144856134178642,0.161150654348666,0.0150095358310225,0.061120664019913,-0.11082553729289,-0.125976753275024,0.0526339193396573,-0.0442630193969105,0.0162325860618551,-0.11191047980321,-0.25078421926472,0.140746337494883,-0.106329649712151,-0.309586155219897,-0.00391220119591598,0.257227619353593,0.030731180289187,0.16084983531625,0.0290410963749367,-0.243966404766784,0.704304053370317,-0.121341897345616,-0.236272889047357,0.0262454398813187,-0.14258377248312,0.0232792216320675,-0.302979803751206,-0.364578362672318,0.0801695325130119,-0.0210561359155108,0.0664420859016886,0.142064622499178,-0.00547546723508242,-0.752080521019758,-0.494662455289997,0.0598045574267885,0.0397095273062275,0.0670055300413334,-0.197863369718264,-0.329627648000696,-0.216782395710578,-0.12045071670901,-0.0929673983385371,-0.0645684519565474,-0.0119432071288105,-0.250463537277027,0.027597245558842,0.164342239567024,-0.0712642665205367,-0.0549789887992704,0.362499072337668,0.0678951249366787,-0.0132461611487666,-0.0278698259958805,-0.238955508569375,0.25927679220045,0.237298465031501,-0.0690832517722173,0.0397903363780731,-0.180372168903493,-0.0351109120054315,-0.342755906956784,-0.217087123158871,-0.0792516017667039,0.175373351374866,0.22623515640516,-0.12643619479791,-0.131089958646841,0.228467038171475,0.0258549411765359,-0.0349264137921404,-0.119074389887764,-0.151489998719274,-0.140478561570496,0.109356272896945,-0.032106949998283,-0.032255602360969,-0.15551656161306,-0.1511781220542,-0.1650448751975,-0.00544451523064926,0.199464991413523,0.711841557847583,-0.0883030655357957,-0.454436506767195,-0.183665746231912,0.1381729713988,0.104590275500012,0.0688141872506817,0.112259131860259,0.239113353968625,-0.301741535292044,0.10243780712287,0.389113178867164,0.0703911060299981,-0.564992457879527,0.04576246049278,0.101853186414638,0.233801722468854,0.0940925695780464,-0.281922579278375,-0.067666002725119,1.03188831768156,0.461898451408337,-0.0469288283094802,0.0311750324158377,0.130061085972153,0.255442001429704,0.187220979625824,0.022122764315949,0.0594577381798255,0.063597662758055,-0.0239855531302954,0.0675436662331538,0.0600841847317988,0.445084750584714,0.144628448424659,-0.0749489099987432,-0.930076297288738,-0.0982197325630789,-0.0863731060619185,0.0115143021795557,-0.0392940366410269,-0.167623616123347,-0.352989783127639,0.07684522039945,0.0620972595988721,0.253422011694123,0.0132094267918894,0.2289796261663,-0.114416296880386,0.0246769263439945,-0.000122243044201484,-0.348672882500978,0.122447194333816,0.126090762482578,-0.036531848493333,0.0301280007690248,0.149886667182488,0.0296415483981603,0.0960153044647869,0.179134097325249,0.0780888117855022,-0.0341102854667424,-0.0641345397276485,0.143875801374939,0.113863261758623,-0.0965173143301682,0.136444153327867,0.00138400117335551,-0.115249586162933,0.141982394194505,-0.191718269363598,-0.174325826155779,0.275969761613693,0.285121263853069,0.0479837566302085,0.436864244833131,-0.0552975904299505,-0.153569721214947,-0.185369098406156,0.115834553868731,-0.297709252617689,-0.144219409062215,0.00543292586828954,-0.358570853141415,0.0238479238342795,0.0565794943067612,0.173411435976584,-0.174004526722469,0.0437335606090896,0.290955240842147,0.120905734898364,-0.426371959616303,0.0110602605302221,0.0513991374016778,0.0315102491293961,0.260580890860167,0.151034846431426,0.109374812998295,0.126470185934736,0.162027262571691
"138",-0.163478811381834,-0.130812182265238,0.268513447659422,0.142338687564076,-0.00108892797902533,0.0286998406909455,-0.160012965542673,-0.0337441485658717,-0.418997159953217,0.106179520922769,-0.263719104305934,0.0710449667291197,-0.331821413160175,0.0245366562650254,0.0402555777580723,-0.206117570626059,0.443216121497814,0.174127565431167,0.216880901193831,0.00689508843229541,-0.1968392427801,0.0767327157581461,-0.272899531674903,-0.254102129319119,0.0266980768887714,0.273181741364347,-0.30651328478918,-0.398916627441678,-0.139099156182325,-0.637743454988743,0.221912041288073,0.0883821306773964,0.042752079854089,-0.187504851457057,0.437303680261381,-0.334847449382732,0.138140754826298,0.331039536031878,0.142013607069994,-0.0315106107554482,0.172722260085951,0.384349814149494,-0.0596910734367169,-0.667686282215127,0.000119971749438115,-0.290354930954329,-0.244600908874119,-0.163255813338137,0.675468181961982,0.160251158215004,0.299471096940035,0.504736919995827,-0.4366885153235,-0.574485790671694,-0.140192891452077,-0.0167082032362464,-0.0509666997862848,-0.50456329463393,0.277925738313903,0.197513525518474,-0.345152749801757,-0.0765691968743134,-0.23476280697374,0.0687297691960606,0.431828376255198,0.0353164799259676,-0.563209832383852,0.22736789012687,0.0683004331133183,-0.190620887249189,0.294648024150783,-0.205312327778552,-0.0291964385910719,0.0799947235151341,0.261291332867614,0.245711942924544,0.0233375481284863,-0.0577897358413447,0.206202730052807,0.168750649593351,0.0220463659910957,0.29652435843368,-0.230141497530301,0.204663973151325,-0.465849170477851,-0.119488100890595,-0.0891909302605646,0.186849374000635,0.0675084269646919,-0.0726328254457747,-0.0753219005643822,0.0260247527039014,1.19490314780538,-0.219407043329879,-0.377550995424128,0.240884660080678,-0.264214542390014,0.0729389186665205,0.282767945323456,-0.126861851248925,-0.0877125934521697,-0.0569424058357357,-0.00622888631819794,-0.143435364903881,0.220982252546633,-0.178414376702243,0.202685081391862,-0.227165609763818,-0.460272153983932,0.046993177208953,-0.116501839422687,-0.0300520004431717,0.177100072603331,-0.293853655681297,-0.218388897976809,0.344167184838631,-0.0932109981446629,0.191086937351069,-0.857448471476661,0.251768659267427,-0.104688526738267,0.233815479564342,-0.168691778510352,0.0617722916800199,-0.136384127724606,0.356854459402758,0.467783724765735,0.186588058943592,-0.126311772389789,-0.254749809517017,-0.0120086026823612,0.0598478179452396,0.109474801669452,-0.107431958477683,0.0369408510673638,-0.175636551928612,-0.0748148322129664,-0.0964841595516869,0.128186686852818,0.101030147922076,-0.163853568746772,0.0322440737041302,0.142608585852792,0.27837599241239,0.260759775225192,0.218213914852464,0.0654798371984313,0.105907781471103,0.162036744957764,-0.346890389206748,0.212517476666511,0.279434990054365,0.154414923135862,-0.22328798728608,-0.154244475437538,0.130134337389317,-0.146072845971822,0.285002066967664,0.222911184004464,0.219194810949247,0.461453624497232,0.181063712257928,-0.0147101995564996,-0.0418912455063727,0.0717131941958437,-0.737860410046868,-0.0832238187104645,0.360402736388414,-0.0523754082967745,-0.0366886891743731,0.307829322551604,-0.168836756626458,-0.0806684262474949,-0.0184418297060627,0.211928194213918,0.180252896197357,-0.07866992351694,-0.283564384416413,0.0929344329787664,-0.257932046151872,-0.0194336543807516,-0.0821429309033231,-0.230728402405606,-0.0442998889107377,0.160994993363736
"139",-0.147706142353474,0.178200455696353,-0.221857127690636,0.152268918389875,0.045695549094833,0.0677693526781725,-0.44130103565574,0.526765145504103,0.574761614755569,-0.194426770621461,0.0434123477163052,0.0245799683148614,0.426945342874888,0.127908932150214,-0.093160120157472,0.48146856530073,-0.0465527715759743,-0.0531792679715798,-0.742055375668124,0.338235592345356,0.120885361790128,0.0356152068061395,0.904815040647181,-0.289330069212437,-0.120316063066531,0.574860095872019,0.372628129734857,0.066413338332151,-0.0881102755581202,0.813118553032784,-0.212061223254954,-0.0831855593938422,0.00141309875001359,0.069374814528846,-2.72827584616055,0.479138246351161,-0.476455087935543,0.0100006854569361,-0.234027337325832,0.0536047577251912,-0.28719305565956,-0.0880452266442503,0.690905703879013,0.677703122286018,0.173639822564434,0.374532523150798,0.00452221582300683,0.155263044821008,0.153530030366853,-0.161058087729357,-0.632332751268134,0.195791386409137,0.450429836972048,0.237241168930245,0.23739420648982,0.288596828045385,0.254176189990474,0.804464219061398,-0.122745805003959,-0.191922604853919,0.00543043679018398,0.328592625722362,0.50892400299266,-0.474018237719542,-0.252378767707442,-0.103147210540701,-0.773789035945068,-0.0786609450954326,-0.250819635263545,0.145133819117241,-0.459770629919844,0.510357053646584,-0.0941840574855503,0.10534942051793,-0.55715125164649,-0.413761321466545,0.0701373163231354,0.299759907354536,-0.0915374806829377,0.0667142901699993,0.118804090844549,0.023279344081598,0.510349838444253,0.0377609331819722,-0.0982677486878165,0.00933412661712025,0.120629951226037,-0.98350405481942,-0.0230978737419209,0.059663467641373,-0.0526552748408316,-0.39435120153075,-0.153999445907815,-0.0821860979206097,0.425127022892007,-0.181583341321474,-0.221171866897509,-0.169119240163639,-1.20344830453975,-0.0285714639733067,-0.0868604926336264,0.0721198050380659,0.135137476637509,0.489464851176041,-0.0711159488981918,-0.427259626676105,-0.343680232354219,0.297794427484318,0.357112669571666,0.0517644738393316,-0.0119904491080651,-0.0124252040776844,0.152398439412785,0.330922145708332,-0.0888572007571064,-0.665568309137075,0.0122573948378869,0.00830303378274048,0.0840689798660786,-0.501722426721351,0.321493925691701,1.31996777135672,0.481703096696952,0.0716970220680055,-0.0764478622974887,0.390344955884397,0.225544789080641,-0.225039149093015,0.0769547868417483,-0.00863887847759979,1.05909560847409,0.154762800162536,-0.695164213926462,0.332561521085477,0.0853736485468526,0.179425938981305,0.0616109004730371,0.117333090132378,0.344501185135791,-2.0073818716327,0.323267145230488,0.0992633838889946,-0.303796820881813,-0.303810567858527,-0.0782511212385558,-0.219942031850499,0.165887245358573,-0.0846160404847224,-0.08065564701266,0.20212767444936,0.168489494186648,-1.6423410926389,-0.43435155899085,0.30369858522716,0.606282330283167,-1.02549662237112,-0.870252427446071,-0.727259258280921,-0.000617045735940243,-0.117937760482169,0.461584854733738,-0.884201074705379,0.161181106280604,0.404864555606152,-0.102341759101528,0.744388443175742,0.283522580069248,-0.205294574367766,0.577407893872895,0.0196879429992674,-0.159073952753471,0.0458990248873758,0.661989039464496,-0.0425901045812625,-0.0419424038861825,-0.259385424661726,0.534159591052029,0.184489757755805,-0.138056060361913,0.148368694873275,0.118615822200257,0.0046036773945067,-0.17033481020219,0.0296049344569839,-0.0853434573507258
"140",-0.117654520176908,-0.199096570364967,0.101491862299779,-0.115015240236716,-0.232543184347472,0.0281549709408731,-0.0246995355270282,-0.115880186429726,-0.0903318614323841,-0.0405054102203194,-0.174893676469377,0.0525055770522292,-0.211297037570329,0.0948687106038768,-0.107405817482396,-0.347520048101009,0.328631895989627,-0.160452093319243,0.204585003569569,0.0649413776044645,-0.0781541206902215,-0.0716845339308845,-0.209606135844849,-0.253506050341148,-0.0654406429763386,0.308079425260958,-0.0122108924148912,-0.0147533588037241,-0.105586661080236,0.378591720089286,-0.00274781127951121,-0.0823433610930479,0.000779971339916347,-0.194753818928128,0.305216920149101,0.00156864427301361,-0.0327328070343455,0.0906592925534842,0.0162402347715576,-0.0705985141965114,-0.0171073687344956,0.114135417792073,-0.190026455559889,0.128878498053087,-0.0017396674935728,-0.146716733220791,-0.110734675884778,-0.189876075880169,0.894324637969498,0.00453015905660666,0.108541193765815,0.50481577982188,-0.0659505162898932,-0.117263622231495,-0.139562317510974,-0.218742798016163,-0.118049047319592,0.106688747407831,0.0418528305160708,0.266250545595126,0.163379271126326,-0.0264640414683226,-0.134746677313435,-0.119906553852218,0.231363008407703,-0.0156313279691851,0.061041869998197,-0.188319684288575,-0.152552147706588,-0.0767833333561672,0.683811791066173,-0.319324200057253,-0.042148406641992,0.198179541697213,0.671349164924276,0.664785807867482,-0.0751112904983477,0.156946252947309,0.0578997903279728,0.11158650771944,0.0082761453232598,0.0607183886916803,0.0241962845714532,0.0946048560037967,-0.0102327826478963,-0.175767487798161,-0.012973067742141,0.104258162627059,-0.012419055013586,0.0742180123057794,-0.0276358008213047,0.0946035252870194,0.0776212432458039,-0.0037577290281892,-0.0708476880083744,0.0425805917034887,-0.463958155947865,0.10796118583247,0.241363118606137,-0.140002316116877,-0.169791965757786,0.053199589200933,-0.149610714681646,-0.243708240230805,0.0460542710223917,-0.152223115792597,-0.143280379637866,0.00116421637115285,-0.261954881146034,-0.0119095558603412,-0.17444747136664,-0.0580124858263114,-0.162931268657681,-0.138319312550441,-0.171015146729811,0.0861418507876924,-0.146790803487765,-0.0584399534951652,0.346650258769981,-0.142084283340201,-0.197918550209845,0.247219310800854,0.128437469601287,0.194498566473212,0.0119618855993212,0.134876965575042,0.524916854342592,0.0205979217380139,0.0769896562065441,-0.129100033813332,-0.257748358815402,-0.112721943994757,-0.0584043397550303,-0.0176563145558309,-0.00744447585496135,-0.190001983789328,0.335902361761065,-0.186249516053955,-0.325059907234084,0.757227021795223,-0.295332425984933,0.0226697716503727,0.0128810066227317,-0.038887128691721,0.117965753406781,-0.212162170297796,-0.0126115199500035,0.0119065289219407,-0.132058792503765,-0.184022140395318,-0.128704230196688,0.320945318898433,0.114072047531721,-0.0817236077343066,-0.133996744971639,0.247633308082395,0.262945963091692,0.136939717049617,-0.256877894529859,-0.114103789927983,-0.363338369620338,0.297899634353336,0.106389345194265,0.00539707753739781,-0.13442526630223,0.337224395894458,-0.0725976424886416,-0.248598667093988,0.0892616058575956,-0.0841661771319757,-0.0806865906459015,-0.0307957658888924,0.136241985188232,-0.0563863623994763,-0.200449990633998,0.25908103644747,0.0227637917630802,-0.126078553615057,0.076947589796431,-0.132742638040267,0.155218435461562,0.0070741371888178,-0.300610432959122,0.0803394967346152,-0.260767264122558
"141",-0.039598675785003,-0.159569301984888,-0.0407089065968442,0.119610700493595,0.0789861574344744,-0.074804645613293,-0.00638326411309024,-0.0519068877488781,-0.0620670243896274,0.10742231409612,-0.280444796133895,-0.0688639925210443,-0.200402704567955,0.71203223565175,-0.178397320322442,-0.276093457319789,0.653108541360279,0.223461162116047,0.0848729281853799,-0.152297182715911,-0.265874319169281,-0.0356208611293976,-0.349827398834545,-0.158054324630437,0.0840444759158857,0.0338568782490662,-0.230580503461777,-0.368352970583496,-0.0182176088218908,0.183058230214878,0.0343320421371197,-0.00247688009762959,-0.0458588076440563,-0.0163637714231089,0.19770921806056,-0.470032061488778,-0.0392427873620669,0.0955350757055405,0.206557506661622,-0.0485757466116902,0.125997526585404,-0.160763066372513,-0.33241083154012,0.066276162097053,-0.0384612667604865,-0.0779608446366018,-0.0475638799142691,-0.12734934052964,0.349882305550437,-0.0240023390599516,0.0624526998227214,0.253920748884675,0.053705290727615,0.00620221398358452,-0.0694659281866118,-0.137682642925327,-0.0144700261387701,-0.107105219454657,0.00609221925528762,-0.0320376080222732,-0.10950169867536,-0.145571383568222,-0.267084117793733,0.0194260377697814,0.548357207985221,0.181759081548133,-0.0107434266646308,0.314033012060908,-0.369021686075424,-0.0533601434479539,0.277405154259118,-0.301882897593982,-0.0913669441365614,0.160428080705516,0.192552685414488,0.262120722167383,-0.0829477504085239,0.0496280622925937,0.1347697642482,0.18915553433568,-0.0641885769292183,-0.394580959635741,-0.0131517146454093,0.147831057621777,0.20058480759198,-0.250198997614571,0.0364450529311522,0.105273950480302,0.160198206816426,-0.169588697655912,0.0635951839896724,-0.129915852898095,0.37758451247931,0.153129848461479,-0.0928959368293734,-0.181120990509611,-0.0276831948493205,0.0125065287452889,0.322976880955474,-0.114372317707205,-0.0790251415041152,-0.115321165577174,-0.101947250687129,-0.0909573601252407,0.135705774545112,-0.0951014911093845,0.0518289548981679,-0.0609850581945937,0.0050705280581685,-0.103217107009601,-0.100762965927621,-0.0717973003321215,0.33990345264669,-0.0978564136908321,-0.150227180261721,-0.164621790588559,-0.0230834704801511,-0.0334894564058152,0.111170875298678,-0.0639001759714803,-0.111274813409116,0.335190419857957,0.0911009892384878,-0.0800305913252238,0.0178721588042943,0.187959551475761,0.865784451370587,0.0572113230723689,0.129103339258846,-0.000263494805452378,-0.252007762018507,0.0309019139871074,-0.103825814896403,0.0091182266476806,-0.00782746446957924,-0.102215817507327,0.0632464939474665,-0.216758287516442,0.152358864564498,0.51699884271378,-0.215127396490422,-0.0768467248413184,-0.111705144100325,0.0499436177409612,0.107440879345635,0.0213945203579542,-0.0623468451138945,0.0662029535346569,0.0568172894846435,0.0466819604132839,-0.058518756074721,0.254381911853957,0.0229961643952483,-0.0149422859963857,-0.138780712797085,0.079452403624758,0.139996369714608,-0.0305232780797838,-0.166444217852099,0.016535783572609,-0.352014997838302,0.325494567588732,0.0267658421428923,0.0287976932454547,-0.136120515981238,0.187535220591348,-0.0839859130209931,0.0239554574343176,0.333067549841296,-0.0385843106116745,0.0169870939712522,-0.271255426858672,0.0693416341258973,-0.137165619193495,-0.215567621363215,0.0189316124186986,-0.14689976654332,-0.0185270010255548,-0.0356399385815755,-0.025665893534961,-0.182491722606542,-0.121560699000238,-0.037534278702261,-0.170294039284596,0.111982269724382
