"COMPOUND","best_fit","R_squared","R_adj","sex_p","geno_p","int_p","sex_eta","geno_eta","int_eta","sex_p_adj","geno_p_adj","int_p_adj","deltaTAG_R_spearman","deltaTAG_p","deltaTAG_adj","sig_deltaTAG","deltaPC1_R_spearman","deltaPC1_p","deltaPC1_adj","sig_deltaPC1","deltaPC2_R_spearman","deltaPC2_p","deltaPC2_adj","sig_deltaPC2","TAG_R_spearman.x","TAG_p.x","TAG_adj.x","sig_TAG.x","mass_R_spearman.x","mass_p.x","mass_adj.x","sig_mass.x","rTAG_R_spearman.x","rTAG_p.x","rTAG_adj.x","sig_rTAG.x","TAG_R_spearman.y","TAG_p.y","TAG_adj.y","sig_TAG.y","mass_R_spearman.y","mass_p.y","mass_adj.y","sig_mass.y","rTAG_R_spearman.y","rTAG_p.y","rTAG_adj.y","sig_rTAG.y"
"1-Methyladenosine","AIC_int",0.819713887985301,0.695902943589665,0.176903614880939,2.60785474214864e-08,0.000563364900137132,0.00641821090207376,0.450105246732794,0.246658336950942,0.324328752033779,7.90906766061472e-08,0.00179693976767878,-0.352216748768473,0.0616078647848235,0.149966512963057,"NS",-0.599507389162562,0.000747104440351149,0.00245459016054873,"SIG",0.248275862068965,0.193368285309395,0.359191661621617,"NS",-0.384662708788336,0.00305609738193888,0.0117787086595561,"NS",-0.432752034014968,0.00135451745824656,0.00464047647732618,"SIG",0.0357722189020746,0.800761017750801,0.887070588526337,"NS",-0.341472079359251,3.8903878325597e-05,0.000224913046569858,"SIG",-0.356833725895271,0.000139711169561281,0.00042371420276782,"SIG",0.0198776758409786,0.837219868798332,0.908762313259924,"NS"
"1-Methylnicotinamide","AIC_int",0.71276932175342,0.515514518620226,0.199371766645285,0.251080922252949,0.029037438797299,0.00954005198040809,0.192950045111755,0.27659662144543,0.349200068260146,0.2700579687023,0.0400890013246293,-0.68128078817734,7.23951790960662e-05,0.00541135815485282,"SIG",-0.885221674876847,5.98211811747228e-07,1.46623404178895e-05,"SIG",0.378817733990148,0.043526492595509,0.156202928325553,"NS",-0.540127349349411,1.66676870832407e-05,0.000406044234529521,"SIG",-0.569702662911093,1.04309652501168e-05,0.000113513445368918,"SIG",0.0463587466917101,0.743524636743489,0.865294982216323,"NS",-0.43415681543104,9.31405918628564e-08,2.46157278494692e-06,"SIG",-0.489606695052163,6.55830359265708e-08,5.65225698064921e-07,"SIG",0.0884811416921509,0.35968173830348,0.559169088959191,"NS"
"1/3-Methylhistidine","AIC_int",0.84201577050948,0.733520576762978,0.0624745265024588,6.55220934214537e-06,7.17803551597099e-06,0.0125128348718046,0.339044502861033,0.337187277977114,0.175191168927679,1.44304610511535e-05,4.57909162225736e-05,0.514285714285714,0.00482650159511713,0.0343424151960257,"NS",0.826108374384236,1.18883841226131e-06,1.46623404178895e-05,"SIG",-0.449261083743842,0.015297556559058,0.0832367048066392,"NS",0.678550555230859,1.38219535771336e-08,2.55706141176971e-06,"SIG",0.714636386446737,2.67786350960361e-09,2.47702374638334e-07,"SIG",-0.0725689404934688,0.608200327575758,0.807747927980436,"NS",0.58661307379853,3.24616783846398e-14,6.00541050115836e-12,"SIG",0.677029081331844,6.3709114680309e-16,5.89309310792858e-14,"SIG",-0.117699935131128,0.222516613276196,0.426135447996302,"NS"
"2'-Deoxycytidine","AIC_geno",0.744424193400582,0.568908278025078,0.939044731360976,1.35224738570738e-07,0.117804847628171,2.38867601866529e-05,0.486369342576159,0.160239822841882,0.966461585187186,3.57379666222664e-07,0.137936055767163,0.4,0.0324237787613314,0.0999733178474386,"NS",0.564039408866995,0.0017189019673873,0.00481813430252505,"SIG",-0.165024630541872,0.390653719922394,0.551686551035442,"NS",-0.0494324648558861,0.711824699093908,0.779216386582089,"NS",0.0840999809617725,0.553339795942212,0.6478978623374,"NS",-0.146845385469137,0.297941812285266,0.662983873581327,"NS",-0.0611120917251786,0.474817303609434,0.529163862456297,"NS",0.0331955591205408,0.731846205261311,0.787160162635712,"NS",-0.167083680845149,0.0824939671865978,0.272524713027154,"NS"
"2-Aminoadipate","AIC_int",0.8953787128371,0.823530359002338,0.136263117721145,1.80326944939655e-18,0.00217449360034491,0.00479603961020035,0.683369195324819,0.134891909244036,0.27288571368847,2.78004040115301e-17,0.00496643600078775,-0.151231527093596,0.431907247713258,0.624240943960568,"NS",-0.166995073891626,0.384954007783862,0.481192509729828,"NS",0.0512315270935961,0.791469131564404,0.857652790496813,"NS",0.139007659417392,0.297165561250234,0.387152315713334,"NS",0.0107579671078003,0.939663240426593,0.965764997105109,"NS",0.11602492956544,0.411605001925634,0.732181974579253,"NS",0.116073204051432,0.173599243800977,0.239670597784931,"NS",0.0524808630093865,0.587836994709821,0.65511954229709,"NS",0.0582151793160967,0.547087279814577,0.72293676261212,"NS"
"2-Aminoisobutyric Acid","AIC_int",0.795979949707053,0.655869794686596,0.120214131619055,2.3932721137879e-06,0.00909353421158534,0.00972869576603469,0.40455909295186,0.218818836452027,0.255627751143968,5.46611532161434e-06,0.0155768873068823,0.0862068965517241,0.655470925015945,0.787416370960713,"NS",0.105911330049261,0.583120005770117,0.653801218590737,"NS",-0.20935960591133,0.274465843009522,0.457443071682537,"NS",-0.181580485404042,0.172109269086135,0.252700117309007,"NS",-0.319964140765728,0.0207577805393115,0.0426687711085848,"NS",0.214547938188338,0.126494864491809,0.53459864609592,"NS",-0.158368169551491,0.0625972542173097,0.0989785643607034,"NS",-0.304820862812068,0.00126947876459043,0.00313138095265638,"SIG",0.202205541655083,0.0351414111544797,0.224177967709612,"NS"
"2-Hydroxyglutarate","AIC_int",0.692878718758721,0.481964103930373,0.0143895464560592,0.000421721971496699,0.0173181202237179,0.0292304369817461,0.341021626000735,0.241539255740508,0.0778600895954496,0.000666825339546063,0.0273183823527761,0.452216748768473,0.0145773293375915,0.064209664939391,"NS",0.411330049261084,0.0275105737221496,0.05532017541954,"NS",-0.0133004926108374,0.946050474396856,0.987480982093779,"NS",0.0330062444246209,0.80528334789008,0.851299539198084,"NS",-0.0178018741426696,0.900317383915771,0.941009695053207,"NS",-0.104670024758815,0.459095069052254,0.745619994041499,"NS",-0.070053689819803,0.412518328146525,0.479974155390611,"NS",-0.0646766630659559,0.504031809349172,0.58645210521759,"NS",-0.0782411268649801,0.418113984291109,0.609063677904371,"NS"
"2-Hydroxyisobutyrate/2-Hydroxybutyrate","AIC_sex_geno",0.609620970579252,0.341529347965003,0.991065410754356,0.00309270267203974,0.398751724709694,7.17157905937741e-07,0.350491657477713,0.169603408208209,0.991065410754356,0.0045051180655697,0.421537537550248,-0.00985221674876847,0.960287973374678,0.976116896012722,"NS",-0.145812807881773,0.448751753299063,0.542608329152461,"NS",0.296551724137931,0.118302905295567,0.273102642151243,"NS",-0.218185733181581,0.0998777647865203,0.16208233759216,"NS",-0.0803432305431755,0.571260468855625,0.664674130429501,"NS",-0.0596772816528643,0.673473001712425,0.821808924279894,"NS",-0.14157083460012,0.0964311833928869,0.141585467680032,"NS",-0.0613543269563205,0.526230564776421,0.608454090522737,"NS",0.0263274951348346,0.785510154627329,0.883016832890366,"NS"
"2-Hydroxyphenylacetate","AIC_sex",0.561051325565605,0.259604645532346,0.107650614986229,0.0324502050210657,0.000901421182279113,0.0129462563785357,0.234132118146947,0.33591808140889,0.236824991544838,0.0394953153216918,0.00247039874072137,-0.361576354679803,0.0546694842996584,0.138545953362148,"NS",-0.722660098522167,1.67621714888898e-05,0.000110750061623022,"SIG",0.473399014778325,0.0102025180273221,0.0741235062247352,"NS",-0.384724230213172,0.00305109319290303,0.0117787086595561,"NS",-0.348566672361864,0.0113278096140373,0.0281272175760271,"NS",0.0802527106633655,0.570659343675265,0.782014656147585,"NS",-0.258647231441279,0.00210955339083784,0.00527388347709459,"SIG",-0.270758808778693,0.00440491190863383,0.00947568259415416,"SIG",0.153007135575943,0.112123895196998,0.31428667593098,"NS"
"2-isoPropylmalic Acid","AIC_int",0.726473647037384,0.538630248014865,0.979895676174801,0.0108392039698703,0.0280237739649725,3.41544018157859e-06,0.290910239553315,0.260564104762486,0.985221196154011,0.0139253662112918,0.0395755586528237,-0.413300492610837,0.0267221762778714,0.0898836838437493,"NS",-0.589162561576355,0.00096161684865219,0.00296498528334425,"SIG",0.361083743842364,0.055018411769539,0.169640102956078,"NS",-0.0664738995355132,0.619175235175546,0.698459868948024,"NS",-0.357147431840705,0.00934520870343346,0.024011994585211,"NS",0.394006659267481,0.00409500382448752,0.378787853765096,"NS",-0.122302383333744,0.151488604217931,0.213934288399369,"NS",-0.355624339947412,0.000147729960707383,0.000440807140820417,"SIG",0.332480771012881,0.000442108152410579,0.0686955164500668,"NS"
"3-(4-Hydroxyphenyl)Propionate","AIC_sex",0.608528437448005,0.339686520996635,0.357006788355605,0.50276622489145,0.626804792650873,0.00618197324352351,0.198144400664899,0.179388731986736,0.485325639284404,0.513877080690156,0.640656832267467,-0.636453201970443,0.000282287325969518,0.00855402615662842,"SIG",-0.801477832512315,1.51639988330867e-06,1.75333736507565e-05,"SIG",0.250246305418719,0.189768780609041,0.358236983802781,"NS",-0.627610815466486,2.8538716056063e-07,2.63983123518582e-05,"SIG",-0.668573503473258,6.07642249353536e-08,2.8103454032601e-06,"SIG",0.0363698454708444,0.797498768325352,0.887070588526337,"NS",-0.484620317321391,1.4931741486269e-09,9.20790724986588e-08,"SIG",-0.521940392922506,5.87636459045584e-09,7.24751632822887e-08,"SIG",0.00223334260031508,0.981619099483217,0.994099787323673,"NS"
"3-Aminoisobutyrate","AIC_int",0.766095943192006,0.605463036709407,0.23550468460439,6.04246333832121e-07,0.00170472115598973,0.00534900575882526,0.414627560441408,0.243629760301377,0.375589367688035,1.47086278630187e-06,0.00409575862153376,0.190147783251231,0.321693568311834,0.500111849896548,"NS",0.288669950738916,0.128765526340217,0.210810817459647,"NS",-0.257635467980296,0.176692025250063,0.34050025699231,"NS",-0.0408194653788182,0.760398444195048,0.813142844948462,"NS",-0.207901983392808,0.139147698529407,0.207599388935002,"NS",0.215828566549987,0.124205311297369,0.53459864609592,"NS",-0.0863795911884737,0.311970846002197,0.387346352418835,"NS",-0.236136081566426,0.0134368923118019,0.0251093442190237,"NS",0.192150866462793,0.04545583295165,0.251099576317623,"NS"
"3-Hydroxyisovaleric Acid","AIC_int",0.693534743415048,0.483070651543455,0.386144747488504,0.146819767102405,0.0017796600790733,0.00395636207741408,0.197610544451898,0.337732502534387,0.513933656729303,0.15977445243497,0.00422098864908411,-0.455665024630542,0.0137732549271092,0.0631666256898653,"NS",-0.830541871921182,1.14695444306605e-06,1.46623404178895e-05,"SIG",0.619211822660098,0.000451185626402322,0.0278231136281432,"NS",-0.537789535205635,1.83577048732729e-05,0.000406044234529521,"SIG",-0.522188308184975,7.17054046818964e-05,0.00047376785236253,"SIG",0.0424314863826517,0.764614513656693,0.867814018567412,"NS",-0.401556401188496,9.61576075063077e-07,1.09243589908387e-05,"SIG",-0.444127296284979,1.31478367967076e-06,7.37075699209366e-06,"SIG",0.11321471596701,0.24073799150555,0.454454371719661,"NS"
"3-Hydroxypropionic Acid","AIC_int",0.854075781291932,0.753862763624945,0.000172630380385458,6.74091875809535e-15,6.26307710835948e-08,0.0331718569967825,0.521088335160902,0.266977132907643,0.00399207754641373,4.79642296249092e-14,7.72446176697669e-07,0.213793103448276,0.264248130384881,0.444161196619054,"NS",0.217733990147783,0.255379347340621,0.359456360114488,"NS",-0.172413793103448,0.36953306151475,0.533792687789264,"NS",0.229321111076933,0.0834286282901987,0.137806216372203,"NS",0.175457320686744,0.21343983972613,0.296890002626571,"NS",0.217536071032186,0.121201875275806,0.53459864609592,"NS",0.239356437351077,0.00454171073742254,0.0100025772193235,"NS",0.179058625222649,0.0624677814795239,0.0902854654196243,"NS",0.0724399962932073,0.45353448081891,0.640487625583957,"NS"
"3-Methyl-3-Hydroxyglutaric Acid","AIC_int",0.707719071231846,0.50699602376456,0.200082201273381,1.83520903076956e-07,0.0321247548868962,0.00663825835446183,0.469216930964503,0.190610953992044,0.349200068260146,4.78188268580802e-07,0.0430657945947521,0.431034482758621,0.020429202034148,0.0799472364273014,"NS",0.70935960591133,2.73997374678622e-05,0.000168965047718484,"SIG",-0.415270935960591,0.0259524840004452,0.114314512859104,"NS",-0.00741333169276201,0.955995584400345,0.971753753373977,"NS",-0.0482827809481039,0.733926786168477,0.803410978941824,"NS",0.0584820285153249,0.67965819143148,0.821808924279894,"NS",-0.0412694298865083,0.629542241026185,0.673209910923955,"NS",-0.0158656608638654,0.86993347269097,0.896304622811121,"NS",-0.05726068019646,0.553686667908309,0.726468323142108,"NS"
"3HBA","AIC_sex",0.566803846853448,0.269307693487744,0.0744834797662657,0.340373420520848,0.530709648835359,0.0220736655342536,0.211632510539615,0.181991595814202,0.188510900967819,0.35575752992292,0.548498799075651,-0.242364532019704,0.204454072583196,0.376223064074833,"NS",-0.610837438423645,0.000561235826180531,0.00199670438160381,"SIG",0.469458128078818,0.0109194315007722,0.0741235062247352,"NS",-0.345412039742841,0.00820813371156545,0.0261811161489588,"NS",-0.345749109547916,0.0120532616859383,0.0289591352194621,"NS",0.188166993938359,0.181098684774333,0.540974273513027,"NS",-0.18880579844781,0.0260177874917027,0.0462816412112019,"NS",-0.204038700490493,0.0333280352233321,0.0522515806467495,"NS",0.124307293114633,0.197488560323762,0.415174814317,"NS"
"4-Guanidinobutanoate","AIC_int",0.938888296316525,0.896920017883295,4.88844041395086e-08,7.70316102507182e-19,1.40775044638311e-07,0.0610804894005353,0.56191757007046,0.202575495924385,9.04361476580909e-06,1.42508478963829e-17,1.44685462544931e-06,0.405911330049261,0.0297778539740987,0.0966474207931272,"NS",0.535467980295566,0.00316525033658004,0.0081329348926015,"SIG",-0.28423645320197,0.134945059694259,0.290288791202766,"NS",0.395490479559507,0.00228003238987993,0.0100429998125663,"NS",0.4023138175552,0.00311005375218114,0.00927999909925018,"SIG",0.0711175616835994,0.615410422990136,0.807747927980436,"NS",0.343402499337701,3.49325439139562e-05,0.000215417354136063,"SIG",0.3569681021117,0.000138845590674383,0.00042371420276782,"SIG",0.019154851264943,0.843062942855525,0.908762313259924,"NS"
"4-Hydroxybenzoic Acid","AIC_int",0.717138046834101,0.522883452491255,0.940158991966425,9.80842626669777e-09,0.0103060625951193,2.06311577630237e-05,0.496125414178387,0.199082550489749,0.966461585187186,3.07552349040523e-08,0.0171767709918656,0.366995073891626,0.0509464756071181,0.134644256961669,"NS",0.521674876847291,0.00417767973196205,0.00990859936426897,"SIG",-0.478817733990148,0.00928212930290511,0.0741235062247352,"NS",0.17222922882894,0.195561754646055,0.274082762193334,"NS",0.042818416702872,0.763109187884167,0.825585963500414,"NS",0.194740886194826,0.166117434899859,0.53459864609592,"NS",0.124675191223921,0.143648804416844,0.204423298593201,"NS",0.0529488629355694,0.584507216283099,0.65511954229709,"NS",0.0630432768047447,0.514307936173104,0.68574755262226,"NS"
"4-Pyridoxic Acid","AIC_int",0.750553833947882,0.579247430755464,0.0772698406317285,0.000203920883870309,0.00321659003501249,0.0138541474319448,0.333351053953999,0.265928849919336,0.188510900967819,0.000339868139783848,0.00668617029749786,-0.142857142857143,0.458088089083265,0.637190199100783,"NS",-0.142857142857143,0.458088089083265,0.55030062649613,"NS",-0.00344827586206897,0.986757994755238,0.996217205585254,"NS",-0.0627210926205051,0.639137850015941,0.712292182246682,"NS",-0.12427159623336,0.38007370273632,0.4750921284204,"NS",-0.0877657303850422,0.535031157814959,0.76707252583253,"NS",-0.183532892025193,0.0305652950508939,0.0528465381721063,"NS",-0.109317368896119,0.257826265563087,0.328950752614973,"NS",-0.140218700769159,0.145702903162099,0.354671540591952,"NS"
"5'-Methylthioadenosine","AIC_int",0.808457922234562,0.676916977263116,0.542366478316379,2.9300485146872e-05,8.37086358489434e-10,0.00115176890059545,0.270817155624018,0.469747841191751,0.66448873171212,5.82859113136702e-05,1.4078270574595e-08,0.388669950738916,0.0380320043565809,0.110689685795475,"NS",0.282758620689655,0.137052856815293,0.222410337814291,"NS",0.0443349753694581,0.819171186578995,0.868081989639918,"NS",-0.0966193977052509,0.46956481915981,0.57150981279319,"NS",-0.00840999809617725,0.952815001090676,0.968520742866895,"NS",0.0221975582685905,0.875670606390966,0.925708926756164,"NS",-0.0705943861563595,0.408911499604483,0.478788781182464,"NS",1.39009879064241e-05,0.99988553758033,0.99988553758033,"NS",0.000305810397553517,0.997515881074751,0.997515881074751,"NS"
"5-Methylcytidine","AIC_geno",0.763935660925939,0.601819187103993,0.668392042541023,2.11002769071294e-07,0.195803770336061,0.000758884426420055,0.480710483827994,0.14696407587919,0.772828299188058,5.42159892752631e-07,0.216908368336355,0.165024630541872,0.390653719922394,0.582830146658411,"NS",0.292118226600985,0.124106599125896,0.210146043731528,"NS",-0.226600985221675,0.236156206994159,0.412159417867165,"NS",-0.000522932111107693,0.997064919884842,0.997064919884842,"NS",-0.12085636858009,0.39340608623324,0.485200839687663,"NS",0.293946896610604,0.034805860345517,0.510437853210429,"NS",0.0296198815443366,0.729240702506621,0.766531420248437,"NS",-0.117657961639974,0.223049008967355,0.288559906706019,"NS",0.204355481419702,0.0332136791791311,0.21944752314783,"NS"
"5,6-Dihydrouracil","AIC_int",0.695040071457321,0.485609759084637,3.80945812560473e-07,0.00794187262898846,0.000260106775627972,0.12387301106132,0.228742240746593,0.307674629777457,3.52374876618438e-05,0.0103468058898793,0.000874904608930452,0.0798029556650246,0.679713040697746,0.806069952109507,"NS",0.27192118226601,0.153257988160505,0.240277354319435,"NS",-0.324137931034483,0.0866619341081987,0.222673025139122,"NS",0.206804269586884,0.119203080686193,0.190108361439188,"NS",0.292001964354581,0.0356859942625194,0.0673664177404704,"NS",-0.127550584820285,0.366448793504326,0.682119395881367,"NS",0.155213362827451,0.0680784523318548,0.105836249423472,"NS",0.295127240578655,0.00183697876237511,0.00429397018796538,"SIG",-0.131174126586971,0.17370647718017,0.387177087690741,"NS"
"6-Methyladenosine","AIC_int",0.645631012576328,0.402269177839589,0.42379086845421,0.0963683560570271,0.0243218015118391,0.00359730155350401,0.227392973038586,0.276147047523537,0.540698694234681,0.108708206527744,0.0357105815848432,0.550246305418719,0.00232259825411405,0.0226147724742684,"NS",0.403940886699507,0.0306393955191506,0.0596661912741353,"NS",0.112315270935961,0.560400844167811,0.69579970584594,"NS",-0.386631394383094,0.00289954246202933,0.0116612033799006,"NS",-0.383828897881876,0.00496926395287805,0.0135193210482712,"NS",0.0234781866302399,0.868546107273425,0.925708926756164,"NS",-0.254844482826324,0.00246510003550404,0.00600057245484537,"SIG",-0.263743443548585,0.00558741175694629,0.0116377133272848,"NS",0.00852562320452229,0.929808252840814,0.979996791040324,"NS"
"7-Methylguanine","AIC_int",0.887011031635246,0.809416197938969,0.00155886420920262,7.21772286748127e-23,0.0451340281088927,0.01121511164091,0.46487859477049,0.0479723160296814,0.0205992770501775,3.96942345235857e-21,0.0571903780831859,0.102955665024631,0.593742707041663,0.741734703108786,"NS",0.0369458128078818,0.849093210568081,0.872679133083861,"NS",-0.096551724137931,0.617044470857061,0.733895857524599,"NS",0.0454950936663693,0.733901196329412,0.798657184240831,"NS",-0.146427885633949,0.300279287736508,0.388473204414364,"NS",0.127892085716725,0.365158668682471,0.682119395881367,"NS",-0.0366712767433956,0.668223090786218,0.710467079284198,"NS",-0.213699887085458,0.0256671090669092,0.042396564083734,"NS",0.140274302659624,0.145542016120844,0.354671540591952,"NS"
"Acetylcarnitine","AIC_int",0.819696406370514,0.695873456528578,0.0290696802212204,0.00377119969427209,0.000582440428856439,0.0224637134750903,0.275594420713532,0.323747567463248,0.116909203064615,0.00528539351091165,0.00181787206384305,-0.00147783251231527,0.994906729975292,0.994906729975292,"NS",-0.0881773399014778,0.648079889686106,0.709280539834698,"NS",-0.107389162561576,0.577840728299009,0.707950561161038,"NS",0.2822910578609,0.0321435352865282,0.0613046807011104,"NS",0.386176866893499,0.00468887838408826,0.0131430681978231,"NS",-0.0451634935541706,0.749924212495415,0.865294982216323,"NS",0.246709460671769,0.00341379015935712,0.00787620277578103,"SIG",0.306855040709041,0.00117287975092315,0.00297236649206551,"SIG",-0.0371605967936243,0.700833166777792,0.820234757376633,"NS"
"Acetylcholine","AIC_null",0.457916039625691,0.0856415126216477,0.390148405779896,0.101462126688581,0.305725951596641,0.00474918396587208,0.257700594059065,0.205029619803584,0.515553250494862,0.113760566287197,0.326932375984847,-0.0177339901477832,0.927769980372896,0.969360616199537,"NS",0.235960591133005,0.216954823261581,0.321093138427141,"NS",-0.0448275862068965,0.817184847798138,0.868081989639918,"NS",0.0629056568950137,0.638149914413047,0.712292182246682,"NS",0.165339708763931,0.241445441988351,0.325497380122244,"NS",-0.137454110817041,0.330167287672994,0.662983873581327,"NS",0.0432333641006949,0.613314858647924,0.671380170709266,"NS",0.127272811608584,0.187229905349055,0.247410946354108,"NS",0.00143638217032712,0.988191288497613,0.994099787323673,"NS"
"Adenine","AIC_sex_geno",0.825857518554345,0.706265693947088,0.9562820598677,1.95515114711252e-12,0.1885829786132,9.57364952334267e-06,0.62216712899781,0.114223045113862,0.977415365058146,1.00473045059949e-11,0.210167777370133,-0.284729064039409,0.13424781560518,0.279054448168071,"NS",-0.168965517241379,0.379303312928467,0.48062406090251,"NS",0.0857142857142857,0.657323785713767,0.755309940105882,"NS",-0.303762035128734,0.0208032863814074,0.0447512555879113,"NS",-0.321629064246697,0.0200679879573992,0.0424813308420479,"NS",0.194570135746606,0.166494663739549,0.53459864609592,"NS",-0.157311353984585,0.0643916954962847,0.100953081922141,"NS",-0.263683205934323,0.00559868370880186,0.0116377133272848,"NS",0.18596052265777,0.0529804477796655,0.251317508698413,"NS"
"Adenosine","AIC_int",0.794662790898128,0.653648081032987,0.260824822425006,6.16823896331209e-08,0.00432689643739545,0.00476397208931385,0.463318623412916,0.22201297489531,0.398781753294431,1.7289760730496e-07,0.00884125908705229,-0.455665024630542,0.0137732549271092,0.0631666256898653,"NS",-0.550246305418719,0.00232259825411405,0.00622725618856666,"SIG",0.214285714285714,0.263128549299924,0.442534378368055,"NS",-0.304438770801932,0.0205101625134959,0.04463976547055,"NS",-0.235693398421292,0.0925527646983644,0.148889230166934,"NS",0.105523776999915,0.455423339118661,0.745619994041499,"NS",-0.165091125240328,0.0521168221141154,0.0853240008062952,"NS",-0.230126221128216,0.0160712984145482,0.0291489235950139,"NS",0.0471226021684737,0.626059046818564,0.773648906298133,"NS"
"Adenylosuccinate","AIC_sex",0.61358567809523,0.34821680642569,0.0900971036154237,0.284032465006661,0.160435863353087,0.0182223668156044,0.203477092270103,0.230934136786362,0.208199834015869,0.303734138879955,0.182089783560252,-0.0103448275862069,0.958253199019613,0.976116896012722,"NS",0.207881773399015,0.277928408585753,0.380864856210106,"NS",-0.417241379310345,0.0252011655613833,0.113712576313559,"NS",-0.35156418222646,0.00708283119751415,0.0229881363428091,"NS",-0.613204125144619,1.34594289961905e-06,2.7666604047725e-05,"SIG",0.0919491163664305,0.515679715511118,0.76707252583253,"NS",-0.41052481067171,5.18395315049547e-07,6.85022380601188e-06,"SIG",-0.525142253803619,4.56353449697911e-09,6.03038487100811e-08,"SIG",0.0254193309239181,0.792740286226578,0.883016832890366,"NS"
"Adipic Acid / 3-Methylglutaric Acid","AIC_int",0.72870522396592,0.542394353677456,0.0912391226457291,5.42066956766283e-10,3.65230317927374e-10,0.00722970700610452,0.385291199992631,0.392012096760849,0.208199834015869,2.13366780854813e-09,6.75676088165642e-09,-0.331034482758621,0.0798815771466853,0.182445577433787,"NS",-0.655172413793103,0.000164223808763536,0.000741009868811077,"SIG",0.458620689655172,0.0131140443791744,0.0741235062247352,"NS",-0.320864991233197,0.0144012247193838,0.0379578948596047,"NS",-0.300369272105092,0.0304970900035985,0.0593890700070076,"NS",0.0878511056091522,0.53463268317717,0.76707252583253,"NS",-0.221960314721206,0.00863734328378173,0.0169990266755279,"NS",-0.246798139290654,0.00967898632844611,0.0190490688378993,"NS",0.0887498841627282,0.358219958358719,0.559169088959191,"NS"
"ADP","AIC_int",0.835879416019114,0.723170099309349,0.0287196988091809,0.000225012334742115,6.02814655638369e-11,0.0147252208161088,0.227178363456089,0.508091606845194,0.116909203064615,0.000368383025905232,1.39400889116373e-09,0.0990147783251231,0.608036740567188,0.741734703108786,"NS",0.291133004926108,0.125424683243619,0.210146043731528,"NS",-0.320197044334975,0.0907311071154688,0.229934997484407,"NS",0.187240456488972,0.158954948374639,0.237150527817002,"NS",0.26924801011467,0.0535835748331785,0.0953169360013272,"NS",-0.259626056518398,0.0633092606738686,0.533124095945809,"NS",0.065886753176506,0.440934221867767,0.497395311253273,"NS",0.0959260838795973,0.321079469690995,0.393375509224067,"NS",-0.1250579186359,0.194779689547931,0.41418669616514,"NS"
"Agmatine","AIC_int",0.584832966936585,0.299718257483396,0.212034345209452,0.00179215064321605,0.0253568090280416,0.00796115352084967,0.325916575266388,0.248374881532866,0.35660321694317,0.00271760548356532,0.0369370840172259,0.386206896551724,0.0393497574009521,0.111995463371941,"NS",0.670443349753694,0.000102684331419205,0.000527683369793139,"SIG",-0.526108374384236,0.00382558609337907,0.0544410328673176,"NS",0.149773908763727,0.261030081174327,0.349931630559786,"NS",0.0743238918042873,0.600519337913745,0.685778256259524,"NS",-0.071971313924699,0.61116473597032,0.807747927980436,"NS",0.0812318045792746,0.341790878965286,0.416254956172545,"NS",0.102742201616381,0.287732142487007,0.359665178108759,"NS",-0.071374293392642,0.46021880219051,0.645003624282155,"NS"
"Alanine","AIC_int",0.797195304269447,0.657919790334007,0.210322009249099,8.43085947299999e-05,0.00598699131552245,0.00658092210401225,0.338557864053088,0.238941079494919,0.35660321694317,0.000154426633911386,0.0113019734017516,-0.24679802955665,0.19609923147991,0.374003688904983,"NS",-0.183251231527094,0.339816143189294,0.436569350625134,"NS",0.00246305418719212,0.990832247717225,0.996217205585254,"NS",-0.316066320095973,0.0159977760403546,0.0388495712261907,"NS",-0.492860040712519,0.000205675213883604,0.00100719813790891,"SIG",0.194570135746606,0.166494663739549,0.53459864609592,"NS",-0.260640211326437,0.00194241606029297,0.00492256124868767,"SIG",-0.428928882840622,3.2633155887769e-06,1.67698162201035e-05,"SIG",0.192447409878603,0.0451189747996901,0.251099576317623,"NS"
"Allantoin","AIC_int",0.597032680015926,0.32029608677385,0.41331254084274,8.09607745346337e-05,0.042172868011475,0.00317880731304198,0.386621728709674,0.217290323778632,0.530991805943798,0.000149777432889072,0.0541804207091866,0.0389162561576355,0.841091784617071,0.922909936002922,"NS",-0.102463054187192,0.595521377258589,0.663683462607463,"NS",0.14384236453202,0.454964429455096,0.601202996065662,"NS",-0.136854409548125,0.304767897563466,0.39154209061973,"NS",-0.294008410600877,0.0343795531687804,0.0662522639190038,"NS",0.293861521386494,0.0348604944382703,0.510437853210429,"NS",-0.0712534994591866,0.404539948261781,0.47668720018108,"NS",-0.203060997674408,0.034201049712944,0.0531696991335683,"NS",0.22933926420165,0.0166220961506891,0.153754389393874,"NS"
"Alpha-Ketoglutaric Acid","AIC_sex_geno",0.72574030711953,0.537393289117279,0.551143203390542,0.00494417700736433,0.104672032587964,0.00193551790088268,0.318648595885519,0.217666754260174,0.666590461907103,0.00674087978289439,0.125207273688746,0.0980295566502463,0.611633091600749,0.741734703108786,"NS",0.433990147783251,0.0195112050151282,0.0410178741795309,"NS",-0.495566502463054,0.00686930803420592,0.0690675364854298,"NS",0.42440554923252,0.000995803947403766,0.00526353515056276,"SIG",0.453499542008583,0.000734454667546538,0.00289093858502361,"SIG",-0.18628873900794,0.185553684245501,0.544879866435202,"NS",0.249761490406216,0.00302490383722832,0.00717445140881075,"SIG",0.362287546817225,0.000108322947547293,0.000357852594575879,"SIG",-0.127031785747382,0.187785260968843,0.408709097402777,"NS"
"Aminolevulinate","AIC_int",0.878432433817631,0.794946273909257,0.0833802499282545,1.05974978920845e-17,8.39500388517295e-08,0.00593525183711564,0.587693078961428,0.237198534612016,0.197760849188809,1.50810546925818e-16,9.13573952209997e-07,0.525615763546798,0.00386340119906499,0.0340347248489058,"NS",0.783251231527093,2.10194761721163e-06,1.87302603179183e-05,"SIG",-0.327586206896552,0.0832182839155847,0.216836373582862,"NS",-0.0152880740717955,0.909205204724124,0.944960465584062,"NS",0.0242054259925508,0.864750929516561,0.909467951749786,"NS",-0.0910953641253308,0.519599952451881,0.76707252583253,"NS",0.0547488554999188,0.522087420790446,0.578360316444506,"NS",0.0427872407759734,0.658659819103793,0.716776861965892,"NS",-0.0694096932629043,0.472682915987728,0.654876191529973,"NS"
"AMP","AIC_int",0.868586719766533,0.778339045389332,8.25744204110446e-05,0.0728307548062234,3.31739910669515e-13,0.0478249079298458,0.119095651733979,0.586821806369671,0.00218232396800618,0.0842105602446958,2.17658572660788e-11,-0.264532019704433,0.165079037481581,0.329693572748529,"NS",0.0157635467980296,0.935890685406112,0.946118998907818,"NS",-0.280295566502463,0.140619699442623,0.295620959055514,"NS",0.270355901442677,0.0404337935501246,0.0755580990583136,"NS",0.346218703350241,0.0119296508639455,0.0289591352194621,"NS",-0.205071288312132,0.144446432934338,0.53459864609592,"NS",0.165864186944661,0.0510106930727074,0.0842587340933113,"NS",0.230668359656566,0.0158165520830727,0.0289709122313707,"NS",-0.141775553702159,0.141248756552357,0.354671540591952,"NS"
"Anthranilic Acid","AIC_sex_geno",0.535724608088755,0.216884881113563,0.0375130154899422,0.120958394067439,0.819995478736191,0.0303344154680029,0.266633018207835,0.139624283213509,0.129532577734181,0.133995825763331,0.824451975903235,-0.347783251231527,0.065128832849123,0.156478364637503,"NS",-0.121674876847291,0.527955814629973,0.614288211990848,"NS",-0.0980295566502463,0.611633091600749,0.733895857524599,"NS",0.303146820880372,0.0210728563093647,0.0448100967497986,"NS",0.25413562774895,0.0690602128408749,0.118297586810758,"NS",0.156065909673013,0.268371054813204,0.662983873581327,"NS",0.215967969371435,0.0106664639130904,0.0207715349886497,"NS",0.222564083707121,0.020012987411499,0.0346018941226852,"NS",0.00532851450282643,0.956110273595913,0.989262999134468,"NS"
"Arabitol/Xylitol","AIC_geno",0.740545055850266,0.562365154446232,0.719825358039179,7.03882976912977e-07,0.236975684142097,0.00056909137790551,0.482246800398474,0.150730597137756,0.822022785415112,1.66946603498591e-06,0.255500271931945,0.368472906403941,0.0499671324134355,0.133969847775153,"NS",0.320197044334975,0.0907311071154687,0.162963638993803,"NS",-0.0689655172413793,0.72145949340289,0.808909128966876,"NS",0.259651173521179,0.0493102366648037,0.0894352331665558,"NS",0.154026767162475,0.275614282686596,0.361621576574612,"NS",-0.0174165457184325,0.902351387460009,0.932597802682132,"NS",0.110150121455517,0.196753809096402,0.267643049138488,"NS",0.0437927455678714,0.651156884438555,0.716776861965892,"NS",0.0373644703919933,0.699270649979891,0.820234757376633,"NS"
"Arginine","AIC_int",0.785799816952929,0.638698486426627,0.282908626282131,0.00254789586119716,0.00123141121492446,0.00543442920345734,0.2919566714752,0.311117267102453,0.408891373923393,0.00380129624452803,0.00316404270501423,-0.586206896551724,0.00103200692281068,0.0159101067266647,"NS",-0.830049261083744,1.15154067707343e-06,1.46623404178895e-05,"SIG",0.31871921182266,0.0922943658395321,0.23025833755788,"NS",-0.494909102094805,9.68557129765857e-05,0.00111989418129177,"SIG",-0.503063033326663,0.000144102797575365,0.000784088751513017,"SIG",0.101340391018526,0.473568556245742,0.753546887993504,"NS",-0.364746598937387,1.01230186522821e-05,7.80316021113408e-05,"SIG",-0.444284840814585,1.30215006183788e-06,7.37075699209366e-06,"SIG",0.177907515522194,0.0642813025588683,0.255764071141685,"NS"
"Argininosuccinate","AIC_int",0.846051127615014,0.740327203206048,0.0125443098861138,3.35112789150996e-16,0.00989374181592364,0.0153181113525113,0.635900422851166,0.129246830386112,0.0773565776310351,3.44421477738524e-15,0.0166394748722352,0.230541871921182,0.22793578904462,0.397812462011837,"NS",0.623152709359606,0.000406290908040619,0.00156591287473989,"SIG",-0.500492610837438,0.00627087413701375,0.0690675364854298,"NS",0.0114737457319512,0.931840677917008,0.95772514119248,"NS",0.113855151890887,0.421581074289387,0.513108544365372,"NS",-0.259540681294288,0.0633985411395016,0.533124095945809,"NS",-0.0143061100949225,0.867250450016523,0.886416205817993,"NS",0.148425481539526,0.123490370944675,0.169227545368629,"NS",-0.186637012325086,0.052111034154228,0.251317508698413,"NS"
"Asparagine","AIC_int",0.883411677862468,0.803344998804162,0.00125007962995105,9.52518028178121e-13,0.00024834412651091,0.0297104003290814,0.537637310294753,0.201922353072287,0.0177895947339188,5.18281868273389e-12,0.000850808581565156,0.345320197044335,0.0671523621712781,0.159271628226749,"NS",0.533497536945813,0.0032954278032036,0.00835142662455708,"SIG",-0.191133004926108,0.319154938763232,0.495570416252496,"NS",0.459288197114645,0.000333254889781956,0.00246608618438647,"SIG",0.577301544439619,7.44947720756602e-06,9.9386223409708e-05,"SIG",-0.263553316827457,0.0593107986059228,0.533124095945809,"NS",0.347127048069269,2.8322641238157e-05,0.000187131736752109,"SIG",0.512561859748305,1.21418041631986e-08,1.40389610636984e-07,"SIG",-0.29592252803262,0.00185663557973154,0.0686955164500668,"NS"
"Aspartic Acid","AIC_sex_geno",0.589522201358874,0.307627809520993,0.281381453962611,0.00509090133450035,0.179649956646397,0.0065096129706134,0.325583402894012,0.201744603675814,0.408891373923393,0.00687457479476325,0.202653914509655,-0.263054187192118,0.167519977504658,0.329693572748529,"NS",-0.307389162561576,0.10497543732455,0.184956722905159,"NS",0.317733990147783,0.0933479746856269,0.23025833755788,"NS",-0.448829554892491,0.000468052238718382,0.00309248800581788,"SIG",-0.478217252149124,0.00033622152854431,0.00152348553795311,"SIG",0.1619568001366,0.250546638531766,0.662983873581327,"NS",-0.26332581875016,0.001736206947564,0.0045239195112583,"SIG",-0.392809482597097,2.39060077488363e-05,9.61437268159719e-05,"SIG",0.169001946066166,0.0789944524325202,0.270039403988336,"NS"
"Azelaic Acid","AIC_int",0.67007709494141,0.443503533636113,0.180428835491712,1.24702481864931e-06,6.04815056321141e-07,0.00599876228884561,0.349660064671914,0.363871454917753,0.325622667637329,2.88374489312652e-06,5.32813263901958e-06,-0.396551724137931,0.0340539743786501,0.101612665484682,"NS",-0.701477832512315,3.63372509754744e-05,0.000203708831226144,"SIG",0.459113300492611,0.0130068012810498,0.0741235062247352,"NS",-0.341228582853979,0.00906001512711217,0.0282184945305736,"NS",-0.322653632542678,0.0196532175231693,0.0424813308420479,"NS",0.100657389225647,0.476567491325621,0.753546887993504,"NS",-0.230043948380964,0.00644331958549146,0.0130990563001749,"NS",-0.297698923341343,0.00166747923889306,0.00401000972993669,"SIG",0.13628023352794,0.157445031341598,0.355211351197507,"NS"
"betaAlanine","AIC_sex_geno",0.625526300812374,0.368357615828101,0.00465597303911145,0.00241465966957009,0.201894536870278,0.0422478329990784,0.314912953679926,0.17754958144213,0.0416807730128492,0.00363180519406883,0.222324341196437,0.132512315270936,0.491572662281497,0.673636611274644,"NS",0.272906403940887,0.151729665969786,0.239914429097525,"NS",-0.185221674876847,0.334575460721437,0.503223253930617,"NS",0.286412993324925,0.0296342290656112,0.058322684863171,"NS",0.226643045140127,0.106154947622774,0.166429367035704,"NS",0.247502774694784,0.0770406492479811,0.53459864609592,"NS",0.246063753063237,0.00350162063789249,0.00789988673973541,"SIG",0.200155691201965,0.0369097377804789,0.0564322437139553,"NS",0.119219720137151,0.216569932911782,0.426135447996302,"NS"
"Betaine","AIC_int",0.714089826026584,0.517741875225563,0.813055662901766,0.109618533884667,2.69068769281299e-05,0.000261163154066124,0.185445986418832,0.410592901203907,0.906116250824258,0.122165233546165,0.000138271450880668,-0.559113300492611,0.00191663965895511,0.0196987964948165,"NS",-0.900985221674877,4.34353501806692e-07,1.46623404178895e-05,"SIG",0.488177339901478,0.00785803423816526,0.0690675364854298,"NS",-0.516626165061983,4.27817185622063e-05,0.000719510721273469,"SIG",-0.475442379680843,0.000368134538113657,0.00162154498931016,"SIG",0.0601895329975241,0.670828769633902,0.821808924279894,"NS",-0.361448798140869,1.23300383904387e-05,9.12422840892461e-05,"SIG",-0.399032491516539,1.72407772510647e-05,7.08787509210438e-05,"SIG",0.118218886108794,0.220473173710303,0.426135447996302,"NS"
"Biopterin","AIC_int",0.818143096993911,0.693253416616235,0.717485731684966,2.15367625127171e-07,0.000108822427752168,0.000461637020781137,0.409547277801408,0.282107018079862,0.822022785415112,5.45794666418173e-07,0.00044412098658301,-0.454679802955665,0.0139990900177539,0.0631666256898653,"NS",-0.771428571428571,2.87586785229371e-06,2.21681480280973e-05,"SIG",0.458128078817734,0.0132220308400879,0.0741235062247352,"NS",-0.325725183795257,0.0129262764651123,0.0356919574036682,"NS",-0.423360157968476,0.00176495634599023,0.00572836708786302,"SIG",0.13847861350636,0.326548429206458,0.662983873581327,"NS",-0.312623025236865,0.000179070248510244,0.00070427273759836,"SIG",-0.421635497852385,4.97092675645512e-06,2.35800371780563e-05,"SIG",0.148772124918914,0.122500231684609,0.333272689141951,"NS"
"Cadaverine","AIC_int",0.715826167057213,0.520670643229034,0.240638207091581,0.357528483736247,0.00831582743408868,0.00782370645501432,0.172765634799129,0.313464395523013,0.380496310358482,0.371588592647223,0.014513472408551,-0.704926108374384,3.21438113418492e-05,0.00541135815485282,"SIG",-0.91231527093596,3.25691914587838e-07,1.46623404178895e-05,"SIG",0.386206896551724,0.0393497574009521,0.148565410595432,"NS",-0.551078162970254,1.05135376604815e-05,0.000389000893437815,"SIG",-0.57811266100727,7.18296341056995e-06,9.9386223409708e-05,"SIG",0.0460172457952702,0.74535134191443,0.865294982216323,"NS",-0.448100971780003,3.17581520352409e-08,1.17505162530391e-06,"SIG",-0.498619168878162,3.43246170617249e-08,3.34213376653638e-07,"SIG",0.101779260494857,0.291814261143755,0.508744955914602,"NS"
"cAMP","AIC_int",0.728589779549999,0.542199628156625,0.145268430328665,4.39332625350451e-05,0.00688052193032355,0.00948388181371993,0.3759447842891,0.250348909289964,0.279944370945865,8.37902429792097e-05,0.0124586438223816,0.244334975369458,0.200710724603969,0.375065495472064,"NS",0.547290640394089,0.00247351857829056,0.0064450836194895,"SIG",-0.229064039408867,0.230995249348276,0.406991629804106,"NS",0.331692762004368,0.0112955858099443,0.0331695773784078,"NS",0.478089181112127,0.000337637335438256,0.00152348553795311,"SIG",-0.181678476906002,0.196823212097556,0.568942097469498,"NS",0.292851860434433,0.000467850512037447,0.00152463690577018,"SIG",0.333016699948931,0.000402763129284986,0.00114401642938972,"SIG",-0.0675192289871189,0.484848211996787,0.664421623847449,"NS"
"Carnitine","AIC_int",0.863115510099386,0.76911049896282,0.0289340062453002,2.43756787024414e-13,0.00011043008315037,0.0127864563604413,0.550938703252093,0.208201524633949,0.116909203064615,1.45467759998441e-12,0.00044412098658301,-0.0182266009852217,0.925740899026757,0.969360616199537,"NS",-0.0295566502463054,0.879225235134494,0.893717958790557,"NS",0.11871921182266,0.538101638220563,0.683284388465751,"NS",0.282967793534098,0.0317197330742249,0.0613046807011104,"NS",0.2927277002309,0.0352087915200354,0.067150787950583,"NS",-0.103047895500726,0.466115802887791,0.749838465515142,"NS",0.180139017086229,0.0338360208629276,0.0579598505522372,"NS",0.260022612452298,0.00632280289857552,0.0128540498487524,"NS",-0.0252710592160133,0.79392240982515,0.883016832890366,"NS"
"Carnosine","AIC_int",0.754463744345072,0.585842460341086,0.551288327955604,2.42733612704336e-09,0.0466644455009071,0.00129084619332086,0.524708473635425,0.164359791771072,0.666590461907103,8.16467606369131e-09,0.0587273633854953,0.00443349753694581,0.982684072977165,0.988024747286823,"NS",0.217241379310345,0.256476970460067,0.359456360114488,"NS",-0.282266009852217,0.137760827417107,0.292939690484653,"NS",0.368667138330924,0.00463422983938288,0.0161760852884119,"NS",0.436807616853226,0.00120539321527899,0.00428841816974255,"SIG",-0.108597285067873,0.442339801952385,0.737233003253975,"NS",0.230951067028244,0.00623108674906184,0.0128083449841827,"NS",0.294839953495255,0.00185685197317422,0.00429397018796538,"SIG",-0.0983134093225836,0.308622138296145,0.510152455311377,"NS"
"cGMP","AIC_int",0.732052523897222,0.548040401754351,0.108811482601682,0.000159376230525623,0.000643833551498801,0.0112025871935611,0.334228200406513,0.300707551105991,0.236824991544838,0.000268041842247638,0.00186108135980122,0.110837438423645,0.565607060133945,0.730537087121675,"NS",0.343349753694581,0.0688065225083145,0.126031749148893,"NS",-0.116748768472906,0.544917218245615,0.683284388465751,"NS",0.340797932880126,0.00915194417207794,0.0282184945305736,"NS",0.513821000434464,9.78113796423962e-05,0.000592571647292937,"SIG",-0.254332792623581,0.0690396860939364,0.53459864609592,"NS",0.292393832546028,0.000477994273160382,0.00152463690577018,"SIG",0.390640928483695,2.67489822223886e-05,0.000104410158236721,"SIG",-0.164627930682977,0.087154290130124,0.281854667067812,"NS"
"Cholecalciferol","AIC_sex",0.577697882006426,0.28768317446867,0.220320826598102,0.0138646589863095,0.000589580128813962,0.00728567515727764,0.253010208891754,0.339295467780722,0.367201377663504,0.017568232277173,0.00181787206384305,-0.418226600985222,0.0248322937949718,0.0866787613598073,"NS",-0.652216748768473,0.000179317959651041,0.000789852917510537,"SIG",0.485714285714286,0.0082134367712403,0.0690675364854298,"NS",-0.484081331323633,0.000142902573400724,0.00155511623994905,"SIG",-0.465111316029701,0.000512541006884617,0.00215500196076486,"SIG",0.0440536156407411,0.755881790758449,0.865294982216323,"NS",-0.341624010561258,3.85765733379898e-05,0.000224913046569858,"SIG",-0.357792894060815,0.000133640879608007,0.000419043436059006,"SIG",0.0826892781021221,0.392081170606478,0.589715581806491,"NS"
"Cholesteryl Sulfate","AIC_null",0.464693451232045,0.0970732912347744,0.270644431611011,0.0556274754561068,0.588149890299862,0.00796461609975071,0.287911972217473,0.166435890494921,0.402241872856737,0.0655482991043297,0.604487387252636,-0.257635467980296,0.176692025250063,0.34050025699231,"NS",-0.302463054187192,0.110884475322192,0.191716148921547,"NS",0.153694581280788,0.424368370374186,0.579308752192278,"NS",-0.239656710449414,0.070157028611395,0.123610002791506,"NS",-0.214476296625353,0.126800012166078,0.19386778719607,"NS",0.195765388884146,0.163867241950494,0.53459864609592,"NS",-0.100397478856058,0.239613327535852,0.312172292916427,"NS",-0.204585472681479,0.0328480580707934,0.0519392371204852,"NS",0.128273561301084,0.183480041107542,0.404092947677326,"NS"
"Choline","AIC_int",0.880772107762851,0.798892711889145,0.0334195053199157,1.02532853712149e-08,0.000978349268863925,0.0151461382563577,0.440470043268594,0.220710445104322,0.122502885130162,3.16142965612459e-08,0.00258563735342609,-0.42807881773399,0.021382823764543,0.0807310693151112,"NS",-0.848275862068965,9.82030880933304e-07,1.46623404178895e-05,"SIG",0.584729064039409,0.00106885544649244,0.0313539544417025,"NS",-0.618751730290074,4.48190386029247e-07,2.76384071384702e-05,"SIG",-0.750752418880066,1.46193750829152e-10,2.70458439033932e-08,"SIG",0.23204985913088,0.097866968233028,0.53459864609592,"NS",-0.522607586388059,4.13909695152695e-11,3.82866468016243e-09,"SIG",-0.687218505467253,1.56262690318933e-16,2.89085977090026e-14,"SIG",0.2540079696043,0.00783937629905264,0.123924425733965,"NS"
"Citraconic Acid","AIC_int",0.585826354308458,0.301393850640773,0.96871685613957,0.608677766813861,0.029822289330589,9.86323477923017e-06,0.161095618687621,0.308252578632024,0.984684716405606,0.615329982844614,0.0405670847511689,-0.591625615763547,0.000906193103727235,0.0152405203808671,"NS",-0.873891625615763,7.1971526443133e-07,1.46623404178895e-05,"SIG",0.405418719211823,0.0299913534739248,0.126100008924457,"NS",-0.335322526069704,0.0103937288626102,0.0310135457997241,"NS",-0.282866230382083,0.0421640769360306,0.0774688035953149,"NS",0.126952958251515,0.368713186962901,0.682119395881367,"NS",-0.163582984632164,0.054331858582681,0.0881701213841753,"NS",-0.149032491344773,0.121945832373327,0.168358052157206,"NS",0.174738207765731,0.0692373583581951,0.256619557031334,"NS"
"Citrulline","AIC_int",0.758418629197447,0.592513350453525,0.00488718042476291,8.74609620861498e-08,0.0286726423406667,0.0295255218405513,0.432427828308079,0.171574247601806,0.0416807730128492,2.41496686357279e-07,0.0398829987445364,-0.0197044334975369,0.919656484303602,0.969360616199537,"NS",-0.167980295566502,0.382122522068854,0.480902493760123,"NS",-0.0438423645320197,0.821158638848571,0.868081989639918,"NS",-0.167615121966225,0.207943870656573,0.289245233620046,"NS",-0.357147431840705,0.00934520870343346,0.024011994585211,"NS",0.407922820797405,0.0028868289111393,0.378787853765096,"NS",-0.152550098227553,0.0730039102523586,0.112547694972386,"NS",-0.330709135956465,0.000444303703280653,0.00121304630797961,"SIG",0.232582707812066,0.0151172858857934,0.151175930556699,"NS"
"Creatine","AIC_null",0.537440685359055,0.219779469280334,0.525610013550599,0.00331429809264285,0.0195854818897425,0.0020544462830225,0.309762953005481,0.257415570356154,0.648252350045739,0.00475306315611571,0.029944745038036,-0.340886699507389,0.0709190312379837,0.166076212392747,"NS",-0.510837438423645,0.00515772962709329,0.0120782276077501,"NS",0.289655172413793,0.127421340257809,0.28063033271065,"NS",-0.154757144175459,0.245357167566013,0.331321722625638,"NS",-0.183440415326262,0.193008833494997,0.273314627991141,"NS",0.0700076837701699,0.620948671150483,0.807747927980436,"NS",-0.113398768039621,0.183791724736285,0.251862733897873,"NS",-0.219779252463201,0.0216609674702823,0.0371044350185391,"NS",0.0977110555092206,0.311606634865868,0.510152455311377,"NS"
"Cystathionine","AIC_int",0.809525166116235,0.678717147665938,0.006800806795729,3.114627768519e-06,4.56003889976654e-07,0.0252507663371628,0.330820942926104,0.368258827597816,0.0524228857170777,7.02690411190262e-06,4.44003787608847e-06,0.460591133004926,0.012689492123431,0.0631666256898653,"NS",0.661576354679803,0.000135297902304458,0.000658687155955915,"SIG",-0.200985221674877,0.294462282155913,0.475638118667821,"NS",-0.218554861730598,0.0992946610581033,0.16208233759216,"NS",-0.245939081381102,0.0788352016043661,0.131392002673943,"NS",-0.147613762486127,0.295399357091994,0.662983873581327,"NS",-0.271947914464092,0.00120149492906296,0.00331756062502459,"SIG",-0.278404352127227,0.00337543867580055,0.0075269379881004,"SIG",-0.0927810212213882,0.336738616955729,0.546461790673771,"NS"
"Cysteinyl-Glycine (Cys-Gly)","AIC_int",0.836527726363715,0.724263634830362,0.319044478892783,2.88630283408595e-14,0.000178050366853741,0.00247606871866508,0.568184033865581,0.191628114155964,0.452218611259576,1.90702151537822e-13,0.000645868977802787,0.309852216748768,0.102112095698541,0.224889734574168,"NS",0.466009852216749,0.0115812299250984,0.0258135847728096,"NS",-0.188177339901478,0.32680859882597,0.495570416252496,"NS",0.375557537912578,0.00388255127577483,0.0138129228080451,"NS",0.431257871916663,0.00141348484478348,0.00475444902336261,"SIG",-0.153590028173824,0.276110466192043,0.662983873581327,"NS",0.307077536363587,0.000236043796206528,0.000839771198042456,"SIG",0.343567549769907,0.000254599005830989,0.00074763200124973,"SIG",-0.062904272078584,0.515237350348617,0.68574755262226,"NS"
"Cystine","AIC_int",0.737655250065119,0.55749078324237,0.406010958392665,0.00265788087310916,0.00207630478959033,0.00330218943272962,0.29596406376298,0.302604972015627,0.525258932186314,0.00390244413908885,0.00486223273511659,0.58128078817734,0.00115932360626543,0.0164134911885631,"NS",0.0857142857142857,0.657323785713767,0.711139768169865,"NS",0.205911330049261,0.28258928604738,0.466776945703261,"NS",0.0790857916269341,0.554141874231545,0.648837004638202,"NS",-0.024120045301219,0.865223564907904,0.909467951749786,"NS",0.143345001280628,0.309704387506722,0.662983873581327,"NS",0.0667246090699304,0.435133111595617,0.494265128937423,"NS",-0.022528867733678,0.816129411176745,0.853016616201683,"NS",0.0536187563710499,0.579215360787102,0.73899890859044,"NS"
"Cytidine","AIC_int",0.76507363956394,0.603738669143995,0.322312465362692,4.35030904142166e-05,1.06598567007607e-06,0.00357799161380126,0.309485923370987,0.387245413223684,0.452218611259576,8.37902429792097e-05,8.6367517679646e-06,0.288177339901478,0.129441559355701,0.272121460009144,"NS",0.420689655172414,0.0239295843101703,0.0486480560151813,"NS",-0.0556650246305419,0.77379085701008,0.857193464352484,"NS",-0.189885877756929,0.153068783222972,0.232112499149588,"NS",-0.21212832761373,0.131111207052251,0.198816174628414,"NS",0.146418509348587,0.2993604422476,0.662983873581327,"NS",-0.186687698749233,0.0277697766761118,0.0488420455034955,"NS",-0.238388041607267,0.0125514193250722,0.0236940058687587,"NS",0.109637661013808,0.255996681689614,0.462051556786149,"NS"
"D-Leucic Acid","AIC_sex",0.558535900523703,0.255361759919499,0.435260282040106,0.0591808498817222,0.00692359815657678,0.00332755872258506,0.238510496017939,0.308711302991064,0.547776545424623,0.0688582215604943,0.0124586438223816,-0.244827586206897,0.199782419355505,0.375065495472064,"NS",-0.601477832512315,0.000711370049727056,0.00242235882952672,"SIG",0.601477832512315,0.000711370049727057,0.0313539544417025,"NS",-0.307945492017595,0.019047074685015,0.0435751428759213,"NS",-0.337040279032078,0.014553346776751,0.0336546144212367,"NS",0.145906258003927,0.301068602092208,0.662983873581327,"NS",-0.125696258272708,0.140371475340032,0.201307929751209,"NS",-0.187681871387267,0.0506694010810416,0.0749907135999416,"NS",0.178546937262534,0.0633173887480221,0.255764071141685,"NS"
"DCDP","AIC_int",0.66381284752292,0.43293733317119,0.926005329594628,0.0451153888463779,0.00434894365903653,4.60353506844883e-05,0.242898689410675,0.316739018150137,0.966461585187186,0.0541970580297397,0.00884125908705229,0.517733990147783,0.0045136970488017,0.0343424151960257,"NS",0.660591133004926,0.000139432340466162,0.000661409820159998,"SIG",-0.399014778325123,0.0328828993463087,0.135056141243196,"NS",0.173890307299517,0.191236493438257,0.270066803710515,"NS",-0.0352195351743463,0.804231326624063,0.86101444923016,"NS",0.200973277554854,0.152774804082024,0.53459864609592,"NS",0.0758092012370325,0.375087762037006,0.450592441408092,"NS",-0.0156015420936433,0.872080173545956,0.896304622811121,"NS",0.0912519692336206,0.344788267329866,0.554659386574132,"NS"
"Deoxycarnitine","AIC_int",0.891287474501996,0.816629475063608,2.13314652595949e-05,2.09807735407575e-15,8.41588870705945e-05,0.0458436724522888,0.571992477238966,0.185033583025459,0.000807699267659289,1.68758395871311e-14,0.000353849866092272,0.258620689655172,0.174998295127917,0.34050025699231,"NS",0.314778325123153,0.0965642111147447,0.171772875540652,"NS",-0.104433497536946,0.588420738489324,0.716169977766611,"NS",0.32437171244886,0.0133232636681034,0.0361653054796955,"NS",0.348267839942203,0.0114029260443353,0.0281272175760271,"NS",-0.00478101255015794,0.973308099801291,0.973308099801291,"NS",0.270039837309467,0.00130482653876603,0.0035498957304664,"SIG",0.274020907274067,0.00393553984737736,0.00856558672664485,"SIG",-0.00519877675840979,0.957178793757134,0.989262999134468,"NS"
"Deoxyguanosine","AIC_int",0.790200669103518,0.646121610536054,0.137460238157427,0.00155994641709711,0.000236566609495136,0.00985771648598032,0.287221153169466,0.333800537523543,0.27288571368847,0.00238504204266914,0.00082575137276604,-0.0591133004926108,0.760117965678548,0.862710574543137,"NS",-0.276354679802956,0.14646800651693,0.233591217289931,"NS",0.221182266009852,0.247783597038426,0.424444124556564,"NS",0.521055707650189,3.5987778668291e-05,0.000665773905363384,"SIG",0.525902368257906,6.23103984815385e-05,0.000426941619225356,"SIG",0.0629215401690429,0.656794076860761,0.821808924279894,"NS",0.408522893657021,5.95985283334783e-07,7.35048516112899e-06,"SIG",0.386725483556719,3.27006963303035e-05,0.000123461812675636,"SIG",0.0257066073579835,0.79045126471106,0.883016832890366,"NS"
"DHAP/D-GA3P","AIC_sex_geno",0.645953116645736,0.40281248590847,0.257428530042185,0.00372986843765323,0.722472839494703,0.00755568340612852,0.352029318601904,0.132840671273235,0.396868983815036,0.00526737145775456,0.734381732453407,0.196551724137931,0.305417814999768,0.48905527591734,"NS",0.0354679802955665,0.855104125521125,0.874001454261924,"NS",0.0517241379310345,0.789499615762485,0.857652790496813,"NS",0.194623027469316,0.142936609238023,0.218539443876316,"NS",0.190228180287136,0.176765788992921,0.257493472155043,"NS",0.0367967215913942,0.7951707016636,0.887070588526337,"NS",0.145581371476645,0.0872654481820636,0.130194418658724,"NS",0.215585787778096,0.0243617083024005,0.0406028471706676,"NS",-0.117468260587527,0.223433180841304,0.426135447996302,"NS"
"Dimethylarginine (A/SDMA)","AIC_int",0.902552614402956,0.835630915860408,0.277624719702976,1.59750941685e-20,0.0207712625302936,0.00226248668020242,0.71128820064081,0.0957700234402044,0.40762359638929,4.22198917310356e-19,0.0312413298219864,0.31871921182266,0.0922943658395321,0.205716357594138,"NS",0.0911330049261083,0.637055595573333,0.701519554649206,"NS",0.0891625615763547,0.644396748901138,0.751475282250563,"NS",0.12399643175736,0.352771218060684,0.443963777831473,"NS",0.0938333797735918,0.508191827567717,0.610490182467712,"NS",0.0176726713907624,0.900919053842543,0.932597802682132,"NS",0.0719818755158702,0.399741316412685,0.474052202156069,"NS",0.122676218274193,0.203793590704757,0.265505734368873,"NS",-0.0665554628857381,0.49111410817605,0.668059632445363,"NS"
"Dimethylglycine","AIC_int",0.846891192039244,0.741744179343303,0.0502516731286485,1.86510394604816e-15,0.00257250147889164,0.00974149803875317,0.628247618568656,0.154753270845741,0.149944508529032,1.56838286372232e-14,0.00567082477250043,0.119704433497537,0.534709301622838,0.706580148573036,"NS",0.367980295566502,0.050291890696596,0.0936439224103061,"NS",-0.294088669950739,0.121501490952408,0.274119217392628,"NS",-0.175920514319112,0.186044241270341,0.266807632829559,"NS",-0.181860872536625,0.196936432905936,0.276009394603016,"NS",-0.249807905745753,0.074261714167665,0.53459864609592,"NS",-0.238134284887869,0.00475859099147678,0.010236503877014,"NS",-0.21089188752836,0.0277210666403995,0.0453840471546364,"NS",-0.168288388471875,0.0802819849695054,0.270039403988336,"NS"
"Ergocalciferol","AIC_sex",0.477988559277161,0.119498774684367,0.0966472695192691,0.678886166151849,0.380926016619479,0.0198750470201313,0.167536756971101,0.213022326868942,0.215418612783913,0.682575764880935,0.405007546405768,-0.491133004926108,0.00744890834539027,0.0444531627063613,"NS",-0.597536945812808,0.00078439593277752,0.00250195254420416,"SIG",0.489162561576355,0.00771958479175352,0.0690675364854298,"NS",-0.406318250330678,0.00168536211181379,0.00805695097148849,"SIG",-0.427373050461068,0.00157767855108386,0.0052119737848306,"SIG",0.0821309655937847,0.561649575365834,0.781054239146013,"NS",-0.311809746449647,0.000186537103471998,0.00070427273759836,"SIG",-0.447278186877102,1.08290064087861e-06,6.46247156653367e-06,"SIG",0.179445834491706,0.0619823333205105,0.255764071141685,"NS"
"Erythrose-4-Phosphate","AIC_int",0.866837897769636,0.775389225153603,0.0104131280422009,7.77057355657433e-09,0.00130209683689738,0.0217768511216835,0.436847522213638,0.210931618010302,0.0708023637199885,2.52202825958991e-08,0.00329983444967145,0.288669950738916,0.128765526340217,0.272121460009144,"NS",0.634482758620689,0.000298245425055473,0.00125398644625597,"SIG",-0.467487684729064,0.0112935698607697,0.0741235062247352,"NS",0.504014272970562,6.91834433583105e-05,0.000933340503755205,"SIG",0.632329400002931,4.94584005638705e-07,1.82996082086321e-05,"SIG",-0.155553658328353,0.269960240651029,0.662983873581327,"NS",0.443292796092939,4.62758043005172e-08,1.42683729926595e-06,"SIG",0.563902841749365,1.71706909882569e-10,5.29429638804588e-09,"SIG",-0.179909183578908,0.0613032130587108,0.255764071141685,"NS"
"Ethanolamine","AIC_int",0.748096805659468,0.575103045690668,0.00105620378582734,0.0145240316043055,0.000609547112536921,0.0517839973902143,0.236782445451175,0.318348683356794,0.0162831416981715,0.0182785431754865,0.00181880993256984,0.498522167487685,0.00650467043087951,0.040112134323757,"NS",0.29064039408867,0.126087626238917,0.210146043731528,"NS",0.144827586206897,0.451852304699748,0.601202996065662,"NS",-0.305915284998001,0.0198828342948496,0.0437895755303234,"NS",-0.53683109674837,4.08228759396967e-05,0.000343283274947449,"SIG",0.328609237599249,0.017785579129696,0.490862039774034,"NS",-0.272980152924791,0.00114876417835189,0.00322002080295604,"SIG",-0.477350657381333,1.53611653992988e-07,1.18408983286262e-06,"SIG",0.231674543601149,0.0155261766517691,0.151175930556699,"NS"
"FAD","AIC_int",0.850496480023785,0.747825387991927,0.329961255492963,1.54467286599617e-10,0.000690162863130678,0.00297605023270773,0.509208719280675,0.217375867923467,0.455543524374613,6.6456855862626e-10,0.00196430968737193,-0.620197044334975,0.000439573351654137,0.00867848669272836,"SIG",-0.564039408866995,0.00171890196738731,0.00481813430252505,"SIG",0.161576354679803,0.400745601377239,0.559450355896001,"NS",-0.261681380540773,0.0475136843200091,0.08703001583368,"NS",-0.263228671375781,0.0593722462034659,0.104608243310869,"NS",-0.130624092888244,0.354937739087483,0.682119395881367,"NS",-0.273181238339213,0.00113874150516556,0.00322002080295604,"SIG",-0.261658295362621,0.00598955763616341,0.0123118684743359,"NS",-0.00365119080715411,0.96993005068532,0.994099787323673,"NS"
"Fructose","AIC_int",0.718601209117385,0.525351437065468,0.137661007873311,2.49707475261548e-05,0.017424697933122,0.00987782516317667,0.390846505652594,0.226857804229967,0.27288571368847,5.02129162210722e-05,0.0273183823527761,-0.0103448275862069,0.958253199019613,0.976116896012722,"NS",0.188669950738916,0.325525121932033,0.427107429485291,"NS",-0.295566502463054,0.119574670347301,0.273102642151243,"NS",0.376111230736104,0.00382713595691784,0.0138129228080451,"NS",0.492689279329856,0.000206883941840749,0.00100719813790891,"SIG",0.00887902330743618,0.950245697692197,0.965909088313496,"NS",0.37203706235137,6.49496476299102e-06,5.46167491433336e-05,"SIG",0.422803180836525,4.65006902700577e-06,2.26384939472649e-05,"SIG",0.0508293948660921,0.599130091020137,0.751915414405727,"NS"
"G1P/F1P/F6P","AIC_int",0.872394215148931,0.784761326757232,0.0119138809536857,1.78393998880595e-09,0.00301946610314172,0.0205386267056204,0.458328106061121,0.191947735216007,0.0760023440148914,6.4711548613549e-09,0.00642070378254274,0.232019704433498,0.224904092541885,0.396259591621417,"NS",0.571428571428571,0.00145552681559494,0.00427416604579467,"SIG",-0.419704433497537,0.0242873557346334,0.112329020272679,"NS",0.503460580147036,7.06311732571506e-05,0.000933340503755205,"SIG",0.621614123240796,8.73807501439856e-07,2.30934839666248e-05,"SIG",-0.158712541620422,0.26026040949091,0.662983873581327,"NS",0.423597596891511,2.03842015141651e-07,3.14256440010045e-06,"SIG",0.543987359742095,9.75727152889842e-10,2.57870747549458e-08,"SIG",-0.18639607079974,0.0524193250238173,0.251317508698413,"NS"
"G6P","AIC_int",0.871932551331465,0.783982616703676,0.00518193394213801,2.36713630897836e-09,0.00114724795054598,0.0251429766167712,0.444128632611772,0.205132618092654,0.0416807730128492,8.10963365112955e-09,0.00298930804015502,0.196551724137931,0.305417814999768,0.48905527591734,"NS",0.547290640394089,0.00247351857829056,0.0064450836194895,"SIG",-0.391625615763547,0.0364982262350908,0.143601250252424,"NS",0.4797748315851,0.000166260662229024,0.00170879013957608,"SIG",0.614655596897259,1.2503640151714e-06,2.7666604047725e-05,"SIG",-0.153760778622044,0.275571987215359,0.662983873581327,"NS",0.419347991800063,2.77301953149429e-07,3.9462201025111e-06,"SIG",0.541953181845121,1.15783577729087e-09,2.67749523498515e-08,"SIG",-0.168992679084422,0.0790110664965563,0.270039403988336,"NS"
"gamma-Aminobutyrate","AIC_int",0.699508676565436,0.493147165291096,0.26534893852513,0.00613489678039401,0.00158298678103084,0.00606219103255745,0.278277725467738,0.315544880248103,0.399910073744382,0.00816515039117188,0.00385332308540402,0.44679802955665,0.0159203172618884,0.0684943882197523,"NS",0.609852216748768,0.000575610055800606,0.00200920491175683,"SIG",-0.172413793103448,0.36953306151475,0.533792687789264,"NS",0.070718877849211,0.596922423792335,0.681670669145568,"NS",-0.046190954010476,0.745056727313507,0.810797026782346,"NS",0.0679586783915308,0.631228316577943,0.810301751096429,"NS",0.0222110011640831,0.795225435998094,0.826498346402514,"NS",-0.042949418968215,0.657447349489965,0.716776861965892,"NS",-0.0248725790010194,0.797101681582114,0.883016832890366,"NS"
"Glucoronate","AIC_int",0.821925637887868,0.699633606075922,0.0236273804370802,6.40451303020496e-12,0.000747516445028647,0.014791455264092,0.521567760924268,0.193918176057175,0.112610940854354,3.20225651510248e-11,0.00209531124742878,-0.0152709359605911,0.937921893511984,0.969360616199537,"NS",0.124630541871921,0.51790436789461,0.606407013041157,"NS",-0.190147783251231,0.321693568311834,0.495570416252496,"NS",-0.306715063520871,0.0195499289659539,0.0435751428759213,"NS",-0.164870114961607,0.242803451118215,0.325497380122244,"NS",-0.194057884401947,0.167630125293089,0.53459864609592,"NS",-0.249115782797684,0.00310367711759418,0.00726810464246738,"SIG",-0.20469668058473,0.0327511530332257,0.0519392371204852,"NS",-0.0561579093689185,0.561358909772027,0.731347875407218,"NS"
"Glucosamine","AIC_int",0.804792586270478,0.670734482865866,0.038509685272324,0.00495545757012777,1.68536001612895e-05,0.0185556378273877,0.247399470241508,0.382556145842611,0.129532577734181,0.00674087978289439,8.90833151382447e-05,0.381773399014778,0.041814845795887,0.117208279882411,"NS",0.702463054187192,3.50912445716401e-05,0.000202871257679794,"SIG",-0.492610837438424,0.00725124672771969,0.0690675364854298,"NS",0.440831769663786,0.000602808239054925,0.00359740400726326,"SIG",0.567824287701795,1.13215666106497e-05,0.000116360545720567,"SIG",-0.265004695637326,0.0578859310625612,0.533124095945809,"NS",0.348425166133481,2.63094783483109e-05,0.00018026864794213,"SIG",0.525985580403275,4.26765773265911e-09,6.03038487100811e-08,"SIG",-0.2483273097952,0.00937806465013786,0.123924425733965,"NS"
"Glucose","AIC_int",0.86219355730056,0.767555397856367,0.0303331986329811,3.65621827466751e-05,8.38153702297253e-05,0.0187029731370388,0.334120614517451,0.315975714795937,0.116909203064615,7.19574873205839e-05,0.000353849866092272,0.457142857142857,0.0134402499623538,0.0631666256898653,"NS",0.720197044334975,1.83818988289097e-05,0.000117263837356838,"SIG",-0.407881773399015,0.028936285447979,0.124493321113398,"NS",0.315574148697284,0.0161698215373875,0.0388495712261907,"NS",0.47215522306457,0.000409475818881323,0.00176169829053592,"SIG",-0.211986681465039,0.131170089401085,0.53459864609592,"NS",0.286061876274122,0.000640658088470812,0.00197536243945167,"SIG",0.442565751976824,1.44645061700686e-06,7.87039306312556e-06,"SIG",-0.234945788156797,0.0140969973550724,0.151175930556699,"NS"
"Glutamic acid","AIC_int",0.705320444831638,0.502950147908787,0.0237396037476746,0.00260827428510206,0.000968250914093334,0.0242085936168135,0.285668582536976,0.311252663714555,0.112610940854354,0.00386024594195105,0.00258563735342609,0.229064039408867,0.230995249348276,0.399384309620852,"NS",0.131527093596059,0.494825982410684,0.583075202203672,"NS",0.196059113300493,0.306650875710332,0.486830016390227,"NS",-0.160047986711372,0.229438036404254,0.314415086924348,"NS",-0.244274157900133,0.0809480328143989,0.132615184358501,"NS",0.0869119781439426,0.539023937071508,0.76707252583253,"NS",-0.104618038276534,0.220327862736765,0.293242119469795,"NS",-0.183201119618763,0.056546999838224,0.0823716139375704,"NS",0.083069224353628,0.389903572933017,0.589715581806491,"NS"
"Glutamine","AIC_sex_geno",0.770269409588888,0.612502618583667,0.0707126751530954,1.6244655007062e-09,0.0896233098471732,0.0120442248174871,0.532399835960384,0.148516983430976,0.188510900967819,6.01052235261293e-09,0.109081002116625,-0.163054187192118,0.396402264374313,0.586675351273984,"NS",-0.0630541871921182,0.744579583264271,0.793710155693838,"NS",0.0832512315270936,0.666618222393822,0.761261550264549,"NS",0.360484788827709,0.00569203606189543,0.019145939480921,"NS",0.437917565840539,0.00116722969435801,0.00423406849914181,"SIG",-0.0657389225646717,0.64244377164372,0.814055464069097,"NS",0.300090935353619,0.000331748499264863,0.00113654578451851,"SIG",0.400617204137872,1.58471772161038e-05,6.66301769313454e-05,"SIG",-0.144861458622926,0.132726986709915,0.341034618629643,"NS"
"Glutaric Acid","AIC_int",0.640936191823779,0.394350203076254,0.23393552675473,0.000630820473901382,3.73170521699757e-06,0.00561500313763571,0.275931386186545,0.390176152925601,0.375589367688035,0.000988998200608099,2.6552517890175e-05,-0.432512315270936,0.0199658146338681,0.0799472364273014,"NS",-0.782758620689655,2.12613765770965e-06,1.87302603179183e-05,"SIG",0.580295566502463,0.00118636584374009,0.0313539544417025,"NS",-0.319080869912947,0.0149779801337899,0.0379578948596047,"NS",-0.332728554119825,0.0159470526718228,0.0362703496442664,"NS",0.173055579270896,0.219199179669374,0.614421943012639,"NS",-0.238509644328123,0.00469101447524846,0.0102098550343643,"NS",-0.297332863993141,0.00169070680505439,0.00401000972993669,"SIG",0.137077193957928,0.155013477201212,0.355211351197507,"NS"
"Glyceraldehyde","AIC_int",0.863852759023237,0.770354051364497,0.359403311253856,0.00155259765159123,2.43689709786466e-08,0.00300264465510601,0.231789764309284,0.461378392806596,0.485325639284404,0.00238504204266914,3.22018545074973e-07,0.48128078817734,0.00888765894487517,0.0498247546909669,"NS",0.791625615763547,1.76883518121239e-06,1.81796949180162e-05,"SIG",-0.494088669950739,0.00705807413973795,0.0690675364854298,"NS",0.428096834722692,0.000891395871743051,0.00499721928098377,"SIG",0.564323679357193,1.31716547107311e-05,0.000123941331724201,"SIG",-0.268248954153505,0.0548012784475299,0.533124095945809,"NS",0.340696783372536,4.06150767806561e-05,0.000227690581952163,"SIG",0.538047004243416,1.6031664122825e-09,3.2589262973606e-08,"SIG",-0.297590584746548,0.00174545221512015,0.0686955164500668,"NS"
"Glycerol-3-P","AIC_geno",0.691546105927097,0.479716323250526,0.338735544928975,9.76695479411325e-05,0.429232841184491,0.00476100228453578,0.417346751450587,0.149763508169872,0.464193154161928,0.000173739099702976,0.450681393676447,0.154187192118227,0.422869494997738,0.618174397789168,"NS",0.210837438423645,0.271031622686267,0.375761527565794,"NS",0.0497536945812808,0.79738529711055,0.857652790496813,"NS",-0.164477529299579,0.216675647913567,0.299141752716492,"NS",-0.117355760235489,0.407352754583174,0.499074566873425,"NS",-0.192777256040297,0.170493622268429,0.53459864609592,"NS",-0.116730083071876,0.171160976233987,0.238081057167575,"NS",-0.0989333309300204,0.306071640580289,0.380021835619822,"NS",-0.164007042906125,0.0883652469726112,0.281854667067812,"NS"
"Glycerophosphocholine","AIC_int",0.687379255069243,0.472687900116796,0.0922831696718987,0.318136692977634,0.000351502636566179,0.0150219075587036,0.165076244144889,0.382911495832821,0.208199834015869,0.336315932576356,0.00114084189060953,0.454679802955665,0.0139990900177539,0.0631666256898653,"NS",0.855172413793103,9.14530868256704e-07,1.46623404178895e-05,"SIG",-0.504433497536946,0.00582475922311199,0.0690675364854298,"NS",0.0446337937186625,0.738760035822282,0.799243313608902,"NS",-0.00973339881181935,0.945400434389668,0.966293261668997,"NS",0.110646290446512,0.43373555105372,0.737233003253975,"NS",0.106079258954666,0.213914866766444,0.288863141253957,"NS",-0.0289789261222588,0.764845694457083,0.814207404720152,"NS",0.190390139931424,0.0474993810203427,0.251099576317623,"NS"
"Glycine","AIC_sex_geno",0.673200304010988,0.448771597126968,0.432404251296011,6.10998601597571e-05,0.107431051660041,0.00298113260059837,0.401461903674898,0.19208478312786,0.547776545424623,0.000115341572750562,0.127402208699408,0.00788177339901478,0.968429425196922,0.979013353341151,"NS",-0.336945812807882,0.0744043889160833,0.134949136759563,"NS",0.526600985221675,0.00378809008037995,0.0544410328673176,"NS",-0.0730566919929866,0.584821605382075,0.676199981223024,"NS",-0.129437128058931,0.360427870252793,0.453599700658277,"NS",0.0980107572782379,0.488283793764044,0.758058327517858,"NS",-3.12799533545079e-05,0.999708409123654,0.999708409123654,"NS",-0.0256890256510718,0.790891594984095,0.836085400411757,"NS",0.0753498285608377,0.435562210680702,0.619838530584076,"NS"
"GMP","AIC_int",0.858355652698173,0.761081823828244,0.00413774687396332,0.00341145987115715,1.43545329455206e-12,0.0246077297680018,0.17284905464867,0.56265946867973,0.0416807730128492,0.00485476981664672,6.63897148730327e-11,-0.153694581280788,0.424368370374186,0.618174397789168,"NS",0.0428571428571429,0.825136836390498,0.857586037821585,"NS",-0.37192118226601,0.0477405728232293,0.156985301576227,"NS",0.146574794672245,0.271441727356084,0.361271363747307,"NS",0.172255544761803,0.22204464187046,0.306554169746531,"NS",-0.199351148296764,0.156168246362223,0.53459864609592,"NS",0.0170207631896173,0.842361207797552,0.865760130236373,"NS",0.0138036809910791,0.88671670443909,0.901332913852921,"NS",-0.0761745899360578,0.430543096516358,0.617445526011832,"NS"
"Guanine","AIC_int",0.789554070565462,0.645030962399574,0.247575839632085,0.000986657907367541,4.45926381467766e-05,0.00563753464129539,0.28324662805941,0.35591689251276,0.388148562135048,0.00153387994002517,0.000211529180952658,-0.126600985221675,0.51125654676507,0.685380153272014,"NS",-0.422660098522167,0.023227109719376,0.0477446144231618,"NS",0.375369458128079,0.0455943682679993,0.156202928325553,"NS",0.452274754683319,0.000418970865762637,0.0028707263024477,"SIG",0.480778672889077,0.000309012551753268,0.0014658287711373,"SIG",0.060531033893964,0.669068156977707,0.821808924279894,"NS",0.380480415474705,3.83229994114035e-06,3.37607375767126e-05,"SIG",0.372653050132782,6.59394975686029e-05,0.000230166170758331,"SIG",0.0184505606523955,0.84876443093124,0.908762313259924,"NS"
"Guanosine","AIC_int",0.856782281701071,0.75842794503795,0.0279130084883789,5.41066251259983e-16,0.0369890602121445,0.0120410206393575,0.639310460949359,0.113080716017223,0.116909203064615,5.26827665700509e-15,0.0488784009946195,-0.0285714285714286,0.883256495595661,0.955569892895891,"NS",-0.0950738916256157,0.622475863543717,0.689569070392741,"NS",0.266995073891626,0.161067927299061,0.333238664928621,"NS",-0.0362668799409394,0.786466151310396,0.836185275818524,"NS",0.00251873039428659,0.985861173084039,0.985861173084039,"NS",-0.0901562366601212,0.523929505054993,0.76707252583253,"NS",-0.0198694732272599,0.816409742653083,0.843775432350952,"NS",-0.00651029600284196,0.94643316826934,0.951576826792543,"NS",-0.0851913631730145,0.377875247027541,0.577743146281777,"NS"
"Histamine","AIC_sex_geno",0.700437417631948,0.494713716487624,0.620868799298958,1.39973066829527e-05,0.214700800268834,0.00116931023280693,0.437532183792317,0.166426222855854,0.73328082776915,2.92215059101054e-05,0.235027503252866,-0.515763546798029,0.00469023665138195,0.0343424151960257,"NS",-0.62807881773399,0.000355706720444307,0.00140012219749355,"SIG",0.330049261083744,0.080824129020785,0.214860667219672,"NS",-0.315820234396629,0.0160836009154857,0.0388495712261907,"NS",-0.562786826913222,1.40690160335579e-05,0.000123941331724201,"SIG",0.290788013318535,0.0368754646696298,0.510437853210429,"NS",-0.281023569501664,0.000804925355170815,0.00244116706076395,"SIG",-0.45370044328987,7.24769824807258e-07,4.96601546627195e-06,"SIG",0.245408210545825,0.0102679027547867,0.126637467309036,"NS"
"Histidine","AIC_int",0.895228959998933,0.823277763853622,0.632112179983745,4.34542987515604e-19,1.12044347260081e-06,0.000436459181106827,0.638553609311976,0.202235399061476,0.740131349980968,8.93227252115408e-18,8.6367517679646e-06,0.23743842364532,0.214024377483202,0.38244861244812,"NS",0.526600985221675,0.00378809008037995,0.00934395553160387,"SIG",-0.586699507389162,0.0010199725721516,0.0313539544417025,"NS",0.177212464240672,0.182793679727051,0.264193990230503,"NS",0.280603642061792,0.0439093555321764,0.0793485804656664,"NS",-0.337659011354905,0.0147521175990897,0.490862039774034,"NS",0.0754047961258063,0.377647924252483,0.450741070881996,"NS",0.240088595794486,0.011916936050718,0.0227281770039467,"NS",-0.29887869520897,0.00166377442514367,0.0686955164500668,"NS"
"Homoarginine","AIC_int",0.904845573407271,0.839498557554432,0.665243627561028,8.81963580715467e-19,1.33239432405638e-05,0.000371598707076405,0.650609074200032,0.182321537828516,0.772828299188058,1.48330238574874e-17,7.24979264560091e-05,0.498522167487685,0.00650467043087951,0.040112134323757,"NS",0.70295566502463,3.44828648273775e-05,0.000202871257679794,"SIG",-0.47487684729064,0.00994415434945257,0.0741235062247352,"NS",0.351994832200314,0.0070093957975651,0.0229881363428091,"NS",0.385323059980182,0.00478918746343167,0.0132238758318636,"NS",-0.146760010245027,0.298225186547234,0.662983873581327,"NS",0.307738883948797,0.000228459247761018,0.00082872472227036,"SIG",0.42309510158256,4.5729665022494e-06,2.26384939472649e-05,"SIG",-0.136335835418404,0.157274465652599,0.355211351197507,"NS"
"Homocitrulline","AIC_sex_geno",0.622718819507638,0.363622105193607,0.325507520767049,0.00327249377328181,0.77320484515982,0.00584689915105862,0.366580292984484,0.129791087168228,0.452773619112061,0.00472977615669637,0.78165517133643,0.218226600985222,0.25428485603125,0.431584388676892,"NS",0.302955665024631,0.110282512074913,0.191716148921547,"NS",0.0502463054187192,0.795411983819712,0.857652790496813,"NS",-0.0942815835614753,0.480421952196248,0.580902360498731,"NS",-0.0343657282610289,0.80888705628053,0.86101444923016,"NS",-0.228805600614702,0.102751698583423,0.53459864609592,"NS",-0.0947469787108045,0.267231316351842,0.340950300173039,"NS",-0.0573230404634575,0.553812028447595,0.628559664188989,"NS",-0.207737929756278,0.0303622940211403,0.21944752314783,"NS"
"Hydrocinnamic Acid","AIC_sex",0.538176869464166,0.221021225602207,0.128505240058934,0.145664360491673,0.0262606364030048,0.0136217796778412,0.219407618199287,0.283936894954712,0.267117633830369,0.159455069177276,0.0378163890973312,-0.432019704433497,0.0201192954850434,0.0799472364273014,"NS",-0.850738916256157,9.58227408070299e-07,1.46623404178895e-05,"SIG",0.573891625615763,0.00137590764182764,0.0318178642172641,"NS",-0.40514934325879,0.00174204345329481,0.00805695097148849,"SIG",-0.402527269283529,0.00309279028759192,0.00927999909925018,"SIG",0.128660462733715,0.362266040324733,0.682119395881367,"NS",-0.308896242222913,0.000215728111987849,0.000798194014355042,"SIG",-0.330625730029026,0.000445876480770885,0.00121304630797961,"SIG",0.157538689648781,0.101794212270994,0.296725255426398,"NS"
"Hypotaurine","AIC_int",0.796018355499845,0.655934575541907,0.181292620360243,1.59592666640139e-11,0.00613766011838874,0.00562044578527009,0.558665832813305,0.178516816610063,0.325622667637329,7.76964298116468e-11,0.0114693648676961,0.0975369458128079,0.613434646354834,0.741734703108786,"NS",0.107881773399015,0.576085774444879,0.651832528873882,"NS",-0.397536945812808,0.0335815270118217,0.135056141243196,"NS",0.139130702267065,0.296734927258203,0.387152315713334,"NS",-0.0529787189713501,0.709140834220501,0.780899132921385,"NS",0.228378724494152,0.103408283641546,0.53459864609592,"NS",0.0666732205751337,0.435487654144865,0.494265128937423,"NS",0.0191045910460622,0.843689613891808,0.876868418932497,"NS",0.16298767491428,0.0903824453050092,0.283402582736046,"NS"
"Hypoxanthine","AIC_int",0.844264827237888,0.737314166425354,0.0138625699830173,1.41400339641799e-09,0.00030961246344906,0.0194578219675233,0.458969681604329,0.229803068957848,0.0778600895954496,5.33858425178221e-09,0.00102282688817993,0.40295566502463,0.0310777637622545,0.0974472253562216,"NS",0.202463054187192,0.290867250120558,0.392776943593454,"NS",-0.0960591133004926,0.618852723101824,0.733895857524599,"NS",-0.425143806330555,0.00097407777474483,0.00526353515056276,"SIG",-0.689747914923532,1.55321690365719e-08,9.57817090588598e-07,"SIG",0.280542986425339,0.0443035069038014,0.533124095945809,"NS",-0.400921864991876,1.00386001537436e-06,1.09243589908387e-05,"SIG",-0.625623228053888,3.5117086974225e-13,2.16555369674387e-11,"SIG",0.224020016680567,0.0193720396675753,0.170658444690544,"NS"
"Imidazoleacetic Acid","AIC_int",0.670952335234772,0.444979842564676,0.0493371541854365,0.00602785053314259,0.0474983088735962,0.0197146107139901,0.286478555081452,0.225217581867957,0.149629074168947,0.00808081412051724,0.0593728860919953,0.37487684729064,0.0458961261651032,0.124864460890354,"NS",0.596059113300493,0.000813420725541378,0.00255055651229076,"SIG",-0.43448275862069,0.0193615970957283,0.0968079854786413,"NS",0.463840782552524,0.000286536580068726,0.00230475075272671,"SIG",0.434416957495937,0.00129141025992736,0.00450775279408606,"SIG",-0.0401263553316827,0.777074424784111,0.876577857225979,"NS",0.329304177504347,7.54642757574873e-05,0.000349022275378379,"SIG",0.372236020495589,6.72915805791384e-05,0.000230535970502604,"SIG",-0.10329904550088,0.284639614891394,0.501507892903885,"NS"
"IMP","AIC_int",0.852092207142267,0.750516975902619,0.0668654812409415,0.0102936878967052,3.52959847558035e-13,0.00981415181422508,0.155733321284479,0.597538126737497,0.184628567605585,0.0133170088174158,2.17658572660788e-11,-0.137931034482759,0.473878014724928,0.654234572567998,"NS",0.00935960591133005,0.96232299587074,0.967553012152646,"NS",-0.310344827586207,0.101546630889657,0.247185877823507,"NS",0.282598664985081,0.0319503127368518,0.0613046807011104,"NS",0.31932378558074,0.0210283686928707,0.0427499803096823,"NS",-0.149492017416546,0.289244413446672,0.662983873581327,"NS",0.147547539973214,0.0830332289232848,0.124887376835835,"NS",0.216776639075413,0.0235669792611953,0.0396353742120103,"NS",-0.111036975257159,0.249950297675707,0.458339135794466,"NS"
"Indole-2-Carboxylic Acid","AIC_sex_geno",0.698466929778667,0.491390002036306,0.0761476854392105,0.0491700115757316,0.104100996569031,0.0182721629742217,0.256313739254489,0.22841861139133,0.188510900967819,0.0583105906507073,0.125207273688746,-0.359605911330049,0.0560758467193642,0.140081360507123,"NS",-0.600985221674877,0.000720160733102538,0.00242235882952672,"SIG",0.263054187192118,0.167519977504658,0.333238664928621,"NS",-0.323818019625335,0.0134886815032378,0.0361653054796955,"NS",-0.451365024725289,0.000783592594871491,0.00302009645940054,"SIG",0.213096559378468,0.12912834071602,0.53459864609592,"NS",-0.278121236686842,0.000916280631635492,0.00269066534686613,"SIG",-0.390395344364015,2.70902032181763e-05,0.000104410158236721,"SIG",0.147187471040682,0.126568296573344,0.33934978066766,"NS"
"Indole-3-Carboxylic Acid","AIC_sex_geno",0.705707599146437,0.503603179283147,0.0269855482960286,0.0188207194129576,0.0782977229777488,0.0268813795548098,0.271182567658844,0.223924377416881,0.116909203064615,0.0234246317197387,0.0959276738469108,-0.434975369458128,0.019212945672923,0.0799472364273014,"NS",-0.610837438423645,0.000561235826180531,0.00199670438160381,"SIG",0.188669950738916,0.325525121932033,0.495570416252496,"NS",-0.330646897782153,0.0115677422375641,0.0332936632416818,"NS",-0.463489082894398,0.000539372168521561,0.00221741891503308,"SIG",0.199948774865534,0.154911590794229,0.53459864609592,"NS",-0.315804643349495,0.00015244926846873,0.000613111188406848,"SIG",-0.404727262895538,1.27098656920012e-05,5.4681980302796e-05,"SIG",0.121119451394681,0.209296857705798,0.42549361181948,"NS"
"Inosine","AIC_int",0.669734753631198,0.442926090462262,0.234910366955629,0.000103221691248365,0.0183634546844156,0.00660999017270694,0.373291664806403,0.236833355781021,0.375589367688035,0.000181866789342358,0.0285482278707301,0.12512315270936,0.516238403980682,0.687079890190117,"NS",0.155172413793103,0.419880676266865,0.514423345095166,"NS",0.0123152709359606,0.950116836825366,0.987480982093779,"NS",-0.194930634593497,0.142296543940165,0.218539443876316,"NS",-0.183226963597933,0.193536304145078,0.273314627991141,"NS",0.104584649534705,0.45946313146341,0.745619994041499,"NS",-0.0935203576828313,0.273501752527461,0.34656043984644,"NS",-0.0808574129890336,0.403259828683295,0.484435508483179,"NS",0.0794180335464739,0.411129971118574,0.603643211562986,"NS"
"iso-Leucine /allo-isoLeucine","AIC_int",0.720290146459262,0.52820024703972,0.0774423160732662,0.00012184958551546,0.031091388524038,0.014879579765907,0.371971208086757,0.223909748948331,0.188510900967819,0.000212662012456227,0.0419847217295404,-0.025615763546798,0.895367289979333,0.963040399105678,"NS",0.131527093596059,0.494825982410684,0.583075202203672,"NS",0.080295566502463,0.677836559703946,0.769323702731472,"NS",-0.405272386108462,0.00173599736767163,0.00805695097148849,"SIG",-0.321629064246697,0.0200679879573992,0.0424813308420479,"NS",-0.135575855886622,0.336867481711593,0.662983873581327,"NS",-0.33406543326138,5.84220170294439e-05,0.00029211008514722,"SIG",-0.240816080828256,0.011654187431726,0.0224585903632221,"NS",-0.086284867018812,0.371766542385833,0.573140086178159,"NS"
"isoValeric Acid /3-Oxobutanoic Acid/4-Oxobutanoic Acid","AIC_sex_geno",0.578823338564292,0.289581534927722,0.185350194800502,0.032310847327241,0.237546198769159,0.0106785899135809,0.286565462115609,0.20529370818325,0.329709481135509,0.0394953153216918,0.255500271931945,0.565024630541872,0.00168155496153629,0.0187056978803913,"NS",0.40295566502463,0.0310777637622545,0.0598894405835112,"NS",-0.0911330049261083,0.637055595573333,0.750670606248832,"NS",0.108493032698637,0.416526615570566,0.517163918661441,"NS",0.261435676857815,0.0611905553850869,0.106794837228689,"NS",-0.136856484248271,0.33228995983087,0.662983873581327,"NS",0.105585482548142,0.216066879485721,0.289654874672887,"NS",0.196170741335457,0.0409160399989558,0.0615403853642832,"NS",-0.173811509591326,0.0707437697762055,0.256619557031334,"NS"
"Kynurenic Acid","AIC_int",0.927225010998466,0.877247006503437,0.130840547633881,8.58253719428881e-23,0.0200196079661108,0.00399915598246933,0.758068223506804,0.087213476669488,0.268950014580756,3.96942345235857e-21,0.0303576022436927,0.0472906403940887,0.807270269985859,0.89966867438183,"NS",-0.204433497536946,0.286118055397008,0.389204707709165,"NS",0.134975369458128,0.483487774149444,0.634363391614519,"NS",0.510227936879018,5.47130427511426e-05,0.000843492742413449,"SIG",0.597920981396236,2.86007116901786e-06,4.81011969334822e-05,"SIG",-0.117817809271749,0.404376338674573,0.729386174170189,"NS",0.425175000253532,1.81640315863691e-07,3.05485985770754e-06,"SIG",0.535748707576221,1.93773996059279e-09,3.2589262973606e-08,"SIG",-0.100657955703827,0.29718417766551,0.509065489519623,"NS"
"L-2-Aminobutyric Acid","AIC_int",0.824047652323917,0.703212907534317,0.85967693588642,3.55342172082472e-11,0.00749928076424634,7.03831290820275e-05,0.391205386463423,0.12659526865931,0.934484495034076,1.60337321549408e-10,0.013340066744092,0.070935960591133,0.713805565960735,0.820211364613267,"NS",0.289655172413793,0.127421340257809,0.210472749532988,"NS",-0.355172413793103,0.0593454360638324,0.17262194629114,"NS",0.388230951428835,0.00277765357196812,0.0116481330095229,"NS",0.390872804916746,0.00416945991068588,0.0118669243611829,"NS",-0.0133185349611543,0.925307914813206,0.951010912446906,"NS",0.31194827195736,0.000185245161359607,0.00070427273759836,"SIG",0.27805219376693,0.00341763670811045,0.0075269379881004,"SIG",0.0235659345751089,0.807549860960033,0.884004285666308,"NS"
"L-Kynurenine","AIC_int",0.676975629849037,0.455139616612833,0.173844989776585,0.0577991414507967,0.03274886742076,0.00996050046774817,0.234032700677731,0.252939472327787,0.324328752033779,0.0676762099265657,0.0435866221067669,0.516748768472906,0.0046012397909686,0.0343424151960257,"NS",0.429556650246305,0.0209014953544441,0.0434469285457546,"NS",-0.265024630541872,0.164271114354395,0.333238664928621,"NS",0.421883170814236,0.00107338252412835,0.00536691262064173,"SIG",0.512540290064487,0.000102498879531751,0.000592571647292937,"SIG",-0.0771792025954068,0.58554602370061,0.790700834924181,"NS",0.32642418751335,8.79226584430692e-05,0.0003967241905358,"SIG",0.489259170354503,6.72160289590717e-08,5.65225698064921e-07,"SIG",-0.194402743026596,0.0429495585988088,0.251099576317623,"NS"
"Lactate","AIC_sex_geno",0.576041746773917,0.284889693353594,5.48630402994192e-05,0.211142316175027,0.431192468544493,0.108186066069899,0.210529481542912,0.173863585395252,0.00169161040923209,0.228428821592866,0.450681393676447,0.016256157635468,0.933859877418863,0.969360616199537,"NS",0.114285714285714,0.553494054661437,0.639977500702287,"NS",0.177832512315271,0.354486177859068,0.524639543231421,"NS",-0.290165800239934,0.0274950740501963,0.0554257671225167,"NS",-0.202096096382249,0.150779792961414,0.221383029348108,"NS",-0.0890463587466917,0.529069452582602,0.76707252583253,"NS",-0.140681590211899,0.0985631817122047,0.143576288320928,"NS",-0.154898708241284,0.107776387734877,0.151050240386001,"NS",0.0469557964970809,0.627282896998486,0.773648906298133,"NS"
"Lactose/Trehalose","AIC_int",0.899804751936019,0.830995967120995,0.000917258618215702,1.89886611432829e-21,0.000128736742587638,0.0184981837529134,0.627929848388739,0.124541870636971,0.0154266222154459,5.96587823353567e-20,0.000490215331983309,0.236945812807882,0.214998138889754,0.38244861244812,"NS",0.447783251231527,0.0156687120977196,0.0341024910362132,"NS",-0.170443349753695,0.375097564392456,0.533792687789264,"NS",-0.236334553508259,0.0742238778466169,0.127142753718742,"NS",-0.160344938321024,0.256156677922574,0.338492752969115,"NS",-0.195423887987706,0.164614798886492,0.53459864609592,"NS",-0.212866785424574,0.0118727708963953,0.0224128838350319,"NS",-0.123046911285031,0.202420068747398,0.265505734368873,"NS",-0.122203688258734,0.205225190012595,0.42549361181948,"NS"
"Leucine /D-Norleucine","AIC_int",0.704217801291952,0.501090267239437,0.402593362547794,0.000241564765126146,0.000132490630265759,0.00294570713005861,0.316509451455048,0.330603276534236,0.524505437122126,0.000392012996038044,0.000490215331983309,0.472413793103448,0.0103778996040517,0.0548546121928446,"NS",0.599014778325123,0.000756279130547445,0.00245459016054873,"SIG",-0.170443349753695,0.375097564392456,0.533792687789264,"NS",-0.0515241933003168,0.70019080310633,0.771043443896852,"NS",0.0341949668783654,0.80981899549215,0.86101444923016,"NS",-0.160078545206181,0.256139806935926,0.662983873581327,"NS",-0.100719215519133,0.238103010702382,0.312172292916427,"NS",0.0536948826198808,0.579217313512995,0.653385384145756,"NS",-0.18222592901492,0.0579984518541029,0.255764071141685,"NS"
"Linoleic Acid","AIC_sex_geno",0.754249804502355,0.58548159795578,0.00206748361135326,0.000220367175841587,0.10490339146895,0.0466649397727492,0.353210908320515,0.185749935242104,0.023905279256272,0.000363999352952621,0.125207273688746,-0.378325123152709,0.0438171841711723,0.120987747338312,"NS",-0.139901477832512,0.467527881940458,0.558017149412804,"NS",0.00541871921182266,0.978610584247344,0.996217205585254,"NS",-0.387492694330801,0.00283332965096503,0.0116481330095229,"NS",-0.577088092711289,7.52111960938331e-06,9.9386223409708e-05,"SIG",0.234867241526509,0.0937737027935737,0.53459864609592,"NS",-0.32994988511288,7.29075250275192e-05,0.000345843387951053,"SIG",-0.479639686723257,1.31365325615384e-07,1.0566341408194e-06,"SIG",0.194791956259846,0.0425283089225925,0.251099576317623,"NS"
"Linolenic Acid","AIC_int",0.761739560423261,0.598114921195862,0.000198338292406225,2.91868507436053e-07,0.00143290500869901,0.0497043930790325,0.377164849247106,0.216368777414207,0.00407695378835018,7.29671268590131e-07,0.00358226252174752,-0.0689655172413793,0.72145949340289,0.823888927651448,"NS",0.251724137931034,0.187100350754677,0.281411096663538,"NS",-0.195566502463054,0.307887091446792,0.486830016390227,"NS",-0.394444615337291,0.00234640866519545,0.0100950140246781,"NS",-0.512881812829814,0.000101229193003466,0.000592571647292937,"SIG",-0.00554938956714761,0.968981667070309,0.973308099801291,"NS",-0.370334539175932,7.21115083665412e-06,5.80027349904788e-05,"SIG",-0.448811929209444,9.84610924788383e-07,6.07176736952836e-06,"SIG",0.0401538318969512,0.678021513111131,0.80406397388179,"NS"
"Lysine","AIC_int",0.914476114283564,0.855742843369867,0.0106510079059766,1.93487942709265e-21,2.43156394146503e-06,0.0112817550116524,0.662719687234032,0.169207138424871,0.0708023637199885,5.96587823353567e-20,1.79935731668412e-05,0.224137931034483,0.241394707683434,0.413500193716994,"NS",0.183251231527094,0.339816143189293,0.436569350625134,"NS",-0.00246305418719212,0.990832247717226,0.996217205585254,"NS",0.235042603586699,0.0758554957041383,0.127575151866051,"NS",0.163930927356958,0.245535066470925,0.326791275518857,"NS",0.188337744386579,0.180697565838691,0.540974273513027,"NS",0.234887872586148,0.00538038974739244,0.0113110466280409,"NS",0.224079291388921,0.0191625214044024,0.0334440232057967,"NS",0.069150217774071,0.474342754946034,0.654876191529973,"NS"
"Maleic Acid","AIC_sex",0.576606708522603,0.2858426408815,0.940341001803748,0.128759686957114,0.0270921289432684,3.29919147918664e-05,0.227421000423608,0.28655355867643,0.966461585187186,0.141788940994441,0.0385541834961896,-0.426600985221675,0.0218733174579518,0.0809312745944216,"NS",-0.843349753694581,1.02870028975746e-06,1.46623404178895e-05,"SIG",0.532019704433497,0.00339606708984016,0.0544410328673176,"NS",-0.499154080408502,8.28840024558845e-05,0.00102223603028924,"SIG",-0.503916840239981,0.000139804348924638,0.000783751653062362,"SIG",0.143430376504738,0.30941397733976,0.662983873581327,"NS",-0.339126082857663,4.43005926132108e-05,0.000236887328888547,"SIG",-0.379686950013433,4.66276498602963e-05,0.000169139514199114,"SIG",0.125474932814382,0.193286464078809,0.41418669616514,"NS"
"Margaric Acid","AIC_int",0.699781053054818,0.493606595514152,0.792466087202605,9.32410878765736e-06,0.0426738220342488,0.000308227333882212,0.418383370801778,0.204101316731622,0.890331491471016,2.02936485378425e-05,0.054445910871283,-0.430049261083744,0.0207430667487052,0.0799472364273014,"NS",-0.559113300492611,0.00191663965895511,0.00529221398368203,"SIG",0.329556650246305,0.0812986308398759,0.214860667219672,"NS",-0.314405241625396,0.0165848189431402,0.0393357885189863,"NS",-0.349292408238184,0.0111471549059612,0.0281272175760271,"NS",-0.0875949799368223,0.535828545972931,0.76707252583253,"NS",-0.261245701852085,0.00189407367217049,0.00486671707432696,"SIG",-0.172807814327394,0.0723497844861776,0.102959308691868,"NS",-0.145621351125938,0.130690236640598,0.340723949901851,"NS"
"Methionine","AIC_int",0.743788821182176,0.567836565849453,0.731874231969846,4.38712845931001e-05,3.01623008448983e-05,0.000459856110665376,0.333436078768485,0.341741636980996,0.83065480315596,8.37902429792097e-05,0.000150811504224492,0.336945812807882,0.0744043889160833,0.172060149368443,"NS",0.614285714285714,0.00051336668900193,0.00189945674930714,"SIG",-0.3,0.113931574136717,0.26680178753535,"NS",0.376234273585776,0.00381491728755099,0.0138129228080451,"NS",0.326495763652607,0.0181618662691355,0.0399993483308342,"NS",-0.0103304021173056,0.942086547118594,0.96290613932011,"NS",0.246452518197786,0.00344849959372034,0.00787620277578103,"SIG",0.323744741015347,0.000594754575339424,0.00157185137768276,"SIG",-0.0886108794365675,0.358975589199927,0.559169088959191,"NS"
"Myristic Acid","AIC_int",0.683753647286173,0.466572417109207,0.0133769740586513,0.00706175430918303,0.0214830738371812,0.0310556833819659,0.276628609710466,0.244737807459088,0.0778600895954496,0.00926542232055929,0.0320513601603107,0.144827586206897,0.451852304699748,0.637190199100783,"NS",0.169458128078818,0.377898318784531,0.48062406090251,"NS",-0.146305418719212,0.447205829441653,0.599515061208014,"NS",-0.313297855978344,0.016986384425694,0.0397782420095366,"NS",-0.53465388911941,4.44629549025868e-05,0.000357636811172981,"SIG",0.166993938359088,0.235960282426463,0.651532123117846,"NS",-0.263517967035052,0.00172224546521216,0.0045239195112583,"SIG",-0.385678275801101,3.44909882271544e-05,0.000127616656440471,"SIG",0.172801408581225,0.0724159318057851,0.257633603539812,"NS"
"N-Ac-Alanine","AIC_int",0.796085391446747,0.656047648223429,0.0337710656304772,1.40579136540507e-05,0.00494596616791937,0.0188625116940483,0.373276102300893,0.238713841713549,0.122502885130162,2.92215059101054e-05,0.00963161832700088,-0.14384236453202,0.454964429455096,0.637190199100783,"NS",0.0655172413793103,0.734918043779435,0.790464174995323,"NS",-0.24679802955665,0.19609923147991,0.359191661621617,"NS",-0.0699190993263404,0.601087650742643,0.682216045321405,"NS",-0.204870968850531,0.145133784614537,0.214798001229515,"NS",0.271237086997353,0.0520798559330045,0.533124095945809,"NS",-0.088966890187368,0.297643926248936,0.37205490781117,"NS",-0.171070190839091,0.0753103234804461,0.106354273617424,"NS",0.173978315262719,0.0704706705476189,0.256619557031334,"NS"
"N-Ac-Arginine","AIC_int",0.936095898294769,0.892209948930936,0.0376579902314168,3.25470505110593e-25,0.0131479773759976,0.00662926758033243,0.774371018822194,0.0791537772486637,0.129532577734181,3.01060217227299e-23,0.0215254496863678,0.578325123152709,0.00124210203589126,0.0164134911885631,"NS",0.565024630541872,0.00168155496153629,0.00481813430252505,"SIG",-0.188177339901478,0.32680859882597,0.495570416252496,"NS",-0.198498877233997,0.135028530223922,0.211697271961234,"NS",-0.280262119296465,0.0441778583133169,0.0793485804656664,"NS",0.0932297447280799,0.509827620971339,0.76707252583253,"NS",-0.194829423750935,0.0215428615938135,0.0386934892704417,"NS",-0.266393898576076,0.00511100235565109,0.0108682233999477,"NS",0.137420072282458,0.153976066175587,0.355211351197507,"NS"
"N-Ac-L-Glutamine","AIC_int",0.774875221282726,0.620271457585321,0.0444246408822704,3.25018782163426e-11,3.32289749592607e-05,0.0118886876593617,0.500684922653216,0.249087889584708,0.139328293245758,1.50321186750584e-10,0.000161772641249032,0.108866995073892,0.57258312233861,0.730537087121675,"NS",0.500985221674877,0.00621356032352671,0.0141914649364499,"NS",-0.429556650246305,0.0209014953544441,0.101757280015057,"NS",0.180596142606663,0.174476121156291,0.254158129243415,"NS",0.16649234809691,0.238134156012283,0.323932491634355,"NS",-0.112951421497481,0.42416981155136,0.737233003253975,"NS",0.0770179480059459,0.367499014286496,0.444361553222234,"NS",0.116309565813051,0.228434837330297,0.293475311847951,"NS",-0.176554536187564,0.0663604076475723,0.255764071141685,"NS"
"N-Ac-Phenylalanine","AIC_sex_geno",0.801094334717,0.664496468197349,0.0759701736523465,2.89187123685057e-10,0.183321360484116,0.0110457018405412,0.547040503634643,0.124111346512972,0.188510900967819,1.16303517134208e-09,0.205542131451887,-0.0369458128078818,0.849093210568081,0.924013199735853,"NS",-0.210344827586207,0.27217321456117,0.375761527565794,"NS",0.178817733990148,0.351790797079861,0.524639543231421,"NS",-0.195976498815713,0.14013644125999,0.217859173387379,"NS",-0.133321949514526,0.346068240213124,0.438511126297452,"NS",0.0244173140954495,0.863328065386012,0.925708926756164,"NS",-0.168737474088511,0.0470685435787919,0.0784475726313198,"NS",-0.0848655311687192,0.380273981025451,0.459808408429467,"NS",-0.0547863960707997,0.570971264475953,0.735970868236332,"NS"
"N-Acetyl-Aspartate (NAA)","AIC_int",0.832687568715927,0.717786260484697,0.116814983650981,1.31442368036091e-13,0.0227491822225368,0.00702694361728536,0.609795530583106,0.13990703020975,0.251288046225947,8.10561269555896e-13,0.0336687896893545,-0.205911330049261,0.28258928604738,0.462646176272259,"NS",-0.223152709359606,0.243511873742476,0.349222454591923,"NS",0.100985221674877,0.600871313540664,0.726543745130868,"NS",-0.233381525116122,0.0779952576225189,0.129992096037532,"NS",-0.247006340022749,0.0775038654233987,0.130347410030261,"NS",0.0437121147443012,0.75771776821105,0.865294982216323,"NS",-0.175442555518288,0.0388464240525258,0.0659320041258466,"NS",-0.191379534170376,0.0462075739308086,0.0689387191709645,"NS",0.0504957835233065,0.601532331524581,0.751915414405727,"NS"
"N-AcetylGlycine","AIC_int",0.721685426948305,0.53055373220196,0.138816172526794,3.26220245305322e-08,2.68299775794459e-09,0.00620345309685555,0.357312595694969,0.402203565193102,0.27288571368847,9.73399119056202e-08,4.13628821016458e-08,-0.241871921182266,0.205397456603017,0.376223064074833,"NS",-0.530541871921182,0.00349934521975747,0.00874836304939369,"SIG",0.460098522167488,0.0127945291434434,0.0741235062247352,"NS",-0.0973576548032853,0.466164074903104,0.571128171238902,"NS",0.0115690836754519,0.93512343341236,0.965764997105109,"NS",-0.0191240502006318,0.892808585013392,0.932597802682132,"NS",-0.0321535577660517,0.707096205303223,0.747501702749121,"NS",0.014660908578642,0.879732882759433,0.89917449342815,"NS",-0.00316930775646372,0.97390220696898,0.994099787323673,"NS"
"n-Glycylproline","AIC_int",0.763019448074991,0.600273767837334,0.505703323166603,6.35093394383913e-07,6.15641256336599e-05,0.0015756228668044,0.389258693612592,0.295412928598081,0.62788667641491,1.52587373975356e-06,0.000277789347371392,0.476354679802956,0.00969135514900366,0.0527323736048729,"NS",0.749261083743842,6.12662923106538e-06,4.35933233748883e-05,"SIG",-0.265024630541872,0.164271114354395,0.333238664928621,"NS",0.0859761912085884,0.520053390648333,0.613154803070257,"NS",0.289141711194967,0.0376191105412872,0.0702983378801831,"NS",-0.317937334585503,0.0220337481744981,0.490862039774034,"NS",0.0422860283705298,0.621119661978365,0.67197156412864,"NS",0.225066261530277,0.0186254570613822,0.032816281489102,"NS",-0.272764340654249,0.00422353478565097,0.0868171039272699,"NS"
"N2,N2-Dimethylguanosine","AIC_int",0.70995619806446,0.510769490711137,0.978688865592888,0.000131631614702425,0.00841386375948996,3.26979130102892e-06,0.361986987334925,0.254589311398478,0.985221196154011,0.000227587371214473,0.0145473345374359,0.10935960591133,0.57083543983143,0.730537087121675,"NS",0.111822660098522,0.56213377409585,0.645930113091505,"NS",-0.116256157635468,0.546627510772601,0.683284388465751,"NS",0.300809006736596,0.0221245533693185,0.045989240149707,"NS",0.232961216298676,0.0965076942280399,0.153913133036098,"NS",0.0468709980363698,0.740787225795195,0.865294982216323,"NS",0.199943696124397,0.0182800794774441,0.0331550461110505,"NS",0.187130465533646,0.0513642868685887,0.0754158180213406,"NS",0.0183208229079789,0.849815568616037,0.908762313259924,"NS"
"N6-Acetyl-Lysine","AIC_int",0.800515242345914,0.663519685884675,0.171225183300666,1.12761476449712e-06,5.6322468479206e-05,0.00684126316003933,0.384102104633905,0.302663683762605,0.323231213373706,2.6406168535692e-06,0.000260491416716328,0.618226600985222,0.000463065483931261,0.00867848669272836,"SIG",0.77487684729064,2.60335910927597e-06,2.0940062400698e-05,"SIG",-0.355665024630542,0.0589748535027447,0.17262194629114,"NS",0.422559906487434,0.00105204992247785,0.00536691262064173,"SIG",0.409485795627067,0.00257442739372251,0.00807235708201127,"SIG",0.159907794757961,0.256652446222858,0.662983873581327,"NS",0.389544899100365,2.13933733199079e-06,1.97888703209148e-05,"SIG",0.441036643307118,1.58742421723753e-06,8.39067086254124e-06,"SIG",0.0249189139097396,0.796731826549469,0.883016832890366,"NS"
"N6-Trimethyllysine","AIC_int",0.915858128202086,0.858073951184241,0.00187634463287648,6.13678300539218e-17,1.10377982094337e-06,0.0210357573242164,0.584367708742748,0.218333638107422,0.0231415838054766,7.22484083261633e-16,8.6367517679646e-06,0.617733990147783,0.000469107388796128,0.00867848669272836,"SIG",0.622167487684729,0.000417131023071301,0.00157488243404471,"SIG",-0.259113300492611,0.174155793387875,0.34050025699231,"NS",0.364176074317881,0.00519099309071931,0.0177839578107976,"NS",0.406155948665129,0.00281199343463537,0.00867031309012571,"SIG",-0.0309058311278067,0.827446864248286,0.905785028910846,"NS",0.324319493509068,9.8215233638127e-05,0.000422553912164035,"SIG",0.413985320841216,7.64960045835543e-06,3.45164898730672e-05,"SIG",-0.0412936706514688,0.669409564207513,0.802643858601093,"NS"
"NAD","AIC_int",0.875193831832139,0.789483571765053,0.00238758012078409,3.86786037335672e-06,7.77197403210454e-14,0.0235367128383789,0.238966743953084,0.532848934653621,0.0259824895497092,8.62113456712041e-06,1.43781519593934e-11,-0.114778325123153,0.551773627205334,0.718860007274555,"NS",0.166009852216749,0.387797747993003,0.481493848179232,"NS",-0.390147783251231,0.0372587027681966,0.143601250252424,"NS",0.187732627887662,0.157847333245381,0.237150527817002,"NS",0.314414395829165,0.0232035447231289,0.0461575889653639,"NS",-0.319986339964142,0.0211571189883544,0.490862039774034,"NS",0.0811960560611552,0.342004072098524,0.416254956172545,"NS",0.176106982123852,0.0669875095762329,0.0960673586945975,"NS",-0.183254563988509,0.0565788269517772,0.255764071141685,"NS"
"NADH","AIC_int",0.766871205596118,0.606770708234416,0.0262181000798615,3.06793906408471e-07,1.03614884890963e-05,0.0165036658726244,0.369752600660398,0.302697275858867,0.116909203064615,7.5675830247423e-07,6.18346893704134e-05,0.294581280788177,0.120856653866621,0.259982336806104,"NS",0.407389162561576,0.0291448238543379,0.0573594937558778,"NS",-0.340394088669951,0.0713475680832471,0.203066155313857,"NS",-0.216032483312314,0.103332671876477,0.166230819975203,"NS",-0.139981643438402,0.322287493556839,0.41119438833114,"NS",-0.134295227524972,0.341484430730074,0.664995996684881,"NS",-0.214553668623335,0.0112025429583029,0.0215882338258962,"NS",-0.209140363052151,0.0290717359641104,0.0471778171347406,"NS",-0.0996756556389584,0.301941779698536,0.510152455311377,"NS"
"Neopterin","AIC_int",0.743638351828271,0.567582762119975,0.0334411952873697,2.04724387474144e-05,0.029605302584941,0.0203352197297584,0.391503119100162,0.210439504943228,0.122502885130162,4.16197930579304e-05,0.0405670847511689,-0.0197044334975369,0.919656484303602,0.969360616199537,"NS",-0.224630541871921,0.240340792434898,0.347367551566063,"NS",0.130541871921182,0.4980902978806,0.644382553202174,"NS",-0.330154726383463,0.0116977735714017,0.0332936632416818,"NS",-0.337082969377744,0.0145400858635793,0.0336546144212367,"NS",-0.0478955007256894,0.735322047646948,0.865294982216323,"NS",-0.336147784441837,5.21654218255334e-05,0.000268072306603436,"SIG",-0.319384464475365,0.000711410430078294,0.00182792957728451,"SIG",-0.0805764062644796,0.404323317929487,0.599361293888274,"NS"
"Niacinamide","AIC_int",0.649875385508318,0.409428361098368,0.794079438339015,0.762914151807312,0.00693643412813677,0.000422829445140933,0.135379058725225,0.351586040508365,0.890331491471016,0.762914151807312,0.0124586438223816,-0.103448275862069,0.591966371660323,0.741734703108786,"NS",-0.15320197044335,0.425870217827837,0.51832888354046,"NS",0.354679802955665,0.0597178625007187,0.17262194629114,"NS",-0.205881448214341,0.120887722740723,0.191147253906272,"NS",-0.167516916392891,0.235217004820223,0.322334414012898,"NS",0.0455049944506104,0.748094023099165,0.865294982216323,"NS",-0.0971778779429263,0.255095385373349,0.327726710375484,"NS",-0.136651344782784,0.156515103741035,0.208311469007853,"NS",0.14924474098786,0.121306726577506,0.333272689141951,"NS"
"Nicotinic Acid","AIC_sex_geno",0.726946264104884,0.539427433429925,0.908422780099163,1.11180929262915e-05,0.119126824098178,6.06710211670778e-05,0.426388785307417,0.179514830017703,0.960332653247687,2.39168278065573e-05,0.138606682126811,0.117733990147783,0.541504295939424,0.710484359920521,"NS",0.0374384236453202,0.847091423357364,0.872679133083861,"NS",0.242857142857143,0.203513710399631,0.369118004156194,"NS",-0.143006552031745,0.283379265695875,0.374465458240978,"NS",-0.332344341008832,0.0160765874098911,0.0362703496442664,"NS",0.230342354648681,0.100414781333211,0.53459864609592,"NS",-0.161087291210951,0.0581676245668883,0.0935740047380377,"NS",-0.287356588338964,0.00244819001691768,0.00559154510036754,"SIG",0.145593550180706,0.130764326719089,0.340723949901851,"NS"
"o-Phosphoethanolamine","AIC_int",0.895294841612843,0.823388889467445,0.0404909853445443,1.64846023992258e-17,0.00532132536752568,0.00969119001379871,0.670374775990431,0.13098513413935,0.131418110328784,2.1783224598977e-16,0.010148919515384,0.0995073891625616,0.606241961568285,0.741734703108786,"NS",0.252216748768473,0.186216798205718,0.281411096663538,"NS",-0.335467980295566,0.075745357334716,0.212316531923068,"NS",-0.118090374973084,0.376309356451934,0.470386695564918,"NS",-0.143567632474335,0.309921650686117,0.398163231784248,"NS",-0.1173909331512,0.406090680754213,0.729386174170189,"NS",-0.210523023205368,0.0128622555064776,0.0237951726869835,"NS",-0.225571330757544,0.0183556790980413,0.032651929164785,"NS",-0.0238810119544064,0.805027256442233,0.884004285666308,"NS"
"Ornithine","AIC_int",0.571392537440085,0.277047653513397,0.000310280362746831,0.444186750487453,0.00214245201677191,0.0747084176213826,0.151732227722031,0.33600658290067,0.00574018671081637,0.456525271334326,0.00495442028878503,-0.196059113300493,0.306650875710332,0.48905527591734,"NS",-0.279802955665025,0.141341189363994,0.227374956802947,"NS",0.120689655172414,0.531327342021308,0.682608043569041,"NS",0.135377895352056,0.310053373535702,0.395585338648999,"NS",0.244231467554467,0.0810027882838409,0.132615184358501,"NS",-0.0440536156407411,0.755881790758447,0.865294982216323,"NS",0.232608904556033,0.00585924115220185,0.0121793214961499,"NS",0.227869627424739,0.017170228835877,0.0308397314042451,"NS",0.0633398202205542,0.512328072539599,0.68574755262226,"NS"
"Orotate","AIC_int",0.730116024486671,0.544774017206433,0.204502809524592,1.17061583443427e-07,0.026369265911112,0.00639767076972822,0.47206674944906,0.192102217570733,0.350676707681509,3.13860767203392e-07,0.0378163890973312,0.0980295566502463,0.611633091600749,0.741734703108786,"NS",0.268965517241379,0.157910143546939,0.245490559295661,"NS",-0.117733990147783,0.541504295939424,0.683284388465751,"NS",-0.174444000123043,0.189810179025954,0.270066803710515,"NS",-0.0564793273159518,0.690854723287338,0.769928456675647,"NS",-0.188081618714249,0.18129948625842,0.540974273513027,"NS",-0.116926699921533,0.170436109861758,0.238081057167575,"NS",-0.0510397939297539,0.598143983135432,0.662614592096137,"NS",-0.08912056343249,0.356209787259164,0.559169088959191,"NS"
"Oxalacetate","AIC_int",0.7031357722872,0.499265158074795,0.255981076964296,0.336946821085517,0.0114254970346445,0.00743463250172615,0.178279601809508,0.307453822304486,0.396868983815036,0.354177056254663,0.0188724727804396,-0.675369458128079,8.77517538624781e-05,0.00541135815485282,"SIG",-0.902463054187192,4.19648161852602e-07,1.46623404178895e-05,"SIG",0.382266009852217,0.0415349340947143,0.153679256150443,"NS",-0.542772770617368,1.49308143506536e-05,0.000406044234529521,"SIG",-0.563085659332883,1.38902236074116e-05,0.000123941331724201,"SIG",0.0588235294117647,0.677888820515065,0.821808924279894,"NS",-0.425704525178176,1.74720134813076e-07,3.05485985770754e-06,"SIG",-0.499652475645873,3.18306757875475e-08,3.27148612260905e-07,"SIG",0.11165786303401,0.247299332251364,0.458339135794466,"NS"
"Oxidized Glutathione","AIC_int",0.818660154169944,0.694125561250508,0.0854604528389034,2.30571430334509e-09,3.36563311107886e-09,0.00794973199796762,0.38266131611537,0.376087308577514,0.200128908546799,8.04824803997815e-09,4.78955481191992e-08,-0.20935960591133,0.274465843009522,0.453358758542514,"NS",-0.0527093596059113,0.78556446254999,0.825735372566751,"NS",0,1,1,"NS",0.0996339475222246,0.455763292731884,0.562108061035991,"NS",0.222117868499544,0.113508198645566,0.174991806245248,"NS",-0.194399385298386,0.166872521443266,0.53459864609592,"NS",0.0860042317482196,0.31408609081943,0.387372845343964,"NS",0.107714121624245,0.264914448461746,0.33567926688646,"NS",-0.0366231118524697,0.704958521204782,0.820234757376633,"NS"
"Palmitic Acid","AIC_sex_geno",0.738841028328072,0.559490891155784,0.0300148900893785,0.0461431503668832,0.149812807256451,0.0269683310956751,0.25253069185971,0.208943525814129,0.116909203064615,0.0550740826959574,0.171082526805207,-0.523152709359606,0.00405734166349293,0.0341185548975542,"NS",-0.724137931034483,1.58561159942023e-05,0.000108643757738053,"SIG",0.372906403940887,0.0471192608909811,0.156985301576227,"NS",-0.443907840905595,0.000547282126969829,0.00349128253411787,"SIG",-0.492902731058185,0.00020537403816555,0.00100719813790891,"SIG",0.13839323828225,0.326849035118345,0.662983873581327,"NS",-0.325349497687384,9.30452305384225e-05,0.000409842086895433,"SIG",-0.410871499550177,9.0893501309607e-06,4.00364231958983e-05,"SIG",0.141034195162636,0.143356692437222,0.354671540591952,"NS"
"Pantothenate","AIC_int",0.811900473863983,0.682723690854911,0.0394497996087956,1.07572776616376e-09,5.40003549385102e-06,0.0126605652715839,0.436453133395408,0.282625522328623,0.130325230850486,4.14603409875616e-09,3.70002431986089e-05,0.0724137931034483,0.708083143140498,0.818721134256201,"NS",0.267980295566502,0.15948337728765,0.245870206651794,"NS",-0.200492610837438,0.295666938631348,0.475638118667821,"NS",-0.253560552462395,0.055037295778336,0.0979028819133862,"NS",-0.440521676926157,0.0010819072433584,0.00408475183716947,"SIG",0.288226756595236,0.0386277294321406,0.510437853210429,"NS",-0.292883140387788,0.000467165064745532,0.00152463690577018,"SIG",-0.458686264285641,5.27643786085547e-07,3.75438847791639e-06,"SIG",0.217811138912056,0.0230713807229842,0.185574149293568,"NS"
"PEP","AIC_int",0.756704440996236,0.58962194866835,0.316789941502271,0.0861242602571316,0.0144959742063389,0.00553959436688057,0.227186506538556,0.287815411262407,0.452218611259576,0.0983517786886997,0.0231185795532129,0.410837438423645,0.0277106348695533,0.0915440616226313,"NS",0.778817733990148,2.34208526380503e-06,1.96948079001787e-05,"SIG",-0.666995073891625,0.000114432515622706,0.0211700153902006,"NS",0.441385462487311,0.000592450439813895,0.00359740400726326,"SIG",0.502081155376348,0.000149194918214355,0.000788601710561592,"SIG",-0.211474430120379,0.13212064215575,0.53459864609592,"NS",0.34498883982925,3.19574270310206e-05,0.000203866344853063,"SIG",0.449669156797007,9.33426808894378e-07,5.95461929811931e-06,"SIG",-0.232499304976369,0.0151544418739687,0.151175930556699,"NS"
"Phenylacetic Acid","AIC_sex",0.577531623693152,0.287402738759533,0.477484023037337,0.605900262292634,0.13311574356206,0.00338238173647556,0.168254849254995,0.256467053078729,0.596855028796671,0.615329982844614,0.152959084217274,-0.483743842364532,0.00850751651090935,0.0491840798286947,"NS",-0.76256157635468,3.81372579341546e-06,2.82215708712744e-05,"SIG",0.489655172413793,0.00765114261505057,0.0690675364854298,"NS",-0.536005413885386,1.97535033014361e-05,0.000406044234529521,"SIG",-0.527780743467205,5.80019549166553e-05,0.000412706217676201,"SIG",0.0293690770938274,0.835916139901456,0.909673446363349,"NS",-0.356531142617064,1.6479618132974e-05,0.000117258821330777,"SIG",-0.358738161238451,0.000127899028401308,0.000415110881653368,"SIG",0.0448336576776944,0.642940677830682,0.777411930710301,"NS"
"Phenylalanine","AIC_int",0.596419141763748,0.319261202974997,0.0825130322690894,0.0227323701875128,0.0024307218375787,0.0154912843327224,0.250805703988287,0.316078385411977,0.197760849188809,0.0280365898979324,0.00548394560917146,0.403448275862069,0.0308579420157985,0.0974472253562216,"NS",0.641379310344827,0.000245623849977791,0.00105675377316026,"SIG",-0.291133004926108,0.125424683243618,0.279561040964691,"NS",-0.0859146697837522,0.520352995038002,0.613154803070257,"NS",-0.0599799356605535,0.672741872533874,0.754286341931919,"NS",-0.0671903013745411,0.635101372480985,0.810301751096429,"NS",-0.173357970055448,0.0412624192639532,0.0693958869439212,"NS",-0.0723870776913858,0.454452626385921,0.53550150242927,"NS",-0.101269576498934,0.294247082610067,0.508744955914602,"NS"
"Phosphorylcholine","AIC_int",0.789990363604647,0.645766878369285,0.157182495808961,1.4771379334125e-12,0.00257486097778398,0.00583229468162759,0.56855920016187,0.179445155529127,0.299781048707813,7.80772907660894e-12,0.00567082477250043,0.127093596059113,0.509601293940038,0.685380153272014,"NS",0.433990147783251,0.0195112050151282,0.0410178741795309,"NS",-0.258620689655172,0.174998295127917,0.34050025699231,"NS",0.0723184348949522,0.588630831260183,0.676377042131266,"NS",-0.0727443490146499,0.608304546632475,0.690407000779189,"NS",0.0221975582685905,0.875670606390966,0.925708926756164,"NS",-0.0125790098132771,0.883154968970394,0.897712468458917,"NS",-0.102756102604287,0.287666577807069,0.359665178108759,"NS",0.0982022055416551,0.309171710004471,0.510152455311377,"NS"
"Phosphoserine","AIC_int",0.850640678756897,0.74806861477067,0.0542579778699058,7.66854845956059e-16,0.00310104405575147,0.009255633775737,0.637742349421365,0.149662397777265,0.156839467280196,6.75562602389861e-15,0.00651924034447753,0.172906403940887,0.368149659507112,0.558259729580457,"NS",0.222167487684729,0.24564149898306,0.349566748552816,"NS",-0.368965517241379,0.0496440556236871,0.158347418799692,"NS",0.137715709495832,0.301711922850022,0.390326613477301,"NS",0.0146427885633949,0.917939709623186,0.954038462248816,"NS",0.109365662084863,0.439102077904311,0.737233003253975,"NS",0.0424424281373023,0.619828191735588,0.67197156412864,"NS",-0.0345161529716511,0.721607753368024,0.780686750719792,"NS",0.052831062922806,0.584807896888225,0.741023704961107,"NS"
"Phosphotyrosine","AIC_geno",0.51246472003535,0.177651334999385,0.879096000598011,0.310697254035265,0.529848956435688,0.000163119814326937,0.22475776613905,0.188613624768925,0.934671035118575,0.330339034462781,0.548498799075651,-0.0472906403940887,0.807270269985858,0.89966867438183,"NS",0.198522167487685,0.300517127944827,0.400341532648313,"NS",-0.223645320197044,0.242451734189041,0.419192250700679,"NS",0.235288689286044,0.0755425216434371,0.127575151866051,"NS",0.249866593182363,0.0740233381458884,0.125635940889811,"NS",-0.081277213352685,0.565736584030085,0.781054239146013,"NS",0.145047377987236,0.088444126099997,0.130897306627996,"NS",0.243670417011708,0.0106715899487675,0.0207815172686526,"NS",-0.0408859234547308,0.672485395044159,0.802643858601093,"NS"
"Pipecolate","AIC_int",0.804624223570495,0.670450497588786,0.204719375295151,1.89868337193328e-10,0.000632940234694912,0.00509351529495887,0.507684554834859,0.220169832461184,0.350676707681509,7.98310054108312e-10,0.00185863402251681,0.038423645320197,0.843090698294561,0.922909936002922,"NS",0.197536945812808,0.302961159841966,0.400341532648313,"NS",-0.376354679802956,0.0449956421633008,0.156202928325553,"NS",0.181703528253714,0.171815075145334,0.252700117309007,"NS",0.0540459776129969,0.703547992357545,0.779379512491892,"NS",-0.00614701613591736,0.965617274347599,0.973308099801291,"NS",0.136090139915934,0.110169579543199,0.15922947043353,"NS",0.0575547235952313,0.552208179772384,0.628559664188989,"NS",0.031452136039292,0.745070566538974,0.856136986395715,"NS"
"Proline","AIC_int",0.830054965396912,0.713345724765876,0.86376674946393,9.6418382733921e-14,0.00918510233749987,8.11242514022226e-05,0.603853210859292,0.151670829924206,0.934484495034076,6.15082786406048e-13,0.0155893938755732,-0.170443349753695,0.375097564392456,0.564171133435807,"NS",-0.155665024630542,0.418390740698334,0.514423345095166,"NS",0.0541871921182266,0.779671601252766,0.857652790496813,"NS",-0.00532160324833123,0.968455875762361,0.979040092983807,"NS",0.0633951633138234,0.65524639127296,0.739149892594497,"NS",0.0282591991803978,0.842044484050378,0.910983798534035,"NS",0.0628436605715889,0.462368683511688,0.518413372422196,"NS",0.0764739681358745,0.429314486221414,0.5091229484036,"NS",0.138291168566398,0.151363969160748,0.355211351197507,"NS"
"Pseudouridine","AIC_sex_geno",0.862665086508601,0.768350748327761,0.394304582559409,1.0977001444191e-14,0.882749114376694,0.0020323265267367,0.662114696655215,0.0520855332044383,0.517349984209153,7.52127876731608e-14,0.882749114376694,-0.0571428571428571,0.767922537264907,0.866254081670779,"NS",-0.258128078817734,0.175843704452061,0.268851944823399,"NS",0.0615763546798029,0.75039517007009,0.836283773873293,"NS",-0.00199944630717647,0.98826006873477,0.993631047369198,"NS",-0.184422293276577,0.190595657948086,0.273314627991141,"NS",0.294629898403483,0.0343713521595591,0.510437853210429,"NS",-0.0291328079849592,0.733524146710878,0.766677780460523,"NS",-0.147355105470731,0.126250574352444,0.171737913641193,"NS",0.15959595959596,0.0973591726349907,0.293447237658966,"NS"
"Putrescine","AIC_int",0.905929450587433,0.841326784123382,0.071319700513695,3.30495507945844e-15,1.07608308665799e-11,0.00642491693183199,0.480188456952399,0.353393179962939,0.188510900967819,2.44566675879925e-14,3.27522706385843e-10,0.415270935960591,0.0259524840004452,0.0889112877793029,"NS",0.436945812807882,0.0186278117679956,0.0400714555474324,"NS",-0.217241379310345,0.256476970460067,0.435304949863417,"NS",0.316620012919499,0.015806109470066,0.0388495712261907,"NS",0.231723196274366,0.0983423701577097,0.155498619480139,"NS",0.211047553999829,0.13291674432833,0.53459864609592,"NS",0.306389377389788,0.000244183386083765,0.000852338234443331,"SIG",0.196703612538537,0.0403601327082273,0.0612018405821479,"NS",0.182114725233991,0.0581536634449482,0.255764071141685,"NS"
"Pyridoxamine","AIC_int",0.721347081930521,0.529983029762324,0.0725762824890762,0.00399782818544995,0.00489256138984944,0.0157693497907758,0.286973136996277,0.281450064991848,0.188510900967819,0.00552333232638039,0.00963161832700088,-0.421674876847291,0.0235761823395462,0.085521445741491,"NS",-0.785714285714286,1.98938606788042e-06,1.87302603179183e-05,"SIG",0.44679802955665,0.0159203172618884,0.0841502483842671,"NS",-0.471407917807376,0.000221948471482636,0.0019552603440137,"SIG",-0.457042840698851,0.000658980938660256,0.00265024942722059,"SIG",0.0693246819772902,0.624367317303796,0.807747927980436,"NS",-0.3906106517968,1.99532346083718e-06,1.94281494870989e-05,"SIG",-0.417279854975039,6.36182317578301e-06,2.94234321879964e-05,"SIG",-0.00922991381706978,0.924023368723954,0.979996791040324,"NS"
"Pyroglutamic Acid","AIC_int",0.86468461912549,0.771757188886369,0.0378790016561364,1.44889607906648e-16,0.0134044289667168,0.0106264072933921,0.664330251107267,0.126908264709397,0.129532577734181,1.57673985074881e-15,0.0217528013933562,0.0827586206896552,0.668483068796061,0.797866888563041,"NS",0.0625615763546798,0.746516578868799,0.793710155693838,"NS",-0.235467980295566,0.217937751487415,0.391441592477396,"NS",0.088314005352364,0.508733366475025,0.607197889018579,"NS",-0.0840999809617725,0.553339795942212,0.6478978623374,"NS",0.335353880303936,0.0154791295951323,0.490862039774034,"NS",0.103487491391007,0.225382332828946,0.297826654095393,"NS",-0.0984328953653891,0.308536761313774,0.380528672286987,"NS",0.250227041052729,0.00883617766523031,0.123924425733965,"NS"
"Pyruvate","AIC_int",0.67702067314428,0.455215593255412,0.618065840122236,0.00697818295351256,0.0416725839545205,0.00134276821063886,0.305472617383371,0.248132169693955,0.73328082776915,0.00922117033142732,0.0539120841369671,0.179802955665025,0.349107890302786,0.533759997570376,"NS",0.577832512315271,0.00125638702054545,0.00374889675485336,"SIG",-0.629556650246305,0.000341649880961955,0.0278231136281432,"NS",0.428835091820727,0.000871744305457225,0.00499721928098377,"SIG",0.532519371836117,4.83190921682778e-05,0.000372459668797141,"SIG",-0.276957227012721,0.0471782205557215,0.533124095945809,"NS",0.292621729349039,0.000472922042811592,0.00152463690577018,"SIG",0.4531166017978,7.51970985782261e-07,4.96837972748994e-06,"SIG",-0.290556945602817,0.00225929409423066,0.0696615679054453,"NS"
"Reduced Glutathione","AIC_sex_geno",0.644110941757233,0.399705202964007,0.322664090196021,0.000244119271282853,0.233382083321227,0.00502126150700476,0.385477501457489,0.174653251174744,0.452218611259576,0.00039271361032459,0.253974620084864,-0.193103448275862,0.314115481980574,0.4966783262086,"NS",0.110344827586207,0.567347400975259,0.647896723335944,"NS",-0.263546798029557,0.166703464886958,0.333238664928621,"NS",0.010489402934572,0.937691600775925,0.958414067091415,"NS",0.0864052596277297,0.542476978109706,0.643322057373689,"NS",-0.313839323828225,0.023879774907926,0.490862039774034,"NS",-0.0669100545076749,0.433855046342874,0.494265128937423,"NS",0.0237938576331626,0.806002735933279,0.847218784929867,"NS",-0.212908905569456,0.0264063585778899,0.203549014037902,"NS"
"Retinol","AIC_sex",0.58119709349549,0.293585458908055,0.873048052798117,0.429194883197639,0.0285051051466661,0.000159371785569732,0.180678423277075,0.301708517440961,0.934671035118575,0.443581303863482,0.0398829987445364,-0.419704433497537,0.0242873557346334,0.0864069386712919,"NS",-0.678325123152709,7.97461355257636e-05,0.000421515287779036,"SIG",0.458128078817734,0.0132220308400879,0.0741235062247352,"NS",-0.378018394906026,0.00364160028387355,0.0137488990309512,"NS",-0.400478132691567,0.00326207040358483,0.00957909562957449,"SIG",0.135831981558952,0.335948821746461,0.662983873581327,"NS",-0.254469123386069,0.00250298280773165,0.00601365999260203,"SIG",-0.332706244552355,0.000408135591025522,0.00114401642938972,"SIG",0.206570290056529,0.0313221522964298,0.21944752314783,"NS"
"Riboflavin","AIC_int",0.865169371685467,0.772574843806812,0.00502352212423865,4.72366319074466e-13,0.00765193875782488,0.0218183347515178,0.545242267148993,0.148238127653912,0.0416807730128492,2.64811421299322e-12,0.0134819873352153,-0.0394088669950739,0.839093852930346,0.922909936002922,"NS",0.0566502463054187,0.76987724444829,0.813870229845335,"NS",0.00246305418719212,0.990832247717225,0.996217205585254,"NS",-0.320188255559999,0.0146176972155491,0.0379578948596047,"NS",-0.28269546899942,0.0422937792601449,0.0774688035953149,"NS",-0.0973277554853581,0.491331807143779,0.758058327517858,"NS",-0.33056654705044,7.05416234302234e-05,0.000343426324594509,"SIG",-0.334022204740829,0.000385806642882305,0.00111522232708166,"SIG",-0.0451487350569919,0.640605777584268,0.777411930710301,"NS"
"Ribose-5-P","AIC_int",0.80519748482925,0.671417444290301,0.265886157138156,0.000139524048216064,0.00283836776025577,0.00556103227756483,0.350784503164085,0.275429414597262,0.399910073744382,0.000238999527036776,0.00617762394879197,0.324137931034483,0.0866619341081987,0.195517778170936,"NS",0.198029556650246,0.301737565887549,0.400341532648313,"NS",-0.0724137931034483,0.708083143140498,0.798752326103611,"NS",0.26174290196561,0.0474600958971903,0.08703001583368,"NS",0.380925954376597,0.00533616279380997,0.0143071031428238,"NS",-0.222060957910014,0.113511177892769,0.53459864609592,"NS",0.212437803207141,0.0120487222518718,0.0225152890565281,"NS",0.32402739443611,0.000587835079112995,0.00157185137768276,"SIG",-0.260874803076638,0.00628099207195728,0.11619835333121,"NS"
"Ribulose 5-Phosphate","AIC_sex_geno",0.695311172450019,0.486067037867503,0.622297783566252,0.0188663250067085,0.112290815186569,0.00139951393858045,0.292706305739826,0.227830521453791,0.73328082776915,0.0234246317197387,0.132317202608378,0.295566502463054,0.119574670347301,0.259982336806104,"NS",0.00541871921182266,0.978610584247344,0.978610584247344,"NS",0.148768472906404,0.439519913581471,0.59351229206257,"NS",0.319326955612292,0.0148972625508703,0.0379578948596047,"NS",0.329484087849218,0.0170693837687274,0.0380462168339104,"NS",0.0340647144198753,0.810100285120294,0.892074718733657,"NS",0.245755422094457,0.00354427351025967,0.00789988673973541,"SIG",0.305233258786625,0.00124932880433152,0.00312332201082879,"SIG",-0.0977666573996849,0.311330356788409,0.510152455311377,"NS"
"S-Adenosylmethionine (SAM)","AIC_int",0.775467199800716,0.621269975567473,0.915127576524271,9.31237278226335e-05,1.19834570250919e-05,4.30781369055583e-05,0.306972576525646,0.351065537858368,0.961923873051081,0.000168900878893992,6.71799863527878e-05,0.564039408866995,0.0017189019673873,0.0187056978803913,"NS",0.836945812807882,1.08797125176805e-06,1.46623404178895e-05,"SIG",-0.527586206896552,0.00371404646024812,0.0544410328673176,"NS",0.477806145990341,0.00017806527965214,0.00173379351240242,"SIG",0.530214093170159,5.2827081674052e-05,0.000390920404387985,"SIG",-0.14018611798856,0.320573199553603,0.662983873581327,"NS",0.319821883073166,0.00012409267100627,0.000510158758581332,"SIG",0.50348451464541,2.40106554641728e-08,2.61292427110116e-07,"SIG",-0.157149476415531,0.102650899174538,0.296725255426398,"NS"
"S-Methylcysteine","AIC_int",0.716400837469277,0.521639966815648,0.0471971816789875,9.69987915915439e-05,0.0405443225230006,0.0186331456528271,0.372831875466718,0.213311129085948,0.145524643510212,0.000173739099702976,0.0528218286391205,-0.529556650246305,0.00356969138355723,0.0330196452979044,"NS",-0.368965517241379,0.0496440556236871,0.0936439224103061,"NS",0.025615763546798,0.895367289979333,0.941153117307822,"NS",-0.2550985880833,0.0535421905643728,0.0961680121787278,"NS",-0.378151081908315,0.00570882658372372,0.015087613114127,"NS",0.111670793135832,0.429469146801794,0.737233003253975,"NS",-0.255630950224951,0.00238740403848206,0.00588892996158908,"SIG",-0.358047745505766,0.000132069702828367,0.000419043436059006,"SIG",0.159132610508757,0.0983444796478697,0.293447237658966,"NS"
"SAH","AIC_int",0.743178063426451,0.566806372044616,0.841093684491993,6.81388119097605e-05,6.90809384019136e-05,0.000162214563967425,0.333641164805133,0.33332903329428,0.928188763211242,0.000127330103063694,0.000304285085817953,0.631527093596059,0.00032366585457513,0.00855402615662842,"SIG",0.906896551724138,3.7644115001468e-07,1.46623404178895e-05,"SIG",-0.375862068965517,0.0452942088954507,0.156202928325553,"NS",0.301239656710449,0.0219275297816198,0.045989240149707,"NS",0.311468761978219,0.0245973545481619,0.0484096871426591,"NS",-0.148296764279006,0.293151352816345,0.662983873581327,"NS",0.213365030395864,0.0116712426487867,0.0222595864951086,"NS",0.32187737497325,0.000642379121227874,0.00167380475249516,"SIG",-0.177203224909647,0.0653568386514301,0.255764071141685,"NS"
"Sarcosine","AIC_int",0.931969806123181,0.885250275388498,2.18297099367375e-05,3.28019757763287e-19,7.44032482675674e-08,0.0353327009898595,0.594503736274118,0.215345317397206,0.000807699267659289,7.58545689827602e-18,8.60287558093748e-07,-0.0783251231527093,0.685353870493007,0.807582586249721,"NS",-0.227586206896552,0.234082532737983,0.343692607591483,"NS",0.15320197044335,0.425870217827837,0.579308752192278,"NS",-0.461687532683257,0.000307830212508798,0.00237285788808865,"SIG",-0.516382421174416,8.90196499806089e-05,0.000567883974014229,"SIG",0.095278750106719,0.500535436970032,0.765281453218643,"NS",-0.428546532368671,1.41680452684159e-07,2.91232041628549e-06,"SIG",-0.536290846104571,1.85324830483919e-09,3.2589262973606e-08,"SIG",0.205041238068761,0.0326179473428843,0.21944752314783,"NS"
"Sedoheptulose 7-Phosphate","AIC_sex_geno",0.659000473907228,0.424820076470024,0.17706596732655,0.0130655722516172,0.131990369992674,0.0103482410737638,0.297674557964765,0.215904386690066,0.324328752033779,0.0166698680451667,0.15261386530403,0.0206896551724138,0.915602691330906,0.969360616199537,"NS",0.292118226600985,0.124106599125896,0.210146043731528,"NS",-0.25320197044335,0.184458557950726,0.351802404339013,"NS",0.398812636500661,0.00208019712617342,0.00938625532541663,"SIG",0.31518282205115,0.0228510784639,0.045950538215451,"NS",0.108682660291983,0.441979396981755,0.737233003253975,"NS",0.27617964529648,0.000998474535352742,0.00288621545375402,"SIG",0.278274609573433,0.0033909305963893,0.0075269379881004,"SIG",-0.0318135483273098,0.742243225236246,0.856136986395715,"NS"
"Serine","AIC_int",0.760883817755594,0.596671499828712,0.0145709029957936,4.6978552676449e-08,0.0708237334927042,0.0239822354503497,0.48676296360564,0.165225267095586,0.0778600895954496,1.37952892780049e-07,0.0873492713076685,-0.275369458128079,0.147957507852905,0.304134877253194,"NS",-0.367487684729064,0.0506183364380033,0.0936439224103061,"NS",0.330049261083744,0.080824129020785,0.214860667219672,"NS",-0.073179734842659,0.584187827865109,0.676199981223024,"NS",-0.108305406954323,0.444707407006611,0.537718106511261,"NS",0.0619824127038333,0.66160547407696,0.821808924279894,"NS",-0.0511181466284134,0.550091724049522,0.605755767554534,"NS",-0.0939243416210722,0.331327570714527,0.40326053014597,"NS",0.00738578445000463,0.939178279846064,0.981627015658315,"NS"
"Sorbitol","AIC_int",0.787798070321889,0.642069034277886,0.00462335742981686,5.50640103537056e-08,0.00529398879790883,0.030526545045465,0.45160534414492,0.211001278111273,0.0416807730128492,1.5916940492868e-07,0.010148919515384,-0.144334975369458,0.453406922796869,0.637190199100783,"NS",-0.107389162561576,0.577840728299009,0.651832528873882,"NS",0.422167487684729,0.0234011073595904,0.111005252859596,"NS",0.0117813528561321,0.930012989759063,0.95772514119248,"NS",0.222758223684532,0.112444643924125,0.174808900218177,"NS",-0.196960642021685,0.161270474055222,0.53459864609592,"NS",0.0673077567717537,0.431121383606087,0.494265128937423,"NS",0.235255685665686,0.013797585202272,0.0255255326242031,"NS",-0.121721805208044,0.207027731577293,0.42549361181948,"NS"
"Spermidine","AIC_int",0.590355790227786,0.30903386303482,0.844393475533365,0.0777944388828464,0.00470554490091219,0.000210000991587439,0.229012021641501,0.320982659944416,0.928188763211242,0.0893911254243887,0.00946223702900821,0.183251231527094,0.339816143189293,0.52388322075016,"NS",0.237931034482759,0.213053666370455,0.317862324826888,"NS",-0.108374384236453,0.574333236494019,0.707950561161038,"NS",0.307207234919561,0.019347441733199,0.0435751428759213,"NS",0.409741937701062,0.00255691253222444,0.00807235708201127,"SIG",-0.223597711943994,0.110986487728319,0.53459864609592,"NS",0.225072670079979,0.00772462742970264,0.0155332182010325,"NS",0.465826738406907,3.31941426733784e-07,2.45636655783e-06,"SIG",-0.273199888796219,0.0041612488543707,0.0868171039272699,"NS"
"Suberic Acid","AIC_int",0.759066589323682,0.593606295244764,0.140130501623809,2.40542565743017e-11,1.23927510524373e-11,0.00494508778778026,0.395899767207849,0.40677979637723,0.27288571368847,1.14103524775534e-10,3.27522706385843e-10,-0.388177339901478,0.0382926480589752,0.110689685795475,"NS",-0.688177339901478,5.75337814295698e-05,0.000313051457778541,"SIG",0.441379310344828,0.0173654118724,0.0892389221220555,"NS",-0.337045125965117,0.00998812342158719,0.0302918497212071,"NS",-0.320732566987714,0.0204369645672555,0.0424813308420479,"NS",0.0972423802612482,0.491713509741313,0.758058327517858,"NS",-0.223609215119465,0.00814256776542755,0.0161975810387537,"NS",-0.254105425266797,0.00766987751606482,0.0154231232659999,"NS",0.104772495598184,0.277797366335813,0.494158776655052,"NS"
"Succinate","AIC_int",0.6725104664952,0.447608015775037,0.271785049227525,0.0350474887051046,0.00290735969365462,0.00629619635618651,0.243648098676607,0.318976307492153,0.402241872856737,0.042377682421205,0.00625420399216401,-0.100492610837438,0.602659239527174,0.741734703108786,"NS",-0.186206896551724,0.331973942366698,0.432501262942529,"NS",0.0886699507389162,0.646237280048976,0.751475282250563,"NS",-0.277799993847858,0.0350780528363925,0.0662187732115572,"NS",-0.0760315056309222,0.592152400623728,0.680423565934098,"NS",-0.197985144711005,0.159068947680456,0.53459864609592,"NS",-0.150134838972108,0.0777163909764681,0.117848625661038,"NS",-0.143189442761439,0.137445230578654,0.185601223774095,"NS",0.00821981280696877,0.9323212714762,0.979996791040324,"NS"
"Succinylcarnitine","AIC_int",0.775339663804529,0.621054854610048,0.876429897993206,5.87535601537785e-08,0.000202007063791089,8.50264299154265e-05,0.436738542567886,0.269311400328604,0.934671035118575,1.67221671206908e-07,0.000718678976949068,0.574384236453202,0.00136044661942443,0.0167788416395679,"NS",0.797044334975369,1.61557970581321e-06,1.75813085632614e-05,"SIG",-0.370935960591133,0.048368444269432,0.156985301576227,"NS",0.455473868774801,0.000377646879124418,0.00268710279376989,"SIG",0.571965251231385,9.44438025426988e-06,0.000109200646689995,"SIG",-0.239050627507897,0.0879446819560297,0.53459864609592,"NS",0.338916060313711,4.48165216816171e-05,0.000236887328888547,"SIG",0.532820232790601,2.46202905173252e-09,3.79562812142097e-08,"SIG",-0.277972384394403,0.00353080440486375,0.0868171039272699,"NS"
"Sucrose","AIC_int",0.756585353752507,0.589421078618686,0.0752529965340995,1.98094962057431e-09,0.000119116820036876,0.0103015396882602,0.466105444636042,0.254053666080156,0.188510900967819,7.04760922704321e-09,0.000468864078868553,-0.358620689655172,0.0567897407461308,0.140081360507123,"NS",-0.587684729064039,0.000996270220548276,0.00302147525903985,"SIG",0.172906403940887,0.368149659507112,0.533792687789264,"NS",0.0282075732873973,0.833175793924257,0.875781374295384,"NS",-0.0891801320960115,0.529539642591852,0.632031186319307,"NS",0.370784598309571,0.00712220036450121,0.439202355810908,"NS",0.0973610890982884,0.254196341337803,0.327726710375484,"NS",-0.0574527830172508,0.55291359616253,0.628559664188989,"NS",0.304596422945047,0.00134156435564098,0.0686955164500668,"NS"
"Taurine","AIC_int",0.849293346451202,0.745796006062268,0.231023318087855,1.3266140299066e-05,8.12306629460466e-06,0.00533297875385433,0.33899558743959,0.349368085577712,0.375589367688035,2.82096086819219e-05,5.0092242150062e-05,-0.502463054187192,0.00604429768339777,0.040112134323757,"NS",-0.554187192118227,0.00213381290623225,0.00580522628901422,"SIG",0.333497536945813,0.0775625523384437,0.214165256456897,"NS",-0.472330739179919,0.00021506035973579,0.0019552603440137,"SIG",-0.623962092252419,7.72766214803874e-07,2.30934839666248e-05,"SIG",0.194997011867156,0.165552769745223,0.53459864609592,"NS",-0.394411166129373,1.55317122246404e-06,1.59631486753249e-05,"SIG",-0.564023316977887,1.69851758574462e-10,5.29429638804588e-09,"SIG",0.2516726902048,0.00844254273957996,0.123924425733965,"NS"
"Thiamine","AIC_int",0.803904804906325,0.669237020323922,0.0159083368060295,8.93838513941895e-11,0.000908038456048935,0.0179581300283847,0.498460498625077,0.203314270715081,0.0817511752532071,3.93714583522025e-10,0.00247039874072137,0.264039408866995,0.165889819598599,0.329693572748529,"NS",0.655665024630542,0.000161819970728787,0.000741009868811077,"SIG",-0.555665024630542,0.0020665285049409,0.0424786414904518,"NS",0.089852040973269,0.501355614297333,0.602277848344199,"NS",0.121027129962754,0.392733016329871,0.485200839687663,"NS",-0.210535302655169,0.133876849694724,0.53459864609592,"NS",-0.00789371965724833,0.926517995551962,0.931553419440831,"NS",0.0664420885300717,0.492437228946281,0.576587894652291,"NS",-0.119988879621907,0.213603838691028,0.426135447996302,"NS"
"Threonine","AIC_int",0.876604978228305,0.791863818698346,1.61847841009217e-05,6.24851099037088e-17,6.78416696377644e-11,0.0372414674398414,0.50850138914065,0.302047812070698,0.000807699267659289,7.22484083261633e-16,1.39452320922071e-09,0.397044334975369,0.0338170774468224,0.101612665484682,"NS",0.472413793103448,0.0103778996040517,0.0234135539847507,"NS",-0.157635467980296,0.412460912532079,0.569442304615183,"NS",-0.30689962779538,0.0194737849640149,0.0435751428759213,"NS",-0.342760785351305,0.0128659556852066,0.0305154077149131,"NS",-0.079142832749936,0.576014730439635,0.783549449495091,"NS",-0.322646016004602,0.000107190493705456,0.000450687303079756,"SIG",-0.297416269920579,0.00168538878809716,0.00401000972993669,"SIG",-0.11097210638495,0.250228393055357,0.458339135794466,"NS"
"Trigonelline","AIC_int",0.703184447409929,0.499347260691446,0.370069079976703,1.50578861326244e-05,0.00492668428142583,0.00345609610136305,0.390666360049043,0.25100585341809,0.496107099968768,3.0952321494839e-05,0.00963161832700088,-0.238423645320197,0.212086002843335,0.38244861244812,"NS",-0.525615763546798,0.00386340119906497,0.009404331866145,"SIG",0.359605911330049,0.0560758467193642,0.170066092509547,"NS",-0.0527546217970408,0.693379193342958,0.768114675260163,"NS",-0.00670238426954227,0.962387949967602,0.972905851060144,"NS",0.198924272176214,0.157070472323302,0.53459864609592,"NS",0.0898650717051188,0.292773675792786,0.368456666814051,"NS",-0.0097816618234871,0.919591274416305,0.929641452278778,"NS",0.161078676675007,0.0942585679293062,0.290630584448694,"NS"
"Tryptophan","AIC_int",0.846372484494869,0.740869250955201,0.0292144210649333,4.78891713584573e-09,4.95890538456059e-12,0.0115654555274488,0.331196857984861,0.444795144037388,0.116909203064615,1.58205298237761e-08,1.83479499228742e-10,0.365024630541872,0.0522760861063649,0.136212337037711,"NS",0.631034482758621,0.000328082230493823,0.00134878250314127,"SIG",-0.24679802955665,0.19609923147991,0.359191661621617,"NS",-0.130886831339014,0.326492243977357,0.413705925587747,"NS",-0.183952699474253,0.191747084119246,0.273314627991141,"NS",-0.0189532997524118,0.893762205589944,0.932597802682132,"NS",-0.150928009217883,0.0761425196710022,0.116416249083764,"NS",-0.205947769496309,0.0316775009522007,0.0509594580535402,"NS",0.118793438976925,0.218226366292928,0.426135447996302,"NS"
"Tyrosine","AIC_int",0.724776309299078,0.535767268697241,0.0444344286567554,0.000157621468852085,0.038143610209545,0.0192994758243267,0.363512646278202,0.217011900295273,0.139328293245758,0.000267522676492071,0.0500465807713889,-0.645320197044335,0.00021937288005661,0.00855402615662842,"SIG",-0.463054187192118,0.0121751391374211,0.026814294528844,"NS",0.00640394088669951,0.974537630399399,0.996217205585254,"NS",-0.294349257128795,0.0252655878065877,0.051934819380208,"NS",-0.439795941049838,0.00110510487539212,0.00408888803895085,"SIG",0.141637496798429,0.315549527234833,0.662983873581327,"NS",-0.278364773466531,0.000906420725551401,0.00269066534686613,"SIG",-0.377425722647321,5.2167848967237e-05,0.000185597154979593,"SIG",0.189250301176907,0.0488626202564023,0.251099576317623,"NS"
"UDP-GlcNAc","AIC_int",0.755167445565631,0.587029426255281,0.228947331424164,9.30725552974414e-09,1.19112407346159e-05,0.00444758678273593,0.413830696875803,0.282063860873969,0.375589367688035,2.96869357414253e-08,6.71799863527878e-05,0.263546798029557,0.166703464886958,0.329693572748529,"NS",0.664039408866995,0.000125430920100736,0.000627154600503682,"SIG",-0.364532019704433,0.0526127821110523,0.164972282890588,"NS",0.288012550370667,0.0287059182429216,0.0571031706982849,"NS",0.32077525733338,0.0204192650813843,0.0424813308420479,"NS",-0.174421582856655,0.215540358889108,0.613461021453615,"NS",0.160164532586993,0.0596410536102878,0.0951171975681313,"NS",0.201745037485933,0.0354064562961403,0.0545849534565496,"NS",-0.154601056435919,0.108401136793837,0.308526312413229,"NS"
"UDP-Glucose","AIC_int",0.583456133385055,0.297395887637443,0.122390690092726,0.0927717123960314,0.0668612634509058,0.0142862628304172,0.241052449731656,0.253768322636764,0.257298609854027,0.105293047811447,0.0830156626739435,0.144334975369458,0.453406922796869,0.637190199100783,"NS",0.087192118226601,0.651771306875128,0.709280539834698,"NS",0.161083743842365,0.402199445049557,0.559450355896001,"NS",0.0429727152480852,0.74815942870214,0.804706362266837,"NS",0.150355397435209,0.287358462838354,0.374375462148559,"NS",-0.125074703321096,0.375885065093524,0.688502346953484,"NS",0.0416783035624994,0.626148886146749,0.673209910923955,"NS",0.13933886911136,0.148449901779157,0.199008926298145,"NS",-0.109350384579742,0.257250326210667,0.462051556786149,"NS"
"UMP","AIC_int",0.865246778659489,0.77270540978709,0.0173291462953295,6.36972591532701e-16,0.00156313535941508,0.0126896622343214,0.568915559433775,0.141014858069304,0.0866457314766475,5.89199647167748e-15,0.00385332308540402,0.19064039408867,0.320422679042146,0.500111849896548,"NS",0.397536945812808,0.0335815270118216,0.0640472422390413,"NS",-0.131034482758621,0.496456768700115,0.644382553202174,"NS",-0.158940601064321,0.232708860616199,0.316552494220564,"NS",-0.0793613525928604,0.575988020960472,0.665986149235545,"NS",-0.226158968667293,0.106875180611507,0.53459864609592,"NS",-0.186435224840015,0.027985172018219,0.0488420455034955,"NS",-0.0790317499106565,0.413995945801748,0.49412419337628,"NS",-0.138596978963951,0.150454920715659,0.355211351197507,"NS"
"Uracil","AIC_int",0.802929735247216,0.667592324513376,0.0107160334278902,9.95970785820195e-08,0.000600781576601047,0.0231698013097036,0.413612433262955,0.241075661205184,0.0708023637199885,2.70962640259906e-07,0.00181880993256984,0.212807881773399,0.266496717971432,0.444161196619054,"NS",0.522167487684729,0.00413723053405294,0.00990859936426897,"SIG",-0.303940886699507,0.109085997699437,0.258729609928152,"NS",-0.238795410501707,0.0711937950740473,0.124253321591498,"NS",-0.25558709950159,0.0674344598780361,0.116592290443333,"NS",-0.152821651156834,0.27854229536399,0.662983873581327,"NS",-0.237765628294762,0.0048258075898509,0.0102617747600278,"NS",-0.218097232926523,0.022711703115961,0.0385473860225026,"NS",-0.0013715132981188,0.988726274959761,0.994099787323673,"NS"
"Urate","AIC_int",0.799754475907401,0.662236465385978,0.062500633239064,0.00400068395532417,0.000131080542137523,0.0151048907161002,0.254993979226819,0.33682506294803,0.175191168927679,0.00552333232638039,0.000490215331983309,-0.501477832512315,0.00615669487312852,0.040112134323757,"NS",-0.892118226600985,5.25230515480858e-07,1.46623404178895e-05,"SIG",0.471428571428571,0.0105558262247341,0.0741235062247352,"NS",-0.571564797440709,4.27574387286811e-06,0.00019775315412015,"SIG",-0.572178702959714,9.35591141014016e-06,0.000109200646689995,"SIG",0.113378297618031,0.422411707128064,0.737233003253975,"NS",-0.429721764901848,1.29843816307e-07,2.91232041628549e-06,"SIG",-0.490519526591352,6.14721914723253e-08,5.65225698064921e-07,"SIG",0.0804652024835511,0.404973847221807,0.599361293888274,"NS"
"Uridine","AIC_int",0.744831827641156,0.569595853852552,0.564208750295248,0.000393789527792159,5.1901771026516e-07,0.0012325425286132,0.269565277919379,0.410419533792358,0.677783238991044,0.000628026402082322,4.80091381995273e-06,0.640394088669951,0.000252602323746969,0.00855402615662842,"SIG",0.628571428571428,0.000350965836493717,0.00140012219749355,"SIG",-0.307881773399015,0.104397947668959,0.25082623790594,"NS",0.237072810606294,0.0733042096331591,0.126740923197518,"NS",0.399538945086918,0.00334235482262904,0.00966149440916206,"SIG",-0.160505421326731,0.254861251147353,0.662983873581327,"NS",0.207421839258507,0.0142819704562586,0.0261600448951271,"NS",0.369520694191201,7.6747439609325e-05,0.000258150478685911,"SIG",-0.189611713464924,0.0484268993865611,0.251099576317623,"NS"
"Valine","AIC_int",0.816147239086173,0.689886909301978,0.00720579491691728,2.27759138791233e-10,6.77105901936436e-06,0.0217256787361637,0.462439757933502,0.275956270627048,0.0533228823851879,9.36343126141737e-10,4.47373542350859e-05,0.362068965517241,0.054322322216123,0.138545953362148,"NS",0.50295566502463,0.00598876028724423,0.0138490081642523,"NS",-0.28423645320197,0.134945059694259,0.290288791202766,"NS",-0.290042757390261,0.0275630841906569,0.0554257671225167,"NS",-0.210463404132761,0.134234375191904,0.201897230979694,"NS",-0.206864168018441,0.140911586283426,0.53459864609592,"NS",-0.291185085777114,0.000505746053494516,0.0015858138965506,"SIG",-0.154310233086579,0.109137012748358,0.151807122995836,"NS",-0.220489296636086,0.0214072259161042,0.180015308839967,"NS"
"Xanthine","AIC_int",0.876925197796489,0.792403948090463,0.0147302872207607,2.68840111576555e-13,0.0143832780985277,0.0168422996957929,0.575791979834024,0.143170267015808,0.0778600895954496,1.55423189505196e-12,0.0231185795532129,-0.129556650246305,0.501365560882175,0.682004623258841,"NS",-0.408374384236453,0.028728973971853,0.0571490342450839,"NS",0.231527093596059,0.225911576945411,0.401861939758663,"NS",-0.466547725245317,0.000261681132070972,0.00220050042877863,"SIG",-0.609874278182681,1.59152630693862e-06,2.94432366783644e-05,"SIG",0.0700076837701699,0.620948671150483,0.807747927980436,"NS",-0.453271101213027,2.10478749161415e-08,9.73464214871544e-07,"SIG",-0.585843234328338,2.204797216127e-11,1.01971871245874e-09,"SIG",0.0453248077101288,0.639302509775536,0.777411930710301,"NS"
"Xanthosine","AIC_int",0.840413505704575,0.730817961429404,0.0529773459938429,2.79461755773118e-15,0.0195031089246305,0.00959021175285298,0.624395553705601,0.126741175752672,0.155568396966047,2.15418436741778e-14,0.029944745038036,0.0748768472906404,0.698580938441201,0.812814299444165,"NS",0.0443349753694581,0.819171186578995,0.856195872978046,"NS",0.202463054187192,0.290867250120558,0.475638118667821,"NS",-0.0267310590913286,0.841801367749247,0.879848887195541,"NS",-0.00461055733191443,0.974121844863099,0.979415985324312,"NS",-0.0858021002305131,0.544236275646086,0.768577946523099,"NS",-0.00941526595970689,0.912405895608521,0.922377544740855,"NS",-0.0288584508937364,0.765795072547602,0.814207404720152,"NS",-0.0766286720415161,0.427793999497013,0.617445526011832,"NS"
"Xanthurenic Acid","AIC_int",0.953631995871792,0.921788908699408,0.847912978284864,5.53933671311543e-33,0.00690792015147886,3.64627219241252e-05,0.850047302519794,0.0561954770771156,0.928188763211242,1.02477729192635e-30,0.0124586438223816,-0.0753694581280788,0.696685865855299,0.812814299444165,"NS",-0.224630541871921,0.240340792434898,0.347367551566063,"NS",-0.0876847290640394,0.649924568432919,0.751475282250563,"NS",0.326401919468455,0.0127316515764633,0.0356872051764501,"NS",0.240517407481536,0.0858791679177522,0.139365316357756,"NS",0.0834969691795441,0.555139537777779,0.778036473400676,"NS",0.267669263701672,0.00144448085623541,0.00387288345512393,"SIG",0.24822530738238,0.00925368611746146,0.0184078702336599,"NS",0.0545176536002224,0.572863810951523,0.735970868236332,"NS"
